  0
SECTION
  2
HEADER
  9
$ACADVER
  1
AC1032
  9
$ACADMAINTVER
 90
      204
  9
$DWGCODEPAGE
  3
ANSI_1252
  9
$LASTSAVEDBY
  1
duda-
  9
$REQUIREDVERSIONS
160
                 0
  9
$INSBASE
 10
0.0
 20
0.0
 30
0.0
  9
$EXTMIN
 10
1303.809042128533
 20
-23794.66041408191
 30
0.0
  9
$EXTMAX
 10
13633.80904212858
 20
-2121.729276454806
 30
0.0
  9
$LIMMIN
 10
0.0
 20
0.0
  9
$LIMMAX
 10
12.0
 20
9.0
  9
$ORTHOMODE
 70
     0
  9
$REGENMODE
 70
     1
  9
$FILLMODE
 70
     1
  9
$QTEXTMODE
 70
     0
  9
$MIRRTEXT
 70
     0
  9
$LTSCALE
 40
1.0
  9
$ATTMODE
 70
     1
  9
$TEXTSIZE
 40
0.2
  9
$TRACEWID
 40
0.05
  9
$TEXTSTYLE
  7
Standard
  9
$CLAYER
  8
0
  9
$CELTYPE
  6
ByLayer
  9
$CECOLOR
 62
   256
  9
$CELTSCALE
 40
1.0
  9
$DISPSILH
 70
     0
  9
$DIMSCALE
 40
1.0
  9
$DIMASZ
 40
0.18
  9
$DIMEXO
 40
0.0625
  9
$DIMDLI
 40
0.38
  9
$DIMRND
 40
0.0
  9
$DIMDLE
 40
0.0
  9
$DIMEXE
 40
0.18
  9
$DIMTP
 40
0.0
  9
$DIMTM
 40
0.0
  9
$DIMTXT
 40
0.18
  9
$DIMCEN
 40
0.09
  9
$DIMTSZ
 40
0.0
  9
$DIMTOL
 70
     0
  9
$DIMLIM
 70
     0
  9
$DIMTIH
 70
     1
  9
$DIMTOH
 70
     1
  9
$DIMSE1
 70
     0
  9
$DIMSE2
 70
     0
  9
$DIMTAD
 70
     0
  9
$DIMZIN
 70
     0
  9
$DIMBLK
  1

  9
$DIMASO
 70
     1
  9
$DIMSHO
 70
     1
  9
$DIMPOST
  1

  9
$DIMAPOST
  1

  9
$DIMALT
 70
     0
  9
$DIMALTD
 70
     2
  9
$DIMALTF
 40
25.4
  9
$DIMLFAC
 40
1.0
  9
$DIMTOFL
 70
     0
  9
$DIMTVP
 40
0.0
  9
$DIMTIX
 70
     0
  9
$DIMSOXD
 70
     0
  9
$DIMSAH
 70
     0
  9
$DIMBLK1
  1

  9
$DIMBLK2
  1

  9
$DIMSTYLE
  2
Standard
  9
$DIMCLRD
 70
     0
  9
$DIMCLRE
 70
     0
  9
$DIMCLRT
 70
     0
  9
$DIMTFAC
 40
1.0
  9
$DIMGAP
 40
0.09
  9
$DIMJUST
 70
     0
  9
$DIMSD1
 70
     0
  9
$DIMSD2
 70
     0
  9
$DIMTOLJ
 70
     1
  9
$DIMTZIN
 70
     0
  9
$DIMALTZ
 70
     0
  9
$DIMALTTZ
 70
     0
  9
$DIMUPT
 70
     0
  9
$DIMDEC
 70
     4
  9
$DIMTDEC
 70
     4
  9
$DIMALTU
 70
     2
  9
$DIMALTTD
 70
     2
  9
$DIMTXSTY
  7
Standard
  9
$DIMAUNIT
 70
     0
  9
$DIMADEC
 70
     0
  9
$DIMALTRND
 40
0.0
  9
$DIMAZIN
 70
     0
  9
$DIMDSEP
 70
    46
  9
$DIMATFIT
 70
     3
  9
$DIMFRAC
 70
     0
  9
$DIMLDRBLK
  1

  9
$DIMLUNIT
 70
     2
  9
$DIMLWD
 70
    -2
  9
$DIMLWE
 70
    -2
  9
$DIMTMOVE
 70
     0
  9
$DIMFXL
 40
1.0
  9
$DIMFXLON
 70
     0
  9
$DIMJOGANG
 40
0.7853981633974483
  9
$DIMTFILL
 70
     0
  9
$DIMTFILLCLR
 70
     0
  9
$DIMARCSYM
 70
     0
  9
$DIMLTYPE
  6

  9
$DIMLTEX1
  6

  9
$DIMLTEX2
  6

  9
$DIMTXTDIRECTION
 70
     0
  9
$LUNITS
 70
     2
  9
$LUPREC
 70
     4
  9
$SKETCHINC
 40
0.1
  9
$FILLETRAD
 40
0.0
  9
$AUNITS
 70
     0
  9
$AUPREC
 70
     0
  9
$MENU
  1
.
  9
$ELEVATION
 40
0.0
  9
$PELEVATION
 40
0.0
  9
$THICKNESS
 40
0.0
  9
$LIMCHECK
 70
     0
  9
$CHAMFERA
 40
0.0
  9
$CHAMFERB
 40
0.0
  9
$CHAMFERC
 40
0.0
  9
$CHAMFERD
 40
0.0
  9
$SKPOLY
 70
     0
  9
$TDCREATE
 40
2460730.505266204
  9
$TDUCREATE
 40
2460730.630266203
  9
$TDUPDATE
 40
2460738.923726852
  9
$TDUUPDATE
 40
2460739.048726852
  9
$TDINDWG
 40
0.0184837963
  9
$TDUSRTIMER
 40
0.0184837963
  9
$USRTIMER
 70
     1
  9
$ANGBASE
 50
0.0
  9
$ANGDIR
 70
     0
  9
$PDMODE
 70
     0
  9
$PDSIZE
 40
0.0
  9
$PLINEWID
 40
0.0
  9
$SPLFRAME
 70
     0
  9
$SPLINETYPE
 70
     6
  9
$SPLINESEGS
 70
     8
  9
$HANDSEED
  5
48D
  9
$SURFTAB1
 70
     6
  9
$SURFTAB2
 70
     6
  9
$SURFTYPE
 70
     6
  9
$SURFU
 70
     6
  9
$SURFV
 70
     6
  9
$UCSBASE
  2

  9
$UCSNAME
  2

  9
$UCSORG
 10
0.0
 20
0.0
 30
0.0
  9
$UCSXDIR
 10
1.0
 20
0.0
 30
0.0
  9
$UCSYDIR
 10
0.0
 20
1.0
 30
0.0
  9
$UCSORTHOREF
  2

  9
$UCSORTHOVIEW
 70
     0
  9
$UCSORGTOP
 10
0.0
 20
0.0
 30
0.0
  9
$UCSORGBOTTOM
 10
0.0
 20
0.0
 30
0.0
  9
$UCSORGLEFT
 10
0.0
 20
0.0
 30
0.0
  9
$UCSORGRIGHT
 10
0.0
 20
0.0
 30
0.0
  9
$UCSORGFRONT
 10
0.0
 20
0.0
 30
0.0
  9
$UCSORGBACK
 10
0.0
 20
0.0
 30
0.0
  9
$PUCSBASE
  2

  9
$PUCSNAME
  2

  9
$PUCSORG
 10
0.0
 20
0.0
 30
0.0
  9
$PUCSXDIR
 10
1.0
 20
0.0
 30
0.0
  9
$PUCSYDIR
 10
0.0
 20
1.0
 30
0.0
  9
$PUCSORTHOREF
  2

  9
$PUCSORTHOVIEW
 70
     0
  9
$PUCSORGTOP
 10
0.0
 20
0.0
 30
0.0
  9
$PUCSORGBOTTOM
 10
0.0
 20
0.0
 30
0.0
  9
$PUCSORGLEFT
 10
0.0
 20
0.0
 30
0.0
  9
$PUCSORGRIGHT
 10
0.0
 20
0.0
 30
0.0
  9
$PUCSORGFRONT
 10
0.0
 20
0.0
 30
0.0
  9
$PUCSORGBACK
 10
0.0
 20
0.0
 30
0.0
  9
$USERI1
 70
     0
  9
$USERI2
 70
     0
  9
$USERI3
 70
     0
  9
$USERI4
 70
     0
  9
$USERI5
 70
     0
  9
$USERR1
 40
0.0
  9
$USERR2
 40
0.0
  9
$USERR3
 40
0.0
  9
$USERR4
 40
0.0
  9
$USERR5
 40
0.0
  9
$WORLDVIEW
 70
     1
  9
$SHADEDGE
 70
     3
  9
$SHADEDIF
 70
    70
  9
$TILEMODE
 70
     1
  9
$MAXACTVP
 70
    64
  9
$PINSBASE
 10
0.0
 20
0.0
 30
0.0
  9
$PLIMCHECK
 70
     0
  9
$PEXTMIN
 10
64.29285070883699
 20
59.49999999998593
 30
0.0
  9
$PEXTMAX
 10
274.292850708837
 20
356.4999999999859
 30
0.0
  9
$PLIMMIN
 10
64.27901684485153
 20
59.47287840171589
  9
$PLIMMAX
 10
484.5984757423225
 20
356.6684553999278
  9
$UNITMODE
 70
     0
  9
$VISRETAIN
 70
     1
  9
$PLINEGEN
 70
     0
  9
$PSLTSCALE
 70
     0
  9
$TREEDEPTH
 70
  3020
  9
$CMLSTYLE
  2
Standard
  9
$CMLJUST
 70
     0
  9
$CMLSCALE
 40
1.0
  9
$PROXYGRAPHICS
 70
     1
  9
$MEASUREMENT
 70
     1
  9
$CELWEIGHT
370
    -1
  9
$ENDCAPS
280
     0
  9
$JOINSTYLE
280
     0
  9
$LWDISPLAY
290
     0
  9
$INSUNITS
 70
     4
  9
$HYPERLINKBASE
  1

  9
$STYLESHEET
  1

  9
$XEDIT
290
     1
  9
$CEPSNTYPE
380
     0
  9
$PSTYLEMODE
290
     1
  9
$FINGERPRINTGUID
  2
{AEFEC8BA-14ED-E14E-B94F-B183CB6E625F}
  9
$VERSIONGUID
  2
{9431E9FF-0D53-1F43-ADBE-184C895F1D5B}
  9
$EXTNAMES
290
     1
  9
$PSVPSCALE
 40
0.0
  9
$OLESTARTUP
290
     0
  9
$SORTENTS
280
   127
  9
$INDEXCTL
280
     0
  9
$HIDETEXT
280
     1
  9
$XCLIPFRAME
280
     2
  9
$HALOGAP
280
     0
  9
$OBSCOLOR
 70
   257
  9
$OBSLTYPE
280
     0
  9
$INTERSECTIONDISPLAY
280
     0
  9
$INTERSECTIONCOLOR
 70
   257
  9
$DIMASSOC
280
     2
  9
$PROJECTNAME
  1

  9
$CAMERADISPLAY
290
     0
  9
$LENSLENGTH
 40
50.0
  9
$CAMERAHEIGHT
 40
0.0
  9
$STEPSPERSEC
 40
2.0
  9
$STEPSIZE
 40
6.0
  9
$3DDWFPREC
 40
2.0
  9
$PSOLWIDTH
 40
0.25
  9
$PSOLHEIGHT
 40
4.0
  9
$LOFTANG1
 40
1.570796326794896
  9
$LOFTANG2
 40
1.570796326794896
  9
$LOFTMAG1
 40
0.0
  9
$LOFTMAG2
 40
0.0
  9
$LOFTPARAM
 70
     7
  9
$LOFTNORMALS
280
     1
  9
$LATITUDE
 40
0.0
  9
$LONGITUDE
 40
0.0
  9
$NORTHDIRECTION
 40
0.0
  9
$TIMEZONE
 70
     0
  9
$LIGHTGLYPHDISPLAY
280
     1
  9
$TILEMODELIGHTSYNCH
280
     1
  9
$CMATERIAL
347
11
  9
$SOLIDHIST
280
     0
  9
$SHOWHIST
280
     1
  9
$DWFFRAME
280
     2
  9
$DGNFRAME
280
     0
  9
$REALWORLDSCALE
290
     1
  9
$INTERFERECOLOR
 62
     1
  9
$INTERFEREOBJVS
345
33
  9
$INTERFEREVPVS
346
30
  9
$CSHADOW
280
     0
  9
$SHADOWPLANELOCATION
 40
0.0
  0
ENDSEC
  0
SECTION
  2
CLASSES
  0
CLASS
  1
ACDBDICTIONARYWDFLT
  2
AcDbDictionaryWithDefault
  3
ObjectDBX Classes
 90
        0
 91
        1
280
     0
281
     0
  0
CLASS
  1
MATERIAL
  2
AcDbMaterial
  3
ObjectDBX Classes
 90
     1153
 91
        3
280
     0
281
     0
  0
CLASS
  1
VISUALSTYLE
  2
AcDbVisualStyle
  3
ObjectDBX Classes
 90
     4095
 91
       24
280
     0
281
     0
  0
CLASS
  1
SCALE
  2
AcDbScale
  3
ObjectDBX Classes
 90
     1153
 91
       17
280
     0
281
     0
  0
CLASS
  1
TABLESTYLE
  2
AcDbTableStyle
  3
ObjectDBX Classes
 90
     4095
 91
        1
280
     0
281
     0
  0
CLASS
  1
MLEADERSTYLE
  2
AcDbMLeaderStyle
  3
ACDB_MLEADERSTYLE_CLASS
 90
     4095
 91
        1
280
     0
281
     0
  0
CLASS
  1
ACDBSECTIONVIEWSTYLE
  2
AcDbSectionViewStyle
  3
ObjectDBX Classes
 90
     1025
 91
        2
280
     0
281
     0
  0
CLASS
  1
ACDBDETAILVIEWSTYLE
  2
AcDbDetailViewStyle
  3
ObjectDBX Classes
 90
     1025
 91
        2
280
     0
281
     0
  0
CLASS
  1
RASTERVARIABLES
  2
AcDbRasterVariables
  3
ISM
 90
        0
 91
        1
280
     0
281
     0
  0
CLASS
  1
DICTIONARYVAR
  2
AcDbDictionaryVar
  3
ObjectDBX Classes
 90
        0
 91
        5
280
     0
281
     0
  0
CLASS
  1
SORTENTSTABLE
  2
AcDbSortentsTable
  3
ObjectDBX Classes
 90
        0
 91
        1
280
     0
281
     0
  0
CLASS
  1
SUN
  2
AcDbSun
  3
SCENEOE
 90
     1153
 91
        1
280
     0
281
     0
  0
CLASS
  1
RAPIDRTRENDERSETTINGS
  2
AcDbRapidRTRenderSettings
  3
ObjectDBX Classes
 90
     1024
 91
        7
280
     0
281
     0
  0
CLASS
  1
CELLSTYLEMAP
  2
AcDbCellStyleMap
  3
ObjectDBX Classes
 90
     1152
 91
        1
280
     0
281
     0
  0
ENDSEC
  0
SECTION
  2
TABLES
  0
TABLE
  2
VPORT
  5
8
330
0
100
AcDbSymbolTable
 70
     1
  0
VPORT
  5
57
330
8
100
AcDbSymbolTableRecord
100
AcDbViewportTableRecord
  2
*Active
 70
     0
 10
0.0
 20
0.0
 11
1.0
 21
1.0
 12
12955.80155924327
 22
-13857.89460249301
 13
0.0
 23
0.0
 14
1.0
 24
1.0
 15
0.0
 25
0.0
 16
0.0
 26
0.0
 36
1.0
 17
0.0
 27
0.0
 37
0.0
 40
44809.29791002948
 41
2.159362549800796
 42
50.0
 43
0.0
 44
0.0
 50
0.0
 51
0.0
 71
     0
 72
  1000
 73
     1
 74
     1
 75
     0
 76
     0
 77
     0
 78
     0
281
     0
 65
     1
110
0.0
120
0.0
130
0.0
111
1.0
121
0.0
131
0.0
112
0.0
122
1.0
132
0.0
 79
     0
146
0.0
348
2F
 60
     3
 61
     5
292
     1
282
     1
141
0.0
142
0.0
 63
   250
421
  3355443
361
286
1001
ACAD_NAV_VCDISPLAY
1070
     3
  0
ENDTAB
  0
TABLE
  2
LTYPE
  5
5
330
0
100
AcDbSymbolTable
 70
     1
  0
LTYPE
  5
5B
330
5
100
AcDbSymbolTableRecord
100
AcDbLinetypeTableRecord
  2
ByBlock
 70
     0
  3

 72
    65
 73
     0
 40
0.0
  0
LTYPE
  5
5C
330
5
100
AcDbSymbolTableRecord
100
AcDbLinetypeTableRecord
  2
ByLayer
 70
     0
  3

 72
    65
 73
     0
 40
0.0
  0
LTYPE
  5
5D
330
5
100
AcDbSymbolTableRecord
100
AcDbLinetypeTableRecord
  2
Continuous
 70
     0
  3
Solid line
 72
    65
 73
     0
 40
0.0
  0
ENDTAB
  0
TABLE
  2
LAYER
  5
2
102
{ACAD_XDICTIONARY
360
2A3
102
}
330
0
100
AcDbSymbolTable
 70
     6
  0
LAYER
  5
54
330
2
100
AcDbSymbolTableRecord
100
AcDbLayerTableRecord
  2
0
 70
     0
 62
   250
  6
Continuous
370
    25
390
F
347
21
348
0
  0
LAYER
  5
15E
330
2
100
AcDbSymbolTableRecord
100
AcDbLayerTableRecord
  2
A-PIL-___-___-EXI
 70
     0
 62
   250
  6
Continuous
370
    25
390
F
347
21
348
0
  0
LAYER
  5
16B
330
2
100
AcDbSymbolTableRecord
100
AcDbLayerTableRecord
  2
A-POR-___-___-EXI
 70
     0
 62
   250
  6
Continuous
370
    25
390
F
347
21
348
0
  0
LAYER
  5
26F
330
2
100
AcDbSymbolTableRecord
100
AcDbLayerTableRecord
  2
A-JAN-___-___-EXI
 70
     0
 62
   250
  6
Continuous
370
    25
390
F
347
21
348
0
  0
LAYER
  5
275
330
2
100
AcDbSymbolTableRecord
100
AcDbLayerTableRecord
  2
A-PIS-___-___-EXI
 70
     0
 62
   250
  6
Continuous
370
    25
390
F
347
21
348
0
  0
LAYER
  5
277
330
2
100
AcDbSymbolTableRecord
100
AcDbLayerTableRecord
  2
A-ALV-___-___-EXI
 70
     0
 62
   250
  6
Continuous
370
    25
390
F
347
21
348
0
  0
ENDTAB
  0
TABLE
  2
STYLE
  5
3
330
0
100
AcDbSymbolTable
 70
     2
  0
STYLE
  5
55
330
3
100
AcDbSymbolTableRecord
100
AcDbTextStyleTableRecord
  2
Standard
 70
     0
 40
0.0
 41
1.0
 50
0.0
 71
     0
 42
0.2
  3
txt
  4

  0
STYLE
  5
5A
330
3
100
AcDbSymbolTableRecord
100
AcDbTextStyleTableRecord
  2
Annotative
 70
     0
 40
0.0
 41
1.0
 50
0.0
 71
     0
 42
0.2
  3
txt
  4

1001
AcadAnnotative
1000
AnnotativeData
1002
{
1070
     1
1070
     1
1002
}
  0
ENDTAB
  0
TABLE
  2
VIEW
  5
6
330
0
100
AcDbSymbolTable
 70
     0
  0
ENDTAB
  0
TABLE
  2
UCS
  5
7
330
0
100
AcDbSymbolTable
 70
     0
  0
ENDTAB
  0
TABLE
  2
APPID
  5
9
330
0
100
AcDbSymbolTable
 70
     6
  0
APPID
  5
56
330
9
100
AcDbSymbolTableRecord
100
AcDbRegAppTableRecord
  2
ACAD
 70
     0
  0
APPID
  5
5E
330
9
100
AcDbSymbolTableRecord
100
AcDbRegAppTableRecord
  2
AcadAnnotative
 70
     0
  0
APPID
  5
78
330
9
100
AcDbSymbolTableRecord
100
AcDbRegAppTableRecord
  2
REVIT
 70
     0
  0
APPID
  5
296
330
9
100
AcDbSymbolTableRecord
100
AcDbRegAppTableRecord
  2
ACAD_PSEXT
 70
     0
  0
APPID
  5
2D2
330
9
100
AcDbSymbolTableRecord
100
AcDbRegAppTableRecord
  2
ACAD_NAV_VCDISPLAY
 70
     0
  0
APPID
  5
2E8
330
9
100
AcDbSymbolTableRecord
100
AcDbRegAppTableRecord
  2
ACAD_EXEMPT_FROM_CAD_STANDARDS
 70
     0
  0
ENDTAB
  0
TABLE
  2
DIMSTYLE
  5
A
330
0
100
AcDbSymbolTable
 70
     2
100
AcDbDimStyleTable
 71
     0
  0
DIMSTYLE
105
58
330
A
100
AcDbSymbolTableRecord
100
AcDbDimStyleTableRecord
  2
Standard
 70
     0
340
55
  0
DIMSTYLE
105
59
330
A
100
AcDbSymbolTableRecord
100
AcDbDimStyleTableRecord
  2
Annotative
 70
     0
340
55
1001
AcadAnnotative
1000
AnnotativeData
1002
{
1070
     1
1070
     1
1002
}
  0
ENDTAB
  0
TABLE
  2
BLOCK_RECORD
  5
1
330
0
100
AcDbSymbolTable
 70
     8
  0
BLOCK_RECORD
  5
70
102
{ACAD_XDICTIONARY
360
284
102
}
330
1
100
AcDbSymbolTableRecord
100
AcDbBlockTableRecord
  2
*Model_Space
340
73
 70
     0
280
     1
281
     0
  0
BLOCK_RECORD
  5
6C
330
1
100
AcDbSymbolTableRecord
100
AcDbBlockTableRecord
  2
*Paper_Space
340
6F
 70
     0
280
     1
281
     0
  0
BLOCK_RECORD
  5
15D
330
1
100
AcDbSymbolTableRecord
100
AcDbBlockTableRecord
  2
porta multiplas_original - Simples - 80 cm-22452103-Planta baixa - Térreo_
340
0
 70
     0
280
     1
281
     0
  0
BLOCK_RECORD
  5
170
330
1
100
AcDbSymbolTableRecord
100
AcDbBlockTableRecord
  2
porta multiplas_original - Simples - 80 cm-22452102-Planta baixa - Térreo_
340
0
 70
     0
280
     1
281
     0
  0
BLOCK_RECORD
  5
181
330
1
100
AcDbSymbolTableRecord
100
AcDbBlockTableRecord
  2
porta multiplas_original - Simples - 90 cm-22476424-Planta baixa - Térreo_
340
0
 70
     0
280
     1
281
     0
  0
BLOCK_RECORD
  5
1E5
330
1
100
AcDbSymbolTableRecord
100
AcDbBlockTableRecord
  2
porta multiplas_original - Simples - 90 cm-22477408-Planta baixa - Térreo_
340
0
 70
     0
280
     1
281
     0
  0
BLOCK_RECORD
  5
1F6
330
1
100
AcDbSymbolTableRecord
100
AcDbBlockTableRecord
  2
porta multiplas_original - Simples - 90 cm-22477832-Planta baixa - Térreo_
340
0
 70
     0
280
     1
281
     0
  0
BLOCK_RECORD
  5
207
330
1
100
AcDbSymbolTableRecord
100
AcDbBlockTableRecord
  2
porta multiplas_original - Simples - 90 cm-22477865-Planta baixa - Térreo_
340
0
 70
     0
280
     1
281
     0
  0
BLOCK_RECORD
  5
219
330
1
100
AcDbSymbolTableRecord
100
AcDbBlockTableRecord
  2
porta multiplas - Simples - 90 cm-22478333-Planta baixa - Térreo_
340
0
 70
     0
280
     1
281
     0
  0
BLOCK_RECORD
  5
276
330
1
100
AcDbSymbolTableRecord
100
AcDbBlockTableRecord
  2
SVG - A4-22515427-Não nomeada
340
0
102
{BLKREFS
331
27E
102
}
 70
     0
280
     1
281
     0
  0
ENDTAB
  0
ENDSEC
  0
SECTION
  2
BLOCKS
  0
BLOCK
  5
71
330
70
100
AcDbEntity
  8
0
100
AcDbBlockBegin
  2
*Model_Space
 70
     0
 10
0.0
 20
0.0
 30
0.0
  3
*Model_Space
  1

  0
ENDBLK
  5
72
330
70
100
AcDbEntity
  8
0
100
AcDbBlockEnd
  0
BLOCK
  5
6D
330
6C
100
AcDbEntity
 67
     1
  8
0
100
AcDbBlockBegin
  2
*Paper_Space
 70
     0
 10
0.0
 20
0.0
 30
0.0
  3
*Paper_Space
  1

  0
ENDBLK
  5
6E
330
6C
100
AcDbEntity
 67
     1
  8
0
100
AcDbBlockEnd
  0
BLOCK
  5
16D
330
15D
100
AcDbEntity
  8
0
100
AcDbBlockBegin
  2
porta multiplas_original - Simples - 80 cm-22452103-Planta baixa - Térreo_
 70
     0
 10
0.0
 20
0.0
 30
0.0
  3
porta multiplas_original - Simples - 80 cm-22452103-Planta baixa - Térreo_
  1

  0
LINE
  5
15F
330
15D
100
AcDbEntity
  8
A-PIL-___-___-EXI
100
AcDbLine
 10
429.9999999999932
 20
-109.9999999999996
 30
0.0
 11
429.9999999999932
 21
110.0000000009617
 31
0.0
1001
REVIT
1002
{
1070
     1
1000
22423829
1002
}
1002
{
1070
     5
1000
22369145
1002
}
  0
LINE
  5
160
330
15D
100
AcDbEntity
  8
A-PIL-___-___-EXI
100
AcDbLine
 10
429.9999999999932
 20
110.0000000009617
 30
0.0
 11
399.9999999999914
 21
110.0000000009616
 31
0.0
1001
REVIT
1002
{
1070
     1
1000
22423829
1002
}
1002
{
1070
     5
1000
22369145
1002
}
  0
LINE
  5
161
330
15D
100
AcDbEntity
  8
A-PIL-___-___-EXI
100
AcDbLine
 10
399.9999999999914
 20
110.0000000009616
 30
0.0
 11
399.9999999999914
 21
-109.9999999999997
 31
0.0
1001
REVIT
1002
{
1070
     1
1000
22423829
1002
}
1002
{
1070
     5
1000
22369145
1002
}
  0
LINE
  5
162
330
15D
100
AcDbEntity
  8
A-PIL-___-___-EXI
100
AcDbLine
 10
399.9999999999914
 20
-109.9999999999997
 30
0.0
 11
429.9999999999932
 21
-109.9999999999996
 31
0.0
1001
REVIT
1002
{
1070
     1
1000
22423829
1002
}
1002
{
1070
     5
1000
22369145
1002
}
  0
LINE
  5
163
330
15D
100
AcDbEntity
  8
A-PIL-___-___-EXI
100
AcDbLine
 10
-430.0000000000061
 20
-109.999999999999
 30
0.0
 11
-400.0000000000087
 21
-109.999999999999
 31
0.0
1001
REVIT
1002
{
1070
     1
1000
22423829
1002
}
1002
{
1070
     5
1000
22369145
1002
}
  0
LINE
  5
164
330
15D
100
AcDbEntity
  8
A-PIL-___-___-EXI
100
AcDbLine
 10
-400.0000000000087
 20
-109.999999999999
 30
0.0
 11
-400.0000000000087
 21
110.0000000009624
 31
0.0
1001
REVIT
1002
{
1070
     1
1000
22423829
1002
}
1002
{
1070
     5
1000
22369145
1002
}
  0
LINE
  5
165
330
15D
100
AcDbEntity
  8
A-PIL-___-___-EXI
100
AcDbLine
 10
-400.0000000000087
 20
110.0000000009624
 30
0.0
 11
-430.0000000000061
 21
110.0000000009623
 31
0.0
1001
REVIT
1002
{
1070
     1
1000
22423829
1002
}
1002
{
1070
     5
1000
22369145
1002
}
  0
LINE
  5
166
330
15D
100
AcDbEntity
  8
A-PIL-___-___-EXI
100
AcDbLine
 10
-430.0000000000061
 20
110.0000000009623
 30
0.0
 11
-430.0000000000061
 21
-109.999999999999
 31
0.0
1001
REVIT
1002
{
1070
     1
1000
22423829
1002
}
1002
{
1070
     5
1000
22369145
1002
}
  0
LINE
  5
167
330
15D
100
AcDbEntity
  8
A-PIL-___-___-EXI
100
AcDbLine
 10
-368.0000000000116
 20
906.0000000009646
 30
0.0
 11
-398.0000000000135
 21
906.0000000009646
 31
0.0
1001
REVIT
1002
{
1070
     1
1000
22423829
1002
}
1002
{
1070
     5
1000
22369145
1002
}
  0
LINE
  5
168
330
15D
100
AcDbEntity
  8
A-PIL-___-___-EXI
100
AcDbLine
 10
-398.0000000000135
 20
906.0000000009646
 30
0.0
 11
-398.0000000000091
 21
110.0000000009645
 31
0.0
1001
REVIT
1002
{
1070
     1
1000
22423829
1002
}
1002
{
1070
     5
1000
22369145
1002
}
  0
LINE
  5
169
330
15D
100
AcDbEntity
  8
A-PIL-___-___-EXI
100
AcDbLine
 10
-398.0000000000091
 20
110.0000000009645
 30
0.0
 11
-368.0000000000073
 21
110.0000000009646
 31
0.0
1001
REVIT
1002
{
1070
     1
1000
22423829
1002
}
1002
{
1070
     5
1000
22369145
1002
}
  0
LINE
  5
16A
330
15D
100
AcDbEntity
  8
A-PIL-___-___-EXI
100
AcDbLine
 10
-368.0000000000073
 20
110.0000000009646
 30
0.0
 11
-368.0000000000116
 21
906.0000000009646
 31
0.0
1001
REVIT
1002
{
1070
     1
1000
22423829
1002
}
1002
{
1070
     5
1000
22369145
1002
}
  0
ARC
  5
16C
330
15D
100
AcDbEntity
  8
A-POR-___-___-EXI
100
AcDbCircle
 10
-398.0000000000091
 20
110.0000000009645
 30
0.0
 40
795.9999999999978
100
AcDbArc
 50
0.0000000000001209
 51
90.00000000000012
1001
REVIT
1002
{
1070
     1
1000
22423829
1002
}
1002
{
1070
     5
1000
22369145
1002
}
1002
{
1070
     3
1000
-2000027
1002
}
  0
ENDBLK
  5
16E
330
15D
100
AcDbEntity
  8
0
100
AcDbBlockEnd
  0
BLOCK
  5
17E
330
170
100
AcDbEntity
  8
0
100
AcDbBlockBegin
  2
porta multiplas_original - Simples - 80 cm-22452102-Planta baixa - Térreo_
 70
     0
 10
0.0
 20
0.0
 30
0.0
  3
porta multiplas_original - Simples - 80 cm-22452102-Planta baixa - Térreo_
  1

  0
LINE
  5
171
330
170
100
AcDbEntity
  8
A-PIL-___-___-EXI
100
AcDbLine
 10
399.9999999999914
 20
110.0
 30
0.0
 11
429.9999999999932
 21
110.0000000000001
 31
0.0
1001
REVIT
1002
{
1070
     1
1000
22423925
1002
}
1002
{
1070
     5
1000
22369145
1002
}
  0
LINE
  5
172
330
170
100
AcDbEntity
  8
A-PIL-___-___-EXI
100
AcDbLine
 10
399.9999999999914
 20
-110.0000000009613
 30
0.0
 11
399.9999999999914
 21
110.0
 31
0.0
1001
REVIT
1002
{
1070
     1
1000
22423925
1002
}
1002
{
1070
     5
1000
22369145
1002
}
  0
LINE
  5
173
330
170
100
AcDbEntity
  8
A-PIL-___-___-EXI
100
AcDbLine
 10
429.9999999999932
 20
-110.0000000009612
 30
0.0
 11
399.9999999999914
 21
-110.0000000009613
 31
0.0
1001
REVIT
1002
{
1070
     1
1000
22423925
1002
}
1002
{
1070
     5
1000
22369145
1002
}
  0
LINE
  5
174
330
170
100
AcDbEntity
  8
A-PIL-___-___-EXI
100
AcDbLine
 10
429.9999999999932
 20
110.0000000000001
 30
0.0
 11
429.9999999999932
 21
-110.0000000009612
 31
0.0
1001
REVIT
1002
{
1070
     1
1000
22423925
1002
}
1002
{
1070
     5
1000
22369145
1002
}
  0
LINE
  5
175
330
170
100
AcDbEntity
  8
A-PIL-___-___-EXI
100
AcDbLine
 10
-430.0000000000061
 20
-110.0000000009606
 30
0.0
 11
-430.0000000000061
 21
110.0000000000007
 31
0.0
1001
REVIT
1002
{
1070
     1
1000
22423925
1002
}
1002
{
1070
     5
1000
22369145
1002
}
  0
LINE
  5
176
330
170
100
AcDbEntity
  8
A-PIL-___-___-EXI
100
AcDbLine
 10
-400.0000000000087
 20
-110.0000000009605
 30
0.0
 11
-430.0000000000061
 21
-110.0000000009606
 31
0.0
1001
REVIT
1002
{
1070
     1
1000
22423925
1002
}
1002
{
1070
     5
1000
22369145
1002
}
  0
LINE
  5
177
330
170
100
AcDbEntity
  8
A-PIL-___-___-EXI
100
AcDbLine
 10
-400.0000000000087
 20
110.0000000000008
 30
0.0
 11
-400.0000000000087
 21
-110.0000000009605
 31
0.0
1001
REVIT
1002
{
1070
     1
1000
22423925
1002
}
1002
{
1070
     5
1000
22369145
1002
}
  0
LINE
  5
178
330
170
100
AcDbEntity
  8
A-PIL-___-___-EXI
100
AcDbLine
 10
-430.0000000000061
 20
110.0000000000007
 30
0.0
 11
-400.0000000000087
 21
110.0000000000008
 31
0.0
1001
REVIT
1002
{
1070
     1
1000
22423925
1002
}
1002
{
1070
     5
1000
22369145
1002
}
  0
LINE
  5
179
330
170
100
AcDbEntity
  8
A-PIL-___-___-EXI
100
AcDbLine
 10
-368.0000000000073
 20
-110.0000000009627
 30
0.0
 11
-368.0000000000073
 21
-906.0000000009626
 31
0.0
1001
REVIT
1002
{
1070
     1
1000
22423925
1002
}
1002
{
1070
     5
1000
22369145
1002
}
  0
LINE
  5
17A
330
170
100
AcDbEntity
  8
A-PIL-___-___-EXI
100
AcDbLine
 10
-398.0000000000091
 20
-110.0000000009627
 30
0.0
 11
-368.0000000000073
 21
-110.0000000009627
 31
0.0
1001
REVIT
1002
{
1070
     1
1000
22423925
1002
}
1002
{
1070
     5
1000
22369145
1002
}
  0
LINE
  5
17B
330
170
100
AcDbEntity
  8
A-PIL-___-___-EXI
100
AcDbLine
 10
-398.0000000000091
 20
-906.0000000009626
 30
0.0
 11
-398.0000000000091
 21
-110.0000000009627
 31
0.0
1001
REVIT
1002
{
1070
     1
1000
22423925
1002
}
1002
{
1070
     5
1000
22369145
1002
}
  0
LINE
  5
17C
330
170
100
AcDbEntity
  8
A-PIL-___-___-EXI
100
AcDbLine
 10
-368.0000000000073
 20
-906.0000000009626
 30
0.0
 11
-398.0000000000091
 21
-906.0000000009626
 31
0.0
1001
REVIT
1002
{
1070
     1
1000
22423925
1002
}
1002
{
1070
     5
1000
22369145
1002
}
  0
ARC
  5
17D
330
170
100
AcDbEntity
  8
A-POR-___-___-EXI
100
AcDbCircle
 10
-398.0000000000091
 20
-110.0000000009627
 30
0.0
 40
795.9999999999996
100
AcDbArc
 50
269.9999999999996
 51
359.9999999999996
1001
REVIT
1002
{
1070
     1
1000
22423925
1002
}
1002
{
1070
     5
1000
22369145
1002
}
1002
{
1070
     3
1000
-2000027
1002
}
  0
ENDBLK
  5
17F
330
170
100
AcDbEntity
  8
0
100
AcDbBlockEnd
  0
BLOCK
  5
18F
330
181
100
AcDbEntity
  8
0
100
AcDbBlockBegin
  2
porta multiplas_original - Simples - 90 cm-22476424-Planta baixa - Térreo_
 70
     0
 10
0.0
 20
0.0
 30
0.0
  3
porta multiplas_original - Simples - 90 cm-22476424-Planta baixa - Térreo_
  1

  0
LINE
  5
182
330
181
100
AcDbEntity
  8
A-PIL-___-___-EXI
100
AcDbLine
 10
479.9999999999903
 20
-249.9999999999992
 30
0.0
 11
479.9999999999903
 21
250.0000000009624
 31
0.0
1001
REVIT
1002
{
1070
     1
1000
22424017
1002
}
1002
{
1070
     5
1000
22369137
1002
}
  0
LINE
  5
183
330
181
100
AcDbEntity
  8
A-PIL-___-___-EXI
100
AcDbLine
 10
479.9999999999903
 20
250.0000000009624
 30
0.0
 11
449.9999999999928
 21
250.0000000009624
 31
0.0
1001
REVIT
1002
{
1070
     1
1000
22424017
1002
}
1002
{
1070
     5
1000
22369137
1002
}
  0
LINE
  5
184
330
181
100
AcDbEntity
  8
A-PIL-___-___-EXI
100
AcDbLine
 10
449.9999999999928
 20
250.0000000009624
 30
0.0
 11
449.9999999999928
 21
-249.9999999999992
 31
0.0
1001
REVIT
1002
{
1070
     1
1000
22424017
1002
}
1002
{
1070
     5
1000
22369137
1002
}
  0
LINE
  5
185
330
181
100
AcDbEntity
  8
A-PIL-___-___-EXI
100
AcDbLine
 10
449.9999999999928
 20
-249.9999999999992
 30
0.0
 11
479.9999999999903
 21
-249.9999999999992
 31
0.0
1001
REVIT
1002
{
1070
     1
1000
22424017
1002
}
1002
{
1070
     5
1000
22369137
1002
}
  0
LINE
  5
186
330
181
100
AcDbEntity
  8
A-PIL-___-___-EXI
100
AcDbLine
 10
-480.0000000000077
 20
-249.9999999999987
 30
0.0
 11
-450.0000000000058
 21
-249.9999999999987
 31
0.0
1001
REVIT
1002
{
1070
     1
1000
22424017
1002
}
1002
{
1070
     5
1000
22369137
1002
}
  0
LINE
  5
187
330
181
100
AcDbEntity
  8
A-PIL-___-___-EXI
100
AcDbLine
 10
-450.0000000000058
 20
-249.9999999999987
 30
0.0
 11
-450.0000000000058
 21
250.000000000963
 31
0.0
1001
REVIT
1002
{
1070
     1
1000
22424017
1002
}
1002
{
1070
     5
1000
22369137
1002
}
  0
LINE
  5
188
330
181
100
AcDbEntity
  8
A-PIL-___-___-EXI
100
AcDbLine
 10
-450.0000000000058
 20
250.000000000963
 30
0.0
 11
-480.0000000000077
 21
250.0000000009629
 31
0.0
1001
REVIT
1002
{
1070
     1
1000
22424017
1002
}
1002
{
1070
     5
1000
22369137
1002
}
  0
LINE
  5
189
330
181
100
AcDbEntity
  8
A-PIL-___-___-EXI
100
AcDbLine
 10
-480.0000000000077
 20
250.0000000009629
 30
0.0
 11
-480.0000000000077
 21
-249.9999999999987
 31
0.0
1001
REVIT
1002
{
1070
     1
1000
22424017
1002
}
1002
{
1070
     5
1000
22369137
1002
}
  0
LINE
  5
18A
330
181
100
AcDbEntity
  8
A-PIL-___-___-EXI
100
AcDbLine
 10
-418.0000000000132
 20
1146.000000000964
 30
0.0
 11
-448.0000000000107
 21
1146.000000000964
 31
0.0
1001
REVIT
1002
{
1070
     1
1000
22424017
1002
}
1002
{
1070
     5
1000
22369137
1002
}
  0
LINE
  5
18B
330
181
100
AcDbEntity
  8
A-PIL-___-___-EXI
100
AcDbLine
 10
-448.0000000000107
 20
1146.000000000964
 30
0.0
 11
-448.0000000000064
 21
250.000000000964
 31
0.0
1001
REVIT
1002
{
1070
     1
1000
22424017
1002
}
1002
{
1070
     5
1000
22369137
1002
}
  0
LINE
  5
18C
330
181
100
AcDbEntity
  8
A-PIL-___-___-EXI
100
AcDbLine
 10
-448.0000000000064
 20
250.000000000964
 30
0.0
 11
-418.0000000000088
 21
250.0000000009641
 31
0.0
1001
REVIT
1002
{
1070
     1
1000
22424017
1002
}
1002
{
1070
     5
1000
22369137
1002
}
  0
LINE
  5
18D
330
181
100
AcDbEntity
  8
A-PIL-___-___-EXI
100
AcDbLine
 10
-418.0000000000088
 20
250.0000000009641
 30
0.0
 11
-418.0000000000132
 21
1146.000000000964
 31
0.0
1001
REVIT
1002
{
1070
     1
1000
22424017
1002
}
1002
{
1070
     5
1000
22369137
1002
}
  0
ARC
  5
18E
330
181
100
AcDbEntity
  8
A-POR-___-___-EXI
100
AcDbCircle
 10
-448.0000000000064
 20
250.000000000964
 30
0.0
 40
895.9999999999977
100
AcDbArc
 50
0.0000000000001527
 51
90.00000000000017
1001
REVIT
1002
{
1070
     1
1000
22424017
1002
}
1002
{
1070
     5
1000
22369137
1002
}
1002
{
1070
     3
1000
-2000027
1002
}
  0
ENDBLK
  5
190
330
181
100
AcDbEntity
  8
0
100
AcDbBlockEnd
  0
BLOCK
  5
1F3
330
1E5
100
AcDbEntity
  8
0
100
AcDbBlockBegin
  2
porta multiplas_original - Simples - 90 cm-22477408-Planta baixa - Térreo_
 70
     0
 10
0.0
 20
0.0
 30
0.0
  3
porta multiplas_original - Simples - 90 cm-22477408-Planta baixa - Térreo_
  1

  0
LINE
  5
1E6
330
1E5
100
AcDbEntity
  8
A-PIL-___-___-EXI
100
AcDbLine
 10
449.9999999999928
 20
150.0000000000008
 30
0.0
 11
479.9999999999903
 21
150.0000000000008
 31
0.0
1001
REVIT
1002
{
1070
     1
1000
22477217
1002
}
1002
{
1070
     5
1000
22369137
1002
}
  0
LINE
  5
1E7
330
1E5
100
AcDbEntity
  8
A-PIL-___-___-EXI
100
AcDbLine
 10
449.9999999999928
 20
-150.0000000009618
 30
0.0
 11
449.9999999999928
 21
150.0000000000008
 31
0.0
1001
REVIT
1002
{
1070
     1
1000
22477217
1002
}
1002
{
1070
     5
1000
22369137
1002
}
  0
LINE
  5
1E8
330
1E5
100
AcDbEntity
  8
A-PIL-___-___-EXI
100
AcDbLine
 10
479.9999999999903
 20
-150.0000000009618
 30
0.0
 11
449.9999999999928
 21
-150.0000000009618
 31
0.0
1001
REVIT
1002
{
1070
     1
1000
22477217
1002
}
1002
{
1070
     5
1000
22369137
1002
}
  0
LINE
  5
1E9
330
1E5
100
AcDbEntity
  8
A-PIL-___-___-EXI
100
AcDbLine
 10
479.9999999999903
 20
150.0000000000008
 30
0.0
 11
479.9999999999903
 21
-150.0000000009618
 31
0.0
1001
REVIT
1002
{
1070
     1
1000
22477217
1002
}
1002
{
1070
     5
1000
22369137
1002
}
  0
LINE
  5
1EA
330
1E5
100
AcDbEntity
  8
A-PIL-___-___-EXI
100
AcDbLine
 10
-480.0000000000077
 20
-150.0000000009613
 30
0.0
 11
-480.0000000000077
 21
150.0000000000013
 31
0.0
1001
REVIT
1002
{
1070
     1
1000
22477217
1002
}
1002
{
1070
     5
1000
22369137
1002
}
  0
LINE
  5
1EB
330
1E5
100
AcDbEntity
  8
A-PIL-___-___-EXI
100
AcDbLine
 10
-450.0000000000058
 20
-150.0000000009613
 30
0.0
 11
-480.0000000000077
 21
-150.0000000009613
 31
0.0
1001
REVIT
1002
{
1070
     1
1000
22477217
1002
}
1002
{
1070
     5
1000
22369137
1002
}
  0
LINE
  5
1EC
330
1E5
100
AcDbEntity
  8
A-PIL-___-___-EXI
100
AcDbLine
 10
-450.0000000000058
 20
150.0000000000003
 30
0.0
 11
-450.0000000000058
 21
-150.0000000009613
 31
0.0
1001
REVIT
1002
{
1070
     1
1000
22477217
1002
}
1002
{
1070
     5
1000
22369137
1002
}
  0
LINE
  5
1ED
330
1E5
100
AcDbEntity
  8
A-PIL-___-___-EXI
100
AcDbLine
 10
-480.0000000000077
 20
150.0000000000013
 30
0.0
 11
-450.0000000000058
 21
150.0000000000014
 31
0.0
1001
REVIT
1002
{
1070
     1
1000
22477217
1002
}
1002
{
1070
     5
1000
22369137
1002
}
  0
LINE
  5
1EE
330
1E5
100
AcDbEntity
  8
A-PIL-___-___-EXI
100
AcDbLine
 10
-418.0000000000088
 20
-150.0000000009634
 30
0.0
 11
-418.0000000000088
 21
-1046.000000000963
 31
0.0
1001
REVIT
1002
{
1070
     1
1000
22477217
1002
}
1002
{
1070
     5
1000
22369137
1002
}
  0
LINE
  5
1EF
330
1E5
100
AcDbEntity
  8
A-PIL-___-___-EXI
100
AcDbLine
 10
-448.0000000000064
 20
-150.0000000009634
 30
0.0
 11
-418.0000000000088
 21
-150.0000000009634
 31
0.0
1001
REVIT
1002
{
1070
     1
1000
22477217
1002
}
1002
{
1070
     5
1000
22369137
1002
}
  0
LINE
  5
1F0
330
1E5
100
AcDbEntity
  8
A-PIL-___-___-EXI
100
AcDbLine
 10
-448.0000000000064
 20
-1046.000000000963
 30
0.0
 11
-448.0000000000064
 21
-150.0000000009634
 31
0.0
1001
REVIT
1002
{
1070
     1
1000
22477217
1002
}
1002
{
1070
     5
1000
22369137
1002
}
  0
LINE
  5
1F1
330
1E5
100
AcDbEntity
  8
A-PIL-___-___-EXI
100
AcDbLine
 10
-418.0000000000088
 20
-1046.000000000963
 30
0.0
 11
-448.0000000000064
 21
-1046.000000000963
 31
0.0
1001
REVIT
1002
{
1070
     1
1000
22477217
1002
}
1002
{
1070
     5
1000
22369137
1002
}
  0
ARC
  5
1F2
330
1E5
100
AcDbEntity
  8
A-POR-___-___-EXI
100
AcDbCircle
 10
-448.0000000000064
 20
-150.0000000009624
 30
0.0
 40
895.9999999999991
100
AcDbArc
 50
269.9999999999996
 51
359.9999999999996
1001
REVIT
1002
{
1070
     1
1000
22477217
1002
}
1002
{
1070
     5
1000
22369137
1002
}
1002
{
1070
     3
1000
-2000027
1002
}
  0
ENDBLK
  5
1F4
330
1E5
100
AcDbEntity
  8
0
100
AcDbBlockEnd
  0
BLOCK
  5
204
330
1F6
100
AcDbEntity
  8
0
100
AcDbBlockBegin
  2
porta multiplas_original - Simples - 90 cm-22477832-Planta baixa - Térreo_
 70
     0
 10
0.0
 20
0.0
 30
0.0
  3
porta multiplas_original - Simples - 90 cm-22477832-Planta baixa - Térreo_
  1

  0
LINE
  5
1F7
330
1F6
100
AcDbEntity
  8
A-PIL-___-___-EXI
100
AcDbLine
 10
479.9999999999903
 20
-109.9999999999996
 30
0.0
 11
479.9999999999903
 21
110.0000000009618
 31
0.0
1001
REVIT
1002
{
1070
     1
1000
22477442
1002
}
1002
{
1070
     5
1000
22369137
1002
}
  0
LINE
  5
1F8
330
1F6
100
AcDbEntity
  8
A-PIL-___-___-EXI
100
AcDbLine
 10
479.9999999999903
 20
110.0000000009618
 30
0.0
 11
449.9999999999928
 21
110.0000000009617
 31
0.0
1001
REVIT
1002
{
1070
     1
1000
22477442
1002
}
1002
{
1070
     5
1000
22369137
1002
}
  0
LINE
  5
1F9
330
1F6
100
AcDbEntity
  8
A-PIL-___-___-EXI
100
AcDbLine
 10
449.9999999999928
 20
110.0000000009617
 30
0.0
 11
449.9999999999928
 21
-109.9999999999996
 31
0.0
1001
REVIT
1002
{
1070
     1
1000
22477442
1002
}
1002
{
1070
     5
1000
22369137
1002
}
  0
LINE
  5
1FA
330
1F6
100
AcDbEntity
  8
A-PIL-___-___-EXI
100
AcDbLine
 10
449.9999999999928
 20
-109.9999999999996
 30
0.0
 11
479.9999999999903
 21
-109.9999999999996
 31
0.0
1001
REVIT
1002
{
1070
     1
1000
22477442
1002
}
1002
{
1070
     5
1000
22369137
1002
}
  0
LINE
  5
1FB
330
1F6
100
AcDbEntity
  8
A-PIL-___-___-EXI
100
AcDbLine
 10
-480.0000000000077
 20
-109.9999999999991
 30
0.0
 11
-450.0000000000058
 21
-109.999999999999
 31
0.0
1001
REVIT
1002
{
1070
     1
1000
22477442
1002
}
1002
{
1070
     5
1000
22369137
1002
}
  0
LINE
  5
1FC
330
1F6
100
AcDbEntity
  8
A-PIL-___-___-EXI
100
AcDbLine
 10
-450.0000000000058
 20
-109.999999999999
 30
0.0
 11
-450.0000000000058
 21
110.0000000009623
 31
0.0
1001
REVIT
1002
{
1070
     1
1000
22477442
1002
}
1002
{
1070
     5
1000
22369137
1002
}
  0
LINE
  5
1FD
330
1F6
100
AcDbEntity
  8
A-PIL-___-___-EXI
100
AcDbLine
 10
-450.0000000000058
 20
110.0000000009623
 30
0.0
 11
-480.0000000000077
 21
110.0000000009622
 31
0.0
1001
REVIT
1002
{
1070
     1
1000
22477442
1002
}
1002
{
1070
     5
1000
22369137
1002
}
  0
LINE
  5
1FE
330
1F6
100
AcDbEntity
  8
A-PIL-___-___-EXI
100
AcDbLine
 10
-480.0000000000077
 20
110.0000000009622
 30
0.0
 11
-480.0000000000077
 21
-109.9999999999991
 31
0.0
1001
REVIT
1002
{
1070
     1
1000
22477442
1002
}
1002
{
1070
     5
1000
22369137
1002
}
  0
LINE
  5
1FF
330
1F6
100
AcDbEntity
  8
A-PIL-___-___-EXI
100
AcDbLine
 10
-418.0000000000132
 20
1006.000000000964
 30
0.0
 11
-448.0000000000107
 21
1006.000000000964
 31
0.0
1001
REVIT
1002
{
1070
     1
1000
22477442
1002
}
1002
{
1070
     5
1000
22369137
1002
}
  0
LINE
  5
200
330
1F6
100
AcDbEntity
  8
A-PIL-___-___-EXI
100
AcDbLine
 10
-448.0000000000107
 20
1006.000000000964
 30
0.0
 11
-448.0000000000064
 21
110.0000000009645
 31
0.0
1001
REVIT
1002
{
1070
     1
1000
22477442
1002
}
1002
{
1070
     5
1000
22369137
1002
}
  0
LINE
  5
201
330
1F6
100
AcDbEntity
  8
A-PIL-___-___-EXI
100
AcDbLine
 10
-448.0000000000064
 20
110.0000000009645
 30
0.0
 11
-418.0000000000088
 21
110.0000000009645
 31
0.0
1001
REVIT
1002
{
1070
     1
1000
22477442
1002
}
1002
{
1070
     5
1000
22369137
1002
}
  0
LINE
  5
202
330
1F6
100
AcDbEntity
  8
A-PIL-___-___-EXI
100
AcDbLine
 10
-418.0000000000088
 20
110.0000000009645
 30
0.0
 11
-418.0000000000132
 21
1006.000000000964
 31
0.0
1001
REVIT
1002
{
1070
     1
1000
22477442
1002
}
1002
{
1070
     5
1000
22369137
1002
}
  0
ARC
  5
203
330
1F6
100
AcDbEntity
  8
A-POR-___-___-EXI
100
AcDbCircle
 10
-448.0000000000064
 20
110.0000000009645
 30
0.0
 40
895.9999999999972
100
AcDbArc
 50
0.0000000000001209
 51
90.00000000000012
1001
REVIT
1002
{
1070
     1
1000
22477442
1002
}
1002
{
1070
     5
1000
22369137
1002
}
1002
{
1070
     3
1000
-2000027
1002
}
  0
ENDBLK
  5
205
330
1F6
100
AcDbEntity
  8
0
100
AcDbBlockEnd
  0
BLOCK
  5
215
330
207
100
AcDbEntity
  8
0
100
AcDbBlockBegin
  2
porta multiplas_original - Simples - 90 cm-22477865-Planta baixa - Térreo_
 70
     0
 10
0.0
 20
0.0
 30
0.0
  3
porta multiplas_original - Simples - 90 cm-22477865-Planta baixa - Térreo_
  1

  0
LINE
  5
208
330
207
100
AcDbEntity
  8
A-PIL-___-___-EXI
100
AcDbLine
 10
449.9999999999928
 20
110.0000000000001
 30
0.0
 11
479.9999999999903
 21
110.0000000000002
 31
0.0
1001
REVIT
1002
{
1070
     1
1000
22477547
1002
}
1002
{
1070
     5
1000
22369137
1002
}
  0
LINE
  5
209
330
207
100
AcDbEntity
  8
A-PIL-___-___-EXI
100
AcDbLine
 10
449.9999999999928
 20
-110.0000000009612
 30
0.0
 11
449.9999999999928
 21
110.0000000000001
 31
0.0
1001
REVIT
1002
{
1070
     1
1000
22477547
1002
}
1002
{
1070
     5
1000
22369137
1002
}
  0
LINE
  5
20A
330
207
100
AcDbEntity
  8
A-PIL-___-___-EXI
100
AcDbLine
 10
479.9999999999903
 20
-110.0000000009611
 30
0.0
 11
449.9999999999928
 21
-110.0000000009612
 31
0.0
1001
REVIT
1002
{
1070
     1
1000
22477547
1002
}
1002
{
1070
     5
1000
22369137
1002
}
  0
LINE
  5
20B
330
207
100
AcDbEntity
  8
A-PIL-___-___-EXI
100
AcDbLine
 10
479.9999999999903
 20
110.0000000000002
 30
0.0
 11
479.9999999999903
 21
-110.0000000009611
 31
0.0
1001
REVIT
1002
{
1070
     1
1000
22477547
1002
}
1002
{
1070
     5
1000
22369137
1002
}
  0
LINE
  5
20C
330
207
100
AcDbEntity
  8
A-PIL-___-___-EXI
100
AcDbLine
 10
-480.0000000000077
 20
-110.0000000009607
 30
0.0
 11
-480.0000000000077
 21
110.0000000000006
 31
0.0
1001
REVIT
1002
{
1070
     1
1000
22477547
1002
}
1002
{
1070
     5
1000
22369137
1002
}
  0
LINE
  5
20D
330
207
100
AcDbEntity
  8
A-PIL-___-___-EXI
100
AcDbLine
 10
-450.0000000000058
 20
-110.0000000009606
 30
0.0
 11
-480.0000000000077
 21
-110.0000000009607
 31
0.0
1001
REVIT
1002
{
1070
     1
1000
22477547
1002
}
1002
{
1070
     5
1000
22369137
1002
}
  0
LINE
  5
20E
330
207
100
AcDbEntity
  8
A-PIL-___-___-EXI
100
AcDbLine
 10
-450.0000000000058
 20
110.0000000000007
 30
0.0
 11
-450.0000000000058
 21
-110.0000000009606
 31
0.0
1001
REVIT
1002
{
1070
     1
1000
22477547
1002
}
1002
{
1070
     5
1000
22369137
1002
}
  0
LINE
  5
20F
330
207
100
AcDbEntity
  8
A-PIL-___-___-EXI
100
AcDbLine
 10
-480.0000000000077
 20
110.0000000000006
 30
0.0
 11
-450.0000000000058
 21
110.0000000000007
 31
0.0
1001
REVIT
1002
{
1070
     1
1000
22477547
1002
}
1002
{
1070
     5
1000
22369137
1002
}
  0
LINE
  5
210
330
207
100
AcDbEntity
  8
A-PIL-___-___-EXI
100
AcDbLine
 10
-418.0000000000088
 20
-110.0000000009627
 30
0.0
 11
-418.0000000000088
 21
-1006.000000000963
 31
0.0
1001
REVIT
1002
{
1070
     1
1000
22477547
1002
}
1002
{
1070
     5
1000
22369137
1002
}
  0
LINE
  5
211
330
207
100
AcDbEntity
  8
A-PIL-___-___-EXI
100
AcDbLine
 10
-448.0000000000064
 20
-110.0000000009628
 30
0.0
 11
-418.0000000000088
 21
-110.0000000009627
 31
0.0
1001
REVIT
1002
{
1070
     1
1000
22477547
1002
}
1002
{
1070
     5
1000
22369137
1002
}
  0
LINE
  5
212
330
207
100
AcDbEntity
  8
A-PIL-___-___-EXI
100
AcDbLine
 10
-448.0000000000064
 20
-1006.000000000963
 30
0.0
 11
-448.0000000000064
 21
-110.0000000009628
 31
0.0
1001
REVIT
1002
{
1070
     1
1000
22477547
1002
}
1002
{
1070
     5
1000
22369137
1002
}
  0
LINE
  5
213
330
207
100
AcDbEntity
  8
A-PIL-___-___-EXI
100
AcDbLine
 10
-418.0000000000088
 20
-1006.000000000963
 30
0.0
 11
-448.0000000000064
 21
-1006.000000000963
 31
0.0
1001
REVIT
1002
{
1070
     1
1000
22477547
1002
}
1002
{
1070
     5
1000
22369137
1002
}
  0
ARC
  5
214
330
207
100
AcDbEntity
  8
A-POR-___-___-EXI
100
AcDbCircle
 10
-448.0000000000064
 20
-110.0000000009628
 30
0.0
 40
895.9999999999997
100
AcDbArc
 50
269.9999999999997
 51
359.9999999999996
1001
REVIT
1002
{
1070
     1
1000
22477547
1002
}
1002
{
1070
     5
1000
22369137
1002
}
1002
{
1070
     3
1000
-2000027
1002
}
  0
ENDBLK
  5
216
330
207
100
AcDbEntity
  8
0
100
AcDbBlockEnd
  0
BLOCK
  5
229
330
219
100
AcDbEntity
  8
0
100
AcDbBlockBegin
  2
porta multiplas - Simples - 90 cm-22478333-Planta baixa - Térreo_
 70
     0
 10
0.0
 20
0.0
 30
0.0
  3
porta multiplas - Simples - 90 cm-22478333-Planta baixa - Térreo_
  1

  0
LINE
  5
21A
330
219
100
AcDbEntity
  8
A-PIL-___-___-EXI
100
AcDbLine
 10
-480.0000000000077
 20
-109.9999999999991
 30
0.0
 11
-450.0000000000103
 21
-109.999999999999
 31
0.0
1001
REVIT
1002
{
1070
     1
1000
22477705
1002
}
1002
{
1070
     5
1000
22355185
1002
}
  0
LINE
  5
21B
330
219
100
AcDbEntity
  8
A-PIL-___-___-EXI
100
AcDbLine
 10
-450.0000000000103
 20
-109.999999999999
 30
0.0
 11
-450.0000000000103
 21
110.0000000009623
 31
0.0
1001
REVIT
1002
{
1070
     1
1000
22477705
1002
}
1002
{
1070
     5
1000
22355185
1002
}
  0
LINE
  5
21C
330
219
100
AcDbEntity
  8
A-PIL-___-___-EXI
100
AcDbLine
 10
-450.0000000000103
 20
110.0000000009623
 30
0.0
 11
-480.0000000000077
 21
110.0000000009622
 31
0.0
1001
REVIT
1002
{
1070
     1
1000
22477705
1002
}
1002
{
1070
     5
1000
22355185
1002
}
  0
LINE
  5
21D
330
219
100
AcDbEntity
  8
A-PIL-___-___-EXI
100
AcDbLine
 10
-480.0000000000077
 20
110.0000000009622
 30
0.0
 11
-480.0000000000077
 21
-109.9999999999991
 31
0.0
1001
REVIT
1002
{
1070
     1
1000
22477705
1002
}
1002
{
1070
     5
1000
22355185
1002
}
  0
LINE
  5
21E
330
219
100
AcDbEntity
  8
A-PIL-___-___-EXI
100
AcDbLine
 10
479.9999999999903
 20
-109.9999999999996
 30
0.0
 11
479.9999999999903
 21
110.0000000009618
 31
0.0
1001
REVIT
1002
{
1070
     1
1000
22477705
1002
}
1002
{
1070
     5
1000
22355185
1002
}
  0
LINE
  5
21F
330
219
100
AcDbEntity
  8
A-PIL-___-___-EXI
100
AcDbLine
 10
479.9999999999903
 20
110.0000000009618
 30
0.0
 11
450.9999999999971
 21
110.0000000009617
 31
0.0
1001
REVIT
1002
{
1070
     1
1000
22477705
1002
}
1002
{
1070
     5
1000
22355185
1002
}
  0
LINE
  5
220
330
219
100
AcDbEntity
  8
A-PIL-___-___-EXI
100
AcDbLine
 10
450.9999999999971
 20
110.0000000009617
 30
0.0
 11
450.9999999999971
 21
-109.9999999999996
 31
0.0
1001
REVIT
1002
{
1070
     1
1000
22477705
1002
}
1002
{
1070
     5
1000
22355185
1002
}
  0
LINE
  5
221
330
219
100
AcDbEntity
  8
A-PIL-___-___-EXI
100
AcDbLine
 10
450.9999999999971
 20
-109.9999999999996
 30
0.0
 11
479.9999999999903
 21
-109.9999999999996
 31
0.0
1001
REVIT
1002
{
1070
     1
1000
22477705
1002
}
1002
{
1070
     5
1000
22355185
1002
}
  0
LINE
  5
222
330
219
100
AcDbEntity
  8
A-PIL-___-___-EXI
100
AcDbLine
 10
-418.0000000000088
 20
1009.000000000965
 30
0.0
 11
-448.0000000000107
 21
1009.000000000964
 31
0.0
1001
REVIT
1002
{
1070
     1
1000
22477705
1002
}
1002
{
1070
     5
1000
22355185
1002
}
  0
LINE
  5
223
330
219
100
AcDbEntity
  8
A-PIL-___-___-EXI
100
AcDbLine
 10
-448.0000000000107
 20
1009.000000000964
 30
0.0
 11
-448.0000000000064
 21
110.0000000009645
 31
0.0
1001
REVIT
1002
{
1070
     1
1000
22477705
1002
}
1002
{
1070
     5
1000
22355185
1002
}
  0
LINE
  5
224
330
219
100
AcDbEntity
  8
A-PIL-___-___-EXI
100
AcDbLine
 10
-448.0000000000064
 20
110.0000000009645
 30
0.0
 11
-418.0000000000045
 21
110.0000000009645
 31
0.0
1001
REVIT
1002
{
1070
     1
1000
22477705
1002
}
1002
{
1070
     5
1000
22355185
1002
}
  0
LINE
  5
225
330
219
100
AcDbEntity
  8
A-PIL-___-___-EXI
100
AcDbLine
 10
-418.0000000000045
 20
110.0000000009645
 30
0.0
 11
-418.0000000000088
 21
1009.000000000965
 31
0.0
1001
REVIT
1002
{
1070
     1
1000
22477705
1002
}
1002
{
1070
     5
1000
22355185
1002
}
  0
ARC
  5
226
330
219
100
AcDbEntity
  8
A-POR-___-___-EXI
100
AcDbCircle
 10
-448.0000000000064
 20
110.0000000009645
 30
0.0
 40
899.0000000000001
100
AcDbArc
 50
359.9999999999996
 51
89.99999999999998
1001
REVIT
1002
{
1070
     1
1000
22477705
1002
}
1002
{
1070
     5
1000
22355185
1002
}
1002
{
1070
     3
1000
-2000027
1002
}
  0
LINE
  5
227
330
219
100
AcDbEntity
  8
A-PIL-___-___-EXI
100
AcDbLine
 10
481.0284088779779
 20
-110.0000000000017
 30
0.0
 11
494.9999999999914
 21
-110.0000000000017
 31
0.0
1001
REVIT
1002
{
1070
     1
1000
22477705
1002
}
1002
{
1070
     5
1000
22355185
1002
}
  0
LINE
  5
228
330
219
100
AcDbEntity
  8
A-PIL-___-___-EXI
100
AcDbLine
 10
494.9999999999956
 20
110.0000000009607
 30
0.0
 11
481.0284088779821
 21
110.0000000009607
 31
0.0
1001
REVIT
1002
{
1070
     1
1000
22477705
1002
}
1002
{
1070
     5
1000
22355185
1002
}
  0
ENDBLK
  5
22A
330
219
100
AcDbEntity
  8
0
100
AcDbBlockEnd
  0
BLOCK
  5
27C
330
276
100
AcDbEntity
  8
0
100
AcDbBlockBegin
  2
SVG - A4-22515427-Não nomeada
 70
     0
 10
0.0
 20
0.0
 30
0.0
  3
SVG - A4-22515427-Não nomeada
  1

  0
LINE
  5
278
330
276
100
AcDbEntity
  8
A-ALV-___-___-EXI
100
AcDbLine
 10
64.29285070883699
 20
356.4999999999859
 30
0.0
 11
64.29285070883699
 21
59.49999999998593
 31
0.0
1001
REVIT
1002
{
1070
     1
1000
22515442
1002
}
1002
{
1070
     5
1000
22515427
1002
}
1002
{
1070
     3
1000
-2000281
1002
}
  0
LINE
  5
279
330
276
100
AcDbEntity
  8
A-ALV-___-___-EXI
100
AcDbLine
 10
64.29285070883699
 20
59.49999999998593
 30
0.0
 11
274.292850708837
 21
59.49999999998593
 31
0.0
1001
REVIT
1002
{
1070
     1
1000
22515442
1002
}
1002
{
1070
     5
1000
22515427
1002
}
1002
{
1070
     3
1000
-2000281
1002
}
  0
LINE
  5
27A
330
276
100
AcDbEntity
  8
A-ALV-___-___-EXI
100
AcDbLine
 10
274.292850708837
 20
59.49999999998593
 30
0.0
 11
274.292850708837
 21
356.4999999999859
 31
0.0
1001
REVIT
1002
{
1070
     1
1000
22515442
1002
}
1002
{
1070
     5
1000
22515427
1002
}
1002
{
1070
     3
1000
-2000281
1002
}
  0
LINE
  5
27B
330
276
100
AcDbEntity
  8
A-ALV-___-___-EXI
100
AcDbLine
 10
274.292850708837
 20
356.4999999999859
 30
0.0
 11
64.29285070883699
 21
356.4999999999859
 31
0.0
1001
REVIT
1002
{
1070
     1
1000
22515442
1002
}
1002
{
1070
     5
1000
22515427
1002
}
1002
{
1070
     3
1000
-2000281
1002
}
  0
ENDBLK
  5
27D
330
276
100
AcDbEntity
  8
0
100
AcDbBlockEnd
  0
ENDSEC
  0
SECTION
  2
ENTITIES
  0
HATCH
  5
8E
330
70
100
AcDbEntity
  8
A-ALV-___-___-EXI
 62
    11
100
AcDbHatch
 10
0.0
 20
0.0
 30
0.0
210
0.0
220
0.0
230
1.0
  2
SOLID
 70
     1
 71
     0
 91
        2
 92
        1
 93
        4
 72
     1
 10
1303.809042128548
 20
-9441.729276454838
 11
8388.809042128514
 21
-9441.729276454823
 72
     1
 10
8388.809042128514
 20
-9441.729276454823
 11
8388.809042128514
 21
-9221.729276454828
 72
     1
 10
8388.809042128514
 20
-9221.729276454828
 11
1303.809042128548
 21
-9221.729276454841
 72
     1
 10
1303.809042128548
 20
-9221.729276454841
 11
1303.809042128548
 21
-9441.729276454838
 97
        0
 92
        1
 93
        4
 72
     1
 10
9363.809042128515
 20
-9441.729276454823
 11
13283.80904212855
 21
-9441.729276454816
 72
     1
 10
13283.80904212855
 20
-9441.729276454816
 11
13283.80904212855
 21
-9221.729276454821
 72
     1
 10
13283.80904212855
 20
-9221.729276454821
 11
9363.809042128515
 21
-9221.729276454823
 72
     1
 10
9363.809042128515
 20
-9221.729276454823
 11
9363.809042128515
 21
-9441.729276454823
 97
        0
 75
     0
 76
     1
 98
        1
 10
0.0
 20
0.0
450
        0
451
        0
460
0.0
461
0.0
452
        0
462
0.0
453
        0
470

1001
REVIT
1002
{
1070
     1
1000
22422674
1002
}
1002
{
1070
     5
1000
17583107
1002
}
1002
{
1070
     2
1000
-2000011
1002
}
1002
{
1070
     3
1000
-2000588
1002
}
  0
HATCH
  5
94
330
70
100
AcDbEntity
  8
A-ALV-___-___-EXI
 62
    11
100
AcDbHatch
 10
0.0
 20
0.0
 30
0.0
210
0.0
220
0.0
230
1.0
  2
SOLID
 70
     1
 71
     0
 91
        1
 92
        1
 93
        5
 72
     1
 10
1303.809042128563
 20
-21171.72927645486
 11
1603.809042128564
 21
-21171.72927645486
 72
     1
 10
1603.809042128564
 20
-21171.72927645486
 11
1603.809042128564
 21
-16881.72927645485
 72
     1
 10
1603.809042128564
 20
-16881.72927645485
 11
1303.809042128561
 21
-16881.72927645485
 72
     1
 10
1303.809042128561
 20
-16881.72927645485
 11
1303.809042128565
 21
-19658.05001558479
 72
     1
 10
1303.809042128565
 20
-19658.05001558479
 11
1303.809042128563
 21
-21171.72927645486
 97
        0
 75
     0
 76
     1
 98
        1
 10
0.0
 20
0.0
450
        0
451
        0
460
0.0
461
0.0
452
        0
462
0.0
453
        0
470

1001
REVIT
1002
{
1070
     1
1000
22422675
1002
}
1002
{
1070
     5
1000
22474519
1002
}
1002
{
1070
     2
1000
-2000011
1002
}
1002
{
1070
     3
1000
-2000588
1002
}
  0
HATCH
  5
9A
330
70
100
AcDbEntity
  8
A-ALV-___-___-EXI
 62
    11
100
AcDbHatch
 10
0.0
 20
0.0
 30
0.0
210
0.0
220
0.0
230
1.0
  2
SOLID
 70
     1
 71
     0
 91
        1
 92
        1
 93
        5
 72
     1
 10
8402.780633250525
 20
-21171.72927645485
 11
13633.80904212856
 21
-21171.72927645484
 72
     1
 10
13633.80904212856
 20
-21171.72927645484
 11
13633.80904212856
 21
-20671.72927645484
 72
     1
 10
13633.80904212856
 20
-20671.72927645484
 11
7685.955338456591
 21
-20671.72927645484
 72
     1
 10
7685.955338456591
 20
-20671.72927645484
 11
7685.955338456591
 21
-21171.72927645484
 72
     1
 10
7685.955338456591
 20
-21171.72927645484
 11
8402.780633250525
 21
-21171.72927645485
 97
        0
 75
     0
 76
     1
 98
        1
 10
0.0
 20
0.0
450
        0
451
        0
460
0.0
461
0.0
452
        0
462
0.0
453
        0
470

1001
REVIT
1002
{
1070
     1
1000
22422676
1002
}
1002
{
1070
     5
1000
22476260
1002
}
1002
{
1070
     2
1000
-2000011
1002
}
1002
{
1070
     3
1000
-2000588
1002
}
  0
HATCH
  5
A8
330
70
100
AcDbEntity
  8
A-ALV-___-___-EXI
 62
    11
100
AcDbHatch
 10
0.0
 20
0.0
 30
0.0
210
0.0
220
0.0
230
1.0
  2
SOLID
 70
     1
 71
     0
 91
        3
 92
        1
 93
        4
 72
     1
 10
5363.775020342718
 20
-17021.72927645484
 11
6653.809042128568
 21
-17021.72927645484
 72
     1
 10
6653.809042128568
 20
-17021.72927645484
 11
6653.809042128566
 21
-16801.72927645483
 72
     1
 10
6653.809042128566
 20
-16801.72927645483
 11
5363.775020342714
 21
-16801.72927645483
 72
     1
 10
5363.775020342714
 20
-16801.72927645483
 11
5363.775020342718
 21
-17021.72927645484
 97
        0
 92
        1
 93
        5
 72
     1
 10
8803.809042128568
 20
-17021.72927645484
 11
8803.809042128566
 21
-16801.72927645483
 72
     1
 10
8803.809042128566
 20
-16801.72927645483
 11
7513.809042128567
 21
-16801.72927645483
 72
     1
 10
7513.809042128567
 20
-16801.72927645483
 11
7513.809042128568
 21
-17021.72927645484
 72
     1
 10
7513.809042128568
 20
-17021.72927645484
 11
8402.780633250527
 21
-17021.72927645484
 72
     1
 10
8402.780633250527
 20
-17021.72927645484
 11
8803.809042128568
 21
-17021.72927645484
 97
        0
 92
        1
 93
        4
 72
     1
 10
9763.809042128565
 20
-17021.72927645484
 11
13283.80904212856
 21
-17021.72927645484
 72
     1
 10
13283.80904212856
 20
-17021.72927645484
 11
13283.80904212856
 21
-16801.72927645483
 72
     1
 10
13283.80904212856
 20
-16801.72927645483
 11
9763.809042128565
 21
-16801.72927645483
 72
     1
 10
9763.809042128565
 20
-16801.72927645483
 11
9763.809042128565
 21
-17021.72927645484
 97
        0
 75
     0
 76
     1
 98
        1
 10
0.0
 20
0.0
450
        0
451
        0
460
0.0
461
0.0
452
        0
462
0.0
453
        0
470

1001
REVIT
1002
{
1070
     1
1000
22422884
1002
}
1002
{
1070
     5
1000
17583107
1002
}
1002
{
1070
     2
1000
-2000011
1002
}
1002
{
1070
     3
1000
-2000588
1002
}
  0
HATCH
  5
AE
330
70
100
AcDbEntity
  8
A-ALV-___-___-EXI
 62
    11
100
AcDbHatch
 10
0.0
 20
0.0
 30
0.0
210
0.0
220
0.0
230
1.0
  2
SOLID
 70
     1
 71
     0
 91
        1
 92
        1
 93
        5
 72
     1
 10
13283.80904212855
 20
-13171.72927645482
 11
13283.80904212855
 21
-12951.72927645482
 72
     1
 10
13283.80904212855
 20
-12951.72927645482
 11
10203.80904212856
 21
-12951.72927645482
 72
     1
 10
10203.80904212856
 20
-12951.72927645482
 11
10203.80904212856
 21
-13171.72927645482
 72
     1
 10
10203.80904212856
 20
-13171.72927645482
 11
11253.48619791614
 21
-13171.72927645483
 72
     1
 10
11253.48619791614
 20
-13171.72927645483
 11
13283.80904212855
 21
-13171.72927645482
 97
        0
 75
     0
 76
     1
 98
        1
 10
0.0
 20
0.0
450
        0
451
        0
460
0.0
461
0.0
452
        0
462
0.0
453
        0
470

1001
REVIT
1002
{
1070
     1
1000
22423244
1002
}
1002
{
1070
     5
1000
17583107
1002
}
1002
{
1070
     2
1000
-2000011
1002
}
1002
{
1070
     3
1000
-2000588
1002
}
  0
HATCH
  5
BB
330
70
100
AcDbEntity
  8
A-ALV-___-___-EXI
 62
    11
100
AcDbHatch
 10
0.0
 20
0.0
 30
0.0
210
0.0
220
0.0
230
1.0
  2
SOLID
 70
     1
 71
     0
 91
        3
 92
        1
 93
        4
 72
     1
 10
10203.80904212856
 20
-16801.72927645483
 11
10203.80904212857
 21
-14511.72927645484
 72
     1
 10
10203.80904212857
 20
-14511.72927645484
 11
9983.809042128569
 21
-14511.72927645484
 72
     1
 10
9983.809042128569
 20
-14511.72927645484
 11
9983.809042128566
 21
-16801.72927645483
 72
     1
 10
9983.809042128566
 20
-16801.72927645483
 11
10203.80904212856
 21
-16801.72927645483
 97
        0
 92
        1
 93
        4
 72
     1
 10
10203.80904212856
 20
-13651.72927645483
 11
10203.80904212857
 21
-12541.72927645483
 72
     1
 10
10203.80904212857
 20
-12541.72927645483
 11
9983.809042128569
 21
-12541.72927645484
 72
     1
 10
9983.809042128569
 20
-12541.72927645484
 11
9983.809042128566
 21
-13651.72927645484
 72
     1
 10
9983.809042128566
 20
-13651.72927645484
 11
10203.80904212856
 21
-13651.72927645483
 97
        0
 92
        1
 93
        4
 72
     1
 10
10203.80904212857
 20
-11681.72927645483
 11
10203.80904212857
 21
-9441.729276454823
 72
     1
 10
10203.80904212857
 20
-9441.729276454823
 11
9983.809042128577
 21
-9441.729276454823
 72
     1
 10
9983.809042128577
 20
-9441.729276454823
 11
9983.809042128569
 21
-11681.72927645483
 72
     1
 10
9983.809042128569
 20
-11681.72927645483
 11
10203.80904212857
 21
-11681.72927645483
 97
        0
 75
     0
 76
     1
 98
        1
 10
0.0
 20
0.0
450
        0
451
        0
460
0.0
461
0.0
452
        0
462
0.0
453
        0
470

1001
REVIT
1002
{
1070
     1
1000
22423324
1002
}
1002
{
1070
     5
1000
17583107
1002
}
1002
{
1070
     2
1000
-2000011
1002
}
1002
{
1070
     3
1000
-2000588
1002
}
  0
HATCH
  5
C1
330
70
100
AcDbEntity
  8
A-ALV-___-___-EXI
 62
    11
100
AcDbHatch
 10
0.0
 20
0.0
 30
0.0
210
0.0
220
0.0
230
1.0
  2
SOLID
 70
     1
 71
     0
 91
        1
 92
        1
 93
        5
 72
     1
 10
13283.80904212854
 20
-4631.729276454811
 11
13633.80904212853
 21
-4631.729276454809
 72
     1
 10
13633.80904212853
 20
-4631.729276454809
 11
13633.80904212853
 21
-2121.729276454806
 72
     1
 10
13633.80904212853
 20
-2121.729276454806
 11
13283.80904212853
 21
-2121.729276454807
 72
     1
 10
13283.80904212853
 20
-2121.729276454807
 11
13283.80904212853
 21
-2341.729276454806
 72
     1
 10
13283.80904212853
 20
-2341.729276454806
 11
13283.80904212854
 21
-4631.729276454811
 97
        0
 75
     0
 76
     1
 98
        1
 10
0.0
 20
0.0
450
        0
451
        0
460
0.0
461
0.0
452
        0
462
0.0
453
        0
470

1001
REVIT
1002
{
1070
     1
1000
22426384
1002
}
1002
{
1070
     5
1000
22476216
1002
}
1002
{
1070
     2
1000
-2000011
1002
}
1002
{
1070
     3
1000
-2000588
1002
}
  0
HATCH
  5
C6
330
70
100
AcDbEntity
  8
A-ALV-___-___-EXI
 62
    11
100
AcDbHatch
 10
0.0
 20
0.0
 30
0.0
210
0.0
220
0.0
230
1.0
  2
SOLID
 70
     1
 71
     0
 91
        1
 92
        1
 93
        4
 72
     1
 10
13633.80904212856
 20
-17021.72927645484
 11
13633.80904212855
 21
-14381.72927645482
 72
     1
 10
13633.80904212855
 20
-14381.72927645482
 11
13283.80904212856
 21
-14381.72927645482
 72
     1
 10
13283.80904212856
 20
-14381.72927645482
 11
13283.80904212856
 21
-17021.72927645484
 72
     1
 10
13283.80904212856
 20
-17021.72927645484
 11
13633.80904212856
 21
-17021.72927645484
 97
        0
 75
     0
 76
     1
 98
        1
 10
0.0
 20
0.0
450
        0
451
        0
460
0.0
461
0.0
452
        0
462
0.0
453
        0
470

1001
REVIT
1002
{
1070
     1
1000
22426586
1002
}
1002
{
1070
     5
1000
22476216
1002
}
1002
{
1070
     2
1000
-2000011
1002
}
1002
{
1070
     3
1000
-2000588
1002
}
  0
HATCH
  5
CC
330
70
100
AcDbEntity
  8
A-ALV-___-___-EXI
 62
    11
100
AcDbHatch
 10
0.0
 20
0.0
 30
0.0
210
0.0
220
0.0
230
1.0
  2
SOLID
 70
     1
 71
     0
 91
        1
 92
        1
 93
        5
 72
     1
 10
13283.80904212856
 20
-20671.72927645483
 11
13633.80904212856
 21
-20671.72927645483
 72
     1
 10
13633.80904212856
 20
-20671.72927645483
 11
13633.80904212856
 21
-17801.72927645483
 72
     1
 10
13633.80904212856
 20
-17801.72927645483
 11
13283.80904212856
 21
-17801.72927645483
 72
     1
 10
13283.80904212856
 20
-17801.72927645483
 11
13283.80904212856
 21
-19658.05001558479
 72
     1
 10
13283.80904212856
 20
-19658.05001558479
 11
13283.80904212856
 21
-20671.72927645483
 97
        0
 75
     0
 76
     1
 98
        1
 10
0.0
 20
0.0
450
        0
451
        0
460
0.0
461
0.0
452
        0
462
0.0
453
        0
470

1001
REVIT
1002
{
1070
     1
1000
22426668
1002
}
1002
{
1070
     5
1000
22476216
1002
}
1002
{
1070
     2
1000
-2000011
1002
}
1002
{
1070
     3
1000
-2000588
1002
}
  0
HATCH
  5
D9
330
70
100
AcDbEntity
  8
A-ALV-___-___-EXI
 62
    11
100
AcDbHatch
 10
0.0
 20
0.0
 30
0.0
210
0.0
220
0.0
230
1.0
  2
SOLID
 70
     1
 71
     0
 91
        3
 92
        1
 93
        4
 72
     1
 10
1603.809042128564
 20
-21171.72927645486
 11
2223.809042128564
 21
-21171.72927645485
 72
     1
 10
2223.809042128564
 20
-21171.72927645485
 11
2223.809042128567
 21
-20671.72927645485
 72
     1
 10
2223.809042128567
 20
-20671.72927645485
 11
1603.809042128564
 21
-20671.72927645485
 72
     1
 10
1603.809042128564
 20
-20671.72927645485
 11
1603.809042128564
 21
-21171.72927645486
 97
        0
 92
        1
 93
        4
 72
     1
 10
3183.809042128566
 20
-21171.72927645485
 11
5533.775020342718
 21
-21171.72927645484
 72
     1
 10
5533.775020342718
 20
-21171.72927645484
 11
5533.775020342718
 21
-20671.72927645484
 72
     1
 10
5533.775020342718
 20
-20671.72927645484
 11
3183.809042128567
 21
-20671.72927645485
 72
     1
 10
3183.809042128567
 20
-20671.72927645485
 11
3183.809042128566
 21
-21171.72927645485
 97
        0
 92
        1
 93
        4
 72
     1
 10
6493.775020342717
 20
-21171.72927645485
 11
7685.955338456591
 21
-21171.72927645484
 72
     1
 10
7685.955338456591
 20
-21171.72927645484
 11
7685.955338456591
 21
-20671.72927645484
 72
     1
 10
7685.955338456591
 20
-20671.72927645484
 11
6493.775020342717
 21
-20671.72927645485
 72
     1
 10
6493.775020342717
 20
-20671.72927645485
 11
6493.775020342717
 21
-21171.72927645485
 97
        0
 75
     0
 76
     1
 98
        1
 10
0.0
 20
0.0
450
        0
451
        0
460
0.0
461
0.0
452
        0
462
0.0
453
        0
470

1001
REVIT
1002
{
1070
     1
1000
22426935
1002
}
1002
{
1070
     5
1000
22476260
1002
}
1002
{
1070
     2
1000
-2000011
1002
}
1002
{
1070
     3
1000
-2000588
1002
}
  0
HATCH
  5
E2
330
70
100
AcDbEntity
  8
A-ALV-___-___-EXI
 62
    11
100
AcDbHatch
 10
0.0
 20
0.0
 30
0.0
210
0.0
220
0.0
230
1.0
  2
SOLID
 70
     1
 71
     0
 91
        2
 92
        1
 93
        4
 72
     1
 10
5363.77502034272
 20
-20671.72927645485
 11
5363.775020342716
 21
-18411.72927645484
 72
     1
 10
5363.775020342716
 20
-18411.72927645484
 11
5143.775020342715
 21
-18411.72927645484
 72
     1
 10
5143.775020342715
 20
-18411.72927645484
 11
5143.775020342721
 21
-20671.72927645485
 72
     1
 10
5143.775020342721
 20
-20671.72927645485
 11
5363.77502034272
 21
-20671.72927645485
 97
        0
 92
        1
 93
        4
 72
     1
 10
5363.775020342716
 20
-17451.72927645483
 11
5363.775020342705
 21
-13251.72927645484
 72
     1
 10
5363.775020342705
 20
-13251.72927645484
 11
5143.775020342705
 21
-13251.72927645484
 72
     1
 10
5143.775020342705
 20
-13251.72927645484
 11
5143.775020342719
 21
-17451.72927645484
 72
     1
 10
5143.775020342719
 20
-17451.72927645484
 11
5363.775020342716
 21
-17451.72927645483
 97
        0
 75
     0
 76
     1
 98
        1
 10
0.0
 20
0.0
450
        0
451
        0
460
0.0
461
0.0
452
        0
462
0.0
453
        0
470

1001
REVIT
1002
{
1070
     1
1000
22427154
1002
}
1002
{
1070
     5
1000
17583107
1002
}
1002
{
1070
     2
1000
-2000011
1002
}
1002
{
1070
     3
1000
-2000588
1002
}
  0
HATCH
  5
EB
330
70
100
AcDbEntity
  8
A-ALV-___-___-EXI
 62
    11
100
AcDbHatch
 10
0.0
 20
0.0
 30
0.0
210
0.0
220
0.0
230
1.0
  2
SOLID
 70
     1
 71
     0
 91
        2
 92
        1
 93
        4
 72
     1
 10
5984.7769656288
 20
-9221.729276454832
 11
5984.776965628796
 21
-8251.729276454845
 72
     1
 10
5984.776965628796
 20
-8251.729276454845
 11
5764.776965628796
 21
-8251.729276454845
 72
     1
 10
5764.776965628796
 20
-8251.729276454845
 11
5764.776965628797
 21
-9221.729276454828
 72
     1
 10
5764.776965628797
 20
-9221.729276454828
 11
5984.7769656288
 21
-9221.729276454832
 97
        0
 92
        1
 93
        4
 72
     1
 10
5984.776965628803
 20
-7391.729276454846
 11
5984.7769656288
 21
-6181.729276454845
 72
     1
 10
5984.7769656288
 20
-6181.729276454845
 11
5764.776965628801
 21
-6181.729276454841
 72
     1
 10
5764.776965628801
 20
-6181.729276454841
 11
5764.776965628803
 21
-7391.729276454843
 72
     1
 10
5764.776965628803
 20
-7391.729276454843
 11
5984.776965628803
 21
-7391.729276454846
 97
        0
 75
     0
 76
     1
 98
        1
 10
0.0
 20
0.0
450
        0
451
        0
460
0.0
461
0.0
452
        0
462
0.0
453
        0
470

1001
REVIT
1002
{
1070
     1
1000
22451261
1002
}
1002
{
1070
     5
1000
17583107
1002
}
1002
{
1070
     2
1000
-2000011
1002
}
1002
{
1070
     3
1000
-2000588
1002
}
  0
HATCH
  5
F1
330
70
100
AcDbEntity
  8
A-ALV-___-___-EXI
 62
    11
100
AcDbHatch
 10
0.0
 20
0.0
 30
0.0
210
0.0
220
0.0
230
1.0
  2
SOLID
 70
     1
 71
     0
 91
        1
 92
        1
 93
        5
 72
     1
 10
5764.776965628797
 20
-6401.729276454841
 11
5764.776965628797
 21
-6181.729276454841
 72
     1
 10
5764.776965628797
 20
-6181.729276454841
 11
1303.809042128535
 21
-6181.729276454835
 72
     1
 10
1303.809042128535
 20
-6181.729276454835
 11
1303.809042128533
 21
-6401.729276454837
 72
     1
 10
1303.809042128533
 20
-6401.729276454837
 11
1603.80904212854
 21
-6401.729276454837
 72
     1
 10
1603.80904212854
 20
-6401.729276454837
 11
5764.776965628796
 21
-6401.729276454841
 97
        0
 75
     0
 76
     1
 98
        1
 10
0.0
 20
0.0
450
        0
451
        0
460
0.0
461
0.0
452
        0
462
0.0
453
        0
470

1001
REVIT
1002
{
1070
     1
1000
22451320
1002
}
1002
{
1070
     5
1000
17583107
1002
}
1002
{
1070
     2
1000
-2000011
1002
}
1002
{
1070
     3
1000
-2000588
1002
}
  0
HATCH
  5
FA
330
70
100
AcDbEntity
  8
A-ALV-___-___-EXI
 62
    11
100
AcDbHatch
 10
0.0
 20
0.0
 30
0.0
210
0.0
220
0.0
230
1.0
  2
SOLID
 70
     1
 71
     0
 91
        2
 92
        1
 93
        4
 72
     1
 10
1303.809042128555
 20
-16271.72927645485
 11
1603.809042128556
 21
-16271.72927645485
 72
     1
 10
1603.809042128556
 20
-16271.72927645485
 11
1603.809042128553
 21
-12561.72927645484
 72
     1
 10
1603.809042128553
 20
-12561.72927645484
 11
1303.809042128552
 21
-12561.72927645484
 72
     1
 10
1303.809042128552
 20
-12561.72927645484
 11
1303.809042128555
 21
-16271.72927645485
 97
        0
 92
        1
 93
        4
 72
     1
 10
1603.809042128551
 20
-11601.72927645485
 11
1603.809042128547
 21
-9441.729276454838
 72
     1
 10
1603.809042128547
 20
-9441.729276454838
 11
1303.809042128548
 21
-9441.729276454841
 72
     1
 10
1303.809042128548
 20
-9441.729276454841
 11
1303.809042128552
 21
-11601.72927645485
 72
     1
 10
1303.809042128552
 20
-11601.72927645485
 11
1603.809042128551
 21
-11601.72927645485
 97
        0
 75
     0
 76
     1
 98
        1
 10
0.0
 20
0.0
450
        0
451
        0
460
0.0
461
0.0
452
        0
462
0.0
453
        0
470

1001
REVIT
1002
{
1070
     1
1000
22452449
1002
}
1002
{
1070
     5
1000
22474519
1002
}
1002
{
1070
     2
1000
-2000011
1002
}
1002
{
1070
     3
1000
-2000588
1002
}
  0
HATCH
  5
FF
330
70
100
AcDbEntity
  8
A-ALV-___-___-EXI
 62
    11
100
AcDbHatch
 10
0.0
 20
0.0
 30
0.0
210
0.0
220
0.0
230
1.0
  2
SOLID
 70
     1
 71
     0
 91
        1
 92
        1
 93
        4
 72
     1
 10
1603.809042128547
 20
-9221.729276454841
 11
1603.809042128538
 21
-6401.729276454837
 72
     1
 10
1603.809042128538
 20
-6401.729276454837
 11
1303.809042128533
 21
-6401.729276454837
 72
     1
 10
1303.809042128533
 20
-6401.729276454837
 11
1303.809042128548
 21
-9221.729276454841
 72
     1
 10
1303.809042128548
 20
-9221.729276454841
 11
1603.809042128547
 21
-9221.729276454841
 97
        0
 75
     0
 76
     1
 98
        1
 10
0.0
 20
0.0
450
        0
451
        0
460
0.0
461
0.0
452
        0
462
0.0
453
        0
470

1001
REVIT
1002
{
1070
     1
1000
22453732
1002
}
1002
{
1070
     5
1000
22474519
1002
}
1002
{
1070
     2
1000
-2000011
1002
}
1002
{
1070
     3
1000
-2000588
1002
}
  0
HATCH
  5
104
330
70
100
AcDbEntity
  8
A-ALV-___-___-EXI
 62
    11
100
AcDbHatch
 10
0.0
 20
0.0
 30
0.0
210
0.0
220
0.0
230
1.0
  2
SOLID
 70
     1
 71
     0
 91
        1
 92
        1
 93
        4
 72
     1
 10
9773.809042128524
 20
-2341.729276454808
 11
13283.80904212853
 21
-2341.729276454808
 72
     1
 10
13283.80904212853
 20
-2341.729276454808
 11
13283.80904212853
 21
-2121.729276454808
 72
     1
 10
13283.80904212853
 20
-2121.729276454808
 11
9773.809042128524
 21
-2121.729276454807
 72
     1
 10
9773.809042128524
 20
-2121.729276454807
 11
9773.809042128524
 21
-2341.729276454808
 97
        0
 75
     0
 76
     1
 98
        1
 10
0.0
 20
0.0
450
        0
451
        0
460
0.0
461
0.0
452
        0
462
0.0
453
        0
470

1001
REVIT
1002
{
1070
     1
1000
22475258
1002
}
1002
{
1070
     5
1000
17583107
1002
}
1002
{
1070
     2
1000
-2000011
1002
}
1002
{
1070
     3
1000
-2000588
1002
}
  0
HATCH
  5
109
330
70
100
AcDbEntity
  8
A-ALV-___-___-EXI
 62
    11
100
AcDbHatch
 10
0.0
 20
0.0
 30
0.0
210
0.0
220
0.0
230
1.0
  2
SOLID
 70
     1
 71
     0
 91
        1
 92
        1
 93
        4
 72
     1
 10
9773.809042128519
 20
-4551.72927645481
 11
9993.809042128519
 21
-4551.729276454807
 72
     1
 10
9993.809042128519
 20
-4551.729276454807
 11
9993.809042128527
 21
-2341.729276454806
 72
     1
 10
9993.809042128527
 20
-2341.729276454806
 11
9773.809042128524
 21
-2341.729276454808
 72
     1
 10
9773.809042128524
 20
-2341.729276454808
 11
9773.809042128519
 21
-4551.72927645481
 97
        0
 75
     0
 76
     1
 98
        1
 10
0.0
 20
0.0
450
        0
451
        0
460
0.0
461
0.0
452
        0
462
0.0
453
        0
470

1001
REVIT
1002
{
1070
     1
1000
22475381
1002
}
1002
{
1070
     5
1000
17583107
1002
}
1002
{
1070
     2
1000
-2000011
1002
}
1002
{
1070
     3
1000
-2000588
1002
}
  0
HATCH
  5
112
330
70
100
AcDbEntity
  8
A-ALV-___-___-EXI
 62
    11
100
AcDbHatch
 10
0.0
 20
0.0
 30
0.0
210
0.0
220
0.0
230
1.0
  2
SOLID
 70
     1
 71
     0
 91
        2
 92
        1
 93
        4
 72
     1
 10
1603.809042128553
 20
-13251.72927645484
 11
3653.775020342707
 21
-13251.72927645484
 72
     1
 10
3653.775020342707
 20
-13251.72927645484
 11
3653.775020342704
 21
-13031.72927645484
 72
     1
 10
3653.775020342704
 20
-13031.72927645484
 11
1603.809042128549
 21
-13031.72927645484
 72
     1
 10
1603.809042128549
 20
-13031.72927645484
 11
1603.809042128553
 21
-13251.72927645484
 97
        0
 92
        1
 93
        4
 72
     1
 10
4613.775020342706
 20
-13251.72927645484
 11
8663.809042128558
 21
-13251.72927645483
 72
     1
 10
8663.809042128558
 20
-13251.72927645483
 11
8663.809042128558
 21
-13031.72927645483
 72
     1
 10
8663.809042128558
 20
-13031.72927645483
 11
4613.775020342706
 21
-13031.72927645484
 72
     1
 10
4613.775020342706
 20
-13031.72927645484
 11
4613.775020342706
 21
-13251.72927645484
 97
        0
 75
     0
 76
     1
 98
        1
 10
0.0
 20
0.0
450
        0
451
        0
460
0.0
461
0.0
452
        0
462
0.0
453
        0
470

1001
REVIT
1002
{
1070
     1
1000
22475693
1002
}
1002
{
1070
     5
1000
17583107
1002
}
1002
{
1070
     2
1000
-2000011
1002
}
1002
{
1070
     3
1000
-2000588
1002
}
  0
HATCH
  5
11B
330
70
100
AcDbEntity
  8
A-ALV-___-___-EXI
 62
    11
100
AcDbHatch
 10
0.0
 20
0.0
 30
0.0
210
0.0
220
0.0
230
1.0
  2
SOLID
 70
     1
 71
     0
 91
        2
 92
        1
 93
        4
 72
     1
 10
8663.809042128553
 20
-16801.72927645483
 11
8663.80904212856
 21
-14531.72927645484
 72
     1
 10
8663.80904212856
 20
-14531.72927645484
 11
8443.80904212856
 21
-14531.72927645484
 72
     1
 10
8443.80904212856
 20
-14531.72927645484
 11
8443.809042128554
 21
-16801.72927645483
 72
     1
 10
8443.809042128554
 20
-16801.72927645483
 11
8663.809042128553
 21
-16801.72927645483
 97
        0
 92
        1
 93
        4
 72
     1
 10
8663.809042128558
 20
-13671.72927645484
 11
8663.809042128558
 21
-13251.72927645483
 72
     1
 10
8663.809042128558
 20
-13251.72927645483
 11
8443.809042128558
 21
-13251.72927645483
 72
     1
 10
8443.809042128558
 20
-13251.72927645483
 11
8443.809042128556
 21
-13671.72927645484
 72
     1
 10
8443.809042128556
 20
-13671.72927645484
 11
8663.809042128558
 21
-13671.72927645484
 97
        0
 75
     0
 76
     1
 98
        1
 10
0.0
 20
0.0
450
        0
451
        0
460
0.0
461
0.0
452
        0
462
0.0
453
        0
470

1001
REVIT
1002
{
1070
     1
1000
22475735
1002
}
1002
{
1070
     5
1000
17583107
1002
}
1002
{
1070
     2
1000
-2000011
1002
}
1002
{
1070
     3
1000
-2000588
1002
}
  0
HATCH
  5
121
330
70
100
AcDbEntity
  8
A-ALV-___-___-EXI
 62
    11
100
AcDbHatch
 10
0.0
 20
0.0
 30
0.0
210
0.0
220
0.0
230
1.0
  2
SOLID
 70
     1
 71
     0
 91
        1
 92
        1
 93
        5
 72
     1
 10
13283.80904212855
 20
-13601.72927645482
 11
13633.80904212855
 21
-13601.72927645482
 72
     1
 10
13633.80904212855
 20
-13601.72927645482
 11
13633.80904212854
 21
-5261.729276454811
 72
     1
 10
13633.80904212854
 20
-5261.729276454811
 11
13283.80904212854
 21
-5261.729276454813
 72
     1
 10
13283.80904212854
 20
-5261.729276454813
 11
13283.80904212855
 21
-13171.72927645482
 72
     1
 10
13283.80904212855
 20
-13171.72927645482
 11
13283.80904212855
 21
-13601.72927645482
 97
        0
 75
     0
 76
     1
 98
        1
 10
0.0
 20
0.0
450
        0
451
        0
460
0.0
461
0.0
452
        0
462
0.0
453
        0
470

1001
REVIT
1002
{
1070
     1
1000
22478454
1002
}
1002
{
1070
     5
1000
22476216
1002
}
1002
{
1070
     2
1000
-2000011
1002
}
1002
{
1070
     3
1000
-2000588
1002
}
  0
HATCH
  5
126
330
70
100
AcDbEntity
  8
A-ALV-___-___-EXI
 62
    11
100
AcDbHatch
 10
0.0
 20
0.0
 30
0.0
210
0.0
220
0.0
230
1.0
  2
SOLID
 70
     1
 71
     0
 91
        1
 92
        1
 93
        4
 72
     1
 10
9773.809042128517
 20
-9221.729276454821
 11
9993.809042128518
 21
-9221.729276454821
 72
     1
 10
9993.809042128518
 20
-9221.729276454821
 11
9993.809042128518
 21
-7281.729276454822
 72
     1
 10
9993.809042128518
 20
-7281.729276454822
 11
9773.809042128517
 21
-7281.72927645482
 72
     1
 10
9773.809042128517
 20
-7281.72927645482
 11
9773.809042128517
 21
-9221.729276454821
 97
        0
 75
     0
 76
     1
 98
        1
 10
0.0
 20
0.0
450
        0
451
        0
460
0.0
461
0.0
452
        0
462
0.0
453
        0
470

1001
REVIT
1002
{
1070
     1
1000
22485185
1002
}
1002
{
1070
     5
1000
17583107
1002
}
1002
{
1070
     2
1000
-2000011
1002
}
1002
{
1070
     3
1000
-2000588
1002
}
  0
HATCH
  5
12B
330
70
100
AcDbEntity
  8
A-ALV-___-___-EXI
 62
    11
100
AcDbHatch
 10
0.0
 20
0.0
 30
0.0
210
0.0
220
0.0
230
1.0
  2
SOLID
 70
     1
 71
     0
 91
        1
 92
        1
 93
        4
 72
     1
 10
9993.809042128518
 20
-6281.729276454819
 11
9993.809042128518
 21
-5941.729276454822
 72
     1
 10
9993.809042128518
 20
-5941.729276454822
 11
9773.809042128517
 21
-5941.729276454815
 72
     1
 10
9773.809042128517
 20
-5941.729276454815
 11
9773.809042128517
 21
-6281.729276454818
 72
     1
 10
9773.809042128517
 20
-6281.729276454818
 11
9993.809042128518
 21
-6281.729276454819
 97
        0
 75
     0
 76
     1
 98
        1
 10
0.0
 20
0.0
450
        0
451
        0
460
0.0
461
0.0
452
        0
462
0.0
453
        0
470

1001
REVIT
1002
{
1070
     1
1000
22485333
1002
}
1002
{
1070
     5
1000
17583107
1002
}
1002
{
1070
     2
1000
-2000011
1002
}
1002
{
1070
     3
1000
-2000588
1002
}
  0
LINE
  5
136
330
70
100
AcDbEntity
  8
A-POR-___-___-EXI
 62
   250
100
AcDbLine
 10
9333.809042128526
 20
-9441.72927645482
 30
0.0
 11
9331.809042128528
 21
-9441.72927645482
 31
0.0
1001
REVIT
1002
{
1070
     1
1000
22422674
1002
}
1002
{
1070
     5
1000
17583107
1002
}
1002
{
1070
     2
1000
-2000011
1002
}
  0
LINE
  5
137
330
70
100
AcDbEntity
  8
A-POR-___-___-EXI
 62
   250
100
AcDbLine
 10
9301.809042128525
 20
-9441.72927645482
 30
0.0
 11
8432.809042128525
 21
-9441.729276454823
 31
0.0
1001
REVIT
1002
{
1070
     1
1000
22422674
1002
}
1002
{
1070
     5
1000
17583107
1002
}
1002
{
1070
     2
1000
-2000011
1002
}
  0
LINE
  5
138
330
70
100
AcDbEntity
  8
A-POR-___-___-EXI
 62
   250
100
AcDbLine
 10
8432.809042128525
 20
-9221.729276454823
 30
0.0
 11
9333.809042128526
 21
-9221.729276454821
 31
0.0
1001
REVIT
1002
{
1070
     1
1000
22422674
1002
}
1002
{
1070
     5
1000
17583107
1002
}
1002
{
1070
     2
1000
-2000011
1002
}
  0
LINE
  5
145
330
70
100
AcDbEntity
  8
A-ALV-___-___-EXI
 62
     7
370
    35
100
AcDbLine
 10
7513.809042128584
 20
-17021.72927645482
 30
0.0
 11
8803.80904212858
 21
-17021.72927645482
 31
0.0
1001
REVIT
1002
{
1070
     1
1000
22422884
1002
}
1002
{
1070
     5
1000
17583107
1002
}
1002
{
1070
     2
1000
-2000011
1002
}
  0
LINE
  5
148
330
70
100
AcDbEntity
  8
A-POR-___-___-EXI
 62
   250
100
AcDbLine
 10
6683.809042128586
 20
-16801.72927645482
 30
0.0
 11
7451.809042128586
 21
-16801.72927645482
 31
0.0
1001
REVIT
1002
{
1070
     1
1000
22422884
1002
}
1002
{
1070
     5
1000
17583107
1002
}
1002
{
1070
     2
1000
-2000011
1002
}
  0
LINE
  5
149
330
70
100
AcDbEntity
  8
A-POR-___-___-EXI
 62
   250
100
AcDbLine
 10
7481.809042128586
 20
-16801.72927645482
 30
0.0
 11
7483.809042128584
 21
-16801.72927645482
 31
0.0
1001
REVIT
1002
{
1070
     1
1000
22422884
1002
}
1002
{
1070
     5
1000
17583107
1002
}
1002
{
1070
     2
1000
-2000011
1002
}
  0
LINE
  5
14A
330
70
100
AcDbEntity
  8
A-POR-___-___-EXI
 62
   250
100
AcDbLine
 10
8833.80904212858
 20
-16801.72927645482
 30
0.0
 11
9701.809042128582
 21
-16801.72927645482
 31
0.0
1001
REVIT
1002
{
1070
     1
1000
22422884
1002
}
1002
{
1070
     5
1000
17583107
1002
}
1002
{
1070
     2
1000
-2000011
1002
}
  0
LINE
  5
14B
330
70
100
AcDbEntity
  8
A-POR-___-___-EXI
 62
   250
100
AcDbLine
 10
9731.809042128581
 20
-16801.72927645482
 30
0.0
 11
9733.809042128578
 21
-16801.72927645482
 31
0.0
1001
REVIT
1002
{
1070
     1
1000
22422884
1002
}
1002
{
1070
     5
1000
17583107
1002
}
1002
{
1070
     2
1000
-2000011
1002
}
  0
LINE
  5
14C
330
70
100
AcDbEntity
  8
A-POR-___-___-EXI
 62
   250
100
AcDbLine
 10
9733.809042128578
 20
-17021.72927645482
 30
0.0
 11
8833.809042128581
 21
-17021.72927645482
 31
0.0
1001
REVIT
1002
{
1070
     1
1000
22422884
1002
}
1002
{
1070
     5
1000
17583107
1002
}
1002
{
1070
     2
1000
-2000011
1002
}
  0
LINE
  5
14D
330
70
100
AcDbEntity
  8
A-POR-___-___-EXI
 62
   250
100
AcDbLine
 10
7483.809042128581
 20
-17021.72927645482
 30
0.0
 11
6683.809042128584
 21
-17021.72927645482
 31
0.0
1001
REVIT
1002
{
1070
     1
1000
22422884
1002
}
1002
{
1070
     5
1000
17583107
1002
}
1002
{
1070
     2
1000
-2000011
1002
}
  0
LINE
  5
152
330
70
100
AcDbEntity
  8
A-ALV-___-___-EXI
 62
     7
370
    35
100
AcDbLine
 10
9983.809042128584
 20
-12541.72927645482
 30
0.0
 11
9983.809042128577
 21
-13651.72927645482
 31
0.0
1001
REVIT
1002
{
1070
     1
1000
22423324
1002
}
1002
{
1070
     5
1000
17583107
1002
}
1002
{
1070
     2
1000
-2000011
1002
}
  0
LINE
  5
157
330
70
100
AcDbEntity
  8
A-POR-___-___-EXI
 62
   250
100
AcDbLine
 10
9983.80904212858
 20
-14481.72927645482
 30
0.0
 11
9983.809042128577
 21
-13681.72927645483
 31
0.0
1001
REVIT
1002
{
1070
     1
1000
22423324
1002
}
1002
{
1070
     5
1000
17583107
1002
}
1002
{
1070
     2
1000
-2000011
1002
}
  0
LINE
  5
158
330
70
100
AcDbEntity
  8
A-POR-___-___-EXI
 62
   250
100
AcDbLine
 10
9983.809042128584
 20
-12511.72927645482
 30
0.0
 11
9983.809042128584
 21
-11711.72927645482
 31
0.0
1001
REVIT
1002
{
1070
     1
1000
22423324
1002
}
1002
{
1070
     5
1000
17583107
1002
}
1002
{
1070
     2
1000
-2000011
1002
}
  0
LINE
  5
159
330
70
100
AcDbEntity
  8
A-POR-___-___-EXI
 62
   250
100
AcDbLine
 10
10203.80904212858
 20
-11711.72927645482
 30
0.0
 11
10203.80904212858
 21
-12479.72927645482
 31
0.0
1001
REVIT
1002
{
1070
     1
1000
22423324
1002
}
1002
{
1070
     5
1000
17583107
1002
}
1002
{
1070
     2
1000
-2000011
1002
}
  0
LINE
  5
15A
330
70
100
AcDbEntity
  8
A-POR-___-___-EXI
 62
   250
100
AcDbLine
 10
10203.80904212858
 20
-12509.72927645482
 30
0.0
 11
10203.80904212858
 21
-12511.72927645482
 31
0.0
1001
REVIT
1002
{
1070
     1
1000
22423324
1002
}
1002
{
1070
     5
1000
17583107
1002
}
1002
{
1070
     2
1000
-2000011
1002
}
  0
LINE
  5
15B
330
70
100
AcDbEntity
  8
A-POR-___-___-EXI
 62
   250
100
AcDbLine
 10
10203.80904212857
 20
-13681.72927645483
 30
0.0
 11
10203.80904212857
 21
-13683.72927645483
 31
0.0
1001
REVIT
1002
{
1070
     1
1000
22423324
1002
}
1002
{
1070
     5
1000
17583107
1002
}
1002
{
1070
     2
1000
-2000011
1002
}
  0
LINE
  5
15C
330
70
100
AcDbEntity
  8
A-POR-___-___-EXI
 62
   250
100
AcDbLine
 10
10203.80904212857
 20
-13713.72927645482
 30
0.0
 11
10203.80904212858
 21
-14481.72927645482
 31
0.0
1001
REVIT
1002
{
1070
     1
1000
22423324
1002
}
1002
{
1070
     5
1000
17583107
1002
}
1002
{
1070
     2
1000
-2000011
1002
}
  0
LINE
  5
1A4
330
70
100
AcDbEntity
  8
A-POR-___-___-EXI
 62
   250
100
AcDbLine
 10
2253.809042128588
 20
-20671.72927645483
 30
0.0
 11
2255.809042128587
 21
-20671.72927645483
 31
0.0
1001
REVIT
1002
{
1070
     1
1000
22426935
1002
}
1002
{
1070
     5
1000
22476260
1002
}
1002
{
1070
     2
1000
-2000011
1002
}
  0
LINE
  5
1A5
330
70
100
AcDbEntity
  8
A-POR-___-___-EXI
 62
   250
100
AcDbLine
 10
2285.809042128587
 20
-20671.72927645483
 30
0.0
 11
3153.809042128589
 21
-20671.72927645483
 31
0.0
1001
REVIT
1002
{
1070
     1
1000
22426935
1002
}
1002
{
1070
     5
1000
22476260
1002
}
1002
{
1070
     2
1000
-2000011
1002
}
  0
LINE
  5
1A6
330
70
100
AcDbEntity
  8
A-POR-___-___-EXI
 62
   250
100
AcDbLine
 10
5563.775020342736
 20
-20671.72927645483
 30
0.0
 11
5565.775020342734
 21
-20671.72927645483
 31
0.0
1001
REVIT
1002
{
1070
     1
1000
22426935
1002
}
1002
{
1070
     5
1000
22476260
1002
}
1002
{
1070
     2
1000
-2000011
1002
}
  0
LINE
  5
1A7
330
70
100
AcDbEntity
  8
A-POR-___-___-EXI
 62
   250
100
AcDbLine
 10
5595.775020342736
 20
-20671.72927645483
 30
0.0
 11
6463.775020342734
 21
-20671.72927645483
 31
0.0
1001
REVIT
1002
{
1070
     1
1000
22426935
1002
}
1002
{
1070
     5
1000
22476260
1002
}
1002
{
1070
     2
1000
-2000011
1002
}
  0
LINE
  5
1A8
330
70
100
AcDbEntity
  8
A-POR-___-___-EXI
 62
   250
100
AcDbLine
 10
6463.775020342734
 20
-21171.72927645484
 30
0.0
 11
5563.775020342738
 21
-21171.72927645484
 31
0.0
1001
REVIT
1002
{
1070
     1
1000
22426935
1002
}
1002
{
1070
     5
1000
22476260
1002
}
1002
{
1070
     2
1000
-2000011
1002
}
  0
LINE
  5
1AF
330
70
100
AcDbEntity
  8
A-POR-___-___-EXI
 62
   250
100
AcDbLine
 10
5363.775020342735
 20
-17481.72927645482
 30
0.0
 11
5363.775020342733
 21
-18381.72927645482
 31
0.0
1001
REVIT
1002
{
1070
     1
1000
22427154
1002
}
1002
{
1070
     5
1000
17583107
1002
}
1002
{
1070
     2
1000
-2000011
1002
}
  0
LINE
  5
1B0
330
70
100
AcDbEntity
  8
A-POR-___-___-EXI
 62
   250
100
AcDbLine
 10
5143.775020342733
 20
-18381.72927645482
 30
0.0
 11
5143.775020342736
 21
-17513.72927645482
 31
0.0
1001
REVIT
1002
{
1070
     1
1000
22427154
1002
}
1002
{
1070
     5
1000
17583107
1002
}
1002
{
1070
     2
1000
-2000011
1002
}
  0
LINE
  5
1B1
330
70
100
AcDbEntity
  8
A-POR-___-___-EXI
 62
   250
100
AcDbLine
 10
5143.775020342736
 20
-17483.72927645482
 30
0.0
 11
5143.775020342736
 21
-17481.72927645482
 31
0.0
1001
REVIT
1002
{
1070
     1
1000
22427154
1002
}
1002
{
1070
     5
1000
17583107
1002
}
1002
{
1070
     2
1000
-2000011
1002
}
  0
LINE
  5
1B2
330
70
100
AcDbEntity
  8
A-POR-___-___-EXI
100
AcDbLine
 10
9333.809042128526
 20
-9363.380170250826
 30
0.0
 11
8432.809042128525
 21
-9370.01213660204
 31
0.0
1001
REVIT
1002
{
1070
     1
1000
22446589
1002
}
1002
{
1070
     2
1000
-2000051
1002
}
1002
{
1070
     3
1000
-2000066
1002
}
  0
LINE
  5
1B9
330
70
100
AcDbEntity
  8
A-POR-___-___-EXI
 62
   250
100
AcDbLine
 10
5984.776965628818
 20
-7421.729276454843
 30
0.0
 11
5984.77696562881
 21
-8221.729276454844
 31
0.0
1001
REVIT
1002
{
1070
     1
1000
22451261
1002
}
1002
{
1070
     5
1000
17583107
1002
}
1002
{
1070
     2
1000
-2000011
1002
}
  0
LINE
  5
1BA
330
70
100
AcDbEntity
  8
A-POR-___-___-EXI
 62
   250
100
AcDbLine
 10
5764.776965628811
 20
-8221.729276454842
 30
0.0
 11
5764.776965628811
 21
-8219.729276454842
 31
0.0
1001
REVIT
1002
{
1070
     1
1000
22451261
1002
}
1002
{
1070
     5
1000
17583107
1002
}
1002
{
1070
     2
1000
-2000011
1002
}
  0
LINE
  5
1BB
330
70
100
AcDbEntity
  8
A-POR-___-___-EXI
 62
   250
100
AcDbLine
 10
5764.776965628811
 20
-8189.729276454846
 30
0.0
 11
5764.776965628819
 21
-7421.729276454844
 31
0.0
1001
REVIT
1002
{
1070
     1
1000
22451261
1002
}
1002
{
1070
     5
1000
17583107
1002
}
1002
{
1070
     2
1000
-2000011
1002
}
  0
LINE
  5
1C6
330
70
100
AcDbEntity
  8
A-POR-___-___-EXI
 62
   250
100
AcDbLine
 10
1603.809042128573
 20
-11631.72927645483
 30
0.0
 11
1603.809042128573
 21
-12499.72927645484
 31
0.0
1001
REVIT
1002
{
1070
     1
1000
22452449
1002
}
1002
{
1070
     5
1000
22474519
1002
}
1002
{
1070
     2
1000
-2000011
1002
}
  0
LINE
  5
1C7
330
70
100
AcDbEntity
  8
A-POR-___-___-EXI
 62
   250
100
AcDbLine
 10
1603.809042128573
 20
-12529.72927645483
 30
0.0
 11
1603.809042128573
 21
-12531.72927645483
 31
0.0
1001
REVIT
1002
{
1070
     1
1000
22452449
1002
}
1002
{
1070
     5
1000
22474519
1002
}
1002
{
1070
     2
1000
-2000011
1002
}
  0
LINE
  5
1C8
330
70
100
AcDbEntity
  8
A-POR-___-___-EXI
 62
   250
100
AcDbLine
 10
1303.809042128572
 20
-12531.72927645484
 30
0.0
 11
1303.809042128572
 21
-11631.72927645484
 31
0.0
1001
REVIT
1002
{
1070
     1
1000
22452449
1002
}
1002
{
1070
     5
1000
22474519
1002
}
1002
{
1070
     2
1000
-2000011
1002
}
  0
LINE
  5
1DA
330
70
100
AcDbEntity
  8
A-ALV-___-___-EXI
 62
     7
370
    35
100
AcDbLine
 10
8663.809042128571
 20
-13031.72927645482
 30
0.0
 11
4613.775020342726
 21
-13031.72927645483
 31
0.0
1001
REVIT
1002
{
1070
     1
1000
22475693
1002
}
1002
{
1070
     5
1000
17583107
1002
}
1002
{
1070
     2
1000
-2000011
1002
}
  0
LINE
  5
1DB
330
70
100
AcDbEntity
  8
A-POR-___-___-EXI
 62
   250
100
AcDbLine
 10
4583.775020342724
 20
-13251.72927645483
 30
0.0
 11
4581.775020342725
 21
-13251.72927645483
 31
0.0
1001
REVIT
1002
{
1070
     1
1000
22475693
1002
}
1002
{
1070
     5
1000
17583107
1002
}
1002
{
1070
     2
1000
-2000011
1002
}
  0
LINE
  5
1DC
330
70
100
AcDbEntity
  8
A-POR-___-___-EXI
 62
   250
100
AcDbLine
 10
4551.775020342724
 20
-13251.72927645483
 30
0.0
 11
3683.775020342724
 21
-13251.72927645483
 31
0.0
1001
REVIT
1002
{
1070
     1
1000
22475693
1002
}
1002
{
1070
     5
1000
17583107
1002
}
1002
{
1070
     2
1000
-2000011
1002
}
  0
LINE
  5
1DD
330
70
100
AcDbEntity
  8
A-POR-___-___-EXI
 62
   250
100
AcDbLine
 10
3683.775020342727
 20
-13031.72927645483
 30
0.0
 11
4583.775020342726
 21
-13031.72927645483
 31
0.0
1001
REVIT
1002
{
1070
     1
1000
22475693
1002
}
1002
{
1070
     5
1000
17583107
1002
}
1002
{
1070
     2
1000
-2000011
1002
}
  0
LINE
  5
1E2
330
70
100
AcDbEntity
  8
A-POR-___-___-EXI
 62
   250
100
AcDbLine
 10
8443.809042128572
 20
-14501.72927645483
 30
0.0
 11
8443.809042128568
 21
-13733.72927645483
 31
0.0
1001
REVIT
1002
{
1070
     1
1000
22475735
1002
}
1002
{
1070
     5
1000
17583107
1002
}
1002
{
1070
     2
1000
-2000011
1002
}
  0
LINE
  5
1E3
330
70
100
AcDbEntity
  8
A-POR-___-___-EXI
 62
   250
100
AcDbLine
 10
8443.809042128568
 20
-13703.72927645483
 30
0.0
 11
8443.809042128568
 21
-13701.72927645483
 31
0.0
1001
REVIT
1002
{
1070
     1
1000
22475735
1002
}
1002
{
1070
     5
1000
17583107
1002
}
1002
{
1070
     2
1000
-2000011
1002
}
  0
LINE
  5
1E4
330
70
100
AcDbEntity
  8
A-POR-___-___-EXI
 62
   250
100
AcDbLine
 10
8663.809042128569
 20
-13701.72927645483
 30
0.0
 11
8663.809042128573
 21
-14501.72927645483
 31
0.0
1001
REVIT
1002
{
1070
     1
1000
22475735
1002
}
1002
{
1070
     5
1000
17583107
1002
}
1002
{
1070
     2
1000
-2000011
1002
}
  0
LINE
  5
23D
330
70
100
AcDbEntity
  8
A-POR-___-___-EXI
100
AcDbLine
 10
6463.77502034273
 20
-21067.10709522583
 30
0.0
 11
5563.775020342738
 21
-21085.35527040832
 31
0.0
1001
REVIT
1002
{
1070
     1
1000
22479662
1002
}
1002
{
1070
     2
1000
-2000051
1002
}
1002
{
1070
     3
1000
-2000066
1002
}
  0
LINE
  5
23E
330
70
100
AcDbEntity
  8
A-POR-___-___-EXI
100
AcDbLine
 10
3153.809042128585
 20
-21134.21913857973
 30
0.0
 11
2253.809042128585
 21
-21152.46731376222
 31
0.0
1001
REVIT
1002
{
1070
     1
1000
22479662
1002
}
1002
{
1070
     2
1000
-2000051
1002
}
1002
{
1070
     3
1000
-2000066
1002
}
  0
LINE
  5
243
330
70
100
AcDbEntity
  8
A-ALV-___-___-EXI
 62
     7
370
    35
100
AcDbLine
 10
9773.809042128528
 20
-5941.729276454819
 30
0.0
 11
9773.809042128528
 21
-6281.729276454819
 31
0.0
1001
REVIT
1002
{
1070
     1
1000
22485333
1002
}
1002
{
1070
     5
1000
17583107
1002
}
1002
{
1070
     2
1000
-2000011
1002
}
  0
LINE
  5
30D
330
70
100
AcDbEntity
  8
A-POR-___-___-EXI
100
AcDbLine
 10
2223.809042128588
 20
-21171.72927645484
 30
0.0
 11
2253.80904212859
 21
-21171.72927645484
 31
0.0
1001
REVIT
1002
{
1070
     1
1000
22424017
1002
}
1002
{
1070
     5
1000
22369137
1002
}
  0
LINE
  5
371
330
70
100
AcDbEntity
  8
A-POR-___-___-EXI
100
AcDbLine
 10
8402.780633250547
 20
-9221.729276454821
 30
0.0
 11
8388.809042128533
 21
-9221.729276454821
 31
0.0
1001
REVIT
1002
{
1070
     1
1000
22477705
1002
}
1002
{
1070
     5
1000
22355185
1002
}
  0
LINE
  5
372
330
70
100
AcDbEntity
  8
A-POR-___-___-EXI
100
AcDbLine
 10
8388.809042128526
 20
-9441.729276455784
 30
0.0
 11
8402.780633250541
 21
-9441.729276455784
 31
0.0
1001
REVIT
1002
{
1070
     1
1000
22477705
1002
}
1002
{
1070
     5
1000
22355185
1002
}
  0
LINE
  5
38D
330
70
100
AcDbEntity
  8
A-JAN-___-___-EXI
100
AcDbLine
 10
1603.809042128584
 20
-16881.72927645484
 30
0.0
 11
1603.809042128579
 21
-16271.72927645484
 31
0.0
1001
REVIT
1002
{
1070
     1
1000
22512460
1002
}
1002
{
1070
     2
1000
-2000051
1002
}
1002
{
1070
     3
1000
-2000042
1002
}
  0
LINE
  5
3C9
330
70
100
AcDbEntity
  8
A-JAN-___-___-EXI
100
AcDbLine
 10
13633.80904212854
 20
-4631.72927645481
 30
0.0
 11
13633.80904212853
 21
-5261.72927645481
 31
0.0
1001
REVIT
1002
{
1070
     1
1000
22479319
1002
}
1002
{
1070
     2
1000
-2000051
1002
}
1002
{
1070
     3
1000
-2000066
1002
}
  0
LWPOLYLINE
  5
443
330
70
100
AcDbEntity
  8
A-ALV-___-___-EXI
 62
     7
370
    35
100
AcDbPolyline
 90
        7
 70
     0
 43
0.0
 10
9363.809042128533
 20
-9441.72927645482
 10
9983.809042128587
 20
-9441.72927645482
 10
9983.809042128584
 20
-11681.72927645482
 10
10203.80904212954
 20
-11681.72927645482
 10
10203.80904212954
 20
-11711.72927645482
 10
9983.809042128584
 20
-11711.72927645482
 10
9983.809042128584
 20
-11681.72927645482
1001
REVIT
1002
{
1070
     1
1000
22423324
1002
}
1002
{
1070
     5
1000
17583107
1002
}
1002
{
1070
     2
1000
-2000011
1002
}
  0
LWPOLYLINE
  5
444
330
70
100
AcDbEntity
  8
A-ALV-___-___-EXI
 62
     7
370
    35
100
AcDbPolyline
 90
        7
 70
     0
 43
0.0
 10
9983.809042128582
 20
-14511.72927645483
 10
10203.80904212954
 20
-14511.72927645483
 10
10203.80904212954
 20
-14481.72927645483
 10
9983.809042128582
 20
-14481.72927645483
 10
9983.80904212858
 20
-14511.72927645482
 10
9983.809042128577
 20
-16801.72927645482
 10
9763.809042128578
 20
-16801.72927645482
1001
REVIT
1002
{
1070
     1
1000
22423324
1002
}
1002
{
1070
     5
1000
17583107
1002
}
1002
{
1070
     2
1000
-2000011
1002
}
  0
LWPOLYLINE
  5
445
330
70
100
AcDbEntity
  8
A-ALV-___-___-EXI
 62
     7
370
    35
100
AcDbPolyline
 90
        4
 70
     0
 43
0.0
 10
13283.80904212857
 20
-17021.72927645482
 10
13283.80904212856
 20
-17801.72927645482
 10
13283.80904212857
 20
-20671.72927645482
 10
6493.775020342734
 20
-20671.72927645483
1001
REVIT
1002
{
1070
     1
1000
22426668
1002
}
1002
{
1070
     5
1000
22476216
1002
}
1002
{
1070
     2
1000
-2000011
1002
}
  0
LWPOLYLINE
  5
446
330
70
100
AcDbEntity
  8
A-ALV-___-___-EXI
 62
     7
370
    35
100
AcDbPolyline
 90
        7
 70
     0
 43
0.0
 10
5533.775020342736
 20
-20671.72927645483
 10
5363.775020342738
 20
-20671.72927645483
 10
5363.775020342733
 20
-18411.72927645482
 10
5143.775020341776
 20
-18411.72927645482
 10
5143.775020341776
 20
-18381.72927645482
 10
5363.775020342738
 20
-18381.72927645482
 10
5363.775020342738
 20
-18411.72927645482
1001
REVIT
1002
{
1070
     1
1000
22427154
1002
}
1002
{
1070
     5
1000
17583107
1002
}
1002
{
1070
     2
1000
-2000011
1002
}
  0
LWPOLYLINE
  5
447
330
70
100
AcDbEntity
  8
A-ALV-___-___-EXI
 62
     7
370
    35
100
AcDbPolyline
 90
        3
 70
     0
 43
0.0
 10
5143.775020342733
 20
-18411.72927645482
 10
5143.775020342737
 20
-20671.72927645483
 10
3183.809042128587
 20
-20671.72927645483
1001
REVIT
1002
{
1070
     1
1000
22427154
1002
}
1002
{
1070
     5
1000
17583107
1002
}
1002
{
1070
     2
1000
-2000011
1002
}
  0
LWPOLYLINE
  5
448
330
70
100
AcDbEntity
  8
A-ALV-___-___-EXI
 62
     7
370
    35
100
AcDbPolyline
 90
       11
 70
     0
 43
0.0
 10
5363.775020342735
 20
-17451.72927645482
 10
5143.775020341776
 20
-17451.72927645482
 10
5143.775020341776
 20
-17481.72927645482
 10
5363.775020342735
 20
-17481.72927645482
 10
5363.775020342735
 20
-17451.72927645482
 10
5363.775020342735
 20
-17021.72927645482
 10
6653.809042128583
 20
-17021.72927645482
 10
6653.809042128582
 20
-16801.72927645386
 10
6683.809042128584
 20
-16801.72927645386
 10
6683.809042128584
 20
-17021.72927645482
 10
6653.809042128582
 20
-17021.72927645482
1001
REVIT
1002
{
1070
     1
1000
22427154
1002
}
1002
{
1070
     5
1000
17583107
1002
}
1002
{
1070
     2
1000
-2000011
1002
}
  0
LWPOLYLINE
  5
449
330
70
100
AcDbEntity
  8
A-ALV-___-___-EXI
 62
     7
370
    35
100
AcDbPolyline
 90
       10
 70
     0
 43
0.0
 10
1603.809042128573
 20
-11601.72927645484
 10
1603.809042128569
 20
-9441.729276454836
 10
8388.809042128526
 20
-9441.729276454823
 10
8388.809042128526
 20
-9221.729276454823
 10
5984.776965628814
 20
-9221.729276454828
 10
5984.77696562881
 20
-8251.729276454845
 10
5764.776965627852
 20
-8251.729276454842
 10
5764.776965627852
 20
-8221.729276454846
 10
5984.776965628815
 20
-8221.729276454846
 10
5984.776965628815
 20
-8251.729276454842
1001
REVIT
1002
{
1070
     1
1000
22452449
1002
}
1002
{
1070
     5
1000
22474519
1002
}
1002
{
1070
     2
1000
-2000011
1002
}
  0
LWPOLYLINE
  5
44A
330
70
100
AcDbEntity
  8
A-ALV-___-___-EXI
 62
     7
370
    35
100
AcDbPolyline
 90
       12
 70
     0
 43
0.0
 10
5984.776965628817
 20
-7391.729276454843
 10
5764.776965627856
 20
-7391.729276454843
 10
5764.776965627856
 20
-7421.729276454844
 10
5984.776965628817
 20
-7421.729276454846
 10
5984.776965628818
 20
-7391.729276454845
 10
5984.776965628816
 20
-6181.729276454843
 10
1303.809042128559
 20
-6181.729276454834
 10
1303.809042128572
 20
-11601.72927645484
 10
1603.809042129533
 20
-11601.72927645484
 10
1603.809042129533
 20
-11631.72927645484
 10
1303.809042128571
 20
-11631.72927645484
 10
1303.809042128571
 20
-11601.72927645484
1001
REVIT
1002
{
1070
     1
1000
22453732
1002
}
1002
{
1070
     5
1000
22474519
1002
}
1002
{
1070
     2
1000
-2000011
1002
}
  0
LWPOLYLINE
  5
44B
330
70
100
AcDbEntity
  8
A-ALV-___-___-EXI
 62
     7
370
    35
100
AcDbPolyline
 90
        6
 70
     0
 43
0.0
 10
5764.776965628811
 20
-8251.729276454842
 10
5764.776965628815
 20
-9221.729276454828
 10
1603.809042128569
 20
-9221.729276454835
 10
1603.809042128558
 20
-6401.729276454837
 10
5764.776965628814
 20
-6401.729276454841
 10
5764.776965628819
 20
-7391.729276454843
1001
REVIT
1002
{
1070
     1
1000
22453732
1002
}
1002
{
1070
     5
1000
22474519
1002
}
1002
{
1070
     2
1000
-2000011
1002
}
  0
LWPOLYLINE
  5
44C
330
70
100
AcDbEntity
  8
A-ALV-___-___-EXI
 62
     7
370
    35
100
AcDbPolyline
 90
        8
 70
     1
 43
0.0
 10
9773.80904212854
 20
-2121.729276454812
 10
9773.809042128537
 20
-4551.72927645481
 10
9993.809042128534
 20
-4551.72927645481
 10
9993.809042128539
 20
-2341.72927645481
 10
13283.80904212854
 20
-2341.72927645481
 10
13283.80904212854
 20
-4631.729276454811
 10
13633.80904212854
 20
-4631.72927645481
 10
13633.80904212854
 20
-2121.729276454811
1001
REVIT
1002
{
1070
     1
1000
22475381
1002
}
1002
{
1070
     5
1000
17583107
1002
}
1002
{
1070
     2
1000
-2000011
1002
}
  0
LWPOLYLINE
  5
44D
330
70
100
AcDbEntity
  8
A-ALV-___-___-EXI
 62
     7
370
    35
100
AcDbPolyline
 90
        9
 70
     0
 43
0.0
 10
1303.809042128572
 20
-12561.72927645484
 10
1603.809042129535
 20
-12561.72927645484
 10
1603.809042129535
 20
-12531.72927645483
 10
1303.809042128572
 20
-12531.72927645483
 10
1303.809042128572
 20
-12561.72927645484
 10
1303.809042128576
 20
-16271.72927645484
 10
1603.809042128577
 20
-16271.72927645484
 10
1603.809042128573
 20
-13251.72927645484
 10
3653.775020342726
 20
-13251.72927645483
1001
REVIT
1002
{
1070
     1
1000
22475693
1002
}
1002
{
1070
     5
1000
17583107
1002
}
1002
{
1070
     2
1000
-2000011
1002
}
  0
LWPOLYLINE
  5
44E
330
70
100
AcDbEntity
  8
A-ALV-___-___-EXI
 62
     7
370
    35
100
AcDbPolyline
 90
        7
 70
     0
 43
0.0
 10
3653.77502034273
 20
-13031.72927645483
 10
3653.77502034273
 20
-13251.72927645579
 10
3683.775020342727
 20
-13251.72927645579
 10
3683.775020342727
 20
-13031.72927645483
 10
3653.775020342726
 20
-13031.72927645483
 10
1603.809042128571
 20
-13031.72927645483
 10
1603.809042128573
 20
-12561.72927645484
1001
REVIT
1002
{
1070
     1
1000
22475693
1002
}
1002
{
1070
     5
1000
17583107
1002
}
1002
{
1070
     2
1000
-2000011
1002
}
  0
LWPOLYLINE
  5
44F
330
70
100
AcDbEntity
  8
A-ALV-___-___-EXI
 62
     7
370
    35
100
AcDbPolyline
 90
        3
 70
     0
 43
0.0
 10
4613.775020342726
 20
-13251.72927645483
 10
5143.775020342722
 20
-13251.72927645483
 10
5143.775020342736
 20
-17451.72927645482
1001
REVIT
1002
{
1070
     1
1000
22475693
1002
}
1002
{
1070
     5
1000
17583107
1002
}
1002
{
1070
     2
1000
-2000011
1002
}
  0
LWPOLYLINE
  5
450
330
70
100
AcDbEntity
  8
A-ALV-___-___-EXI
 62
     7
370
    35
100
AcDbPolyline
 90
        5
 70
     0
 43
0.0
 10
6653.809042128583
 20
-16801.72927645482
 10
5363.775020342735
 20
-16801.72927645482
 10
5363.775020342725
 20
-13251.72927645483
 10
8443.80904212857
 20
-13251.72927645482
 10
8443.809042128568
 20
-13671.72927645483
1001
REVIT
1002
{
1070
     1
1000
22475735
1002
}
1002
{
1070
     5
1000
17583107
1002
}
1002
{
1070
     2
1000
-2000011
1002
}
  0
LWPOLYLINE
  5
451
330
70
100
AcDbEntity
  8
A-ALV-___-___-EXI
 62
     7
370
    35
100
AcDbPolyline
 90
        3
 70
     0
 43
0.0
 10
8443.809042128572
 20
-14531.72927645483
 10
8443.809042128568
 20
-16801.72927645482
 10
7513.809042128584
 20
-16801.72927645482
1001
REVIT
1002
{
1070
     1
1000
22475735
1002
}
1002
{
1070
     5
1000
17583107
1002
}
1002
{
1070
     2
1000
-2000011
1002
}
  0
LWPOLYLINE
  5
452
330
70
100
AcDbEntity
  8
A-ALV-___-___-EXI
 62
     7
370
    35
100
AcDbPolyline
 90
        7
 70
     0
 43
0.0
 10
8803.80904212858
 20
-16801.72927645482
 10
8663.809042128569
 20
-16801.72927645482
 10
8663.809042128573
 20
-14531.72927645483
 10
8443.809042127609
 20
-14531.72927645483
 10
8443.809042127609
 20
-14501.72927645483
 10
8663.809042128573
 20
-14501.72927645483
 10
8663.809042128573
 20
-14531.72927645483
1001
REVIT
1002
{
1070
     1
1000
22475735
1002
}
1002
{
1070
     5
1000
17583107
1002
}
1002
{
1070
     2
1000
-2000011
1002
}
  0
LWPOLYLINE
  5
453
330
70
100
AcDbEntity
  8
A-ALV-___-___-EXI
 62
     7
370
    35
100
AcDbPolyline
 90
        6
 70
     0
 43
0.0
 10
10203.80904212858
 20
-11681.72927645482
 10
10203.80904212859
 20
-9441.72927645482
 10
13283.80904212856
 20
-9441.729276454816
 10
13283.80904212856
 20
-12951.72927645482
 10
10203.80904212857
 20
-12951.72927645481
 10
10203.80904212858
 20
-12541.72927645482
1001
REVIT
1002
{
1070
     1
1000
22478454
1002
}
1002
{
1070
     5
1000
22476216
1002
}
1002
{
1070
     2
1000
-2000011
1002
}
  0
LWPOLYLINE
  5
454
330
70
100
AcDbEntity
  8
A-ALV-___-___-EXI
 62
     7
370
    35
100
AcDbPolyline
 90
        8
 70
     0
 43
0.0
 10
10203.80904212857
 20
-13651.72927645482
 10
10203.80904212857
 20
-13171.72927645482
 10
13283.80904212856
 20
-13171.72927645482
 10
13283.80904212856
 20
-13601.72927645481
 10
13283.80904212856
 20
-14381.72927645481
 10
13633.80904212852
 20
-14381.72927645481
 10
13633.80904212856
 20
-13601.72927645481
 10
13283.80904212856
 20
-13601.72927645481
1001
REVIT
1002
{
1070
     1
1000
22478454
1002
}
1002
{
1070
     5
1000
22476216
1002
}
1002
{
1070
     2
1000
-2000011
1002
}
  0
LWPOLYLINE
  5
455
330
70
100
AcDbEntity
  8
A-ALV-___-___-EXI
 62
     7
370
    35
100
AcDbPolyline
 90
       11
 70
     0
 43
0.0
 10
9763.809042128578
 20
-17021.72927645482
 10
9763.809042128578
 20
-16801.72927645386
 10
9733.809042128577
 20
-16801.72927645386
 10
9733.809042128577
 20
-17021.72927645482
 10
9763.809042128578
 20
-17021.72927645482
 10
13633.80904212857
 20
-17021.72927645482
 10
13633.80904212854
 20
-14381.72927645481
 10
13633.80904212856
 20
-13601.72927645481
 10
13633.80904212855
 20
-5261.729276454811
 10
13283.80904212854
 20
-5261.729276454815
 10
13283.80904212854
 20
-4631.729276454811
1001
REVIT
1002
{
1070
     1
1000
22478454
1002
}
1002
{
1070
     5
1000
22476216
1002
}
1002
{
1070
     2
1000
-2000011
1002
}
  0
LWPOLYLINE
  5
456
330
70
100
AcDbEntity
  8
A-PIS-___-___-EXI
100
AcDbPolyline
 90
       10
 70
     0
 43
0.0
 10
13283.80904212854
 20
-5261.729276454815
 10
13283.80904212856
 20
-9221.729276454816
 10
9993.809042128532
 20
-9221.729276454821
 10
9993.809042128532
 20
-7281.729276454822
 10
9773.809042128533
 20
-7281.72927645482
 10
9773.809042128528
 20
-6281.729276454819
 10
9993.809042128532
 20
-6281.729276454821
 10
9993.809042128532
 20
-5941.72927645482
 10
9773.809042128528
 20
-5941.729276454819
 10
9773.809042128537
 20
-4551.729276454812
1001
REVIT
1002
{
1070
     1
1000
22479319
1002
}
1002
{
1070
     2
1000
-2000051
1002
}
1002
{
1070
     3
1000
-2000066
1002
}
  0
LWPOLYLINE
  5
457
330
70
100
AcDbEntity
  8
A-POR-___-___-EXI
100
AcDbPolyline
 90
        2
 70
     1
 43
0.0
 10
1303.809042128604
 20
-11631.72927645484
 10
1303.809042128602
 20
-12531.72927645484
1001
REVIT
1002
{
1070
     1
1000
22479427
1002
}
1002
{
1070
     2
1000
-2000051
1002
}
1002
{
1070
     3
1000
-2000066
1002
}
  0
LWPOLYLINE
  5
458
330
70
100
AcDbEntity
  8
A-PIS-___-___-EXI
100
AcDbPolyline
 90
        7
 70
     0
 43
0.0
 10
8663.809042128574
 20
-13671.72927645483
 10
8443.809042127611
 20
-13671.72927645483
 10
8443.809042127611
 20
-13701.72927645483
 10
8663.809042128574
 20
-13701.72927645483
 10
8663.809042128569
 20
-13671.72927645483
 10
8663.809042128571
 20
-13031.72927645482
 10
9983.80904212858
 20
-13031.72927645482
1001
REVIT
1002
{
1070
     1
1000
22479773
1002
}
1002
{
1070
     2
1000
-2000051
1002
}
1002
{
1070
     3
1000
-2000066
1002
}
  0
LWPOLYLINE
  5
459
330
70
100
AcDbEntity
  8
A-ALV-___-___-EXI
 62
     7
370
    35
100
AcDbPolyline
 90
        7
 70
     0
 43
0.0
 10
9773.809042128533
 20
-7281.72927645482
 10
9773.809042128528
 20
-9221.729276454821
 10
9363.809042128533
 20
-9221.729276454821
 10
9363.809042128533
 20
-9441.729276455786
 10
9333.809042128534
 20
-9441.729276455786
 10
9333.809042128534
 20
-9221.729276454826
 10
9363.809042128533
 20
-9221.729276454826
1001
REVIT
1002
{
1070
     1
1000
22485185
1002
}
1002
{
1070
     5
1000
17583107
1002
}
1002
{
1070
     2
1000
-2000011
1002
}
  0
LWPOLYLINE
  5
45A
330
70
100
AcDbEntity
  8
A-ALV-___-___-EXI
100
AcDbPolyline
 90
        4
 70
     1
 43
0.0
 10
1486.868849304013
 20
-23121.48243275216
 10
1486.868849304013
 20
-22996.48243275216
 10
1303.809042128589
 20
-22996.48243275216
 10
1303.809042128589
 20
-23121.48243275216
1001
REVIT
1002
{
1070
     1
1000
22512382
1002
}
1002
{
1070
     2
1000
-2000051
1002
}
1002
{
1070
     3
1000
-2000042
1002
}
  0
LWPOLYLINE
  5
45B
330
70
100
AcDbEntity
  8
A-PIL-___-___-EXI
100
AcDbPolyline
 90
        4
 70
     1
 43
0.0
 10
3041.217248927197
 20
-23121.48243275216
 10
3041.217248927197
 20
-22996.48243275216
 10
2935.058406844106
 20
-22996.48243275216
 10
2935.058406844106
 20
-23121.48243275216
1001
REVIT
1002
{
1070
     1
1000
22512386
1002
}
1002
{
1070
     2
1000
-2000051
1002
}
1002
{
1070
     3
1000
-2000042
1002
}
  0
LWPOLYLINE
  5
45C
330
70
100
AcDbEntity
  8
A-PIL-___-___-EXI
100
AcDbPolyline
 90
        4
 70
     1
 43
0.0
 10
5449.933862425805
 20
-23121.48243275216
 10
5449.933862425805
 20
-22996.48243275216
 10
5343.775020342715
 20
-22996.48243275216
 10
5343.775020342715
 20
-23121.48243275216
1001
REVIT
1002
{
1070
     1
1000
22512409
1002
}
1002
{
1070
     2
1000
-2000051
1002
}
1002
{
1070
     3
1000
-2000042
1002
}
  0
LWPOLYLINE
  5
45D
330
70
100
AcDbEntity
  8
A-PIL-___-___-EXI
100
AcDbPolyline
 90
        4
 70
     1
 43
0.0
 10
8281.217248927196
 20
-23121.48243275216
 10
8281.217248927196
 20
-22996.48243275216
 10
8175.058406844106
 20
-22996.48243275216
 10
8175.058406844106
 20
-23121.48243275216
1001
REVIT
1002
{
1070
     1
1000
22512413
1002
}
1002
{
1070
     2
1000
-2000051
1002
}
1002
{
1070
     3
1000
-2000042
1002
}
  0
LWPOLYLINE
  5
45E
330
70
100
AcDbEntity
  8
A-PIL-___-___-EXI
100
AcDbPolyline
 90
        4
 70
     1
 43
0.0
 10
10941.21724892719
 20
-23121.48243275216
 10
10941.21724892719
 20
-22996.48243275216
 10
10835.05840684411
 20
-22996.48243275216
 10
10835.05840684411
 20
-23121.48243275216
1001
REVIT
1002
{
1070
     1
1000
22512417
1002
}
1002
{
1070
     2
1000
-2000051
1002
}
1002
{
1070
     3
1000
-2000042
1002
}
  0
LWPOLYLINE
  5
45F
330
70
100
AcDbEntity
  8
A-PIL-___-___-EXI
100
AcDbPolyline
 90
        4
 70
     1
 43
0.0
 10
13631.21724892719
 20
-23121.48243275216
 10
13631.21724892719
 20
-22996.48243275216
 10
13525.05840684411
 20
-22996.48243275216
 10
13525.05840684411
 20
-23121.48243275216
1001
REVIT
1002
{
1070
     1
1000
22512421
1002
}
1002
{
1070
     2
1000
-2000051
1002
}
1002
{
1070
     3
1000
-2000042
1002
}
  0
LWPOLYLINE
  5
460
330
70
100
AcDbEntity
  8
A-PIS-___-___-EXI
100
AcDbPolyline
 90
        2
 70
     1
 43
0.0
 10
5984.776965628816
 20
-6181.729276454843
 10
9773.809042128528
 20
-6181.729276454841
1001
REVIT
1002
{
1070
     1
1000
22512399
1002
}
1002
{
1070
     2
1000
-2000051
1002
}
1002
{
1070
     3
1000
-2000042
1002
}
  0
LWPOLYLINE
  5
461
330
70
100
AcDbEntity
  8
A-PIS-___-___-EXI
100
AcDbPolyline
 90
        5
 70
     0
 43
0.0
 10
8553.809042128529
 20
-6181.729276454841
 10
8553.809042128529
 20
-6381.729276454843
 10
8803.809042128529
 20
-6381.729276454844
 10
8803.809042128529
 20
-6181.729276454841
 10
9773.809042128528
 20
-6181.729276454841
1001
REVIT
1002
{
1070
     1
1000
22512399
1002
}
1002
{
1070
     2
1000
-2000051
1002
}
1002
{
1070
     3
1000
-2000042
1002
}
  0
LWPOLYLINE
  5
462
330
70
100
AcDbEntity
  8
A-ALV-___-___-EXI
100
AcDbPolyline
 90
        4
 70
     0
 43
0.0
 10
10203.80904212858
 20
-14511.72927645482
 10
10203.80904212857
 20
-16801.72927645482
 10
13283.80904212857
 20
-16801.72927645482
 10
13283.80904212856
 20
-14381.72927645481
1001
REVIT
1002
{
1070
     1
1000
22512458
1002
}
1002
{
1070
     2
1000
-2000051
1002
}
1002
{
1070
     3
1000
-2000042
1002
}
  0
LWPOLYLINE
  5
463
330
70
100
AcDbEntity
  8
A-ALV-___-___-EXI
100
AcDbPolyline
 90
       12
 70
     0
 43
0.0
 10
2223.809042128586
 20
-20671.72927645483
 10
1603.809042128586
 20
-20671.72927645484
 10
1603.809042128584
 20
-16881.72927645484
 10
1303.809042128583
 20
-16881.72927645484
 10
1303.809042128585
 20
-21171.72927645484
 10
1303.809042128596
 20
-23794.66041408191
 10
13633.80904212858
 20
-23794.66041408189
 10
13633.80904212857
 20
-21171.72927645482
 10
13633.80904212854
 20
-17801.72927645481
 10
13633.80904212852
 20
-17021.72927645482
 10
13633.80904212857
 20
-17801.72927645482
 10
13283.80904212856
 20
-17801.72927645482
1001
REVIT
1002
{
1070
     1
1000
22512459
1002
}
1002
{
1070
     2
1000
-2000051
1002
}
1002
{
1070
     3
1000
-2000042
1002
}
  0
LWPOLYLINE
  5
464
330
70
100
AcDbEntity
  8
A-ALV-___-___-EXI
100
AcDbPolyline
 90
        7
 70
     0
 43
0.0
 10
6493.775020342737
 20
-21171.72927645484
 10
6493.775020342737
 20
-20671.72927645387
 10
6463.77502034274
 20
-20671.72927645387
 10
6463.77502034274
 20
-21171.72927645484
 10
6493.775020342734
 20
-21171.72927645484
 10
13633.80904212857
 20
-21171.72927645482
 10
1303.809042128585
 20
-21171.72927645484
1001
REVIT
1002
{
1070
     1
1000
22512459
1002
}
1002
{
1070
     2
1000
-2000051
1002
}
1002
{
1070
     3
1000
-2000042
1002
}
  0
LWPOLYLINE
  5
465
330
70
100
AcDbEntity
  8
A-POR-___-___-EXI
100
AcDbPolyline
 90
        6
 70
     0
 43
0.0
 10
6461.775020342738
 20
-20671.72927645387
 42
0.4142135623730951
 10
5565.77502034274
 20
-19775.72927645387
 10
5565.77502034274
 20
-20671.72927645387
 10
5595.775020342736
 20
-20671.72927645387
 10
5595.775020342732
 20
-19775.72927645387
 10
5565.775020342734
 20
-19775.72927645387
1001
REVIT
1002
{
1070
     1
1000
22424017
1002
}
1002
{
1070
     5
1000
22369137
1002
}
1002
{
1070
     3
1000
-2000027
1002
}
  0
LWPOLYLINE
  5
466
330
70
100
AcDbEntity
  8
A-POR-___-___-EXI
100
AcDbPolyline
 90
        4
 70
     1
 43
0.0
 10
5563.775020342739
 20
-21171.72927645484
 10
5563.775020342739
 20
-20671.72927645387
 10
5533.775020342737
 20
-20671.72927645387
 10
5533.775020342737
 20
-21171.72927645484
1001
REVIT
1002
{
1070
     1
1000
22424017
1002
}
1002
{
1070
     5
1000
22369137
1002
}
  0
LWPOLYLINE
  5
467
330
70
100
AcDbEntity
  8
A-POR-___-___-EXI
100
AcDbPolyline
 90
        6
 70
     0
 43
0.0
 10
9731.809042128578
 20
-15905.72927645385
 10
9731.809042128578
 20
-16801.72927645385
 10
9701.80904212858
 20
-16801.72927645385
 10
9701.80904212858
 20
-15905.72927645385
 10
9731.809042128578
 20
-15905.72927645385
 42
0.4142135623730951
 10
8835.809042128579
 20
-16801.72927645385
1001
REVIT
1002
{
1070
     1
1000
22477547
1002
}
1002
{
1070
     5
1000
22369137
1002
}
1002
{
1070
     3
1000
-2000027
1002
}
  0
LWPOLYLINE
  5
468
330
70
100
AcDbEntity
  8
A-POR-___-___-EXI
100
AcDbPolyline
 90
        4
 70
     1
 43
0.0
 10
8803.80904212858
 20
-17021.72927645482
 10
8803.80904212858
 20
-16801.72927645386
 10
8833.809042128578
 20
-16801.72927645386
 10
8833.809042128578
 20
-17021.72927645482
1001
REVIT
1002
{
1070
     1
1000
22477547
1002
}
1002
{
1070
     5
1000
22369137
1002
}
  0
LWPOLYLINE
  5
469
330
70
100
AcDbEntity
  8
A-POR-___-___-EXI
100
AcDbPolyline
 90
       10
 70
     0
 43
0.0
 10
9331.809042128536
 20
-10340.72927645579
 10
9301.809042128532
 20
-10340.72927645579
 10
9301.80904212853
 20
-9441.729276455788
 10
9331.809042128531
 20
-9441.729276455788
 10
9331.809042128531
 20
-10340.72927645579
 42
-0.4142135623730951
 10
8432.809042128527
 20
-9441.729276455786
 10
8432.809042128527
 20
-9221.729276454823
 10
8403.809042128534
 20
-9221.729276454823
 10
8403.809042128534
 20
-9441.729276455786
 10
8432.809042128527
 20
-9441.729276455786
1001
REVIT
1002
{
1070
     1
1000
22477705
1002
}
1002
{
1070
     5
1000
22355185
1002
}
  0
LWPOLYLINE
  5
46A
330
70
100
AcDbEntity
  8
A-POR-___-___-EXI
100
AcDbPolyline
 90
        6
 70
     0
 43
0.0
 10
7647.809042127611
 20
-13703.72927645483
 10
8443.809042127609
 20
-13703.72927645483
 10
8443.809042127609
 20
-13733.72927645483
 10
7647.809042127611
 20
-13733.72927645483
 10
7647.809042127611
 20
-13703.72927645483
 42
0.4142135623730951
 10
8443.809042127609
 20
-14499.72927645483
1001
REVIT
1002
{
1070
     1
1000
22423925
1002
}
1002
{
1070
     5
1000
22369145
1002
}
1002
{
1070
     3
1000
-2000027
1002
}
  0
LWPOLYLINE
  5
46B
330
70
100
AcDbEntity
  8
A-POR-___-___-EXI
100
AcDbPolyline
 90
        6
 70
     0
 43
0.0
 10
4247.775020341772
 20
-17483.72927645483
 10
5143.775020341775
 20
-17483.72927645482
 10
5143.775020341775
 20
-17513.72927645482
 10
4247.775020341772
 20
-17513.72927645482
 10
4247.775020341772
 20
-17483.72927645482
 42
0.4142135623730951
 10
5143.775020341775
 20
-18379.72927645482
1001
REVIT
1002
{
1070
     1
1000
22477547
1002
}
1002
{
1070
     5
1000
22369137
1002
}
1002
{
1070
     3
1000
-2000027
1002
}
  0
LWPOLYLINE
  5
46C
330
70
100
AcDbEntity
  8
A-POR-___-___-EXI
100
AcDbPolyline
 90
        6
 70
     0
 43
0.0
 10
3685.77502034273
 20
-13251.72927645579
 42
0.4142135623730951
 10
4581.775020342726
 20
-14147.72927645579
 10
4581.775020342726
 20
-13251.72927645579
 10
4551.77502034273
 20
-13251.72927645579
 10
4551.775020342733
 20
-14147.72927645579
 10
4581.77502034273
 20
-14147.72927645579
1001
REVIT
1002
{
1070
     1
1000
22477442
1002
}
1002
{
1070
     5
1000
22369137
1002
}
1002
{
1070
     3
1000
-2000027
1002
}
  0
LWPOLYLINE
  5
46D
330
70
100
AcDbEntity
  8
A-POR-___-___-EXI
100
AcDbPolyline
 90
        4
 70
     1
 43
0.0
 10
4583.775020342726
 20
-13031.72927645483
 10
4583.775020342726
 20
-13251.72927645579
 10
4613.775020342728
 20
-13251.72927645579
 10
4613.775020342728
 20
-13031.72927645483
1001
REVIT
1002
{
1070
     1
1000
22477442
1002
}
1002
{
1070
     5
1000
22369137
1002
}
  0
LWPOLYLINE
  5
46E
330
70
100
AcDbEntity
  8
A-POR-___-___-EXI
100
AcDbPolyline
 90
        6
 70
     0
 43
0.0
 10
2499.809042129537
 20
-12529.72927645483
 10
1603.809042129537
 20
-12529.72927645483
 10
1603.809042129537
 20
-12499.72927645484
 10
2499.809042129537
 20
-12499.72927645484
 10
2499.809042129536
 20
-12529.72927645483
 42
0.4142135623730951
 10
1603.809042129536
 20
-11633.72927645483
1001
REVIT
1002
{
1070
     1
1000
22477217
1002
}
1002
{
1070
     5
1000
22369137
1002
}
1002
{
1070
     3
1000
-2000027
1002
}
  0
LWPOLYLINE
  5
46F
330
70
100
AcDbEntity
  8
A-POR-___-___-EXI
100
AcDbPolyline
 90
        6
 70
     0
 43
0.0
 10
5764.776965627851
 20
-7423.729276454847
 42
0.4142135623730951
 10
4968.776965627853
 20
-8219.729276454847
 10
5764.776965627851
 20
-8219.729276454847
 10
5764.776965627851
 20
-8189.729276454844
 10
4968.776965627853
 20
-8189.729276454846
 10
4968.776965627853
 20
-8219.729276454849
1001
REVIT
1002
{
1070
     1
1000
22423829
1002
}
1002
{
1070
     5
1000
22369145
1002
}
1002
{
1070
     3
1000
-2000027
1002
}
  0
LWPOLYLINE
  5
470
330
70
100
AcDbEntity
  8
A-POR-___-___-EXI
100
AcDbPolyline
 90
        6
 70
     0
 43
0.0
 10
10999.80904212954
 20
-12509.72927645483
 10
10203.80904212954
 20
-12509.72927645482
 10
10203.80904212954
 20
-12479.72927645482
 10
10999.80904212954
 20
-12479.72927645482
 10
10999.80904212954
 20
-12509.72927645482
 42
0.4142135623730951
 10
10203.80904212954
 20
-11713.72927645482
1001
REVIT
1002
{
1070
     1
1000
22423925
1002
}
1002
{
1070
     5
1000
22369145
1002
}
1002
{
1070
     3
1000
-2000027
1002
}
  0
LWPOLYLINE
  5
471
330
70
100
AcDbEntity
  8
A-POR-___-___-EXI
100
AcDbPolyline
 90
        4
 70
     1
 43
0.0
 10
9983.809042128582
 20
-12541.72927645482
 10
9983.809042128582
 20
-12511.72927645482
 10
10203.80904212954
 20
-12511.72927645482
 10
10203.80904212954
 20
-12541.72927645482
1001
REVIT
1002
{
1070
     1
1000
22423925
1002
}
1002
{
1070
     5
1000
22369145
1002
}
  0
LWPOLYLINE
  5
472
330
70
100
AcDbEntity
  8
A-POR-___-___-EXI
 62
   250
100
AcDbPolyline
 90
       12
 70
     0
 43
0.0
 10
3183.809042128587
 20
-21171.72927645484
 10
3183.809042128587
 20
-20671.72927645387
 10
3153.809042128589
 20
-20671.72927645387
 10
3153.809042128587
 20
-21171.72927645484
 10
2253.80904212859
 20
-21171.72927645484
 10
2253.80904212859
 20
-20671.72927645387
 10
2223.809042128588
 20
-20671.72927645387
 10
2223.809042128588
 20
-21171.72927645484
 10
1303.809042128585
 20
-21171.72927645484
 10
1303.809042128596
 20
-23794.66041408191
 10
13633.80904212858
 20
-23794.66041408189
 10
13633.80904212857
 20
-21171.72927645482
1001
REVIT
1002
{
1070
     1
1000
22426935
1002
}
1002
{
1070
     5
1000
22476260
1002
}
1002
{
1070
     2
1000
-2000011
1002
}
  0
LWPOLYLINE
  5
473
330
70
100
AcDbEntity
  8
A-POR-___-___-EXI
100
AcDbPolyline
 90
        6
 70
     0
 43
0.0
 10
3151.809042128589
 20
-20671.72927645387
 42
0.4142135623730951
 10
2255.80904212859
 20
-19775.72927645388
 10
2255.80904212859
 20
-20671.72927645387
 10
2285.809042128587
 20
-20671.72927645387
 10
2285.809042128583
 20
-19775.72927645387
 10
2255.809042128585
 20
-19775.72927645387
1001
REVIT
1002
{
1070
     1
1000
22424017
1002
}
1002
{
1070
     5
1000
22369137
1002
}
1002
{
1070
     3
1000
-2000027
1002
}
  0
LWPOLYLINE
  5
474
330
70
100
AcDbEntity
  8
A-POR-___-___-EXI
100
AcDbPolyline
 90
        6
 70
     0
 43
0.0
 10
7481.809042128586
 20
-16005.72927645386
 10
7481.809042128586
 20
-16801.72927645386
 10
7451.809042128582
 20
-16801.72927645386
 10
7451.809042128582
 20
-16005.72927645386
 10
7481.809042128586
 20
-16005.72927645386
 42
0.4142135623730951
 10
6685.809042128584
 20
-16801.72927645386
1001
REVIT
1002
{
1070
     1
1000
22423925
1002
}
1002
{
1070
     5
1000
22369145
1002
}
1002
{
1070
     3
1000
-2000027
1002
}
  0
LWPOLYLINE
  5
475
330
70
100
AcDbEntity
  8
A-POR-___-___-EXI
100
AcDbPolyline
 90
        4
 70
     1
 43
0.0
 10
7513.809042128581
 20
-17021.72927645482
 10
7483.809042128584
 20
-17021.72927645482
 10
7483.809042128584
 20
-16801.72927645386
 10
7513.809042128581
 20
-16801.72927645386
1001
REVIT
1002
{
1070
     1
1000
22423925
1002
}
1002
{
1070
     5
1000
22369145
1002
}
  0
LWPOLYLINE
  5
476
330
70
100
AcDbEntity
  8
A-POR-___-___-EXI
100
AcDbPolyline
 90
        6
 70
     0
 43
0.0
 10
10203.80904212955
 20
-14479.72927645482
 42
0.4142135623730951
 10
10999.80904212954
 20
-13683.72927645483
 10
10203.80904212955
 20
-13683.72927645483
 10
10203.80904212955
 20
-13713.72927645483
 10
10999.80904212954
 20
-13713.72927645483
 10
10999.80904212954
 20
-13683.72927645482
1001
REVIT
1002
{
1070
     1
1000
22423829
1002
}
1002
{
1070
     5
1000
22369145
1002
}
1002
{
1070
     3
1000
-2000027
1002
}
  0
LWPOLYLINE
  5
477
330
70
100
AcDbEntity
  8
A-POR-___-___-EXI
100
AcDbPolyline
 90
        4
 70
     1
 43
0.0
 10
9983.809042128584
 20
-13681.72927645483
 10
10203.80904212954
 20
-13681.72927645483
 10
10203.80904212954
 20
-13651.72927645483
 10
9983.809042128584
 20
-13651.72927645483
1001
REVIT
1002
{
1070
     1
1000
22423829
1002
}
1002
{
1070
     5
1000
22369145
1002
}
  0
LWPOLYLINE
  5
478
330
70
100
AcDbEntity
  8
A-JAN-___-___-EXI
100
AcDbPolyline
 90
        2
 70
     1
 43
0.0
 10
1303.809042128596
 20
-16881.72927645483
 10
1303.809042128587
 20
-16271.72927645484
1001
REVIT
1002
{
1070
     1
1000
22512460
1002
}
1002
{
1070
     2
1000
-2000051
1002
}
1002
{
1070
     3
1000
-2000042
1002
}
  0
LWPOLYLINE
  5
479
330
70
100
AcDbEntity
  8
A-ALV-___-___-EXI
 62
     7
370
    35
100
AcDbPolyline
 90
        3
 70
     0
 43
0.0
 10
3153.809042128589
 20
-21171.72927645484
 10
3183.809042128587
 20
-21171.72927645484
 10
5533.775020342736
 20
-21171.72927645484
1001
REVIT
1002
{
1070
     1
1000
22426935
1002
}
1002
{
1070
     5
1000
22476260
1002
}
1002
{
1070
     2
1000
-2000011
1002
}
  0
VIEWPORT
  5
270
330
6C
100
AcDbEntity
 67
     1
  8
A-JAN-___-___-EXI
100
AcDbViewport
 10
168.931357384242
 20
208.17355170315
 30
0.0
 40
123.3999999999999
 41
216.7293113762708
 68
     2
 69
     2
 12
7463.809042128564
 22
-12958.19484526836
 13
0.0
 23
0.0
 14
0.0
 24
0.0
 15
0.0
 25
0.0
 16
0.0
 26
0.0
 36
1.0
 17
0.0
 27
0.0
 37
0.0
 42
0.0
 43
0.0
 44
0.0
 45
21672.93113762708
 50
0.0
 51
0.0
 72
  1000
 90
    32768
  1

281
     0
 71
     1
 74
     1
110
0.0
120
0.0
130
0.0
111
1.0
121
0.0
131
0.0
112
0.0
122
1.0
132
0.0
 79
     0
146
0.0
170
     0
 61
     5
292
     1
282
     1
141
0.0
142
0.0
 63
   250
421
  3355443
  0
VIEWPORT
  5
272
330
6C
100
AcDbEntity
 67
     1
  8
0
348
2F
100
AcDbViewport
 10
218.2646549193422
 20
209.6040485384887
 30
0.0
 40
1204.766102955697
 41
479.1469560948216
 68
     1
 69
     1
 12
218.2646549193422
 22
209.6040485384887
 13
0.0
 23
0.0
 14
0.0
 24
0.0
 15
0.0
 25
0.0
 16
0.0
 26
0.0
 36
1.0
 17
0.0
 27
0.0
 37
0.0
 42
50.0
 43
0.0
 44
0.0
 45
479.1469560948216
 50
0.0
 51
0.0
 72
   100
 90
    32800
  1

281
     0
 71
     1
 74
     1
110
0.0
120
0.0
130
0.0
111
1.0
121
0.0
131
0.0
112
0.0
122
1.0
132
0.0
 79
     0
146
0.0
170
     0
 61
     5
292
     1
282
     1
141
0.0
142
0.0
 63
   250
421
  3355443
  0
INSERT
  5
27E
330
6C
100
AcDbEntity
 67
     1
  8
A-PIS-___-___-EXI
100
AcDbBlockReference
  2
SVG - A4-22515427-Não nomeada
 10
0.0
 20
0.0
 30
0.0
1001
REVIT
1002
{
1070
     1
1000
22515442
1002
}
1002
{
1070
     5
1000
22515427
1002
}
1002
{
1070
     2
1000
-2000280
1002
}
  0
ENDSEC
  0
SECTION
  2
OBJECTS
  0
DICTIONARY
  5
C
330
0
100
AcDbDictionary
281
     1
  3
ACAD_CIP_PREVIOUS_PRODUCT_INFO
350
79
  3
ACAD_COLOR
350
63
  3
ACAD_DETAILVIEWSTYLE
350
6A
  3
ACAD_GROUP
350
D
  3
ACAD_IMAGE_VARS
350
7A
  3
ACAD_LAYOUT
350
62
  3
ACAD_MATERIAL
350
10
  3
ACAD_MLEADERSTYLE
350
66
  3
ACAD_MLINESTYLE
350
5F
  3
ACAD_PLOTSETTINGS
350
61
  3
ACAD_PLOTSTYLENAME
350
E
  3
ACAD_RENDER_ACTIVE_RAPIDRT_SETTINGS
350
29E
  3
ACAD_RENDER_RAPIDRT_SETTINGS
350
297
  3
ACAD_SCALELIST
350
42
  3
ACAD_SECTIONVIEWSTYLE
350
68
  3
ACAD_TABLESTYLE
350
64
  3
ACAD_VISUALSTYLE
350
29
  3
ACDB_RECOMPOSE_DATA
350
48C
  3
AcDbVariableDictionary
350
287
  3
REVIT_DICTIONARY
350
27F
  0
SUN
  5
286
330
57
100
AcDbSun
 90
        1
290
     1
 63
     7
421
 16777215
 40
0.3
291
     1
 91
  2460364
 92
 43655000
292
     0
 70
     1
 71
   128
280
     1
  0
DICTIONARY
  5
2A3
330
2
100
AcDbDictionary
280
     1
281
     1
  3
ACAD_LAYERSTATES
360
2A4
  0
DICTIONARY
  5
284
330
70
100
AcDbDictionary
280
     1
281
     1
  3
ACAD_SORTENTS
360
285
  0
XRECORD
  5
79
102
{ACAD_REACTORS
330
C
102
}
330
C
100
AcDbXrecord
280
     1
300
ACD
300
2022
300

  0
DICTIONARY
  5
63
102
{ACAD_REACTORS
330
C
102
}
330
C
100
AcDbDictionary
281
     1
  0
DICTIONARY
  5
6A
102
{ACAD_REACTORS
330
C
102
}
330
C
100
AcDbDictionary
281
     1
  3
Imperial24
350
6B
  3
Metric50
350
28F
  0
DICTIONARY
  5
D
102
{ACAD_REACTORS
330
C
102
}
330
C
100
AcDbDictionary
281
     1
  0
RASTERVARIABLES
  5
7A
102
{ACAD_REACTORS
330
C
102
}
330
C
100
AcDbRasterVariables
 90
        0
 70
     0
 71
     1
 72
     1
  0
DICTIONARY
  5
62
102
{ACAD_REACTORS
330
C
102
}
330
C
100
AcDbDictionary
281
     1
  3
Layout1
350
6F
  3
Model
350
73
  0
DICTIONARY
  5
10
102
{ACAD_REACTORS
330
C
102
}
330
C
100
AcDbDictionary
281
     1
  3
ByBlock
350
19
  3
ByLayer
350
11
  3
Global
350
21
  0
DICTIONARY
  5
66
102
{ACAD_REACTORS
330
C
102
}
330
C
100
AcDbDictionary
281
     1
  3
Standard
350
67
  0
DICTIONARY
  5
5F
102
{ACAD_REACTORS
330
C
102
}
330
C
100
AcDbDictionary
281
     1
  3
Standard
350
60
  0
DICTIONARY
  5
61
102
{ACAD_REACTORS
330
C
102
}
330
C
100
AcDbDictionary
281
     1
  0
ACDBDICTIONARYWDFLT
  5
E
102
{ACAD_REACTORS
330
C
102
}
330
C
100
AcDbDictionary
281
     1
  3
Normal
350
F
100
AcDbDictionaryWithDefault
340
F
  0
RAPIDRTRENDERSETTINGS
  5
29E
102
{ACAD_REACTORS
330
C
102
}
330
C
100
AcDbRenderSettings
 90
        2
  1
Médio
290
     1
290
     0
290
     1
290
     1
  1

  1
Aplica 5 níveis de renderização
 90
        0
100
AcDbRapidRTRenderSettings
 90
        3
 70
     0
 90
        5
 90
        1
 70
     1
 70
     2
 40
3.0
 40
3.0
290
     1
  0
DICTIONARY
  5
297
102
{ACAD_REACTORS
330
C
102
}
330
C
100
AcDbDictionary
281
     1
  3
Alto
350
29A
  3
Baixo
350
298
  3
Médio
350
299
  3
Qualidade de curta duração
350
29B
  3
Qualidade de longa duração
350
29D
  3
Qualidade de média duração
350
29C
  0
DICTIONARY
  5
42
102
{ACAD_REACTORS
330
C
102
}
330
C
100
AcDbDictionary
281
     1
  3
A0
350
43
  3
A1
350
44
  3
A2
350
45
  3
A3
350
46
  3
A4
350
47
  3
A5
350
48
  3
A6
350
49
  3
A7
350
4A
  3
A8
350
4B
  3
A9
350
4C
  3
B0
350
4D
  3
B1
350
4E
  3
B2
350
4F
  3
B3
350
50
  3
B4
350
51
  3
B5
350
52
  3
B6
350
53
  0
DICTIONARY
  5
68
102
{ACAD_REACTORS
330
C
102
}
330
C
100
AcDbDictionary
281
     1
  3
Imperial24
350
69
  3
Metric50
350
28E
  0
DICTIONARY
  5
64
102
{ACAD_REACTORS
330
C
102
}
330
C
100
AcDbDictionary
281
     1
  3
Standard
350
65
  0
DICTIONARY
  5
29
102
{ACAD_REACTORS
330
C
102
}
330
C
100
AcDbDictionary
281
     1
  3
2dWireframe
350
2F
  3
Basic
350
2E
  3
Brighten
350
35
  3
ColorChange
350
39
  3
Conceptual
350
32
  3
Dim
350
34
  3
EdgeColorOff
350
41
  3
Facepattern
350
38
  3
Flat
350
2A
  3
FlatWithEdges
350
2B
  3
Gouraud
350
2C
  3
GouraudWithEdges
350
2D
  3
Hidden
350
31
  3
JitterOff
350
3F
  3
Linepattern
350
37
  3
OverhangOff
350
40
  3
Realistic
350
33
  3
Shaded
350
3E
  3
Shaded with edges
350
3D
  3
Shades of Gray
350
3A
  3
Sketchy
350
3B
  3
Thicken
350
36
  3
Wireframe
350
30
  3
X-Ray
350
3C
  0
XRECORD
  5
48C
102
{ACAD_REACTORS
330
C
102
}
330
C
100
AcDbXrecord
280
     1
 90
        1
330
65
  0
DICTIONARY
  5
287
102
{ACAD_REACTORS
330
C
102
}
330
C
100
AcDbDictionary
281
     1
  3
CANNOSCALE
350
28C
  3
CMLEADERSTYLE
350
289
  3
CTABLESTYLE
350
288
  3
CVIEWDETAILSTYLE
350
28A
  3
CVIEWSECTIONSTYLE
350
28B
  0
DICTIONARY
  5
27F
102
{ACAD_REACTORS
330
C
102
}
330
C
100
AcDbDictionary
281
     1
  3
DRAWING_TOOL
350
283
  3
REVIT_CATEGORY_MAPPING
350
281
  3
REVIT_SUB_CATEGORY_MAPPING
350
282
  3
REVIT_TYPE_MAPPING
350
280
  0
DICTIONARY
  5
2A4
102
{ACAD_REACTORS
330
2A3
102
}
330
2A3
100
AcDbDictionary
281
     1
  0
SORTENTSTABLE
  5
285
102
{ACAD_REACTORS
330
284
102
}
330
284
100
AcDbSortentsTable
330
70
331
1A4
  5
2FC
331
1A5
  5
2FD
331
1A6
  5
2FE
331
1A7
  5
2FF
331
1A8
  5
300
331
1AF
  5
302
331
1B0
  5
303
331
1B1
  5
304
331
1B2
  5
305
331
1B9
  5
313
331
1BA
  5
314
331
1BB
  5
315
331
1C6
  5
323
331
1C7
  5
324
331
1C8
  5
325
331
1DA
  5
326
331
1DB
  5
327
331
1DC
  5
328
331
1DD
  5
329
331
1E2
  5
32A
331
1E3
  5
32B
331
1E4
  5
32C
331
23D
  5
38A
331
23E
  5
38B
331
243
  5
38C
331
30D
  5
2F1
331
371
  5
36E
331
372
  5
36F
  0
ACDBDETAILVIEWSTYLE
  5
6B
102
{ACAD_REACTORS
330
6A
102
}
330
6A
100
AcDbModelDocViewStyle
 70
     0
  3
Imperial24
290
     0
300
Imperial24
 90
        0
100
AcDbDetailViewStyle
 70
     0
 71
     0
 90
        3
 71
     1
340
55
 62
   256
 40
0.24
340
0
 62
   256
 40
0.24
300

 40
0.36
280
     3
 71
     2
340
5D
 90
       25
 62
   256
 71
     3
340
55
 62
   256
 40
0.24
 90
        1
 40
0.75
 90
        1
300
%<\AcVar ViewType \f "%tc1">% %<\AcVar ViewDetailId>%\PSCALE %<\AcVar ViewScale \f "%sn">%
 71
     4
340
5D
 90
       25
 62
   256
340
5D
 90
       25
 62
   256
280
     0
  0
ACDBDETAILVIEWSTYLE
  5
28F
102
{ACAD_REACTORS
330
6A
102
}
330
6A
100
AcDbModelDocViewStyle
 70
     0
  3
Metric50
290
     0
300
Metric50
 90
        0
100
AcDbDetailViewStyle
 70
     0
 71
     0
 90
        3
 71
     1
340
55
 62
   256
 40
5.0
340
0
 62
   256
 40
5.0
300

 40
0.0
280
     1
 71
     2
340
5D
 90
       25
 62
   256
 71
     3
340
55
 62
   256
 40
5.0
 90
        0
 40
15.0
 90
        1
300
%<\AcVar ViewDetailId>% (%<\AcVar ViewScale \f "%sn">%)
 71
     4
340
5D
 90
       25
 62
   256
340
5D
 90
       25
 62
   256
280
     0
  0
LAYOUT
  5
6F
102
{ACAD_REACTORS
330
62
102
}
330
62
100
AcDbPlotSettings
  1

  2
PDF24
  4
A4
  6

 40
0.0
 41
0.0
 42
0.1113433837890625
 43
0.0
 44
210.0
 45
297.0
 46
0.0
 47
0.0
 48
0.0
 49
0.0
140
0.0
141
0.0
142
1.0
143
1.415217033324817
 70
   688
 72
     1
 73
     1
 74
     1
  7

 75
     0
147
0.7066054014702364
 76
     0
 77
     2
 78
   300
148
-64.27901684485153
149
-59.47287840171589
100
AcDbLayout
  1
Layout1
 70
     0
 71
     1
 10
64.27901684485153
 20
59.47287840171589
 11
484.5984757423225
 21
356.6684553999278
 12
0.0
 22
0.0
 32
0.0
 14
64.29285070883699
 24
59.49999999998593
 34
0.0
 15
274.292850708837
 25
356.4999999999859
 35
0.0
146
0.0
 13
0.0
 23
0.0
 33
0.0
 16
1.0
 26
0.0
 36
0.0
 17
0.0
 27
1.0
 37
0.0
 76
     0
330
6C
331
272
1001
ACAD_PSEXT
1000
PDF24
1000
PDF24
1000
\\.\pipe\PDFPrint
1000
PDF24 Printer
1070
     0
  0
LAYOUT
  5
73
102
{ACAD_REACTORS
330
62
102
}
330
62
100
AcDbPlotSettings
  1

  2

  4

  6

 40
0.0
 41
0.0
 42
0.0
 43
0.0
 44
0.0
 45
0.0
 46
0.0
 47
0.0
 48
0.0
 49
0.0
140
0.0
141
0.0
142
1.0
143
1.0
 70
  1712
 72
     0
 73
     0
 74
     0
  7

 75
     0
147
1.0
 76
     0
 77
     2
 78
   300
148
0.0
149
0.0
100
AcDbLayout
  1
Model
 70
     1
 71
     0
 10
0.0
 20
0.0
 11
12.0
 21
9.0
 12
0.0
 22
0.0
 32
0.0
 14
0.0
 24
0.0
 34
0.0
 15
0.0
 25
0.0
 35
0.0
146
0.0
 13
0.0
 23
0.0
 33
0.0
 16
1.0
 26
0.0
 36
0.0
 17
0.0
 27
1.0
 37
0.0
 76
     0
330
70
331
57
  0
MATERIAL
  5
19
102
{ACAD_XDICTIONARY
360
1A
102
}
102
{ACAD_REACTORS
330
10
102
}
330
10
100
AcDbMaterial
  1
ByBlock
 72
     0
 43
0.0208333333333333
 43
0.0
 43
0.0
 43
0.0
 43
0.0
 43
0.0208333333333333
 43
0.0
 43
0.0
 43
0.0
 43
0.0
 43
1.0
 43
0.0
 43
0.0
 43
0.0
 43
0.0
 43
1.0
 77
     0
 47
0.0208333333333333
 47
0.0
 47
0.0
 47
0.0
 47
0.0
 47
0.0208333333333333
 47
0.0
 47
0.0
 47
0.0
 47
0.0
 47
1.0
 47
0.0
 47
0.0
 47
0.0
 47
0.0
 47
1.0
171
     0
 49
0.0208333333333333
 49
0.0
 49
0.0
 49
0.0
 49
0.0
 49
0.0208333333333333
 49
0.0
 49
0.0
 49
0.0
 49
0.0
 49
1.0
 49
0.0
 49
0.0
 49
0.0
 49
0.0
 49
1.0
175
     0
142
0.0208333333333333
142
0.0
142
0.0
142
0.0
142
0.0
142
0.0208333333333333
142
0.0
142
0.0
142
0.0
142
0.0
142
1.0
142
0.0
142
0.0
142
0.0
142
0.0
142
1.0
179
     0
144
0.0208333333333333
144
0.0
144
0.0
144
0.0
144
0.0
144
0.0208333333333333
144
0.0
144
0.0
144
0.0
144
0.0
144
1.0
144
0.0
144
0.0
144
0.0
144
0.0
144
1.0
147
0.0208333333333333
147
0.0
147
0.0
147
0.0
147
0.0
147
0.0208333333333333
147
0.0
147
0.0
147
0.0
147
0.0
147
1.0
147
0.0
147
0.0
147
0.0
147
0.0
147
1.0
  0
MATERIAL
  5
11
102
{ACAD_XDICTIONARY
360
12
102
}
102
{ACAD_REACTORS
330
10
102
}
330
10
100
AcDbMaterial
  1
ByLayer
 72
     0
 43
0.0208333333333333
 43
0.0
 43
0.0
 43
0.0
 43
0.0
 43
0.0208333333333333
 43
0.0
 43
0.0
 43
0.0
 43
0.0
 43
1.0
 43
0.0
 43
0.0
 43
0.0
 43
0.0
 43
1.0
 77
     0
 47
0.0208333333333333
 47
0.0
 47
0.0
 47
0.0
 47
0.0
 47
0.0208333333333333
 47
0.0
 47
0.0
 47
0.0
 47
0.0
 47
1.0
 47
0.0
 47
0.0
 47
0.0
 47
0.0
 47
1.0
171
     0
 49
0.0208333333333333
 49
0.0
 49
0.0
 49
0.0
 49
0.0
 49
0.0208333333333333
 49
0.0
 49
0.0
 49
0.0
 49
0.0
 49
1.0
 49
0.0
 49
0.0
 49
0.0
 49
0.0
 49
1.0
175
     0
142
0.0208333333333333
142
0.0
142
0.0
142
0.0
142
0.0
142
0.0208333333333333
142
0.0
142
0.0
142
0.0
142
0.0
142
1.0
142
0.0
142
0.0
142
0.0
142
0.0
142
1.0
179
     0
144
0.0208333333333333
144
0.0
144
0.0
144
0.0
144
0.0
144
0.0208333333333333
144
0.0
144
0.0
144
0.0
144
0.0
144
1.0
144
0.0
144
0.0
144
0.0
144
0.0
144
1.0
147
0.0208333333333333
147
0.0
147
0.0
147
0.0
147
0.0
147
0.0208333333333333
147
0.0
147
0.0
147
0.0
147
0.0
147
1.0
147
0.0
147
0.0
147
0.0
147
0.0
147
1.0
  0
MATERIAL
  5
21
102
{ACAD_XDICTIONARY
360
22
102
}
102
{ACAD_REACTORS
330
10
102
}
330
10
100
AcDbMaterial
  1
Global
 72
     0
 43
0.0208333333333333
 43
0.0
 43
0.0
 43
0.0
 43
0.0
 43
0.0208333333333333
 43
0.0
 43
0.0
 43
0.0
 43
0.0
 43
1.0
 43
0.0
 43
0.0
 43
0.0
 43
0.0
 43
1.0
 77
     0
 47
0.0208333333333333
 47
0.0
 47
0.0
 47
0.0
 47
0.0
 47
0.0208333333333333
 47
0.0
 47
0.0
 47
0.0
 47
0.0
 47
1.0
 47
0.0
 47
0.0
 47
0.0
 47
0.0
 47
1.0
171
     0
 49
0.0208333333333333
 49
0.0
 49
0.0
 49
0.0
 49
0.0
 49
0.0208333333333333
 49
0.0
 49
0.0
 49
0.0
 49
0.0
 49
1.0
 49
0.0
 49
0.0
 49
0.0
 49
0.0
 49
1.0
175
     0
142
0.0208333333333333
142
0.0
142
0.0
142
0.0
142
0.0
142
0.0208333333333333
142
0.0
142
0.0
142
0.0
142
0.0
142
1.0
142
0.0
142
0.0
142
0.0
142
0.0
142
1.0
179
     0
144
0.0208333333333333
144
0.0
144
0.0
144
0.0
144
0.0
144
0.0208333333333333
144
0.0
144
0.0
144
0.0
144
0.0
144
1.0
144
0.0
144
0.0
144
0.0
144
0.0
144
1.0
147
0.0208333333333333
147
0.0
147
0.0
147
0.0
147
0.0
147
0.0208333333333333
147
0.0
147
0.0
147
0.0
147
0.0
147
1.0
147
0.0
147
0.0
147
0.0
147
0.0
147
1.0
  0
MLEADERSTYLE
  5
67
102
{ACAD_REACTORS
330
66
102
}
330
66
100
AcDbMLeaderStyle
179
     2
170
     2
171
     1
172
     0
 90
        2
 40
0.0
 41
0.0
173
     1
 91
-1056964608
340
5B
 92
       -2
290
     1
 42
0.09
291
     1
 43
0.36
  3
Standard
 44
0.18
300

342
55
174
     1
178
     6
175
     1
176
     0
 93
-1056964608
 45
0.18
292
     0
297
     0
 46
0.18
 94
-1056964608
 47
1.0
 49
1.0
140
1.0
293
     1
141
0.0
294
     1
177
     0
142
1.0
295
     0
296
     0
143
0.125
271
     0
272
     9
273
     9
298
     1
  0
MLINESTYLE
  5
60
102
{ACAD_REACTORS
330
5F
102
}
330
5F
100
AcDbMlineStyle
  2
STANDARD
 70
     0
  3

 62
   256
 51
90.0
 52
90.0
 71
     2
 49
0.5
 62
   256
  6
BYLAYER
 49
-0.5
 62
   256
  6
BYLAYER
  0
ACDBPLACEHOLDER
  5
F
102
{ACAD_REACTORS
330
E
102
}
330
E
  0
RAPIDRTRENDERSETTINGS
  5
29A
102
{ACAD_REACTORS
330
297
102
}
330
297
100
AcDbRenderSettings
 90
        2
  1
Alto
290
     1
290
     0
290
     1
290
     1
  1

  1
Aplica 10 níveis de renderização
 90
        2
100
AcDbRapidRTRenderSettings
 90
        3
 70
     0
 90
       10
 90
        1
 70
     2
 70
     2
 40
3.0
 40
3.0
290
     1
  0
RAPIDRTRENDERSETTINGS
  5
298
102
{ACAD_REACTORS
330
297
102
}
330
297
100
AcDbRenderSettings
 90
        2
  1
Baixo
290
     1
290
     0
290
     1
290
     1
  1

  1
Aplica 1 nível de renderização
 90
        0
100
AcDbRapidRTRenderSettings
 90
        3
 70
     0
 90
        1
 90
        1
 70
     0
 70
     2
 40
3.0
 40
3.0
290
     1
  0
RAPIDRTRENDERSETTINGS
  5
299
102
{ACAD_REACTORS
330
297
102
}
330
297
100
AcDbRenderSettings
 90
        2
  1
Médio
290
     1
290
     0
290
     1
290
     1
  1

  1
Aplica 5 níveis de renderização
 90
        1
100
AcDbRapidRTRenderSettings
 90
        3
 70
     0
 90
        5
 90
        1
 70
     1
 70
     2
 40
3.0
 40
3.0
290
     1
  0
RAPIDRTRENDERSETTINGS
  5
29B
102
{ACAD_REACTORS
330
297
102
}
330
297
100
AcDbRenderSettings
 90
        2
  1
Qualidade de curta duração
290
     1
290
     0
290
     1
290
     1
  1

  1
Renderiza por 10 minutos
 90
        3
100
AcDbRapidRTRenderSettings
 90
        3
 70
     1
 90
        1
 90
       10
 70
     1
 70
     2
 40
3.0
 40
3.0
290
     1
  0
RAPIDRTRENDERSETTINGS
  5
29D
102
{ACAD_REACTORS
330
297
102
}
330
297
100
AcDbRenderSettings
 90
        2
  1
Qualidade de longa duração
290
     1
290
     0
290
     1
290
     1
  1

  1
Renderiza por 12 horas
 90
        5
100
AcDbRapidRTRenderSettings
 90
        3
 70
     1
 90
        1
 90
      720
 70
     2
 70
     2
 40
3.0
 40
3.0
290
     1
  0
RAPIDRTRENDERSETTINGS
  5
29C
102
{ACAD_REACTORS
330
297
102
}
330
297
100
AcDbRenderSettings
 90
        2
  1
Qualidade de média duração
290
     1
290
     0
290
     1
290
     1
  1

  1
Renderiza por 60 minutos
 90
        4
100
AcDbRapidRTRenderSettings
 90
        3
 70
     1
 90
        1
 90
       60
 70
     2
 70
     2
 40
3.0
 40
3.0
290
     1
  0
SCALE
  5
43
102
{ACAD_REACTORS
330
42
102
}
330
42
100
AcDbScale
 70
     0
300
1:1
140
1.0
141
1.0
290
     1
  0
SCALE
  5
44
102
{ACAD_REACTORS
330
42
102
}
330
42
100
AcDbScale
 70
     0
300
1/128" = 1'-0"
140
0.0078125
141
12.0
290
     0
  0
SCALE
  5
45
102
{ACAD_REACTORS
330
42
102
}
330
42
100
AcDbScale
 70
     0
300
1/64" = 1'-0"
140
0.015625
141
12.0
290
     0
  0
SCALE
  5
46
102
{ACAD_REACTORS
330
42
102
}
330
42
100
AcDbScale
 70
     0
300
1/32" = 1'-0"
140
0.03125
141
12.0
290
     0
  0
SCALE
  5
47
102
{ACAD_REACTORS
330
42
102
}
330
42
100
AcDbScale
 70
     0
300
1/16" = 1'-0"
140
0.0625
141
12.0
290
     0
  0
SCALE
  5
48
102
{ACAD_REACTORS
330
42
102
}
330
42
100
AcDbScale
 70
     0
300
3/32" = 1'-0"
140
0.09375
141
12.0
290
     0
  0
SCALE
  5
49
102
{ACAD_REACTORS
330
42
102
}
330
42
100
AcDbScale
 70
     0
300
1/8" = 1'-0"
140
0.125
141
12.0
290
     0
  0
SCALE
  5
4A
102
{ACAD_REACTORS
330
42
102
}
330
42
100
AcDbScale
 70
     0
300
3/16" = 1'-0"
140
0.1875
141
12.0
290
     0
  0
SCALE
  5
4B
102
{ACAD_REACTORS
330
42
102
}
330
42
100
AcDbScale
 70
     0
300
1/4" = 1'-0"
140
0.25
141
12.0
290
     0
  0
SCALE
  5
4C
102
{ACAD_REACTORS
330
42
102
}
330
42
100
AcDbScale
 70
     0
300
3/8" = 1'-0"
140
0.375
141
12.0
290
     0
  0
SCALE
  5
4D
102
{ACAD_REACTORS
330
42
102
}
330
42
100
AcDbScale
 70
     0
300
1/2" = 1'-0"
140
0.5
141
12.0
290
     0
  0
SCALE
  5
4E
102
{ACAD_REACTORS
330
42
102
}
330
42
100
AcDbScale
 70
     0
300
3/4" = 1'-0"
140
0.75
141
12.0
290
     0
  0
SCALE
  5
4F
102
{ACAD_REACTORS
330
42
102
}
330
42
100
AcDbScale
 70
     0
300
1" = 1'-0"
140
1.0
141
12.0
290
     0
  0
SCALE
  5
50
102
{ACAD_REACTORS
330
42
102
}
330
42
100
AcDbScale
 70
     0
300
1-1/2" = 1'-0"
140
1.5
141
12.0
290
     0
  0
SCALE
  5
51
102
{ACAD_REACTORS
330
42
102
}
330
42
100
AcDbScale
 70
     0
300
3" = 1'-0"
140
3.0
141
12.0
290
     0
  0
SCALE
  5
52
102
{ACAD_REACTORS
330
42
102
}
330
42
100
AcDbScale
 70
     0
300
6" = 1'-0"
140
6.0
141
12.0
290
     0
  0
SCALE
  5
53
102
{ACAD_REACTORS
330
42
102
}
330
42
100
AcDbScale
 70
     0
300
1'-0" = 1'-0"
140
12.0
141
12.0
290
     0
  0
ACDBSECTIONVIEWSTYLE
  5
69
102
{ACAD_REACTORS
330
68
102
}
330
68
100
AcDbModelDocViewStyle
 70
     0
  3
Imperial24
290
     0
300
Imperial24
 90
        0
100
AcDbSectionViewStyle
 70
     0
 71
     0
 90
       78
 71
     1
340
55
 62
   256
 40
0.24
340
0
340
0
 62
   256
 40
0.24
300
I, O, Q, S, X, Z
 40
0.48
 90
        3
 40
0.18
 90
        1
 71
     2
340
5D
 90
       25
 62
   256
340
5D
 90
       50
 62
   256
 40
0.24
 40
0.0
 40
0.24
 71
     3
340
55
 62
   256
 40
0.24
 90
        1
 40
0.75
 90
        1
300
%<\AcVar ViewType \f "%tc1">% %<\AcVar ViewSectionStartId>%-%<\AcVar ViewSectionEndId>%\PSCALE %<\AcVar ViewScale \f "%sn">%
 71
     4
 62
   256
 62
   257
300
ANSI31
 40
1.0
 90
        0
290
     0
290
     0
 90
        6
 40
0.0
 40
1.570796326794896
 40
0.2617993877991494
 40
1.308996938995747
 40
-0.2617993877991494
 40
1.832595714594045
  0
ACDBSECTIONVIEWSTYLE
  5
28E
102
{ACAD_REACTORS
330
68
102
}
330
68
100
AcDbModelDocViewStyle
 70
     0
  3
Metric50
290
     0
300
Metric50
 90
        0
100
AcDbSectionViewStyle
 70
     0
 71
     0
 90
      102
 71
     1
340
55
 62
   256
 40
5.0
340
0
340
0
 62
   256
 40
5.0
300
I, O, Q, S, X, Z
 40
10.0
 90
        0
 40
2.5
 90
        0
 71
     2
340
5D
 90
       25
 62
   256
340
5D
 90
       50
 62
   256
 40
5.0
 40
2.5
 40
5.0
 71
     3
340
55
 62
   256
 40
5.0
 90
        0
 40
15.0
 90
        1
300
%<\AcVar ViewSectionStartId>%-%<\AcVar ViewSectionEndId>% (%<\AcVar ViewScale \f "%sn">%)
 71
     4
 62
   256
 62
   257
300
ANSI31
 40
1.0
 90
        0
290
     0
290
     0
 90
        6
 40
0.0
 40
1.570796326794896
 40
0.2617993877991494
 40
1.308996938995747
 40
-0.2617993877991494
 40
1.832595714594045
  0
TABLESTYLE
  5
65
102
{ACAD_XDICTIONARY
360
47A
102
}
102
{ACAD_REACTORS
330
64
102
}
330
64
100
AcDbTableStyle
280
     0
  3
Standard
 70
     0
 71
     0
 40
0.06
 41
0.06
280
     0
281
     0
  7
Standard
140
0.18
170
     2
 62
     0
 63
     7
283
     0
 90
      512
 91
        0
  1

274
    -2
284
     1
 64
     0
275
    -2
285
     1
 65
     0
276
    -2
286
     1
 66
     0
277
    -2
287
     1
 67
     0
278
    -2
288
     1
 68
     0
279
    -2
289
     1
 69
     0
  7
Standard
140
0.25
170
     5
 62
     0
 63
     7
283
     0
 90
      512
 91
        0
  1

274
    -2
284
     1
 64
     0
275
    -2
285
     1
 65
     0
276
    -2
286
     1
 66
     0
277
    -2
287
     1
 67
     0
278
    -2
288
     1
 68
     0
279
    -2
289
     1
 69
     0
  7
Standard
140
0.18
170
     5
 62
     0
 63
     7
283
     0
 90
      512
 91
        0
  1

274
    -2
284
     1
 64
     0
275
    -2
285
     1
 65
     0
276
    -2
286
     1
 66
     0
277
    -2
287
     1
 67
     0
278
    -2
288
     1
 68
     0
279
    -2
289
     1
 69
     0
  0
VISUALSTYLE
  5
2F
102
{ACAD_REACTORS
330
29
102
}
330
29
100
AcDbVisualStyle
  2
2dWireframe
 70
     4
177
     3
291
     0
 70
    58
 90
        0
176
     1
 90
        2
176
     1
 90
        0
176
     1
 90
        0
176
     1
 40
0.6
176
     1
 40
30.0
176
     1
 62
     7
420
 16777215
176
     1
 90
        1
176
     1
 90
        4
176
     1
 62
     7
176
     1
 62
   257
176
     1
 90
        1
176
     1
 90
        1
176
     1
 40
1.0
176
     1
 90
        0
176
     1
 62
   257
176
     1
 40
1.0
176
     1
 90
        1
176
     1
 90
        6
176
     1
 90
        2
176
     1
 62
     7
176
     1
 90
        5
176
     1
 90
        0
176
     1
 90
        0
176
     1
290
     0
176
     1
 90
        1
176
     1
 40
0.0
176
     1
 90
        0
176
     1
290
     1
176
     1
290
     1
176
     1
290
     0
176
     1
290
     0
176
     1
290
     0
176
     1
290
     0
176
     1
290
     0
176
     1
290
     0
176
     1
290
     0
176
     1
 90
       50
176
     1
 40
0.0
176
     1
 40
1.0
176
     1
 90
        0
176
     1
 62
    18
176
     1
 90
       50
176
     1
 90
        3
176
     1
 62
     5
420
      255
176
     1
290
     0
176
     1
 90
       50
176
     1
 90
       50
176
     1
 90
       50
176
     1
290
     0
176
     1
 90
       50
176
     1
 62
   256
176
     0
 40
1.0
176
     0
 90
        2
176
     1
  1
strokes_ogs.tif
176
     1
290
     0
176
     1
 40
1.0
176
     1
 40
1.0
176
     1
  0
VISUALSTYLE
  5
2E
102
{ACAD_REACTORS
330
29
102
}
330
29
100
AcDbVisualStyle
  2
Basic
 70
     7
177
     3
291
     1
 70
    58
 90
        1
176
     1
 90
        0
176
     1
 90
        1
176
     1
 90
        0
176
     1
 40
0.6
176
     1
 40
30.0
176
     1
 62
     7
420
 16777215
176
     1
 90
        0
176
     1
 90
        4
176
     1
 62
     7
176
     1
 62
   257
176
     1
 90
        1
176
     1
 90
        1
176
     1
 40
1.0
176
     1
 90
        8
176
     1
 62
     7
176
     1
 40
1.0
176
     1
 90
        1
176
     1
 90
        6
176
     1
 90
        2
176
     1
 62
     7
176
     1
 90
        5
176
     1
 90
        0
176
     1
 90
        0
176
     1
290
     0
176
     1
 90
        1
176
     1
 40
0.0
176
     1
 90
        0
176
     1
290
     0
176
     1
290
     1
176
     1
290
     1
176
     1
290
     0
176
     1
290
     0
176
     1
290
     0
176
     1
290
     0
176
     1
290
     0
176
     1
290
     0
176
     1
 90
       50
176
     1
 40
0.0
176
     1
 40
1.0
176
     1
 90
        0
176
     1
 62
    18
176
     1
 90
       50
176
     1
 90
        3
176
     1
 62
     5
420
      255
176
     1
290
     0
176
     1
 90
       50
176
     1
 90
       50
176
     1
 90
       50
176
     1
290
     0
176
     1
 90
       50
176
     1
 62
   256
176
     0
 40
1.0
176
     0
 90
        2
176
     1
  1
strokes_ogs.tif
176
     1
290
     0
176
     1
 40
1.0
176
     1
 40
1.0
176
     1
  0
VISUALSTYLE
  5
35
102
{ACAD_REACTORS
330
29
102
}
330
29
100
AcDbVisualStyle
  2
Brighten
 70
    12
177
     3
291
     1
 70
    58
 90
        2
176
     1
 90
        2
176
     1
 90
        0
176
     1
 90
        0
176
     1
 40
0.6
176
     1
 40
30.0
176
     1
 62
     7
420
 16777215
176
     1
 90
        1
176
     1
 90
        4
176
     1
 62
     7
176
     1
 62
   257
176
     1
 90
        1
176
     1
 90
        1
176
     1
 40
1.0
176
     1
 90
        8
176
     1
 62
     7
176
     1
 40
1.0
176
     1
 90
        1
176
     1
 90
        6
176
     1
 90
        2
176
     1
 62
     7
176
     1
 90
        5
176
     1
 90
        0
176
     1
 90
        0
176
     1
290
     0
176
     1
 90
        1
176
     1
 40
50.0
176
     1
 90
        0
176
     1
290
     0
176
     1
290
     1
176
     1
290
     1
176
     1
290
     0
176
     1
290
     0
176
     1
290
     0
176
     1
290
     0
176
     1
290
     0
176
     1
290
     0
176
     1
 90
       50
176
     1
 40
0.0
176
     1
 40
1.0
176
     1
 90
        0
176
     1
 62
    18
176
     1
 90
       50
176
     1
 90
        3
176
     1
 62
     5
420
      255
176
     1
290
     0
176
     1
 90
       50
176
     1
 90
       50
176
     1
 90
       50
176
     1
290
     0
176
     1
 90
       50
176
     1
 62
   256
176
     0
 40
1.0
176
     0
 90
        2
176
     1
  1
strokes_ogs.tif
176
     1
290
     0
176
     1
 40
1.0
176
     1
 40
1.0
176
     1
  0
VISUALSTYLE
  5
39
102
{ACAD_REACTORS
330
29
102
}
330
29
100
AcDbVisualStyle
  2
ColorChange
 70
    16
177
     3
291
     1
 70
    58
 90
        2
176
     1
 90
        2
176
     1
 90
        3
176
     1
 90
        0
176
     1
 40
0.6
176
     1
 40
30.0
176
     1
 62
     8
420
  8421504
176
     1
 90
        1
176
     1
 90
        4
176
     1
 62
     7
176
     1
 62
   257
176
     1
 90
        1
176
     1
 90
        1
176
     1
 40
1.0
176
     1
 90
        8
176
     1
 62
     8
420
  8421504
176
     1
 40
1.0
176
     1
 90
        1
176
     1
 90
        6
176
     1
 90
        2
176
     1
 62
     7
176
     1
 90
        5
176
     1
 90
        0
176
     1
 90
        0
176
     1
290
     0
176
     1
 90
        1
176
     1
 40
0.0
176
     1
 90
        0
176
     1
290
     0
176
     1
290
     1
176
     1
290
     1
176
     1
290
     0
176
     1
290
     0
176
     1
290
     0
176
     1
290
     0
176
     1
290
     0
176
     1
290
     0
176
     1
 90
       50
176
     1
 40
0.0
176
     1
 40
1.0
176
     1
 90
        0
176
     1
 62
    18
176
     1
 90
       50
176
     1
 90
        3
176
     1
 62
     5
420
      255
176
     1
290
     0
176
     1
 90
       50
176
     1
 90
       50
176
     1
 90
       50
176
     1
290
     0
176
     1
 90
       50
176
     1
 62
   256
176
     0
 40
1.0
176
     0
 90
        2
176
     1
  1
strokes_ogs.tif
176
     1
290
     0
176
     1
 40
1.0
176
     1
 40
1.0
176
     1
  0
VISUALSTYLE
  5
32
102
{ACAD_REACTORS
330
29
102
}
330
29
100
AcDbVisualStyle
  2
Conceptual
 70
     9
177
     3
291
     0
 70
    58
 90
        3
176
     1
 90
        2
176
     1
 90
        0
176
     1
 90
        0
176
     1
 40
0.6
176
     1
 40
30.0
176
     1
 62
     7
420
 16777215
176
     1
 90
        2
176
     1
 90
        2
176
     1
 62
     7
176
     1
 62
   257
176
     1
 90
        1
176
     1
 90
        1
176
     1
 40
179.0
176
     1
 90
        8
176
     1
 62
     7
176
     1
 40
1.0
176
     1
 90
        1
176
     1
 90
        6
176
     1
 90
        2
176
     1
 62
     7
176
     1
 90
        3
176
     1
 90
        0
176
     1
 90
        0
176
     1
290
     0
176
     1
 90
        1
176
     1
 40
0.0
176
     1
 90
        0
176
     1
290
     0
176
     1
290
     1
176
     1
290
     1
176
     1
290
     0
176
     1
290
     0
176
     1
290
     0
176
     1
290
     0
176
     1
290
     0
176
     1
290
     0
176
     1
 90
       50
176
     1
 40
0.0
176
     1
 40
1.0
176
     1
 90
        0
176
     1
 62
    18
176
     1
 90
       50
176
     1
 90
        3
176
     1
 62
     5
420
      255
176
     1
290
     0
176
     1
 90
       50
176
     1
 90
       50
176
     1
 90
       50
176
     1
290
     0
176
     1
 90
       50
176
     1
 62
   256
176
     0
 40
1.0
176
     0
 90
        2
176
     1
  1
strokes_ogs.tif
176
     1
290
     0
176
     1
 40
1.0
176
     1
 40
1.0
176
     1
  0
VISUALSTYLE
  5
34
102
{ACAD_REACTORS
330
29
102
}
330
29
100
AcDbVisualStyle
  2
Dim
 70
    11
177
     3
291
     1
 70
    58
 90
        2
176
     1
 90
        2
176
     1
 90
        0
176
     1
 90
        0
176
     1
 40
0.6
176
     1
 40
30.0
176
     1
 62
     7
420
 16777215
176
     1
 90
        1
176
     1
 90
        4
176
     1
 62
     7
176
     1
 62
   257
176
     1
 90
        1
176
     1
 90
        1
176
     1
 40
1.0
176
     1
 90
        8
176
     1
 62
     7
176
     1
 40
1.0
176
     1
 90
        1
176
     1
 90
        6
176
     1
 90
        2
176
     1
 62
     7
176
     1
 90
        5
176
     1
 90
        0
176
     1
 90
        0
176
     1
290
     0
176
     1
 90
        1
176
     1
 40
-50.0
176
     1
 90
        0
176
     1
290
     0
176
     1
290
     1
176
     1
290
     1
176
     1
290
     0
176
     1
290
     0
176
     1
290
     0
176
     1
290
     0
176
     1
290
     0
176
     1
290
     0
176
     1
 90
       50
176
     1
 40
0.0
176
     1
 40
1.0
176
     1
 90
        0
176
     1
 62
    18
176
     1
 90
       50
176
     1
 90
        3
176
     1
 62
     5
420
      255
176
     1
290
     0
176
     1
 90
       50
176
     1
 90
       50
176
     1
 90
       50
176
     1
290
     0
176
     1
 90
       50
176
     1
 62
   256
176
     0
 40
1.0
176
     0
 90
        2
176
     1
  1
strokes_ogs.tif
176
     1
290
     0
176
     1
 40
1.0
176
     1
 40
1.0
176
     1
  0
VISUALSTYLE
  5
41
102
{ACAD_REACTORS
330
29
102
}
330
29
100
AcDbVisualStyle
  2
EdgeColorOff
 70
    22
177
     3
291
     1
 70
    58
 90
        2
176
     0
 90
        2
176
     0
 90
        0
176
     0
 90
        0
176
     0
 40
0.6
176
     0
 40
30.0
176
     0
 62
     7
420
 16777215
176
     0
 90
        1
176
     0
 90
        4
176
     0
 62
     7
176
     0
 62
   257
176
     0
 90
        1
176
     0
 90
        1
176
     0
 40
1.0
176
     0
 90
        8
176
     2
 62
     7
176
     0
 40
1.0
176
     0
 90
        1
176
     0
 90
        6
176
     0
 90
        2
176
     0
 62
     7
176
     0
 90
        5
176
     0
 90
        0
176
     0
 90
        0
176
     0
290
     0
176
     0
 90
        1
176
     0
 40
0.0
176
     0
 90
        0
176
     0
290
     0
176
     0
290
     1
176
     0
290
     1
176
     0
290
     0
176
     0
290
     0
176
     0
290
     0
176
     0
290
     0
176
     0
290
     0
176
     0
290
     0
176
     0
 90
       50
176
     0
 40
0.0
176
     0
 40
1.0
176
     0
 90
        0
176
     0
 62
    18
176
     0
 90
       50
176
     0
 90
        3
176
     0
 62
     5
420
      255
176
     0
290
     0
176
     0
 90
       50
176
     0
 90
       50
176
     0
 90
       50
176
     0
290
     0
176
     0
 90
       50
176
     0
 62
   256
176
     0
 40
1.0
176
     0
 90
        2
176
     0
  1
strokes_ogs.tif
176
     0
290
     0
176
     0
 40
1.0
176
     0
 40
1.0
176
     0
  0
VISUALSTYLE
  5
38
102
{ACAD_REACTORS
330
29
102
}
330
29
100
AcDbVisualStyle
  2
Facepattern
 70
    15
177
     3
291
     1
 70
    58
 90
        2
176
     1
 90
        2
176
     1
 90
        0
176
     1
 90
        0
176
     1
 40
0.6
176
     1
 40
30.0
176
     1
 62
     7
420
 16777215
176
     1
 90
        1
176
     1
 90
        4
176
     1
 62
     7
176
     1
 62
   257
176
     1
 90
        1
176
     1
 90
        1
176
     1
 40
1.0
176
     1
 90
        8
176
     1
 62
     7
176
     1
 40
1.0
176
     1
 90
        1
176
     1
 90
        6
176
     1
 90
        2
176
     1
 62
     7
176
     1
 90
        5
176
     1
 90
        0
176
     1
 90
        0
176
     1
290
     0
176
     1
 90
        1
176
     1
 40
0.0
176
     1
 90
        0
176
     1
290
     0
176
     1
290
     1
176
     1
290
     1
176
     1
290
     0
176
     1
290
     0
176
     1
290
     0
176
     1
290
     0
176
     1
290
     0
176
     1
290
     0
176
     1
 90
       50
176
     1
 40
0.0
176
     1
 40
1.0
176
     1
 90
        0
176
     1
 62
    18
176
     1
 90
       50
176
     1
 90
        3
176
     1
 62
     5
420
      255
176
     1
290
     0
176
     1
 90
       50
176
     1
 90
       50
176
     1
 90
       50
176
     1
290
     0
176
     1
 90
       50
176
     1
 62
   256
176
     0
 40
1.0
176
     0
 90
        2
176
     1
  1
strokes_ogs.tif
176
     1
290
     0
176
     1
 40
1.0
176
     1
 40
1.0
176
     1
  0
VISUALSTYLE
  5
2A
102
{ACAD_REACTORS
330
29
102
}
330
29
100
AcDbVisualStyle
  2
Flat
 70
     0
177
     3
291
     1
 70
    58
 90
        2
176
     1
 90
        1
176
     1
 90
        1
176
     1
 90
        2
176
     1
 40
0.6
176
     1
 40
30.0
176
     1
 62
     7
420
 16777215
176
     1
 90
        0
176
     1
 90
        0
176
     1
 62
     7
176
     1
 62
   257
176
     1
 90
        1
176
     1
 90
        1
176
     1
 40
1.0
176
     1
 90
        8
176
     1
 62
     7
176
     1
 40
1.0
176
     1
 90
        1
176
     1
 90
        6
176
     1
 90
        2
176
     1
 62
     7
176
     1
 90
        5
176
     1
 90
        0
176
     1
 90
        0
176
     1
290
     0
176
     1
 90
       13
176
     1
 40
0.0
176
     1
 90
        0
176
     1
290
     0
176
     1
290
     1
176
     1
290
     1
176
     1
290
     0
176
     1
290
     0
176
     1
290
     0
176
     1
290
     0
176
     1
290
     0
176
     1
290
     0
176
     1
 90
       50
176
     1
 40
0.0
176
     1
 40
1.0
176
     1
 90
        0
176
     1
 62
    18
176
     1
 90
       50
176
     1
 90
        3
176
     1
 62
     5
420
      255
176
     1
290
     0
176
     1
 90
       50
176
     1
 90
       50
176
     1
 90
       50
176
     1
290
     0
176
     1
 90
       50
176
     1
 62
   256
176
     0
 40
1.0
176
     0
 90
        2
176
     1
  1
strokes_ogs.tif
176
     1
290
     0
176
     1
 40
1.0
176
     1
 40
1.0
176
     1
  0
VISUALSTYLE
  5
2B
102
{ACAD_REACTORS
330
29
102
}
330
29
100
AcDbVisualStyle
  2
FlatWithEdges
 70
     1
177
     3
291
     1
 70
    58
 90
        2
176
     1
 90
        1
176
     1
 90
        1
176
     1
 90
        2
176
     1
 40
0.6
176
     1
 40
30.0
176
     1
 62
     7
420
 16777215
176
     1
 90
        1
176
     1
 90
        0
176
     1
 62
     7
176
     1
 62
   257
176
     1
 90
        1
176
     1
 90
        1
176
     1
 40
1.0
176
     1
 90
        0
176
     1
 62
   257
176
     1
 40
1.0
176
     1
 90
        1
176
     1
 90
        6
176
     1
 90
        2
176
     1
 62
     7
176
     1
 90
        5
176
     1
 90
        0
176
     1
 90
        0
176
     1
290
     0
176
     1
 90
       13
176
     1
 40
0.0
176
     1
 90
        0
176
     1
290
     0
176
     1
290
     1
176
     1
290
     1
176
     1
290
     0
176
     1
290
     0
176
     1
290
     0
176
     1
290
     0
176
     1
290
     0
176
     1
290
     0
176
     1
 90
       50
176
     1
 40
0.0
176
     1
 40
1.0
176
     1
 90
        0
176
     1
 62
    18
176
     1
 90
       50
176
     1
 90
        3
176
     1
 62
     5
420
      255
176
     1
290
     0
176
     1
 90
       50
176
     1
 90
       50
176
     1
 90
       50
176
     1
290
     0
176
     1
 90
       50
176
     1
 62
   256
176
     0
 40
1.0
176
     0
 90
        2
176
     1
  1
strokes_ogs.tif
176
     1
290
     0
176
     1
 40
1.0
176
     1
 40
1.0
176
     1
  0
VISUALSTYLE
  5
2C
102
{ACAD_REACTORS
330
29
102
}
330
29
100
AcDbVisualStyle
  2
Gouraud
 70
     2
177
     3
291
     1
 70
    58
 90
        2
176
     1
 90
        2
176
     1
 90
        1
176
     1
 90
        2
176
     1
 40
0.6
176
     1
 40
30.0
176
     1
 62
     7
420
 16777215
176
     1
 90
        0
176
     1
 90
        0
176
     1
 62
     7
176
     1
 62
   257
176
     1
 90
        1
176
     1
 90
        1
176
     1
 40
1.0
176
     1
 90
        0
176
     1
 62
     7
176
     1
 40
1.0
176
     1
 90
        1
176
     1
 90
        6
176
     1
 90
        2
176
     1
 62
     7
176
     1
 90
        5
176
     1
 90
        0
176
     1
 90
        0
176
     1
290
     0
176
     1
 90
       13
176
     1
 40
0.0
176
     1
 90
        0
176
     1
290
     0
176
     1
290
     1
176
     1
290
     1
176
     1
290
     0
176
     1
290
     0
176
     1
290
     0
176
     1
290
     0
176
     1
290
     0
176
     1
290
     0
176
     1
 90
       50
176
     1
 40
0.0
176
     1
 40
1.0
176
     1
 90
        0
176
     1
 62
    18
176
     1
 90
       50
176
     1
 90
        3
176
     1
 62
     5
420
      255
176
     1
290
     0
176
     1
 90
       50
176
     1
 90
       50
176
     1
 90
       50
176
     1
290
     0
176
     1
 90
       50
176
     1
 62
   256
176
     0
 40
1.0
176
     0
 90
        2
176
     1
  1
strokes_ogs.tif
176
     1
290
     0
176
     1
 40
1.0
176
     1
 40
1.0
176
     1
  0
VISUALSTYLE
  5
2D
102
{ACAD_REACTORS
330
29
102
}
330
29
100
AcDbVisualStyle
  2
GouraudWithEdges
 70
     3
177
     3
291
     1
 70
    58
 90
        2
176
     1
 90
        2
176
     1
 90
        1
176
     1
 90
        2
176
     1
 40
0.6
176
     1
 40
30.0
176
     1
 62
     7
420
 16777215
176
     1
 90
        1
176
     1
 90
        0
176
     1
 62
     7
176
     1
 62
   257
176
     1
 90
        1
176
     1
 90
        1
176
     1
 40
1.0
176
     1
 90
        0
176
     1
 62
   257
176
     1
 40
1.0
176
     1
 90
        1
176
     1
 90
        6
176
     1
 90
        2
176
     1
 62
     7
176
     1
 90
        5
176
     1
 90
        0
176
     1
 90
        0
176
     1
290
     0
176
     1
 90
       13
176
     1
 40
0.0
176
     1
 90
        0
176
     1
290
     0
176
     1
290
     1
176
     1
290
     1
176
     1
290
     0
176
     1
290
     0
176
     1
290
     0
176
     1
290
     0
176
     1
290
     0
176
     1
290
     0
176
     1
 90
       50
176
     1
 40
0.0
176
     1
 40
1.0
176
     1
 90
        0
176
     1
 62
    18
176
     1
 90
       50
176
     1
 90
        3
176
     1
 62
     5
420
      255
176
     1
290
     0
176
     1
 90
       50
176
     1
 90
       50
176
     1
 90
       50
176
     1
290
     0
176
     1
 90
       50
176
     1
 62
   256
176
     0
 40
1.0
176
     0
 90
        2
176
     1
  1
strokes_ogs.tif
176
     1
290
     0
176
     1
 40
1.0
176
     1
 40
1.0
176
     1
  0
VISUALSTYLE
  5
31
102
{ACAD_REACTORS
330
29
102
}
330
29
100
AcDbVisualStyle
  2
Hidden
 70
     6
177
     3
291
     0
 70
    58
 90
        1
176
     1
 90
        2
176
     1
 90
        2
176
     1
 90
        0
176
     1
 40
0.6
176
     1
 40
30.0
176
     1
 62
     7
420
 16777215
176
     1
 90
        2
176
     1
 90
        2
176
     1
 62
     7
176
     1
 62
   257
176
     1
 90
        2
176
     1
 90
        1
176
     1
 40
40.0
176
     1
 90
        0
176
     1
 62
   257
176
     1
 40
1.0
176
     1
 90
        1
176
     1
 90
        6
176
     1
 90
        2
176
     1
 62
     7
176
     1
 90
        3
176
     1
 90
        0
176
     1
 90
        0
176
     1
290
     0
176
     1
 90
        1
176
     1
 40
0.0
176
     1
 90
        0
176
     1
290
     0
176
     1
290
     1
176
     1
290
     1
176
     1
290
     0
176
     1
290
     0
176
     1
290
     0
176
     1
290
     0
176
     1
290
     0
176
     1
290
     0
176
     1
 90
       50
176
     1
 40
0.0
176
     1
 40
1.0
176
     1
 90
        0
176
     1
 62
    18
176
     1
 90
       50
176
     1
 90
        3
176
     1
 62
     5
420
      255
176
     1
290
     0
176
     1
 90
       50
176
     1
 90
       50
176
     1
 90
       50
176
     1
290
     0
176
     1
 90
       50
176
     1
 62
   256
176
     0
 40
1.0
176
     0
 90
        2
176
     1
  1
strokes_ogs.tif
176
     1
290
     0
176
     1
 40
1.0
176
     1
 40
1.0
176
     1
  0
VISUALSTYLE
  5
3F
102
{ACAD_REACTORS
330
29
102
}
330
29
100
AcDbVisualStyle
  2
JitterOff
 70
    20
177
     3
291
     1
 70
    58
 90
        2
176
     0
 90
        2
176
     0
 90
        0
176
     0
 90
        0
176
     0
 40
0.6
176
     0
 40
30.0
176
     0
 62
     7
420
 16777215
176
     0
 90
        1
176
     0
 90
        4
176
     0
 62
     7
176
     0
 62
   257
176
     0
 90
        1
176
     0
 90
        1
176
     0
 40
1.0
176
     0
 90
       10
176
     2
 62
     7
176
     0
 40
1.0
176
     0
 90
        1
176
     0
 90
        6
176
     0
 90
        2
176
     0
 62
     7
176
     0
 90
        5
176
     0
 90
        0
176
     0
 90
        0
176
     0
290
     0
176
     0
 90
        1
176
     0
 40
0.0
176
     0
 90
        0
176
     0
290
     0
176
     0
290
     1
176
     0
290
     1
176
     0
290
     0
176
     0
290
     0
176
     0
290
     0
176
     0
290
     0
176
     0
290
     0
176
     0
290
     0
176
     0
 90
       50
176
     0
 40
0.0
176
     0
 40
1.0
176
     0
 90
        0
176
     0
 62
    18
176
     0
 90
       50
176
     0
 90
        3
176
     0
 62
     5
420
      255
176
     0
290
     0
176
     0
 90
       50
176
     0
 90
       50
176
     0
 90
       50
176
     0
290
     0
176
     0
 90
       50
176
     0
 62
   256
176
     0
 40
1.0
176
     0
 90
        2
176
     0
  1
strokes_ogs.tif
176
     0
290
     0
176
     0
 40
1.0
176
     0
 40
1.0
176
     0
  0
VISUALSTYLE
  5
37
102
{ACAD_REACTORS
330
29
102
}
330
29
100
AcDbVisualStyle
  2
Linepattern
 70
    14
177
     3
291
     1
 70
    58
 90
        2
176
     1
 90
        2
176
     1
 90
        0
176
     1
 90
        0
176
     1
 40
0.6
176
     1
 40
30.0
176
     1
 62
     7
420
 16777215
176
     1
 90
        1
176
     1
 90
        4
176
     1
 62
     7
176
     1
 62
   257
176
     1
 90
        7
176
     1
 90
        7
176
     1
 40
1.0
176
     1
 90
        8
176
     1
 62
     7
176
     1
 40
1.0
176
     1
 90
        1
176
     1
 90
        6
176
     1
 90
        2
176
     1
 62
     7
176
     1
 90
        5
176
     1
 90
        0
176
     1
 90
        0
176
     1
290
     0
176
     1
 90
        1
176
     1
 40
0.0
176
     1
 90
        0
176
     1
290
     0
176
     1
290
     1
176
     1
290
     1
176
     1
290
     0
176
     1
290
     0
176
     1
290
     0
176
     1
290
     0
176
     1
290
     0
176
     1
290
     0
176
     1
 90
       50
176
     1
 40
0.0
176
     1
 40
1.0
176
     1
 90
        0
176
     1
 62
    18
176
     1
 90
       50
176
     1
 90
        3
176
     1
 62
     5
420
      255
176
     1
290
     0
176
     1
 90
       50
176
     1
 90
       50
176
     1
 90
       50
176
     1
290
     0
176
     1
 90
       50
176
     1
 62
   256
176
     0
 40
1.0
176
     0
 90
        2
176
     1
  1
strokes_ogs.tif
176
     1
290
     0
176
     1
 40
1.0
176
     1
 40
1.0
176
     1
  0
VISUALSTYLE
  5
40
102
{ACAD_REACTORS
330
29
102
}
330
29
100
AcDbVisualStyle
  2
OverhangOff
 70
    21
177
     3
291
     1
 70
    58
 90
        2
176
     0
 90
        2
176
     0
 90
        0
176
     0
 90
        0
176
     0
 40
0.6
176
     0
 40
30.0
176
     0
 62
     7
420
 16777215
176
     0
 90
        1
176
     0
 90
        4
176
     0
 62
     7
176
     0
 62
   257
176
     0
 90
        1
176
     0
 90
        1
176
     0
 40
1.0
176
     0
 90
        9
176
     2
 62
     7
176
     0
 40
1.0
176
     0
 90
        1
176
     0
 90
        6
176
     0
 90
        2
176
     0
 62
     7
176
     0
 90
        5
176
     0
 90
        0
176
     0
 90
        0
176
     0
290
     0
176
     0
 90
        1
176
     0
 40
0.0
176
     0
 90
        0
176
     0
290
     0
176
     0
290
     1
176
     0
290
     1
176
     0
290
     0
176
     0
290
     0
176
     0
290
     0
176
     0
290
     0
176
     0
290
     0
176
     0
290
     0
176
     0
 90
       50
176
     0
 40
0.0
176
     0
 40
1.0
176
     0
 90
        0
176
     0
 62
    18
176
     0
 90
       50
176
     0
 90
        3
176
     0
 62
     5
420
      255
176
     0
290
     0
176
     0
 90
       50
176
     0
 90
       50
176
     0
 90
       50
176
     0
290
     0
176
     0
 90
       50
176
     0
 62
   256
176
     0
 40
1.0
176
     0
 90
        2
176
     0
  1
strokes_ogs.tif
176
     0
290
     0
176
     0
 40
1.0
176
     0
 40
1.0
176
     0
  0
VISUALSTYLE
  5
33
102
{ACAD_REACTORS
330
29
102
}
330
29
100
AcDbVisualStyle
  2
Realistic
 70
     8
177
     3
291
     0
 70
    58
 90
        2
176
     1
 90
        3
176
     1
 90
        0
176
     1
 90
        2
176
     1
 40
0.6
176
     1
 40
30.0
176
     1
 62
     7
420
 16777215
176
     1
 90
        0
176
     1
 90
        0
176
     1
 62
     7
176
     1
 62
   257
176
     1
 90
        1
176
     1
 90
        1
176
     1
 40
1.0
176
     1
 90
        8
176
     1
 62
   257
176
     1
 40
1.0
176
     1
 90
        1
176
     1
 90
        6
176
     1
 90
        2
176
     1
 62
     7
176
     1
 90
        3
176
     1
 90
        0
176
     1
 90
        0
176
     1
290
     0
176
     1
 90
       13
176
     1
 40
0.0
176
     1
 90
        0
176
     1
290
     0
176
     1
290
     1
176
     1
290
     1
176
     1
290
     0
176
     1
290
     0
176
     1
290
     0
176
     1
290
     0
176
     1
290
     0
176
     1
290
     0
176
     1
 90
       50
176
     1
 40
0.0
176
     1
 40
1.0
176
     1
 90
        0
176
     1
 62
    18
176
     1
 90
       50
176
     1
 90
        3
176
     1
 62
     5
420
      255
176
     1
290
     0
176
     1
 90
       50
176
     1
 90
       50
176
     1
 90
       50
176
     1
290
     0
176
     1
 90
       50
176
     1
 62
   256
176
     0
 40
1.0
176
     0
 90
        2
176
     1
  1
strokes_ogs.tif
176
     1
290
     0
176
     1
 40
1.0
176
     1
 40
1.0
176
     1
  0
VISUALSTYLE
  5
3E
102
{ACAD_REACTORS
330
29
102
}
330
29
100
AcDbVisualStyle
  2
Shaded
 70
    27
177
     3
291
     0
 70
    58
 90
        2
176
     1
 90
        2
176
     1
 90
        1
176
     1
 90
        2
176
     1
 40
0.6
176
     1
 40
30.0
176
     1
 62
     7
420
 16777215
176
     1
 90
        0
176
     1
 90
        4
176
     1
 62
     7
176
     1
 62
   257
176
     1
 90
        1
176
     1
 90
        1
176
     1
 40
1.0
176
     1
 90
        8
176
     1
 62
   257
176
     1
 40
1.0
176
     1
 90
        1
176
     1
 90
        6
176
     1
 90
        2
176
     1
 62
     8
420
  7895160
176
     1
 90
        3
176
     1
 90
        0
176
     1
 90
        0
176
     1
290
     0
176
     1
 90
        5
176
     1
 40
0.0
176
     1
 90
        0
176
     1
290
     0
176
     1
290
     1
176
     1
290
     1
176
     1
290
     0
176
     1
290
     0
176
     1
290
     0
176
     1
290
     0
176
     1
290
     0
176
     1
290
     0
176
     1
 90
       50
176
     1
 40
0.0
176
     1
 40
1.0
176
     1
 90
        0
176
     1
 62
    18
176
     1
 90
       50
176
     1
 90
        3
176
     1
 62
     5
420
      255
176
     1
290
     0
176
     1
 90
       50
176
     1
 90
       50
176
     1
 90
       50
176
     1
290
     0
176
     1
 90
       50
176
     1
 62
   256
176
     0
 40
1.0
176
     0
 90
        2
176
     1
  1
strokes_ogs.tif
176
     1
290
     0
176
     1
 40
1.0
176
     1
 40
1.0
176
     1
  0
VISUALSTYLE
  5
3D
102
{ACAD_REACTORS
330
29
102
}
330
29
100
AcDbVisualStyle
  2
Shaded with edges
 70
    26
177
     3
291
     0
 70
    58
 90
        2
176
     1
 90
        2
176
     1
 90
        1
176
     1
 90
        2
176
     1
 40
0.6
176
     1
 40
30.0
176
     1
 62
     7
420
 16777215
176
     1
 90
        1
176
     1
 90
        2
176
     1
 62
     7
176
     1
 62
   257
176
     1
 90
        2
176
     1
 90
        1
176
     1
 40
1.0
176
     1
 90
        8
176
     1
 62
   257
176
     1
 40
1.0
176
     1
 90
        1
176
     1
 90
        6
176
     1
 90
        2
176
     1
 62
     7
176
     1
 90
        3
176
     1
 90
        0
176
     1
 90
        0
176
     1
290
     0
176
     1
 90
        5
176
     1
 40
0.0
176
     1
 90
        0
176
     1
290
     0
176
     1
290
     1
176
     1
290
     1
176
     1
290
     0
176
     1
290
     0
176
     1
290
     0
176
     1
290
     0
176
     1
290
     0
176
     1
290
     0
176
     1
 90
       50
176
     1
 40
0.0
176
     1
 40
1.0
176
     1
 90
        0
176
     1
 62
    18
176
     1
 90
       50
176
     1
 90
        3
176
     1
 62
     5
420
      255
176
     1
290
     0
176
     1
 90
       50
176
     1
 90
       50
176
     1
 90
       50
176
     1
290
     0
176
     1
 90
       50
176
     1
 62
   256
176
     0
 40
1.0
176
     0
 90
        2
176
     1
  1
strokes_ogs.tif
176
     1
290
     0
176
     1
 40
1.0
176
     1
 40
1.0
176
     1
  0
VISUALSTYLE
  5
3A
102
{ACAD_REACTORS
330
29
102
}
330
29
100
AcDbVisualStyle
  2
Shades of Gray
 70
    23
177
     3
291
     0
 70
    58
 90
        2
176
     1
 90
        2
176
     1
 90
        3
176
     1
 90
        0
176
     1
 40
0.6
176
     1
 40
30.0
176
     1
 62
     7
420
 16777215
176
     1
 90
        2
176
     1
 90
        2
176
     1
 62
     7
176
     1
 62
     7
176
     1
 90
        1
176
     1
 90
        1
176
     1
 40
40.0
176
     1
 90
        8
176
     1
 62
     7
176
     1
 40
1.0
176
     1
 90
        1
176
     1
 90
        6
176
     1
 90
        2
176
     1
 62
     7
176
     1
 90
        3
176
     1
 90
        0
176
     1
 90
        0
176
     1
290
     0
176
     1
 90
        1
176
     1
 40
0.0
176
     1
 90
        0
176
     1
290
     0
176
     1
290
     1
176
     1
290
     1
176
     1
290
     0
176
     1
290
     0
176
     1
290
     0
176
     1
290
     0
176
     1
290
     0
176
     1
290
     0
176
     1
 90
       50
176
     1
 40
0.0
176
     1
 40
1.0
176
     1
 90
        0
176
     1
 62
    18
176
     1
 90
       50
176
     1
 90
        3
176
     1
 62
     5
420
      255
176
     1
290
     0
176
     1
 90
       50
176
     1
 90
       50
176
     1
 90
       50
176
     1
290
     0
176
     1
 90
       50
176
     1
 62
   256
176
     0
 40
1.0
176
     0
 90
        2
176
     1
  1
strokes_ogs.tif
176
     1
290
     0
176
     1
 40
1.0
176
     1
 40
1.0
176
     1
  0
VISUALSTYLE
  5
3B
102
{ACAD_REACTORS
330
29
102
}
330
29
100
AcDbVisualStyle
  2
Sketchy
 70
    24
177
     3
291
     0
 70
    58
 90
        1
176
     1
 90
        2
176
     1
 90
        2
176
     1
 90
        0
176
     1
 40
0.6
176
     1
 40
30.0
176
     1
 62
     7
420
 16777215
176
     1
 90
        2
176
     1
 90
        2
176
     1
 62
     7
176
     1
 62
     7
176
     1
 90
        1
176
     1
 90
        1
176
     1
 40
40.0
176
     1
 90
       11
176
     1
 62
     7
176
     1
 40
1.0
176
     1
 90
        1
176
     1
 90
        6
176
     1
 90
        2
176
     1
 62
     7
176
     1
 90
        6
176
     1
 90
        0
176
     1
 90
        0
176
     1
290
     0
176
     1
 90
        1
176
     1
 40
0.0
176
     1
 90
        0
176
     1
290
     0
176
     1
290
     1
176
     1
290
     1
176
     1
290
     0
176
     1
290
     0
176
     1
290
     0
176
     1
290
     0
176
     1
290
     0
176
     1
290
     0
176
     1
 90
       50
176
     1
 40
0.0
176
     1
 40
1.0
176
     1
 90
        0
176
     1
 62
    18
176
     1
 90
       50
176
     1
 90
        3
176
     1
 62
     5
420
      255
176
     1
290
     0
176
     1
 90
       50
176
     1
 90
       50
176
     1
 90
       50
176
     1
290
     0
176
     1
 90
       50
176
     1
 62
   256
176
     0
 40
1.0
176
     0
 90
        2
176
     1
  1
strokes_ogs.tif
176
     1
290
     0
176
     1
 40
1.0
176
     1
 40
1.0
176
     1
  0
VISUALSTYLE
  5
36
102
{ACAD_REACTORS
330
29
102
}
330
29
100
AcDbVisualStyle
  2
Thicken
 70
    13
177
     3
291
     1
 70
    58
 90
        2
176
     1
 90
        2
176
     1
 90
        0
176
     1
 90
        0
176
     1
 40
0.6
176
     1
 40
30.0
176
     1
 62
     7
420
 16777215
176
     1
 90
        1
176
     1
 90
        4
176
     1
 62
     7
176
     1
 62
   257
176
     1
 90
        1
176
     1
 90
        1
176
     1
 40
1.0
176
     1
 90
       12
176
     1
 62
     7
176
     1
 40
1.0
176
     1
 90
        1
176
     1
 90
        6
176
     1
 90
        2
176
     1
 62
     7
176
     1
 90
        5
176
     1
 90
        0
176
     1
 90
        0
176
     1
290
     0
176
     1
 90
        1
176
     1
 40
0.0
176
     1
 90
        0
176
     1
290
     0
176
     1
290
     1
176
     1
290
     1
176
     1
290
     0
176
     1
290
     0
176
     1
290
     0
176
     1
290
     0
176
     1
290
     0
176
     1
290
     0
176
     1
 90
       50
176
     1
 40
0.0
176
     1
 40
1.0
176
     1
 90
        0
176
     1
 62
    18
176
     1
 90
       50
176
     1
 90
        3
176
     1
 62
     5
420
      255
176
     1
290
     0
176
     1
 90
       50
176
     1
 90
       50
176
     1
 90
       50
176
     1
290
     0
176
     1
 90
       50
176
     1
 62
   256
176
     0
 40
1.0
176
     0
 90
        2
176
     1
  1
strokes_ogs.tif
176
     1
290
     0
176
     1
 40
1.0
176
     1
 40
1.0
176
     1
  0
VISUALSTYLE
  5
30
102
{ACAD_REACTORS
330
29
102
}
330
29
100
AcDbVisualStyle
  2
Wireframe
 70
     5
177
     3
291
     0
 70
    58
 90
        0
176
     1
 90
        2
176
     1
 90
        0
176
     1
 90
        0
176
     1
 40
0.6
176
     1
 40
30.0
176
     1
 62
     7
420
 16777215
176
     1
 90
        1
176
     1
 90
        4
176
     1
 62
     7
176
     1
 62
   257
176
     1
 90
        1
176
     1
 90
        1
176
     1
 40
1.0
176
     1
 90
        0
176
     1
 62
   257
176
     1
 40
1.0
176
     1
 90
        1
176
     1
 90
        6
176
     1
 90
        2
176
     1
 62
     7
176
     1
 90
        3
176
     1
 90
        0
176
     1
 90
        0
176
     1
290
     0
176
     1
 90
        1
176
     1
 40
0.0
176
     1
 90
        0
176
     1
290
     0
176
     1
290
     1
176
     1
290
     1
176
     1
290
     0
176
     1
290
     0
176
     1
290
     0
176
     1
290
     0
176
     1
290
     0
176
     1
290
     0
176
     1
 90
       50
176
     1
 40
0.0
176
     1
 40
1.0
176
     1
 90
        0
176
     1
 62
    18
176
     1
 90
       50
176
     1
 90
        3
176
     1
 62
     5
420
      255
176
     1
290
     0
176
     1
 90
       50
176
     1
 90
       50
176
     1
 90
       50
176
     1
290
     0
176
     1
 90
       50
176
     1
 62
   256
176
     0
 40
1.0
176
     0
 90
        2
176
     1
  1
strokes_ogs.tif
176
     1
290
     0
176
     1
 40
1.0
176
     1
 40
1.0
176
     1
  0
VISUALSTYLE
  5
3C
102
{ACAD_REACTORS
330
29
102
}
330
29
100
AcDbVisualStyle
  2
X-Ray
 70
    25
177
     3
291
     0
 70
    58
 90
        2
176
     1
 90
        2
176
     1
 90
        1
176
     1
 90
        1
176
     1
 40
0.5
176
     1
 40
30.0
176
     1
 62
     7
420
 16777215
176
     1
 90
        1
176
     1
 90
        0
176
     1
 62
     7
176
     1
 62
   257
176
     1
 90
        1
176
     1
 90
        1
176
     1
 40
1.0
176
     1
 90
        8
176
     1
 62
     7
176
     1
 40
1.0
176
     1
 90
        1
176
     1
 90
        6
176
     1
 90
        2
176
     1
 62
     7
176
     1
 90
        3
176
     1
 90
        0
176
     1
 90
        0
176
     1
290
     0
176
     1
 90
       13
176
     1
 40
0.0
176
     1
 90
        0
176
     1
290
     0
176
     1
290
     1
176
     1
290
     1
176
     1
290
     0
176
     1
290
     0
176
     1
290
     0
176
     1
290
     0
176
     1
290
     0
176
     1
290
     0
176
     1
 90
       50
176
     1
 40
0.0
176
     1
 40
1.0
176
     1
 90
        0
176
     1
 62
    18
176
     1
 90
       50
176
     1
 90
        3
176
     1
 62
     5
420
      255
176
     1
290
     0
176
     1
 90
       50
176
     1
 90
       50
176
     1
 90
       50
176
     1
290
     0
176
     1
 90
       50
176
     1
 62
   256
176
     0
 40
1.0
176
     0
 90
        2
176
     1
  1
strokes_ogs.tif
176
     1
290
     0
176
     1
 40
1.0
176
     1
 40
1.0
176
     1
  0
DICTIONARYVAR
  5
28C
102
{ACAD_REACTORS
330
287
102
}
330
287
100
DictionaryVariables
280
     0
  1
1:1
  0
DICTIONARYVAR
  5
289
102
{ACAD_REACTORS
330
287
102
}
330
287
100
DictionaryVariables
280
     0
  1
STANDARD
  0
DICTIONARYVAR
  5
288
102
{ACAD_REACTORS
330
287
102
}
330
287
100
DictionaryVariables
280
     0
  1
STANDARD
  0
DICTIONARYVAR
  5
28A
102
{ACAD_REACTORS
330
287
102
}
330
287
100
DictionaryVariables
280
     0
  1
Imperial24
  0
DICTIONARYVAR
  5
28B
102
{ACAD_REACTORS
330
287
102
}
330
287
100
DictionaryVariables
280
     0
  1
Imperial24
  0
XRECORD
  5
283
102
{ACAD_REACTORS
330
27F
102
}
330
27F
100
AcDbXrecord
280
     1
  1
BUILDING_ID
  1
Fazenda Caçimba do Meio, Acarí, Rio Grande do Norte
  1
FLOOR_ID
  1
22515437
  0
XRECORD
  5
281
102
{ACAD_REACTORS
330
27F
102
}
330
27F
100
AcDbXrecord
280
     1
  1
-2000011
  1
Paredes
  1
-2000023
  1
Portas
  1
-2000051
  1
Linhas
  1
-2000280
  1
Blocos de margens e carimbo
  0
XRECORD
  5
282
102
{ACAD_REACTORS
330
27F
102
}
330
27F
100
AcDbXrecord
280
     1
  1
-2000027
  1
Abertura
  1
-2000042
  1
<Linhas finas>
  1
-2000066
  1
<Separação de ambiente>
  1
-2000281
  1
<Linhas finas>
  1
-2000588
  1
Padrão de corte
  0
XRECORD
  5
280
102
{ACAD_REACTORS
330
27F
102
}
330
27F
100
AcDbXrecord
280
     1
  1
17583107
  1
Parede básica : 00_PAREDE_GENERICA_22cm : 00_PAREDE_GENERICA_22cm
  1
22355185
  1
porta multiplas : Simples - 90 cm
  1
22369137
  1
porta multiplas_original : Simples - 90 cm
  1
22369145
  1
porta multiplas_original : Simples - 80 cm
  1
22474519
  1
Parede básica : 00_PAREDE_GENERICA_30cm : 00_PAREDE_GENERICA_30cm
  1
22476216
  1
Parede básica : 35 : 35
  1
22476260
  1
Parede básica : 50 : 50
  1
22515427
  1
SVG : A4
  0
DICTIONARY
  5
1A
330
19
100
AcDbDictionary
280
     1
281
     1
  3
BUMPTILE
360
1C
  3
DIFFUSETILE
360
1B
  3
OPACITYTILE
360
1F
  3
REFLECTIONTILE
360
1E
  3
REFRACTIONTILE
360
20
  3
SPECULARTILE
360
1D
  0
DICTIONARY
  5
12
330
11
100
AcDbDictionary
280
     1
281
     1
  3
BUMPTILE
360
14
  3
DIFFUSETILE
360
13
  3
OPACITYTILE
360
17
  3
REFLECTIONTILE
360
16
  3
REFRACTIONTILE
360
18
  3
SPECULARTILE
360
15
  0
DICTIONARY
  5
22
330
21
100
AcDbDictionary
280
     1
281
     1
  3
BUMPTILE
360
24
  3
DIFFUSETILE
360
23
  3
OPACITYTILE
360
27
  3
REFLECTIONTILE
360
26
  3
REFRACTIONTILE
360
28
  3
SPECULARTILE
360
25
  0
DICTIONARY
  5
47A
330
65
100
AcDbDictionary
280
     1
281
     1
  3
ACAD_ROUNDTRIP_2008_TABLESTYLE_CELLSTYLEMAP
360
48B
  0
XRECORD
  5
1C
102
{ACAD_REACTORS
330
1A
102
}
330
1A
100
AcDbXrecord
280
     1
270
     1
271
     1
  0
XRECORD
  5
1B
102
{ACAD_REACTORS
330
1A
102
}
330
1A
100
AcDbXrecord
280
     1
270
     1
271
     1
  0
XRECORD
  5
1F
102
{ACAD_REACTORS
330
1A
102
}
330
1A
100
AcDbXrecord
280
     1
270
     1
271
     1
  0
XRECORD
  5
1E
102
{ACAD_REACTORS
330
1A
102
}
330
1A
100
AcDbXrecord
280
     1
270
     1
271
     1
  0
XRECORD
  5
20
102
{ACAD_REACTORS
330
1A
102
}
330
1A
100
AcDbXrecord
280
     1
270
     1
271
     1
  0
XRECORD
  5
1D
102
{ACAD_REACTORS
330
1A
102
}
330
1A
100
AcDbXrecord
280
     1
270
     1
271
     1
  0
XRECORD
  5
14
102
{ACAD_REACTORS
330
12
102
}
330
12
100
AcDbXrecord
280
     1
270
     1
271
     1
  0
XRECORD
  5
13
102
{ACAD_REACTORS
330
12
102
}
330
12
100
AcDbXrecord
280
     1
270
     1
271
     1
  0
XRECORD
  5
17
102
{ACAD_REACTORS
330
12
102
}
330
12
100
AcDbXrecord
280
     1
270
     1
271
     1
  0
XRECORD
  5
16
102
{ACAD_REACTORS
330
12
102
}
330
12
100
AcDbXrecord
280
     1
270
     1
271
     1
  0
XRECORD
  5
18
102
{ACAD_REACTORS
330
12
102
}
330
12
100
AcDbXrecord
280
     1
270
     1
271
     1
  0
XRECORD
  5
15
102
{ACAD_REACTORS
330
12
102
}
330
12
100
AcDbXrecord
280
     1
270
     1
271
     1
  0
XRECORD
  5
24
102
{ACAD_REACTORS
330
22
102
}
330
22
100
AcDbXrecord
280
     1
270
     1
271
     1
  0
XRECORD
  5
23
102
{ACAD_REACTORS
330
22
102
}
330
22
100
AcDbXrecord
280
     1
270
     1
271
     1
  0
XRECORD
  5
27
102
{ACAD_REACTORS
330
22
102
}
330
22
100
AcDbXrecord
280
     1
270
     1
271
     1
  0
XRECORD
  5
26
102
{ACAD_REACTORS
330
22
102
}
330
22
100
AcDbXrecord
280
     1
270
     1
271
     1
  0
XRECORD
  5
28
102
{ACAD_REACTORS
330
22
102
}
330
22
100
AcDbXrecord
280
     1
270
     1
271
     1
  0
XRECORD
  5
25
102
{ACAD_REACTORS
330
22
102
}
330
22
100
AcDbXrecord
280
     1
270
     1
271
     1
  0
CELLSTYLEMAP
  5
48B
102
{ACAD_REACTORS
330
47A
102
}
330
47A
100
AcDbCellStyleMap
 90
        3
300
CELLSTYLE
  1
TABLEFORMAT_BEGIN
 90
        5
170
     1
 91
        0
 92
    32768
 62
   257
 93
        1
300
CONTENTFORMAT
  1
CONTENTFORMAT_BEGIN
 90
        0
 91
        0
 92
      512
 93
        0
300

 40
0.0
140
1.0
 94
        5
 62
     0
340
55
144
0.25
309
CONTENTFORMAT_END
171
     1
301
MARGIN
  1
CELLMARGIN_BEGIN
 40
0.06
 40
0.06
 40
0.06
 40
0.06
 40
0.18
 40
0.18
309
CELLMARGIN_END
 94
        6
 95
        1
302
GRIDFORMAT
  1
GRIDFORMAT_BEGIN
 90
        0
 91
        1
 62
     0
 92
       -2
340
0
 93
        0
 40
0.045
309
GRIDFORMAT_END
 95
        2
302
GRIDFORMAT
  1
GRIDFORMAT_BEGIN
 90
        0
 91
        1
 62
     0
 92
       -2
340
0
 93
        0
 40
0.045
309
GRIDFORMAT_END
 95
        4
302
GRIDFORMAT
  1
GRIDFORMAT_BEGIN
 90
        0
 91
        1
 62
     0
 92
       -2
340
0
 93
        0
 40
0.045
309
GRIDFORMAT_END
 95
        8
302
GRIDFORMAT
  1
GRIDFORMAT_BEGIN
 90
        0
 91
        1
 62
     0
 92
       -2
340
0
 93
        0
 40
0.045
309
GRIDFORMAT_END
 95
       16
302
GRIDFORMAT
  1
GRIDFORMAT_BEGIN
 90
        0
 91
        1
 62
     0
 92
       -2
340
0
 93
        0
 40
0.045
309
GRIDFORMAT_END
 95
       32
302
GRIDFORMAT
  1
GRIDFORMAT_BEGIN
 90
        0
 91
        1
 62
     0
 92
       -2
340
0
 93
        0
 40
0.045
309
GRIDFORMAT_END
309
TABLEFORMAT_END
  1
CELLSTYLE_BEGIN
 90
        1
 91
        1
300
_TITLE
309
CELLSTYLE_END
300
CELLSTYLE
  1
TABLEFORMAT_BEGIN
 90
        5
170
     1
 91
        0
 92
        0
 62
   257
 93
        1
300
CONTENTFORMAT
  1
CONTENTFORMAT_BEGIN
 90
        0
 91
        0
 92
      512
 93
        0
300

 40
0.0
140
1.0
 94
        5
 62
     0
340
55
144
0.18
309
CONTENTFORMAT_END
171
     1
301
MARGIN
  1
CELLMARGIN_BEGIN
 40
0.06
 40
0.06
 40
0.06
 40
0.06
 40
0.18
 40
0.18
309
CELLMARGIN_END
 94
        6
 95
        1
302
GRIDFORMAT
  1
GRIDFORMAT_BEGIN
 90
        0
 91
        1
 62
     0
 92
       -2
340
0
 93
        0
 40
0.045
309
GRIDFORMAT_END
 95
        2
302
GRIDFORMAT
  1
GRIDFORMAT_BEGIN
 90
        0
 91
        1
 62
     0
 92
       -2
340
0
 93
        0
 40
0.045
309
GRIDFORMAT_END
 95
        4
302
GRIDFORMAT
  1
GRIDFORMAT_BEGIN
 90
        0
 91
        1
 62
     0
 92
       -2
340
0
 93
        0
 40
0.045
309
GRIDFORMAT_END
 95
        8
302
GRIDFORMAT
  1
GRIDFORMAT_BEGIN
 90
        0
 91
        1
 62
     0
 92
       -2
340
0
 93
        0
 40
0.045
309
GRIDFORMAT_END
 95
       16
302
GRIDFORMAT
  1
GRIDFORMAT_BEGIN
 90
        0
 91
        1
 62
     0
 92
       -2
340
0
 93
        0
 40
0.045
309
GRIDFORMAT_END
 95
       32
302
GRIDFORMAT
  1
GRIDFORMAT_BEGIN
 90
        0
 91
        1
 62
     0
 92
       -2
340
0
 93
        0
 40
0.045
309
GRIDFORMAT_END
309
TABLEFORMAT_END
  1
CELLSTYLE_BEGIN
 90
        2
 91
        1
300
_HEADER
309
CELLSTYLE_END
300
CELLSTYLE
  1
TABLEFORMAT_BEGIN
 90
        5
170
     1
 91
        0
 92
        0
 62
   257
 93
        1
300
CONTENTFORMAT
  1
CONTENTFORMAT_BEGIN
 90
        0
 91
        0
 92
      512
 93
        0
300

 40
0.0
140
1.0
 94
        2
 62
     0
340
55
144
0.18
309
CONTENTFORMAT_END
171
     1
301
MARGIN
  1
CELLMARGIN_BEGIN
 40
0.06
 40
0.06
 40
0.06
 40
0.06
 40
0.18
 40
0.18
309
CELLMARGIN_END
 94
        6
 95
        1
302
GRIDFORMAT
  1
GRIDFORMAT_BEGIN
 90
        0
 91
        1
 62
     0
 92
       -2
340
0
 93
        0
 40
0.045
309
GRIDFORMAT_END
 95
        2
302
GRIDFORMAT
  1
GRIDFORMAT_BEGIN
 90
        0
 91
        1
 62
     0
 92
       -2
340
0
 93
        0
 40
0.045
309
GRIDFORMAT_END
 95
        4
302
GRIDFORMAT
  1
GRIDFORMAT_BEGIN
 90
        0
 91
        1
 62
     0
 92
       -2
340
0
 93
        0
 40
0.045
309
GRIDFORMAT_END
 95
        8
302
GRIDFORMAT
  1
GRIDFORMAT_BEGIN
 90
        0
 91
        1
 62
     0
 92
       -2
340
0
 93
        0
 40
0.045
309
GRIDFORMAT_END
 95
       16
302
GRIDFORMAT
  1
GRIDFORMAT_BEGIN
 90
        0
 91
        1
 62
     0
 92
       -2
340
0
 93
        0
 40
0.045
309
GRIDFORMAT_END
 95
       32
302
GRIDFORMAT
  1
GRIDFORMAT_BEGIN
 90
        0
 91
        1
 62
     0
 92
       -2
340
0
 93
        0
 40
0.045
309
GRIDFORMAT_END
309
TABLEFORMAT_END
  1
CELLSTYLE_BEGIN
 90
        3
 91
        2
300
_DATA
309
CELLSTYLE_END
  0
ENDSEC
  0
SECTION
  2
ACDSDATA
 70
     2
 71
     8
  0
ACDSSCHEMA
 90
        0
  1
AcDb_Thumbnail_Schema
  2
AcDbDs::ID
280
    10
 91
        8
  2
Thumbnail_Data
280
    15
 91
        0
101
ACDSRECORD
 95
        0
 90
        1
  2
AcDbDs::TreatedAsObjectData
280
     1
291
     1
101
ACDSRECORD
 95
        0
 90
        2
  2
AcDbDs::Legacy
280
     1
291
     1
101
ACDSRECORD
  1
AcDbDs::ID
 90
        3
  2
AcDs:Indexable
280
     1
291
     1
101
ACDSRECORD
  1
AcDbDs::ID
 90
        4
  2
AcDbDs::HandleAttribute
280
     7
282
     1
  0
ACDSSCHEMA
 90
        1
  1
AcDbDs::TreatedAsObjectDataSchema
  2
AcDbDs::TreatedAsObjectData
280
     1
 91
        0
  0
ACDSSCHEMA
 90
        2
  1
AcDbDs::LegacySchema
  2
AcDbDs::Legacy
280
     1
 91
        0
  0
ACDSSCHEMA
 90
        3
  1
AcDbDs::IndexedPropertySchema
  2
AcDs:Indexable
280
     1
 91
        0
  0
ACDSSCHEMA
 90
        4
  1
AcDbDs::HandleAttributeSchema
  2
AcDbDs::HandleAttribute
280
     7
 91
        1
284
     1
  0
ACDSRECORD
 90
        0
  2
AcDbDs::ID
280
    10
320
6F
  2
Thumbnail_Data
280
    15
 94
     1520
310
89504E470D0A1A0A0000000D4948445200000100000000B5080300000087DCD12600000300504C5445FFFFFFFFFFFFFFFFFF0000000000000000000000000000000000000000000000000000330000660000990000CC0000FF0033000033330033660033990033CC0033FF0066000066330066660066990066CC0066FF0099
310
000099330099660099990099CC0099FF00CC0000CC3300CC6600CC9900CCCC00CCFF00FF0000FF3300FF6600FF9900FFCC00FFFF3300003300333300663300993300CC3300FF3333003333333333663333993333CC3333FF3366003366333366663366993366CC3366FF3399003399333399663399993399CC3399FF33CC00
310
33CC3333CC6633CC9933CCCC33CCFF33FF0033FF3333FF6633FF9933FFCC33FFFF6600006600336600666600996600CC6600FF6633006633336633666633996633CC6633FF6666006666336666666666996666CC6666FF6699006699336699666699996699CC6699FF66CC0066CC3366CC6666CC9966CCCC66CCFF66FF0066
310
FF3366FF6666FF9966FFCC66FFFF9900009900339900669900999900CC9900FF9933009933339933669933999933CC9933FF9966009966339966669966999966CC9966FF9999009999339999669999999999CC9999FF99CC0099CC3399CC6699CC9999CCCC99CCFF99FF0099FF3399FF6699FF9999FFCC99FFFFCC0000CC00
310
33CC0066CC0099CC00CCCC00FFCC3300CC3333CC3366CC3399CC33CCCC33FFCC6600CC6633CC6666CC6699CC66CCCC66FFCC9900CC9933CC9966CC9999CC99CCCC99FFCCCC00CCCC33CCCC66CCCC99CCCCCCCCCCFFCCFF00CCFF33CCFF66CCFF99CCFFCCCCFFFFFF0000FF0033FF0066FF0099FF00CCFF00FFFF3300FF3333
310
FF3366FF3399FF33CCFF33FFFF6600FF6633FF6666FF6699FF66CCFF66FFFF9900FF9933FF9966FF9999FF99CCFF99FFFFCC00FFCC33FFCC66FFCC99FFCCCCFFCCFFFFFF00FFFF33FFFF66FFFF99FFFFCCFFFFFF0000000D0D0D1A1A1A2828283535354343435050505D5D5D6B6B6B787878868686939393A1A1A1AEAEAEBB
310
BBBBC9C9C9D6D6D6E4E4E4F1F1F1FFFFFF000000000000000000000000000000000000000000000000000000000000AD4AB4E4000002514944415478DAEDDC519282301045D1EC7816365B6115EFDB454C294A21F4444351C6F4BBFD99122C0E21744243B99847F9E91B5F00507A46DF7F2F00000000000000000000000000
310
0000000000000000000000000000F088DFF3625080F61D2A8CC909206A040000000000000000000000000000C80E10ABB803140000600CB00698000080446848001D885400D3FFA1F8D46703683BD3F9C680494DD73A00000000802C002A77010B0099F7001500AC01EA99A0C720687F17000000000030013827AC00A65C00
310
EFEE484B8A186C038001C07CF0D6003207B84D92BC011E070B0000000000000039002AAB9FF56C200BC092E0360004048303B409A868B7851FC066130046AF126B1C04779B8C0C401EE00EE0BE28BA2F8DD48BC2C96CABC2CD25B299C78047614434343A036C7A40741B5492BB80DE01280140C902A0F01278AA190A33C192
310
260F503806680BB0134A5625A628FFAD4D87D303AC7B40B42022270083B9000000000000000000B09A09DCDBEE2B4256005ABD323B1B247B36F80240EB1E9010A0BC00D0FA12981FA200600160B32CAE030061E4CF03AAE1B020E20270E071713200FB1E700C20D120A8430089E602923940EDE3092600F63D000000000000
310
00009C00829AA7C66C687480B2A979911A5FA44800F074B4CB02280000E40770FF86C8B50C7C3EDBCFA5E1415B35001814406785CFB7C59BF70400000000000000000000C077A6C2CB84B66C96844AB561F70300B8040000604480F3624C804F040000000000000000000000000000000000000000000000000000007C16E0
310
D233FAFEFBE506D037BA03FC01802A6E19ECBB30B30000000049454E44AE426082CCB59F7EEB01AECDE50077D00B66DF646682C20000000049454E44AE42608200000000000000000000F05980DB9571EDA7DF06806BE372805FF2A4EE20E2FDA4A60000000049454E44AE426082A40000000049454E44AE426082
  0
ACDSRECORD
 90
        0
  2
AcDbDs::ID
280
    10
320
73
  2
Thumbnail_Data
280
    15
 94
     1125
310
89504E470D0A1A0A0000000D494844520000010000000065080300000095E2CD0900000300504C5445FFFFFFFFFFFFFFFFFF0000000000000000000000000000000000000000000000000000330000660000990000CC0000FF0033000033330033660033990033CC0033FF0066000066330066660066990066CC0066FF0099
310
000099330099660099990099CC0099FF00CC0000CC3300CC6600CC9900CCCC00CCFF00FF0000FF3300FF6600FF9900FFCC00FFFF3300003300333300663300993300CC3300FF3333003333333333663333993333CC3333FF3366003366333366663366993366CC3366FF3399003399333399663399993399CC3399FF33CC00
310
33CC3333CC6633CC9933CCCC33CCFF33FF0033FF3333FF6633FF9933FFCC33FFFF6600006600336600666600996600CC6600FF6633006633336633666633996633CC6633FF6666006666336666666666996666CC6666FF6699006699336699666699996699CC6699FF66CC0066CC3366CC6666CC9966CCCC66CCFF66FF0066
310
FF3366FF6666FF9966FFCC66FFFF9900009900339900669900999900CC9900FF9933009933339933669933999933CC9933FF9966009966339966669966999966CC9966FF9999009999339999669999999999CC9999FF99CC0099CC3399CC6699CC9999CCCC99CCFF99FF0099FF3399FF6699FF9999FFCC99FFFFCC0000CC00
310
33CC0066CC0099CC00CCCC00FFCC3300CC3333CC3366CC3399CC33CCCC33FFCC6600CC6633CC6666CC6699CC66CCCC66FFCC9900CC9933CC9966CC9999CC99CCCC99FFCCCC00CCCC33CCCC66CCCC99CCCCCCCCCCFFCCFF00CCFF33CCFF66CCFF99CCFFCCCCFFFFFF0000FF0033FF0066FF0099FF00CCFF00FFFF3300FF3333
310
FF3366FF3399FF33CCFF33FFFF6600FF6633FF6666FF6699FF66CCFF66FFFF9900FF9933FF9966FF9999FF99CCFF99FFFFCC00FFCC33FFCC66FFCC99FFCCCCFFCCFFFFFF00FFFF33FFFF66FFFF99FFFFCCFFFFFF0000000D0D0D1A1A1A2828283535354343435050505D5D5D6B6B6B787878868686939393A1A1A1AEAEAEBB
310
BBBBC9C9C9D6D6D6E4E4E4F1F1F1FFFFFF000000000000000000000000000000000000000000000000000000000000AD4AB4E4000000B34944415478DAEDD7310E8330100041FFFF99F79214202B243491A214D99902243A56E68CD70200000000F8AD3909900D70661040000104484DFDB98CFF6480E3BD83015EEED10023
310
403C40F913B8975B01EBF2256403AC7C8025407008DE0489ED02EF416C83B119B0CF42535C01CF0B7F8A33E03AFBBA8721018E01103E0EB70F43F500F7FF8302E47601019201F64F603740FC30540FF0D16301FE721798FDC6FB32021882000000000000000000007CD103A96363D67031C8130000000049454E44AE426082
310
ED770B900AC00B28A10BA80A5080028802DAC63F50015BEBE7BC3F8C3A1F10605778187FF60C13F7971D8E508FCAA24F88BCFB880214A0805F16B04C73EB6CB77D5A010801F4655044444444444444444444444444443ECE0D5A0C341DCACE261E0000000049454E44AE426082
  0
ENDSEC
  0
EOF
