  0
SECTION
  2
HEADER
  9
$ACADVER
  1
AC1032
  9
$ACADMAINTVER
 90
      204
  9
$DWGCODEPAGE
  3
ANSI_1252
  9
$LASTSAVEDBY
  1
duda-
  9
$REQUIREDVERSIONS
160
                 0
  9
$INSBASE
 10
0.0
 20
0.0
 30
0.0
  9
$EXTMIN
 10
-98667.55058951003
 20
-10665.80034902939
 30
0.0
  9
$EXTMAX
 10
-72459.31838395183
 20
-3431.250856009363
 30
0.0
  9
$LIMMIN
 10
0.0
 20
0.0
  9
$LIMMAX
 10
12.0
 20
9.0
  9
$ORTHOMODE
 70
     0
  9
$REGENMODE
 70
     1
  9
$FILLMODE
 70
     1
  9
$QTEXTMODE
 70
     0
  9
$MIRRTEXT
 70
     0
  9
$LTSCALE
 40
1.0
  9
$ATTMODE
 70
     1
  9
$TEXTSIZE
 40
0.2
  9
$TRACEWID
 40
0.05
  9
$TEXTSTYLE
  7
Standard
  9
$CLAYER
  8
0
  9
$CELTYPE
  6
ByLayer
  9
$CECOLOR
 62
   256
  9
$CELTSCALE
 40
1.0
  9
$DISPSILH
 70
     0
  9
$DIMSCALE
 40
1.0
  9
$DIMASZ
 40
0.18
  9
$DIMEXO
 40
0.0625
  9
$DIMDLI
 40
0.38
  9
$DIMRND
 40
0.0
  9
$DIMDLE
 40
0.0
  9
$DIMEXE
 40
0.18
  9
$DIMTP
 40
0.0
  9
$DIMTM
 40
0.0
  9
$DIMTXT
 40
0.18
  9
$DIMCEN
 40
0.09
  9
$DIMTSZ
 40
0.0
  9
$DIMTOL
 70
     0
  9
$DIMLIM
 70
     0
  9
$DIMTIH
 70
     1
  9
$DIMTOH
 70
     1
  9
$DIMSE1
 70
     0
  9
$DIMSE2
 70
     0
  9
$DIMTAD
 70
     0
  9
$DIMZIN
 70
     0
  9
$DIMBLK
  1

  9
$DIMASO
 70
     1
  9
$DIMSHO
 70
     1
  9
$DIMPOST
  1

  9
$DIMAPOST
  1

  9
$DIMALT
 70
     0
  9
$DIMALTD
 70
     2
  9
$DIMALTF
 40
25.4
  9
$DIMLFAC
 40
1.0
  9
$DIMTOFL
 70
     0
  9
$DIMTVP
 40
0.0
  9
$DIMTIX
 70
     0
  9
$DIMSOXD
 70
     0
  9
$DIMSAH
 70
     0
  9
$DIMBLK1
  1

  9
$DIMBLK2
  1

  9
$DIMSTYLE
  2
Standard
  9
$DIMCLRD
 70
     0
  9
$DIMCLRE
 70
     0
  9
$DIMCLRT
 70
     0
  9
$DIMTFAC
 40
1.0
  9
$DIMGAP
 40
0.09
  9
$DIMJUST
 70
     0
  9
$DIMSD1
 70
     0
  9
$DIMSD2
 70
     0
  9
$DIMTOLJ
 70
     1
  9
$DIMTZIN
 70
     0
  9
$DIMALTZ
 70
     0
  9
$DIMALTTZ
 70
     0
  9
$DIMUPT
 70
     0
  9
$DIMDEC
 70
     4
  9
$DIMTDEC
 70
     4
  9
$DIMALTU
 70
     2
  9
$DIMALTTD
 70
     2
  9
$DIMTXSTY
  7
Standard
  9
$DIMAUNIT
 70
     0
  9
$DIMADEC
 70
     0
  9
$DIMALTRND
 40
0.0
  9
$DIMAZIN
 70
     0
  9
$DIMDSEP
 70
    46
  9
$DIMATFIT
 70
     3
  9
$DIMFRAC
 70
     0
  9
$DIMLDRBLK
  1

  9
$DIMLUNIT
 70
     2
  9
$DIMLWD
 70
    -2
  9
$DIMLWE
 70
    -2
  9
$DIMTMOVE
 70
     0
  9
$DIMFXL
 40
1.0
  9
$DIMFXLON
 70
     0
  9
$DIMJOGANG
 40
0.7853981633974483
  9
$DIMTFILL
 70
     0
  9
$DIMTFILLCLR
 70
     0
  9
$DIMARCSYM
 70
     0
  9
$DIMLTYPE
  6

  9
$DIMLTEX1
  6

  9
$DIMLTEX2
  6

  9
$DIMTXTDIRECTION
 70
     0
  9
$LUNITS
 70
     2
  9
$LUPREC
 70
     4
  9
$SKETCHINC
 40
0.1
  9
$FILLETRAD
 40
0.0
  9
$AUNITS
 70
     0
  9
$AUPREC
 70
     0
  9
$MENU
  1
.
  9
$ELEVATION
 40
0.0
  9
$PELEVATION
 40
0.0
  9
$THICKNESS
 40
0.0
  9
$LIMCHECK
 70
     0
  9
$CHAMFERA
 40
0.0
  9
$CHAMFERB
 40
0.0
  9
$CHAMFERC
 40
0.0
  9
$CHAMFERD
 40
0.0
  9
$SKPOLY
 70
     0
  9
$TDCREATE
 40
2460730.550613426
  9
$TDUCREATE
 40
2460730.675613426
  9
$TDUPDATE
 40
2460738.966226852
  9
$TDUUPDATE
 40
2460739.091226852
  9
$TDINDWG
 40
0.0391666667
  9
$TDUSRTIMER
 40
0.0391666667
  9
$USRTIMER
 70
     1
  9
$ANGBASE
 50
0.0
  9
$ANGDIR
 70
     0
  9
$PDMODE
 70
     0
  9
$PDSIZE
 40
0.0
  9
$PLINEWID
 40
0.0
  9
$SPLFRAME
 70
     0
  9
$SPLINETYPE
 70
     6
  9
$SPLINESEGS
 70
     8
  9
$HANDSEED
  5
409
  9
$SURFTAB1
 70
     6
  9
$SURFTAB2
 70
     6
  9
$SURFTYPE
 70
     6
  9
$SURFU
 70
     6
  9
$SURFV
 70
     6
  9
$UCSBASE
  2

  9
$UCSNAME
  2

  9
$UCSORG
 10
0.0
 20
0.0
 30
0.0
  9
$UCSXDIR
 10
1.0
 20
0.0
 30
0.0
  9
$UCSYDIR
 10
0.0
 20
1.0
 30
0.0
  9
$UCSORTHOREF
  2

  9
$UCSORTHOVIEW
 70
     0
  9
$UCSORGTOP
 10
0.0
 20
0.0
 30
0.0
  9
$UCSORGBOTTOM
 10
0.0
 20
0.0
 30
0.0
  9
$UCSORGLEFT
 10
0.0
 20
0.0
 30
0.0
  9
$UCSORGRIGHT
 10
0.0
 20
0.0
 30
0.0
  9
$UCSORGFRONT
 10
0.0
 20
0.0
 30
0.0
  9
$UCSORGBACK
 10
0.0
 20
0.0
 30
0.0
  9
$PUCSBASE
  2

  9
$PUCSNAME
  2

  9
$PUCSORG
 10
0.0
 20
0.0
 30
0.0
  9
$PUCSXDIR
 10
1.0
 20
0.0
 30
0.0
  9
$PUCSYDIR
 10
0.0
 20
1.0
 30
0.0
  9
$PUCSORTHOREF
  2

  9
$PUCSORTHOVIEW
 70
     0
  9
$PUCSORGTOP
 10
0.0
 20
0.0
 30
0.0
  9
$PUCSORGBOTTOM
 10
0.0
 20
0.0
 30
0.0
  9
$PUCSORGLEFT
 10
0.0
 20
0.0
 30
0.0
  9
$PUCSORGRIGHT
 10
0.0
 20
0.0
 30
0.0
  9
$PUCSORGFRONT
 10
0.0
 20
0.0
 30
0.0
  9
$PUCSORGBACK
 10
0.0
 20
0.0
 30
0.0
  9
$USERI1
 70
     0
  9
$USERI2
 70
     0
  9
$USERI3
 70
     0
  9
$USERI4
 70
     0
  9
$USERI5
 70
     0
  9
$USERR1
 40
0.0
  9
$USERR2
 40
0.0
  9
$USERR3
 40
0.0
  9
$USERR4
 40
0.0
  9
$USERR5
 40
0.0
  9
$WORLDVIEW
 70
     1
  9
$SHADEDGE
 70
     3
  9
$SHADEDIF
 70
    70
  9
$TILEMODE
 70
     1
  9
$MAXACTVP
 70
    64
  9
$PINSBASE
 10
0.0
 20
0.0
 30
0.0
  9
$PLIMCHECK
 70
     0
  9
$PEXTMIN
 10
20.7928507088368
 20
102.9999999999855
 30
0.0
  9
$PEXTMAX
 10
317.7928507088372
 20
312.9999999999862
 30
0.0
  9
$PLIMMIN
 10
20.76884200533789
 20
102.9849099062627
  9
$PLIMMAX
 10
317.9612673821897
 20
313.1209682535316
  9
$UNITMODE
 70
     0
  9
$VISRETAIN
 70
     1
  9
$PLINEGEN
 70
     0
  9
$PSLTSCALE
 70
     0
  9
$TREEDEPTH
 70
  3020
  9
$CMLSTYLE
  2
Standard
  9
$CMLJUST
 70
     0
  9
$CMLSCALE
 40
1.0
  9
$PROXYGRAPHICS
 70
     1
  9
$MEASUREMENT
 70
     1
  9
$CELWEIGHT
370
    -1
  9
$ENDCAPS
280
     0
  9
$JOINSTYLE
280
     0
  9
$LWDISPLAY
290
     0
  9
$INSUNITS
 70
     4
  9
$HYPERLINKBASE
  1

  9
$STYLESHEET
  1

  9
$XEDIT
290
     1
  9
$CEPSNTYPE
380
     0
  9
$PSTYLEMODE
290
     1
  9
$FINGERPRINTGUID
  2
{A62A7FEC-7C09-434F-BC98-A6336A5E5DD2}
  9
$VERSIONGUID
  2
{91B5A6FE-E1E4-7942-83C1-88B025BF761C}
  9
$EXTNAMES
290
     1
  9
$PSVPSCALE
 40
0.0
  9
$OLESTARTUP
290
     0
  9
$SORTENTS
280
   127
  9
$INDEXCTL
280
     0
  9
$HIDETEXT
280
     1
  9
$XCLIPFRAME
280
     2
  9
$HALOGAP
280
     0
  9
$OBSCOLOR
 70
   257
  9
$OBSLTYPE
280
     0
  9
$INTERSECTIONDISPLAY
280
     0
  9
$INTERSECTIONCOLOR
 70
   257
  9
$DIMASSOC
280
     2
  9
$PROJECTNAME
  1

  9
$CAMERADISPLAY
290
     0
  9
$LENSLENGTH
 40
50.0
  9
$CAMERAHEIGHT
 40
0.0
  9
$STEPSPERSEC
 40
2.0
  9
$STEPSIZE
 40
6.0
  9
$3DDWFPREC
 40
2.0
  9
$PSOLWIDTH
 40
0.25
  9
$PSOLHEIGHT
 40
4.0
  9
$LOFTANG1
 40
1.570796326794896
  9
$LOFTANG2
 40
1.570796326794896
  9
$LOFTMAG1
 40
0.0
  9
$LOFTMAG2
 40
0.0
  9
$LOFTPARAM
 70
     7
  9
$LOFTNORMALS
280
     1
  9
$LATITUDE
 40
0.0
  9
$LONGITUDE
 40
0.0
  9
$NORTHDIRECTION
 40
0.0
  9
$TIMEZONE
 70
     0
  9
$LIGHTGLYPHDISPLAY
280
     1
  9
$TILEMODELIGHTSYNCH
280
     1
  9
$CMATERIAL
347
11
  9
$SOLIDHIST
280
     0
  9
$SHOWHIST
280
     1
  9
$DWFFRAME
280
     2
  9
$DGNFRAME
280
     0
  9
$REALWORLDSCALE
290
     1
  9
$INTERFERECOLOR
 62
     1
  9
$INTERFEREOBJVS
345
33
  9
$INTERFEREVPVS
346
30
  9
$CSHADOW
280
     0
  9
$SHADOWPLANELOCATION
 40
0.0
  0
ENDSEC
  0
SECTION
  2
CLASSES
  0
CLASS
  1
ACDBDICTIONARYWDFLT
  2
AcDbDictionaryWithDefault
  3
ObjectDBX Classes
 90
        0
 91
        1
280
     0
281
     0
  0
CLASS
  1
MATERIAL
  2
AcDbMaterial
  3
ObjectDBX Classes
 90
     1153
 91
        3
280
     0
281
     0
  0
CLASS
  1
VISUALSTYLE
  2
AcDbVisualStyle
  3
ObjectDBX Classes
 90
     4095
 91
       24
280
     0
281
     0
  0
CLASS
  1
SCALE
  2
AcDbScale
  3
ObjectDBX Classes
 90
     1153
 91
       17
280
     0
281
     0
  0
CLASS
  1
TABLESTYLE
  2
AcDbTableStyle
  3
ObjectDBX Classes
 90
     4095
 91
        1
280
     0
281
     0
  0
CLASS
  1
MLEADERSTYLE
  2
AcDbMLeaderStyle
  3
ACDB_MLEADERSTYLE_CLASS
 90
     4095
 91
        1
280
     0
281
     0
  0
CLASS
  1
ACDBSECTIONVIEWSTYLE
  2
AcDbSectionViewStyle
  3
ObjectDBX Classes
 90
     1025
 91
        2
280
     0
281
     0
  0
CLASS
  1
ACDBDETAILVIEWSTYLE
  2
AcDbDetailViewStyle
  3
ObjectDBX Classes
 90
     1025
 91
        2
280
     0
281
     0
  0
CLASS
  1
RASTERVARIABLES
  2
AcDbRasterVariables
  3
ISM
 90
        0
 91
        1
280
     0
281
     0
  0
CLASS
  1
DICTIONARYVAR
  2
AcDbDictionaryVar
  3
ObjectDBX Classes
 90
        0
 91
        5
280
     0
281
     0
  0
CLASS
  1
SORTENTSTABLE
  2
AcDbSortentsTable
  3
ObjectDBX Classes
 90
        0
 91
        1
280
     0
281
     0
  0
CLASS
  1
SUN
  2
AcDbSun
  3
SCENEOE
 90
     1153
 91
        1
280
     0
281
     0
  0
CLASS
  1
RAPIDRTRENDERSETTINGS
  2
AcDbRapidRTRenderSettings
  3
ObjectDBX Classes
 90
     1024
 91
        7
280
     0
281
     0
  0
CLASS
  1
CELLSTYLEMAP
  2
AcDbCellStyleMap
  3
ObjectDBX Classes
 90
     1152
 91
        1
280
     0
281
     0
  0
ENDSEC
  0
SECTION
  2
TABLES
  0
TABLE
  2
VPORT
  5
8
330
0
100
AcDbSymbolTable
 70
     1
  0
VPORT
  5
57
330
8
100
AcDbSymbolTableRecord
100
AcDbViewportTableRecord
  2
*Active
 70
     0
 10
0.0
 20
0.0
 11
1.0
 21
1.0
 12
-86423.47321101848
 22
-10005.56417343078
 13
0.0
 23
0.0
 14
1.0
 24
1.0
 15
0.0
 25
0.0
 16
0.0
 26
0.0
 36
1.0
 17
0.0
 27
0.0
 37
0.0
 40
16613.69232772345
 41
2.531208499335989
 42
50.0
 43
0.0
 44
0.0
 50
0.0
 51
0.0
 71
     0
 72
  1000
 73
     1
 74
     1
 75
     0
 76
     0
 77
     0
 78
     0
281
     0
 65
     1
110
0.0
120
0.0
130
0.0
111
1.0
121
0.0
131
0.0
112
0.0
122
1.0
132
0.0
 79
     0
146
0.0
348
2F
 60
     3
 61
     5
292
     1
282
     1
141
0.0
142
0.0
 63
   250
421
  3355443
361
360
1001
ACAD_NAV_VCDISPLAY
1070
     3
  0
ENDTAB
  0
TABLE
  2
LTYPE
  5
5
330
0
100
AcDbSymbolTable
 70
     1
  0
LTYPE
  5
5B
330
5
100
AcDbSymbolTableRecord
100
AcDbLinetypeTableRecord
  2
ByBlock
 70
     0
  3

 72
    65
 73
     0
 40
0.0
  0
LTYPE
  5
5C
330
5
100
AcDbSymbolTableRecord
100
AcDbLinetypeTableRecord
  2
ByLayer
 70
     0
  3

 72
    65
 73
     0
 40
0.0
  0
LTYPE
  5
5D
330
5
100
AcDbSymbolTableRecord
100
AcDbLinetypeTableRecord
  2
Continuous
 70
     0
  3
Solid line
 72
    65
 73
     0
 40
0.0
  0
ENDTAB
  0
TABLE
  2
LAYER
  5
2
102
{ACAD_XDICTIONARY
360
37D
102
}
330
0
100
AcDbSymbolTable
 70
     7
  0
LAYER
  5
54
330
2
100
AcDbSymbolTableRecord
100
AcDbLayerTableRecord
  2
0
 70
     0
 62
   250
  6
Continuous
370
    25
390
F
347
21
348
0
  0
LAYER
  5
349
330
2
100
AcDbSymbolTableRecord
100
AcDbLayerTableRecord
  2
A-POR-___-___-EXI
 70
     0
 62
   250
  6
Continuous
370
    25
390
F
347
21
348
0
  0
LAYER
  5
34F
330
2
100
AcDbSymbolTableRecord
100
AcDbLayerTableRecord
  2
A-PIL-___-___-EXI
 70
     0
 62
   250
  6
Continuous
370
    25
390
F
347
21
348
0
  0
LAYER
  5
351
330
2
100
AcDbSymbolTableRecord
100
AcDbLayerTableRecord
  2
A-COB-___-___-EXI
 70
     0
 62
   250
  6
Continuous
370
    25
390
F
347
21
348
0
  0
LAYER
  5
3E9
330
2
100
AcDbSymbolTableRecord
100
AcDbLayerTableRecord
  2
A-BAS-___-___-EXI
 70
     0
 62
   250
  6
Continuous
370
    25
390
F
347
21
348
0
1001
AcAecLayerStandard
1000

1000

1001
AcCmTransparency
1071
        0
  0
LAYER
  5
3EC
330
2
100
AcDbSymbolTableRecord
100
AcDbLayerTableRecord
  2
A-JAN-___-___-EXI
 70
     0
 62
   250
  6
Continuous
370
    25
390
F
347
21
348
0
1001
AcAecLayerStandard
1000

1000

1001
AcCmTransparency
1071
        0
  0
LAYER
  5
3ED
330
2
100
AcDbSymbolTableRecord
100
AcDbLayerTableRecord
  2
A-ALV-___-___-EXI
 70
     0
 62
   250
  6
Continuous
370
    35
390
F
347
21
348
0
1001
AcAecLayerStandard
1000

1000

1001
AcCmTransparency
1071
        0
  0
ENDTAB
  0
TABLE
  2
STYLE
  5
3
330
0
100
AcDbSymbolTable
 70
     2
  0
STYLE
  5
55
330
3
100
AcDbSymbolTableRecord
100
AcDbTextStyleTableRecord
  2
Standard
 70
     0
 40
0.0
 41
1.0
 50
0.0
 71
     0
 42
0.2
  3
txt
  4

  0
STYLE
  5
5A
330
3
100
AcDbSymbolTableRecord
100
AcDbTextStyleTableRecord
  2
Annotative
 70
     0
 40
0.0
 41
1.0
 50
0.0
 71
     0
 42
0.2
  3
txt
  4

1001
AcadAnnotative
1000
AnnotativeData
1002
{
1070
     1
1070
     1
1002
}
  0
ENDTAB
  0
TABLE
  2
VIEW
  5
6
330
0
100
AcDbSymbolTable
 70
     1
  0
ENDTAB
  0
TABLE
  2
UCS
  5
7
330
0
100
AcDbSymbolTable
 70
     0
  0
ENDTAB
  0
TABLE
  2
APPID
  5
9
330
0
100
AcDbSymbolTable
 70
     7
  0
APPID
  5
56
330
9
100
AcDbSymbolTableRecord
100
AcDbRegAppTableRecord
  2
ACAD
 70
     0
  0
APPID
  5
5E
330
9
100
AcDbSymbolTableRecord
100
AcDbRegAppTableRecord
  2
AcadAnnotative
 70
     0
  0
APPID
  5
78
330
9
100
AcDbSymbolTableRecord
100
AcDbRegAppTableRecord
  2
REVIT
 70
     0
  0
APPID
  5
370
330
9
100
AcDbSymbolTableRecord
100
AcDbRegAppTableRecord
  2
ACAD_PSEXT
 70
     0
  0
APPID
  5
3E1
330
9
100
AcDbSymbolTableRecord
100
AcDbRegAppTableRecord
  2
ACAD_NAV_VCDISPLAY
 70
     0
  0
APPID
  5
3EA
330
9
100
AcDbSymbolTableRecord
100
AcDbRegAppTableRecord
  2
AcAecLayerStandard
 70
     0
  0
APPID
  5
3EB
330
9
100
AcDbSymbolTableRecord
100
AcDbRegAppTableRecord
  2
AcCmTransparency
 70
     0
  0
ENDTAB
  0
TABLE
  2
DIMSTYLE
  5
A
330
0
100
AcDbSymbolTable
 70
     2
100
AcDbDimStyleTable
 71
     0
  0
DIMSTYLE
105
58
330
A
100
AcDbSymbolTableRecord
100
AcDbDimStyleTableRecord
  2
Standard
 70
     0
340
55
  0
DIMSTYLE
105
59
330
A
100
AcDbSymbolTableRecord
100
AcDbDimStyleTableRecord
  2
Annotative
 70
     0
340
55
1001
AcadAnnotative
1000
AnnotativeData
1002
{
1070
     1
1070
     1
1002
}
  0
ENDTAB
  0
TABLE
  2
BLOCK_RECORD
  5
1
330
0
100
AcDbSymbolTable
 70
     1
  0
BLOCK_RECORD
  5
70
102
{ACAD_XDICTIONARY
360
35E
102
}
330
1
100
AcDbSymbolTableRecord
100
AcDbBlockTableRecord
  2
*Model_Space
340
73
 70
     0
280
     1
281
     0
  0
BLOCK_RECORD
  5
6C
330
1
100
AcDbSymbolTableRecord
100
AcDbBlockTableRecord
  2
*Paper_Space
340
6F
 70
     0
280
     1
281
     0
  0
BLOCK_RECORD
  5
350
330
1
100
AcDbSymbolTableRecord
100
AcDbBlockTableRecord
  2
A4 HORIZONTAL - A4-22863039-Não nomeada
340
0
102
{BLKREFS
331
358
102
}
 70
     0
280
     1
281
     0
  0
ENDTAB
  0
ENDSEC
  0
SECTION
  2
BLOCKS
  0
BLOCK
  5
71
330
70
100
AcDbEntity
  8
0
100
AcDbBlockBegin
  2
*Model_Space
 70
     0
 10
0.0
 20
0.0
 30
0.0
  3
*Model_Space
  1

  0
ENDBLK
  5
72
330
70
100
AcDbEntity
  8
0
100
AcDbBlockEnd
  0
BLOCK
  5
6D
330
6C
100
AcDbEntity
 67
     1
  8
0
100
AcDbBlockBegin
  2
*Paper_Space
 70
     0
 10
0.0
 20
0.0
 30
0.0
  3
*Paper_Space
  1

  0
ENDBLK
  5
6E
330
6C
100
AcDbEntity
 67
     1
  8
0
100
AcDbBlockEnd
  0
BLOCK
  5
356
330
350
100
AcDbEntity
  8
0
100
AcDbBlockBegin
  2
A4 HORIZONTAL - A4-22863039-Não nomeada
 70
     0
 10
0.0
 20
0.0
 30
0.0
  3
A4 HORIZONTAL - A4-22863039-Não nomeada
  1

  0
LINE
  5
352
330
350
100
AcDbEntity
  8
A-COB-___-___-EXI
100
AcDbLine
 10
317.7928507088368
 20
312.9999999999862
 30
0.0
 11
20.7928507088368
 21
312.9999999999856
 31
0.0
1001
REVIT
1002
{
1070
     1
1000
22861650
1002
}
1002
{
1070
     5
1000
22863039
1002
}
1002
{
1070
     3
1000
-2000281
1002
}
  0
LINE
  5
353
330
350
100
AcDbEntity
  8
A-COB-___-___-EXI
100
AcDbLine
 10
20.7928507088368
 20
312.9999999999856
 30
0.0
 11
20.7928507088372
 21
102.9999999999856
 31
0.0
1001
REVIT
1002
{
1070
     1
1000
22861650
1002
}
1002
{
1070
     5
1000
22863039
1002
}
1002
{
1070
     3
1000
-2000281
1002
}
  0
LINE
  5
354
330
350
100
AcDbEntity
  8
A-COB-___-___-EXI
100
AcDbLine
 10
20.7928507088372
 20
102.9999999999855
 30
0.0
 11
317.7928507088372
 21
102.9999999999861
 31
0.0
1001
REVIT
1002
{
1070
     1
1000
22861650
1002
}
1002
{
1070
     5
1000
22863039
1002
}
1002
{
1070
     3
1000
-2000281
1002
}
  0
LINE
  5
355
330
350
100
AcDbEntity
  8
A-COB-___-___-EXI
100
AcDbLine
 10
317.7928507088372
 20
102.9999999999861
 30
0.0
 11
317.7928507088368
 21
312.9999999999862
 31
0.0
1001
REVIT
1002
{
1070
     1
1000
22861650
1002
}
1002
{
1070
     5
1000
22863039
1002
}
1002
{
1070
     3
1000
-2000281
1002
}
  0
ENDBLK
  5
357
330
350
100
AcDbEntity
  8
0
100
AcDbBlockEnd
  0
ENDSEC
  0
SECTION
  2
ENTITIES
  0
HATCH
  5
8C
330
70
100
AcDbEntity
  8
0
 62
   253
420
 13342872
100
AcDbHatch
 10
0.0
 20
0.0
 30
0.0
210
0.0
220
0.0
230
1.0
  2
SOLID
 70
     1
 71
     0
 91
        1
 92
        1
 93
        8
 72
     1
 10
-98667.55058951003
 20
-10665.80034902939
 11
-72459.31838395192
 21
-10665.80034902939
 72
     1
 10
-72459.31838395192
 20
-10665.80034902939
 11
-72459.31838395192
 21
-10478.33199677869
 72
     1
 10
-72459.31838395192
 20
-10478.33199677869
 11
-80408.08661117795
 21
-10478.33199677869
 72
     1
 10
-80408.08661117795
 20
-10478.33199677869
 11
-80408.08661117795
 21
-10247.4126716574
 72
     1
 10
-80408.08661117795
 20
-10247.4126716574
 11
-96727.55058951006
 21
-10247.41267165735
 72
     1
 10
-96727.55058951006
 20
-10247.41267165735
 11
-96727.55058951006
 21
-10342.21920764099
 72
     1
 10
-96727.55058951006
 20
-10342.21920764099
 11
-98667.55058951003
 21
-10342.21920764099
 72
     1
 10
-98667.55058951003
 20
-10342.21920764099
 11
-98667.55058951003
 21
-10665.80034902939
 97
        0
 75
     0
 76
     1
 98
        1
 10
0.0
 20
0.0
450
        0
451
        0
460
0.0
461
0.0
452
        0
462
0.0
453
        0
470

1001
REVIT
1002
{
1070
     1
1000
22858710
1002
}
1002
{
1070
     5
1000
383807
1002
}
1002
{
1070
     2
1000
-2002000
1002
}
  0
HATCH
  5
E0
330
70
100
AcDbEntity
  8
0
 62
    11
100
AcDbHatch
 10
0.0
 20
0.0
 30
0.0
210
0.0
220
0.0
230
1.0
  2
SOLID
 70
     1
 71
     0
 91
        5
 92
        1
 93
        4
 72
     1
 10
-80688.08661117797
 20
-10247.4126716574
 11
-80408.08661117795
 21
-10247.4126716574
 72
     1
 10
-80408.08661117795
 20
-10247.4126716574
 11
-80408.08661117795
 21
-9642.412671657387
 72
     1
 10
-80408.08661117795
 20
-9642.412671657387
 11
-80688.08661117797
 21
-9642.412671657387
 72
     1
 10
-80688.08661117797
 20
-9642.412671657387
 11
-80688.08661117797
 21
-10247.4126716574
 97
        0
 92
        1
 93
       10
 72
     1
 10
-80408.08661117795
 20
-8352.491858755575
 11
-80408.08661117795
 21
-7216.053665919426
 72
     1
 10
-80408.08661117795
 20
-7216.053665919426
 11
-80553.0958571038
 21
-7151.849941421065
 72
     1
 10
-80553.0958571038
 20
-7151.849941421065
 11
-80553.0958571038
 21
-7264.872936877061
 72
     1
 10
-80553.0958571038
 20
-7264.872936877061
 11
-80688.08661117797
 21
-7264.872936877061
 72
     1
 10
-80688.08661117797
 20
-7264.872936877061
 11
-80688.08661117797
 21
-8352.491858755575
 72
     1
 10
-80688.08661117797
 20
-8352.491858755575
 11
-80588.08661117796
 21
-8352.491858755575
 72
     1
 10
-80588.08661117796
 20
-8352.491858755575
 11
-80588.08661117796
 21
-8247.412671657381
 72
     1
 10
-80588.08661117796
 20
-8247.412671657381
 11
-80488.08661117799
 21
-8247.412671657381
 72
     1
 10
-80488.08661117799
 20
-8247.412671657381
 11
-80488.08661117799
 21
-8352.491858755575
 72
     1
 10
-80488.08661117799
 20
-8352.491858755575
 11
-80408.08661117795
 21
-8352.491858755575
 97
        0
 92
        1
 93
       53
 72
     1
 10
-96798.36738526372
 20
-8118.227131015144
 11
-96498.36738526373
 21
-8118.227131015144
 72
     1
 10
-96498.36738526373
 20
-8118.227131015144
 11
-96498.36738526373
 21
-7998.227131015143
 72
     1
 10
-96498.36738526373
 20
-7998.227131015143
 11
-96358.36738526373
 21
-7998.227131015143
 72
     1
 10
-96358.36738526373
 20
-7998.227131015143
 11
-96358.36738526373
 21
-8118.227131015141
 72
     1
 10
-96358.36738526373
 20
-8118.227131015141
 11
-96161.77089463436
 21
-7980.568786290891
 72
     1
 10
-96161.77089463436
 20
-7980.568786290891
 11
-96161.77089463441
 21
-7820.568786290889
 72
     1
 10
-96161.77089463441
 20
-7820.568786290889
 11
-96221.77089463443
 21
-7820.568786290905
 72
     1
 10
-96221.77089463443
 20
-7820.568786290905
 11
-96221.77089463463
 21
-7200.568786290904
 72
     1
 10
-96221.77089463463
 20
-7200.568786290904
 11
-96254.71318097524
 21
-7196.231852017927
 72
     1
 10
-96254.71318097524
 20
-7196.231852017927
 11
-96285.4105049414
 21
-7183.516604102573
 72
     1
 10
-96285.4105049414
 20
-7183.516604102573
 11
-96311.77089463459
 21
-7163.289565677338
 72
     1
 10
-96311.77089463459
 20
-7163.289565677338
 11
-96331.99793305983
 21
-7136.929175984135
 72
     1
 10
-96331.99793305983
 20
-7136.929175984135
 11
-96344.71318097517
 21
-7106.231852017955
 72
     1
 10
-96344.71318097517
 20
-7106.231852017955
 11
-96349.05011524818
 21
-7073.289565677339
 72
     1
 10
-96349.05011524818
 20
-7073.289565677339
 11
-96352.79827435638
 21
-7101.759660638617
 72
     1
 10
-96352.79827435638
 20
-7101.759660638617
 11
-96365.50943408275
 21
-7131.902890085692
 72
     1
 10
-96365.50943408275
 20
-7131.902890085692
 11
-96381.40129634257
 21
-7152.613568204348
 72
     1
 10
-96381.40129634257
 20
-7152.613568204348
 11
-96402.65124254671
 21
-7168.728802618907
 72
     1
 10
-96402.65124254671
 20
-7168.728802618907
 11
-96430.58002028688
 21
-7179.541406569121
 72
     1
 10
-96430.58002028688
 20
-7179.541406569121
 11
-96459.05011524815
 21
-7183.28956567732
 72
     1
 10
-96459.05011524815
 20
-7183.28956567732
 11
-96490.04531790636
 21
-7178.4954727146
 72
     1
 10
-96490.04531790636
 20
-7178.4954727146
 11
-96514.05011524817
 21
-7168.552360093603
 72
     1
 10
-96514.05011524817
 20
-7168.552360093603
 11
-96538.71451483965
 21
-7148.617789588579
 72
     1
 10
-96538.71451483965
 20
-7148.617789588579
 11
-96554.31290966443
 21
-7128.289565677319
 72
     1
 10
-96554.31290966443
 20
-7128.289565677319
 11
-96565.30195613996
 21
-7101.759660638602
 72
     1
 10
-96565.30195613996
 20
-7101.759660638602
 11
-96569.05011524816
 21
-7073.289565677327
 72
     1
 10
-96569.05011524816
 20
-7073.289565677327
 11
-96569.05011524816
 21
-6253.289565677333
 72
     1
 10
-96569.05011524816
 20
-6253.289565677333
 11
-96878.36738526373
 21
-6253.289565677333
 72
     1
 10
-96878.36738526373
 20
-6253.289565677333
 11
-96878.36738526373
 21
-6338.22713101514
 72
     1
 10
-96878.36738526373
 20
-6338.22713101514
 11
-96818.36738526371
 21
-6338.22713101514
 72
     1
 10
-96818.36738526371
 20
-6338.22713101514
 11
-96818.36738526371
 21
-6378.227131015142
 72
     1
 10
-96818.36738526371
 20
-6378.227131015142
 11
-96798.36738526372
 21
-6378.227131015142
 72
     1
 10
-96798.36738526372
 20
-6378.227131015142
 11
-96798.36738526372
 21
-6398.22713101514
 72
     1
 10
-96798.36738526372
 20
-6398.22713101514
 11
-96758.36738526371
 21
-6398.22713101514
 72
     1
 10
-96758.36738526371
 20
-6398.22713101514
 11
-96758.36738526371
 21
-6978.22713101514
 72
     1
 10
-96758.36738526371
 20
-6978.22713101514
 11
-96878.36738526373
 21
-6978.22713101514
 72
     1
 10
-96878.36738526373
 20
-6978.22713101514
 11
-96878.36738526373
 21
-7058.227131015141
 72
     1
 10
-96878.36738526373
 20
-7058.227131015141
 11
-96858.36738526372
 21
-7058.227131015141
 72
     1
 10
-96858.36738526372
 20
-7058.227131015141
 11
-96858.36738526372
 21
-7118.227131015145
 72
     1
 10
-96858.36738526372
 20
-7118.227131015145
 11
-96798.36738526372
 21
-7118.227131015145
 72
     1
 10
-96798.36738526372
 20
-7118.227131015145
 11
-96798.36738526372
 21
-7178.227131015141
 72
     1
 10
-96798.36738526372
 20
-7178.227131015141
 11
-96758.36738526371
 21
-7178.4954727146
 72
     1
 10
-96758.36738526371
 20
-7178.4954727146
 11
-96758.36738526371
 21
-7438.227131015143
 72
     1
 10
-96758.36738526371
 20
-7438.227131015143
 11
-96858.36738526372
 21
-7438.227131015143
 72
     1
 10
-96858.36738526372
 20
-7438.227131015143
 11
-96858.36738526372
 21
-7478.227131015143
 72
     1
 10
-96858.36738526372
 20
-7478.227131015143
 11
-96818.36738526371
 21
-7478.227131015143
 72
     1
 10
-96818.36738526371
 20
-7478.227131015143
 11
-96818.36738526371
 21
-7518.227131015144
 72
     1
 10
-96818.36738526371
 20
-7518.227131015144
 11
-96798.36738526372
 21
-7518.227131015144
 72
     1
 10
-96798.36738526372
 20
-7518.227131015144
 11
-96798.36738526372
 21
-7558.227131015144
 72
     1
 10
-96798.36738526372
 20
-7558.227131015144
 11
-96758.36738526371
 21
-7558.227131015144
 72
     1
 10
-96758.36738526371
 20
-7558.227131015144
 11
-96758.36738526371
 21
-7998.227131015143
 72
     1
 10
-96758.36738526371
 20
-7998.227131015143
 11
-96798.36738526372
 21
-7998.227131015143
 72
     1
 10
-96798.36738526372
 20
-7998.227131015143
 11
-96798.36738526372
 21
-8118.227131015144
 97
        0
 92
        1
 93
        8
 72
     1
 10
-86315.17121757317
 20
-7967.62148529963
 11
-86275.17121757318
 21
-7967.62148529963
 72
     1
 10
-86275.17121757318
 20
-7967.62148529963
 11
-86275.17121757318
 21
-6747.621485299629
 72
     1
 10
-86275.17121757318
 20
-6747.621485299629
 11
-86495.17121757318
 21
-6747.621485299628
 72
     1
 10
-86495.17121757318
 20
-6747.621485299628
 11
-86495.17121757318
 21
-7967.62148529963
 72
     1
 10
-86495.17121757318
 20
-7967.62148529963
 11
-86455.17121757317
 21
-7967.62148529963
 72
     1
 10
-86455.17121757317
 20
-7967.62148529963
 11
-86455.17121757317
 21
-7847.621485299628
 72
     1
 10
-86455.17121757317
 20
-7847.621485299628
 11
-86315.17121757317
 21
-7847.621485299628
 72
     1
 10
-86315.17121757317
 20
-7847.621485299628
 11
-86315.17121757317
 21
-7967.62148529963
 97
        0
 92
        1
 93
        8
 72
     1
 10
-92425.17121757316
 20
-7967.621485299609
 11
-92425.17121757316
 21
-6747.621485299608
 72
     1
 10
-92425.17121757316
 20
-6747.621485299608
 11
-92645.17121757318
 21
-6747.621485299608
 72
     1
 10
-92645.17121757318
 20
-6747.621485299608
 11
-92645.17121757318
 21
-7967.621485299609
 72
     1
 10
-92645.17121757318
 20
-7967.621485299609
 11
-92605.17121757317
 21
-7967.621485299609
 72
     1
 10
-92605.17121757317
 20
-7967.621485299609
 11
-92605.17121757317
 21
-7847.621485299609
 72
     1
 10
-92605.17121757317
 20
-7847.621485299609
 11
-92465.17121757317
 21
-7847.621485299609
 72
     1
 10
-92465.17121757317
 20
-7847.621485299609
 11
-92465.17121757317
 21
-7967.621485299609
 72
     1
 10
-92465.17121757317
 20
-7967.621485299609
 11
-92425.17121757316
 21
-7967.621485299609
 97
        0
 75
     0
 76
     1
 98
        1
 10
0.0
 20
0.0
450
        0
451
        0
460
0.0
461
0.0
452
        0
462
0.0
453
        0
470

1001
REVIT
1002
{
1070
     1
1000
22858721
1002
}
1002
{
1070
     5
1000
383807
1002
}
1002
{
1070
     2
1000
-2002000
1002
}
  0
HATCH
  5
14B
330
70
100
AcDbEntity
  8
0
 62
    33
420
 12688002
100
AcDbHatch
 10
0.0
 20
0.0
 30
0.0
210
0.0
220
0.0
230
1.0
  2
SOLID
 70
     1
 71
     0
 91
        7
 92
        1
 93
        4
 72
     1
 10
-80488.08661117799
 20
-8352.491858755575
 11
-80488.08661117799
 21
-8247.412671657381
 72
     1
 10
-80488.08661117799
 20
-8247.412671657381
 11
-80588.08661117796
 21
-8247.412671657381
 72
     1
 10
-80588.08661117796
 20
-8247.412671657381
 11
-80588.08661117796
 21
-8352.491858755575
 72
     1
 10
-80588.08661117796
 20
-8352.491858755575
 11
-80488.08661117799
 21
-8352.491858755575
 97
        0
 92
        1
 93
        5
 72
     1
 10
-96358.36738526373
 20
-8118.227131015144
 11
-96358.36738526373
 21
-7998.227131015143
 72
     1
 10
-96358.36738526373
 20
-7998.227131015143
 11
-96498.36738526373
 21
-7998.227131015143
 72
     1
 10
-96498.36738526373
 20
-7998.227131015143
 11
-96498.36738526373
 21
-8118.227131015144
 72
     1
 10
-96498.36738526373
 20
-8118.227131015144
 11
-96485.28949368516
 21
-8118.227131015144
 72
     1
 10
-96485.28949368516
 20
-8118.227131015144
 11
-96358.36738526373
 21
-8118.227131015144
 97
        0
 92
        1
 93
        4
 72
     1
 10
-86455.17121757317
 20
-7967.62148529963
 11
-86315.17121757317
 21
-7967.62148529963
 72
     1
 10
-86315.17121757317
 20
-7967.62148529963
 11
-86315.17121757317
 21
-7847.621485299628
 72
     1
 10
-86315.17121757317
 20
-7847.621485299628
 11
-86455.17121757317
 21
-7847.621485299628
 72
     1
 10
-86455.17121757317
 20
-7847.621485299628
 11
-86455.17121757317
 21
-7967.62148529963
 97
        0
 92
        1
 93
        4
 72
     1
 10
-92605.17121757317
 20
-7967.621485299609
 11
-92465.17121757317
 21
-7967.621485299609
 72
     1
 10
-92465.17121757317
 20
-7967.621485299609
 11
-92465.17121757317
 21
-7847.621485299609
 72
     1
 10
-92465.17121757317
 20
-7847.621485299609
 11
-92605.17121757317
 21
-7847.621485299609
 72
     1
 10
-92605.17121757317
 20
-7847.621485299609
 11
-92605.17121757317
 21
-7967.621485299609
 97
        0
 92
        1
 93
       41
 72
     1
 10
-80553.0958571038
 20
-7264.872936877061
 11
-80553.0958571038
 21
-7151.849941421061
 72
     1
 10
-80553.0958571038
 20
-7151.849941421061
 11
-80367.97314211982
 21
-7233.814148015844
 72
     1
 10
-80367.97314211982
 20
-7233.814148015844
 11
-80224.77417700857
 21
-7179.91190976009
 72
     1
 10
-80224.77417700857
 20
-7179.91190976009
 11
-88279.78524878156
 21
-3613.506827233176
 72
     1
 10
-88279.78524878156
 20
-3613.506827233176
 11
-88321.77401397728
 21
-3599.935725454156
 72
     1
 10
-88321.77401397728
 20
-3599.935725454156
 11
-88365.66209791616
 21
-3595.345813218902
 72
     1
 10
-88365.66209791616
 20
-3595.345813218902
 11
-88409.55018185509
 21
-3599.935725454156
 72
     1
 10
-88409.55018185509
 20
-3599.935725454156
 11
-88451.53894705081
 21
-3613.506827233192
 72
     1
 10
-88451.53894705081
 20
-3613.506827233192
 11
-96414.82723770087
 21
-6959.972961126658
 72
     1
 10
-96414.82723770087
 20
-6959.972961126658
 11
-96308.30869350425
 21
-7021.471471292253
 72
     1
 10
-96308.30869350425
 20
-7021.471471292253
 11
-94457.02604873028
 21
-6243.494528993819
 72
     1
 10
-94457.02604873028
 20
-6243.494528993819
 11
-94457.02604873028
 21
-6343.494528993815
 72
     1
 10
-94457.02604873028
 20
-6343.494528993815
 11
-94360.31365005158
 21
-6302.852428005728
 72
     1
 10
-94360.31365005158
 20
-6302.852428005728
 11
-94360.31365005158
 21
-6202.852428005726
 72
     1
 10
-94360.31365005158
 20
-6202.852428005726
 11
-92620.99466937048
 21
-5471.926728414825
 72
     1
 10
-92620.99466937048
 20
-5471.926728414825
 11
-92574.50451128089
 21
-5582.555229267021
 72
     1
 10
-92574.50451128089
 20
-5582.555229267021
 11
-92426.0071556762
 21
-5522.985644927233
 72
     1
 10
-92426.0071556762
 20
-5522.985644927233
 11
-92473.50967481555
 21
-5409.948118383204
 72
     1
 10
-92473.50967481555
 20
-5409.948118383204
 11
-90501.47701716253
 21
-4581.227587002185
 72
     1
 10
-90501.47701716253
 20
-4581.227587002185
 11
-90501.47701716253
 21
-4688.358407167235
 72
     1
 10
-90501.47701716253
 20
-4688.358407167235
 11
-90357.69539569708
 21
-4688.358407167237
 72
     1
 10
-90357.69539569708
 20
-4688.358407167237
 11
-90357.69539569708
 21
-4520.805270322362
 72
     1
 10
-90357.69539569708
 20
-4520.805270322362
 11
-88428.95516078945
 21
-3710.277804580039
 72
     1
 10
-88428.95516078945
 20
-3710.277804580039
 11
-88428.95516078945
 21
-3835.144558979783
 72
     1
 10
-88428.95516078945
 20
-3835.144558979783
 11
-88288.95516078945
 21
-3835.144558979783
 72
     1
 10
-88288.95516078945
 20
-3835.144558979783
 11
-88288.95516078945
 21
-3726.751242915498
 72
     1
 10
-88288.95516078945
 20
-3726.751242915498
 11
-86447.7346938878
 21
-4541.962789206429
 72
     1
 10
-86447.7346938878
 20
-4541.962789206429
 11
-86447.7346938878
 21
-4701.96278920643
 72
     1
 10
-86447.7346938878
 20
-4701.96278920643
 11
-86307.73469388779
 21
-4701.96278920643
 72
     1
 10
-86307.73469388779
 20
-4701.96278920643
 11
-86307.73469388779
 21
-4603.948639642247
 72
     1
 10
-86307.73469388779
 20
-4603.948639642247
 11
-84459.6200423633
 21
-5422.212628053959
 72
     1
 10
-84459.6200423633
 20
-5422.212628053959
 11
-84459.6200423633
 21
-5582.212628053955
 72
     1
 10
-84459.6200423633
 20
-5582.212628053955
 11
-84299.6200423633
 21
-5582.212628053955
 72
     1
 10
-84299.6200423633
 20
-5582.212628053955
 11
-84299.6200423633
 21
-5493.053599980606
 72
     1
 10
-84299.6200423633
 20
-5493.053599980606
 11
-82498.8732771639
 21
-6290.345168983681
 72
     1
 10
-82498.8732771639
 20
-6290.345168983681
 11
-82540.37060485313
 21
-6384.070201965339
 72
     1
 10
-82540.37060485313
 20
-6384.070201965339
 11
-82411.36488697977
 21
-6438.453331297715
 72
     1
 10
-82411.36488697977
 20
-6438.453331297715
 11
-82370.8799975304
 21
-6347.014971041908
 72
     1
 10
-82370.8799975304
 20
-6347.014971041908
 11
-80688.08661117797
 21
-7092.081965047791
 72
     1
 10
-80688.08661117797
 20
-7092.081965047791
 11
-80688.08661117797
 21
-7264.872936877061
 72
     1
 10
-80688.08661117797
 20
-7264.872936877061
 11
-80553.0958571038
 21
-7264.872936877061
 97
        0
 92
        1
 93
       24
 72
     1
 10
-96239.08998733398
 20
-7192.766838753207
 11
-96214.50217804923
 21
-7189.529792250666
 72
     1
 10
-96214.50217804923
 20
-7189.529792250666
 11
-96191.589987334
 21
-7180.039252112725
 72
     1
 10
-96191.589987334
 20
-7180.039252112725
 11
-96171.91484312126
 21
-7164.941982965927
 72
     1
 10
-96171.91484312126
 20
-7164.941982965927
 11
-96156.81757397446
 21
-7145.266838753205
 72
     1
 10
-96156.81757397446
 20
-7145.266838753205
 11
-96147.32703383651
 21
-7122.354648037945
 72
     1
 10
-96147.32703383651
 20
-7122.354648037945
 11
-96144.08998733399
 21
-7097.766838753203
 72
     1
 10
-96144.08998733399
 20
-7097.766838753203
 11
-96147.32703383651
 21
-7073.179029468466
 72
     1
 10
-96147.32703383651
 20
-7073.179029468466
 11
-96158.18285391526
 21
-7048.487571293306
 72
     1
 10
-96158.18285391526
 20
-7048.487571293306
 11
-96171.91484312126
 21
-7030.591694540483
 72
     1
 10
-96171.91484312126
 20
-7030.591694540483
 11
-96191.589987334
 21
-7015.494425393683
 72
     1
 10
-96191.589987334
 20
-7015.494425393683
 11
-96214.50217804923
 21
-7006.003885255743
 72
     1
 10
-96214.50217804923
 20
-7006.003885255743
 11
-96239.08998733398
 21
-7002.766838753204
 72
     1
 10
-96239.08998733398
 20
-7002.766838753204
 11
-96263.67779661871
 21
-7006.003885255743
 72
     1
 10
-96263.67779661871
 20
-7006.003885255743
 11
-96286.58998733397
 21
-7015.494425393683
 72
     1
 10
-96286.58998733397
 20
-7015.494425393683
 11
-96306.2651315467
 21
-7030.59169454048
 72
     1
 10
-96306.2651315467
 20
-7030.59169454048
 11
-96321.3624006935
 21
-7050.266838753206
 72
     1
 10
-96321.3624006935
 20
-7050.266838753206
 11
-96330.85294083144
 21
-7073.179029468466
 72
     1
 10
-96330.85294083144
 20
-7073.179029468466
 11
-96334.08998733399
 21
-7097.766838753203
 72
     1
 10
-96334.08998733399
 20
-7097.766838753203
 11
-96330.85294083144
 21
-7122.354648037945
 72
     1
 10
-96330.85294083144
 20
-7122.354648037945
 11
-96321.3624006935
 21
-7145.266838753205
 72
     1
 10
-96321.3624006935
 20
-7145.266838753205
 11
-96306.2651315467
 21
-7164.941982965927
 72
     1
 10
-96306.2651315467
 20
-7164.941982965927
 11
-96286.58998733397
 21
-7180.039252112725
 72
     1
 10
-96286.58998733397
 20
-7180.039252112725
 11
-96263.67779661871
 21
-7189.529792250666
 72
     1
 10
-96263.67779661871
 20
-7189.529792250666
 11
-96239.08998733398
 21
-7192.766838753207
 97
        0
 92
        1
 93
       24
 72
     1
 10
-96452.11197446119
 20
-7181.902890085694
 11
-96426.23006995096
 21
-7178.4954727146
 72
     1
 10
-96426.23006995096
 20
-7178.4954727146
 11
-96402.1119744612
 21
-7168.505430464136
 72
     1
 10
-96402.1119744612
 20
-7168.505430464136
 11
-96381.40129634257
 21
-7152.613568204348
 72
     1
 10
-96381.40129634257
 20
-7152.613568204348
 11
-96365.50943408275
 21
-7131.902890085692
 72
     1
 10
-96365.50943408275
 20
-7131.902890085692
 11
-96355.5193918323
 21
-7107.784794595945
 72
     1
 10
-96355.5193918323
 20
-7107.784794595945
 11
-96352.11197446123
 21
-7081.902890085692
 72
     1
 10
-96352.11197446123
 20
-7081.902890085692
 11
-96355.5193918323
 21
-7056.020985575442
 72
     1
 10
-96355.5193918323
 20
-7056.020985575442
 11
-96365.50943408275
 21
-7031.902890085695
 72
     1
 10
-96365.50943408275
 20
-7031.902890085695
 11
-96381.40129634257
 21
-7011.192211967039
 72
     1
 10
-96381.40129634257
 20
-7011.192211967039
 11
-96402.1119744612
 21
-6995.30034970725
 72
     1
 10
-96402.1119744612
 20
-6995.30034970725
 11
-96426.23006995096
 21
-6985.310307456784
 72
     1
 10
-96426.23006995096
 20
-6985.310307456784
 11
-96452.11197446119
 21
-6981.902890085693
 72
     1
 10
-96452.11197446119
 20
-6981.902890085693
 11
-96477.99387897144
 21
-6985.310307456784
 72
     1
 10
-96477.99387897144
 20
-6985.310307456784
 11
-96502.11197446122
 21
-6995.30034970725
 72
     1
 10
-96502.11197446122
 20
-6995.30034970725
 11
-96522.82265257987
 21
-7011.192211967039
 72
     1
 10
-96522.82265257987
 20
-7011.192211967039
 11
-96538.71451483965
 21
-7031.902890085693
 72
     1
 10
-96538.71451483965
 20
-7031.902890085693
 11
-96548.7045570901
 21
-7056.02098557544
 72
     1
 10
-96548.7045570901
 20
-7056.02098557544
 11
-96552.11197446121
 21
-7081.902890085692
 72
     1
 10
-96552.11197446121
 20
-7081.902890085692
 11
-96548.7045570901
 21
-7107.784794595945
 72
     1
 10
-96548.7045570901
 20
-7107.784794595945
 11
-96538.71451483965
 21
-7131.902890085692
 72
     1
 10
-96538.71451483965
 20
-7131.902890085692
 11
-96522.82265257987
 21
-7152.613568204348
 72
     1
 10
-96522.82265257987
 20
-7152.613568204348
 11
-96502.11197446122
 21
-7168.505430464136
 72
     1
 10
-96502.11197446122
 20
-7168.505430464136
 11
-96477.99387897144
 21
-7178.4954727146
 72
     1
 10
-96477.99387897144
 20
-7178.4954727146
 11
-96452.11197446119
 21
-7181.902890085694
 97
        0
 75
     0
 76
     1
 98
        1
 10
0.0
 20
0.0
450
        0
451
        0
460
0.0
461
0.0
452
        0
462
0.0
453
        0
470

1001
REVIT
1002
{
1070
     1
1000
22859057
1002
}
1002
{
1070
     5
1000
383807
1002
}
1002
{
1070
     2
1000
-2002000
1002
}
  0
HATCH
  5
151
330
70
100
AcDbEntity
  8
0
100
AcDbHatch
 10
0.0
 20
0.0
 30
0.0
210
0.0
220
0.0
230
1.0
  2
FP_1
 70
     0
 71
     0
 91
        1
 92
        1
 93
        4
 72
     1
 10
-73221.8525780717
 20
-8194.461604788575
 11
-73221.85257807169
 21
-7473.339179222751
 72
     1
 10
-73221.85257807169
 20
-7473.339179222751
 11
-80408.08661117795
 21
-7473.339179222695
 72
     1
 10
-80408.08661117795
 20
-7473.339179222695
 11
-80408.08661117795
 21
-8194.46160478852
 72
     1
 10
-80408.08661117795
 20
-8194.46160478852
 11
-73221.8525780717
 21
-8194.461604788575
 97
        0
 75
     0
 76
     2
 52
0.0
 41
1.0
 77
     0
 78
    31
 53
283.916
 43
-88861.35300000001
 44
-10492.438
 45
266.7027645170676
 46
-897.0090120801202
 79
     2
 49
11.09
 49
-1097.87
 53
0.0
 43
-88876.02199999999
 44
-10503.203
 45
0.0
 46
179.402
 79
     2
 49
17.335
 49
-249.364
 53
275.262
 43
-88868.021
 44
-10401.84
 45
266.7214626565532
 46
-2870.427650912377
 79
     2
 49
101.791
 49
-20256.399
 53
0.0
 43
-89080.04699999999
 44
-10489.747
 45
0.0
 46
179.402
 79
     2
 49
46.672
 49
-220.027
 53
0.0
 43
-89080.04699999999
 44
-10503.203
 45
0.0
 46
179.402
 79
     2
 49
45.339
 49
-221.361
 53
294.036
 43
-88884.023
 44
-10485.262
 45
266.7006752794588
 46
-538.2059923425979
 79
     2
 49
19.643
 49
-1944.705
 53
313.702
 43
-88896.02400000001
 44
-10472.704
 45
533.4038956175191
 46
-538.2030864395472
 79
     2
 49
17.371
 49
-3456.782
 53
328.341
 43
-88912.02599999999
 44
-10462.837
 45
2933.689030363827
 46
-1794.033593420132
 79
     2
 49
18.8
 49
-3741.112000000001
 53
346.644
 43
-88934.69599999999
 44
-10457.455
 45
800.0984867246689
 46
-179.4077282864215
 79
     2
 49
23.3
 49
-4636.626
 53
354.511
 43
-88946.69699999999
 44
-10444.897
 45
266.6999224784145
 46
-0.0000877161998858
 79
     2
 49
18.755
 49
-1856.745
 53
346.0809999999999
 43
-88928.028
 44
-10446.691
 45
2933.699474848912
 46
-717.607483116794
 79
     2
 49
26.103
 49
-5194.49
 53
331.714
 43
-88902.692
 44
-10452.97
 45
1066.804048254358
 46
-538.1982382060664
 79
     2
 49
22.715
 49
-1491.611
 53
315.625
 43
-88882.68899999999
 44
-10463.734
 45
2400.321687865955
 46
-2332.209267362244
 79
     2
 49
20.522
 49
-4083.867
 53
84.738
 43
-89034.708
 44
-10503.203
 45
1600.331756867519
 46
17401.96767750318
 79
     2
 49
101.791
 49
-20256.399
 53
84.146
 43
-89025.37400000001
 44
-10581.242
 45
266.7102221213373
 46
2691.026824101347
 79
     2
 49
78.44899999999999
 49
-5151.475999999999
 53
275.854
 43
-88876.02199999999
 44
-10503.203
 45
266.710252215868
 46
-2511.624240806126
 79
     2
 49
78.44899999999999
 49
-5151.475999999999
 53
0.0
 43
-88957.36500000001
 44
-10457.455
 45
0.0
 46
179.402
 79
     2
 49
22.669
 49
-244.03
 53
15.814
 43
-88982.70199999998
 44
-10464.631
 45
1866.896878867843
 46
538.2136779936975
 79
     2
 49
26.333
 49
-5240.293999999999
 53
31.191
 43
-88996.037
 44
-10472.704
 45
266.6995618318937
 46
179.4021000202503
 79
     2
 49
15.588
 49
-3102.083
 53
43.281
 43
-89009.37199999999
 44
-10485.262
 45
533.4043685531018
 46
538.2014794279803
 79
     2
 49
18.31699999999999
 49
-1813.428
 53
65.964
 43
-89017.373
 44
-10503.203
 45
533.3994165178626
 46
1255.813750276451
 79
     2
 49
19.643
 49
-1944.705
 53
0.0
 43
-89034.708
 44
-10503.203
 45
0.0
 46
179.402
 79
     2
 49
17.335
 49
-249.364
 53
76.084
 43
-89034.708
 44
-10503.203
 45
0.0008861090132157
 46
179.4013308763756
 79
     2
 49
11.09
 49
-1097.87
 53
65.08199999999999
 43
-89032.04099999999
 44
-10492.438
 45
1066.804352567505
 46
2332.223961538863
 79
     2
 49
15.825
 49
-3149.234000000001
 53
44.375
 43
-89025.37400000001
 44
-10478.086
 45
533.4055661729321
 46
538.2021440924716
 79
     2
 49
20.522
 49
-4083.867
 53
28.286
 43
-89010.70500000001
 44
-10463.734
 45
266.7010827216243
 46
179.4000477009783
 79
     2
 49
22.715
 49
-1491.611
 53
13.919
 43
-88990.70300000001
 44
-10452.97
 45
2133.600029031998
 46
538.2058030118737
 79
     2
 49
26.103
 49
-5194.489999999999
 53
5.489
 43
-88965.36599999999
 44
-10446.691
 45
1600.200124348505
 46
179.400205365063
 79
     2
 49
18.755
 49
-1856.745
 53
294.918
 43
-88868.021
 44
-10478.086
 45
266.7010968405246
 46
-538.2059748990725
 79
     2
 49
15.825
 49
-3149.234000000001
 53
0.0
 43
-88860.02000000001
 44
-10489.747
 45
0.0
 46
179.402
 79
     2
 49
46.672
 49
-220.027
 53
0.0
 43
-88858.686
 44
-10503.203
 45
0.0
 46
179.402
 79
     2
 49
45.339
 49
-221.361
 98
        1
 10
0.0
 20
0.0
1001
REVIT
1002
{
1070
     1
1000
22841000
1002
}
1002
{
1070
     5
1000
4951952
1002
}
1002
{
1070
     2
1000
-2000035
1002
}
1002
{
1070
     3
1000
-2000542
1002
}
  0
LINE
  5
154
330
70
100
AcDbEntity
  8
0
100
AcDbLine
 10
-80408.08661117786
 20
-7473.339179222685
 30
0.0
 11
-73221.8525780716
 21
-7473.339179222742
 31
0.0
1001
REVIT
1002
{
1070
     1
1000
22841000
1002
}
1002
{
1070
     5
1000
4951952
1002
}
1002
{
1070
     2
1000
-2000035
1002
}
  0
LINE
  5
159
330
70
100
AcDbEntity
  8
0
100
AcDbLine
 10
-98667.55058950994
 20
-10665.80034902937
 30
0.0
 11
-72459.31838395183
 21
-10665.80034902937
 31
0.0
1001
REVIT
1002
{
1070
     1
1000
22858710
1002
}
1002
{
1070
     5
1000
383807
1002
}
1002
{
1070
     2
1000
-2000051
1002
}
1002
{
1070
     3
1000
-2000042
1002
}
  0
LINE
  5
15A
330
70
100
AcDbEntity
  8
0
100
AcDbLine
 10
-72459.31838395183
 20
-10665.80034902937
 30
0.0
 11
-72459.31838395183
 21
-10478.33199677868
 31
0.0
1001
REVIT
1002
{
1070
     1
1000
22858710
1002
}
1002
{
1070
     5
1000
383807
1002
}
1002
{
1070
     2
1000
-2000051
1002
}
1002
{
1070
     3
1000
-2000042
1002
}
  0
LINE
  5
15B
330
70
100
AcDbEntity
  8
0
100
AcDbLine
 10
-72459.31838395183
 20
-10478.33199677868
 30
0.0
 11
-80408.08661117786
 21
-10478.33199677868
 31
0.0
1001
REVIT
1002
{
1070
     1
1000
22858710
1002
}
1002
{
1070
     5
1000
383807
1002
}
1002
{
1070
     2
1000
-2000051
1002
}
1002
{
1070
     3
1000
-2000042
1002
}
  0
LINE
  5
15C
330
70
100
AcDbEntity
  8
0
100
AcDbLine
 10
-80408.08661117786
 20
-10478.33199677868
 30
0.0
 11
-80408.08661117786
 21
-10247.41267165739
 31
0.0
1001
REVIT
1002
{
1070
     1
1000
22858710
1002
}
1002
{
1070
     5
1000
383807
1002
}
1002
{
1070
     2
1000
-2000051
1002
}
1002
{
1070
     3
1000
-2000042
1002
}
  0
LINE
  5
15D
330
70
100
AcDbEntity
  8
0
100
AcDbLine
 10
-80688.08661117788
 20
-10247.41267165739
 30
0.0
 11
-86495.17121757309
 21
-10247.41267165738
 31
0.0
1001
REVIT
1002
{
1070
     1
1000
22858710
1002
}
1002
{
1070
     5
1000
383807
1002
}
1002
{
1070
     2
1000
-2000051
1002
}
1002
{
1070
     3
1000
-2000042
1002
}
  0
LINE
  5
15E
330
70
100
AcDbEntity
  8
0
100
AcDbLine
 10
-86495.17121757309
 20
-10247.41267165738
 30
0.0
 11
-96727.55058950995
 21
-10247.41267165734
 31
0.0
1001
REVIT
1002
{
1070
     1
1000
22858710
1002
}
1002
{
1070
     5
1000
383807
1002
}
1002
{
1070
     2
1000
-2000051
1002
}
1002
{
1070
     3
1000
-2000042
1002
}
  0
LINE
  5
15F
330
70
100
AcDbEntity
  8
0
100
AcDbLine
 10
-96727.55058950995
 20
-10247.41267165734
 30
0.0
 11
-96727.55058950995
 21
-10342.21920764098
 31
0.0
1001
REVIT
1002
{
1070
     1
1000
22858710
1002
}
1002
{
1070
     5
1000
383807
1002
}
1002
{
1070
     2
1000
-2000051
1002
}
1002
{
1070
     3
1000
-2000042
1002
}
  0
LINE
  5
160
330
70
100
AcDbEntity
  8
0
100
AcDbLine
 10
-96727.55058950995
 20
-10342.21920764098
 30
0.0
 11
-98667.55058950994
 21
-10342.21920764097
 31
0.0
1001
REVIT
1002
{
1070
     1
1000
22858710
1002
}
1002
{
1070
     5
1000
383807
1002
}
1002
{
1070
     2
1000
-2000051
1002
}
1002
{
1070
     3
1000
-2000042
1002
}
  0
LINE
  5
161
330
70
100
AcDbEntity
  8
0
100
AcDbLine
 10
-98667.55058950994
 20
-10342.21920764097
 30
0.0
 11
-98667.55058950994
 21
-10665.80034902937
 31
0.0
1001
REVIT
1002
{
1070
     1
1000
22858710
1002
}
1002
{
1070
     5
1000
383807
1002
}
1002
{
1070
     2
1000
-2000051
1002
}
1002
{
1070
     3
1000
-2000042
1002
}
  0
LINE
  5
162
330
70
100
AcDbEntity
  8
0
100
AcDbLine
 10
-80688.08661117786
 20
-10247.41267165739
 30
0.0
 11
-80408.08661117786
 21
-10247.41267165739
 31
0.0
1001
REVIT
1002
{
1070
     1
1000
22858721
1002
}
1002
{
1070
     5
1000
383807
1002
}
1002
{
1070
     2
1000
-2000051
1002
}
1002
{
1070
     3
1000
-2000042
1002
}
  0
LINE
  5
163
330
70
100
AcDbEntity
  8
0
100
AcDbLine
 10
-80408.08661117786
 20
-10247.41267165739
 30
0.0
 11
-80408.08661117786
 21
-9642.412671657375
 31
0.0
1001
REVIT
1002
{
1070
     1
1000
22858721
1002
}
1002
{
1070
     5
1000
383807
1002
}
1002
{
1070
     2
1000
-2000051
1002
}
1002
{
1070
     3
1000
-2000042
1002
}
  0
LINE
  5
164
330
70
100
AcDbEntity
  8
0
100
AcDbLine
 10
-80408.08661117786
 20
-9642.412671657375
 30
0.0
 11
-80688.08661117786
 21
-9642.412671657375
 31
0.0
1001
REVIT
1002
{
1070
     1
1000
22858721
1002
}
1002
{
1070
     5
1000
383807
1002
}
1002
{
1070
     2
1000
-2000051
1002
}
1002
{
1070
     3
1000
-2000042
1002
}
  0
LINE
  5
165
330
70
100
AcDbEntity
  8
0
100
AcDbLine
 10
-80688.08661117786
 20
-9642.412671657375
 30
0.0
 11
-80688.08661117786
 21
-10247.41267165739
 31
0.0
1001
REVIT
1002
{
1070
     1
1000
22858721
1002
}
1002
{
1070
     5
1000
383807
1002
}
1002
{
1070
     2
1000
-2000051
1002
}
1002
{
1070
     3
1000
-2000042
1002
}
  0
LINE
  5
16A
330
70
100
AcDbEntity
  8
0
100
AcDbLine
 10
-86275.17121757307
 20
-6747.621485299621
 30
0.0
 11
-86495.17121757309
 21
-6747.621485299617
 31
0.0
1001
REVIT
1002
{
1070
     1
1000
22858721
1002
}
1002
{
1070
     5
1000
383807
1002
}
1002
{
1070
     2
1000
-2000051
1002
}
1002
{
1070
     3
1000
-2000042
1002
}
  0
LINE
  5
16B
330
70
100
AcDbEntity
  8
0
100
AcDbLine
 10
-86495.17121757309
 20
-6747.621485299617
 30
0.0
 11
-86495.17121757309
 21
-7967.62148529962
 31
0.0
1001
REVIT
1002
{
1070
     1
1000
22858721
1002
}
1002
{
1070
     5
1000
383807
1002
}
1002
{
1070
     2
1000
-2000051
1002
}
1002
{
1070
     3
1000
-2000042
1002
}
  0
LINE
  5
16C
330
70
100
AcDbEntity
  8
0
100
AcDbLine
 10
-86495.17121757309
 20
-7967.62148529962
 30
0.0
 11
-86455.17121757308
 21
-7967.62148529962
 31
0.0
1001
REVIT
1002
{
1070
     1
1000
22858721
1002
}
1002
{
1070
     5
1000
383807
1002
}
1002
{
1070
     2
1000
-2000051
1002
}
1002
{
1070
     3
1000
-2000042
1002
}
  0
LINE
  5
16D
330
70
100
AcDbEntity
  8
0
100
AcDbLine
 10
-86315.17121757308
 20
-7967.62148529962
 30
0.0
 11
-86275.17121757307
 21
-7967.62148529962
 31
0.0
1001
REVIT
1002
{
1070
     1
1000
22858721
1002
}
1002
{
1070
     5
1000
383807
1002
}
1002
{
1070
     2
1000
-2000051
1002
}
1002
{
1070
     3
1000
-2000042
1002
}
  0
LINE
  5
16E
330
70
100
AcDbEntity
  8
0
100
AcDbLine
 10
-86275.17121757307
 20
-7967.62148529962
 30
0.0
 11
-86275.17121757307
 21
-6747.621485299621
 31
0.0
1001
REVIT
1002
{
1070
     1
1000
22858721
1002
}
1002
{
1070
     5
1000
383807
1002
}
1002
{
1070
     2
1000
-2000051
1002
}
1002
{
1070
     3
1000
-2000042
1002
}
  0
LINE
  5
16F
330
70
100
AcDbEntity
  8
0
100
AcDbLine
 10
-92425.17121757307
 20
-6747.6214852996
 30
0.0
 11
-92645.17121757307
 21
-6747.6214852996
 31
0.0
1001
REVIT
1002
{
1070
     1
1000
22858721
1002
}
1002
{
1070
     5
1000
383807
1002
}
1002
{
1070
     2
1000
-2000051
1002
}
1002
{
1070
     3
1000
-2000042
1002
}
  0
LINE
  5
170
330
70
100
AcDbEntity
  8
0
100
AcDbLine
 10
-92645.17121757307
 20
-6747.6214852996
 30
0.0
 11
-92645.17121757307
 21
-7967.621485299599
 31
0.0
1001
REVIT
1002
{
1070
     1
1000
22858721
1002
}
1002
{
1070
     5
1000
383807
1002
}
1002
{
1070
     2
1000
-2000051
1002
}
1002
{
1070
     3
1000
-2000042
1002
}
  0
LINE
  5
171
330
70
100
AcDbEntity
  8
0
100
AcDbLine
 10
-92645.17121757307
 20
-7967.621485299599
 30
0.0
 11
-92605.17121757306
 21
-7967.621485299599
 31
0.0
1001
REVIT
1002
{
1070
     1
1000
22858721
1002
}
1002
{
1070
     5
1000
383807
1002
}
1002
{
1070
     2
1000
-2000051
1002
}
1002
{
1070
     3
1000
-2000042
1002
}
  0
LINE
  5
172
330
70
100
AcDbEntity
  8
0
100
AcDbLine
 10
-92465.17121757307
 20
-7967.621485299599
 30
0.0
 11
-92425.17121757307
 21
-7967.621485299599
 31
0.0
1001
REVIT
1002
{
1070
     1
1000
22858721
1002
}
1002
{
1070
     5
1000
383807
1002
}
1002
{
1070
     2
1000
-2000051
1002
}
1002
{
1070
     3
1000
-2000042
1002
}
  0
LINE
  5
173
330
70
100
AcDbEntity
  8
0
100
AcDbLine
 10
-92425.17121757307
 20
-7967.621485299599
 30
0.0
 11
-92425.17121757307
 21
-6747.6214852996
 31
0.0
1001
REVIT
1002
{
1070
     1
1000
22858721
1002
}
1002
{
1070
     5
1000
383807
1002
}
1002
{
1070
     2
1000
-2000051
1002
}
1002
{
1070
     3
1000
-2000042
1002
}
  0
LINE
  5
190
330
70
100
AcDbEntity
  8
0
100
AcDbLine
 10
-96358.36738526359
 20
-8118.22713101513
 30
0.0
 11
-96161.77089463427
 21
-7980.568786290881
 31
0.0
1001
REVIT
1002
{
1070
     1
1000
22858721
1002
}
1002
{
1070
     5
1000
383807
1002
}
1002
{
1070
     2
1000
-2000051
1002
}
1002
{
1070
     3
1000
-2000042
1002
}
  0
ARC
  5
26B
330
70
100
AcDbEntity
  8
0
100
AcDbCircle
 10
-88365.66209791607
 20
-3807.466558273624
 30
0.0
 40
212.1207450547214
100
AcDbArc
 50
66.11834155978515
 51
113.8816584402185
1001
REVIT
1002
{
1070
     1
1000
22859057
1002
}
1002
{
1070
     5
1000
383807
1002
}
1002
{
1070
     2
1000
-2000051
1002
}
1002
{
1070
     3
1000
-2000042
1002
}
  0
LINE
  5
26C
330
70
100
AcDbEntity
  8
0
100
AcDbLine
 10
-88451.5389470507
 20
-3613.506827233188
 30
0.0
 11
-96414.82723770074
 21
-6959.972961126651
 31
0.0
1001
REVIT
1002
{
1070
     1
1000
22859057
1002
}
1002
{
1070
     5
1000
383807
1002
}
1002
{
1070
     2
1000
-2000051
1002
}
1002
{
1070
     3
1000
-2000042
1002
}
  0
LINE
  5
26D
330
70
100
AcDbEntity
  8
0
100
AcDbLine
 10
-96414.82723770074
 20
-6959.972961126651
 30
0.0
 11
-96308.30869350415
 21
-7021.471471292244
 31
0.0
1001
REVIT
1002
{
1070
     1
1000
22859057
1002
}
1002
{
1070
     5
1000
383807
1002
}
1002
{
1070
     2
1000
-2000051
1002
}
1002
{
1070
     3
1000
-2000042
1002
}
  0
LINE
  5
26E
330
70
100
AcDbEntity
  8
0
100
AcDbLine
 10
-96308.30869350415
 20
-7021.471471292243
 30
0.0
 11
-94457.02604873018
 21
-6243.494528993808
 31
0.0
1001
REVIT
1002
{
1070
     1
1000
22859057
1002
}
1002
{
1070
     5
1000
383807
1002
}
1002
{
1070
     2
1000
-2000051
1002
}
1002
{
1070
     3
1000
-2000042
1002
}
  0
LINE
  5
26F
330
70
100
AcDbEntity
  8
0
100
AcDbLine
 10
-94457.02604873018
 20
-6243.494528993808
 30
0.0
 11
-94457.02604873018
 21
-6343.494528993808
 31
0.0
1001
REVIT
1002
{
1070
     1
1000
22859057
1002
}
1002
{
1070
     5
1000
383807
1002
}
1002
{
1070
     2
1000
-2000051
1002
}
1002
{
1070
     3
1000
-2000042
1002
}
  0
LINE
  5
270
330
70
100
AcDbEntity
  8
0
100
AcDbLine
 10
-94457.02604873018
 20
-6343.494528993808
 30
0.0
 11
-94360.31365005147
 21
-6302.852428005721
 31
0.0
1001
REVIT
1002
{
1070
     1
1000
22859057
1002
}
1002
{
1070
     5
1000
383807
1002
}
1002
{
1070
     2
1000
-2000051
1002
}
1002
{
1070
     3
1000
-2000042
1002
}
  0
LINE
  5
271
330
70
100
AcDbEntity
  8
0
100
AcDbLine
 10
-94360.31365005147
 20
-6302.852428005721
 30
0.0
 11
-94360.31365005147
 21
-6202.852428005719
 31
0.0
1001
REVIT
1002
{
1070
     1
1000
22859057
1002
}
1002
{
1070
     5
1000
383807
1002
}
1002
{
1070
     2
1000
-2000051
1002
}
1002
{
1070
     3
1000
-2000042
1002
}
  0
LINE
  5
272
330
70
100
AcDbEntity
  8
0
100
AcDbLine
 10
-94360.31365005147
 20
-6202.852428005719
 30
0.0
 11
-92620.99466937039
 21
-5471.926728414821
 31
0.0
1001
REVIT
1002
{
1070
     1
1000
22859057
1002
}
1002
{
1070
     5
1000
383807
1002
}
1002
{
1070
     2
1000
-2000051
1002
}
1002
{
1070
     3
1000
-2000042
1002
}
  0
LINE
  5
273
330
70
100
AcDbEntity
  8
0
100
AcDbLine
 10
-92620.99466937039
 20
-5471.92672841482
 30
0.0
 11
-92574.50451128079
 21
-5582.555229267014
 31
0.0
1001
REVIT
1002
{
1070
     1
1000
22859057
1002
}
1002
{
1070
     5
1000
383807
1002
}
1002
{
1070
     2
1000
-2000051
1002
}
1002
{
1070
     3
1000
-2000042
1002
}
  0
LINE
  5
274
330
70
100
AcDbEntity
  8
0
100
AcDbLine
 10
-92574.50451128079
 20
-5582.555229267017
 30
0.0
 11
-92426.00715567609
 21
-5522.985644927227
 31
0.0
1001
REVIT
1002
{
1070
     1
1000
22859057
1002
}
1002
{
1070
     5
1000
383807
1002
}
1002
{
1070
     2
1000
-2000051
1002
}
1002
{
1070
     3
1000
-2000042
1002
}
  0
LINE
  5
275
330
70
100
AcDbEntity
  8
0
100
AcDbLine
 10
-92426.00715567609
 20
-5522.985644927227
 30
0.0
 11
-92473.50967481542
 21
-5409.948118383198
 31
0.0
1001
REVIT
1002
{
1070
     1
1000
22859057
1002
}
1002
{
1070
     5
1000
383807
1002
}
1002
{
1070
     2
1000
-2000051
1002
}
1002
{
1070
     3
1000
-2000042
1002
}
  0
LINE
  5
276
330
70
100
AcDbEntity
  8
0
100
AcDbLine
 10
-92473.50967481542
 20
-5409.9481183832
 30
0.0
 11
-90501.47701716241
 21
-4581.227587002181
 31
0.0
1001
REVIT
1002
{
1070
     1
1000
22859057
1002
}
1002
{
1070
     5
1000
383807
1002
}
1002
{
1070
     2
1000
-2000051
1002
}
1002
{
1070
     3
1000
-2000042
1002
}
  0
LINE
  5
277
330
70
100
AcDbEntity
  8
0
100
AcDbLine
 10
-90501.47701716241
 20
-4581.227587002181
 30
0.0
 11
-90501.47701716241
 21
-4688.358407167231
 31
0.0
1001
REVIT
1002
{
1070
     1
1000
22859057
1002
}
1002
{
1070
     5
1000
383807
1002
}
1002
{
1070
     2
1000
-2000051
1002
}
1002
{
1070
     3
1000
-2000042
1002
}
  0
LINE
  5
278
330
70
100
AcDbEntity
  8
0
100
AcDbLine
 10
-90501.47701716241
 20
-4688.358407167231
 30
0.0
 11
-90357.69539569699
 21
-4688.358407167232
 31
0.0
1001
REVIT
1002
{
1070
     1
1000
22859057
1002
}
1002
{
1070
     5
1000
383807
1002
}
1002
{
1070
     2
1000
-2000051
1002
}
1002
{
1070
     3
1000
-2000042
1002
}
  0
LINE
  5
279
330
70
100
AcDbEntity
  8
0
100
AcDbLine
 10
-90357.69539569699
 20
-4688.358407167232
 30
0.0
 11
-90357.69539569699
 21
-4520.805270322356
 31
0.0
1001
REVIT
1002
{
1070
     1
1000
22859057
1002
}
1002
{
1070
     5
1000
383807
1002
}
1002
{
1070
     2
1000
-2000051
1002
}
1002
{
1070
     3
1000
-2000042
1002
}
  0
LINE
  5
28F
330
70
100
AcDbEntity
  8
0
100
AcDbLine
 10
-80367.97314211973
 20
-7233.814148015835
 30
0.0
 11
-80224.77417700846
 21
-7179.911909760082
 31
0.0
1001
REVIT
1002
{
1070
     1
1000
22859057
1002
}
1002
{
1070
     5
1000
383807
1002
}
1002
{
1070
     2
1000
-2000051
1002
}
1002
{
1070
     3
1000
-2000042
1002
}
  0
LINE
  5
290
330
70
100
AcDbEntity
  8
0
100
AcDbLine
 10
-80224.77417700846
 20
-7179.911909760082
 30
0.0
 11
-88279.78524878147
 21
-3613.506827233167
 31
0.0
1001
REVIT
1002
{
1070
     1
1000
22859057
1002
}
1002
{
1070
     5
1000
383807
1002
}
1002
{
1070
     2
1000
-2000051
1002
}
1002
{
1070
     3
1000
-2000042
1002
}
  0
LINE
  5
2A5
330
70
100
AcDbEntity
  8
0
100
AcDbLine
 10
-73423.41813652526
 20
-10478.33199677868
 30
0.0
 11
-73423.41813652526
 21
-8198.331996778682
 31
0.0
1001
REVIT
1002
{
1070
     1
1000
22859130
1002
}
1002
{
1070
     2
1000
-2000051
1002
}
1002
{
1070
     3
1000
-2000042
1002
}
  0
LINE
  5
2A6
330
70
100
AcDbEntity
  8
0
100
AcDbLine
 10
-76127.487909502
 20
-8367.083750057725
 30
0.0
 11
-75407.48790950199
 21
-8367.083750057725
 31
0.0
1001
REVIT
1002
{
1070
     1
1000
22859131
1002
}
1002
{
1070
     2
1000
-2000051
1002
}
1002
{
1070
     3
1000
-2000042
1002
}
  0
LINE
  5
2A7
330
70
100
AcDbEntity
  8
0
100
AcDbLine
 10
-76127.487909502
 20
-9667.083750057726
 30
0.0
 11
-76127.487909502
 21
-8367.083750057725
 31
0.0
1001
REVIT
1002
{
1070
     1
1000
22859132
1002
}
1002
{
1070
     2
1000
-2000051
1002
}
1002
{
1070
     3
1000
-2000042
1002
}
  0
LINE
  5
2A8
330
70
100
AcDbEntity
  8
0
100
AcDbLine
 10
-75407.48790950199
 20
-9667.083750057726
 30
0.0
 11
-76127.487909502
 21
-9667.083750057726
 31
0.0
1001
REVIT
1002
{
1070
     1
1000
22859133
1002
}
1002
{
1070
     2
1000
-2000051
1002
}
1002
{
1070
     3
1000
-2000042
1002
}
  0
LINE
  5
2A9
330
70
100
AcDbEntity
  8
0
100
AcDbLine
 10
-75407.48790950199
 20
-8367.083750057725
 30
0.0
 11
-75407.48790950199
 21
-9667.083750057726
 31
0.0
1001
REVIT
1002
{
1070
     1
1000
22859134
1002
}
1002
{
1070
     2
1000
-2000051
1002
}
1002
{
1070
     3
1000
-2000042
1002
}
  0
LINE
  5
2AA
330
70
100
AcDbEntity
  8
0
100
AcDbLine
 10
-75767.48790950198
 20
-8367.083750057725
 30
0.0
 11
-75407.48790950199
 21
-8367.083750057725
 31
0.0
1001
REVIT
1002
{
1070
     1
1000
22859135
1002
}
1002
{
1070
     2
1000
-2000051
1002
}
1002
{
1070
     3
1000
-2000042
1002
}
  0
LINE
  5
2AB
330
70
100
AcDbEntity
  8
0
100
AcDbLine
 10
-75767.48790950198
 20
-9667.083750057726
 30
0.0
 11
-75767.48790950198
 21
-8367.083750057725
 31
0.0
1001
REVIT
1002
{
1070
     1
1000
22859136
1002
}
1002
{
1070
     2
1000
-2000051
1002
}
1002
{
1070
     3
1000
-2000042
1002
}
  0
LINE
  5
2AC
330
70
100
AcDbEntity
  8
0
100
AcDbLine
 10
-75407.48790950199
 20
-9667.083750057726
 30
0.0
 11
-75767.48790950198
 21
-9667.083750057726
 31
0.0
1001
REVIT
1002
{
1070
     1
1000
22859137
1002
}
1002
{
1070
     2
1000
-2000051
1002
}
1002
{
1070
     3
1000
-2000042
1002
}
  0
LINE
  5
2AD
330
70
100
AcDbEntity
  8
0
100
AcDbLine
 10
-75407.48790950199
 20
-8367.083750057725
 30
0.0
 11
-75407.48790950199
 21
-9667.083750057726
 31
0.0
1001
REVIT
1002
{
1070
     1
1000
22859138
1002
}
1002
{
1070
     2
1000
-2000051
1002
}
1002
{
1070
     3
1000
-2000042
1002
}
  0
LINE
  5
309
330
70
100
AcDbEntity
  8
0
100
AcDbLine
 10
-88358.95516078934
 20
-3726.75124291547
 30
0.0
 11
-88358.95516078934
 21
-3595.451871336728
 31
0.0
1001
REVIT
1002
{
1070
     1
1000
22859750
1002
}
1002
{
1070
     2
1000
-2000051
1002
}
1002
{
1070
     3
1000
-2000042
1002
}
  0
LINE
  5
30C
330
70
100
AcDbEntity
  8
0
100
AcDbLine
 10
-82519.35305046373
 20
-6392.930277297233
 30
0.0
 11
-82519.35305046373
 21
-6647.621485299599
 31
0.0
1001
REVIT
1002
{
1070
     1
1000
22859753
1002
}
1002
{
1070
     2
1000
-2000051
1002
}
1002
{
1070
     3
1000
-2000042
1002
}
  0
LWPOLYLINE
  5
382
330
70
100
AcDbEntity
  8
0
100
AcDbPolyline
 90
        4
 70
     1
 43
0.0
 10
-86355.01525474481
 20
-7967.62148529962
 10
-86355.01525474481
 20
-10247.41267165738
 10
-86409.88779444212
 20
-10247.41267165738
 10
-86409.88779444212
 20
-7967.62148529962
1001
REVIT
1002
{
1070
     1
1000
22859813
1002
}
1002
{
1070
     2
1000
-2000051
1002
}
1002
{
1070
     3
1000
-2000042
1002
}
  0
LWPOLYLINE
  5
383
330
70
100
AcDbEntity
  8
0
100
AcDbPolyline
 90
        4
 70
     1
 43
0.0
 10
-80548.08661117785
 20
-8352.491858755566
 10
-80548.08661117785
 20
-9642.412671657375
 10
-80588.08661117787
 20
-9642.412671657375
 10
-80588.08661117787
 20
-8352.491858755566
1001
REVIT
1002
{
1070
     1
1000
22859805
1002
}
1002
{
1070
     2
1000
-2000051
1002
}
1002
{
1070
     3
1000
-2000042
1002
}
  0
LWPOLYLINE
  5
384
330
70
100
AcDbEntity
  8
0
100
AcDbPolyline
 90
        3
 70
     0
 43
0.0
 10
-92612.70290619179
 20
-6283.081112744756
 10
-94323.6412908439
 20
-6459.404236367737
 10
-96151.35285871375
 20
-7134.197543680433
1001
REVIT
1002
{
1070
     1
1000
22859797
1002
}
1002
{
1070
     2
1000
-2000051
1002
}
1002
{
1070
     3
1000
-2000042
1002
}
  0
LWPOLYLINE
  5
385
330
70
100
AcDbEntity
  8
0
100
AcDbPolyline
 90
        3
 70
     0
 43
0.0
 10
-92612.70290619179
 20
-6122.749983640328
 10
-94360.31365005147
 20
-6302.852428005721
 10
-96271.99320627113
 20
-7008.646817525828
1001
REVIT
1002
{
1070
     1
1000
22859795
1002
}
1002
{
1070
     2
1000
-2000051
1002
}
1002
{
1070
     3
1000
-2000042
1002
}
  0
LWPOLYLINE
  5
386
330
70
100
AcDbEntity
  8
0
100
AcDbPolyline
 90
        4
 70
     1
 43
0.0
 10
-92612.70290619179
 20
-5787.931515475325
 10
-92612.70290619179
 20
-6383.081112744756
 10
-92485.25583347843
 20
-6383.081112744756
 10
-92485.25583347843
 20
-5787.931515475325
1001
REVIT
1002
{
1070
     1
1000
22859793
1002
}
1002
{
1070
     2
1000
-2000051
1002
}
1002
{
1070
     3
1000
-2000042
1002
}
  0
LWPOLYLINE
  5
387
330
70
100
AcDbEntity
  8
0
100
AcDbPolyline
 90
        4
 70
     1
 43
0.0
 10
-92485.25583347843
 20
-6647.621485299599
 10
-92485.25583347843
 20
-5546.753200214631
 10
-92612.70290619179
 20
-5597.878481981056
 10
-92612.70290619179
 20
-6647.621485299599
1001
REVIT
1002
{
1070
     1
1000
22859789
1002
}
1002
{
1070
     2
1000
-2000051
1002
}
1002
{
1070
     3
1000
-2000042
1002
}
  0
LWPOLYLINE
  5
388
330
70
100
AcDbEntity
  8
0
100
AcDbPolyline
 90
        4
 70
     1
 43
0.0
 10
-90501.47701716241
 20
-4871.94153057193
 10
-90501.47701716241
 20
-6383.081112744756
 10
-90357.69539569699
 20
-6383.081112744756
 10
-90357.69539569699
 20
-4871.94153057193
1001
REVIT
1002
{
1070
     1
1000
22859785
1002
}
1002
{
1070
     2
1000
-2000051
1002
}
1002
{
1070
     3
1000
-2000042
1002
}
  0
LWPOLYLINE
  5
389
330
70
100
AcDbEntity
  8
0
100
AcDbPolyline
 90
        4
 70
     1
 43
0.0
 10
-90501.47701716241
 20
-4688.358407167232
 10
-90501.47701716241
 20
-6647.621485299599
 10
-90357.69539569699
 20
-6647.621485299599
 10
-90357.69539569699
 20
-4688.358407167232
1001
REVIT
1002
{
1070
     1
1000
22859781
1002
}
1002
{
1070
     2
1000
-2000051
1002
}
1002
{
1070
     3
1000
-2000042
1002
}
  0
LWPOLYLINE
  5
38A
330
70
100
AcDbEntity
  8
0
100
AcDbPolyline
 90
        4
 70
     1
 43
0.0
 10
-88428.95516078936
 20
-6383.081112744756
 10
-88428.95516078936
 20
-4071.452772138672
 10
-88288.95516078935
 20
-4071.452772138672
 10
-88288.95516078935
 20
-6383.081112744756
1001
REVIT
1002
{
1070
     1
1000
22859777
1002
}
1002
{
1070
     2
1000
-2000051
1002
}
1002
{
1070
     3
1000
-2000042
1002
}
  0
LWPOLYLINE
  5
38B
330
70
100
AcDbEntity
  8
0
100
AcDbPolyline
 90
        4
 70
     1
 43
0.0
 10
-86447.7346938877
 20
-4890.034260011598
 10
-86447.7346938877
 20
-6383.081112744756
 10
-86321.91467247148
 20
-6383.081112744756
 10
-86321.91467247148
 20
-4890.034260011598
1001
REVIT
1002
{
1070
     1
1000
22859769
1002
}
1002
{
1070
     2
1000
-2000051
1002
}
1002
{
1070
     3
1000
-2000042
1002
}
  0
LWPOLYLINE
  5
38C
330
70
100
AcDbEntity
  8
0
100
AcDbPolyline
 90
        4
 70
     1
 43
0.0
 10
-84299.62004236319
 20
-6438.453331297712
 10
-84299.62004236319
 20
-5780.417881024419
 10
-84459.62004236319
 20
-5780.417881024419
 10
-84459.62004236319
 20
-6438.453331297712
1001
REVIT
1002
{
1070
     1
1000
22859761
1002
}
1002
{
1070
     2
1000
-2000051
1002
}
1002
{
1070
     3
1000
-2000042
1002
}
  0
LWPOLYLINE
  5
38D
330
70
100
AcDbEntity
  8
0
100
AcDbPolyline
 90
       10
 70
     0
 43
0.0
 10
-88428.95516078934
 20
-3726.751242915469
 10
-88288.95516078933
 20
-3726.75124291547
 10
-80367.97314211973
 20
-7233.814148015837
 10
-80553.09585710372
 20
-7151.849941421052
 10
-80553.09585710372
 20
-7264.872936877056
 10
-80688.08661117786
 20
-7264.872936877056
 10
-80688.08661117786
 20
-7092.081965047781
 10
-82370.87999753029
 20
-6347.0149710419
 10
-82411.36488697968
 20
-6438.453331297712
 10
-82411.36488697968
 20
-6647.621485299599
1001
REVIT
1002
{
1070
     1
1000
22859752
1002
}
1002
{
1070
     2
1000
-2000051
1002
}
1002
{
1070
     3
1000
-2000042
1002
}
  0
LWPOLYLINE
  5
38E
330
70
100
AcDbEntity
  8
0
100
AcDbPolyline
 90
        4
 70
     1
 43
0.0
 10
-92535.17121757306
 20
-7967.621485299599
 10
-92535.17121757306
 20
-10247.41267165732
 10
-92576.13338135154
 20
-10247.41267165732
 10
-92576.13338135154
 20
-7967.621485299599
1001
REVIT
1002
{
1070
     1
1000
22859304
1002
}
1002
{
1070
     2
1000
-2000051
1002
}
1002
{
1070
     3
1000
-2000042
1002
}
  0
LWPOLYLINE
  5
38F
330
70
100
AcDbEntity
  8
0
100
AcDbPolyline
 90
        7
 70
     0
 43
0.0
 10
-96363.78732083178
 20
-7128.289565677331
 42
0.1316524975873912
 10
-96349.05011524805
 20
-7073.289565677358
 42
0.4142135623730995
 10
-96221.77089463448
 20
-7200.568786290897
 10
-96221.77089463431
 20
-7820.568786290897
 10
-96161.7708946343
 20
-7820.568786290879
 10
-96161.77089463427
 20
-7980.568786290881
 10
-96161.77089463427
 20
-10247.41267165731
1001
REVIT
1002
{
1070
     1
1000
22859296
1002
}
1002
{
1070
     2
1000
-2000051
1002
}
1002
{
1070
     3
1000
-2000042
1002
}
  0
LWPOLYLINE
  5
390
330
70
100
AcDbEntity
  8
0
100
AcDbPolyline
 90
        4
 70
     1
 43
0.0
 10
-96358.36738526359
 20
-8118.22713101513
 10
-96358.36738526359
 20
-10247.41267165731
 10
-96444.92352381499
 20
-10247.41267165731
 10
-96444.92352381499
 20
-8118.22713101513
1001
REVIT
1002
{
1070
     1
1000
22859295
1002
}
1002
{
1070
     2
1000
-2000051
1002
}
1002
{
1070
     3
1000
-2000042
1002
}
  0
LWPOLYLINE
  5
391
330
70
100
AcDbEntity
  8
0
100
AcDbPolyline
 90
        4
 70
     1
 43
0.0
 10
-96358.36738526359
 20
-10247.41267165731
 10
-96358.36738526359
 20
-8118.22713101513
 10
-96727.55058950995
 20
-8118.22713101513
 10
-96727.55058950995
 20
-10247.41267165731
1001
REVIT
1002
{
1070
     1
1000
22859291
1002
}
1002
{
1070
     2
1000
-2000051
1002
}
1002
{
1070
     3
1000
-2000042
1002
}
  0
LWPOLYLINE
  5
392
330
70
100
AcDbEntity
  8
0
100
AcDbPolyline
 90
        4
 70
     1
 43
0.0
 10
-91260.66895071238
 20
-8352.491858755554
 10
-91260.66895071238
 20
-10247.41267165733
 10
-92001.78028053443
 20
-10247.41267165733
 10
-92001.78028053443
 20
-8352.491858755554
1001
REVIT
1002
{
1070
     1
1000
22859206
1002
}
1002
{
1070
     2
1000
-2000051
1002
}
1002
{
1070
     3
1000
-2000042
1002
}
  0
LWPOLYLINE
  5
393
330
70
100
AcDbEntity
  8
0
100
AcDbPolyline
 90
        4
 70
     1
 43
0.0
 10
-92108.09344664246
 20
-10247.41267165733
 10
-92108.09344664246
 20
-8247.412671657359
 10
-91149.89450679994
 20
-8247.412671657359
 10
-91149.89450679994
 20
-10247.41267165733
1001
REVIT
1002
{
1070
     1
1000
22859202
1002
}
1002
{
1070
     2
1000
-2000051
1002
}
1002
{
1070
     3
1000
-2000042
1002
}
  0
LWPOLYLINE
  5
394
330
70
100
AcDbEntity
  8
0
100
AcDbPolyline
 90
        4
 70
     1
 43
0.0
 10
-88240.66895071242
 20
-8352.491858755566
 10
-88240.66895071242
 20
-10247.41267165734
 10
-88981.78028053445
 20
-10247.41267165734
 10
-88981.78028053445
 20
-8352.491858755566
1001
REVIT
1002
{
1070
     1
1000
22859198
1002
}
1002
{
1070
     2
1000
-2000051
1002
}
1002
{
1070
     3
1000
-2000042
1002
}
  0
LWPOLYLINE
  5
395
330
70
100
AcDbEntity
  8
0
100
AcDbPolyline
 90
        4
 70
     1
 43
0.0
 10
-89088.0934466425
 20
-10247.41267165734
 10
-89088.0934466425
 20
-8247.412671657372
 10
-88129.89450679998
 20
-8247.412671657372
 10
-88129.89450679998
 20
-10247.41267165734
1001
REVIT
1002
{
1070
     1
1000
22859194
1002
}
1002
{
1070
     2
1000
-2000051
1002
}
1002
{
1070
     3
1000
-2000042
1002
}
  0
LWPOLYLINE
  5
396
330
70
100
AcDbEntity
  8
0
100
AcDbPolyline
 90
        4
 70
     1
 43
0.0
 10
-85973.06304155559
 20
-8247.412671657372
 10
-85973.06304155559
 20
-10247.41267165738
 10
-84905.10526470609
 20
-10247.41267165738
 10
-84905.10526470609
 20
-8247.412671657372
1001
REVIT
1002
{
1070
     1
1000
22859190
1002
}
1002
{
1070
     2
1000
-2000051
1002
}
1002
{
1070
     3
1000
-2000042
1002
}
  0
LWPOLYLINE
  5
397
330
70
100
AcDbEntity
  8
0
100
AcDbPolyline
 90
        4
 70
     1
 43
0.0
 10
-84988.86665896877
 20
-8352.491858755566
 10
-84988.86665896877
 20
-10247.41267165738
 10
-85876.73743815349
 20
-10247.41267165738
 10
-85876.73743815349
 20
-8352.491858755566
1001
REVIT
1002
{
1070
     1
1000
22859186
1002
}
1002
{
1070
     2
1000
-2000051
1002
}
1002
{
1070
     3
1000
-2000042
1002
}
  0
LWPOLYLINE
  5
398
330
70
100
AcDbEntity
  8
0
100
AcDbPolyline
 90
        4
 70
     1
 43
0.0
 10
-82078.83122658182
 20
-8352.491858755566
 10
-82078.83122658182
 20
-10247.41267165739
 10
-82807.62397769009
 20
-10247.41267165739
 10
-82807.62397769009
 20
-8352.491858755566
1001
REVIT
1002
{
1070
     1
1000
22859182
1002
}
1002
{
1070
     2
1000
-2000051
1002
}
1002
{
1070
     3
1000
-2000042
1002
}
  0
LWPOLYLINE
  5
399
330
70
100
AcDbEntity
  8
0
100
AcDbPolyline
 90
        4
 70
     1
 43
0.0
 10
-82909.81703578834
 20
-10247.41267165739
 10
-82909.81703578834
 20
-8247.412671657372
 10
-81989.81703578834
 20
-8247.412671657372
 10
-81989.81703578834
 20
-10247.41267165739
1001
REVIT
1002
{
1070
     1
1000
22859178
1002
}
1002
{
1070
     2
1000
-2000051
1002
}
1002
{
1070
     3
1000
-2000042
1002
}
  0
LWPOLYLINE
  5
39A
330
70
100
AcDbEntity
  8
0
100
AcDbPolyline
 90
        4
 70
     1
 43
0.0
 10
-79181.4485159077
 20
-8295.822283697743
 10
-79181.4485159077
 20
-10317.45588509958
 10
-79547.00418081871
 20
-10317.45588509958
 10
-79547.00418081871
 20
-8295.822283697743
1001
REVIT
1002
{
1070
     1
1000
22859174
1002
}
1002
{
1070
     2
1000
-2000051
1002
}
1002
{
1070
     3
1000
-2000042
1002
}
  0
LWPOLYLINE
  5
39B
330
70
100
AcDbEntity
  8
0
100
AcDbPolyline
 90
       16
 70
     1
 43
0.0
 10
-79729.78201327423
 20
-10317.45588509958
 10
-79364.22634836321
 20
-10317.45588509958
 10
-79364.22634836321
 20
-8295.822283697743
 10
-79364.22634836321
 20
-10317.45588509958
 10
-78998.67068345219
 20
-10317.45588509958
 10
-78998.67068345219
 20
-8295.822283697743
 10
-78998.67068345219
 20
-9209.711445975287
 10
-79729.78201327423
 20
-9209.711445975287
 10
-79729.78201327423
 20
-8295.822283697743
 10
-78998.67068345219
 20
-8295.822283697743
 10
-79364.22634836321
 20
-8295.822283697743
 10
-79729.78201327423
 20
-8295.822283697743
 10
-79729.78201327423
 20
-10317.45588509958
 10
-79729.78201327423
 20
-8295.822283697743
 10
-78998.67068345219
 20
-8295.822283697743
 10
-78998.67068345219
 20
-10317.45588509958
1001
REVIT
1002
{
1070
     1
1000
22859162
1002
}
1002
{
1070
     2
1000
-2000051
1002
}
1002
{
1070
     3
1000
-2000042
1002
}
  0
LWPOLYLINE
  5
39C
330
70
100
AcDbEntity
  8
0
100
AcDbPolyline
 90
        4
 70
     1
 43
0.0
 10
-79821.12857271348
 20
-10317.45588509958
 10
-79821.12857271348
 20
-8217.455885099585
 10
-78921.12857271348
 20
-8217.455885099585
 10
-78921.12857271348
 20
-10317.45588509958
1001
REVIT
1002
{
1070
     1
1000
22859154
1002
}
1002
{
1070
     2
1000
-2000051
1002
}
1002
{
1070
     3
1000
-2000042
1002
}
  0
LWPOLYLINE
  5
39D
330
70
100
AcDbEntity
  8
0
100
AcDbPolyline
 90
        4
 70
     1
 43
0.0
 10
-75767.48790950198
 20
-8367.083750057725
 10
-75767.48790950198
 20
-9667.083750057726
 10
-75947.48790950198
 20
-9667.083750057726
 10
-75947.48790950198
 20
-8367.083750057725
1001
REVIT
1002
{
1070
     1
1000
22859150
1002
}
1002
{
1070
     2
1000
-2000051
1002
}
1002
{
1070
     3
1000
-2000042
1002
}
  0
LWPOLYLINE
  5
39E
330
70
100
AcDbEntity
  8
0
100
AcDbPolyline
 90
        4
 70
     1
 43
0.0
 10
-76127.487909502
 20
-9667.083750057726
 10
-76127.487909502
 20
-8367.083750057725
 10
-75767.48790950198
 20
-8367.083750057725
 10
-75767.48790950198
 20
-9667.083750057726
1001
REVIT
1002
{
1070
     1
1000
22859146
1002
}
1002
{
1070
     2
1000
-2000051
1002
}
1002
{
1070
     3
1000
-2000042
1002
}
  0
LWPOLYLINE
  5
39F
330
70
100
AcDbEntity
  8
0
100
AcDbPolyline
 90
        4
 70
     1
 43
0.0
 10
-75407.48790950199
 20
-8367.083750057725
 10
-75407.48790950199
 20
-9667.083750057726
 10
-75587.487909502
 20
-9667.083750057726
 10
-75587.487909502
 20
-8367.083750057725
1001
REVIT
1002
{
1070
     1
1000
22859142
1002
}
1002
{
1070
     2
1000
-2000051
1002
}
1002
{
1070
     3
1000
-2000042
1002
}
  0
LWPOLYLINE
  5
3A0
330
70
100
AcDbEntity
  8
0
100
AcDbPolyline
 90
        2
 70
     1
 43
0.0
 10
-96144.08998733386
 20
-7097.766838753194
 42
1.000000000000026
 10
-96334.08998733386
 20
-7097.766838753196
 42
1.000000000000032
1001
REVIT
1002
{
1070
     1
1000
22859057
1002
}
1002
{
1070
     5
1000
383807
1002
}
1002
{
1070
     2
1000
-2000051
1002
}
1002
{
1070
     3
1000
-2000042
1002
}
  0
LWPOLYLINE
  5
3A1
330
70
100
AcDbEntity
  8
0
100
AcDbPolyline
 90
        2
 70
     1
 43
0.0
 10
-96352.11197446109
 20
-7081.902890085682
 42
1.000000000000071
 10
-96552.11197446108
 20
-7081.902890085688
 42
1.000000000000059
1001
REVIT
1002
{
1070
     1
1000
22859057
1002
}
1002
{
1070
     5
1000
383807
1002
}
1002
{
1070
     2
1000
-2000051
1002
}
1002
{
1070
     3
1000
-2000042
1002
}
  0
LWPOLYLINE
  5
3A2
330
70
100
AcDbEntity
  8
0
100
AcDbPolyline
 90
        4
 70
     1
 43
0.0
 10
-96358.36738526359
 20
-7998.227131015136
 10
-96498.36738526362
 20
-7998.227131015136
 10
-96498.36738526362
 20
-8118.227131015135
 10
-96358.36738526359
 20
-8118.227131015135
1001
REVIT
1002
{
1070
     1
1000
22859057
1002
}
1002
{
1070
     5
1000
383807
1002
}
1002
{
1070
     2
1000
-2000051
1002
}
1002
{
1070
     3
1000
-2000042
1002
}
  0
LWPOLYLINE
  5
3A3
330
70
100
AcDbEntity
  8
0
100
AcDbPolyline
 90
        4
 70
     1
 43
0.0
 10
-92465.17121757307
 20
-7847.621485299599
 10
-92605.17121757306
 20
-7847.621485299599
 10
-92605.17121757306
 20
-7967.621485299599
 10
-92465.17121757307
 20
-7967.621485299599
1001
REVIT
1002
{
1070
     1
1000
22859057
1002
}
1002
{
1070
     5
1000
383807
1002
}
1002
{
1070
     2
1000
-2000051
1002
}
1002
{
1070
     3
1000
-2000042
1002
}
  0
LWPOLYLINE
  5
3A4
330
70
100
AcDbEntity
  8
0
100
AcDbPolyline
 90
        4
 70
     1
 43
0.0
 10
-86315.17121757308
 20
-7847.621485299621
 10
-86455.17121757308
 20
-7847.621485299621
 10
-86455.17121757308
 20
-7967.62148529962
 10
-86315.17121757308
 20
-7967.62148529962
1001
REVIT
1002
{
1070
     1
1000
22859057
1002
}
1002
{
1070
     5
1000
383807
1002
}
1002
{
1070
     2
1000
-2000051
1002
}
1002
{
1070
     3
1000
-2000042
1002
}
  0
LWPOLYLINE
  5
3A5
330
70
100
AcDbEntity
  8
0
100
AcDbPolyline
 90
       25
 70
     0
 43
0.0
 10
-95630.98726965181
 20
-6736.836139259408
 10
-90357.69539569699
 20
-4520.805270322358
 10
-88428.95516078936
 20
-3710.277804580035
 10
-88428.95516078936
 20
-3835.144558979779
 10
-88288.95516078935
 20
-3835.144558979779
 10
-88428.95516078936
 20
-3835.144558979779
 10
-88428.95516078936
 20
-6647.621485299599
 10
-88288.95516078935
 20
-6647.621485299599
 10
-88288.95516078935
 20
-3835.144558979779
 10
-88288.95516078935
 20
-3726.751242915494
 10
-86447.7346938877
 20
-4541.962789206423
 10
-86447.7346938877
 20
-4701.962789206426
 10
-86307.7346938877
 20
-4701.962789206426
 10
-86307.7346938877
 20
-4603.948639642242
 10
-84459.62004236319
 20
-5422.212628053952
 10
-84459.62004236319
 20
-5582.21262805395
 10
-84299.62004236319
 20
-5582.21262805395
 10
-84459.62004236319
 20
-5582.21262805395
 10
-84459.62004236319
 20
-6647.621485299599
 10
-84299.62004236319
 20
-6647.621485299599
 10
-84299.62004236319
 20
-5582.21262805395
 10
-84299.62004236319
 20
-5493.053599980599
 10
-82498.87327716379
 20
-6290.345168983675
 10
-82540.37060485304
 20
-6384.070201965332
 10
-82411.36488697968
 20
-6438.453331297712
1001
REVIT
1002
{
1070
     1
1000
22859057
1002
}
1002
{
1070
     5
1000
383807
1002
}
1002
{
1070
     2
1000
-2000051
1002
}
1002
{
1070
     3
1000
-2000042
1002
}
  0
LWPOLYLINE
  5
3A6
330
70
100
AcDbEntity
  8
0
100
AcDbPolyline
 90
        7
 70
     0
 43
0.0
 10
-80326.30075556593
 20
-7134.960400376347
 10
-80302.31144891487
 20
-7078.053823579534
 10
-80199.41779440994
 20
-7111.211592359783
 10
-80159.42293826519
 20
-7110.570123764777
 10
-80145.0558278722
 20
-7124.483647364326
 10
-80144.7350935747
 20
-7144.481075436721
 10
-80169.91116085499
 20
-7204.202843429708
1001
REVIT
1002
{
1070
     1
1000
22859546
1002
}
1002
{
1070
     2
1000
-2000051
1002
}
1002
{
1070
     3
1000
-2000042
1002
}
  0
LWPOLYLINE
  5
3A7
330
70
100
AcDbEntity
  8
0
100
AcDbPolyline
 90
        5
 70
     0
 43
0.0
 10
-80695.17943583987
 20
-6902.220317334384
 10
-80356.99414975011
 20
-7044.784340502592
 10
-80316.99929360538
 20
-7044.142871907586
 10
-80302.63218321238
 20
-7058.056395507136
 10
-80302.31144891487
 20
-7078.053823579541
1001
REVIT
1002
{
1070
     1
1000
22859539
1002
}
1002
{
1070
     2
1000
-2000051
1002
}
1002
{
1070
     3
1000
-2000042
1002
}
  0
LWPOLYLINE
  5
3A8
330
70
100
AcDbEntity
  8
0
100
AcDbPolyline
 90
        6
 70
     0
 43
0.0
 10
-81091.70479130693
 20
-6726.062690173204
 10
-80753.51950521717
 20
-6868.626713341413
 10
-80713.52464907242
 20
-6867.985244746407
 10
-80699.15753867944
 20
-6881.898768345957
 10
-80698.83680438191
 20
-6901.896196418352
 10
-80723.03699348777
 20
-6959.303021045693
1001
REVIT
1002
{
1070
     1
1000
22859534
1002
}
1002
{
1070
     2
1000
-2000051
1002
}
1002
{
1070
     3
1000
-2000042
1002
}
  0
LWPOLYLINE
  5
3A9
330
70
100
AcDbEntity
  8
0
100
AcDbPolyline
 90
        6
 70
     0
 43
0.0
 10
-81488.23014677399
 20
-6549.905063012025
 10
-81150.04486068423
 20
-6692.469086180233
 10
-81110.05000453948
 20
-6691.827617585225
 10
-81095.68289414649
 20
-6705.741141184777
 10
-81095.36215984899
 20
-6725.738569257173
 10
-81119.7732314096
 20
-6783.645641715039
1001
REVIT
1002
{
1070
     1
1000
22859528
1002
}
1002
{
1070
     2
1000
-2000051
1002
}
1002
{
1070
     3
1000
-2000042
1002
}
  0
LWPOLYLINE
  5
3AA
330
70
100
AcDbEntity
  8
0
100
AcDbPolyline
 90
        6
 70
     0
 43
0.0
 10
-81884.75550224104
 20
-6373.747435850845
 10
-81546.57021615129
 20
-6516.311459019053
 10
-81506.57536000654
 20
-6515.669990424047
 10
-81492.20824961354
 20
-6529.583514023596
 10
-81491.88751531603
 20
-6549.580942095992
 10
-81516.50946933143
 20
-6607.988262384387
1001
REVIT
1002
{
1070
     1
1000
22859522
1002
}
1002
{
1070
     2
1000
-2000051
1002
}
1002
{
1070
     3
1000
-2000042
1002
}
  0
LWPOLYLINE
  5
3AB
330
70
100
AcDbEntity
  8
0
100
AcDbPolyline
 90
        6
 70
     0
 43
0.0
 10
-82281.2808577081
 20
-6197.589808689663
 10
-81943.09557161833
 20
-6340.153831857872
 10
-81903.1007154736
 20
-6339.512363262866
 10
-81888.73360508061
 20
-6353.425886862415
 10
-81888.41287078309
 20
-6373.423314934812
 10
-81913.24570725328
 20
-6432.330883053736
1001
REVIT
1002
{
1070
     1
1000
22859516
1002
}
1002
{
1070
     2
1000
-2000051
1002
}
1002
{
1070
     3
1000
-2000042
1002
}
  0
LWPOLYLINE
  5
3AC
330
70
100
AcDbEntity
  8
0
100
AcDbPolyline
 90
        6
 70
     0
 43
0.0
 10
-82677.80621317514
 20
-6021.432181528474
 10
-82339.62092708539
 20
-6163.996204696688
 10
-82299.62607094066
 20
-6163.35473610168
 10
-82285.25896054765
 20
-6177.26825970123
 10
-82284.93822625015
 20
-6197.265687773629
 10
-82309.98194517511
 20
-6256.673503723079
1001
REVIT
1002
{
1070
     1
1000
22859510
1002
}
1002
{
1070
     2
1000
-2000051
1002
}
1002
{
1070
     3
1000
-2000042
1002
}
  0
LWPOLYLINE
  5
3AD
330
70
100
AcDbEntity
  8
0
100
AcDbPolyline
 90
        6
 70
     0
 43
0.0
 10
-83074.33156864222
 20
-5845.274554367294
 10
-82736.14628255247
 20
-5987.838577535502
 10
-82696.15142640772
 20
-5987.197108940495
 10
-82681.78431601471
 20
-6001.110632540044
 10
-82681.46358171721
 20
-6021.108060612442
 10
-82706.6396489975
 20
-6080.829828605427
1001
REVIT
1002
{
1070
     1
1000
22859504
1002
}
1002
{
1070
     2
1000
-2000051
1002
}
1002
{
1070
     3
1000
-2000042
1002
}
  0
LWPOLYLINE
  5
3AE
330
70
100
AcDbEntity
  8
0
100
AcDbPolyline
 90
        6
 70
     0
 43
0.0
 10
-83470.85692410926
 20
-5669.116927206115
 10
-83132.67163801951
 20
-5811.680950374324
 10
-83092.67678187476
 20
-5811.039481779317
 10
-83078.30967148177
 20
-5824.953005378866
 10
-83077.98893718425
 20
-5844.950433451263
 10
-83103.16500446456
 20
-5904.672201444248
1001
REVIT
1002
{
1070
     1
1000
22859498
1002
}
1002
{
1070
     2
1000
-2000051
1002
}
1002
{
1070
     3
1000
-2000042
1002
}
  0
LWPOLYLINE
  5
3AF
330
70
100
AcDbEntity
  8
0
100
AcDbPolyline
 90
        6
 70
     0
 43
0.0
 10
-83867.38227957632
 20
-5492.959300044934
 10
-83529.19699348658
 20
-5635.523323213142
 10
-83489.20213734182
 20
-5634.881854618136
 10
-83474.83502694883
 20
-5648.795378217684
 10
-83474.51429265133
 20
-5668.792806290082
 10
-83499.69035993161
 20
-5728.514574283067
1001
REVIT
1002
{
1070
     1
1000
22859492
1002
}
1002
{
1070
     2
1000
-2000051
1002
}
1002
{
1070
     3
1000
-2000042
1002
}
  0
LWPOLYLINE
  5
3B0
330
70
100
AcDbEntity
  8
0
100
AcDbPolyline
 90
        6
 70
     0
 43
0.0
 10
-84263.90763504338
 20
-5316.801672883753
 10
-83925.72234895363
 20
-5459.365696051963
 10
-83885.72749280887
 20
-5458.724227456956
 10
-83871.36038241587
 20
-5472.637751056505
 10
-83871.03964811837
 20
-5492.6351791289
 10
-83896.21571539866
 20
-5552.356947121887
1001
REVIT
1002
{
1070
     1
1000
22859486
1002
}
1002
{
1070
     2
1000
-2000051
1002
}
1002
{
1070
     3
1000
-2000042
1002
}
  0
LWPOLYLINE
  5
3B1
330
70
100
AcDbEntity
  8
0
100
AcDbPolyline
 90
        6
 70
     0
 43
0.0
 10
-84660.43299051044
 20
-5140.644045722574
 10
-84322.24770442068
 20
-5283.208068890782
 10
-84282.25284827593
 20
-5282.566600295775
 10
-84267.88573788295
 20
-5296.480123895324
 10
-84267.56500358543
 20
-5316.477551967721
 10
-84292.74107086573
 20
-5376.199319960707
1001
REVIT
1002
{
1070
     1
1000
22859480
1002
}
1002
{
1070
     2
1000
-2000051
1002
}
1002
{
1070
     3
1000
-2000042
1002
}
  0
LWPOLYLINE
  5
3B2
330
70
100
AcDbEntity
  8
0
100
AcDbPolyline
 90
        6
 70
     0
 43
0.0
 10
-85056.95834597748
 20
-4964.486418561393
 10
-84718.77305988774
 20
-5107.050441729603
 10
-84678.77820374299
 20
-5106.408973134596
 10
-84664.41109334999
 20
-5120.322496734145
 10
-84664.09035905249
 20
-5140.31992480654
 10
-84689.26642633277
 20
-5200.041692799526
1001
REVIT
1002
{
1070
     1
1000
22859474
1002
}
1002
{
1070
     2
1000
-2000051
1002
}
1002
{
1070
     3
1000
-2000042
1002
}
  0
LWPOLYLINE
  5
3B3
330
70
100
AcDbEntity
  8
0
100
AcDbPolyline
 90
        6
 70
     0
 43
0.0
 10
-85453.48370144456
 20
-4788.328791400215
 10
-85115.2984153548
 20
-4930.892814568423
 10
-85075.30355921005
 20
-4930.251345973417
 10
-85060.93644881705
 20
-4944.164869572965
 10
-85060.61571451954
 20
-4964.162297645364
 10
-85085.79178179983
 20
-5023.884065638349
1001
REVIT
1002
{
1070
     1
1000
22859468
1002
}
1002
{
1070
     2
1000
-2000051
1002
}
1002
{
1070
     3
1000
-2000042
1002
}
  0
LWPOLYLINE
  5
3B4
330
70
100
AcDbEntity
  8
0
100
AcDbPolyline
 90
        6
 70
     0
 43
0.0
 10
-85850.0090569116
 20
-4612.171164239033
 10
-85511.82377082184
 20
-4754.735187407242
 10
-85471.82891467709
 20
-4754.093718812236
 10
-85457.46180428411
 20
-4768.007242411786
 10
-85457.14106998659
 20
-4788.004670484181
 10
-85482.31713726689
 20
-4847.726438477167
1001
REVIT
1002
{
1070
     1
1000
22859462
1002
}
1002
{
1070
     2
1000
-2000051
1002
}
1002
{
1070
     3
1000
-2000042
1002
}
  0
LWPOLYLINE
  5
3B5
330
70
100
AcDbEntity
  8
0
100
AcDbPolyline
 90
        6
 70
     0
 43
0.0
 10
-86246.53441237866
 20
-4436.013537077854
 10
-85908.34912628892
 20
-4578.577560246062
 10
-85868.35427014417
 20
-4577.936091651056
 10
-85853.98715975117
 20
-4591.849615250605
 10
-85853.66642545366
 20
-4611.847043323002
 10
-85878.84249273395
 20
-4671.568811315987
1001
REVIT
1002
{
1070
     1
1000
22859456
1002
}
1002
{
1070
     2
1000
-2000051
1002
}
1002
{
1070
     3
1000
-2000042
1002
}
  0
LWPOLYLINE
  5
3B6
330
70
100
AcDbEntity
  8
0
100
AcDbPolyline
 90
        6
 70
     0
 43
0.0
 10
-86643.05976784572
 20
-4259.855909916669
 10
-86304.87448175594
 20
-4402.419933084881
 10
-86264.87962561121
 20
-4401.778464489876
 10
-86250.51251521821
 20
-4415.691988089425
 10
-86250.1917809207
 20
-4435.689416161821
 10
-86275.36784820099
 20
-4495.411184154806
1001
REVIT
1002
{
1070
     1
1000
22859450
1002
}
1002
{
1070
     2
1000
-2000051
1002
}
1002
{
1070
     3
1000
-2000042
1002
}
  0
LWPOLYLINE
  5
3B7
330
70
100
AcDbEntity
  8
0
100
AcDbPolyline
 90
        6
 70
     0
 43
0.0
 10
-87039.58512331277
 20
-4083.698282755488
 10
-86701.39983722302
 20
-4226.262305923698
 10
-86661.40498107827
 20
-4225.62083732869
 10
-86647.03787068528
 20
-4239.53436092824
 10
-86646.71713638776
 20
-4259.531789000636
 10
-86671.89320366807
 20
-4319.253556993621
1001
REVIT
1002
{
1070
     1
1000
22859444
1002
}
1002
{
1070
     2
1000
-2000051
1002
}
1002
{
1070
     3
1000
-2000042
1002
}
  0
LWPOLYLINE
  5
3B8
330
70
100
AcDbEntity
  8
0
100
AcDbPolyline
 90
        6
 70
     0
 43
0.0
 10
-87436.11047877982
 20
-3907.540655594308
 10
-87097.92519269008
 20
-4050.104678762517
 10
-87057.93033654533
 20
-4049.463210167511
 10
-87043.56322615232
 20
-4063.37673376706
 10
-87043.24249185482
 20
-4083.374161839456
 10
-87068.41855913511
 20
-4143.095929832441
1001
REVIT
1002
{
1070
     1
1000
22859438
1002
}
1002
{
1070
     2
1000
-2000051
1002
}
1002
{
1070
     3
1000
-2000042
1002
}
  0
LWPOLYLINE
  5
3B9
330
70
100
AcDbEntity
  8
0
100
AcDbPolyline
 90
        6
 70
     0
 43
0.0
 10
-87832.63583424689
 20
-3731.383028433128
 10
-87494.45054815714
 20
-3873.947051601337
 10
-87454.45569201239
 20
-3873.305583006331
 10
-87440.08858161938
 20
-3887.219106605881
 10
-87439.76784732188
 20
-3907.216534678276
 10
-87464.94391460217
 20
-3966.938302671262
1001
REVIT
1002
{
1070
     1
1000
22859432
1002
}
1002
{
1070
     2
1000
-2000051
1002
}
1002
{
1070
     3
1000
-2000042
1002
}
  0
LWPOLYLINE
  5
3BA
330
70
100
AcDbEntity
  8
0
100
AcDbPolyline
 90
        6
 70
     0
 43
0.0
 10
-96309.45349923782
 20
-6837.726042666178
 10
-96457.95085484254
 20
-6897.295627005965
 10
-96497.92842440636
 20
-6895.956249624899
 10
-96512.53617108769
 20
-6909.616913477506
 10
-96513.20585977822
 20
-6929.605698259429
 10
-96489.07591550308
 20
-6989.757753296551
1001
REVIT
1002
{
1070
     1
1000
22859427
1002
}
1002
{
1070
     2
1000
-2000051
1002
}
1002
{
1070
     3
1000
-2000042
1002
}
  0
LWPOLYLINE
  5
3BB
330
70
100
AcDbEntity
  8
0
100
AcDbPolyline
 90
        6
 70
     0
 43
0.0
 10
-95929.33015617349
 20
-6685.239896014022
 10
-96263.44920628405
 20
-6819.271460778541
 10
-96303.42677584787
 20
-6817.932083397474
 10
-96318.03452252921
 20
-6831.592747250081
 10
-96318.70421121972
 20
-6851.581532032006
 10
-96295.36221077451
 20
-6909.769370323236
1001
REVIT
1002
{
1070
     1
1000
22859421
1002
}
1002
{
1070
     2
1000
-2000051
1002
}
1002
{
1070
     3
1000
-2000042
1002
}
  0
LWPOLYLINE
  5
3BC
330
70
100
AcDbEntity
  8
0
100
AcDbPolyline
 90
        6
 70
     0
 43
0.0
 10
-95536.45070458809
 20
-6519.636647583893
 10
-95870.56975469863
 20
-6653.668212348413
 10
-95910.54732426245
 20
-6652.328834967346
 10
-95925.15507094379
 20
-6665.989498819953
 10
-95925.82475963432
 20
-6685.978283601876
 10
-95902.31081813927
 20
-6744.59474316855
1001
REVIT
1002
{
1070
     1
1000
22859415
1002
}
1002
{
1070
     2
1000
-2000051
1002
}
1002
{
1070
     3
1000
-2000042
1002
}
  0
LWPOLYLINE
  5
3BD
330
70
100
AcDbEntity
  8
0
100
AcDbPolyline
 90
        6
 70
     0
 43
0.0
 10
-95143.5712530028
 20
-6354.033399153756
 10
-95477.69030311334
 20
-6488.064963918276
 10
-95517.66787267716
 20
-6486.725586537208
 10
-95532.2756193585
 20
-6500.386250389816
 10
-95532.94530804903
 20
-6520.37503517174
 10
-95509.25942550415
 20
-6579.420116013898
1001
REVIT
1002
{
1070
     1
1000
22859409
1002
}
1002
{
1070
     2
1000
-2000051
1002
}
1002
{
1070
     3
1000
-2000042
1002
}
  0
LWPOLYLINE
  5
3BE
330
70
100
AcDbEntity
  8
0
100
AcDbPolyline
 90
        6
 70
     0
 43
0.0
 10
-94750.69180141741
 20
-6188.430150723621
 10
-95084.81085152794
 20
-6322.461715488142
 10
-95124.78842109176
 20
-6321.122338107076
 10
-95139.39616777308
 20
-6334.783001959683
 10
-95140.06585646363
 20
-6354.771786741606
 10
-95116.20803286893
 20
-6414.24548885921
1001
REVIT
1002
{
1070
     1
1000
22859403
1002
}
1002
{
1070
     2
1000
-2000051
1002
}
1002
{
1070
     3
1000
-2000042
1002
}
  0
LWPOLYLINE
  5
3BF
330
70
100
AcDbEntity
  8
0
100
AcDbPolyline
 90
        6
 70
     0
 43
0.0
 10
-94357.81234983197
 20
-6022.826902293481
 10
-94691.93139994253
 20
-6156.858467058007
 10
-94731.90896950635
 20
-6155.519089676941
 10
-94746.51671618767
 20
-6169.179753529549
 10
-94747.1864048782
 20
-6189.168538311474
 10
-94723.15664023371
 20
-6249.070861704513
1001
REVIT
1002
{
1070
     1
1000
22859397
1002
}
1002
{
1070
     2
1000
-2000051
1002
}
1002
{
1070
     3
1000
-2000042
1002
}
  0
LWPOLYLINE
  5
3C0
330
70
100
AcDbEntity
  8
0
100
AcDbPolyline
 90
        6
 70
     0
 43
0.0
 10
-93964.93289824656
 20
-5857.22365386335
 10
-94299.05194835713
 20
-5991.25521862787
 10
-94339.02951792093
 20
-5989.915841246803
 10
-94353.63726460227
 20
-6003.57650509941
 10
-94354.3069532928
 20
-6023.565289881334
 10
-94330.17700901768
 20
-6083.717344918454
1001
REVIT
1002
{
1070
     1
1000
22859391
1002
}
1002
{
1070
     2
1000
-2000051
1002
}
1002
{
1070
     3
1000
-2000042
1002
}
  0
LWPOLYLINE
  5
3C1
330
70
100
AcDbEntity
  8
0
100
AcDbPolyline
 90
        6
 70
     0
 43
0.0
 10
-93572.05344666132
 20
-5691.620405433212
 10
-93906.17249677186
 20
-5825.651970197731
 10
-93946.15006633568
 20
-5824.312592816665
 10
-93960.757813017
 20
-5837.973256669273
 10
-93961.42750170755
 20
-5857.962041451196
 10
-93937.2975574324
 20
-5918.114096488316
1001
REVIT
1002
{
1070
     1
1000
22859385
1002
}
1002
{
1070
     2
1000
-2000051
1002
}
1002
{
1070
     3
1000
-2000042
1002
}
  0
LWPOLYLINE
  5
3C2
330
70
100
AcDbEntity
  8
0
100
AcDbPolyline
 90
        6
 70
     0
 43
0.0
 10
-93179.17399507589
 20
-5526.017157003085
 10
-93513.29304518644
 20
-5660.048721767605
 10
-93553.27061475026
 20
-5658.709344386537
 10
-93567.87836143158
 20
-5672.370008239145
 10
-93568.54805012211
 20
-5692.358793021068
 10
-93544.41810584699
 20
-5752.510848058189
1001
REVIT
1002
{
1070
     1
1000
22859379
1002
}
1002
{
1070
     2
1000
-2000051
1002
}
1002
{
1070
     3
1000
-2000042
1002
}
  0
LWPOLYLINE
  5
3C3
330
70
100
AcDbEntity
  8
0
100
AcDbPolyline
 90
        6
 70
     0
 43
0.0
 10
-92786.29454349044
 20
-5360.413908572953
 10
-93120.41359360099
 20
-5494.445473337473
 10
-93160.39116316481
 20
-5493.106095956406
 10
-93174.99890984613
 20
-5506.766759809014
 10
-93175.66859853666
 20
-5526.755544590937
 10
-93151.53865426154
 20
-5586.907599628058
1001
REVIT
1002
{
1070
     1
1000
22859373
1002
}
1002
{
1070
     2
1000
-2000051
1002
}
1002
{
1070
     3
1000
-2000042
1002
}
  0
LWPOLYLINE
  5
3C4
330
70
100
AcDbEntity
  8
0
100
AcDbPolyline
 90
        6
 70
     0
 43
0.0
 10
-92393.41509190523
 20
-5194.810660142815
 10
-92727.53414201577
 20
-5328.842224907335
 10
-92767.51171157959
 20
-5327.502847526268
 10
-92782.11945826093
 20
-5341.163511378876
 10
-92782.78914695146
 20
-5361.152296160799
 10
-92758.65920267632
 20
-5421.304351197919
1001
REVIT
1002
{
1070
     1
1000
22859367
1002
}
1002
{
1070
     2
1000
-2000051
1002
}
1002
{
1070
     3
1000
-2000042
1002
}
  0
LWPOLYLINE
  5
3C5
330
70
100
AcDbEntity
  8
0
100
AcDbPolyline
 90
        6
 70
     0
 43
0.0
 10
-92000.53564031982
 20
-5029.207411712686
 10
-92334.65469043037
 20
-5163.238976477205
 10
-92374.6322599942
 20
-5161.899599096139
 10
-92389.24000667552
 20
-5175.560262948747
 10
-92389.90969536605
 20
-5195.549047730669
 10
-92365.77975109092
 20
-5255.70110276779
1001
REVIT
1002
{
1070
     1
1000
22859361
1002
}
1002
{
1070
     2
1000
-2000051
1002
}
1002
{
1070
     3
1000
-2000042
1002
}
  0
LWPOLYLINE
  5
3C6
330
70
100
AcDbEntity
  8
0
100
AcDbPolyline
 90
        6
 70
     0
 43
0.0
 10
-91607.65618873437
 20
-4863.604163282552
 10
-91941.77523884491
 20
-4997.635728047072
 10
-91981.75280840874
 20
-4996.296350666005
 10
-91996.36055509007
 20
-5009.957014518612
 10
-91997.03024378059
 20
-5029.945799300536
 10
-91972.90029950545
 20
-5090.097854337656
1001
REVIT
1002
{
1070
     1
1000
22859355
1002
}
1002
{
1070
     2
1000
-2000051
1002
}
1002
{
1070
     3
1000
-2000042
1002
}
  0
LWPOLYLINE
  5
3C7
330
70
100
AcDbEntity
  8
0
100
AcDbPolyline
 90
        6
 70
     0
 43
0.0
 10
-91214.77673714919
 20
-4698.00091485242
 10
-91548.89578725972
 20
-4832.03247961694
 10
-91588.87335682354
 20
-4830.693102235873
 10
-91603.48110350488
 20
-4844.353766088481
 10
-91604.15079219541
 20
-4864.342550870404
 10
-91580.02084792027
 20
-4924.494605907525
1001
REVIT
1002
{
1070
     1
1000
22859349
1002
}
1002
{
1070
     2
1000
-2000051
1002
}
1002
{
1070
     3
1000
-2000042
1002
}
  0
LWPOLYLINE
  5
3C8
330
70
100
AcDbEntity
  8
0
100
AcDbPolyline
 90
        6
 70
     0
 43
0.0
 10
-90821.89728556366
 20
-4532.397666422286
 10
-91156.01633567422
 20
-4666.429231186806
 10
-91195.99390523804
 20
-4665.089853805739
 10
-91210.60165191936
 20
-4678.750517658347
 10
-91211.27134060991
 20
-4698.739302440269
 10
-91187.14139633476
 20
-4758.891357477391
1001
REVIT
1002
{
1070
     1
1000
22859343
1002
}
1002
{
1070
     2
1000
-2000051
1002
}
1002
{
1070
     3
1000
-2000042
1002
}
  0
LWPOLYLINE
  5
3C9
330
70
100
AcDbEntity
  8
0
100
AcDbPolyline
 90
        6
 70
     0
 43
0.0
 10
-90429.01783397828
 20
-4366.794417992156
 10
-90763.13688408884
 20
-4500.825982756675
 10
-90803.11445365266
 20
-4499.486605375608
 10
-90817.72220033398
 20
-4513.147269228216
 10
-90818.39188902451
 20
-4533.136054010139
 10
-90794.26194474939
 20
-4593.28810904726
1001
REVIT
1002
{
1070
     1
1000
22859337
1002
}
1002
{
1070
     2
1000
-2000051
1002
}
1002
{
1070
     3
1000
-2000042
1002
}
  0
LWPOLYLINE
  5
3CA
330
70
100
AcDbEntity
  8
0
100
AcDbPolyline
 90
        6
 70
     0
 43
0.0
 10
-90036.13838239308
 20
-4201.19116956202
 10
-90370.25743250364
 20
-4335.222734326544
 10
-90410.23500206744
 20
-4333.883356945478
 10
-90424.84274874878
 20
-4347.544020798086
 10
-90425.51243743931
 20
-4367.532805580009
 10
-90401.38249316417
 20
-4427.684860617129
1001
REVIT
1002
{
1070
     1
1000
22859331
1002
}
1002
{
1070
     2
1000
-2000051
1002
}
1002
{
1070
     3
1000
-2000042
1002
}
  0
LWPOLYLINE
  5
3CB
330
70
100
AcDbEntity
  8
0
100
AcDbPolyline
 90
        6
 70
     0
 43
0.0
 10
-89643.25893080763
 20
-4035.587921131884
 10
-89977.37798091817
 20
-4169.619485896403
 10
-90017.35555048199
 20
-4168.280108515337
 10
-90031.96329716333
 20
-4181.940772367945
 10
-90032.63298585386
 20
-4201.929557149868
 10
-90008.50304157872
 20
-4262.081612186988
1001
REVIT
1002
{
1070
     1
1000
22859325
1002
}
1002
{
1070
     2
1000
-2000051
1002
}
1002
{
1070
     3
1000
-2000042
1002
}
  0
LWPOLYLINE
  5
3CC
330
70
100
AcDbEntity
  8
0
100
AcDbPolyline
 90
        6
 70
     0
 43
0.0
 10
-89250.37947922225
 20
-3869.984672701752
 10
-89584.49852933279
 20
-4004.016237466271
 10
-89624.47609889661
 20
-4002.676860085204
 10
-89639.08384557795
 20
-4016.337523937813
 10
-89639.75353426848
 20
-4036.326308719736
 10
-89615.62358999334
 20
-4096.478363756857
1001
REVIT
1002
{
1070
     1
1000
22859319
1002
}
1002
{
1070
     2
1000
-2000051
1002
}
1002
{
1070
     3
1000
-2000042
1002
}
  0
LWPOLYLINE
  5
3CD
330
70
100
AcDbEntity
  8
0
100
AcDbPolyline
 90
        6
 70
     0
 43
0.0
 10
-88857.5000276368
 20
-3704.381424271615
 10
-89191.61907774734
 20
-3838.412989036134
 10
-89231.59664731116
 20
-3837.073611655068
 10
-89246.2043939925
 20
-3850.734275507676
 10
-89246.87408268301
 20
-3870.723060289599
 10
-89222.74413840789
 20
-3930.875115326719
1001
REVIT
1002
{
1070
     1
1000
22859313
1002
}
1002
{
1070
     2
1000
-2000051
1002
}
1002
{
1070
     3
1000
-2000042
1002
}
  0
LWPOLYLINE
  5
3CE
330
70
100
AcDbEntity
  8
0
100
AcDbPolyline
 90
        7
 70
     0
 43
0.0
 10
-87861.46927006923
 20
-3790.780675510087
 10
-87836.29320278894
 20
-3731.058907517109
 10
-87836.61393708644
 20
-3711.061479444705
 10
-87850.98104747943
 20
-3697.147955845159
 10
-87890.97590362418
 20
-3697.789424440161
 10
-88229.16118971395
 20
-3555.225401271952
 42
0.9612927329121417
 10
-88468.23298575772
 20
-3537.73381696131
1001
REVIT
1002
{
1070
     1
1000
22859219
1002
}
1002
{
1070
     2
1000
-2000051
1002
}
1002
{
1070
     3
1000
-2000042
1002
}
  0
LWPOLYLINE
  5
3CF
330
70
100
AcDbEntity
  8
0
100
AcDbPolyline
 90
        6
 70
     0
 43
0.0
 10
-88464.62057605156
 20
-3538.778175841487
 10
-88798.7396261621
 20
-3672.809740606006
 10
-88838.71719572592
 20
-3671.47036322494
 10
-88853.32494240726
 20
-3685.131027077548
 10
-88853.99463109779
 20
-3705.119811859471
 10
-88829.86468682265
 20
-3765.271866896591
1001
REVIT
1002
{
1070
     1
1000
22859217
1002
}
1002
{
1070
     2
1000
-2000051
1002
}
1002
{
1070
     3
1000
-2000042
1002
}
  0
LWPOLYLINE
  5
3D0
330
70
100
AcDbEntity
  8
0
100
AcDbPolyline
 90
       31
 70
     0
 43
0.0
 10
-96428.82788739283
 20
-7179.0563702214
 42
-0.4982927294858924
 10
-96569.05011524804
 20
-7073.28956567732
 10
-96569.05011524804
 20
-6253.289565677326
 10
-96878.36738526362
 20
-6253.289565677325
 10
-96878.36738526362
 20
-6338.227131015134
 10
-96818.3673852636
 20
-6338.227131015134
 10
-96818.3673852636
 20
-6378.227131015133
 10
-96798.36738526361
 20
-6378.227131015133
 10
-96798.36738526361
 20
-6398.227131015133
 10
-96758.3673852636
 20
-6398.227131015133
 10
-96758.3673852636
 20
-6978.227131015135
 10
-96878.36738526362
 20
-6978.227131015135
 10
-96878.36738526362
 20
-7058.227131015134
 10
-96858.36738526361
 20
-7058.227131015134
 10
-96858.36738526361
 20
-7078.227131015134
 10
-96858.36738526361
 20
-7118.227131015133
 10
-96798.36738526361
 20
-7118.227131015133
 10
-96798.36738526361
 20
-7178.227131015134
 10
-96758.3673852636
 20
-7178.227131015134
 10
-96758.3673852636
 20
-7438.227131015135
 10
-96858.36738526361
 20
-7438.227131015135
 10
-96858.36738526361
 20
-7478.227131015136
 10
-96818.3673852636
 20
-7478.227131015136
 10
-96818.3673852636
 20
-7518.227131015135
 10
-96798.36738526361
 20
-7518.227131015135
 10
-96798.36738526361
 20
-7558.227131015136
 10
-96758.3673852636
 20
-7558.227131015136
 10
-96758.3673852636
 20
-7998.227131015136
 10
-96798.36738526361
 20
-7998.227131015136
 10
-96798.36738526361
 20
-8118.227131015135
 10
-96498.36738526362
 20
-8118.227131015135
1001
REVIT
1002
{
1070
     1
1000
22858721
1002
}
1002
{
1070
     5
1000
383807
1002
}
1002
{
1070
     2
1000
-2000051
1002
}
1002
{
1070
     3
1000
-2000042
1002
}
  0
LWPOLYLINE
  5
3D2
330
70
100
AcDbEntity
  8
0
100
AcDbPolyline
 90
        6
 70
     0
 43
0.0
 10
-80688.08661117786
 20
-7264.872936877056
 10
-80688.08661117786
 20
-8352.491858755566
 10
-80588.08661117787
 20
-8352.491858755566
 10
-80488.08661117787
 20
-8352.491858755566
 10
-80408.08661117786
 20
-8352.491858755566
 10
-80408.08661117786
 20
-7216.053665919419
1001
REVIT
1002
{
1070
     1
1000
22858721
1002
}
1002
{
1070
     5
1000
383807
1002
}
1002
{
1070
     2
1000
-2000051
1002
}
1002
{
1070
     3
1000
-2000042
1002
}
  0
LWPOLYLINE
  5
3D3
330
70
100
AcDbEntity
  8
0
100
AcDbPolyline
 90
        5
 70
     0
 43
0.0
 10
-80408.08661117786
 20
-8194.461604788509
 10
-73221.85257807161
 20
-8194.461604788564
 10
-73221.8525780716
 20
-7473.339179222742
 10
-73221.8525780716
 20
-7446.309963318528
 10
-80408.08661117786
 20
-7446.309963318471
1001
REVIT
1002
{
1070
     1
1000
22841000
1002
}
1002
{
1070
     5
1000
4951952
1002
}
1002
{
1070
     2
1000
-2000035
1002
}
  0
LWPOLYLINE
  5
3D4
330
70
100
AcDbEntity
  8
0
100
AcDbPolyline
 90
        4
 70
     1
 43
0.0
 10
-86275.17121757307
 20
-7967.62148529962
 10
-86275.17121757307
 20
-10247.41267165738
 10
-86495.17121757309
 20
-10247.41267165738
 10
-86495.17121757309
 20
-7967.62148529962
1001
REVIT
1002
{
1070
     1
1000
22859809
1002
}
1002
{
1070
     2
1000
-2000051
1002
}
1002
{
1070
     3
1000
-2000042
1002
}
  0
LWPOLYLINE
  5
3D5
330
70
100
AcDbEntity
  8
0
100
AcDbPolyline
 90
        4
 70
     1
 43
0.0
 10
-80408.08661117786
 20
-9642.412671657375
 10
-80408.08661117786
 20
-8352.491858755566
 10
-80688.08661117786
 20
-8352.491858755566
 10
-80688.08661117786
 20
-9642.412671657375
1001
REVIT
1002
{
1070
     1
1000
22859801
1002
}
1002
{
1070
     2
1000
-2000051
1002
}
1002
{
1070
     3
1000
-2000042
1002
}
  0
LWPOLYLINE
  5
3D6
330
70
100
AcDbEntity
  8
0
100
AcDbPolyline
 90
        4
 70
     1
 43
0.0
 10
-86321.91467247148
 20
-4701.962789206426
 10
-86321.91467247148
 20
-6647.621485299599
 10
-86447.7346938877
 20
-6647.621485299599
 10
-86447.7346938877
 20
-4701.962789206426
1001
REVIT
1002
{
1070
     1
1000
22859765
1002
}
1002
{
1070
     2
1000
-2000051
1002
}
1002
{
1070
     3
1000
-2000042
1002
}
  0
LWPOLYLINE
  5
3D7
330
70
100
AcDbEntity
  8
0
100
AcDbPolyline
 90
        4
 70
     1
 43
0.0
 10
-81512.7029061918
 20
-6747.621485299598
 10
-81685.90798694868
 20
-6647.621485299598
 10
-92612.70290619179
 20
-6647.621485299599
 10
-92612.70290619179
 20
-6747.6214852996
1001
REVIT
1002
{
1070
     1
1000
22859308
1002
}
1002
{
1070
     2
1000
-2000051
1002
}
1002
{
1070
     3
1000
-2000042
1002
}
  0
LWPOLYLINE
  5
3D8
330
70
100
AcDbEntity
  8
0
100
AcDbPolyline
 90
        4
 70
     1
 43
0.0
 10
-92425.17121757307
 20
-7967.621485299599
 10
-92425.17121757307
 20
-10247.41267165732
 10
-92645.17121757307
 20
-10247.41267165732
 10
-92645.17121757307
 20
-7967.621485299599
1001
REVIT
1002
{
1070
     1
1000
22859300
1002
}
1002
{
1070
     2
1000
-2000051
1002
}
1002
{
1070
     3
1000
-2000042
1002
}
  0
LWPOLYLINE
  5
3D9
330
70
100
AcDbEntity
  8
0
100
AcDbPolyline
 90
        4
 70
     0
 43
0.0
 10
-80488.08661117787
 20
-8352.491858755566
 10
-80488.08661117787
 20
-8247.412671657372
 10
-80588.08661117787
 20
-8247.412671657372
 10
-80588.08661117787
 20
-8352.491858755566
1001
REVIT
1002
{
1070
     1
1000
22859057
1002
}
1002
{
1070
     5
1000
383807
1002
}
1002
{
1070
     2
1000
-2000051
1002
}
1002
{
1070
     3
1000
-2000042
1002
}
  0
VIEWPORT
  5
34A
330
6C
100
AcDbEntity
 67
     1
  8
A-POR-___-___-EXI
100
AcDbViewport
 10
170.8489007783784
 20
209.2917941585395
 30
0.0
 40
262.082322055581
 41
72.34549493020022
 68
     2
 69
     2
 12
-85563.43448673088
 22
-7048.525602519366
 13
0.0
 23
0.0
 14
0.0
 24
0.0
 15
0.0
 25
0.0
 16
0.0
 26
0.0
 36
1.0
 17
0.0
 27
0.0
 37
0.0
 42
0.0
 43
0.0
 44
0.0
 45
7234.549493020022
 50
0.0
 51
0.0
 72
  1000
 90
    32768
  1

281
     0
 71
     1
 74
     1
110
0.0
120
0.0
130
0.0
111
1.0
121
0.0
131
0.0
112
0.0
122
1.0
132
0.0
 79
     0
146
0.0
170
     0
 61
     5
348
2F
292
     1
282
     1
141
0.0
142
0.0
 63
   250
421
  3355443
  0
VIEWPORT
  5
34C
330
6C
100
AcDbEntity
 67
     1
  8
0
100
AcDbViewport
 10
169.2970334376927
 20
213.0652674021438
 30
0.0
 40
535.886283299598
 41
211.7116323843638
 68
     1
 69
     1
 12
169.2970334376927
 22
213.0652674021438
 13
0.0
 23
0.0
 14
0.0
 24
0.0
 15
0.0
 25
0.0
 16
0.0
 26
0.0
 36
1.0
 17
0.0
 27
0.0
 37
0.0
 42
50.0
 43
0.0
 44
0.0
 45
211.7116323843638
 50
0.0
 51
0.0
 72
   100
 90
    32800
  1

281
     0
 71
     1
 74
     1
110
0.0
120
0.0
130
0.0
111
1.0
121
0.0
131
0.0
112
0.0
122
1.0
132
0.0
 79
     0
146
0.0
170
     0
 61
     5
348
2F
292
     1
282
     1
141
0.0
142
0.0
 63
   250
421
  3355443
  0
INSERT
  5
358
330
6C
100
AcDbEntity
 67
     1
  8
A-PIL-___-___-EXI
100
AcDbBlockReference
  2
A4 HORIZONTAL - A4-22863039-Não nomeada
 10
0.0
 20
0.0
 30
0.0
1001
REVIT
1002
{
1070
     1
1000
22861650
1002
}
1002
{
1070
     5
1000
22863039
1002
}
1002
{
1070
     2
1000
-2000280
1002
}
  0
ENDSEC
  0
SECTION
  2
OBJECTS
  0
DICTIONARY
  5
C
330
0
100
AcDbDictionary
281
     1
  3
ACAD_CIP_PREVIOUS_PRODUCT_INFO
350
79
  3
ACAD_COLOR
350
63
  3
ACAD_DETAILVIEWSTYLE
350
6A
  3
ACAD_GROUP
350
D
  3
ACAD_IMAGE_VARS
350
7A
  3
ACAD_LAYOUT
350
62
  3
ACAD_MATERIAL
350
10
  3
ACAD_MLEADERSTYLE
350
66
  3
ACAD_MLINESTYLE
350
5F
  3
ACAD_PLOTSETTINGS
350
61
  3
ACAD_PLOTSTYLENAME
350
E
  3
ACAD_RENDER_ACTIVE_RAPIDRT_SETTINGS
350
378
  3
ACAD_RENDER_RAPIDRT_SETTINGS
350
371
  3
ACAD_SCALELIST
350
42
  3
ACAD_SECTIONVIEWSTYLE
350
68
  3
ACAD_TABLESTYLE
350
64
  3
ACAD_VISUALSTYLE
350
29
  3
ACDB_RECOMPOSE_DATA
350
408
  3
AcDbVariableDictionary
350
361
  3
REVIT_DICTIONARY
350
359
  0
SUN
  5
360
330
57
100
AcDbSun
 90
        1
290
     1
 63
     7
421
 16777215
 40
0.3
291
     1
 91
  2460364
 92
 47573000
292
     0
 70
     1
 71
   128
280
     1
  0
DICTIONARY
  5
37D
330
2
100
AcDbDictionary
280
     1
281
     1
  3
ACAD_LAYERSTATES
360
37E
  0
DICTIONARY
  5
35E
330
70
100
AcDbDictionary
280
     1
281
     1
  3
ACAD_SORTENTS
360
35F
  0
XRECORD
  5
79
102
{ACAD_REACTORS
330
C
102
}
330
C
100
AcDbXrecord
280
     1
300
ACD
300
2022
300

  0
DICTIONARY
  5
63
102
{ACAD_REACTORS
330
C
102
}
330
C
100
AcDbDictionary
281
     1
  0
DICTIONARY
  5
6A
102
{ACAD_REACTORS
330
C
102
}
330
C
100
AcDbDictionary
281
     1
  3
Imperial24
350
6B
  3
Metric50
350
369
  0
DICTIONARY
  5
D
102
{ACAD_REACTORS
330
C
102
}
330
C
100
AcDbDictionary
281
     1
  0
RASTERVARIABLES
  5
7A
102
{ACAD_REACTORS
330
C
102
}
330
C
100
AcDbRasterVariables
 90
        0
 70
     0
 71
     1
 72
     1
  0
DICTIONARY
  5
62
102
{ACAD_REACTORS
330
C
102
}
330
C
100
AcDbDictionary
281
     1
  3
Layout1
350
6F
  3
Model
350
73
  0
DICTIONARY
  5
10
102
{ACAD_REACTORS
330
C
102
}
330
C
100
AcDbDictionary
281
     1
  3
ByBlock
350
19
  3
ByLayer
350
11
  3
Global
350
21
  0
DICTIONARY
  5
66
102
{ACAD_REACTORS
330
C
102
}
330
C
100
AcDbDictionary
281
     1
  3
Standard
350
67
  0
DICTIONARY
  5
5F
102
{ACAD_REACTORS
330
C
102
}
330
C
100
AcDbDictionary
281
     1
  3
Standard
350
60
  0
DICTIONARY
  5
61
102
{ACAD_REACTORS
330
C
102
}
330
C
100
AcDbDictionary
281
     1
  0
ACDBDICTIONARYWDFLT
  5
E
102
{ACAD_REACTORS
330
C
102
}
330
C
100
AcDbDictionary
281
     1
  3
Normal
350
F
100
AcDbDictionaryWithDefault
340
F
  0
RAPIDRTRENDERSETTINGS
  5
378
102
{ACAD_REACTORS
330
C
102
}
330
C
100
AcDbRenderSettings
 90
        2
  1
Médio
290
     1
290
     0
290
     1
290
     1
  1

  1
Aplica 5 níveis de renderização
 90
        0
100
AcDbRapidRTRenderSettings
 90
        3
 70
     0
 90
        5
 90
        1
 70
     1
 70
     2
 40
3.0
 40
3.0
290
     1
  0
DICTIONARY
  5
371
102
{ACAD_REACTORS
330
C
102
}
330
C
100
AcDbDictionary
281
     1
  3
Alto
350
374
  3
Baixo
350
372
  3
Médio
350
373
  3
Qualidade de curta duração
350
375
  3
Qualidade de longa duração
350
377
  3
Qualidade de média duração
350
376
  0
DICTIONARY
  5
42
102
{ACAD_REACTORS
330
C
102
}
330
C
100
AcDbDictionary
281
     1
  3
A0
350
43
  3
A1
350
44
  3
A2
350
45
  3
A3
350
46
  3
A4
350
47
  3
A5
350
48
  3
A6
350
49
  3
A7
350
4A
  3
A8
350
4B
  3
A9
350
4C
  3
B0
350
4D
  3
B1
350
4E
  3
B2
350
4F
  3
B3
350
50
  3
B4
350
51
  3
B5
350
52
  3
B6
350
53
  0
DICTIONARY
  5
68
102
{ACAD_REACTORS
330
C
102
}
330
C
100
AcDbDictionary
281
     1
  3
Imperial24
350
69
  3
Metric50
350
368
  0
DICTIONARY
  5
64
102
{ACAD_REACTORS
330
C
102
}
330
C
100
AcDbDictionary
281
     1
  3
Standard
350
65
  0
DICTIONARY
  5
29
102
{ACAD_REACTORS
330
C
102
}
330
C
100
AcDbDictionary
281
     1
  3
2dWireframe
350
2F
  3
Basic
350
2E
  3
Brighten
350
35
  3
ColorChange
350
39
  3
Conceptual
350
32
  3
Dim
350
34
  3
EdgeColorOff
350
41
  3
Facepattern
350
38
  3
Flat
350
2A
  3
FlatWithEdges
350
2B
  3
Gouraud
350
2C
  3
GouraudWithEdges
350
2D
  3
Hidden
350
31
  3
JitterOff
350
3F
  3
Linepattern
350
37
  3
OverhangOff
350
40
  3
Realistic
350
33
  3
Shaded
350
3E
  3
Shaded with edges
350
3D
  3
Shades of Gray
350
3A
  3
Sketchy
350
3B
  3
Thicken
350
36
  3
Wireframe
350
30
  3
X-Ray
350
3C
  0
XRECORD
  5
408
102
{ACAD_REACTORS
330
C
102
}
330
C
100
AcDbXrecord
280
     1
 90
        1
330
65
  0
DICTIONARY
  5
361
102
{ACAD_REACTORS
330
C
102
}
330
C
100
AcDbDictionary
281
     1
  3
CANNOSCALE
350
366
  3
CMLEADERSTYLE
350
363
  3
CTABLESTYLE
350
362
  3
CVIEWDETAILSTYLE
350
364
  3
CVIEWSECTIONSTYLE
350
365
  0
DICTIONARY
  5
359
102
{ACAD_REACTORS
330
C
102
}
330
C
100
AcDbDictionary
281
     1
  3
DRAWING_TOOL
350
35D
  3
REVIT_CATEGORY_MAPPING
350
35B
  3
REVIT_SUB_CATEGORY_MAPPING
350
35C
  3
REVIT_TYPE_MAPPING
350
35A
  0
DICTIONARY
  5
37E
102
{ACAD_REACTORS
330
37D
102
}
330
37D
100
AcDbDictionary
281
     1
  0
SORTENTSTABLE
  5
35F
102
{ACAD_REACTORS
330
35E
102
}
330
35E
100
AcDbSortentsTable
330
70
  0
ACDBDETAILVIEWSTYLE
  5
6B
102
{ACAD_REACTORS
330
6A
102
}
330
6A
100
AcDbModelDocViewStyle
 70
     0
  3
Imperial24
290
     1
300
Imperial24
 90
        0
100
AcDbDetailViewStyle
 70
     0
 71
     0
 90
        3
 71
     1
340
55
 62
   256
 40
0.24
340
0
 62
   256
 40
0.24
300

 40
0.36
280
     3
 71
     2
340
5D
 90
       25
 62
   256
 71
     3
340
55
 62
   256
 40
0.24
 90
        1
 40
0.75
 90
        1
300
%<\AcVar ViewType \f "%tc1">% %<\AcVar ViewDetailId>%\PSCALE %<\AcVar ViewScale \f "%sn">%
 71
     4
340
5D
 90
       25
 62
   256
340
5D
 90
       25
 62
   256
280
     0
  0
ACDBDETAILVIEWSTYLE
  5
369
102
{ACAD_REACTORS
330
6A
102
}
330
6A
100
AcDbModelDocViewStyle
 70
     0
  3
Metric50
290
     1
300
Metric50
 90
        0
100
AcDbDetailViewStyle
 70
     0
 71
     0
 90
        3
 71
     1
340
55
 62
   256
 40
5.0
340
0
 62
   256
 40
5.0
300

 40
0.0
280
     1
 71
     2
340
5D
 90
       25
 62
   256
 71
     3
340
55
 62
   256
 40
5.0
 90
        0
 40
15.0
 90
        1
300
%<\AcVar ViewDetailId>% (%<\AcVar ViewScale \f "%sn">%)
 71
     4
340
5D
 90
       25
 62
   256
340
5D
 90
       25
 62
   256
280
     0
  0
LAYOUT
  5
6F
102
{ACAD_REACTORS
330
62
102
}
330
62
100
AcDbPlotSettings
  1

  2
PDF24
  4
A4
  6

 40
0.0
 41
0.0
 42
0.1113433837890625
 43
0.0
 44
210.0
 45
297.0
 46
0.0
 47
0.0
 48
0.0
 49
0.0
140
0.0
141
0.0
142
1.0
143
1.000647896891756
 70
   688
 72
     1
 73
     1
 74
     1
  7

 75
     0
147
0.9993525226068337
 76
     0
 77
     2
 78
   300
148
-20.76884200533789
149
-102.9849099062627
100
AcDbLayout
  1
Layout1
 70
     0
 71
     1
 10
20.76884200533789
 20
102.9849099062627
 11
317.9612673821897
 21
313.1209682535316
 12
0.0
 22
0.0
 32
0.0
 14
20.7928507088368
 24
102.9999999999855
 34
0.0
 15
317.7928507088372
 25
312.9999999999862
 35
0.0
146
0.0
 13
0.0
 23
0.0
 33
0.0
 16
1.0
 26
0.0
 36
0.0
 17
0.0
 27
1.0
 37
0.0
 76
     0
330
6C
331
34C
1001
ACAD_PSEXT
1000
PDF24
1000
PDF24
1000
\\.\pipe\PDFPrint
1000
PDF24 Printer
1070
     0
  0
LAYOUT
  5
73
102
{ACAD_REACTORS
330
62
102
}
330
62
100
AcDbPlotSettings
  1

  2

  4

  6

 40
0.0
 41
0.0
 42
0.0
 43
0.0
 44
0.0
 45
0.0
 46
0.0
 47
0.0
 48
0.0
 49
0.0
140
0.0
141
0.0
142
1.0
143
1.0
 70
  1712
 72
     0
 73
     0
 74
     0
  7

 75
     0
147
1.0
 76
     0
 77
     2
 78
   300
148
0.0
149
0.0
100
AcDbLayout
  1
Model
 70
     1
 71
     0
 10
0.0
 20
0.0
 11
12.0
 21
9.0
 12
0.0
 22
0.0
 32
0.0
 14
0.0
 24
0.0
 34
0.0
 15
0.0
 25
0.0
 35
0.0
146
0.0
 13
0.0
 23
0.0
 33
0.0
 16
1.0
 26
0.0
 36
0.0
 17
0.0
 27
1.0
 37
0.0
 76
     0
330
70
331
57
  0
MATERIAL
  5
19
102
{ACAD_XDICTIONARY
360
1A
102
}
102
{ACAD_REACTORS
330
10
102
}
330
10
100
AcDbMaterial
  1
ByBlock
 72
     0
 43
0.0208333333333333
 43
0.0
 43
0.0
 43
0.0
 43
0.0
 43
0.0208333333333333
 43
0.0
 43
0.0
 43
0.0
 43
0.0
 43
1.0
 43
0.0
 43
0.0
 43
0.0
 43
0.0
 43
1.0
 77
     0
 47
0.0208333333333333
 47
0.0
 47
0.0
 47
0.0
 47
0.0
 47
0.0208333333333333
 47
0.0
 47
0.0
 47
0.0
 47
0.0
 47
1.0
 47
0.0
 47
0.0
 47
0.0
 47
0.0
 47
1.0
171
     0
 49
0.0208333333333333
 49
0.0
 49
0.0
 49
0.0
 49
0.0
 49
0.0208333333333333
 49
0.0
 49
0.0
 49
0.0
 49
0.0
 49
1.0
 49
0.0
 49
0.0
 49
0.0
 49
0.0
 49
1.0
175
     0
142
0.0208333333333333
142
0.0
142
0.0
142
0.0
142
0.0
142
0.0208333333333333
142
0.0
142
0.0
142
0.0
142
0.0
142
1.0
142
0.0
142
0.0
142
0.0
142
0.0
142
1.0
179
     0
144
0.0208333333333333
144
0.0
144
0.0
144
0.0
144
0.0
144
0.0208333333333333
144
0.0
144
0.0
144
0.0
144
0.0
144
1.0
144
0.0
144
0.0
144
0.0
144
0.0
144
1.0
147
0.0208333333333333
147
0.0
147
0.0
147
0.0
147
0.0
147
0.0208333333333333
147
0.0
147
0.0
147
0.0
147
0.0
147
1.0
147
0.0
147
0.0
147
0.0
147
0.0
147
1.0
  0
MATERIAL
  5
11
102
{ACAD_XDICTIONARY
360
12
102
}
102
{ACAD_REACTORS
330
10
102
}
330
10
100
AcDbMaterial
  1
ByLayer
 72
     0
 43
0.0208333333333333
 43
0.0
 43
0.0
 43
0.0
 43
0.0
 43
0.0208333333333333
 43
0.0
 43
0.0
 43
0.0
 43
0.0
 43
1.0
 43
0.0
 43
0.0
 43
0.0
 43
0.0
 43
1.0
 77
     0
 47
0.0208333333333333
 47
0.0
 47
0.0
 47
0.0
 47
0.0
 47
0.0208333333333333
 47
0.0
 47
0.0
 47
0.0
 47
0.0
 47
1.0
 47
0.0
 47
0.0
 47
0.0
 47
0.0
 47
1.0
171
     0
 49
0.0208333333333333
 49
0.0
 49
0.0
 49
0.0
 49
0.0
 49
0.0208333333333333
 49
0.0
 49
0.0
 49
0.0
 49
0.0
 49
1.0
 49
0.0
 49
0.0
 49
0.0
 49
0.0
 49
1.0
175
     0
142
0.0208333333333333
142
0.0
142
0.0
142
0.0
142
0.0
142
0.0208333333333333
142
0.0
142
0.0
142
0.0
142
0.0
142
1.0
142
0.0
142
0.0
142
0.0
142
0.0
142
1.0
179
     0
144
0.0208333333333333
144
0.0
144
0.0
144
0.0
144
0.0
144
0.0208333333333333
144
0.0
144
0.0
144
0.0
144
0.0
144
1.0
144
0.0
144
0.0
144
0.0
144
0.0
144
1.0
147
0.0208333333333333
147
0.0
147
0.0
147
0.0
147
0.0
147
0.0208333333333333
147
0.0
147
0.0
147
0.0
147
0.0
147
1.0
147
0.0
147
0.0
147
0.0
147
0.0
147
1.0
  0
MATERIAL
  5
21
102
{ACAD_XDICTIONARY
360
22
102
}
102
{ACAD_REACTORS
330
10
102
}
330
10
100
AcDbMaterial
  1
Global
 72
     0
 43
0.0208333333333333
 43
0.0
 43
0.0
 43
0.0
 43
0.0
 43
0.0208333333333333
 43
0.0
 43
0.0
 43
0.0
 43
0.0
 43
1.0
 43
0.0
 43
0.0
 43
0.0
 43
0.0
 43
1.0
 77
     0
 47
0.0208333333333333
 47
0.0
 47
0.0
 47
0.0
 47
0.0
 47
0.0208333333333333
 47
0.0
 47
0.0
 47
0.0
 47
0.0
 47
1.0
 47
0.0
 47
0.0
 47
0.0
 47
0.0
 47
1.0
171
     0
 49
0.0208333333333333
 49
0.0
 49
0.0
 49
0.0
 49
0.0
 49
0.0208333333333333
 49
0.0
 49
0.0
 49
0.0
 49
0.0
 49
1.0
 49
0.0
 49
0.0
 49
0.0
 49
0.0
 49
1.0
175
     0
142
0.0208333333333333
142
0.0
142
0.0
142
0.0
142
0.0
142
0.0208333333333333
142
0.0
142
0.0
142
0.0
142
0.0
142
1.0
142
0.0
142
0.0
142
0.0
142
0.0
142
1.0
179
     0
144
0.0208333333333333
144
0.0
144
0.0
144
0.0
144
0.0
144
0.0208333333333333
144
0.0
144
0.0
144
0.0
144
0.0
144
1.0
144
0.0
144
0.0
144
0.0
144
0.0
144
1.0
147
0.0208333333333333
147
0.0
147
0.0
147
0.0
147
0.0
147
0.0208333333333333
147
0.0
147
0.0
147
0.0
147
0.0
147
1.0
147
0.0
147
0.0
147
0.0
147
0.0
147
1.0
  0
MLEADERSTYLE
  5
67
102
{ACAD_REACTORS
330
66
102
}
330
66
100
AcDbMLeaderStyle
179
     2
170
     2
171
     1
172
     0
 90
        2
 40
0.0
 41
0.0
173
     1
 91
-1056964608
340
5B
 92
       -2
290
     1
 42
0.09
291
     1
 43
0.36
  3
Standard
 44
0.18
300

342
55
174
     1
178
     6
175
     1
176
     0
 93
-1056964608
 45
0.18
292
     0
297
     0
 46
0.18
 94
-1056964608
 47
1.0
 49
1.0
140
1.0
293
     1
141
0.0
294
     1
177
     0
142
1.0
295
     1
296
     0
143
0.125
271
     0
272
     9
273
     9
298
     1
  0
MLINESTYLE
  5
60
102
{ACAD_REACTORS
330
5F
102
}
330
5F
100
AcDbMlineStyle
  2
STANDARD
 70
     0
  3

 62
   256
 51
90.0
 52
90.0
 71
     2
 49
0.5
 62
   256
  6
BYLAYER
 49
-0.5
 62
   256
  6
BYLAYER
  0
ACDBPLACEHOLDER
  5
F
102
{ACAD_REACTORS
330
E
102
}
330
E
  0
RAPIDRTRENDERSETTINGS
  5
374
102
{ACAD_REACTORS
330
371
102
}
330
371
100
AcDbRenderSettings
 90
        2
  1
Alto
290
     1
290
     0
290
     1
290
     1
  1

  1
Aplica 10 níveis de renderização
 90
        2
100
AcDbRapidRTRenderSettings
 90
        3
 70
     0
 90
       10
 90
        1
 70
     2
 70
     2
 40
3.0
 40
3.0
290
     1
  0
RAPIDRTRENDERSETTINGS
  5
372
102
{ACAD_REACTORS
330
371
102
}
330
371
100
AcDbRenderSettings
 90
        2
  1
Baixo
290
     1
290
     0
290
     1
290
     1
  1

  1
Aplica 1 nível de renderização
 90
        0
100
AcDbRapidRTRenderSettings
 90
        3
 70
     0
 90
        1
 90
        1
 70
     0
 70
     2
 40
3.0
 40
3.0
290
     1
  0
RAPIDRTRENDERSETTINGS
  5
373
102
{ACAD_REACTORS
330
371
102
}
330
371
100
AcDbRenderSettings
 90
        2
  1
Médio
290
     1
290
     0
290
     1
290
     1
  1

  1
Aplica 5 níveis de renderização
 90
        1
100
AcDbRapidRTRenderSettings
 90
        3
 70
     0
 90
        5
 90
        1
 70
     1
 70
     2
 40
3.0
 40
3.0
290
     1
  0
RAPIDRTRENDERSETTINGS
  5
375
102
{ACAD_REACTORS
330
371
102
}
330
371
100
AcDbRenderSettings
 90
        2
  1
Qualidade de curta duração
290
     1
290
     0
290
     1
290
     1
  1

  1
Renderiza por 10 minutos
 90
        3
100
AcDbRapidRTRenderSettings
 90
        3
 70
     1
 90
        1
 90
       10
 70
     1
 70
     2
 40
3.0
 40
3.0
290
     1
  0
RAPIDRTRENDERSETTINGS
  5
377
102
{ACAD_REACTORS
330
371
102
}
330
371
100
AcDbRenderSettings
 90
        2
  1
Qualidade de longa duração
290
     1
290
     0
290
     1
290
     1
  1

  1
Renderiza por 12 horas
 90
        5
100
AcDbRapidRTRenderSettings
 90
        3
 70
     1
 90
        1
 90
      720
 70
     2
 70
     2
 40
3.0
 40
3.0
290
     1
  0
RAPIDRTRENDERSETTINGS
  5
376
102
{ACAD_REACTORS
330
371
102
}
330
371
100
AcDbRenderSettings
 90
        2
  1
Qualidade de média duração
290
     1
290
     0
290
     1
290
     1
  1

  1
Renderiza por 60 minutos
 90
        4
100
AcDbRapidRTRenderSettings
 90
        3
 70
     1
 90
        1
 90
       60
 70
     2
 70
     2
 40
3.0
 40
3.0
290
     1
  0
SCALE
  5
43
102
{ACAD_REACTORS
330
42
102
}
330
42
100
AcDbScale
 70
     0
300
1:1
140
1.0
141
1.0
290
     1
  0
SCALE
  5
44
102
{ACAD_REACTORS
330
42
102
}
330
42
100
AcDbScale
 70
     0
300
1/128" = 1'-0"
140
0.0078125
141
12.0
290
     0
  0
SCALE
  5
45
102
{ACAD_REACTORS
330
42
102
}
330
42
100
AcDbScale
 70
     0
300
1/64" = 1'-0"
140
0.015625
141
12.0
290
     0
  0
SCALE
  5
46
102
{ACAD_REACTORS
330
42
102
}
330
42
100
AcDbScale
 70
     0
300
1/32" = 1'-0"
140
0.03125
141
12.0
290
     0
  0
SCALE
  5
47
102
{ACAD_REACTORS
330
42
102
}
330
42
100
AcDbScale
 70
     0
300
1/16" = 1'-0"
140
0.0625
141
12.0
290
     0
  0
SCALE
  5
48
102
{ACAD_REACTORS
330
42
102
}
330
42
100
AcDbScale
 70
     0
300
3/32" = 1'-0"
140
0.09375
141
12.0
290
     0
  0
SCALE
  5
49
102
{ACAD_REACTORS
330
42
102
}
330
42
100
AcDbScale
 70
     0
300
1/8" = 1'-0"
140
0.125
141
12.0
290
     0
  0
SCALE
  5
4A
102
{ACAD_REACTORS
330
42
102
}
330
42
100
AcDbScale
 70
     0
300
3/16" = 1'-0"
140
0.1875
141
12.0
290
     0
  0
SCALE
  5
4B
102
{ACAD_REACTORS
330
42
102
}
330
42
100
AcDbScale
 70
     0
300
1/4" = 1'-0"
140
0.25
141
12.0
290
     0
  0
SCALE
  5
4C
102
{ACAD_REACTORS
330
42
102
}
330
42
100
AcDbScale
 70
     0
300
3/8" = 1'-0"
140
0.375
141
12.0
290
     0
  0
SCALE
  5
4D
102
{ACAD_REACTORS
330
42
102
}
330
42
100
AcDbScale
 70
     0
300
1/2" = 1'-0"
140
0.5
141
12.0
290
     0
  0
SCALE
  5
4E
102
{ACAD_REACTORS
330
42
102
}
330
42
100
AcDbScale
 70
     0
300
3/4" = 1'-0"
140
0.75
141
12.0
290
     0
  0
SCALE
  5
4F
102
{ACAD_REACTORS
330
42
102
}
330
42
100
AcDbScale
 70
     0
300
1" = 1'-0"
140
1.0
141
12.0
290
     0
  0
SCALE
  5
50
102
{ACAD_REACTORS
330
42
102
}
330
42
100
AcDbScale
 70
     0
300
1-1/2" = 1'-0"
140
1.5
141
12.0
290
     0
  0
SCALE
  5
51
102
{ACAD_REACTORS
330
42
102
}
330
42
100
AcDbScale
 70
     0
300
3" = 1'-0"
140
3.0
141
12.0
290
     0
  0
SCALE
  5
52
102
{ACAD_REACTORS
330
42
102
}
330
42
100
AcDbScale
 70
     0
300
6" = 1'-0"
140
6.0
141
12.0
290
     0
  0
SCALE
  5
53
102
{ACAD_REACTORS
330
42
102
}
330
42
100
AcDbScale
 70
     0
300
1'-0" = 1'-0"
140
12.0
141
12.0
290
     0
  0
ACDBSECTIONVIEWSTYLE
  5
69
102
{ACAD_REACTORS
330
68
102
}
330
68
100
AcDbModelDocViewStyle
 70
     0
  3
Imperial24
290
     1
300
Imperial24
 90
        0
100
AcDbSectionViewStyle
 70
     0
 71
     0
 90
       78
 71
     1
340
55
 62
   256
 40
0.24
340
0
340
0
 62
   256
 40
0.24
300
I, O, Q, S, X, Z
 40
0.48
 90
        3
 40
0.18
 90
        1
 71
     2
340
5D
 90
       25
 62
   256
340
5D
 90
       50
 62
   256
 40
0.24
 40
0.0
 40
0.24
 71
     3
340
55
 62
   256
 40
0.24
 90
        1
 40
0.75
 90
        1
300
%<\AcVar ViewType \f "%tc1">% %<\AcVar ViewSectionStartId>%-%<\AcVar ViewSectionEndId>%\PSCALE %<\AcVar ViewScale \f "%sn">%
 71
     4
 62
   256
 62
   257
300
ANSI31
 40
1.0
 90
        0
290
     0
290
     0
 90
        6
 40
0.0
 40
1.570796326794896
 40
0.2617993877991494
 40
1.308996938995747
 40
-0.2617993877991494
 40
1.832595714594046
  0
ACDBSECTIONVIEWSTYLE
  5
368
102
{ACAD_REACTORS
330
68
102
}
330
68
100
AcDbModelDocViewStyle
 70
     0
  3
Metric50
290
     1
300
Metric50
 90
        0
100
AcDbSectionViewStyle
 70
     0
 71
     0
 90
      102
 71
     1
340
55
 62
   256
 40
5.0
340
0
340
0
 62
   256
 40
5.0
300
I, O, Q, S, X, Z
 40
10.0
 90
        0
 40
2.5
 90
        0
 71
     2
340
5D
 90
       25
 62
   256
340
5D
 90
       50
 62
   256
 40
5.0
 40
2.5
 40
5.0
 71
     3
340
55
 62
   256
 40
5.0
 90
        0
 40
15.0
 90
        1
300
%<\AcVar ViewSectionStartId>%-%<\AcVar ViewSectionEndId>% (%<\AcVar ViewScale \f "%sn">%)
 71
     4
 62
   256
 62
   257
300
ANSI31
 40
1.0
 90
        0
290
     0
290
     0
 90
        6
 40
0.0
 40
1.570796326794896
 40
0.2617993877991494
 40
1.308996938995747
 40
-0.2617993877991494
 40
1.832595714594046
  0
TABLESTYLE
  5
65
102
{ACAD_XDICTIONARY
360
406
102
}
102
{ACAD_REACTORS
330
64
102
}
330
64
100
AcDbTableStyle
280
     0
  3
Standard
 70
     0
 71
     0
 40
0.06
 41
0.06
280
     0
281
     0
  7
Standard
140
0.18
170
     2
 62
     0
 63
     7
283
     0
 90
      512
 91
        0
  1

274
    -2
284
     1
 64
     0
275
    -2
285
     1
 65
     0
276
    -2
286
     1
 66
     0
277
    -2
287
     1
 67
     0
278
    -2
288
     1
 68
     0
279
    -2
289
     1
 69
     0
  7
Standard
140
0.25
170
     5
 62
     0
 63
     7
283
     0
 90
      512
 91
        0
  1

274
    -2
284
     1
 64
     0
275
    -2
285
     1
 65
     0
276
    -2
286
     1
 66
     0
277
    -2
287
     1
 67
     0
278
    -2
288
     1
 68
     0
279
    -2
289
     1
 69
     0
  7
Standard
140
0.18
170
     5
 62
     0
 63
     7
283
     0
 90
      512
 91
        0
  1

274
    -2
284
     1
 64
     0
275
    -2
285
     1
 65
     0
276
    -2
286
     1
 66
     0
277
    -2
287
     1
 67
     0
278
    -2
288
     1
 68
     0
279
    -2
289
     1
 69
     0
  0
VISUALSTYLE
  5
2F
102
{ACAD_REACTORS
330
29
102
}
330
29
100
AcDbVisualStyle
  2
2dWireframe
 70
     4
177
     3
291
     0
 70
    58
 90
        0
176
     1
 90
        2
176
     1
 90
        0
176
     1
 90
        0
176
     1
 40
0.6
176
     1
 40
30.0
176
     1
 62
     7
420
 16777215
176
     1
 90
        1
176
     1
 90
        4
176
     1
 62
     7
176
     1
 62
   257
176
     1
 90
        1
176
     1
 90
        1
176
     1
 40
1.0
176
     1
 90
        0
176
     1
 62
   257
176
     1
 40
1.0
176
     1
 90
        1
176
     1
 90
        6
176
     1
 90
        2
176
     1
 62
     7
176
     1
 90
        5
176
     1
 90
        0
176
     1
 90
        0
176
     1
290
     0
176
     1
 90
        1
176
     1
 40
0.0
176
     1
 90
        0
176
     1
290
     1
176
     1
290
     1
176
     1
290
     0
176
     1
290
     0
176
     1
290
     0
176
     1
290
     0
176
     1
290
     0
176
     1
290
     0
176
     1
290
     0
176
     1
 90
       50
176
     1
 40
0.0
176
     1
 40
1.0
176
     1
 90
        0
176
     1
 62
    18
420
        0
176
     1
 90
       50
176
     1
 90
        3
176
     1
 62
     5
420
      255
176
     1
290
     0
176
     1
 90
       50
176
     1
 90
       50
176
     1
 90
       50
176
     1
290
     0
176
     1
 90
       50
176
     1
 62
   256
176
     0
 40
1.0
176
     0
 90
        2
176
     1
  1
strokes_ogs.tif
176
     1
290
     0
176
     1
 40
1.0
176
     1
 40
1.0
176
     1
  0
VISUALSTYLE
  5
2E
102
{ACAD_REACTORS
330
29
102
}
330
29
100
AcDbVisualStyle
  2
Basic
 70
     7
177
     3
291
     1
 70
    58
 90
        1
176
     1
 90
        0
176
     1
 90
        1
176
     1
 90
        0
176
     1
 40
0.6
176
     1
 40
30.0
176
     1
 62
     7
420
 16777215
176
     1
 90
        0
176
     1
 90
        4
176
     1
 62
     7
176
     1
 62
   257
176
     1
 90
        1
176
     1
 90
        1
176
     1
 40
1.0
176
     1
 90
        8
176
     1
 62
     7
176
     1
 40
1.0
176
     1
 90
        1
176
     1
 90
        6
176
     1
 90
        2
176
     1
 62
     7
176
     1
 90
        5
176
     1
 90
        0
176
     1
 90
        0
176
     1
290
     0
176
     1
 90
        1
176
     1
 40
0.0
176
     1
 90
        0
176
     1
290
     0
176
     1
290
     1
176
     1
290
     1
176
     1
290
     0
176
     1
290
     0
176
     1
290
     0
176
     1
290
     0
176
     1
290
     0
176
     1
290
     0
176
     1
 90
       50
176
     1
 40
0.0
176
     1
 40
1.0
176
     1
 90
        0
176
     1
 62
    18
420
        0
176
     1
 90
       50
176
     1
 90
        3
176
     1
 62
     5
420
      255
176
     1
290
     0
176
     1
 90
       50
176
     1
 90
       50
176
     1
 90
       50
176
     1
290
     0
176
     1
 90
       50
176
     1
 62
   256
176
     0
 40
1.0
176
     0
 90
        2
176
     1
  1
strokes_ogs.tif
176
     1
290
     0
176
     1
 40
1.0
176
     1
 40
1.0
176
     1
  0
VISUALSTYLE
  5
35
102
{ACAD_REACTORS
330
29
102
}
330
29
100
AcDbVisualStyle
  2
Brighten
 70
    12
177
     3
291
     1
 70
    58
 90
        2
176
     1
 90
        2
176
     1
 90
        0
176
     1
 90
        0
176
     1
 40
0.6
176
     1
 40
30.0
176
     1
 62
     7
420
 16777215
176
     1
 90
        1
176
     1
 90
        4
176
     1
 62
     7
176
     1
 62
   257
176
     1
 90
        1
176
     1
 90
        1
176
     1
 40
1.0
176
     1
 90
        8
176
     1
 62
     7
176
     1
 40
1.0
176
     1
 90
        1
176
     1
 90
        6
176
     1
 90
        2
176
     1
 62
     7
176
     1
 90
        5
176
     1
 90
        0
176
     1
 90
        0
176
     1
290
     0
176
     1
 90
        1
176
     1
 40
50.0
176
     1
 90
        0
176
     1
290
     0
176
     1
290
     1
176
     1
290
     1
176
     1
290
     0
176
     1
290
     0
176
     1
290
     0
176
     1
290
     0
176
     1
290
     0
176
     1
290
     0
176
     1
 90
       50
176
     1
 40
0.0
176
     1
 40
1.0
176
     1
 90
        0
176
     1
 62
    18
420
        0
176
     1
 90
       50
176
     1
 90
        3
176
     1
 62
     5
420
      255
176
     1
290
     0
176
     1
 90
       50
176
     1
 90
       50
176
     1
 90
       50
176
     1
290
     0
176
     1
 90
       50
176
     1
 62
   256
176
     0
 40
1.0
176
     0
 90
        2
176
     1
  1
strokes_ogs.tif
176
     1
290
     0
176
     1
 40
1.0
176
     1
 40
1.0
176
     1
  0
VISUALSTYLE
  5
39
102
{ACAD_REACTORS
330
29
102
}
330
29
100
AcDbVisualStyle
  2
ColorChange
 70
    16
177
     3
291
     1
 70
    58
 90
        2
176
     1
 90
        2
176
     1
 90
        3
176
     1
 90
        0
176
     1
 40
0.6
176
     1
 40
30.0
176
     1
 62
     8
420
  8421504
176
     1
 90
        1
176
     1
 90
        4
176
     1
 62
     7
176
     1
 62
   257
176
     1
 90
        1
176
     1
 90
        1
176
     1
 40
1.0
176
     1
 90
        8
176
     1
 62
     8
420
  8421504
176
     1
 40
1.0
176
     1
 90
        1
176
     1
 90
        6
176
     1
 90
        2
176
     1
 62
     7
176
     1
 90
        5
176
     1
 90
        0
176
     1
 90
        0
176
     1
290
     0
176
     1
 90
        1
176
     1
 40
0.0
176
     1
 90
        0
176
     1
290
     0
176
     1
290
     1
176
     1
290
     1
176
     1
290
     0
176
     1
290
     0
176
     1
290
     0
176
     1
290
     0
176
     1
290
     0
176
     1
290
     0
176
     1
 90
       50
176
     1
 40
0.0
176
     1
 40
1.0
176
     1
 90
        0
176
     1
 62
    18
420
        0
176
     1
 90
       50
176
     1
 90
        3
176
     1
 62
     5
420
      255
176
     1
290
     0
176
     1
 90
       50
176
     1
 90
       50
176
     1
 90
       50
176
     1
290
     0
176
     1
 90
       50
176
     1
 62
   256
176
     0
 40
1.0
176
     0
 90
        2
176
     1
  1
strokes_ogs.tif
176
     1
290
     0
176
     1
 40
1.0
176
     1
 40
1.0
176
     1
  0
VISUALSTYLE
  5
32
102
{ACAD_REACTORS
330
29
102
}
330
29
100
AcDbVisualStyle
  2
Conceptual
 70
     9
177
     3
291
     0
 70
    58
 90
        3
176
     1
 90
        2
176
     1
 90
        0
176
     1
 90
        0
176
     1
 40
0.6
176
     1
 40
30.0
176
     1
 62
     7
420
 16777215
176
     1
 90
        2
176
     1
 90
        2
176
     1
 62
     7
176
     1
 62
   257
176
     1
 90
        1
176
     1
 90
        1
176
     1
 40
179.0
176
     1
 90
        8
176
     1
 62
     7
176
     1
 40
1.0
176
     1
 90
        1
176
     1
 90
        6
176
     1
 90
        2
176
     1
 62
     7
176
     1
 90
        3
176
     1
 90
        0
176
     1
 90
        0
176
     1
290
     0
176
     1
 90
        1
176
     1
 40
0.0
176
     1
 90
        0
176
     1
290
     0
176
     1
290
     1
176
     1
290
     1
176
     1
290
     0
176
     1
290
     0
176
     1
290
     0
176
     1
290
     0
176
     1
290
     0
176
     1
290
     0
176
     1
 90
       50
176
     1
 40
0.0
176
     1
 40
1.0
176
     1
 90
        0
176
     1
 62
    18
420
        0
176
     1
 90
       50
176
     1
 90
        3
176
     1
 62
     5
420
      255
176
     1
290
     0
176
     1
 90
       50
176
     1
 90
       50
176
     1
 90
       50
176
     1
290
     0
176
     1
 90
       50
176
     1
 62
   256
176
     0
 40
1.0
176
     0
 90
        2
176
     1
  1
strokes_ogs.tif
176
     1
290
     0
176
     1
 40
1.0
176
     1
 40
1.0
176
     1
  0
VISUALSTYLE
  5
34
102
{ACAD_REACTORS
330
29
102
}
330
29
100
AcDbVisualStyle
  2
Dim
 70
    11
177
     3
291
     1
 70
    58
 90
        2
176
     1
 90
        2
176
     1
 90
        0
176
     1
 90
        0
176
     1
 40
0.6
176
     1
 40
30.0
176
     1
 62
     7
420
 16777215
176
     1
 90
        1
176
     1
 90
        4
176
     1
 62
     7
176
     1
 62
   257
176
     1
 90
        1
176
     1
 90
        1
176
     1
 40
1.0
176
     1
 90
        8
176
     1
 62
     7
176
     1
 40
1.0
176
     1
 90
        1
176
     1
 90
        6
176
     1
 90
        2
176
     1
 62
     7
176
     1
 90
        5
176
     1
 90
        0
176
     1
 90
        0
176
     1
290
     0
176
     1
 90
        1
176
     1
 40
-50.0
176
     1
 90
        0
176
     1
290
     0
176
     1
290
     1
176
     1
290
     1
176
     1
290
     0
176
     1
290
     0
176
     1
290
     0
176
     1
290
     0
176
     1
290
     0
176
     1
290
     0
176
     1
 90
       50
176
     1
 40
0.0
176
     1
 40
1.0
176
     1
 90
        0
176
     1
 62
    18
420
        0
176
     1
 90
       50
176
     1
 90
        3
176
     1
 62
     5
420
      255
176
     1
290
     0
176
     1
 90
       50
176
     1
 90
       50
176
     1
 90
       50
176
     1
290
     0
176
     1
 90
       50
176
     1
 62
   256
176
     0
 40
1.0
176
     0
 90
        2
176
     1
  1
strokes_ogs.tif
176
     1
290
     0
176
     1
 40
1.0
176
     1
 40
1.0
176
     1
  0
VISUALSTYLE
  5
41
102
{ACAD_REACTORS
330
29
102
}
330
29
100
AcDbVisualStyle
  2
EdgeColorOff
 70
    22
177
     3
291
     1
 70
    58
 90
        2
176
     0
 90
        2
176
     0
 90
        0
176
     0
 90
        0
176
     0
 40
0.6
176
     0
 40
30.0
176
     0
 62
     7
420
 16777215
176
     0
 90
        1
176
     0
 90
        4
176
     0
 62
     7
176
     0
 62
   257
176
     0
 90
        1
176
     0
 90
        1
176
     0
 40
1.0
176
     0
 90
        8
176
     2
 62
     7
176
     0
 40
1.0
176
     0
 90
        1
176
     0
 90
        6
176
     0
 90
        2
176
     0
 62
     7
176
     0
 90
        5
176
     0
 90
        0
176
     0
 90
        0
176
     0
290
     0
176
     0
 90
        1
176
     0
 40
0.0
176
     0
 90
        0
176
     0
290
     0
176
     0
290
     1
176
     0
290
     1
176
     0
290
     0
176
     0
290
     0
176
     0
290
     0
176
     0
290
     0
176
     0
290
     0
176
     0
290
     0
176
     0
 90
       50
176
     0
 40
0.0
176
     0
 40
1.0
176
     0
 90
        0
176
     0
 62
    18
420
        0
176
     0
 90
       50
176
     0
 90
        3
176
     0
 62
     5
420
      255
176
     0
290
     0
176
     0
 90
       50
176
     0
 90
       50
176
     0
 90
       50
176
     0
290
     0
176
     0
 90
       50
176
     0
 62
   256
176
     0
 40
1.0
176
     0
 90
        2
176
     0
  1
strokes_ogs.tif
176
     0
290
     0
176
     0
 40
1.0
176
     0
 40
1.0
176
     0
  0
VISUALSTYLE
  5
38
102
{ACAD_REACTORS
330
29
102
}
330
29
100
AcDbVisualStyle
  2
Facepattern
 70
    15
177
     3
291
     1
 70
    58
 90
        2
176
     1
 90
        2
176
     1
 90
        0
176
     1
 90
        0
176
     1
 40
0.6
176
     1
 40
30.0
176
     1
 62
     7
420
 16777215
176
     1
 90
        1
176
     1
 90
        4
176
     1
 62
     7
176
     1
 62
   257
176
     1
 90
        1
176
     1
 90
        1
176
     1
 40
1.0
176
     1
 90
        8
176
     1
 62
     7
176
     1
 40
1.0
176
     1
 90
        1
176
     1
 90
        6
176
     1
 90
        2
176
     1
 62
     7
176
     1
 90
        5
176
     1
 90
        0
176
     1
 90
        0
176
     1
290
     0
176
     1
 90
        1
176
     1
 40
0.0
176
     1
 90
        0
176
     1
290
     0
176
     1
290
     1
176
     1
290
     1
176
     1
290
     0
176
     1
290
     0
176
     1
290
     0
176
     1
290
     0
176
     1
290
     0
176
     1
290
     0
176
     1
 90
       50
176
     1
 40
0.0
176
     1
 40
1.0
176
     1
 90
        0
176
     1
 62
    18
420
        0
176
     1
 90
       50
176
     1
 90
        3
176
     1
 62
     5
420
      255
176
     1
290
     0
176
     1
 90
       50
176
     1
 90
       50
176
     1
 90
       50
176
     1
290
     0
176
     1
 90
       50
176
     1
 62
   256
176
     0
 40
1.0
176
     0
 90
        2
176
     1
  1
strokes_ogs.tif
176
     1
290
     0
176
     1
 40
1.0
176
     1
 40
1.0
176
     1
  0
VISUALSTYLE
  5
2A
102
{ACAD_REACTORS
330
29
102
}
330
29
100
AcDbVisualStyle
  2
Flat
 70
     0
177
     3
291
     1
 70
    58
 90
        2
176
     1
 90
        1
176
     1
 90
        1
176
     1
 90
        2
176
     1
 40
0.6
176
     1
 40
30.0
176
     1
 62
     7
420
 16777215
176
     1
 90
        0
176
     1
 90
        0
176
     1
 62
     7
176
     1
 62
   257
176
     1
 90
        1
176
     1
 90
        1
176
     1
 40
1.0
176
     1
 90
        8
176
     1
 62
     7
176
     1
 40
1.0
176
     1
 90
        1
176
     1
 90
        6
176
     1
 90
        2
176
     1
 62
     7
176
     1
 90
        5
176
     1
 90
        0
176
     1
 90
        0
176
     1
290
     0
176
     1
 90
       13
176
     1
 40
0.0
176
     1
 90
        0
176
     1
290
     0
176
     1
290
     1
176
     1
290
     1
176
     1
290
     0
176
     1
290
     0
176
     1
290
     0
176
     1
290
     0
176
     1
290
     0
176
     1
290
     0
176
     1
 90
       50
176
     1
 40
0.0
176
     1
 40
1.0
176
     1
 90
        0
176
     1
 62
    18
420
        0
176
     1
 90
       50
176
     1
 90
        3
176
     1
 62
     5
420
      255
176
     1
290
     0
176
     1
 90
       50
176
     1
 90
       50
176
     1
 90
       50
176
     1
290
     0
176
     1
 90
       50
176
     1
 62
   256
176
     0
 40
1.0
176
     0
 90
        2
176
     1
  1
strokes_ogs.tif
176
     1
290
     0
176
     1
 40
1.0
176
     1
 40
1.0
176
     1
  0
VISUALSTYLE
  5
2B
102
{ACAD_REACTORS
330
29
102
}
330
29
100
AcDbVisualStyle
  2
FlatWithEdges
 70
     1
177
     3
291
     1
 70
    58
 90
        2
176
     1
 90
        1
176
     1
 90
        1
176
     1
 90
        2
176
     1
 40
0.6
176
     1
 40
30.0
176
     1
 62
     7
420
 16777215
176
     1
 90
        1
176
     1
 90
        0
176
     1
 62
     7
176
     1
 62
   257
176
     1
 90
        1
176
     1
 90
        1
176
     1
 40
1.0
176
     1
 90
        0
176
     1
 62
   257
176
     1
 40
1.0
176
     1
 90
        1
176
     1
 90
        6
176
     1
 90
        2
176
     1
 62
     7
176
     1
 90
        5
176
     1
 90
        0
176
     1
 90
        0
176
     1
290
     0
176
     1
 90
       13
176
     1
 40
0.0
176
     1
 90
        0
176
     1
290
     0
176
     1
290
     1
176
     1
290
     1
176
     1
290
     0
176
     1
290
     0
176
     1
290
     0
176
     1
290
     0
176
     1
290
     0
176
     1
290
     0
176
     1
 90
       50
176
     1
 40
0.0
176
     1
 40
1.0
176
     1
 90
        0
176
     1
 62
    18
420
        0
176
     1
 90
       50
176
     1
 90
        3
176
     1
 62
     5
420
      255
176
     1
290
     0
176
     1
 90
       50
176
     1
 90
       50
176
     1
 90
       50
176
     1
290
     0
176
     1
 90
       50
176
     1
 62
   256
176
     0
 40
1.0
176
     0
 90
        2
176
     1
  1
strokes_ogs.tif
176
     1
290
     0
176
     1
 40
1.0
176
     1
 40
1.0
176
     1
  0
VISUALSTYLE
  5
2C
102
{ACAD_REACTORS
330
29
102
}
330
29
100
AcDbVisualStyle
  2
Gouraud
 70
     2
177
     3
291
     1
 70
    58
 90
        2
176
     1
 90
        2
176
     1
 90
        1
176
     1
 90
        2
176
     1
 40
0.6
176
     1
 40
30.0
176
     1
 62
     7
420
 16777215
176
     1
 90
        0
176
     1
 90
        0
176
     1
 62
     7
176
     1
 62
   257
176
     1
 90
        1
176
     1
 90
        1
176
     1
 40
1.0
176
     1
 90
        0
176
     1
 62
     7
176
     1
 40
1.0
176
     1
 90
        1
176
     1
 90
        6
176
     1
 90
        2
176
     1
 62
     7
176
     1
 90
        5
176
     1
 90
        0
176
     1
 90
        0
176
     1
290
     0
176
     1
 90
       13
176
     1
 40
0.0
176
     1
 90
        0
176
     1
290
     0
176
     1
290
     1
176
     1
290
     1
176
     1
290
     0
176
     1
290
     0
176
     1
290
     0
176
     1
290
     0
176
     1
290
     0
176
     1
290
     0
176
     1
 90
       50
176
     1
 40
0.0
176
     1
 40
1.0
176
     1
 90
        0
176
     1
 62
    18
420
        0
176
     1
 90
       50
176
     1
 90
        3
176
     1
 62
     5
420
      255
176
     1
290
     0
176
     1
 90
       50
176
     1
 90
       50
176
     1
 90
       50
176
     1
290
     0
176
     1
 90
       50
176
     1
 62
   256
176
     0
 40
1.0
176
     0
 90
        2
176
     1
  1
strokes_ogs.tif
176
     1
290
     0
176
     1
 40
1.0
176
     1
 40
1.0
176
     1
  0
VISUALSTYLE
  5
2D
102
{ACAD_REACTORS
330
29
102
}
330
29
100
AcDbVisualStyle
  2
GouraudWithEdges
 70
     3
177
     3
291
     1
 70
    58
 90
        2
176
     1
 90
        2
176
     1
 90
        1
176
     1
 90
        2
176
     1
 40
0.6
176
     1
 40
30.0
176
     1
 62
     7
420
 16777215
176
     1
 90
        1
176
     1
 90
        0
176
     1
 62
     7
176
     1
 62
   257
176
     1
 90
        1
176
     1
 90
        1
176
     1
 40
1.0
176
     1
 90
        0
176
     1
 62
   257
176
     1
 40
1.0
176
     1
 90
        1
176
     1
 90
        6
176
     1
 90
        2
176
     1
 62
     7
176
     1
 90
        5
176
     1
 90
        0
176
     1
 90
        0
176
     1
290
     0
176
     1
 90
       13
176
     1
 40
0.0
176
     1
 90
        0
176
     1
290
     0
176
     1
290
     1
176
     1
290
     1
176
     1
290
     0
176
     1
290
     0
176
     1
290
     0
176
     1
290
     0
176
     1
290
     0
176
     1
290
     0
176
     1
 90
       50
176
     1
 40
0.0
176
     1
 40
1.0
176
     1
 90
        0
176
     1
 62
    18
420
        0
176
     1
 90
       50
176
     1
 90
        3
176
     1
 62
     5
420
      255
176
     1
290
     0
176
     1
 90
       50
176
     1
 90
       50
176
     1
 90
       50
176
     1
290
     0
176
     1
 90
       50
176
     1
 62
   256
176
     0
 40
1.0
176
     0
 90
        2
176
     1
  1
strokes_ogs.tif
176
     1
290
     0
176
     1
 40
1.0
176
     1
 40
1.0
176
     1
  0
VISUALSTYLE
  5
31
102
{ACAD_REACTORS
330
29
102
}
330
29
100
AcDbVisualStyle
  2
Hidden
 70
     6
177
     3
291
     0
 70
    58
 90
        1
176
     1
 90
        2
176
     1
 90
        2
176
     1
 90
        0
176
     1
 40
0.6
176
     1
 40
30.0
176
     1
 62
     7
420
 16777215
176
     1
 90
        2
176
     1
 90
        2
176
     1
 62
     7
176
     1
 62
   257
176
     1
 90
        2
176
     1
 90
        1
176
     1
 40
40.0
176
     1
 90
        0
176
     1
 62
   257
176
     1
 40
1.0
176
     1
 90
        1
176
     1
 90
        6
176
     1
 90
        2
176
     1
 62
     7
176
     1
 90
        3
176
     1
 90
        0
176
     1
 90
        0
176
     1
290
     0
176
     1
 90
        1
176
     1
 40
0.0
176
     1
 90
        0
176
     1
290
     0
176
     1
290
     1
176
     1
290
     1
176
     1
290
     0
176
     1
290
     0
176
     1
290
     0
176
     1
290
     0
176
     1
290
     0
176
     1
290
     0
176
     1
 90
       50
176
     1
 40
0.0
176
     1
 40
1.0
176
     1
 90
        0
176
     1
 62
    18
420
        0
176
     1
 90
       50
176
     1
 90
        3
176
     1
 62
     5
420
      255
176
     1
290
     0
176
     1
 90
       50
176
     1
 90
       50
176
     1
 90
       50
176
     1
290
     0
176
     1
 90
       50
176
     1
 62
   256
176
     0
 40
1.0
176
     0
 90
        2
176
     1
  1
strokes_ogs.tif
176
     1
290
     0
176
     1
 40
1.0
176
     1
 40
1.0
176
     1
  0
VISUALSTYLE
  5
3F
102
{ACAD_REACTORS
330
29
102
}
330
29
100
AcDbVisualStyle
  2
JitterOff
 70
    20
177
     3
291
     1
 70
    58
 90
        2
176
     0
 90
        2
176
     0
 90
        0
176
     0
 90
        0
176
     0
 40
0.6
176
     0
 40
30.0
176
     0
 62
     7
420
 16777215
176
     0
 90
        1
176
     0
 90
        4
176
     0
 62
     7
176
     0
 62
   257
176
     0
 90
        1
176
     0
 90
        1
176
     0
 40
1.0
176
     0
 90
       10
176
     2
 62
     7
176
     0
 40
1.0
176
     0
 90
        1
176
     0
 90
        6
176
     0
 90
        2
176
     0
 62
     7
176
     0
 90
        5
176
     0
 90
        0
176
     0
 90
        0
176
     0
290
     0
176
     0
 90
        1
176
     0
 40
0.0
176
     0
 90
        0
176
     0
290
     0
176
     0
290
     1
176
     0
290
     1
176
     0
290
     0
176
     0
290
     0
176
     0
290
     0
176
     0
290
     0
176
     0
290
     0
176
     0
290
     0
176
     0
 90
       50
176
     0
 40
0.0
176
     0
 40
1.0
176
     0
 90
        0
176
     0
 62
    18
420
        0
176
     0
 90
       50
176
     0
 90
        3
176
     0
 62
     5
420
      255
176
     0
290
     0
176
     0
 90
       50
176
     0
 90
       50
176
     0
 90
       50
176
     0
290
     0
176
     0
 90
       50
176
     0
 62
   256
176
     0
 40
1.0
176
     0
 90
        2
176
     0
  1
strokes_ogs.tif
176
     0
290
     0
176
     0
 40
1.0
176
     0
 40
1.0
176
     0
  0
VISUALSTYLE
  5
37
102
{ACAD_REACTORS
330
29
102
}
330
29
100
AcDbVisualStyle
  2
Linepattern
 70
    14
177
     3
291
     1
 70
    58
 90
        2
176
     1
 90
        2
176
     1
 90
        0
176
     1
 90
        0
176
     1
 40
0.6
176
     1
 40
30.0
176
     1
 62
     7
420
 16777215
176
     1
 90
        1
176
     1
 90
        4
176
     1
 62
     7
176
     1
 62
   257
176
     1
 90
        7
176
     1
 90
        7
176
     1
 40
1.0
176
     1
 90
        8
176
     1
 62
     7
176
     1
 40
1.0
176
     1
 90
        1
176
     1
 90
        6
176
     1
 90
        2
176
     1
 62
     7
176
     1
 90
        5
176
     1
 90
        0
176
     1
 90
        0
176
     1
290
     0
176
     1
 90
        1
176
     1
 40
0.0
176
     1
 90
        0
176
     1
290
     0
176
     1
290
     1
176
     1
290
     1
176
     1
290
     0
176
     1
290
     0
176
     1
290
     0
176
     1
290
     0
176
     1
290
     0
176
     1
290
     0
176
     1
 90
       50
176
     1
 40
0.0
176
     1
 40
1.0
176
     1
 90
        0
176
     1
 62
    18
420
        0
176
     1
 90
       50
176
     1
 90
        3
176
     1
 62
     5
420
      255
176
     1
290
     0
176
     1
 90
       50
176
     1
 90
       50
176
     1
 90
       50
176
     1
290
     0
176
     1
 90
       50
176
     1
 62
   256
176
     0
 40
1.0
176
     0
 90
        2
176
     1
  1
strokes_ogs.tif
176
     1
290
     0
176
     1
 40
1.0
176
     1
 40
1.0
176
     1
  0
VISUALSTYLE
  5
40
102
{ACAD_REACTORS
330
29
102
}
330
29
100
AcDbVisualStyle
  2
OverhangOff
 70
    21
177
     3
291
     1
 70
    58
 90
        2
176
     0
 90
        2
176
     0
 90
        0
176
     0
 90
        0
176
     0
 40
0.6
176
     0
 40
30.0
176
     0
 62
     7
420
 16777215
176
     0
 90
        1
176
     0
 90
        4
176
     0
 62
     7
176
     0
 62
   257
176
     0
 90
        1
176
     0
 90
        1
176
     0
 40
1.0
176
     0
 90
        9
176
     2
 62
     7
176
     0
 40
1.0
176
     0
 90
        1
176
     0
 90
        6
176
     0
 90
        2
176
     0
 62
     7
176
     0
 90
        5
176
     0
 90
        0
176
     0
 90
        0
176
     0
290
     0
176
     0
 90
        1
176
     0
 40
0.0
176
     0
 90
        0
176
     0
290
     0
176
     0
290
     1
176
     0
290
     1
176
     0
290
     0
176
     0
290
     0
176
     0
290
     0
176
     0
290
     0
176
     0
290
     0
176
     0
290
     0
176
     0
 90
       50
176
     0
 40
0.0
176
     0
 40
1.0
176
     0
 90
        0
176
     0
 62
    18
420
        0
176
     0
 90
       50
176
     0
 90
        3
176
     0
 62
     5
420
      255
176
     0
290
     0
176
     0
 90
       50
176
     0
 90
       50
176
     0
 90
       50
176
     0
290
     0
176
     0
 90
       50
176
     0
 62
   256
176
     0
 40
1.0
176
     0
 90
        2
176
     0
  1
strokes_ogs.tif
176
     0
290
     0
176
     0
 40
1.0
176
     0
 40
1.0
176
     0
  0
VISUALSTYLE
  5
33
102
{ACAD_REACTORS
330
29
102
}
330
29
100
AcDbVisualStyle
  2
Realistic
 70
     8
177
     3
291
     0
 70
    58
 90
        2
176
     1
 90
        3
176
     1
 90
        0
176
     1
 90
        2
176
     1
 40
0.6
176
     1
 40
30.0
176
     1
 62
     7
420
 16777215
176
     1
 90
        0
176
     1
 90
        0
176
     1
 62
     7
176
     1
 62
   257
176
     1
 90
        1
176
     1
 90
        1
176
     1
 40
1.0
176
     1
 90
        8
176
     1
 62
   257
176
     1
 40
1.0
176
     1
 90
        1
176
     1
 90
        6
176
     1
 90
        2
176
     1
 62
     7
176
     1
 90
        3
176
     1
 90
        0
176
     1
 90
        0
176
     1
290
     0
176
     1
 90
       13
176
     1
 40
0.0
176
     1
 90
        0
176
     1
290
     0
176
     1
290
     1
176
     1
290
     1
176
     1
290
     0
176
     1
290
     0
176
     1
290
     0
176
     1
290
     0
176
     1
290
     0
176
     1
290
     0
176
     1
 90
       50
176
     1
 40
0.0
176
     1
 40
1.0
176
     1
 90
        0
176
     1
 62
    18
420
        0
176
     1
 90
       50
176
     1
 90
        3
176
     1
 62
     5
420
      255
176
     1
290
     0
176
     1
 90
       50
176
     1
 90
       50
176
     1
 90
       50
176
     1
290
     0
176
     1
 90
       50
176
     1
 62
   256
176
     0
 40
1.0
176
     0
 90
        2
176
     1
  1
strokes_ogs.tif
176
     1
290
     0
176
     1
 40
1.0
176
     1
 40
1.0
176
     1
  0
VISUALSTYLE
  5
3E
102
{ACAD_REACTORS
330
29
102
}
330
29
100
AcDbVisualStyle
  2
Shaded
 70
    27
177
     3
291
     0
 70
    58
 90
        2
176
     1
 90
        2
176
     1
 90
        1
176
     1
 90
        2
176
     1
 40
0.6
176
     1
 40
30.0
176
     1
 62
     7
420
 16777215
176
     1
 90
        0
176
     1
 90
        4
176
     1
 62
     7
176
     1
 62
   257
176
     1
 90
        1
176
     1
 90
        1
176
     1
 40
1.0
176
     1
 90
        8
176
     1
 62
   257
176
     1
 40
1.0
176
     1
 90
        1
176
     1
 90
        6
176
     1
 90
        2
176
     1
 62
     8
420
  7895160
176
     1
 90
        3
176
     1
 90
        0
176
     1
 90
        0
176
     1
290
     0
176
     1
 90
        5
176
     1
 40
0.0
176
     1
 90
        0
176
     1
290
     0
176
     1
290
     1
176
     1
290
     1
176
     1
290
     0
176
     1
290
     0
176
     1
290
     0
176
     1
290
     0
176
     1
290
     0
176
     1
290
     0
176
     1
 90
       50
176
     1
 40
0.0
176
     1
 40
1.0
176
     1
 90
        0
176
     1
 62
    18
420
        0
176
     1
 90
       50
176
     1
 90
        3
176
     1
 62
     5
420
      255
176
     1
290
     0
176
     1
 90
       50
176
     1
 90
       50
176
     1
 90
       50
176
     1
290
     0
176
     1
 90
       50
176
     1
 62
   256
176
     0
 40
1.0
176
     0
 90
        2
176
     1
  1
strokes_ogs.tif
176
     1
290
     0
176
     1
 40
1.0
176
     1
 40
1.0
176
     1
  0
VISUALSTYLE
  5
3D
102
{ACAD_REACTORS
330
29
102
}
330
29
100
AcDbVisualStyle
  2
Shaded with edges
 70
    26
177
     3
291
     0
 70
    58
 90
        2
176
     1
 90
        2
176
     1
 90
        1
176
     1
 90
        2
176
     1
 40
0.6
176
     1
 40
30.0
176
     1
 62
     7
420
 16777215
176
     1
 90
        1
176
     1
 90
        2
176
     1
 62
     7
176
     1
 62
   257
176
     1
 90
        2
176
     1
 90
        1
176
     1
 40
1.0
176
     1
 90
        8
176
     1
 62
   257
176
     1
 40
1.0
176
     1
 90
        1
176
     1
 90
        6
176
     1
 90
        2
176
     1
 62
     7
176
     1
 90
        3
176
     1
 90
        0
176
     1
 90
        0
176
     1
290
     0
176
     1
 90
        5
176
     1
 40
0.0
176
     1
 90
        0
176
     1
290
     0
176
     1
290
     1
176
     1
290
     1
176
     1
290
     0
176
     1
290
     0
176
     1
290
     0
176
     1
290
     0
176
     1
290
     0
176
     1
290
     0
176
     1
 90
       50
176
     1
 40
0.0
176
     1
 40
1.0
176
     1
 90
        0
176
     1
 62
    18
420
        0
176
     1
 90
       50
176
     1
 90
        3
176
     1
 62
     5
420
      255
176
     1
290
     0
176
     1
 90
       50
176
     1
 90
       50
176
     1
 90
       50
176
     1
290
     0
176
     1
 90
       50
176
     1
 62
   256
176
     0
 40
1.0
176
     0
 90
        2
176
     1
  1
strokes_ogs.tif
176
     1
290
     0
176
     1
 40
1.0
176
     1
 40
1.0
176
     1
  0
VISUALSTYLE
  5
3A
102
{ACAD_REACTORS
330
29
102
}
330
29
100
AcDbVisualStyle
  2
Shades of Gray
 70
    23
177
     3
291
     0
 70
    58
 90
        2
176
     1
 90
        2
176
     1
 90
        3
176
     1
 90
        0
176
     1
 40
0.6
176
     1
 40
30.0
176
     1
 62
     7
420
 16777215
176
     1
 90
        2
176
     1
 90
        2
176
     1
 62
     7
176
     1
 62
     7
176
     1
 90
        1
176
     1
 90
        1
176
     1
 40
40.0
176
     1
 90
        8
176
     1
 62
     7
176
     1
 40
1.0
176
     1
 90
        1
176
     1
 90
        6
176
     1
 90
        2
176
     1
 62
     7
176
     1
 90
        3
176
     1
 90
        0
176
     1
 90
        0
176
     1
290
     0
176
     1
 90
        1
176
     1
 40
0.0
176
     1
 90
        0
176
     1
290
     0
176
     1
290
     1
176
     1
290
     1
176
     1
290
     0
176
     1
290
     0
176
     1
290
     0
176
     1
290
     0
176
     1
290
     0
176
     1
290
     0
176
     1
 90
       50
176
     1
 40
0.0
176
     1
 40
1.0
176
     1
 90
        0
176
     1
 62
    18
420
        0
176
     1
 90
       50
176
     1
 90
        3
176
     1
 62
     5
420
      255
176
     1
290
     0
176
     1
 90
       50
176
     1
 90
       50
176
     1
 90
       50
176
     1
290
     0
176
     1
 90
       50
176
     1
 62
   256
176
     0
 40
1.0
176
     0
 90
        2
176
     1
  1
strokes_ogs.tif
176
     1
290
     0
176
     1
 40
1.0
176
     1
 40
1.0
176
     1
  0
VISUALSTYLE
  5
3B
102
{ACAD_REACTORS
330
29
102
}
330
29
100
AcDbVisualStyle
  2
Sketchy
 70
    24
177
     3
291
     0
 70
    58
 90
        1
176
     1
 90
        2
176
     1
 90
        2
176
     1
 90
        0
176
     1
 40
0.6
176
     1
 40
30.0
176
     1
 62
     7
420
 16777215
176
     1
 90
        2
176
     1
 90
        2
176
     1
 62
     7
176
     1
 62
     7
176
     1
 90
        1
176
     1
 90
        1
176
     1
 40
40.0
176
     1
 90
       11
176
     1
 62
     7
176
     1
 40
1.0
176
     1
 90
        1
176
     1
 90
        6
176
     1
 90
        2
176
     1
 62
     7
176
     1
 90
        6
176
     1
 90
        0
176
     1
 90
        0
176
     1
290
     0
176
     1
 90
        1
176
     1
 40
0.0
176
     1
 90
        0
176
     1
290
     0
176
     1
290
     1
176
     1
290
     1
176
     1
290
     0
176
     1
290
     0
176
     1
290
     0
176
     1
290
     0
176
     1
290
     0
176
     1
290
     0
176
     1
 90
       50
176
     1
 40
0.0
176
     1
 40
1.0
176
     1
 90
        0
176
     1
 62
    18
420
        0
176
     1
 90
       50
176
     1
 90
        3
176
     1
 62
     5
420
      255
176
     1
290
     0
176
     1
 90
       50
176
     1
 90
       50
176
     1
 90
       50
176
     1
290
     0
176
     1
 90
       50
176
     1
 62
   256
176
     0
 40
1.0
176
     0
 90
        2
176
     1
  1
strokes_ogs.tif
176
     1
290
     0
176
     1
 40
1.0
176
     1
 40
1.0
176
     1
  0
VISUALSTYLE
  5
36
102
{ACAD_REACTORS
330
29
102
}
330
29
100
AcDbVisualStyle
  2
Thicken
 70
    13
177
     3
291
     1
 70
    58
 90
        2
176
     1
 90
        2
176
     1
 90
        0
176
     1
 90
        0
176
     1
 40
0.6
176
     1
 40
30.0
176
     1
 62
     7
420
 16777215
176
     1
 90
        1
176
     1
 90
        4
176
     1
 62
     7
176
     1
 62
   257
176
     1
 90
        1
176
     1
 90
        1
176
     1
 40
1.0
176
     1
 90
       12
176
     1
 62
     7
176
     1
 40
1.0
176
     1
 90
        1
176
     1
 90
        6
176
     1
 90
        2
176
     1
 62
     7
176
     1
 90
        5
176
     1
 90
        0
176
     1
 90
        0
176
     1
290
     0
176
     1
 90
        1
176
     1
 40
0.0
176
     1
 90
        0
176
     1
290
     0
176
     1
290
     1
176
     1
290
     1
176
     1
290
     0
176
     1
290
     0
176
     1
290
     0
176
     1
290
     0
176
     1
290
     0
176
     1
290
     0
176
     1
 90
       50
176
     1
 40
0.0
176
     1
 40
1.0
176
     1
 90
        0
176
     1
 62
    18
420
        0
176
     1
 90
       50
176
     1
 90
        3
176
     1
 62
     5
420
      255
176
     1
290
     0
176
     1
 90
       50
176
     1
 90
       50
176
     1
 90
       50
176
     1
290
     0
176
     1
 90
       50
176
     1
 62
   256
176
     0
 40
1.0
176
     0
 90
        2
176
     1
  1
strokes_ogs.tif
176
     1
290
     0
176
     1
 40
1.0
176
     1
 40
1.0
176
     1
  0
VISUALSTYLE
  5
30
102
{ACAD_REACTORS
330
29
102
}
330
29
100
AcDbVisualStyle
  2
Wireframe
 70
     5
177
     3
291
     0
 70
    58
 90
        0
176
     1
 90
        2
176
     1
 90
        0
176
     1
 90
        0
176
     1
 40
0.6
176
     1
 40
30.0
176
     1
 62
     7
420
 16777215
176
     1
 90
        1
176
     1
 90
        4
176
     1
 62
     7
176
     1
 62
   257
176
     1
 90
        1
176
     1
 90
        1
176
     1
 40
1.0
176
     1
 90
        0
176
     1
 62
   257
176
     1
 40
1.0
176
     1
 90
        1
176
     1
 90
        6
176
     1
 90
        2
176
     1
 62
     7
176
     1
 90
        3
176
     1
 90
        0
176
     1
 90
        0
176
     1
290
     0
176
     1
 90
        1
176
     1
 40
0.0
176
     1
 90
        0
176
     1
290
     0
176
     1
290
     1
176
     1
290
     1
176
     1
290
     0
176
     1
290
     0
176
     1
290
     0
176
     1
290
     0
176
     1
290
     0
176
     1
290
     0
176
     1
 90
       50
176
     1
 40
0.0
176
     1
 40
1.0
176
     1
 90
        0
176
     1
 62
    18
420
        0
176
     1
 90
       50
176
     1
 90
        3
176
     1
 62
     5
420
      255
176
     1
290
     0
176
     1
 90
       50
176
     1
 90
       50
176
     1
 90
       50
176
     1
290
     0
176
     1
 90
       50
176
     1
 62
   256
176
     0
 40
1.0
176
     0
 90
        2
176
     1
  1
strokes_ogs.tif
176
     1
290
     0
176
     1
 40
1.0
176
     1
 40
1.0
176
     1
  0
VISUALSTYLE
  5
3C
102
{ACAD_REACTORS
330
29
102
}
330
29
100
AcDbVisualStyle
  2
X-Ray
 70
    25
177
     3
291
     0
 70
    58
 90
        2
176
     1
 90
        2
176
     1
 90
        1
176
     1
 90
        1
176
     1
 40
0.5
176
     1
 40
30.0
176
     1
 62
     7
420
 16777215
176
     1
 90
        1
176
     1
 90
        0
176
     1
 62
     7
176
     1
 62
   257
176
     1
 90
        1
176
     1
 90
        1
176
     1
 40
1.0
176
     1
 90
        8
176
     1
 62
     7
176
     1
 40
1.0
176
     1
 90
        1
176
     1
 90
        6
176
     1
 90
        2
176
     1
 62
     7
176
     1
 90
        3
176
     1
 90
        0
176
     1
 90
        0
176
     1
290
     0
176
     1
 90
       13
176
     1
 40
0.0
176
     1
 90
        0
176
     1
290
     0
176
     1
290
     1
176
     1
290
     1
176
     1
290
     0
176
     1
290
     0
176
     1
290
     0
176
     1
290
     0
176
     1
290
     0
176
     1
290
     0
176
     1
 90
       50
176
     1
 40
0.0
176
     1
 40
1.0
176
     1
 90
        0
176
     1
 62
    18
420
        0
176
     1
 90
       50
176
     1
 90
        3
176
     1
 62
     5
420
      255
176
     1
290
     0
176
     1
 90
       50
176
     1
 90
       50
176
     1
 90
       50
176
     1
290
     0
176
     1
 90
       50
176
     1
 62
   256
176
     0
 40
1.0
176
     0
 90
        2
176
     1
  1
strokes_ogs.tif
176
     1
290
     0
176
     1
 40
1.0
176
     1
 40
1.0
176
     1
  0
DICTIONARYVAR
  5
366
102
{ACAD_REACTORS
330
361
102
}
330
361
100
DictionaryVariables
280
     0
  1
1:1
  0
DICTIONARYVAR
  5
363
102
{ACAD_REACTORS
330
361
102
}
330
361
100
DictionaryVariables
280
     0
  1
STANDARD
  0
DICTIONARYVAR
  5
362
102
{ACAD_REACTORS
330
361
102
}
330
361
100
DictionaryVariables
280
     0
  1
STANDARD
  0
DICTIONARYVAR
  5
364
102
{ACAD_REACTORS
330
361
102
}
330
361
100
DictionaryVariables
280
     0
  1
Imperial24
  0
DICTIONARYVAR
  5
365
102
{ACAD_REACTORS
330
361
102
}
330
361
100
DictionaryVariables
280
     0
  1
Imperial24
  0
XRECORD
  5
35D
102
{ACAD_REACTORS
330
359
102
}
330
359
100
AcDbXrecord
280
     1
  1
BUILDING_ID
  1
Casa à rua Antônio Basília, 57, Acarí, Rio Grande do Norte
  1
FLOOR_ID
  1
22861645
  0
XRECORD
  5
35B
102
{ACAD_REACTORS
330
359
102
}
330
359
100
AcDbXrecord
280
     1
  1
-2000035
  1
Telhados
  1
-2000051
  1
Linhas
  1
-2000280
  1
Blocos de margens e carimbo
  1
-2002000
  1
Itens de detalhe
  0
XRECORD
  5
35C
102
{ACAD_REACTORS
330
359
102
}
330
359
100
AcDbXrecord
280
     1
  1
-2000042
  1
<Linhas finas>
  1
-2000281
  1
<Linhas finas>
  1
-2000542
  1
Padrão de superfície
  0
XRECORD
  5
35A
102
{ACAD_REACTORS
330
359
102
}
330
359
100
AcDbXrecord
280
     1
  1
22863039
  1
A4 HORIZONTAL : A4
  1
383807
  1
Região preenchida : Marcenaria corte
  1
4951952
  1
Telhado básico : cerâmico 2 cm
  0
DICTIONARY
  5
1A
330
19
100
AcDbDictionary
280
     1
281
     1
  3
BUMPTILE
360
1C
  3
DIFFUSETILE
360
1B
  3
OPACITYTILE
360
1F
  3
REFLECTIONTILE
360
1E
  3
REFRACTIONTILE
360
20
  3
SPECULARTILE
360
1D
  0
DICTIONARY
  5
12
330
11
100
AcDbDictionary
280
     1
281
     1
  3
BUMPTILE
360
14
  3
DIFFUSETILE
360
13
  3
OPACITYTILE
360
17
  3
REFLECTIONTILE
360
16
  3
REFRACTIONTILE
360
18
  3
SPECULARTILE
360
15
  0
DICTIONARY
  5
22
330
21
100
AcDbDictionary
280
     1
281
     1
  3
BUMPTILE
360
24
  3
DIFFUSETILE
360
23
  3
OPACITYTILE
360
27
  3
REFLECTIONTILE
360
26
  3
REFRACTIONTILE
360
28
  3
SPECULARTILE
360
25
  0
DICTIONARY
  5
406
330
65
100
AcDbDictionary
280
     1
281
     1
  3
ACAD_ROUNDTRIP_2008_TABLESTYLE_CELLSTYLEMAP
360
407
  0
XRECORD
  5
1C
102
{ACAD_REACTORS
330
1A
102
}
330
1A
100
AcDbXrecord
280
     1
270
     1
271
     1
  0
XRECORD
  5
1B
102
{ACAD_REACTORS
330
1A
102
}
330
1A
100
AcDbXrecord
280
     1
270
     1
271
     1
  0
XRECORD
  5
1F
102
{ACAD_REACTORS
330
1A
102
}
330
1A
100
AcDbXrecord
280
     1
270
     1
271
     1
  0
XRECORD
  5
1E
102
{ACAD_REACTORS
330
1A
102
}
330
1A
100
AcDbXrecord
280
     1
270
     1
271
     1
  0
XRECORD
  5
20
102
{ACAD_REACTORS
330
1A
102
}
330
1A
100
AcDbXrecord
280
     1
270
     1
271
     1
  0
XRECORD
  5
1D
102
{ACAD_REACTORS
330
1A
102
}
330
1A
100
AcDbXrecord
280
     1
270
     1
271
     1
  0
XRECORD
  5
14
102
{ACAD_REACTORS
330
12
102
}
330
12
100
AcDbXrecord
280
     1
270
     1
271
     1
  0
XRECORD
  5
13
102
{ACAD_REACTORS
330
12
102
}
330
12
100
AcDbXrecord
280
     1
270
     1
271
     1
  0
XRECORD
  5
17
102
{ACAD_REACTORS
330
12
102
}
330
12
100
AcDbXrecord
280
     1
270
     1
271
     1
  0
XRECORD
  5
16
102
{ACAD_REACTORS
330
12
102
}
330
12
100
AcDbXrecord
280
     1
270
     1
271
     1
  0
XRECORD
  5
18
102
{ACAD_REACTORS
330
12
102
}
330
12
100
AcDbXrecord
280
     1
270
     1
271
     1
  0
XRECORD
  5
15
102
{ACAD_REACTORS
330
12
102
}
330
12
100
AcDbXrecord
280
     1
270
     1
271
     1
  0
XRECORD
  5
24
102
{ACAD_REACTORS
330
22
102
}
330
22
100
AcDbXrecord
280
     1
270
     1
271
     1
  0
XRECORD
  5
23
102
{ACAD_REACTORS
330
22
102
}
330
22
100
AcDbXrecord
280
     1
270
     1
271
     1
  0
XRECORD
  5
27
102
{ACAD_REACTORS
330
22
102
}
330
22
100
AcDbXrecord
280
     1
270
     1
271
     1
  0
XRECORD
  5
26
102
{ACAD_REACTORS
330
22
102
}
330
22
100
AcDbXrecord
280
     1
270
     1
271
     1
  0
XRECORD
  5
28
102
{ACAD_REACTORS
330
22
102
}
330
22
100
AcDbXrecord
280
     1
270
     1
271
     1
  0
XRECORD
  5
25
102
{ACAD_REACTORS
330
22
102
}
330
22
100
AcDbXrecord
280
     1
270
     1
271
     1
  0
CELLSTYLEMAP
  5
407
102
{ACAD_REACTORS
330
406
102
}
330
406
100
AcDbCellStyleMap
 90
        3
300
CELLSTYLE
  1
TABLEFORMAT_BEGIN
 90
        5
170
     1
 91
        0
 92
    32768
 62
   257
 93
        1
300
CONTENTFORMAT
  1
CONTENTFORMAT_BEGIN
 90
        0
 91
        0
 92
      512
 93
        0
300

 40
0.0
140
1.0
 94
        5
 62
     0
340
55
144
0.25
309
CONTENTFORMAT_END
171
     0
 94
        0
309
TABLEFORMAT_END
  1
CELLSTYLE_BEGIN
 90
        1
 91
        1
300
_TITLE
309
CELLSTYLE_END
300
CELLSTYLE
  1
TABLEFORMAT_BEGIN
 90
        5
170
     1
 91
        0
 92
        0
 62
   257
 93
        1
300
CONTENTFORMAT
  1
CONTENTFORMAT_BEGIN
 90
        0
 91
        0
 92
      512
 93
        0
300

 40
0.0
140
1.0
 94
        5
 62
     0
340
55
144
0.18
309
CONTENTFORMAT_END
171
     0
 94
        0
309
TABLEFORMAT_END
  1
CELLSTYLE_BEGIN
 90
        2
 91
        1
300
_HEADER
309
CELLSTYLE_END
300
CELLSTYLE
  1
TABLEFORMAT_BEGIN
 90
        5
170
     1
 91
        0
 92
        0
 62
   257
 93
        1
300
CONTENTFORMAT
  1
CONTENTFORMAT_BEGIN
 90
        0
 91
        0
 92
      512
 93
        0
300

 40
0.0
140
1.0
 94
        2
 62
     0
340
55
144
0.18
309
CONTENTFORMAT_END
171
     0
 94
        0
309
TABLEFORMAT_END
  1
CELLSTYLE_BEGIN
 90
        3
 91
        2
300
_DATA
309
CELLSTYLE_END
  0
ENDSEC
  0
SECTION
  2
ACDSDATA
 70
     2
 71
     8
  0
ACDSSCHEMA
 90
        0
  1
AcDb_Thumbnail_Schema
  2
AcDbDs::ID
280
    10
 91
        8
  2
Thumbnail_Data
280
    15
 91
        0
101
ACDSRECORD
 95
        0
 90
        1
  2
AcDbDs::TreatedAsObjectData
280
     1
291
     1
101
ACDSRECORD
 95
        0
 90
        2
  2
AcDbDs::Legacy
280
     1
291
     1
101
ACDSRECORD
  1
AcDbDs::ID
 90
        3
  2
AcDs:Indexable
280
     1
291
     1
101
ACDSRECORD
  1
AcDbDs::ID
 90
        4
  2
AcDbDs::HandleAttribute
280
     7
282
     1
  0
ACDSSCHEMA
 90
        1
  1
AcDbDs::TreatedAsObjectDataSchema
  2
AcDbDs::TreatedAsObjectData
280
     1
 91
        0
  0
ACDSSCHEMA
 90
        2
  1
AcDbDs::LegacySchema
  2
AcDbDs::Legacy
280
     1
 91
        0
  0
ACDSSCHEMA
 90
        3
  1
AcDbDs::IndexedPropertySchema
  2
AcDs:Indexable
280
     1
 91
        0
  0
ACDSSCHEMA
 90
        4
  1
AcDbDs::HandleAttributeSchema
  2
AcDbDs::HandleAttribute
280
     7
 91
        1
284
     1
  0
ACDSRECORD
 90
        0
  2
AcDbDs::ID
280
    10
320
6F
  2
Thumbnail_Data
280
    15
 94
     1530
310
89504E470D0A1A0A0000000D4948445200000100000000B5080300000087DCD12600000300504C5445FFFFFFFFFFFFFFFFFF0000000000000000000000000000000000000000000000000000330000660000990000CC0000FF0033000033330033660033990033CC0033FF0066000066330066660066990066CC0066FF0099
310
000099330099660099990099CC0099FF00CC0000CC3300CC6600CC9900CCCC00CCFF00FF0000FF3300FF6600FF9900FFCC00FFFF3300003300333300663300993300CC3300FF3333003333333333663333993333CC3333FF3366003366333366663366993366CC3366FF3399003399333399663399993399CC3399FF33CC00
310
33CC3333CC6633CC9933CCCC33CCFF33FF0033FF3333FF6633FF9933FFCC33FFFF6600006600336600666600996600CC6600FF6633006633336633666633996633CC6633FF6666006666336666666666996666CC6666FF6699006699336699666699996699CC6699FF66CC0066CC3366CC6666CC9966CCCC66CCFF66FF0066
310
FF3366FF6666FF9966FFCC66FFFF9900009900339900669900999900CC9900FF9933009933339933669933999933CC9933FF9966009966339966669966999966CC9966FF9999009999339999669999999999CC9999FF99CC0099CC3399CC6699CC9999CCCC99CCFF99FF0099FF3399FF6699FF9999FFCC99FFFFCC0000CC00
310
33CC0066CC0099CC00CCCC00FFCC3300CC3333CC3366CC3399CC33CCCC33FFCC6600CC6633CC6666CC6699CC66CCCC66FFCC9900CC9933CC9966CC9999CC99CCCC99FFCCCC00CCCC33CCCC66CCCC99CCCCCCCCCCFFCCFF00CCFF33CCFF66CCFF99CCFFCCCCFFFFFF0000FF0033FF0066FF0099FF00CCFF00FFFF3300FF3333
310
FF3366FF3399FF33CCFF33FFFF6600FF6633FF6666FF6699FF66CCFF66FFFF9900FF9933FF9966FF9999FF99CCFF99FFFFCC00FFCC33FFCC66FFCC99FFCCCCFFCCFFFFFF00FFFF33FFFF66FFFF99FFFFCCFFFFFF0000000D0D0D1A1A1A2828283535354343435050505D5D5D6B6B6B787878868686939393A1A1A1AEAEAEBB
310
BBBBC9C9C9D6D6D6E4E4E4F1F1F1FFFFFF000000000000000000000000000000000000000000000000000000000000AD4AB4E4000002AD4944415478DAEDDD6D8EC220108061EE7F192FD253CC6F0FB17E75055BCA4761A0F092984D342EE5E9C0142A6A64F262C44C5D000000000000000000000000000000000000000000
310
0000000000000000000000000000000000000000000000000000000000000000000000000000000000000000000060688009B64A06006A518BF472CE9B006CED6702F0C5DF1C00EB1EE5F743A60358CFFBBBA60EA24015C00A7BEB6F5B023D00B7D37F6B6A4CA004B019F3EC9A9A8E873A008FF6DDDC26BA3535245000D8CD
310
78BF35354B8BD5013C197F53D333445A10D40678C5FE33E507013E1706DA063501AC931F07D0A227540370433F02C04893F1B012C06FCF8F07F08E1A5702D83621054097A03CC0FE42431280E658501AC097F51201AC39F3B500D6B9AE390D60BE93E6AB001C24BD2C009D0973310071E6BA852240212F16020824BDFC08A8
310
3E2216010826BD730055A3E03480B8B1EF395B27012A46412AC0CF5144DD6D2801508D20390264117FFB13BA8048C61315084E00FC7F0B67B8B92522C07CE7CBD2018058EBFBDE71A1DE379F4A6380E35B3BFAF734950142A7C11926A20F24E14D2511D2B3C0E20F7D2D80351B9520C801B805F035008A5D1C65748150FB95
310
004C338047E903609136634047000512C9B52300804E0172C6A6F43701D00A20987D060790D901C2C7FA7ADD3F6BF17C46D39AEDEEAEA8ECDC6D92C355A850FE1F07C01CCE4D7CFF30FB4A301AC0B336E279C599DC785754B200CCDE6FA70000000000003008C0F1750011000000B3030C7B29BC4401041643010000806380
310
EEB7BD662F88C402DCFB2DA73ECB3F0480C6E6E9D9778F4F560000000000000000000000000000000000000000000000000000000000000000000000000000000000000000000000000000000000000000000000000000000000000000000000180860F262EE93973FBCEB3999873643600000000049454E44AE4260824945
310
4E44AE426082
  0
ACDSRECORD
 90
        0
  2
AcDbDs::ID
280
    10
320
73
  2
Thumbnail_Data
280
    15
 94
     1081
310
89504E470D0A1A0A0000000D494844520000010000000065080300000095E2CD0900000300504C5445FFFFFFFFFFFFFFFFFF0000000000000000000000000000000000000000000000000000330000660000990000CC0000FF0033000033330033660033990033CC0033FF0066000066330066660066990066CC0066FF0099
310
000099330099660099990099CC0099FF00CC0000CC3300CC6600CC9900CCCC00CCFF00FF0000FF3300FF6600FF9900FFCC00FFFF3300003300333300663300993300CC3300FF3333003333333333663333993333CC3333FF3366003366333366663366993366CC3366FF3399003399333399663399993399CC3399FF33CC00
310
33CC3333CC6633CC9933CCCC33CCFF33FF0033FF3333FF6633FF9933FFCC33FFFF6600006600336600666600996600CC6600FF6633006633336633666633996633CC6633FF6666006666336666666666996666CC6666FF6699006699336699666699996699CC6699FF66CC0066CC3366CC6666CC9966CCCC66CCFF66FF0066
310
FF3366FF6666FF9966FFCC66FFFF9900009900339900669900999900CC9900FF9933009933339933669933999933CC9933FF9966009966339966669966999966CC9966FF9999009999339999669999999999CC9999FF99CC0099CC3399CC6699CC9999CCCC99CCFF99FF0099FF3399FF6699FF9999FFCC99FFFFCC0000CC00
310
33CC0066CC0099CC00CCCC00FFCC3300CC3333CC3366CC3399CC33CCCC33FFCC6600CC6633CC6666CC6699CC66CCCC66FFCC9900CC9933CC9966CC9999CC99CCCC99FFCCCC00CCCC33CCCC66CCCC99CCCCCCCCCCFFCCFF00CCFF33CCFF66CCFF99CCFFCCCCFFFFFF0000FF0033FF0066FF0099FF00CCFF00FFFF3300FF3333
310
FF3366FF3399FF33CCFF33FFFF6600FF6633FF6666FF6699FF66CCFF66FFFF9900FF9933FF9966FF9999FF99CCFF99FFFFCC00FFCC33FFCC66FFCC99FFCCCCFFCCFFFFFF00FFFF33FFFF66FFFF99FFFFCCFFFFFF0000000D0D0D1A1A1A2828283535354343435050505D5D5D6B6B6B787878868686939393A1A1A1AEAEAEBB
310
BBBBC9C9C9D6D6D6E4E4E4F1F1F1FFFFFF000000000000000000000000000000000000000000000000000000000000AD4AB4E4000000D54944415478DAEDD8410E8230104051EE7F364F3127314602A52D51E24666DE5B191626F36D0BB82C000000000000FF2F8A8FFF527BFABA09D6C163FF5870FAED0C2856A05DF651EF
310
3078CF3A0428B211B65F7A0C50611944BFF78F019227982EFD2EC0927727F4F7FCD300D996C1BEB9BF0E902BC17ABC6FC3C7159996FEF8FC5BA4403FC6C950B3CB3912F4335C08F061B9DC25C0A37A80106032D3B0CB63B82E40730F9D1DA9370ED03C0545F312707C3A1240000104106008D07ED16DFE00F849F900F95F97
310
010000000000000000000000A69EE1AECCE1933A30080000000049454E44AE42608200000000000000C05FF902D7506936DAE3D91E0000000049454E44AE426082
  0
ENDSEC
  0
EOF
