  0
SECTION
  2
HEADER
  9
$ACADVER
  1
AC1032
  9
$ACADMAINTVER
 90
      204
  9
$DWGCODEPAGE
  3
ANSI_1252
  9
$LASTSAVEDBY
  1
duda-
  9
$REQUIREDVERSIONS
160
                 0
  9
$INSBASE
 10
0.0
 20
0.0
 30
0.0
  9
$EXTMIN
 10
-2423.375389055104
 20
-34322.77237936373
 30
0.0
  9
$EXTMAX
 10
9562.675429524016
 20
-13624.14650841295
 30
0.0
  9
$LIMMIN
 10
0.0
 20
0.0
  9
$LIMMAX
 10
12.0
 20
9.0
  9
$ORTHOMODE
 70
     0
  9
$REGENMODE
 70
     1
  9
$FILLMODE
 70
     1
  9
$QTEXTMODE
 70
     0
  9
$MIRRTEXT
 70
     0
  9
$LTSCALE
 40
1.0
  9
$ATTMODE
 70
     1
  9
$TEXTSIZE
 40
0.2
  9
$TRACEWID
 40
0.05
  9
$TEXTSTYLE
  7
Standard
  9
$CLAYER
  8
0
  9
$CELTYPE
  6
ByLayer
  9
$CECOLOR
 62
   256
  9
$CELTSCALE
 40
1.0
  9
$DISPSILH
 70
     0
  9
$DIMSCALE
 40
1.0
  9
$DIMASZ
 40
0.18
  9
$DIMEXO
 40
0.0625
  9
$DIMDLI
 40
0.38
  9
$DIMRND
 40
0.0
  9
$DIMDLE
 40
0.0
  9
$DIMEXE
 40
0.18
  9
$DIMTP
 40
0.0
  9
$DIMTM
 40
0.0
  9
$DIMTXT
 40
0.18
  9
$DIMCEN
 40
0.09
  9
$DIMTSZ
 40
0.0
  9
$DIMTOL
 70
     0
  9
$DIMLIM
 70
     0
  9
$DIMTIH
 70
     1
  9
$DIMTOH
 70
     1
  9
$DIMSE1
 70
     0
  9
$DIMSE2
 70
     0
  9
$DIMTAD
 70
     0
  9
$DIMZIN
 70
     0
  9
$DIMBLK
  1

  9
$DIMASO
 70
     1
  9
$DIMSHO
 70
     1
  9
$DIMPOST
  1

  9
$DIMAPOST
  1

  9
$DIMALT
 70
     0
  9
$DIMALTD
 70
     2
  9
$DIMALTF
 40
25.4
  9
$DIMLFAC
 40
1.0
  9
$DIMTOFL
 70
     0
  9
$DIMTVP
 40
0.0
  9
$DIMTIX
 70
     0
  9
$DIMSOXD
 70
     0
  9
$DIMSAH
 70
     0
  9
$DIMBLK1
  1

  9
$DIMBLK2
  1

  9
$DIMSTYLE
  2
Standard
  9
$DIMCLRD
 70
     0
  9
$DIMCLRE
 70
     0
  9
$DIMCLRT
 70
     0
  9
$DIMTFAC
 40
1.0
  9
$DIMGAP
 40
0.09
  9
$DIMJUST
 70
     0
  9
$DIMSD1
 70
     0
  9
$DIMSD2
 70
     0
  9
$DIMTOLJ
 70
     1
  9
$DIMTZIN
 70
     0
  9
$DIMALTZ
 70
     0
  9
$DIMALTTZ
 70
     0
  9
$DIMUPT
 70
     0
  9
$DIMDEC
 70
     4
  9
$DIMTDEC
 70
     4
  9
$DIMALTU
 70
     2
  9
$DIMALTTD
 70
     2
  9
$DIMTXSTY
  7
Standard
  9
$DIMAUNIT
 70
     0
  9
$DIMADEC
 70
     0
  9
$DIMALTRND
 40
0.0
  9
$DIMAZIN
 70
     0
  9
$DIMDSEP
 70
    46
  9
$DIMATFIT
 70
     3
  9
$DIMFRAC
 70
     0
  9
$DIMLDRBLK
  1

  9
$DIMLUNIT
 70
     2
  9
$DIMLWD
 70
    -2
  9
$DIMLWE
 70
    -2
  9
$DIMTMOVE
 70
     0
  9
$DIMFXL
 40
1.0
  9
$DIMFXLON
 70
     0
  9
$DIMJOGANG
 40
0.7853981633974483
  9
$DIMTFILL
 70
     0
  9
$DIMTFILLCLR
 70
     0
  9
$DIMARCSYM
 70
     0
  9
$DIMLTYPE
  6

  9
$DIMLTEX1
  6

  9
$DIMLTEX2
  6

  9
$DIMTXTDIRECTION
 70
     0
  9
$LUNITS
 70
     2
  9
$LUPREC
 70
     4
  9
$SKETCHINC
 40
0.1
  9
$FILLETRAD
 40
0.0
  9
$AUNITS
 70
     0
  9
$AUPREC
 70
     0
  9
$MENU
  1
.
  9
$ELEVATION
 40
0.0
  9
$PELEVATION
 40
0.0
  9
$THICKNESS
 40
0.0
  9
$LIMCHECK
 70
     0
  9
$CHAMFERA
 40
0.0
  9
$CHAMFERB
 40
0.0
  9
$CHAMFERC
 40
0.0
  9
$CHAMFERD
 40
0.0
  9
$SKPOLY
 70
     0
  9
$TDCREATE
 40
2460730.668622685
  9
$TDUCREATE
 40
2460730.793622685
  9
$TDUPDATE
 40
2460739.049618056
  9
$TDUUPDATE
 40
2460739.174618056
  9
$TDINDWG
 40
0.0213425926
  9
$TDUSRTIMER
 40
0.0213425926
  9
$USRTIMER
 70
     1
  9
$ANGBASE
 50
0.0
  9
$ANGDIR
 70
     0
  9
$PDMODE
 70
     0
  9
$PDSIZE
 40
0.0
  9
$PLINEWID
 40
0.0
  9
$SPLFRAME
 70
     0
  9
$SPLINETYPE
 70
     6
  9
$SPLINESEGS
 70
     8
  9
$HANDSEED
  5
6CA
  9
$SURFTAB1
 70
     6
  9
$SURFTAB2
 70
     6
  9
$SURFTYPE
 70
     6
  9
$SURFU
 70
     6
  9
$SURFV
 70
     6
  9
$UCSBASE
  2

  9
$UCSNAME
  2

  9
$UCSORG
 10
0.0
 20
0.0
 30
0.0
  9
$UCSXDIR
 10
1.0
 20
0.0
 30
0.0
  9
$UCSYDIR
 10
0.0
 20
1.0
 30
0.0
  9
$UCSORTHOREF
  2

  9
$UCSORTHOVIEW
 70
     0
  9
$UCSORGTOP
 10
0.0
 20
0.0
 30
0.0
  9
$UCSORGBOTTOM
 10
0.0
 20
0.0
 30
0.0
  9
$UCSORGLEFT
 10
0.0
 20
0.0
 30
0.0
  9
$UCSORGRIGHT
 10
0.0
 20
0.0
 30
0.0
  9
$UCSORGFRONT
 10
0.0
 20
0.0
 30
0.0
  9
$UCSORGBACK
 10
0.0
 20
0.0
 30
0.0
  9
$PUCSBASE
  2

  9
$PUCSNAME
  2

  9
$PUCSORG
 10
0.0
 20
0.0
 30
0.0
  9
$PUCSXDIR
 10
1.0
 20
0.0
 30
0.0
  9
$PUCSYDIR
 10
0.0
 20
1.0
 30
0.0
  9
$PUCSORTHOREF
  2

  9
$PUCSORTHOVIEW
 70
     0
  9
$PUCSORGTOP
 10
0.0
 20
0.0
 30
0.0
  9
$PUCSORGBOTTOM
 10
0.0
 20
0.0
 30
0.0
  9
$PUCSORGLEFT
 10
0.0
 20
0.0
 30
0.0
  9
$PUCSORGRIGHT
 10
0.0
 20
0.0
 30
0.0
  9
$PUCSORGFRONT
 10
0.0
 20
0.0
 30
0.0
  9
$PUCSORGBACK
 10
0.0
 20
0.0
 30
0.0
  9
$USERI1
 70
     0
  9
$USERI2
 70
     0
  9
$USERI3
 70
     0
  9
$USERI4
 70
     0
  9
$USERI5
 70
     0
  9
$USERR1
 40
0.0
  9
$USERR2
 40
0.0
  9
$USERR3
 40
0.0
  9
$USERR4
 40
0.0
  9
$USERR5
 40
0.0
  9
$WORLDVIEW
 70
     1
  9
$SHADEDGE
 70
     3
  9
$SHADEDIF
 70
    70
  9
$TILEMODE
 70
     1
  9
$MAXACTVP
 70
    64
  9
$PINSBASE
 10
0.0
 20
0.0
 30
0.0
  9
$PLIMCHECK
 70
     0
  9
$PEXTMIN
 10
64.27901684485153
 20
59.47287840171589
 30
-0.0015258207003583
  9
$PEXTMAX
 10
274.3012221009852
 20
356.5108803466415
 30
0.0000000349246037
  9
$PLIMMIN
 10
64.27901684485153
 20
59.47287840171589
  9
$PLIMMAX
 10
484.5984757423225
 20
356.6684553999278
  9
$UNITMODE
 70
     0
  9
$VISRETAIN
 70
     1
  9
$PLINEGEN
 70
     0
  9
$PSLTSCALE
 70
     0
  9
$TREEDEPTH
 70
  3020
  9
$CMLSTYLE
  2
Standard
  9
$CMLJUST
 70
     0
  9
$CMLSCALE
 40
1.0
  9
$PROXYGRAPHICS
 70
     1
  9
$MEASUREMENT
 70
     1
  9
$CELWEIGHT
370
    -1
  9
$ENDCAPS
280
     0
  9
$JOINSTYLE
280
     0
  9
$LWDISPLAY
290
     0
  9
$INSUNITS
 70
     4
  9
$HYPERLINKBASE
  1

  9
$STYLESHEET
  1

  9
$XEDIT
290
     1
  9
$CEPSNTYPE
380
     0
  9
$PSTYLEMODE
290
     1
  9
$FINGERPRINTGUID
  2
{7EBBE95C-AB3D-3145-8F06-7D114BFE1805}
  9
$VERSIONGUID
  2
{551F5DED-B3CF-A040-AC39-7C4F72152058}
  9
$EXTNAMES
290
     1
  9
$PSVPSCALE
 40
0.0
  9
$OLESTARTUP
290
     0
  9
$SORTENTS
280
   127
  9
$INDEXCTL
280
     0
  9
$HIDETEXT
280
     1
  9
$XCLIPFRAME
280
     2
  9
$HALOGAP
280
     0
  9
$OBSCOLOR
 70
   257
  9
$OBSLTYPE
280
     0
  9
$INTERSECTIONDISPLAY
280
     0
  9
$INTERSECTIONCOLOR
 70
   257
  9
$DIMASSOC
280
     2
  9
$PROJECTNAME
  1

  9
$CAMERADISPLAY
290
     0
  9
$LENSLENGTH
 40
50.0
  9
$CAMERAHEIGHT
 40
0.0
  9
$STEPSPERSEC
 40
2.0
  9
$STEPSIZE
 40
6.0
  9
$3DDWFPREC
 40
2.0
  9
$PSOLWIDTH
 40
0.25
  9
$PSOLHEIGHT
 40
4.0
  9
$LOFTANG1
 40
1.570796326794896
  9
$LOFTANG2
 40
1.570796326794896
  9
$LOFTMAG1
 40
0.0
  9
$LOFTMAG2
 40
0.0
  9
$LOFTPARAM
 70
     7
  9
$LOFTNORMALS
280
     1
  9
$LATITUDE
 40
0.0
  9
$LONGITUDE
 40
0.0
  9
$NORTHDIRECTION
 40
0.0
  9
$TIMEZONE
 70
     0
  9
$LIGHTGLYPHDISPLAY
280
     1
  9
$TILEMODELIGHTSYNCH
280
     1
  9
$CMATERIAL
347
11
  9
$SOLIDHIST
280
     0
  9
$SHOWHIST
280
     1
  9
$DWFFRAME
280
     2
  9
$DGNFRAME
280
     0
  9
$REALWORLDSCALE
290
     1
  9
$INTERFERECOLOR
 62
     1
  9
$INTERFEREOBJVS
345
33
  9
$INTERFEREVPVS
346
30
  9
$CSHADOW
280
     0
  9
$SHADOWPLANELOCATION
 40
0.0
  0
ENDSEC
  0
SECTION
  2
CLASSES
  0
CLASS
  1
ACDBDICTIONARYWDFLT
  2
AcDbDictionaryWithDefault
  3
ObjectDBX Classes
 90
        0
 91
        1
280
     0
281
     0
  0
CLASS
  1
MATERIAL
  2
AcDbMaterial
  3
ObjectDBX Classes
 90
     1153
 91
        3
280
     0
281
     0
  0
CLASS
  1
VISUALSTYLE
  2
AcDbVisualStyle
  3
ObjectDBX Classes
 90
     4095
 91
       24
280
     0
281
     0
  0
CLASS
  1
SCALE
  2
AcDbScale
  3
ObjectDBX Classes
 90
     1153
 91
       17
280
     0
281
     0
  0
CLASS
  1
TABLESTYLE
  2
AcDbTableStyle
  3
ObjectDBX Classes
 90
     4095
 91
        1
280
     0
281
     0
  0
CLASS
  1
MLEADERSTYLE
  2
AcDbMLeaderStyle
  3
ACDB_MLEADERSTYLE_CLASS
 90
     4095
 91
        1
280
     0
281
     0
  0
CLASS
  1
ACDBSECTIONVIEWSTYLE
  2
AcDbSectionViewStyle
  3
ObjectDBX Classes
 90
     1025
 91
        2
280
     0
281
     0
  0
CLASS
  1
ACDBDETAILVIEWSTYLE
  2
AcDbDetailViewStyle
  3
ObjectDBX Classes
 90
     1025
 91
        2
280
     0
281
     0
  0
CLASS
  1
RASTERVARIABLES
  2
AcDbRasterVariables
  3
ISM
 90
        0
 91
        1
280
     0
281
     0
  0
CLASS
  1
DICTIONARYVAR
  2
AcDbDictionaryVar
  3
ObjectDBX Classes
 90
        0
 91
        5
280
     0
281
     0
  0
CLASS
  1
SORTENTSTABLE
  2
AcDbSortentsTable
  3
ObjectDBX Classes
 90
        0
 91
        1
280
     0
281
     0
  0
CLASS
  1
SUN
  2
AcDbSun
  3
SCENEOE
 90
     1153
 91
        1
280
     0
281
     0
  0
CLASS
  1
RAPIDRTRENDERSETTINGS
  2
AcDbRapidRTRenderSettings
  3
ObjectDBX Classes
 90
     1024
 91
        7
280
     0
281
     0
  0
CLASS
  1
CELLSTYLEMAP
  2
AcDbCellStyleMap
  3
ObjectDBX Classes
 90
     1152
 91
        1
280
     0
281
     0
  0
ENDSEC
  0
SECTION
  2
TABLES
  0
TABLE
  2
VPORT
  5
8
330
0
100
AcDbSymbolTable
 70
     1
  0
VPORT
  5
57
330
8
100
AcDbSymbolTableRecord
100
AcDbViewportTableRecord
  2
*Active
 70
     0
 10
0.0
 20
0.0
 11
1.0
 21
1.0
 12
-11023.54214948756
 22
-29005.99122796574
 13
0.0
 23
0.0
 14
1.0
 24
1.0
 15
0.0
 25
0.0
 16
0.0
 26
0.0
 36
1.0
 17
0.0
 27
0.0
 37
0.0
 40
33970.19486170174
 41
2.531208499335989
 42
50.0
 43
0.0
 44
0.0
 50
0.0
 51
0.0
 71
     0
 72
  1000
 73
     1
 74
     1
 75
     0
 76
     0
 77
     0
 78
     0
281
     0
 65
     1
110
0.0
120
0.0
130
0.0
111
1.0
121
0.0
131
0.0
112
0.0
122
1.0
132
0.0
 79
     0
146
0.0
348
2F
 60
     3
 61
     5
292
     1
282
     1
141
0.0
142
0.0
 63
   250
421
  3355443
361
472
1001
ACAD_NAV_VCDISPLAY
1070
     3
  0
ENDTAB
  0
TABLE
  2
LTYPE
  5
5
330
0
100
AcDbSymbolTable
 70
     1
  0
LTYPE
  5
5B
330
5
100
AcDbSymbolTableRecord
100
AcDbLinetypeTableRecord
  2
ByBlock
 70
     0
  3

 72
    65
 73
     0
 40
0.0
  0
LTYPE
  5
5C
330
5
100
AcDbSymbolTableRecord
100
AcDbLinetypeTableRecord
  2
ByLayer
 70
     0
  3

 72
    65
 73
     0
 40
0.0
  0
LTYPE
  5
5D
330
5
100
AcDbSymbolTableRecord
100
AcDbLinetypeTableRecord
  2
Continuous
 70
     0
  3
Solid line
 72
    65
 73
     0
 40
0.0
  0
ENDTAB
  0
TABLE
  2
LAYER
  5
2
102
{ACAD_XDICTIONARY
360
48F
102
}
330
0
100
AcDbSymbolTable
 70
     7
  0
LAYER
  5
54
330
2
100
AcDbSymbolTableRecord
100
AcDbLayerTableRecord
  2
0
 70
     0
 62
   250
  6
Continuous
370
    25
390
F
347
21
348
0
  0
LAYER
  5
81
330
2
100
AcDbSymbolTableRecord
100
AcDbLayerTableRecord
  2
A-ALV-___-___-EXI
 70
     0
 62
   250
  6
Continuous
370
    35
390
F
347
21
348
0
  0
LAYER
  5
82
330
2
100
AcDbSymbolTableRecord
100
AcDbLayerTableRecord
  2
A-POR-___-___-EXI
 70
     0
 62
   250
  6
Continuous
370
    25
390
F
347
21
348
0
  0
LAYER
  5
138
330
2
100
AcDbSymbolTableRecord
100
AcDbLayerTableRecord
  2
A-JAN-___-___-EXI
 70
     0
 62
   250
  6
Continuous
370
    25
390
F
347
21
348
0
  0
LAYER
  5
45B
330
2
100
AcDbSymbolTableRecord
100
AcDbLayerTableRecord
  2
A-MOB-___-___-EXI
 70
     0
 62
   250
  6
Continuous
370
    25
390
F
347
21
348
0
  0
LAYER
  5
461
330
2
100
AcDbSymbolTableRecord
100
AcDbLayerTableRecord
  2
A-ESC-___-___-EXI
 70
     0
 62
   250
  6
Continuous
370
    25
390
F
347
21
348
0
  0
LAYER
  5
463
330
2
100
AcDbSymbolTableRecord
100
AcDbLayerTableRecord
  2
A-VEG-___-___-EXI
 70
     0
 62
   250
  6
Continuous
370
    25
390
F
347
21
348
0
  0
ENDTAB
  0
TABLE
  2
STYLE
  5
3
330
0
100
AcDbSymbolTable
 70
     2
  0
STYLE
  5
55
330
3
100
AcDbSymbolTableRecord
100
AcDbTextStyleTableRecord
  2
Standard
 70
     0
 40
0.0
 41
1.0
 50
0.0
 71
     0
 42
0.2
  3
txt
  4

  0
STYLE
  5
5A
330
3
100
AcDbSymbolTableRecord
100
AcDbTextStyleTableRecord
  2
Annotative
 70
     0
 40
0.0
 41
1.0
 50
0.0
 71
     0
 42
0.2
  3
txt
  4

1001
AcadAnnotative
1000
AnnotativeData
1002
{
1070
     1
1070
     1
1002
}
  0
ENDTAB
  0
TABLE
  2
VIEW
  5
6
330
0
100
AcDbSymbolTable
 70
     0
  0
ENDTAB
  0
TABLE
  2
UCS
  5
7
330
0
100
AcDbSymbolTable
 70
     0
  0
ENDTAB
  0
TABLE
  2
APPID
  5
9
330
0
100
AcDbSymbolTable
 70
     5
  0
APPID
  5
56
330
9
100
AcDbSymbolTableRecord
100
AcDbRegAppTableRecord
  2
ACAD
 70
     0
  0
APPID
  5
5E
330
9
100
AcDbSymbolTableRecord
100
AcDbRegAppTableRecord
  2
AcadAnnotative
 70
     0
  0
APPID
  5
78
330
9
100
AcDbSymbolTableRecord
100
AcDbRegAppTableRecord
  2
REVIT
 70
     0
  0
APPID
  5
482
330
9
100
AcDbSymbolTableRecord
100
AcDbRegAppTableRecord
  2
ACAD_PSEXT
 70
     0
  0
APPID
  5
502
330
9
100
AcDbSymbolTableRecord
100
AcDbRegAppTableRecord
  2
ACAD_NAV_VCDISPLAY
 70
     0
  0
ENDTAB
  0
TABLE
  2
DIMSTYLE
  5
A
330
0
100
AcDbSymbolTable
 70
     2
100
AcDbDimStyleTable
 71
     0
  0
DIMSTYLE
105
58
330
A
100
AcDbSymbolTableRecord
100
AcDbDimStyleTableRecord
  2
Standard
 70
     0
340
55
  0
DIMSTYLE
105
59
330
A
100
AcDbSymbolTableRecord
100
AcDbDimStyleTableRecord
  2
Annotative
 70
     0
340
55
1001
AcadAnnotative
1000
AnnotativeData
1002
{
1070
     1
1070
     1
1002
}
  0
ENDTAB
  0
TABLE
  2
BLOCK_RECORD
  5
1
330
0
100
AcDbSymbolTable
 70
     1
  0
BLOCK_RECORD
  5
70
102
{ACAD_XDICTIONARY
360
470
102
}
330
1
100
AcDbSymbolTableRecord
100
AcDbBlockTableRecord
  2
*Model_Space
340
73
 70
     0
280
     1
281
     0
  0
BLOCK_RECORD
  5
6C
330
1
100
AcDbSymbolTableRecord
100
AcDbBlockTableRecord
  2
*Paper_Space
340
6F
 70
     0
280
     1
281
     0
  0
BLOCK_RECORD
  5
462
330
1
100
AcDbSymbolTableRecord
100
AcDbBlockTableRecord
  2
SVG - A4-22914404-Não nomeada
340
0
102
{BLKREFS
331
46A
102
}
 70
     0
280
     1
281
     0
  0
ENDTAB
  0
ENDSEC
  0
SECTION
  2
BLOCKS
  0
BLOCK
  5
71
330
70
100
AcDbEntity
  8
0
100
AcDbBlockBegin
  2
*Model_Space
 70
     0
 10
0.0
 20
0.0
 30
0.0
  3
*Model_Space
  1

  0
ENDBLK
  5
72
330
70
100
AcDbEntity
  8
0
100
AcDbBlockEnd
  0
BLOCK
  5
6D
330
6C
100
AcDbEntity
 67
     1
  8
0
100
AcDbBlockBegin
  2
*Paper_Space
 70
     0
 10
0.0
 20
0.0
 30
0.0
  3
*Paper_Space
  1

  0
ENDBLK
  5
6E
330
6C
100
AcDbEntity
 67
     1
  8
0
100
AcDbBlockEnd
  0
BLOCK
  5
468
330
462
100
AcDbEntity
  8
0
100
AcDbBlockBegin
  2
SVG - A4-22914404-Não nomeada
 70
     0
 10
0.0
 20
0.0
 30
0.0
  3
SVG - A4-22914404-Não nomeada
  1

  0
LINE
  5
464
330
462
100
AcDbEntity
  8
A-VEG-___-___-EXI
100
AcDbLine
 10
64.29285070883699
 20
356.4999999999859
 30
0.0
 11
64.29285070883699
 21
59.49999999998593
 31
0.0
1001
REVIT
1002
{
1070
     1
1000
22914431
1002
}
1002
{
1070
     5
1000
22914404
1002
}
1002
{
1070
     3
1000
-2000281
1002
}
  0
LINE
  5
465
330
462
100
AcDbEntity
  8
A-VEG-___-___-EXI
100
AcDbLine
 10
64.29285070883699
 20
59.49999999998593
 30
0.0
 11
274.292850708837
 21
59.49999999998593
 31
0.0
1001
REVIT
1002
{
1070
     1
1000
22914431
1002
}
1002
{
1070
     5
1000
22914404
1002
}
1002
{
1070
     3
1000
-2000281
1002
}
  0
LINE
  5
466
330
462
100
AcDbEntity
  8
A-VEG-___-___-EXI
100
AcDbLine
 10
274.292850708837
 20
59.49999999998593
 30
0.0
 11
274.292850708837
 21
356.4999999999859
 31
0.0
1001
REVIT
1002
{
1070
     1
1000
22914431
1002
}
1002
{
1070
     5
1000
22914404
1002
}
1002
{
1070
     3
1000
-2000281
1002
}
  0
LINE
  5
467
330
462
100
AcDbEntity
  8
A-VEG-___-___-EXI
100
AcDbLine
 10
274.292850708837
 20
356.4999999999859
 30
0.0
 11
64.29285070883699
 21
356.4999999999859
 31
0.0
1001
REVIT
1002
{
1070
     1
1000
22914431
1002
}
1002
{
1070
     5
1000
22914404
1002
}
1002
{
1070
     3
1000
-2000281
1002
}
  0
ENDBLK
  5
469
330
462
100
AcDbEntity
  8
0
100
AcDbBlockEnd
  0
ENDSEC
  0
SECTION
  2
ENTITIES
  0
HATCH
  5
86
330
70
100
AcDbEntity
  8
A-ALV-___-___-EXI
 62
    18
100
AcDbHatch
 10
0.0
 20
0.0
 30
0.0
210
0.0
220
0.0
230
1.0
  2
SOLID
 70
     1
 71
     0
 91
        1
 92
        1
 93
        3
 72
     1
 10
-930.7484691553746
 20
-22989.590798307
 11
-930.6915609924027
 21
-22989.58764020089
 72
     1
 10
-930.6915609924027
 20
-22989.58764020089
 11
-930.7447718996243
 21
-22979.05200044932
 72
     1
 10
-930.7447718996243
 20
-22979.05200044932
 11
-930.7484691553746
 21
-22989.590798307
 97
        0
 75
     0
 76
     1
 98
        1
 10
0.0
 20
0.0
450
        0
451
        0
460
0.0
461
0.0
452
        0
462
0.0
453
        0
470

1001
REVIT
1002
{
1070
     1
1000
22910786
1002
}
1002
{
1070
     5
1000
22910765
1002
}
1002
{
1070
     2
1000
-2002000
1002
}
  0
HATCH
  5
8A
330
70
100
AcDbEntity
  8
A-ALV-___-___-EXI
 62
    18
100
AcDbHatch
 10
0.0
 20
0.0
 30
0.0
210
0.0
220
0.0
230
1.0
  2
SOLID
 70
     1
 71
     0
 91
        1
 92
        1
 93
        3
 72
     1
 10
-2219.979935844516
 20
-29769.49626969974
 11
-709.2648594933612
 21
-29756.43627144199
 72
     1
 10
-709.2648594933612
 20
-29756.43627144199
 11
-2219.979935844516
 21
-29766.10870665195
 72
     1
 10
-2219.979935844516
 20
-29766.10870665195
 11
-2219.979935844516
 21
-29769.49626969974
 97
        0
 75
     0
 76
     1
 98
        1
 10
0.0
 20
0.0
450
        0
451
        0
460
0.0
461
0.0
452
        0
462
0.0
453
        0
470

1001
REVIT
1002
{
1070
     1
1000
22910822
1002
}
1002
{
1070
     5
1000
22910765
1002
}
1002
{
1070
     2
1000
-2002000
1002
}
  0
HATCH
  5
8E
330
70
100
AcDbEntity
  8
A-ALV-___-___-EXI
 62
    18
100
AcDbHatch
 10
0.0
 20
0.0
 30
0.0
210
0.0
220
0.0
230
1.0
  2
SOLID
 70
     1
 71
     0
 91
        1
 92
        1
 93
        3
 72
     1
 10
7623.824651607424
 20
-34181.5028025229
 11
7624.17543491606
 21
-34181.48203538351
 72
     1
 10
7624.17543491606
 20
-34181.48203538351
 11
7624.185007459002
 21
-34120.81826300962
 72
     1
 10
7624.185007459002
 20
-34120.81826300962
 11
7623.824651607424
 21
-34181.5028025229
 97
        0
 75
     0
 76
     1
 98
        1
 10
0.0
 20
0.0
450
        0
451
        0
460
0.0
461
0.0
452
        0
462
0.0
453
        0
470

1001
REVIT
1002
{
1070
     1
1000
22910927
1002
}
1002
{
1070
     5
1000
22910765
1002
}
1002
{
1070
     2
1000
-2002000
1002
}
  0
HATCH
  5
92
330
70
100
AcDbEntity
  8
A-ALV-___-___-EXI
 62
    18
100
AcDbHatch
 10
0.0
 20
0.0
 30
0.0
210
0.0
220
0.0
230
1.0
  2
SOLID
 70
     1
 71
     0
 91
        1
 92
        1
 93
        3
 72
     1
 10
8942.404993491292
 20
-14776.01933411924
 11
8943.39972485036
 21
-14776.01213364428
 72
     1
 10
8943.39972485036
 20
-14776.01213364428
 11
8932.295170687483
 21
-14579.22708468263
 72
     1
 10
8932.295170687483
 20
-14579.22708468263
 11
8942.404993491292
 21
-14776.01933411924
 97
        0
 75
     0
 76
     1
 98
        1
 10
0.0
 20
0.0
450
        0
451
        0
460
0.0
461
0.0
452
        0
462
0.0
453
        0
470

1001
REVIT
1002
{
1070
     1
1000
22910945
1002
}
1002
{
1070
     5
1000
22910765
1002
}
1002
{
1070
     2
1000
-2002000
1002
}
  0
HATCH
  5
96
330
70
100
AcDbEntity
  8
A-ALV-___-___-EXI
 62
    18
100
AcDbHatch
 10
0.0
 20
0.0
 30
0.0
210
0.0
220
0.0
230
1.0
  2
SOLID
 70
     1
 71
     0
 91
        1
 92
        1
 93
        3
 72
     1
 10
269.4464072345848
 20
-29927.46754884877
 11
269.8070327134853
 21
-29927.42964558359
 72
     1
 10
269.8070327134853
 20
-29927.42964558359
 11
269.8070327134864
 21
-29748.63412397788
 72
     1
 10
269.8070327134864
 20
-29748.63412397788
 11
269.4464072345848
 21
-29927.46754884877
 97
        0
 75
     0
 76
     1
 98
        1
 10
0.0
 20
0.0
450
        0
451
        0
460
0.0
461
0.0
452
        0
462
0.0
453
        0
470

1001
REVIT
1002
{
1070
     1
1000
22910960
1002
}
1002
{
1070
     5
1000
22910765
1002
}
1002
{
1070
     2
1000
-2002000
1002
}
  0
HATCH
  5
9A
330
70
100
AcDbEntity
  8
A-ALV-___-___-EXI
 62
    18
100
AcDbHatch
 10
0.0
 20
0.0
 30
0.0
210
0.0
220
0.0
230
1.0
  2
SOLID
 70
     1
 71
     0
 91
        1
 92
        1
 93
        3
 72
     1
 10
4885.020585794983
 20
-29749.96140944842
 11
4885.017155438895
 21
-29748.85812351134
 72
     1
 10
4885.017155438895
 20
-29748.85812351134
 11
4874.671349571892
 21
-29749.9455115252
 72
     1
 10
4874.671349571892
 20
-29749.9455115252
 11
4885.020585794983
 21
-29749.96140944842
 97
        0
 75
     0
 76
     1
 98
        1
 10
0.0
 20
0.0
450
        0
451
        0
460
0.0
461
0.0
452
        0
462
0.0
453
        0
470

1001
REVIT
1002
{
1070
     1
1000
22910981
1002
}
1002
{
1070
     5
1000
22910765
1002
}
1002
{
1070
     2
1000
-2002000
1002
}
  0
HATCH
  5
A1
330
70
100
AcDbEntity
  8
A-ALV-___-___-EXI
 62
    18
100
AcDbHatch
 10
0.0
 20
0.0
 30
0.0
210
0.0
220
0.0
230
1.0
  2
SOLID
 70
     1
 71
     0
 91
        2
 92
        1
 93
        3
 72
     1
 10
282.2991809831056
 20
-34227.94488358159
 11
283.6603162836818
 21
-34118.0900330278
 72
     1
 10
283.6603162836818
 20
-34118.0900330278
 11
282.2991809831056
 21
-34118.23309411266
 72
     1
 10
282.2991809831056
 20
-34118.23309411266
 11
282.2991809831056
 21
-34227.94488358159
 97
        0
 92
        1
 93
        3
 72
     1
 10
-316.6650799766429
 20
-34181.47101375919
 11
-316.6650799766429
 21
-34181.18677471228
 72
     1
 10
-316.6650799766429
 20
-34181.18677471228
 11
-317.9217000930793
 21
-34181.31885080863
 72
     1
 10
-317.9217000930793
 20
-34181.31885080863
 11
-316.6650799766429
 21
-34181.47101375919
 97
        0
 75
     0
 76
     1
 98
        1
 10
0.0
 20
0.0
450
        0
451
        0
460
0.0
461
0.0
452
        0
462
0.0
453
        0
470

1001
REVIT
1002
{
1070
     1
1000
22911029
1002
}
1002
{
1070
     5
1000
22910765
1002
}
1002
{
1070
     2
1000
-2002000
1002
}
  0
HATCH
  5
A9
330
70
100
AcDbEntity
  8
A-ALV-___-___-EXI
 62
    18
100
AcDbHatch
 10
0.0
 20
0.0
 30
0.0
210
0.0
220
0.0
230
1.0
  2
SOLID
 70
     1
 71
     0
 91
        2
 92
        1
 93
        4
 72
     1
 10
-2219.979935844516
 20
-26994.79719198481
 11
-2065.045044127116
 21
-26986.25603048254
 72
     1
 10
-2065.045044127116
 20
-26986.25603048254
 11
-2170.058340784625
 21
-26989.49626969974
 72
     1
 10
-2170.058340784625
 20
-26989.49626969974
 11
-2219.979935844516
 21
-26994.74324077175
 72
     1
 10
-2219.979935844516
 20
-26994.74324077175
 11
-2219.979935844516
 21
-26994.79719198481
 97
        0
 92
        1
 93
        3
 72
     1
 10
-943.8546519096536
 20
-26924.44769209874
 11
-943.356020004232
 21
-26924.42020380617
 72
     1
 10
-943.356020004232
 20
-26924.42020380617
 11
-943.5681611253079
 21
-26882.41673976389
 72
     1
 10
-943.5681611253079
 20
-26882.41673976389
 11
-943.8546519096536
 21
-26924.44769209874
 97
        0
 75
     0
 76
     1
 98
        1
 10
0.0
 20
0.0
450
        0
451
        0
460
0.0
461
0.0
452
        0
462
0.0
453
        0
470

1001
REVIT
1002
{
1070
     1
1000
22911080
1002
}
1002
{
1070
     5
1000
22910765
1002
}
1002
{
1070
     2
1000
-2002000
1002
}
  0
HATCH
  5
137
330
70
100
AcDbEntity
  8
A-ALV-___-___-EXI
 62
    11
100
AcDbHatch
 10
0.0
 20
0.0
 30
0.0
210
0.0
220
0.0
230
1.0
  2
SOLID
 70
     1
 71
     0
 91
       11
 92
        1
 93
       24
 72
     1
 10
9332.800794348912
 20
-34322.77237936373
 11
9562.675429524016
 21
-26849.86244044577
 72
     1
 10
9562.675429524016
 20
-26849.86244044577
 11
8932.295170687488
 21
-14579.22708468264
 72
     1
 10
8932.295170687488
 20
-14579.22708468264
 11
1969.965809096955
 21
-14575.06224986216
 72
     1
 10
1969.965809096955
 20
-14575.06224986216
 11
1970.349583144973
 21
-14776.16687539077
 72
     1
 10
1970.349583144973
 20
-14776.16687539077
 11
3656.81172818872
 21
-14781.33412772594
 72
     1
 10
3656.81172818872
 20
-14781.33412772594
 11
3654.629002122064
 21
-19698.00711802004
 72
     1
 10
3654.629002122064
 20
-19698.00711802004
 11
2374.19450100357
 21
-19696.89317727776
 72
     1
 10
2374.19450100357
 20
-19696.89317727776
 11
2375.006507066004
 21
-19856.44669057807
 72
     1
 10
2375.006507066004
 20
-19856.44669057807
 11
3894.933416724582
 21
-19857.93118224107
 72
     1
 10
3894.933416724582
 20
-19857.93118224107
 11
3895.322759832313
 21
-19497.1064402485
 72
     1
 10
3895.322759832313
 20
-19497.1064402485
 11
3804.320409344503
 21
-19497.09284118931
 72
     1
 10
3804.320409344503
 20
-19497.09284118931
 11
3806.387380404855
 21
-17496.60069581273
 72
     1
 10
3806.387380404855
 20
-17496.60069581273
 11
3895.804607674478
 21
-17496.78089803558
 72
     1
 10
3895.804607674478
 20
-17496.78089803558
 11
3896.359904707241
 21
-17137.5351021684
 72
     1
 10
3896.359904707241
 20
-17137.5351021684
 11
3806.942637248403
 21
-17137.52173997823
 72
     1
 10
3806.942637248403
 20
-17137.52173997823
 11
3807.424525279785
 21
-15137.02935773262
 72
     1
 10
3807.424525279785
 20
-15137.02935773262
 11
3896.841752549406
 21
-15137.20955995547
 72
     1
 10
3896.841752549406
 20
-15137.20955995547
 11
3897.896776395947
 21
-14782.07280263898
 72
     1
 10
3897.896776395947
 20
-14782.07280263898
 11
8744.451341481674
 21
-14796.92245133559
 72
     1
 10
8744.451341481674
 20
-14796.92245133559
 11
9363.317638375781
 21
-26851.65912559915
 72
     1
 10
9363.317638375781
 20
-26851.65912559915
 11
9139.371966949589
 21
-34122.80094351023
 72
     1
 10
9139.371966949589
 20
-34122.80094351023
 11
9024.35578722096
 21
-34122.67068858223
 72
     1
 10
9024.35578722096
 20
-34122.67068858223
 11
9022.998398222094
 21
-34322.2645971397
 72
     1
 10
9022.998398222094
 20
-34322.2645971397
 11
9332.800794348912
 21
-34322.77237936373
 97
        0
 92
        1
 93
       19
 72
     1
 10
7622.99405167224
 20
-34321.37724708945
 11
7624.185007459006
 21
-34120.81826300964
 72
     1
 10
7624.185007459006
 20
-34120.81826300964
 11
7512.916680351657
 21
-34120.81826300964
 72
     1
 10
7512.916680351657
 20
-34120.81826300964
 11
7512.916680351669
 21
-25665.26797654018
 72
     1
 10
7512.916680351669
 20
-25665.26797654018
 11
7314.797673779207
 21
-25665.48450108803
 72
     1
 10
7314.797673779207
 20
-25665.48450108803
 11
7311.872391282924
 21
-26650.17820576283
 72
     1
 10
7311.872391282924
 20
-26650.17820576283
 11
5093.265728743563
 21
-26649.22141719819
 72
     1
 10
5093.265728743563
 20
-26649.22141719819
 11
5092.063169385343
 21
-26142.94194156686
 72
     1
 10
5092.063169385343
 20
-26142.94194156686
 11
4883.044619037606
 21
-26143.3417308198
 72
     1
 10
4883.044619037606
 20
-26143.3417308198
 11
4892.695002912543
 21
-26679.98558143271
 72
     1
 10
4892.695002912543
 20
-26679.98558143271
 11
4891.551944365033
 21
-26848.4460703047
 72
     1
 10
4891.551944365033
 20
-26848.4460703047
 11
7313.369140718733
 21
-26850.00854711537
 72
     1
 10
7313.369140718733
 20
-26850.00854711537
 11
7311.748342097705
 21
-29750.17119701669
 72
     1
 10
7311.748342097705
 20
-29750.17119701669
 11
6146.329687656797
 21
-29750.73470192529
 72
     1
 10
6146.329687656797
 20
-29750.73470192529
 11
6144.970665428777
 21
-29950.11632817279
 72
     1
 10
6144.970665428777
 20
-29950.11632817279
 11
7311.143251435739
 21
-29951.43700954627
 72
     1
 10
7311.143251435739
 20
-29951.43700954627
 11
7308.76999674505
 21
-34122.09888528578
 72
     1
 10
7308.76999674505
 20
-34122.09888528578
 11
6303.94736959319
 21
-34121.21210996192
 72
     1
 10
6303.94736959319
 20
-34121.21210996192
 11
6302.593871785023
 21
-34320.68649642044
 72
     1
 10
6302.593871785023
 20
-34320.68649642044
 11
7622.99405167224
 21
-34321.37724708945
 97
        0
 92
        1
 93
       13
 72
     1
 10
4727.806088662522
 20
-34319.28103985907
 11
4727.806088662525
 21
-34118.73334584225
 72
     1
 10
4727.806088662525
 20
-34118.73334584225
 11
3717.664973346277
 21
-34119.54180861741
 72
     1
 10
3717.664973346277
 20
-34119.54180861741
 11
3721.040875670136
 21
-29949.5431751304
 72
     1
 10
3721.040875670136
 20
-29949.5431751304
 11
4885.40709728154
 21
-29949.96210077862
 72
     1
 10
4885.40709728154
 20
-29949.96210077862
 11
4885.479054989231
 21
-29749.96211372339
 72
     1
 10
4885.479054989231
 20
-29749.96211372339
 11
3721.203898254341
 21
-29748.17361874198
 72
     1
 10
3721.203898254341
 20
-29748.17361874198
 11
3745.2386427517
 21
-26848.28646819671
 72
     1
 10
3745.2386427517
 20
-26848.28646819671
 11
3745.2386427517
 21
-26648.75532540301
 72
     1
 10
3745.2386427517
 20
-26648.75532540301
 11
3545.991855433241
 21
-26653.71569032343
 72
     1
 10
3545.991855433241
 20
-26653.71569032343
 11
3518.1381443757
 21
-34119.75987177639
 72
     1
 10
3518.1381443757
 20
-34119.75987177639
 11
3487.806088662526
 21
-34119.75987177639
 72
     1
 10
3487.806088662526
 20
-34119.75987177639
 11
3487.806088662523
 21
-34319.28103985907
 72
     1
 10
3487.806088662523
 20
-34319.28103985907
 11
4727.806088662522
 21
-34319.28103985907
 97
        0
 92
        1
 93
       16
 72
     1
 10
1583.426056532933
 20
-34318.31714047096
 11
2303.425602845761
 21
-34317.50886494715
 72
     1
 10
2303.425602845761
 20
-34317.50886494715
 11
2303.425602845763
 21
-34117.50886494716
 72
     1
 10
2303.425602845763
 20
-34117.50886494716
 11
2268.042612933024
 21
-34117.50886494716
 72
     1
 10
2268.042612933024
 20
-34117.50886494716
 11
2270.237473604728
 21
-30737.26824019572
 72
     1
 10
2270.237473604728
 20
-30737.26824019572
 11
2390.237448307683
 21
-30737.34615867973
 72
     1
 10
2390.237448307683
 20
-30737.34615867973
 11
2386.119336821493
 21
-30533.52193528933
 72
     1
 10
2386.119336821493
 20
-30533.52193528933
 11
2261.119336821492
 21
-30533.52193528933
 72
     1
 10
2261.119336821492
 20
-30533.52193528933
 11
2261.119336821499
 21
-26685.00987474701
 72
     1
 10
2261.119336821499
 20
-26685.00987474701
 11
2049.163991680455
 21
-26685.00987474701
 72
     1
 10
2049.163991680455
 20
-26685.00987474701
 11
2069.455590094188
 21
-29738.27896021323
 72
     1
 10
2069.455590094188
 20
-29738.27896021323
 11
269.8070327134865
 21
-29748.63412397789
 72
     1
 10
269.8070327134864
 20
-29748.63412397789
 11
269.8070327134853
 21
-29948.63412397788
 72
     1
 10
269.8070327134853
 20
-29948.63412397788
 11
2068.100622588237
 21
-29937.96994625743
 72
     1
 10
2068.100622588237
 20
-29937.96994625743
 11
2068.100622588231
 21
-34118.24775949621
 72
     1
 10
2068.100622588231
 20
-34118.24775949621
 11
1583.201457525153
 21
-34118.24775949621
 72
     1
 10
1583.201457525153
 20
-34118.24775949621
 11
1583.426056532933
 21
-34318.31714047096
 97
        0
 92
        1
 93
        4
 72
     1
 10
-316.6650799766429
 20
-34317.78166733335
 11
282.2991809831057
 21
-34317.78166733335
 72
     1
 10
282.2991809831056
 20
-34317.78166733335
 11
282.2991809831056
 21
-34117.33123128167
 72
     1
 10
282.2991809831056
 20
-34117.33123128167
 11
-316.6650799766429
 21
-34117.33123128167
 72
     1
 10
-316.6650799766429
 20
-34117.33123128167
 11
-316.6650799766429
 21
-34317.78166733335
 97
        0
 92
        1
 93
       20
 72
     1
 10
-1617.698603687173
 20
-34316.27791540571
 11
-1617.698603687173
 21
-34116.79265572616
 72
     1
 10
-1617.698603687173
 20
-34116.79265572616
 11
-2222.848220806221
 21
-34116.79265572616
 72
     1
 10
-2222.848220806221
 20
-34116.79265572616
 11
-2220.109346077946
 21
-29965.63600044467
 72
     1
 10
-2220.109346077946
 20
-29965.63600044467
 11
-699.7735170162582
 21
-29965.63600044467
 72
     1
 10
-699.7735170162582
 20
-29965.63600044467
 11
-699.7735170162582
 21
-29756.3542196255
 72
     1
 10
-699.7735170162582
 20
-29756.3542196255
 11
-2219.97993584452
 21
-29769.49626969974
 72
     1
 10
-2219.97993584452
 20
-29769.49626969974
 11
-2219.979935844516
 21
-26989.49626969974
 72
     1
 10
-2219.979935844516
 20
-26989.49626969974
 11
-944.1161598687152
 21
-26962.8134237837
 72
     1
 10
-944.1161598687152
 20
-26962.8134237837
 11
-942.7550245681402
 21
-26763.12178947817
 72
     1
 10
-942.7550245681402
 20
-26763.12178947817
 11
-2219.698325466295
 21
-26795.16506910764
 72
     1
 10
-2219.698325466295
 20
-26795.16506910764
 11
-2217.534063400037
 21
-23124.84023732375
 72
     1
 10
-2217.534063400037
 20
-23124.84023732375
 11
-930.7960761765425
 21
-23125.29165497945
 72
     1
 10
-930.7960761765425
 20
-23125.29165497945
 11
-930.7259115226038
 21
-22925.29166728715
 72
     1
 10
-930.7259115226038
 20
-22925.29166728715
 11
-2217.924005242677
 21
-22923.73626005648
 72
     1
 10
-2217.924005242677
 20
-22923.73626005648
 11
-2214.055651448406
 21
-14773.76594935715
 72
     1
 10
-2214.055651448406
 20
-14773.76594935715
 11
-1514.055730299602
 21
-14774.0982017762
 72
     1
 10
-1514.055730299602
 20
-14774.0982017762
 11
-1513.960801037014
 21
-14574.09822430512
 72
     1
 10
-1513.960801037014
 20
-14574.09822430512
 11
-2413.960801037016
 21
-14574.09822430511
 72
     1
 10
-2413.960801037016
 20
-14574.09822430511
 11
-2422.157059110443
 21
-34316.27791540571
 72
     1
 10
-2422.157059110443
 20
-34316.27791540571
 11
-1617.698603687173
 21
-34316.27791540571
 97
        0
 92
        1
 93
       17
 72
     1
 10
15.96591673486718
 20
-26938.53138344679
 11
1047.592681379174
 21
-26911.51885914333
 72
     1
 10
1047.592681379174
 20
-26911.51885914333
 11
1047.700601311635
 21
-26715.15172025224
 72
     1
 10
1047.700601311635
 20
-26715.15172025224
 11
359.7834709570625
 21
-26731.58112366248
 72
     1
 10
359.7834709570624
 20
-26731.58112366248
 11
362.4360222554788
 21
-23126.65690262862
 72
     1
 10
362.4360222554788
 20
-23126.65690262862
 11
782.4360222554786
 21
-23126.65690262862
 72
     1
 10
782.4360222554786
 20
-23126.65690262862
 11
2221.998134110098
 21
-23094.04068468129
 72
     1
 10
2221.998134110098
 20
-23094.04068468129
 11
2222.118389631801
 21
-22897.6722492675
 72
     1
 10
2222.118389631801
 20
-22897.6722492675
 11
781.9642345049749
 21
-22926.11662930278
 72
     1
 10
781.9642345049749
 20
-22926.11662930278
 11
781.9642345049759
 21
-22126.26965892356
 72
     1
 10
781.9642345049759
 20
-22126.26965892356
 11
582.2783540147192
 21
-22126.26965892356
 72
     1
 10
582.2783540147192
 20
-22126.26965892356
 11
582.2783540147169
 21
-22926.33523599914
 72
     1
 10
582.2783540147169
 20
-22926.33523599914
 11
18.9195020394435
 21
-22926.33523599914
 72
     1
 10
18.91950203944352
 20
-22926.33523599914
 11
18.91950203944244
 21
-23126.04500631444
 72
     1
 10
18.91950203944244
 20
-23126.04500631444
 11
162.7366620060542
 21
-23126.04500631444
 72
     1
 10
162.7366620060542
 20
-23126.04500631444
 11
160.7606715562108
 21
-26736.53537693627
 72
     1
 10
160.7606715562108
 20
-26736.53537693627
 11
17.4868381658517
 21
-26740.41934352798
 72
     1
 10
17.48683816585171
 20
-26740.41934352798
 11
15.96591673486718
 21
-26938.53138344679
 97
        0
 92
        1
 93
       10
 72
     1
 10
7513.08341706494
 20
-25135.24944133135
 11
7515.440086852002
 21
-22847.55029559832
 72
     1
 10
7515.440086852002
 20
-22847.55029559832
 11
6423.480472875742
 21
-22847.55029559832
 72
     1
 10
6423.480472875742
 20
-22847.55029559832
 11
6423.480472875742
 21
-23050.4620882181
 72
     1
 10
6423.480472875742
 20
-23050.4620882181
 11
7314.716610451083
 21
-23050.4620882181
 72
     1
 10
7314.716610451083
 20
-23050.4620882181
 11
7314.026567727267
 21
-24219.59814886914
 72
     1
 10
7314.026567727267
 20
-24219.59814886914
 11
5716.652690951419
 21
-24219.36101765756
 72
     1
 10
5716.652690951419
 20
-24219.36101765756
 11
5716.873594971716
 21
-24418.88637293011
 72
     1
 10
5716.873594971716
 20
-24418.88637293011
 11
7313.819814904156
 21
-24420.30011373712
 72
     1
 10
7313.819814904156
 20
-24420.30011373712
 11
7313.083523185444
 21
-25135.0434117456
 72
     1
 10
7313.083523185444
 20
-25135.0434117456
 11
7513.08341706494
 21
-25135.24944133135
 97
        0
 92
        1
 93
        6
 72
     1
 10
5049.709495001128
 20
-25103.61775097384
 11
4994.937475561599
 21
-23048.43685796794
 72
     1
 10
4994.937475561599
 20
-23048.43685796794
 11
5883.821565438518
 21
-23049.15748636011
 72
     1
 10
5883.821565438518
 20
-23049.15748636011
 11
5883.821565438518
 21
-22847.55029559832
 72
     1
 10
5883.821565438518
 20
-22847.55029559832
 11
4789.583707074999
 21
-22847.55029559832
 72
     1
 10
4789.583707074999
 20
-22847.55029559832
 11
4849.709495001128
 21
-25103.61775097384
 72
     1
 10
4849.709495001128
 20
-25103.61775097384
 11
5049.709495001128
 21
-25103.61775097384
 97
        0
 92
        1
 93
        4
 72
     1
 10
584.8119384058687
 20
-20726.10010104566
 11
783.8010498530946
 21
-20726.10010104566
 72
     1
 10
783.8010498530946
 20
-20726.10010104566
 11
783.8010498530946
 21
-19425.20495041681
 72
     1
 10
783.8010498530946
 20
-19425.20495041681
 11
584.8119384058687
 21
-19425.20495041681
 72
     1
 10
584.8119384058687
 20
-19425.20495041681
 11
584.8119384058687
 21
-20726.10010104566
 97
        0
 92
        1
 93
        8
 72
     1
 10
584.9772332052785
 20
-18475.28195161446
 11
785.5025714780509
 21
-18473.47444603172
 72
     1
 10
785.5025714780509
 20
-18473.47444603172
 11
787.2394220031528
 21
-14774.40206583709
 72
     1
 10
787.2394220031528
 20
-14774.40206583709
 11
1020.41600884899
 21
-14775.43643636706
 72
     1
 10
1020.41600884899
 20
-14775.43643636706
 11
1020.032234800971
 21
-14574.33181083846
 72
     1
 10
1020.032234800971
 20
-14574.33181083846
 11
-113.4726603049446
 21
-14573.738832076
 72
     1
 10
-113.4726603049446
 20
-14573.738832076
 11
-113.0827184623007
 21
-14774.84280934326
 72
     1
 10
-113.0827184623007
 20
-14774.84280934326
 11
586.1274698143914
 21
-14774.78673215972
 72
     1
 10
586.1274698143914
 20
-14774.78673215972
 11
584.9772332052785
 21
-18475.28195161446
 97
        0
 75
     0
 76
     1
 98
        1
 10
0.0
 20
0.0
450
        0
451
        0
460
0.0
461
0.0
452
        0
462
0.0
453
        0
470

1001
REVIT
1002
{
1070
     1
1000
22906879
1002
}
1002
{
1070
     2
1000
-2002000
1002
}
  0
LINE
  5
139
330
70
100
AcDbEntity
  8
A-ALV-___-___-EXI
100
AcDbLine
 10
-930.6915609924006
 20
-22989.58764020086
 30
0.0
 11
-930.7447718996215
 21
-22979.05200044946
 31
0.0
1001
REVIT
1002
{
1070
     1
1000
22910786
1002
}
1002
{
1070
     5
1000
22910765
1002
}
1002
{
1070
     2
1000
-2000051
1002
}
1002
{
1070
     3
1000
-2000042
1002
}
  0
LINE
  5
13A
330
70
100
AcDbEntity
  8
A-ALV-___-___-EXI
100
AcDbLine
 10
4891.547302966062
 20
-26849.13010559946
 30
0.0
 11
4900.487202875014
 21
-26848.45183503962
 31
0.0
1001
REVIT
1002
{
1070
     1
1000
22910810
1002
}
1002
{
1070
     5
1000
22910765
1002
}
1002
{
1070
     2
1000
-2000051
1002
}
1002
{
1070
     3
1000
-2000042
1002
}
  0
LINE
  5
13C
330
70
100
AcDbEntity
  8
A-ALV-___-___-EXI
100
AcDbLine
 10
5619.516764511169
 20
-26849.24408416375
 30
0.0
 11
5648.60412340783
 21
-26848.93449547401
 31
0.0
1001
REVIT
1002
{
1070
     1
1000
22910816
1002
}
1002
{
1070
     5
1000
22910765
1002
}
1002
{
1070
     2
1000
-2000051
1002
}
1002
{
1070
     3
1000
-2000042
1002
}
  0
LINE
  5
140
330
70
100
AcDbEntity
  8
A-ALV-___-___-EXI
100
AcDbLine
 10
-1616.889793094306
 20
-34231.6409152266
 30
0.0
 11
-1617.698603687171
 21
-34127.25091062235
 31
0.0
1001
REVIT
1002
{
1070
     1
1000
22910897
1002
}
1002
{
1070
     5
1000
22910765
1002
}
1002
{
1070
     2
1000
-2000051
1002
}
1002
{
1070
     3
1000
-2000042
1002
}
  0
LINE
  5
145
330
70
100
AcDbEntity
  8
A-ALV-___-___-EXI
100
AcDbLine
 10
270.1908067614922
 20
-29949.73874950645
 30
0.0
 11
386.8237565223505
 21
-29947.94019549699
 31
0.0
1001
REVIT
1002
{
1070
     1
1000
22910966
1002
}
1002
{
1070
     5
1000
22910765
1002
}
1002
{
1070
     2
1000
-2000051
1002
}
1002
{
1070
     3
1000
-2000042
1002
}
  0
LINE
  5
14C
330
70
100
AcDbEntity
  8
A-ALV-___-___-EXI
100
AcDbLine
 10
282.2991809831068
 20
-34227.9448835815
 30
0.0
 11
283.6603162836818
 21
-34118.09003302777
 31
0.0
1001
REVIT
1002
{
1070
     1
1000
22911029
1002
}
1002
{
1070
     5
1000
22910765
1002
}
1002
{
1070
     2
1000
-2000051
1002
}
1002
{
1070
     3
1000
-2000042
1002
}
  0
LINE
  5
150
330
70
100
AcDbEntity
  8
A-ALV-___-___-EXI
100
AcDbLine
 10
-2220.126433728975
 20
-26994.80526803581
 30
0.0
 11
-2065.045044127246
 21
-26986.25603048252
 31
0.0
1001
REVIT
1002
{
1070
     1
1000
22911080
1002
}
1002
{
1070
     5
1000
22910765
1002
}
1002
{
1070
     2
1000
-2000051
1002
}
1002
{
1070
     3
1000
-2000042
1002
}
  0
LINE
  5
151
330
70
100
AcDbEntity
  8
A-ALV-___-___-EXI
100
AcDbLine
 10
-943.3560200042297
 20
-26924.42020380614
 30
0.0
 11
-943.568161125305
 21
-26882.41673976385
 31
0.0
1001
REVIT
1002
{
1070
     1
1000
22911080
1002
}
1002
{
1070
     5
1000
22910765
1002
}
1002
{
1070
     2
1000
-2000051
1002
}
1002
{
1070
     3
1000
-2000042
1002
}
  0
LINE
  5
152
330
70
100
AcDbEntity
  8
A-ALV-___-___-EXI
100
AcDbLine
 10
-2157.657467487836
 20
-26988.19288539523
 30
0.0
 11
-2220.12514327376
 21
-26994.75850268753
 31
0.0
1001
REVIT
1002
{
1070
     1
1000
22911080
1002
}
1002
{
1070
     5
1000
22910765
1002
}
1002
{
1070
     2
1000
-2000051
1002
}
1002
{
1070
     3
1000
-2000042
1002
}
  0
SPLINE
  5
157
330
70
100
AcDbEntity
  8
A-MOB-___-___-EXI
100
AcDbSpline
210
0.0
220
0.0
230
1.0
 70
     9
 71
     3
 72
    17
 73
    13
 74
     0
 42
0.000000001
 43
0.0000000001
 40
0.0
 40
0.0
 40
0.0
 40
0.0
 40
1.0
 40
1.0
 40
1.0
 40
2.0
 40
2.0
 40
2.0
 40
3.0
 40
3.0
 40
3.0
 40
4.0
 40
4.0
 40
4.0
 40
4.0
 10
1111.127569265734
 20
-15344.06766655378
 30
0.0
 10
1245.731712150609
 20
-15344.14223666815
 30
0.0
 10
1354.890005086927
 20
-15235.08065413645
 30
0.0
 10
1354.964740434363
 20
-15100.47728649757
 30
0.0
 10
1355.039476647431
 20
-14965.87235979448
 30
0.0
 10
1245.977398686194
 20
-14856.71638821859
 30
0.0
 10
1111.429382436141
 20
-14856.64184919813
 30
0.0
 10
976.8252395512686
 20
-14856.56727908375
 30
0.0
 10
867.660717247268
 20
-14965.61638564689
 30
0.0
 10
867.5859818998318
 20
-15100.21975328577
 30
0.0
 10
867.5112465523882
 20
-15234.82312092465
 30
0.0
 10
976.5670804301665
 20
-15343.99312062356
 30
0.0
 10
1111.127569265734
 20
-15344.06766655378
 30
0.0
1001
REVIT
1002
{
1070
     1
1000
22907993
1002
}
1002
{
1070
     2
1000
-2000051
1002
}
1002
{
1070
     3
1000
22907988
1002
}
  0
SPLINE
  5
15B
330
70
100
AcDbEntity
  8
A-MOB-___-___-EXI
100
AcDbSpline
210
0.0
220
0.0
230
1.0
 70
     9
 71
     3
 72
    17
 73
    13
 74
     0
 42
0.000000001
 43
0.0000000001
 40
0.0
 40
0.0
 40
0.0
 40
0.0
 40
1.0
 40
1.0
 40
1.0
 40
2.0
 40
2.0
 40
2.0
 40
3.0
 40
3.0
 40
3.0
 40
4.0
 40
4.0
 40
4.0
 40
4.0
 10
1110.58601324644
 20
-16645.17388979305
 30
0.0
 10
1245.190156131314
 20
-16645.24845990744
 30
0.0
 10
1354.354678435322
 20
-16536.19935334428
 30
0.0
 10
1354.416941197241
 20
-16401.59597879565
 30
0.0
 10
1354.491674813411
 20
-16266.99572928519
 30
0.0
 10
1245.448313521148
 20
-16157.82573649605
 30
0.0
 10
1110.894060978338
 20
-16157.75119402071
 30
0.0
 10
976.2899180934629
 20
-16157.67662390634
 30
0.0
 10
867.1191525716386
 20
-16266.73819952828
 30
0.0
 10
867.0444189554698
 20
-16401.33844903874
 30
0.0
 10
866.9821561935416
 20
-16535.94182358738
 30
0.0
 10
976.0317607036283
 20
-16645.09934731771
 30
0.0
 10
1110.58601324644
 20
-16645.17388979305
 30
0.0
1001
REVIT
1002
{
1070
     1
1000
22907997
1002
}
1002
{
1070
     2
1000
-2000051
1002
}
1002
{
1070
     3
1000
22907988
1002
}
  0
LINE
  5
175
330
70
100
AcDbEntity
  8
A-ALV-___-___-EXI
100
AcDbLine
 10
7313.369140718721
 20
-26850.00854711533
 30
0.0
 11
5619.516764509064
 21
-26849.24408416375
 31
0.0
1001
REVIT
1002
{
1070
     1
1000
22908231
1002
}
1002
{
1070
     2
1000
-2000051
1002
}
1002
{
1070
     3
1000
22907988
1002
}
  0
LINE
  5
196
330
70
100
AcDbEntity
  8
A-ALV-___-___-EXI
100
AcDbLine
 10
3177.474634371739
 20
-14779.86545810613
 30
0.0
 11
3017.92706967843
 21
-14779.40563437649
 31
0.0
1001
REVIT
1002
{
1070
     1
1000
22908348
1002
}
1002
{
1070
     2
1000
-2000051
1002
}
1002
{
1070
     3
1000
22907988
1002
}
  0
LINE
  5
1A5
330
70
100
AcDbEntity
  8
A-ALV-___-___-EXI
100
AcDbLine
 10
4885.017155438608
 20
-29748.85812351131
 30
0.0
 11
4129.684344537061
 21
-29748.80110376897
 31
0.0
1001
REVIT
1002
{
1070
     1
1000
22908390
1002
}
1002
{
1070
     2
1000
-2000051
1002
}
1002
{
1070
     3
1000
22907988
1002
}
  0
LINE
  5
1AA
330
70
100
AcDbEntity
  8
A-ALV-___-___-EXI
100
AcDbLine
 10
4723.743623290014
 20
-34320.30528996491
 30
0.0
 11
3891.418980273647
 21
-34319.28103985904
 31
0.0
1001
REVIT
1002
{
1070
     1
1000
22908414
1002
}
1002
{
1070
     2
1000
-2000051
1002
}
1002
{
1070
     3
1000
22907988
1002
}
  0
LINE
  5
1C2
330
70
100
AcDbEntity
  8
A-ALV-___-___-EXI
100
AcDbLine
 10
135.6725141379332
 20
-34317.78166733331
 30
0.0
 11
175.3474901398789
 21
-34317.84802291051
 31
0.0
1001
REVIT
1002
{
1070
     1
1000
22908445
1002
}
1002
{
1070
     2
1000
-2000051
1002
}
1002
{
1070
     3
1000
22907988
1002
}
  0
LINE
  5
1C8
330
70
100
AcDbEntity
  8
A-ALV-___-___-EXI
100
AcDbLine
 10
282.2991809831068
 20
-34317.78166733331
 30
0.0
 11
175.3474901318682
 21
-34317.8480229105
 31
0.0
1001
REVIT
1002
{
1070
     1
1000
22908453
1002
}
1002
{
1070
     2
1000
-2000051
1002
}
1002
{
1070
     3
1000
22907988
1002
}
  0
LINE
  5
1C9
330
70
100
AcDbEntity
  8
A-ALV-___-___-EXI
100
AcDbLine
 10
2067.153907678402
 20
-34318.55972934408
 30
0.0
 11
1583.426056532931
 21
-34318.31714047091
 31
0.0
1001
REVIT
1002
{
1070
     1
1000
22908462
1002
}
1002
{
1070
     2
1000
-2000051
1002
}
1002
{
1070
     3
1000
22907988
1002
}
  0
LINE
  5
1E6
330
70
100
AcDbEntity
  8
A-POR-___-___-EXI
100
AcDbLine
 10
3350.248462838145
 20
-26902.57271767483
 30
0.0
 11
3360.305427252868
 21
-26891.93735660634
 31
0.0
1001
REVIT
1002
{
1070
     1
1000
22908883
1002
}
1002
{
1070
     2
1000
-2000051
1002
}
1002
{
1070
     3
1000
22907988
1002
}
  0
SPLINE
  5
1E9
330
70
100
AcDbEntity
  8
A-POR-___-___-EXI
100
AcDbSpline
210
0.0
220
0.0
230
1.0
 70
     8
 71
     3
 72
     8
 73
     4
 74
     0
 42
0.000000001
 43
0.0000000001
 40
0.0
 40
0.0
 40
0.0
 40
0.0
 40
1.0
 40
1.0
 40
1.0
 40
1.0
 10
3347.856931209756
 20
-34117.65552194733
 30
0.0
 10
3342.611318366176
 20
-33618.73054340953
 30
0.0
 10
2936.850628936811
 20
-33216.93003272065
 30
0.0
 10
2437.901561319625
 20
-33216.69398752525
 30
0.0
1001
REVIT
1002
{
1070
     1
1000
22909067
1002
}
1002
{
1070
     2
1000
-2000051
1002
}
1002
{
1070
     3
1000
22907988
1002
}
  0
SPLINE
  5
1EA
330
70
100
AcDbEntity
  8
A-POR-___-___-EXI
100
AcDbSpline
210
0.0
220
0.0
230
1.0
 70
     8
 71
     3
 72
     8
 73
     4
 74
     0
 42
0.000000001
 43
0.0000000001
 40
0.0
 40
0.0
 40
0.0
 40
0.0
 40
1.0
 40
1.0
 40
1.0
 40
1.0
 10
5513.271331710383
 20
-34120.031674147
 30
0.0
 10
5513.448096325248
 20
-33760.98156096297
 30
0.0
 10
5222.524727624712
 20
-33469.73999563596
 30
0.0
 10
4863.453718956867
 20
-33469.56253254967
 30
0.0
1001
REVIT
1002
{
1070
     1
1000
22909068
1002
}
1002
{
1070
     2
1000
-2000051
1002
}
1002
{
1070
     3
1000
22907988
1002
}
  0
SPLINE
  5
1EB
330
70
100
AcDbEntity
  8
A-POR-___-___-EXI
100
AcDbSpline
210
0.0
220
0.0
230
1.0
 70
     8
 71
     3
 72
     8
 73
     4
 74
     0
 42
0.000000001
 43
0.0000000001
 40
0.0
 40
0.0
 40
0.0
 40
0.0
 40
1.0
 40
1.0
 40
1.0
 40
1.0
 10
6163.001314954368
 20
-33470.26087671044
 30
0.0
 10
5803.938752330651
 20
-33470.04511055166
 30
0.0
 10
5512.691096926754
 20
-33760.95823257278
 30
0.0
 10
5512.51562882693
 20
-34120.02068127342
 30
0.0
1001
REVIT
1002
{
1070
     1
1000
22909069
1002
}
1002
{
1070
     2
1000
-2000051
1002
}
1002
{
1070
     3
1000
22907988
1002
}
  0
SPLINE
  5
1EC
330
70
100
AcDbEntity
  8
A-POR-___-___-EXI
100
AcDbSpline
210
0.0
220
0.0
230
1.0
 70
     8
 71
     3
 72
     8
 73
     4
 74
     0
 42
0.000000001
 43
0.0000000001
 40
0.0
 40
0.0
 40
0.0
 40
0.0
 40
1.0
 40
1.0
 40
1.0
 40
1.0
 10
8882.713636869636
 20
-34120.99193933072
 30
0.0
 10
8872.018479773103
 20
-33510.35312523358
 30
0.0
 10
8374.109757827286
 20
-33020.80505421214
 30
0.0
 10
7763.407474072095
 20
-33020.48837442763
 30
0.0
1001
REVIT
1002
{
1070
     1
1000
22909070
1002
}
1002
{
1070
     2
1000
-2000051
1002
}
1002
{
1070
     3
1000
22907988
1002
}
  0
SPLINE
  5
1EF
330
70
100
AcDbEntity
  8
A-POR-___-___-EXI
100
AcDbSpline
210
0.0
220
0.0
230
1.0
 70
     8
 71
     3
 72
     8
 73
     4
 74
     0
 42
0.000000001
 43
0.0000000001
 40
0.0
 40
0.0
 40
0.0
 40
0.0
 40
1.0
 40
1.0
 40
1.0
 40
1.0
 10
6015.058565537087
 20
-28749.67144434197
 30
0.0
 10
5463.075955671778
 20
-28749.37531980095
 30
0.0
 10
5015.400700112283
 20
-29196.57266163462
 30
0.0
 10
5015.092868315745
 20
-29748.50648244525
 30
0.0
1001
REVIT
1002
{
1070
     1
1000
22909073
1002
}
1002
{
1070
     2
1000
-2000051
1002
}
1002
{
1070
     3
1000
22907988
1002
}
  0
SPLINE
  5
1F0
330
70
100
AcDbEntity
  8
A-POR-___-___-EXI
100
AcDbSpline
210
0.0
220
0.0
230
1.0
 70
     8
 71
     3
 72
     8
 73
     4
 74
     0
 42
0.000000001
 43
0.0000000001
 40
0.0
 40
0.0
 40
0.0
 40
0.0
 40
1.0
 40
1.0
 40
1.0
 40
1.0
 10
3844.304401992782
 20
-27747.52264424476
 30
0.0
 10
4344.083510157657
 20
-27747.76498705684
 30
0.0
 10
4752.032687423046
 20
-27347.70520852751
 30
0.0
 10
4761.469545544058
 20
-26848.03835234649
 30
0.0
1001
REVIT
1002
{
1070
     1
1000
22909074
1002
}
1002
{
1070
     2
1000
-2000051
1002
}
1002
{
1070
     3
1000
22907988
1002
}
  0
SPLINE
  5
1F1
330
70
100
AcDbEntity
  8
A-POR-___-___-EXI
100
AcDbSpline
210
0.0
220
0.0
230
1.0
 70
     8
 71
     3
 72
     8
 73
     4
 74
     0
 42
0.000000001
 43
0.0000000001
 40
0.0
 40
0.0
 40
0.0
 40
0.0
 40
1.0
 40
1.0
 40
1.0
 40
1.0
 10
5874.927549708223
 20
-26022.31556047169
 30
0.0
 10
5862.948479982546
 20
-25576.62322277758
 30
0.0
 10
5498.311791721043
 20
-25221.49753763862
 30
0.0
 10
5052.501452337524
 20
-25221.25439326003
 30
0.0
1001
REVIT
1002
{
1070
     1
1000
22909075
1002
}
1002
{
1070
     2
1000
-2000051
1002
}
1002
{
1070
     3
1000
22907988
1002
}
  0
SPLINE
  5
1F4
330
70
100
AcDbEntity
  8
A-POR-___-___-EXI
100
AcDbSpline
210
0.0
220
0.0
230
1.0
 70
     8
 71
     3
 72
     8
 73
     4
 74
     0
 42
0.000000001
 43
0.0000000001
 40
0.0
 40
0.0
 40
0.0
 40
0.0
 40
1.0
 40
1.0
 40
1.0
 40
1.0
 10
1147.207859900748
 20
-26908.63484571278
 30
0.0
 10
1158.399312203753
 20
-27342.62100978147
 30
0.0
 10
1513.300271938775
 20
-27688.65534291685
 30
0.0
 10
1947.460325109868
 20
-27688.91321849326
 30
0.0
1001
REVIT
1002
{
1070
     1
1000
22909078
1002
}
1002
{
1070
     2
1000
-2000051
1002
}
1002
{
1070
     3
1000
22907988
1002
}
  0
SPLINE
  5
1F5
330
70
100
AcDbEntity
  8
A-POR-___-___-EXI
100
AcDbSpline
210
0.0
220
0.0
230
1.0
 70
     8
 71
     3
 72
     8
 73
     4
 74
     0
 42
0.000000001
 43
0.0000000001
 40
0.0
 40
0.0
 40
0.0
 40
0.0
 40
1.0
 40
1.0
 40
1.0
 40
1.0
 10
-82.99093094442609
 20
-26741.80074824333
 30
0.0
 10
-98.74366145483497
 20
-26333.18144244882
 30
0.0
 10
-434.4339224040798
 20
-26010.02790391084
 30
0.0
 10
-843.2856660029072
 20
-26009.79768765653
 30
0.0
1001
REVIT
1002
{
1070
     1
1000
22909079
1002
}
1002
{
1070
     2
1000
-2000051
1002
}
1002
{
1070
     3
1000
22907988
1002
}
  0
SPLINE
  5
1F6
330
70
100
AcDbEntity
  8
A-POR-___-___-EXI
100
AcDbSpline
210
0.0
220
0.0
230
1.0
 70
     8
 71
     3
 72
     8
 73
     4
 74
     0
 42
0.000000001
 43
0.0000000001
 40
0.0
 40
0.0
 40
0.0
 40
0.0
 40
1.0
 40
1.0
 40
1.0
 40
1.0
 10
-832.5238032076894
 20
-23124.28548278637
 30
0.0
 10
-832.72584829184
 20
-23538.6287975692
 30
0.0
 10
-497.0791698176222
 20
-23874.65779978263
 30
0.0
 10
-82.74856395443714
 20
-23874.86404093133
 30
0.0
1001
REVIT
1002
{
1070
     1
1000
22909080
1002
}
1002
{
1070
     2
1000
-2000051
1002
}
1002
{
1070
     3
1000
22907988
1002
}
  0
SPLINE
  5
1F7
330
70
100
AcDbEntity
  8
A-POR-___-___-EXI
100
AcDbSpline
210
0.0
220
0.0
230
1.0
 70
     8
 71
     3
 72
     8
 73
     4
 74
     0
 42
0.000000001
 43
0.0000000001
 40
0.0
 40
0.0
 40
0.0
 40
0.0
 40
1.0
 40
1.0
 40
1.0
 40
1.0
 10
583.5574833768003
 20
-18575.45786663323
 30
0.0
 10
169.2585361568182
 20
-18575.19685191052
 30
0.0
 10
-166.7707104273435
 20
-18910.89167463295
 30
0.0
 10
-167.0289045724357
 20
-19325.17541404432
 30
0.0
1001
REVIT
1002
{
1070
     1
1000
22909081
1002
}
1002
{
1070
     2
1000
-2000051
1002
}
1002
{
1070
     3
1000
22907988
1002
}
  0
SPLINE
  5
1F8
330
70
100
AcDbEntity
  8
A-POR-___-___-EXI
100
AcDbSpline
210
0.0
220
0.0
230
1.0
 70
     8
 71
     3
 72
     8
 73
     4
 74
     0
 42
0.000000001
 43
0.0000000001
 40
0.0
 40
0.0
 40
0.0
 40
0.0
 40
1.0
 40
1.0
 40
1.0
 40
1.0
 10
1969.651985074352
 20
-13624.14650841295
 30
0.0
 10
1444.857694972103
 20
-13623.87687678741
 30
0.0
 10
1019.200842334903
 20
-14049.05612858785
 30
0.0
 10
1018.884470225382
 20
-14573.85380003676
 30
0.0
1001
REVIT
1002
{
1070
     1
1000
22909082
1002
}
1002
{
1070
     2
1000
-2000051
1002
}
1002
{
1070
     3
1000
22907988
1002
}
  0
SPLINE
  5
1FC
330
70
100
AcDbEntity
  8
A-MOB-___-___-EXI
100
AcDbSpline
210
0.0
220
0.0
230
1.0
 70
     9
 71
     3
 72
    17
 73
    13
 74
     0
 42
0.000000001
 43
0.0000000001
 40
0.0
 40
0.0
 40
0.0
 40
0.0
 40
1.0
 40
1.0
 40
1.0
 40
2.0
 40
2.0
 40
2.0
 40
3.0
 40
3.0
 40
3.0
 40
4.0
 40
4.0
 40
4.0
 40
4.0
 10
5246.553288900329
 20
-23976.63134461388
 30
0.0
 10
5190.296834141346
 20
-23982.54413627008
 30
0.0
 10
5149.496091742622
 20
-24032.92506956568
 30
0.0
 10
5155.407876193206
 20
-24089.17194140338
 30
0.0
 10
5161.32128128759
 20
-24145.43423263683
 30
0.0
 10
5211.704890470761
 20
-24186.22818644478
 30
0.0
 10
5267.961345229745
 20
-24180.31539478858
 30
0.0
 10
5324.211632194108
 20
-24174.40325139371
 30
0.0
 10
5365.006530926967
 20
-24124.0260502386
 30
0.0
 10
5359.093125832583
 20
-24067.76375900514
 30
0.0
 10
5353.181341381998
 20
-24011.51688716745
 30
0.0
 10
5302.803575864693
 20
-23970.71920121901
 30
0.0
 10
5246.553288900329
 20
-23976.63134461388
 30
0.0
1001
REVIT
1002
{
1070
     1
1000
22909086
1002
}
1002
{
1070
     2
1000
-2000051
1002
}
1002
{
1070
     3
1000
22907988
1002
}
  0
SPLINE
  5
1FD
330
70
100
AcDbEntity
  8
A-MOB-___-___-EXI
100
AcDbSpline
210
0.0
220
0.0
230
1.0
 70
     8
 71
     3
 72
     8
 73
     4
 74
     0
 42
0.000000001
 43
0.0000000001
 40
0.0
 40
0.0
 40
0.0
 40
0.0
 40
1.0
 40
1.0
 40
1.0
 40
1.0
 10
111.4563327888674
 20
-15455.37206728735
 30
0.0
 10
100.4742143172721
 20
-15455.37845575862
 30
0.0
 10
91.5763336578351
 20
-15464.24772258437
 30
0.0
 10
91.58271564493549
 20
-15475.21730527605
 30
0.0
1001
REVIT
1002
{
1070
     1
1000
22909099
1002
}
1002
{
1070
     2
1000
-2000051
1002
}
1002
{
1070
     3
1000
22907988
1002
}
  0
SPLINE
  5
1FE
330
70
100
AcDbEntity
  8
A-MOB-___-___-EXI
100
AcDbSpline
210
0.0
220
0.0
230
1.0
 70
     8
 71
     3
 72
     8
 73
     4
 74
     0
 42
0.000000001
 43
0.0000000001
 40
0.0
 40
0.0
 40
0.0
 40
0.0
 40
1.0
 40
1.0
 40
1.0
 40
1.0
 10
91.25626573696834
 20
-15973.31958397747
 30
0.0
 10
91.262639067735
 20
-15984.30475731125
 30
0.0
 10
100.1381841117629
 20
-15993.19946118504
 30
0.0
 10
111.0579396557883
 20
-15993.19303816498
 30
0.0
1001
REVIT
1002
{
1070
     1
1000
22909100
1002
}
1002
{
1070
     2
1000
-2000051
1002
}
1002
{
1070
     3
1000
22907988
1002
}
  0
SPLINE
  5
1FF
330
70
100
AcDbEntity
  8
A-MOB-___-___-EXI
100
AcDbSpline
210
0.0
220
0.0
230
1.0
 70
     8
 71
     3
 72
     8
 73
     4
 74
     0
 42
0.000000001
 43
0.0000000001
 40
0.0
 40
0.0
 40
0.0
 40
0.0
 40
1.0
 40
1.0
 40
1.0
 40
1.0
 10
414.3788108677254
 20
-15993.24570583186
 30
0.0
 10
425.4245154617793
 20
-15993.23928037153
 30
0.0
 10
434.3739163132164
 20
-15984.31552458598
 30
0.0
 10
434.3674991159017
 20
-15973.27929217134
 30
0.0
1001
REVIT
1002
{
1070
     1
1000
22909101
1002
}
1002
{
1070
     2
1000
-2000051
1002
}
1002
{
1070
     3
1000
22907988
1002
}
  0
SPLINE
  5
200
330
70
100
AcDbEntity
  8
A-MOB-___-___-EXI
100
AcDbSpline
210
0.0
220
0.0
230
1.0
 70
     8
 71
     3
 72
     8
 73
     4
 74
     0
 42
0.000000001
 43
0.0000000001
 40
0.0
 40
0.0
 40
0.0
 40
0.0
 40
1.0
 40
1.0
 40
1.0
 40
1.0
 10
432.9947695332245
 20
-15475.45945428024
 30
0.0
 10
432.9883944711905
 20
-15464.47739907489
 30
0.0
 10
424.1128494271637
 20
-15455.58269520108
 30
0.0
 10
413.193093883147
 20
-15455.58911822114
 30
0.0
1001
REVIT
1002
{
1070
     1
1000
22909102
1002
}
1002
{
1070
     2
1000
-2000051
1002
}
1002
{
1070
     3
1000
22907988
1002
}
  0
SPLINE
  5
204
330
70
100
AcDbEntity
  8
A-MOB-___-___-EXI
100
AcDbSpline
210
0.0
220
0.0
230
1.0
 70
     9
 71
     3
 72
    17
 73
    13
 74
     0
 42
0.000000001
 43
0.0000000001
 40
0.0
 40
0.0
 40
0.0
 40
0.0
 40
1.0
 40
1.0
 40
1.0
 40
2.0
 40
2.0
 40
2.0
 40
3.0
 40
3.0
 40
3.0
 40
4.0
 40
4.0
 40
4.0
 40
4.0
 10
485.2162266399595
 20
-15848.41042223747
 30
0.0
 10
485.1962213103602
 20
-15861.97739208357
 30
0.0
 10
496.2221100940668
 20
-15872.99361521638
 30
0.0
 10
509.7985125027725
 20
-15873.01360900226
 30
0.0
 10
523.4310415463109
 20
-15873.03363388204
 30
0.0
 10
534.4442044436865
 20
-15862.04209280628
 30
0.0
 10
534.4517648880553
 20
-15848.4252259957
 30
0.0
 10
534.4717736801861
 20
-15834.85201989276
 30
0.0
 10
523.4458848964882
 20
-15823.83579675994
 30
0.0
 10
509.8694824877727
 20
-15823.81580297407
 30
0.0
 10
496.2494191046843
 20
-15823.80825751772
 30
0.0
 10
485.2362631323773
 20
-15834.78732607981
 30
0.0
 10
485.2162266399595
 20
-15848.41042223747
 30
0.0
1001
REVIT
1002
{
1070
     1
1000
22909106
1002
}
1002
{
1070
     2
1000
-2000051
1002
}
1002
{
1070
     3
1000
22907988
1002
}
  0
SPLINE
  5
208
330
70
100
AcDbEntity
  8
A-MOB-___-___-EXI
100
AcDbSpline
210
0.0
220
0.0
230
1.0
 70
     9
 71
     3
 72
    17
 73
    13
 74
     0
 42
0.000000001
 43
0.0000000001
 40
0.0
 40
0.0
 40
0.0
 40
0.0
 40
1.0
 40
1.0
 40
1.0
 40
2.0
 40
2.0
 40
2.0
 40
3.0
 40
3.0
 40
3.0
 40
4.0
 40
4.0
 40
4.0
 40
4.0
 10
484.9049284354663
 20
-15723.9282887026
 30
0.0
 10
484.8849265684018
 20
-15737.48902229186
 30
0.0
 10
495.9232879376236
 20
-15748.50525233443
 30
0.0
 10
509.4872177608151
 20
-15748.52523921055
 30
0.0
 10
523.1135105115938
 20
-15748.54526063545
 30
0.0
 10
534.1266734089682
 20
-15737.55371955969
 30
0.0
 10
534.1342303908033
 20
-15723.94308900595
 30
0.0
 10
534.154242645469
 20
-15710.36364664617
 30
0.0
 10
523.1283538617722
 20
-15699.34742351336
 30
0.0
 10
509.5519514530557
 20
-15699.32742972748
 30
0.0
 10
495.9381243627259
 20
-15699.31988772601
 30
0.0
 10
484.9249683904156
 20
-15710.2989562881
 30
0.0
 10
484.9049284354663
 20
-15723.9282887026
 30
0.0
1001
REVIT
1002
{
1070
     1
1000
22909110
1002
}
1002
{
1070
     2
1000
-2000051
1002
}
1002
{
1070
     3
1000
22907988
1002
}
  0
SPLINE
  5
20C
330
70
100
AcDbEntity
  8
A-MOB-___-___-EXI
100
AcDbSpline
210
0.0
220
0.0
230
1.0
 70
     9
 71
     3
 72
    17
 73
    13
 74
     0
 42
0.000000001
 43
0.0000000001
 40
0.0
 40
0.0
 40
0.0
 40
0.0
 40
1.0
 40
1.0
 40
1.0
 40
2.0
 40
2.0
 40
2.0
 40
3.0
 40
3.0
 40
3.0
 40
4.0
 40
4.0
 40
4.0
 40
4.0
 10
484.587399132023
 20
-15599.43679732759
 30
0.0
 10
484.5673886086172
 20
-15613.01312155895
 30
0.0
 10
495.6057569029054
 20
-15624.01687908784
 30
0.0
 10
509.1696849948392
 20
-15624.03998409238
 30
0.0
 10
522.8022140383658
 20
-15624.06000897216
 30
0.0
 10
533.8153769357413
 20
-15613.0684678964
 30
0.0
 10
533.8354099656266
 20
-15599.45160799558
 30
0.0
 10
533.8554187577584
 20
-15585.87840189264
 30
0.0
 10
522.8170504634768
 20
-15574.87464436375
 30
0.0
 10
509.2406497860276
 20
-15574.85153244945
 30
0.0
 10
495.6205933280076
 20
-15574.83151447942
 30
0.0
 10
484.6074304306322
 20
-15585.82305555519
 30
0.0
 10
484.587399132023
 20
-15599.43679732759
 30
0.0
1001
REVIT
1002
{
1070
     1
1000
22909114
1002
}
1002
{
1070
     2
1000
-2000051
1002
}
1002
{
1070
     3
1000
22907988
1002
}
  0
SPLINE
  5
210
330
70
100
AcDbEntity
  8
A-MOB-___-___-EXI
100
AcDbSpline
210
0.0
220
0.0
230
1.0
 70
     9
 71
     3
 72
    17
 73
    13
 74
     0
 42
0.000000001
 43
0.0000000001
 40
0.0
 40
0.0
 40
0.0
 40
0.0
 40
1.0
 40
1.0
 40
1.0
 40
2.0
 40
2.0
 40
2.0
 40
3.0
 40
3.0
 40
3.0
 40
4.0
 40
4.0
 40
4.0
 40
4.0
 10
6870.284333896798
 20
-23386.1201367962
 30
0.0
 10
6835.837200925748
 20
-23389.74067636421
 30
0.0
 10
6810.845061049312
 20
-23420.60669717076
 30
0.0
 10
6814.463958652843
 20
-23455.03820789327
 30
0.0
 10
6818.084476900172
 20
-23489.48513801154
 30
0.0
 10
6848.947561003452
 20
-23514.47742026964
 30
0.0
 10
6883.394693974501
 20
-23510.85688070163
 30
0.0
 10
6917.829491356304
 20
-23507.23763765629
 30
0.0
 10
6942.821955361498
 20
-23476.3747007289
 30
0.0
 10
6939.201437114168
 20
-23441.92777061063
 30
0.0
 10
6935.582539510639
 20
-23407.49625988812
 30
0.0
 10
6904.7191312786
 20
-23382.50089375085
 30
0.0
 10
6870.284333896798
 20
-23386.1201367962
 30
0.0
1001
REVIT
1002
{
1070
     1
1000
22909118
1002
}
1002
{
1070
     2
1000
-2000051
1002
}
1002
{
1070
     3
1000
22907988
1002
}
  0
SPLINE
  5
214
330
70
100
AcDbEntity
  8
A-MOB-___-___-EXI
100
AcDbSpline
210
0.0
220
0.0
230
1.0
 70
     9
 71
     3
 72
    17
 73
    13
 74
     0
 42
0.000000001
 43
0.0000000001
 40
0.0
 40
0.0
 40
0.0
 40
0.0
 40
1.0
 40
1.0
 40
1.0
 40
2.0
 40
2.0
 40
2.0
 40
3.0
 40
3.0
 40
3.0
 40
4.0
 40
4.0
 40
4.0
 40
4.0
 10
6872.109827072176
 20
-23403.48854417543
 30
0.0
 10
6847.290621508072
 20
-23406.09714779615
 30
0.0
 10
6829.219666379007
 20
-23428.35355413047
 30
0.0
 10
6831.832468312017
 20
-23453.21270396784
 30
0.0
 10
6834.446566760066
 20
-23478.08418932181
 30
0.0
 10
6856.749995235023
 20
-23496.09707694311
 30
0.0
 10
6881.569200799126
 20
-23493.48847332239
 30
0.0
 10
6906.428497028276
 20
-23490.87565600299
 30
0.0
 10
6924.447025903045
 20
-23468.62475989003
 30
0.0
 10
6921.832927454997
 20
-23443.75327453606
 30
0.0
 10
6919.220125521985
 20
-23418.89412469869
 30
0.0
 10
6896.969123301325
 20
-23400.87572685602
 30
0.0
 10
6872.109827072176
 20
-23403.48854417543
 30
0.0
1001
REVIT
1002
{
1070
     1
1000
22909122
1002
}
1002
{
1070
     2
1000
-2000051
1002
}
1002
{
1070
     3
1000
22907988
1002
}
  0
SPLINE
  5
215
330
70
100
AcDbEntity
  8
A-MOB-___-___-EXI
100
AcDbSpline
210
0.0
220
0.0
230
1.0
 70
     8
 71
     3
 72
     8
 73
     4
 74
     0
 42
0.000000001
 43
0.0000000001
 40
0.0
 40
0.0
 40
0.0
 40
0.0
 40
1.0
 40
1.0
 40
1.0
 40
1.0
 10
5371.885736788302
 20
-23178.31006413781
 30
0.0
 10
5301.911050209076
 20
-23246.31823590598
 30
0.0
 10
5269.70849883531
 20
-23344.39050984279
 30
0.0
 10
5285.757145201336
 20
-23440.68723595379
 30
0.0
1001
REVIT
1002
{
1070
     1
1000
22909123
1002
}
1002
{
1070
     2
1000
-2000051
1002
}
1002
{
1070
     3
1000
22907988
1002
}
  0
SPLINE
  5
216
330
70
100
AcDbEntity
  8
A-MOB-___-___-EXI
100
AcDbSpline
210
0.0
220
0.0
230
1.0
 70
     8
 71
     3
 72
     8
 73
     4
 74
     0
 42
0.000000001
 43
0.0000000001
 40
0.0
 40
0.0
 40
0.0
 40
0.0
 40
1.0
 40
1.0
 40
1.0
 40
1.0
 10
5643.102786853217
 20
-23441.19078057656
 30
0.0
 10
5659.289515245904
 20
-23344.95244840603
 30
0.0
 10
5627.223951603919
 20
-23246.8445702108
 30
0.0
 10
5557.309257961222
 20
-23178.72148277702
 30
0.0
1001
REVIT
1002
{
1070
     1
1000
22909124
1002
}
1002
{
1070
     2
1000
-2000051
1002
}
1002
{
1070
     3
1000
22907988
1002
}
  0
SPLINE
  5
217
330
70
100
AcDbEntity
  8
A-MOB-___-___-EXI
100
AcDbSpline
210
0.0
220
0.0
230
1.0
 70
     8
 71
     3
 72
     8
 73
     4
 74
     0
 42
0.000000001
 43
0.0000000001
 40
0.0
 40
0.0
 40
0.0
 40
0.0
 40
1.0
 40
1.0
 40
1.0
 40
1.0
 10
5571.928490351226
 20
-23597.47564862096
 30
0.0
 10
5613.716278702506
 20
-23555.46953297296
 30
0.0
 10
5639.113217784425
 20
-23499.97778168823
 30
0.0
 10
5643.576887066727
 20
-23440.93535661694
 30
0.0
1001
REVIT
1002
{
1070
     1
1000
22909125
1002
}
1002
{
1070
     2
1000
-2000051
1002
}
1002
{
1070
     3
1000
22907988
1002
}
  0
SPLINE
  5
218
330
70
100
AcDbEntity
  8
A-MOB-___-___-EXI
100
AcDbSpline
210
0.0
220
0.0
230
1.0
 70
     8
 71
     3
 72
     8
 73
     4
 74
     0
 42
0.000000001
 43
0.0000000001
 40
0.0
 40
0.0
 40
0.0
 40
0.0
 40
1.0
 40
1.0
 40
1.0
 40
1.0
 10
5463.840358987122
 20
-23643.613973145
 30
0.0
 10
5504.149205082999
 20
-23642.61355763543
 30
0.0
 10
5542.536439868043
 20
-23626.26464475699
 30
0.0
 10
5571.176804128026
 20
-23597.85876210367
 30
0.0
1001
REVIT
1002
{
1070
     1
1000
22909126
1002
}
1002
{
1070
     2
1000
-2000051
1002
}
1002
{
1070
     3
1000
22907988
1002
}
  0
SPLINE
  5
21A
330
70
100
AcDbEntity
  8
A-MOB-___-___-EXI
100
AcDbSpline
210
0.0
220
0.0
230
1.0
 70
     8
 71
     3
 72
    11
 73
     7
 74
     0
 42
0.000000001
 43
0.0000000001
 40
0.0
 40
0.0
 40
0.0
 40
0.0
 40
1.0
 40
1.0
 40
1.0
 40
2.0
 40
2.0
 40
2.0
 40
2.0
 10
5285.364295114206
 20
-23440.62153759956
 30
0.0
 10
5289.769667687093
 20
-23499.6117768134
 30
0.0
 10
5315.072023619173
 20
-23555.04131171175
 30
0.0
 10
5356.751530731525
 20
-23597.00678236463
 30
0.0
 10
5385.279994450542
 20
-23625.37678016863
 30
0.0
 10
5423.606885380551
 20
-23641.71334576113
 30
0.0
 10
5463.853300746084
 20
-23642.76896725291
 30
0.0
1001
REVIT
1002
{
1070
     1
1000
22909128
1002
}
1002
{
1070
     2
1000
-2000051
1002
}
1002
{
1070
     3
1000
22907988
1002
}
  0
SPLINE
  5
21B
330
70
100
AcDbEntity
  8
A-MOB-___-___-EXI
100
AcDbSpline
210
0.0
220
0.0
230
1.0
 70
     8
 71
     3
 72
     8
 73
     4
 74
     0
 42
0.000000001
 43
0.0000000001
 40
0.0
 40
0.0
 40
0.0
 40
0.0
 40
1.0
 40
1.0
 40
1.0
 40
1.0
 10
5325.385758886262
 20
-23423.69667614178
 30
0.0
 10
5333.022749798967
 20
-23473.07336759228
 30
0.0
 10
5351.783477683341
 20
-23520.09891573438
 30
0.0
 10
5380.241813798917
 20
-23561.20227235971
 30
0.0
1001
REVIT
1002
{
1070
     1
1000
22909129
1002
}
1002
{
1070
     2
1000
-2000051
1002
}
1002
{
1070
     3
1000
22907988
1002
}
  0
SPLINE
  5
21C
330
70
100
AcDbEntity
  8
A-MOB-___-___-EXI
100
AcDbSpline
210
0.0
220
0.0
230
1.0
 70
     8
 71
     3
 72
     8
 73
     4
 74
     0
 42
0.000000001
 43
0.0000000001
 40
0.0
 40
0.0
 40
0.0
 40
0.0
 40
1.0
 40
1.0
 40
1.0
 40
1.0
 10
5394.264124815922
 20
-23263.5502919903
 30
0.0
 10
5342.813450004941
 20
-23299.48629279831
 30
0.0
 10
5316.03476709456
 20
-23361.32267188962
 30
0.0
 10
5325.055384259089
 20
-23423.42833398905
 30
0.0
1001
REVIT
1002
{
1070
     1
1000
22909130
1002
}
1002
{
1070
     2
1000
-2000051
1002
}
1002
{
1070
     3
1000
22907988
1002
}
  0
SPLINE
  5
21D
330
70
100
AcDbEntity
  8
A-MOB-___-___-EXI
100
AcDbSpline
210
0.0
220
0.0
230
1.0
 70
     8
 71
     3
 72
     8
 73
     4
 74
     0
 42
0.000000001
 43
0.0000000001
 40
0.0
 40
0.0
 40
0.0
 40
0.0
 40
1.0
 40
1.0
 40
1.0
 40
1.0
 10
5414.179465913997
 20
-23258.41329339825
 30
0.0
 10
5407.141809536791
 20
-23258.40939456698
 30
0.0
 10
5400.333691029578
 20
-23260.57584094664
 30
0.0
 10
5394.609679864643
 20
-23264.55763921579
 30
0.0
1001
REVIT
1002
{
1070
     1
1000
22909131
1002
}
1002
{
1070
     2
1000
-2000051
1002
}
1002
{
1070
     3
1000
22907988
1002
}
  0
SPLINE
  5
21E
330
70
100
AcDbEntity
  8
A-MOB-___-___-EXI
100
AcDbSpline
210
0.0
220
0.0
230
1.0
 70
     8
 71
     3
 72
     8
 73
     4
 74
     0
 42
0.000000001
 43
0.0000000001
 40
0.0
 40
0.0
 40
0.0
 40
0.0
 40
1.0
 40
1.0
 40
1.0
 40
1.0
 10
5534.361577718057
 20
-23265.18385193495
 30
0.0
 10
5528.60147654466
 20
-23261.15827396456
 30
0.0
 10
5521.79262211489
 20
-23259.03417391073
 30
0.0
 10
5514.811099297571
 20
-23259.01783365969
 30
0.0
1001
REVIT
1002
{
1070
     1
1000
22909132
1002
}
1002
{
1070
     2
1000
-2000051
1002
}
1002
{
1070
     3
1000
22907988
1002
}
  0
SPLINE
  5
21F
330
70
100
AcDbEntity
  8
A-MOB-___-___-EXI
100
AcDbSpline
210
0.0
220
0.0
230
1.0
 70
     8
 71
     3
 72
     8
 73
     4
 74
     0
 42
0.000000001
 43
0.0000000001
 40
0.0
 40
0.0
 40
0.0
 40
0.0
 40
1.0
 40
1.0
 40
1.0
 40
1.0
 10
5603.942162667886
 20
-23424.00378352716
 30
0.0
 10
5613.03172409068
 20
-23361.93621755294
 30
0.0
 10
5586.32173959861
 20
-23300.04214280626
 30
0.0
 10
5534.945280497002
 20
-23264.08659376228
 30
0.0
1001
REVIT
1002
{
1070
     1
1000
22909133
1002
}
1002
{
1070
     2
1000
-2000051
1002
}
1002
{
1070
     3
1000
22907988
1002
}
  0
SPLINE
  5
220
330
70
100
AcDbEntity
  8
A-MOB-___-___-EXI
100
AcDbSpline
210
0.0
220
0.0
230
1.0
 70
     8
 71
     3
 72
     8
 73
     4
 74
     0
 42
0.000000001
 43
0.0000000001
 40
0.0
 40
0.0
 40
0.0
 40
0.0
 40
1.0
 40
1.0
 40
1.0
 40
1.0
 10
5547.667607018642
 20
-23561.22019042165
 30
0.0
 10
5576.17470787461
 20
-23520.11097485006
 30
0.0
 10
5594.987628274721
 20
-23473.13430551141
 30
0.0
 10
5602.716880029965
 20
-23423.73494559925
 30
0.0
1001
REVIT
1002
{
1070
     1
1000
22909134
1002
}
1002
{
1070
     2
1000
-2000051
1002
}
1002
{
1070
     3
1000
22907988
1002
}
  0
SPLINE
  5
221
330
70
100
AcDbEntity
  8
A-MOB-___-___-EXI
100
AcDbSpline
210
0.0
220
0.0
230
1.0
 70
     8
 71
     3
 72
     8
 73
     4
 74
     0
 42
0.000000001
 43
0.0000000001
 40
0.0
 40
0.0
 40
0.0
 40
0.0
 40
1.0
 40
1.0
 40
1.0
 40
1.0
 10
5463.891361596449
 20
-23602.29878712562
 30
0.0
 10
5496.55761706747
 20
-23601.31908268886
 30
0.0
 10
5527.170783162092
 20
-23585.92001059995
 30
0.0
 10
5547.362589604115
 20
-23560.20974752446
 30
0.0
1001
REVIT
1002
{
1070
     1
1000
22909135
1002
}
1002
{
1070
     2
1000
-2000051
1002
}
1002
{
1070
     3
1000
22907988
1002
}
  0
SPLINE
  5
222
330
70
100
AcDbEntity
  8
A-MOB-___-___-EXI
100
AcDbSpline
210
0.0
220
0.0
230
1.0
 70
     8
 71
     3
 72
     8
 73
     4
 74
     0
 42
0.000000001
 43
0.0000000001
 40
0.0
 40
0.0
 40
0.0
 40
0.0
 40
1.0
 40
1.0
 40
1.0
 40
1.0
 10
5380.142645849895
 20
-23560.953691816
 30
0.0
 10
5400.351724065652
 20
-23586.73229598375
 30
0.0
 10
5431.029811413519
 20
-23602.20036091824
 30
0.0
 10
5463.787952042085
 20
-23603.21857800405
 30
0.0
1001
REVIT
1002
{
1070
     1
1000
22909136
1002
}
1002
{
1070
     2
1000
-2000051
1002
}
1002
{
1070
     3
1000
22907988
1002
}
  0
SPLINE
  5
223
330
70
100
AcDbEntity
  8
A-MOB-___-___-EXI
100
AcDbSpline
210
0.0
220
0.0
230
1.0
 70
     8
 71
     3
 72
     8
 73
     4
 74
     0
 42
0.000000001
 43
0.0000000001
 40
0.0
 40
0.0
 40
0.0
 40
0.0
 40
1.0
 40
1.0
 40
1.0
 40
1.0
 10
5513.960550229818
 20
-23268.97978582576
 30
0.0
 10
5512.291697751718
 20
-23264.5230544058
 30
0.0
 10
5509.007250720387
 20
-23260.77636145188
 30
0.0
 10
5504.78340888943
 20
-23258.52896830868
 30
0.0
1001
REVIT
1002
{
1070
     1
1000
22909137
1002
}
1002
{
1070
     2
1000
-2000051
1002
}
1002
{
1070
     3
1000
22907988
1002
}
  0
SPLINE
  5
224
330
70
100
AcDbEntity
  8
A-MOB-___-___-EXI
100
AcDbSpline
210
0.0
220
0.0
230
1.0
 70
     8
 71
     3
 72
     8
 73
     4
 74
     0
 42
0.000000001
 43
0.0000000001
 40
0.0
 40
0.0
 40
0.0
 40
0.0
 40
1.0
 40
1.0
 40
1.0
 40
1.0
 10
5512.519523810185
 20
-23359.63236294526
 30
0.0
 10
5515.260299282284
 20
-23359.13390724185
 30
0.0
 10
5517.255291009128
 20
-23356.73201203092
 30
0.0
 10
5517.169316655994
 20
-23353.99148146895
 30
0.0
1001
REVIT
1002
{
1070
     1
1000
22909138
1002
}
1002
{
1070
     2
1000
-2000051
1002
}
1002
{
1070
     3
1000
22907988
1002
}
  0
SPLINE
  5
225
330
70
100
AcDbEntity
  8
A-MOB-___-___-EXI
100
AcDbSpline
210
0.0
220
0.0
230
1.0
 70
     8
 71
     3
 72
     8
 73
     4
 74
     0
 42
0.000000001
 43
0.0000000001
 40
0.0
 40
0.0
 40
0.0
 40
0.0
 40
1.0
 40
1.0
 40
1.0
 40
1.0
 10
5463.525364105031
 20
-23362.92602818104
 30
0.0
 10
5479.605530717434
 20
-23363.14073306299
 30
0.0
 10
5495.698980148462
 20
-23361.89616075409
 30
0.0
 10
5511.574973028602
 20
-23359.18594716697
 30
0.0
1001
REVIT
1002
{
1070
     1
1000
22909139
1002
}
1002
{
1070
     2
1000
-2000051
1002
}
1002
{
1070
     3
1000
22907988
1002
}
  0
SPLINE
  5
226
330
70
100
AcDbEntity
  8
A-MOB-___-___-EXI
100
AcDbSpline
210
0.0
220
0.0
230
1.0
 70
     8
 71
     3
 72
     8
 73
     4
 74
     0
 42
0.000000001
 43
0.0000000001
 40
0.0
 40
0.0
 40
0.0
 40
0.0
 40
1.0
 40
1.0
 40
1.0
 40
1.0
 10
5415.683114311639
 20
-23358.23792035916
 30
0.0
 10
5431.584158104067
 20
-23360.95326576997
 30
0.0
 10
5447.635686618308
 20
-23362.20317374044
 30
0.0
 10
5463.728554343521
 20
-23362.00629258069
 30
0.0
1001
REVIT
1002
{
1070
     1
1000
22909140
1002
}
1002
{
1070
     2
1000
-2000051
1002
}
1002
{
1070
     3
1000
22907988
1002
}
  0
SPLINE
  5
227
330
70
100
AcDbEntity
  8
A-MOB-___-___-EXI
100
AcDbSpline
210
0.0
220
0.0
230
1.0
 70
    12
 71
     3
 72
    11
 73
     7
 74
     0
 42
0.000000001
 43
0.0000000001
 40
0.0
 40
0.0
 40
0.0
 40
0.0
 40
1.0
 40
1.0
 40
1.0
 40
2.0
 40
2.0
 40
2.0
 40
2.0
 10
5415.645727583981
 20
-23269.21914410621
 30
0.0
 41
1.0
 10
5414.36740340653
 20
-23297.54818489536
 30
0.0
 41
1.0
 10
5413.089079229079
 20
-23325.8772256845
 30
0.0
 41
1.0
 10
5411.810755051628
 20
-23354.20626647365
 30
0.0
 41
1.0
 10
5411.758563383587
 20
-23357.04695674021
 30
0.0
 41
1.0
 10
5413.724853802398
 20
-23359.4711984979
 30
0.0
 41
1.0
 10
5416.514715854125
 20
-23359.93776157449
 30
0.0
 41
1.0
1001
REVIT
1002
{
1070
     1
1000
22909141
1002
}
1002
{
1070
     2
1000
-2000051
1002
}
1002
{
1070
     3
1000
22907988
1002
}
  0
SPLINE
  5
228
330
70
100
AcDbEntity
  8
A-MOB-___-___-EXI
100
AcDbSpline
210
0.0
220
0.0
230
1.0
 70
     8
 71
     3
 72
     8
 73
     4
 74
     0
 42
0.000000001
 43
0.0000000001
 40
0.0
 40
0.0
 40
0.0
 40
0.0
 40
1.0
 40
1.0
 40
1.0
 40
1.0
 10
5423.833093020316
 20
-23258.69615498076
 30
0.0
 10
5419.578691384474
 20
-23260.94508747241
 30
0.0
 10
5416.324421815841
 20
-23264.62267728858
 30
0.0
 10
5414.647496304302
 20
-23269.0900276795
 30
0.0
1001
REVIT
1002
{
1070
     1
1000
22909142
1002
}
1002
{
1070
     2
1000
-2000051
1002
}
1002
{
1070
     3
1000
22907988
1002
}
  0
SPLINE
  5
22C
330
70
100
AcDbEntity
  8
A-MOB-___-___-EXI
100
AcDbSpline
210
0.0
220
0.0
230
1.0
 70
     9
 71
     3
 72
    17
 73
    13
 74
     0
 42
0.000000001
 43
0.0000000001
 40
0.0
 40
0.0
 40
0.0
 40
0.0
 40
1.0
 40
1.0
 40
1.0
 40
2.0
 40
2.0
 40
2.0
 40
3.0
 40
3.0
 40
3.0
 40
4.0
 40
4.0
 40
4.0
 40
4.0
 10
5396.47228223844
 20
-23223.32141004935
 30
0.0
 10
5396.449528851832
 20
-23219.37384564999
 30
0.0
 10
5393.270799288139
 20
-23216.1666476457
 30
0.0
 10
5389.335691632875
 20
-23216.17694013055
 30
0.0
 10
5385.338243556521
 20
-23216.14666239715
 30
0.0
 10
5382.180884096852
 20
-23219.37841339988
 30
0.0
 10
5382.153747141402
 20
-23223.32595016021
 30
0.0
 10
5382.164038330104
 20
-23227.25479887929
 30
0.0
 10
5385.342766162529
 20
-23230.46511501201
 30
0.0
 10
5389.290348134567
 20
-23230.45171130849
 30
0.0
 10
5393.225433283343
 20
-23230.4819544931
 30
0.0
 10
5396.432683085075
 20
-23227.25023112941
 30
0.0
 10
5396.47228223844
 20
-23223.32141004935
 30
0.0
1001
REVIT
1002
{
1070
     1
1000
22909146
1002
}
1002
{
1070
     2
1000
-2000051
1002
}
1002
{
1070
     3
1000
22907988
1002
}
  0
SPLINE
  5
230
330
70
100
AcDbEntity
  8
A-MOB-___-___-EXI
100
AcDbSpline
210
0.0
220
0.0
230
1.0
 70
     9
 71
     3
 72
    17
 73
    13
 74
     0
 42
0.000000001
 43
0.0000000001
 40
0.0
 40
0.0
 40
0.0
 40
0.0
 40
1.0
 40
1.0
 40
1.0
 40
2.0
 40
2.0
 40
2.0
 40
3.0
 40
3.0
 40
3.0
 40
4.0
 40
4.0
 40
4.0
 40
4.0
 10
5546.542375762162
 20
-23223.50432837378
 30
0.0
 10
5546.532094961065
 20
-23219.55677088418
 30
0.0
 10
5543.353365397372
 20
-23216.34957287989
 30
0.0
 10
5539.405776500263
 20
-23216.37544909709
 30
0.0
 10
5535.420801009422
 20
-23216.34517827344
 30
0.0
 10
5532.263448474832
 20
-23219.56445676249
 30
0.0
 10
5532.223840665131
 20
-23223.50886848464
 30
0.0
 10
5532.246595783008
 20
-23227.45331475559
 30
0.0
 10
5535.425325346701
 20
-23230.66051275988
 30
0.0
 10
5539.360439927022
 20
-23230.63774776134
 30
0.0
 10
5543.307990736246
 20
-23230.68047036938
 30
0.0
 10
5546.515240537977
 20
-23227.4487470057
 30
0.0
 10
5546.542375762162
 20
-23223.50432837378
 30
0.0
1001
REVIT
1002
{
1070
     1
1000
22909150
1002
}
1002
{
1070
     2
1000
-2000051
1002
}
1002
{
1070
     3
1000
22907988
1002
}
  0
SPLINE
  5
231
330
70
100
AcDbEntity
  8
A-MOB-___-___-EXI
100
AcDbSpline
210
0.0
220
0.0
230
1.0
 70
     8
 71
     3
 72
     8
 73
     4
 74
     0
 42
0.000000001
 43
0.0000000001
 40
0.0
 40
0.0
 40
0.0
 40
0.0
 40
1.0
 40
1.0
 40
1.0
 40
1.0
 10
6126.829800778981
 20
-23154.21799720561
 30
0.0
 10
6126.772744943952
 20
-23159.90489245939
 30
0.0
 10
6131.349574386959
 20
-23164.55910611482
 30
0.0
 10
6137.051597686134
 20
-23164.61145012591
 30
0.0
1001
REVIT
1002
{
1070
     1
1000
22909151
1002
}
1002
{
1070
     2
1000
-2000051
1002
}
1002
{
1070
     3
1000
22907988
1002
}
  0
SPLINE
  5
232
330
70
100
AcDbEntity
  8
A-MOB-___-___-EXI
100
AcDbSpline
210
0.0
220
0.0
230
1.0
 70
     8
 71
     3
 72
     8
 73
     4
 74
     0
 42
0.000000001
 43
0.0000000001
 40
0.0
 40
0.0
 40
0.0
 40
0.0
 40
1.0
 40
1.0
 40
1.0
 40
1.0
 10
6146.691284152535
 20
-23165.19466683743
 30
0.0
 10
6152.380647733707
 20
-23165.24522349204
 30
0.0
 10
6157.035217930602
 20
-23160.6714985929
 30
0.0
 10
6157.082383164363
 20
-23154.92016600761
 30
0.0
1001
REVIT
1002
{
1070
     1
1000
22909152
1002
}
1002
{
1070
     2
1000
-2000051
1002
}
1002
{
1070
     3
1000
22907988
1002
}
  0
SPLINE
  5
236
330
70
100
AcDbEntity
  8
A-MOB-___-___-EXI
100
AcDbSpline
210
0.0
220
0.0
230
1.0
 70
     9
 71
     3
 72
    17
 73
    13
 74
     0
 42
0.000000001
 43
0.0000000001
 40
0.0
 40
0.0
 40
0.0
 40
0.0
 40
1.0
 40
1.0
 40
1.0
 40
2.0
 40
2.0
 40
2.0
 40
3.0
 40
3.0
 40
3.0
 40
4.0
 40
4.0
 40
4.0
 40
4.0
 10
6136.857537911072
 20
-23212.57339134643
 30
0.0
 10
6124.225894522581
 20
-23213.90103056493
 30
0.0
 10
6115.034568730014
 20
-23225.23736774799
 30
0.0
 10
6116.362200130289
 20
-23237.86893675107
 30
0.0
 10
6117.689831530562
 20
-23250.50050575415
 30
0.0
 10
6129.038558348575
 20
-23259.6904682011
 30
0.0
 10
6141.670201737065
 20
-23258.36282898261
 30
0.0
 10
6154.338851893292
 20
-23257.03130019608
 30
0.0
 10
6163.476454916521
 20
-23245.68813771778
 30
0.0
 10
6162.148823516249
 20
-23233.0565687147
 30
0.0
 10
6160.821192115974
 20
-23220.42499971161
 30
0.0
 10
6149.5261880673
 20
-23211.24186255991
 30
0.0
 10
6136.857537911072
 20
-23212.57339134643
 30
0.0
1001
REVIT
1002
{
1070
     1
1000
22909156
1002
}
1002
{
1070
     2
1000
-2000051
1002
}
1002
{
1070
     3
1000
22907988
1002
}
  0
SPLINE
  5
23A
330
70
100
AcDbEntity
  8
A-MOB-___-___-EXI
100
AcDbSpline
210
0.0
220
0.0
230
1.0
 70
     9
 71
     3
 72
    17
 73
    13
 74
     0
 42
0.000000001
 43
0.0000000001
 40
0.0
 40
0.0
 40
0.0
 40
0.0
 40
1.0
 40
1.0
 40
1.0
 40
2.0
 40
2.0
 40
2.0
 40
3.0
 40
3.0
 40
3.0
 40
4.0
 40
4.0
 40
4.0
 40
4.0
 10
6135.529906510799
 20
-23199.94182234335
 30
0.0
 10
6115.937906889932
 20
-23202.00102448083
 30
0.0
 10
6101.667477185468
 20
-23219.56768517254
 30
0.0
 10
6103.730556741801
 20
-23239.19657596957
 30
0.0
 10
6105.795256941934
 20
-23258.84088616235
 30
0.0
 10
6123.405833516471
 20
-23273.05360012316
 30
0.0
 10
6142.997833137338
 20
-23270.99439798569
 30
0.0
 10
6162.626839525945
 20
-23268.93130628019
 30
0.0
 10
6176.84516710487
 20
-23251.37323968899
 30
0.0
 10
6174.780466904738
 20
-23231.7289294962
 30
0.0
 10
6172.717387348403
 20
-23212.10003869918
 30
0.0
 10
6155.158912899405
 20
-23197.87873063785
 30
0.0
 10
6135.529906510799
 20
-23199.94182234335
 30
0.0
1001
REVIT
1002
{
1070
     1
1000
22909160
1002
}
1002
{
1070
     2
1000
-2000051
1002
}
1002
{
1070
     3
1000
22907988
1002
}
  0
SPLINE
  5
23B
330
70
100
AcDbEntity
  8
A-MOB-___-___-EXI
100
AcDbSpline
210
0.0
220
0.0
230
1.0
 70
     8
 71
     3
 72
     8
 73
     4
 74
     0
 42
0.000000001
 43
0.0000000001
 40
0.0
 40
0.0
 40
0.0
 40
0.0
 40
1.0
 40
1.0
 40
1.0
 40
1.0
 10
6232.17130185921
 20
-23114.65436457267
 30
0.0
 10
6208.05807319616
 20
-23107.36723569288
 30
0.0
 10
6183.151843559251
 20
-23102.94778075973
 30
0.0
 10
6158.050222073049
 20
-23101.44543459564
 30
0.0
1001
REVIT
1002
{
1070
     1
1000
22909161
1002
}
1002
{
1070
     2
1000
-2000051
1002
}
1002
{
1070
     3
1000
22907988
1002
}
  0
SPLINE
  5
23C
330
70
100
AcDbEntity
  8
A-MOB-___-___-EXI
100
AcDbSpline
210
0.0
220
0.0
230
1.0
 70
     8
 71
     3
 72
     8
 73
     4
 74
     0
 42
0.000000001
 43
0.0000000001
 40
0.0
 40
0.0
 40
0.0
 40
0.0
 40
1.0
 40
1.0
 40
1.0
 40
1.0
 10
6300.161239083401
 20
-23149.2701090543
 30
0.0
 10
6279.278010080759
 20
-23134.29761167861
 30
0.0
 10
6256.143169932463
 20
-23122.91044266486
 30
0.0
 10
6231.552780226661
 20
-23115.47391685835
 30
0.0
1001
REVIT
1002
{
1070
     1
1000
22909162
1002
}
1002
{
1070
     2
1000
-2000051
1002
}
1002
{
1070
     3
1000
22907988
1002
}
  0
SPLINE
  5
23D
330
70
100
AcDbEntity
  8
A-MOB-___-___-EXI
100
AcDbSpline
210
0.0
220
0.0
230
1.0
 70
     8
 71
     3
 72
     8
 73
     4
 74
     0
 42
0.000000001
 43
0.0000000001
 40
0.0
 40
0.0
 40
0.0
 40
0.0
 40
1.0
 40
1.0
 40
1.0
 40
1.0
 10
6347.180219934823
 20
-23199.25707775439
 30
0.0
 10
6335.472749370978
 20
-23179.02987498076
 30
0.0
 10
6319.602319811036
 20
-23161.43836908075
 30
0.0
 10
6300.610249193864
 20
-23147.8167223381
 30
0.0
1001
REVIT
1002
{
1070
     1
1000
22909163
1002
}
1002
{
1070
     2
1000
-2000051
1002
}
1002
{
1070
     3
1000
22907988
1002
}
  0
SPLINE
  5
23F
330
70
100
AcDbEntity
  8
A-MOB-___-___-EXI
100
AcDbSpline
210
0.0
220
0.0
230
1.0
 70
     8
 71
     3
 72
    11
 73
     7
 74
     0
 42
0.000000001
 43
0.0000000001
 40
0.0
 40
0.0
 40
0.0
 40
0.0
 40
1.0
 40
1.0
 40
1.0
 40
2.0
 40
2.0
 40
2.0
 40
2.0
 10
6346.150324086231
 20
-23296.28357182607
 30
0.0
 10
6354.814474763631
 20
-23281.85975295211
 30
0.0
 10
6359.412820764318
 20
-23265.3595563648
 30
0.0
 10
6359.538822193554
 20
-23248.58111498395
 30
0.0
 10
6359.672945538159
 20
-23231.76128665146
 30
0.0
 10
6355.329120640533
 20
-23215.20320723193
 30
0.0
 10
6346.97013317087
 20
-23200.66976288269
 30
0.0
1001
REVIT
1002
{
1070
     1
1000
22909165
1002
}
1002
{
1070
     2
1000
-2000051
1002
}
1002
{
1070
     3
1000
22907988
1002
}
  0
SPLINE
  5
240
330
70
100
AcDbEntity
  8
A-MOB-___-___-EXI
100
AcDbSpline
210
0.0
220
0.0
230
1.0
 70
     8
 71
     3
 72
     8
 73
     4
 74
     0
 42
0.000000001
 43
0.0000000001
 40
0.0
 40
0.0
 40
0.0
 40
0.0
 40
1.0
 40
1.0
 40
1.0
 40
1.0
 10
6298.986577417127
 20
-23345.98944889672
 30
0.0
 10
6318.262412102832
 20
-23332.63231537178
 30
0.0
 10
6334.4398959879
 20
-23315.34501093172
 30
0.0
 10
6346.456830534537
 20
-23295.19150679346
 30
0.0
1001
REVIT
1002
{
1070
     1
1000
22909166
1002
}
1002
{
1070
     2
1000
-2000051
1002
}
1002
{
1070
     3
1000
22907988
1002
}
  0
SPLINE
  5
241
330
70
100
AcDbEntity
  8
A-MOB-___-___-EXI
100
AcDbSpline
210
0.0
220
0.0
230
1.0
 70
     8
 71
     3
 72
     8
 73
     4
 74
     0
 42
0.000000001
 43
0.0000000001
 40
0.0
 40
0.0
 40
0.0
 40
0.0
 40
1.0
 40
1.0
 40
1.0
 40
1.0
 10
6229.333802781638
 20
-23378.20081707174
 30
0.0
 10
6254.00323740079
 20
-23371.23035818663
 30
0.0
 10
6277.38702643346
 20
-23360.18579838133
 30
0.0
 10
6298.444377143004
 20
-23345.54756500884
 30
0.0
1001
REVIT
1002
{
1070
     1
1000
22909167
1002
}
1002
{
1070
     2
1000
-2000051
1002
}
1002
{
1070
     3
1000
22907988
1002
}
  0
SPLINE
  5
243
330
70
100
AcDbEntity
  8
A-MOB-___-___-EXI
100
AcDbSpline
210
0.0
220
0.0
230
1.0
 70
     8
 71
     3
 72
    11
 73
     7
 74
     0
 42
0.000000001
 43
0.0000000001
 40
0.0
 40
0.0
 40
0.0
 40
0.0
 40
1.0
 40
1.0
 40
1.0
 40
2.0
 40
2.0
 40
2.0
 40
2.0
 10
6046.972214287309
 20
-23376.97330459981
 30
0.0
 10
6076.49149318353
 20
-23385.88726900946
 30
0.0
 10
6107.119036454919
 20
-23390.5129377806
 30
0.0
 10
6137.971580999863
 20
-23390.7529508722
 30
0.0
 10
6168.778191213892
 20
-23391.00090980297
 30
0.0
 10
6199.518295710381
 20
-23386.87826194131
 30
0.0
 10
6229.169179706627
 20
-23378.47379126358
 30
0.0
1001
REVIT
1002
{
1070
     1
1000
22909169
1002
}
1002
{
1070
     2
1000
-2000051
1002
}
1002
{
1070
     3
1000
22907988
1002
}
  0
SPLINE
  5
244
330
70
100
AcDbEntity
  8
A-MOB-___-___-EXI
100
AcDbSpline
210
0.0
220
0.0
230
1.0
 70
     8
 71
     3
 72
     8
 73
     4
 74
     0
 42
0.000000001
 43
0.0000000001
 40
0.0
 40
0.0
 40
0.0
 40
0.0
 40
1.0
 40
1.0
 40
1.0
 40
1.0
 10
5978.982277063118
 20
-23342.35756011818
 30
0.0
 10
5999.862098039687
 20
-23357.32729774539
 30
0.0
 10
6023.000022085294
 20
-23368.71414262847
 30
0.0
 10
6047.587652022549
 20
-23376.15407644481
 30
0.0
1001
REVIT
1002
{
1070
     1
1000
22909170
1002
}
1002
{
1070
     2
1000
-2000051
1002
}
1002
{
1070
     3
1000
22907988
1002
}
  0
SPLINE
  5
245
330
70
100
AcDbEntity
  8
A-MOB-___-___-EXI
100
AcDbSpline
210
0.0
220
0.0
230
1.0
 70
     8
 71
     3
 72
     8
 73
     4
 74
     0
 42
0.000000001
 43
0.0000000001
 40
0.0
 40
0.0
 40
0.0
 40
0.0
 40
1.0
 40
1.0
 40
1.0
 40
1.0
 10
5931.963296211694
 20
-23292.37059141809
 30
0.0
 10
5943.626610478712
 20
-23312.65232234883
 30
0.0
 10
5959.488445952426
 20
-23330.19172643395
 30
0.0
 10
5978.48360046691
 20
-23343.81304904593
 30
0.0
1001
REVIT
1002
{
1070
     1
1000
22909171
1002
}
1002
{
1070
     2
1000
-2000051
1002
}
1002
{
1070
     3
1000
22907988
1002
}
  0
SPLINE
  5
247
330
70
100
AcDbEntity
  8
A-MOB-___-___-EXI
100
AcDbSpline
210
0.0
220
0.0
230
1.0
 70
     8
 71
     3
 72
    11
 73
     7
 74
     0
 42
0.000000001
 43
0.0000000001
 40
0.0
 40
0.0
 40
0.0
 40
0.0
 40
1.0
 40
1.0
 40
1.0
 40
2.0
 40
2.0
 40
2.0
 40
2.0
 10
5933.109803628336
 20
-23196.9282295625
 30
0.0
 10
5924.494995307924
 20
-23211.34686234576
 30
0.0
 10
5919.896001049716
 20
-23227.84089117476
 30
0.0
 10
5919.77032374924
 20
-23244.62241643477
 30
0.0
 10
5919.584098279097
 20
-23261.45083886777
 30
0.0
 10
5923.964605815702
 20
-23278.00194484013
 30
0.0
 10
5932.339336900684
 20
-23292.53685241518
 30
0.0
1001
REVIT
1002
{
1070
     1
1000
22909173
1002
}
1002
{
1070
     2
1000
-2000051
1002
}
1002
{
1070
     3
1000
22907988
1002
}
  0
SPLINE
  5
248
330
70
100
AcDbEntity
  8
A-MOB-___-___-EXI
100
AcDbSpline
210
0.0
220
0.0
230
1.0
 70
     8
 71
     3
 72
     8
 73
     4
 74
     0
 42
0.000000001
 43
0.0000000001
 40
0.0
 40
0.0
 40
0.0
 40
0.0
 40
1.0
 40
1.0
 40
1.0
 40
1.0
 10
5980.153530703321
 20
-23145.63546052727
 30
0.0
 10
5960.905142077743
 20
-23158.97357538477
 30
0.0
 10
5944.754100665901
 20
-23176.23902489877
 30
0.0
 10
5932.754276533081
 20
-23196.36383329984
 30
0.0
1001
REVIT
1002
{
1070
     1
1000
22909174
1002
}
1002
{
1070
     2
1000
-2000051
1002
}
1002
{
1070
     3
1000
22907988
1002
}
  0
SPLINE
  5
249
330
70
100
AcDbEntity
  8
A-MOB-___-___-EXI
100
AcDbSpline
210
0.0
220
0.0
230
1.0
 70
     8
 71
     3
 72
     8
 73
     4
 74
     0
 42
0.000000001
 43
0.0000000001
 40
0.0
 40
0.0
 40
0.0
 40
0.0
 40
1.0
 40
1.0
 40
1.0
 40
1.0
 10
6049.809389236118
 20
-23113.42376822159
 30
0.0
 10
6025.14027874573
 20
-23120.39731098585
 30
0.0
 10
6001.752757558227
 20
-23131.43602716352
 30
0.0
 10
5980.698814874757
 20
-23146.07702028449
 30
0.0
1001
REVIT
1002
{
1070
     1
1000
22909175
1002
}
1002
{
1070
     2
1000
-2000051
1002
}
1002
{
1070
     3
1000
22907988
1002
}
  0
SPLINE
  5
24A
330
70
100
AcDbEntity
  8
A-MOB-___-___-EXI
100
AcDbSpline
210
0.0
220
0.0
230
1.0
 70
     8
 71
     3
 72
     8
 73
     4
 74
     0
 42
0.000000001
 43
0.0000000001
 40
0.0
 40
0.0
 40
0.0
 40
0.0
 40
1.0
 40
1.0
 40
1.0
 40
1.0
 10
6128.82443789716
 20
-23100.96117794567
 30
0.0
 10
6102.314280383899
 20
-23101.75115594825
 30
0.0
 10
6075.995998921289
 20
-23105.8232265645
 30
0.0
 10
6050.464351983688
 20
-23113.09925725345
 30
0.0
1001
REVIT
1002
{
1070
     1
1000
22909176
1002
}
1002
{
1070
     2
1000
-2000051
1002
}
1002
{
1070
     3
1000
22907988
1002
}
  0
SPLINE
  5
24B
330
70
100
AcDbEntity
  8
A-MOB-___-___-EXI
100
AcDbSpline
210
0.0
220
0.0
230
1.0
 70
     8
 71
     3
 72
     8
 73
     4
 74
     0
 42
0.000000001
 43
0.0000000001
 40
0.0
 40
0.0
 40
0.0
 40
0.0
 40
1.0
 40
1.0
 40
1.0
 40
1.0
 10
6226.655155963946
 20
-23132.89418359863
 30
0.0
 10
6204.29979398058
 20
-23126.16436674244
 30
0.0
 10
6181.256330272884
 20
-23121.99499356412
 30
0.0
 10
6157.958593930963
 20
-23120.50883589756
 30
0.0
1001
REVIT
1002
{
1070
     1
1000
22909177
1002
}
1002
{
1070
     2
1000
-2000051
1002
}
1002
{
1070
     3
1000
22907988
1002
}
  0
SPLINE
  5
24C
330
70
100
AcDbEntity
  8
A-MOB-___-___-EXI
100
AcDbSpline
210
0.0
220
0.0
230
1.0
 70
     8
 71
     3
 72
     8
 73
     4
 74
     0
 42
0.000000001
 43
0.0000000001
 40
0.0
 40
0.0
 40
0.0
 40
0.0
 40
1.0
 40
1.0
 40
1.0
 40
1.0
 10
6289.017670831304
 20
-23164.75583745569
 30
0.0
 10
6269.910709062167
 20
-23150.99036893689
 30
0.0
 10
6248.601849374053
 20
-23140.51191674243
 30
0.0
 10
6226.036634331394
 20
-23133.71373588431
 30
0.0
1001
REVIT
1002
{
1070
     1
1000
22909178
1002
}
1002
{
1070
     2
1000
-2000051
1002
}
1002
{
1070
     3
1000
22907988
1002
}
  0
SPLINE
  5
24D
330
70
100
AcDbEntity
  8
A-MOB-___-___-EXI
100
AcDbSpline
210
0.0
220
0.0
230
1.0
 70
     8
 71
     3
 72
     8
 73
     4
 74
     0
 42
0.000000001
 43
0.0000000001
 40
0.0
 40
0.0
 40
0.0
 40
0.0
 40
1.0
 40
1.0
 40
1.0
 40
1.0
 10
6329.24456637163
 20
-23209.57000017826
 30
0.0
 10
6319.038688203548
 20
-23191.79930445047
 30
0.0
 10
6305.135399217202
 20
-23176.46582271438
 30
0.0
 10
6288.543582680205
 20
-23164.52216882529
 30
0.0
1001
REVIT
1002
{
1070
     1
1000
22909179
1002
}
1002
{
1070
     2
1000
-2000051
1002
}
1002
{
1070
     3
1000
22907988
1002
}
  0
SPLINE
  5
24F
330
70
100
AcDbEntity
  8
A-MOB-___-___-EXI
100
AcDbSpline
210
0.0
220
0.0
230
1.0
 70
     8
 71
     3
 72
    11
 73
     7
 74
     0
 42
0.000000001
 43
0.0000000001
 40
0.0
 40
0.0
 40
0.0
 40
0.0
 40
1.0
 40
1.0
 40
1.0
 40
2.0
 40
2.0
 40
2.0
 40
2.0
 10
6328.469710887663
 20
-23285.67632922196
 30
0.0
 10
6335.215700895131
 20
-23274.39122272042
 30
0.0
 10
6338.806838965994
 20
-23261.538875127
 30
0.0
 10
6338.923499982968
 20
-23248.40941281722
 30
0.0
 10
6339.032696690281
 20
-23235.26826325218
 30
0.0
 10
6335.62839001791
 20
-23222.30932098557
 30
0.0
 10
6329.044388905316
 20
-23210.92863870764
 30
0.0
1001
REVIT
1002
{
1070
     1
1000
22909181
1002
}
1002
{
1070
     2
1000
-2000051
1002
}
1002
{
1070
     3
1000
22907988
1002
}
  0
SPLINE
  5
250
330
70
100
AcDbEntity
  8
A-MOB-___-___-EXI
100
AcDbSpline
210
0.0
220
0.0
230
1.0
 70
     8
 71
     3
 72
     8
 73
     4
 74
     0
 42
0.000000001
 43
0.0000000001
 40
0.0
 40
0.0
 40
0.0
 40
0.0
 40
1.0
 40
1.0
 40
1.0
 40
1.0
 10
6287.227953831002
 20
-23329.01340478367
 30
0.0
 10
6304.107798220381
 20
-23317.34198405386
 30
0.0
 10
6318.266319387645
 20
-23302.20524886633
 30
0.0
 10
6328.773016983138
 20
-23284.59506741324
 30
0.0
1001
REVIT
1002
{
1070
     1
1000
22909182
1002
}
1002
{
1070
     2
1000
-2000051
1002
}
1002
{
1070
     3
1000
22907988
1002
}
  0
SPLINE
  5
251
330
70
100
AcDbEntity
  8
A-MOB-___-___-EXI
100
AcDbSpline
210
0.0
220
0.0
230
1.0
 70
     8
 71
     3
 72
     8
 73
     4
 74
     0
 42
0.000000001
 43
0.0000000001
 40
0.0
 40
0.0
 40
0.0
 40
0.0
 40
1.0
 40
1.0
 40
1.0
 40
1.0
 10
6224.126776430535
 20
-23359.89699331794
 30
0.0
 10
6246.799576884889
 20
-23353.47936325005
 30
0.0
 10
6268.223358302631
 20
-23343.33611060605
 30
0.0
 10
6287.568005350578
 20
-23329.93487349093
 30
0.0
1001
REVIT
1002
{
1070
     1
1000
22909183
1002
}
1002
{
1070
     2
1000
-2000051
1002
}
1002
{
1070
     3
1000
22907988
1002
}
  0
SPLINE
  5
253
330
70
100
AcDbEntity
  8
A-MOB-___-___-EXI
100
AcDbSpline
210
0.0
220
0.0
230
1.0
 70
     8
 71
     3
 72
    11
 73
     7
 74
     0
 42
0.000000001
 43
0.0000000001
 40
0.0
 40
0.0
 40
0.0
 40
0.0
 40
1.0
 40
1.0
 40
1.0
 40
2.0
 40
2.0
 40
2.0
 40
2.0
 10
6052.438693696825
 20
-23358.7355877854
 30
0.0
 10
6080.249772399112
 20
-23367.0901379599
 30
0.0
 10
6109.104140153609
 20
-23371.48748810901
 30
0.0
 10
6138.117737559094
 20
-23371.733705546
 30
0.0
 10
6167.173213011904
 20
-23371.96304963702
 30
0.0
 10
6196.04447573754
 20
-23368.0368249605
 30
0.0
 10
6224.00094750553
 20
-23360.15341829448
 30
0.0
1001
REVIT
1002
{
1070
     1
1000
22909185
1002
}
1002
{
1070
     2
1000
-2000051
1002
}
1002
{
1070
     3
1000
22907988
1002
}
  0
SPLINE
  5
254
330
70
100
AcDbEntity
  8
A-MOB-___-___-EXI
100
AcDbSpline
210
0.0
220
0.0
230
1.0
 70
     8
 71
     3
 72
     8
 73
     4
 74
     0
 42
0.000000001
 43
0.0000000001
 40
0.0
 40
0.0
 40
0.0
 40
0.0
 40
1.0
 40
1.0
 40
1.0
 40
1.0
 10
5990.125521186454
 20
-23326.86874783764
 30
0.0
 10
6009.232482955592
 20
-23340.63421635644
 30
0.0
 10
6030.541342643705
 20
-23351.1126685509
 30
0.0
 10
6053.106881815125
 20
-23357.91393328817
 30
0.0
1001
REVIT
1002
{
1070
     1
1000
22909186
1002
}
1002
{
1070
     2
1000
-2000051
1002
}
1002
{
1070
     3
1000
22907988
1002
}
  0
SPLINE
  5
255
330
70
100
AcDbEntity
  8
A-MOB-___-___-EXI
100
AcDbSpline
210
0.0
220
0.0
230
1.0
 70
     8
 71
     3
 72
     8
 73
     4
 74
     0
 42
0.000000001
 43
0.0000000001
 40
0.0
 40
0.0
 40
0.0
 40
0.0
 40
1.0
 40
1.0
 40
1.0
 40
1.0
 10
5949.84619939183
 20
-23282.06009533644
 30
0.0
 10
5960.085388272425
 20
-23299.79202514171
 30
0.0
 10
5973.9136539646
 20
-23315.10507823592
 30
0.0
 10
5990.528607625222
 20
-23327.06743984936
 30
0.0
1001
REVIT
1002
{
1070
     1
1000
22909187
1002
}
1002
{
1070
     2
1000
-2000051
1002
}
1002
{
1070
     3
1000
22907988
1002
}
  0
SPLINE
  5
257
330
70
100
AcDbEntity
  8
A-MOB-___-___-EXI
100
AcDbSpline
210
0.0
220
0.0
230
1.0
 70
     8
 71
     3
 72
    11
 73
     7
 74
     0
 42
0.000000001
 43
0.0000000001
 40
0.0
 40
0.0
 40
0.0
 40
0.0
 40
1.0
 40
1.0
 40
1.0
 40
2.0
 40
2.0
 40
2.0
 40
2.0
 10
5950.839435055129
 20
-23207.52720219676
 30
0.0
 10
5944.093120918903
 20
-23218.80922481915
 30
0.0
 10
5940.502631105561
 20
-23231.66774017088
 30
0.0
 10
5940.385645959827
 20
-23244.7941186015
 30
0.0
 10
5940.272247970701
 20
-23258.02506317009
 30
0.0
 10
5943.701189459343
 20
-23271.08150725954
 30
0.0
 10
5950.281229473207
 20
-23282.54137335306
 30
0.0
1001
REVIT
1002
{
1070
     1
1000
22909189
1002
}
1002
{
1070
     2
1000
-2000051
1002
}
1002
{
1070
     3
1000
22907988
1002
}
  0
SPLINE
  5
258
330
70
100
AcDbEntity
  8
A-MOB-___-___-EXI
100
AcDbSpline
210
0.0
220
0.0
230
1.0
 70
     8
 71
     3
 72
     8
 73
     4
 74
     0
 42
0.000000001
 43
0.0000000001
 40
0.0
 40
0.0
 40
0.0
 40
0.0
 40
1.0
 40
1.0
 40
1.0
 40
1.0
 10
5991.915238186758
 20
-23162.61118050965
 30
0.0
 10
5975.079820740114
 20
-23174.25519061373
 30
0.0
 10
5960.957968120725
 20
-23189.34929341676
 30
0.0
 10
5950.478721899717
 20
-23206.91346386768
 30
0.0
1001
REVIT
1002
{
1070
     1
1000
22909190
1002
}
1002
{
1070
     2
1000
-2000051
1002
}
1002
{
1070
     3
1000
22907988
1002
}
  0
SPLINE
  5
259
330
70
100
AcDbEntity
  8
A-MOB-___-___-EXI
100
AcDbSpline
210
0.0
220
0.0
230
1.0
 70
     8
 71
     3
 72
     8
 73
     4
 74
     0
 42
0.000000001
 43
0.0000000001
 40
0.0
 40
0.0
 40
0.0
 40
0.0
 40
1.0
 40
1.0
 40
1.0
 40
1.0
 10
6055.016415587227
 20
-23131.72759197539
 30
0.0
 10
6032.343615132868
 20
-23138.14522204328
 30
0.0
 10
6010.919833715127
 20
-23148.28847468728
 30
0.0
 10
5991.562851077937
 20
-23161.69100832508
 30
0.0
1001
REVIT
1002
{
1070
     1
1000
22909191
1002
}
1002
{
1070
     2
1000
-2000051
1002
}
1002
{
1070
     3
1000
22907988
1002
}
  0
SPLINE
  5
25A
330
70
100
AcDbEntity
  8
A-MOB-___-___-EXI
100
AcDbSpline
210
0.0
220
0.0
230
1.0
 70
     8
 71
     3
 72
     8
 73
     4
 74
     0
 42
0.000000001
 43
0.0000000001
 40
0.0
 40
0.0
 40
0.0
 40
0.0
 40
1.0
 40
1.0
 40
1.0
 40
1.0
 10
6128.183311282249
 20
-23120.10571087487
 30
0.0
 10
6103.568414253544
 20
-23120.89066775131
 30
0.0
 10
6079.181406258678
 20
-23124.70414210612
 30
0.0
 10
6055.530815573497
 20
-23131.4303265346
 30
0.0
1001
REVIT
1002
{
1070
     1
1000
22909192
1002
}
1002
{
1070
     2
1000
-2000051
1002
}
1002
{
1070
     3
1000
22907988
1002
}
  0
LINE
  5
25B
330
70
100
AcDbEntity
  8
A-ALV-___-___-EXI
100
AcDbLine
 10
-2214.226146963332
 20
-15132.97130095504
 30
0.0
 11
-2213.038160852227
 21
-15132.84643858333
 31
0.0
1001
REVIT
1002
{
1070
     1
1000
22909406
1002
}
1002
{
1070
     2
1000
-2000051
1002
}
1002
{
1070
     3
1000
22907988
1002
}
  0
LINE
  5
25C
330
70
100
AcDbEntity
  8
A-ALV-___-___-EXI
100
AcDbLine
 10
783.8010498530938
 20
-19447.3928438476
 30
0.0
 11
784.9895458292187
 21
-19447.26792788691
 31
0.0
1001
REVIT
1002
{
1070
     1
1000
22909460
1002
}
1002
{
1070
     2
1000
-2000051
1002
}
1002
{
1070
     3
1000
22907988
1002
}
  0
LINE
  5
25D
330
70
100
AcDbEntity
  8
A-ALV-___-___-EXI
100
AcDbLine
 10
583.0812038183646
 20
-20426.32250122692
 30
0.0
 11
584.8119384058682
 21
-20426.14059369165
 31
0.0
1001
REVIT
1002
{
1070
     1
1000
22909472
1002
}
1002
{
1070
     2
1000
-2000051
1002
}
1002
{
1070
     3
1000
22907988
1002
}
  0
LINE
  5
25E
330
70
100
AcDbEntity
  8
A-ALV-___-___-EXI
100
AcDbLine
 10
-2154.414887932574
 20
-14574.0982243051
 30
0.0
 11
-2153.781471495587
 21
-14572.67147030355
 31
0.0
1001
REVIT
1002
{
1070
     1
1000
22909493
1002
}
1002
{
1070
     2
1000
-2000051
1002
}
1002
{
1070
     3
1000
22907988
1002
}
  0
LINE
  5
25F
330
70
100
AcDbEntity
  8
A-ALV-___-___-EXI
100
AcDbLine
 10
-2214.21016793483
 20
-15099.30617754592
 30
0.0
 11
-2213.531236355857
 21
-15097.77771402023
 31
0.0
1001
REVIT
1002
{
1070
     1
1000
22909494
1002
}
1002
{
1070
     2
1000
-2000051
1002
}
1002
{
1070
     3
1000
22907988
1002
}
  0
LINE
  5
260
330
70
100
AcDbEntity
  8
A-ALV-___-___-EXI
100
AcDbLine
 10
-1806.323463402202
 20
-14574.0982243051
 30
0.0
 11
-1805.752248883491
 21
-14572.80906248343
 31
0.0
1001
REVIT
1002
{
1070
     1
1000
22909497
1002
}
1002
{
1070
     2
1000
-2000051
1002
}
1002
{
1070
     3
1000
22907988
1002
}
  0
LINE
  5
261
330
70
100
AcDbEntity
  8
A-ALV-___-___-EXI
100
AcDbLine
 10
-1514.019819767928
 20
-14698.44075611999
 30
0.0
 11
-1513.347745762562
 21
-14696.96019712995
 31
0.0
1001
REVIT
1002
{
1070
     1
1000
22909501
1002
}
1002
{
1070
     2
1000
-2000051
1002
}
1002
{
1070
     3
1000
22907988
1002
}
  0
LINE
  5
262
330
70
100
AcDbEntity
  8
A-ALV-___-___-EXI
100
AcDbLine
 10
-2215.323485005019
 20
-17444.87784730212
 30
0.0
 11
-2214.47684333791
 21
-17442.97193380822
 31
0.0
1001
REVIT
1002
{
1070
     1
1000
22909504
1002
}
1002
{
1070
     2
1000
-2000051
1002
}
1002
{
1070
     3
1000
22907988
1002
}
  0
LINE
  5
263
330
70
100
AcDbEntity
  8
A-ALV-___-___-EXI
100
AcDbLine
 10
-2215.508913894784
 20
-17835.54530604315
 30
0.0
 11
-2214.877140511734
 21
-17834.12921024906
 31
0.0
1001
REVIT
1002
{
1070
     1
1000
22909505
1002
}
1002
{
1070
     2
1000
-2000051
1002
}
1002
{
1070
     3
1000
22907988
1002
}
  0
LINE
  5
264
330
70
100
AcDbEntity
  8
A-ALV-___-___-EXI
100
AcDbLine
 10
-2216.622223999885
 20
-20181.10230153102
 30
0.0
 11
-2215.828915288409
 21
-20179.32407829838
 31
0.0
1001
REVIT
1002
{
1070
     1
1000
22909513
1002
}
1002
{
1070
     2
1000
-2000051
1002
}
1002
{
1070
     3
1000
22907988
1002
}
  0
LINE
  5
265
330
70
100
AcDbEntity
  8
A-ALV-___-___-EXI
100
AcDbLine
 10
-2216.807663021362
 20
-20571.79110608336
 30
0.0
 11
-2216.223044667609
 21
-20570.48070647789
 31
0.0
1001
REVIT
1002
{
1070
     1
1000
22909515
1002
}
1002
{
1070
     2
1000
-2000051
1002
}
1002
{
1070
     3
1000
22907988
1002
}
  0
LINE
  5
266
330
70
100
AcDbEntity
  8
A-ALV-___-___-EXI
100
AcDbLine
 10
-2417.82765767841
 20
-22191.25156809128
 30
0.0
 11
-2417.122518773274
 21
-22189.67097989753
 31
0.0
1001
REVIT
1002
{
1070
     1
1000
22909521
1002
}
1002
{
1070
     2
1000
-2000051
1002
}
1002
{
1070
     3
1000
22907988
1002
}
  0
LINE
  5
267
330
70
100
AcDbEntity
  8
A-ALV-___-___-EXI
100
AcDbLine
 10
585.0119054240695
 20
-16617.13641067503
 30
0.0
 11
585.5551821386313
 21
-16615.92775611467
 31
0.0
1001
REVIT
1002
{
1070
     1
1000
22909528
1002
}
1002
{
1070
     2
1000
-2000051
1002
}
1002
{
1070
     3
1000
22907988
1002
}
  0
LINE
  5
268
330
70
100
AcDbEntity
  8
A-ALV-___-___-EXI
100
AcDbLine
 10
783.8010498530932
 20
-19686.85571363949
 30
0.0
 11
784.5470149564868
 21
-19685.17633903491
 31
0.0
1001
REVIT
1002
{
1070
     1
1000
22909535
1002
}
1002
{
1070
     2
1000
-2000051
1002
}
1002
{
1070
     3
1000
22907988
1002
}
  0
LINE
  5
269
330
70
100
AcDbEntity
  8
A-ALV-___-___-EXI
100
AcDbLine
 10
584.0564007595316
 20
-20526.79248480139
 30
0.0
 11
584.8119384058685
 21
-20525.09160972606
 31
0.0
1001
REVIT
1002
{
1070
     1
1000
22909536
1002
}
1002
{
1070
     2
1000
-2000051
1002
}
1002
{
1070
     3
1000
22907988
1002
}
  0
LINE
  5
26A
330
70
100
AcDbEntity
  8
A-ALV-___-___-EXI
100
AcDbLine
 10
781.964234504975
 20
-22424.30024601584
 30
0.0
 11
783.2011108006104
 21
-22421.52783526374
 31
0.0
1001
REVIT
1002
{
1070
     1
1000
22909539
1002
}
1002
{
1070
     2
1000
-2000051
1002
}
1002
{
1070
     3
1000
22907988
1002
}
  0
LINE
  5
26B
330
70
100
AcDbEntity
  8
A-ALV-___-___-EXI
100
AcDbLine
 10
781.9642345049741
 20
-22814.60509571684
 30
0.0
 11
782.8131492160325
 21
-22812.6838151819
 31
0.0
1001
REVIT
1002
{
1070
     1
1000
22909540
1002
}
1002
{
1070
     2
1000
-2000051
1002
}
1002
{
1070
     3
1000
22907988
1002
}
  0
LINE
  5
26C
330
70
100
AcDbEntity
  8
A-ALV-___-___-EXI
100
AcDbLine
 10
-2214.882709571442
 20
-18396.05857777022
 30
0.0
 11
-2215.774375047175
 21
-18394.82727084872
 31
0.0
1001
REVIT
1002
{
1070
     1
1000
22909561
1002
}
1002
{
1070
     2
1000
-2000051
1002
}
1002
{
1070
     3
1000
22907988
1002
}
  0
LINE
  5
26D
330
70
100
AcDbEntity
  8
A-ALV-___-___-EXI
100
AcDbLine
 10
782.9785044061527
 20
-22252.33404204746
 30
0.0
 11
781.9642345049755
 21
-22250.93598595405
 31
0.0
1001
REVIT
1002
{
1070
     1
1000
22909562
1002
}
1002
{
1070
     2
1000
-2000051
1002
}
1002
{
1070
     3
1000
22907988
1002
}
  0
LINE
  5
26E
330
70
100
AcDbEntity
  8
A-JAN-___-___-EXI
100
AcDbLine
 10
653.1169808778066
 20
-22125.50084262099
 30
0.0
 11
654.411364697862
 21
-20726.10010104563
 31
0.0
1001
REVIT
1002
{
1070
     1
1000
22909568
1002
}
1002
{
1070
     2
1000
-2000051
1002
}
1002
{
1070
     3
1000
22907988
1002
}
  0
LINE
  5
26F
330
70
100
AcDbEntity
  8
A-ALV-___-___-EXI
100
AcDbLine
 10
584.8119384058683
 20
-20629.29487570523
 30
0.0
 11
583.458810071761
 21
-20627.42777501685
 31
0.0
1001
REVIT
1002
{
1070
     1
1000
22909569
1002
}
1002
{
1070
     2
1000
-2000051
1002
}
1002
{
1070
     3
1000
22907988
1002
}
  0
LINE
  5
270
330
70
100
AcDbEntity
  8
A-ALV-___-___-EXI
100
AcDbLine
 10
584.8119384058686
 20
-20358.94275967208
 30
0.0
 11
583.8337943650749
 21
-20357.59869158512
 31
0.0
1001
REVIT
1002
{
1070
     1
1000
22909571
1002
}
1002
{
1070
     2
1000
-2000051
1002
}
1002
{
1070
     3
1000
22907988
1002
}
  0
LINE
  5
271
330
70
100
AcDbEntity
  8
A-ALV-___-___-EXI
100
AcDbLine
 10
-2214.002728866842
 20
-16505.84200252505
 30
0.0
 11
-2214.877204690999
 21
-16504.6403450117
 31
0.0
1001
REVIT
1002
{
1070
     1
1000
22909572
1002
}
1002
{
1070
     2
1000
-2000051
1002
}
1002
{
1070
     3
1000
22907988
1002
}
  0
LINE
  5
272
330
70
100
AcDbEntity
  8
A-ALV-___-___-EXI
100
AcDbLine
 10
-2213.621576778905
 20
-16236.01227083199
 30
0.0
 11
-2214.748972237757
 21
-16234.47615052835
 31
0.0
1001
REVIT
1002
{
1070
     1
1000
22909574
1002
}
1002
{
1070
     2
1000
-2000051
1002
}
1002
{
1070
     3
1000
22907988
1002
}
  0
LINE
  5
273
330
70
100
AcDbEntity
  8
A-ALV-___-___-EXI
100
AcDbLine
 10
784.8917512609986
 20
-19552.49574751231
 30
0.0
 11
783.8010498530953
 21
-19551.00416126809
 31
0.0
1001
REVIT
1002
{
1070
     1
1000
22909579
1002
}
1002
{
1070
     2
1000
-2000051
1002
}
1002
{
1070
     3
1000
22907988
1002
}
  0
LINE
  5
274
330
70
100
AcDbEntity
  8
A-ALV-___-___-EXI
100
AcDbLine
 10
-2243.729946089279
 20
-14574.0982243051
 30
0.0
 11
-2244.777654188772
 21
-14572.65722298302
 31
0.0
1001
REVIT
1002
{
1070
     1
1000
22909584
1002
}
1002
{
1070
     2
1000
-2000051
1002
}
1002
{
1070
     3
1000
22907988
1002
}
  0
LINE
  5
275
330
70
100
AcDbEntity
  8
A-ALV-___-___-EXI
100
AcDbLine
 10
-2047.443846397473
 20
-14574.0982243051
 30
0.0
 11
-2048.408736065318
 21
-14572.77106962867
 31
0.0
1001
REVIT
1002
{
1070
     1
1000
22909587
1002
}
1002
{
1070
     2
1000
-2000051
1002
}
1002
{
1070
     3
1000
22907988
1002
}
  0
LINE
  5
276
330
70
100
AcDbEntity
  8
A-ALV-___-___-EXI
100
AcDbLine
 10
-1851.151100072364
 20
-14574.0982243051
 30
0.0
 11
-1852.033650147241
 21
-14572.88426801298
 31
0.0
1001
REVIT
1002
{
1070
     1
1000
22909589
1002
}
1002
{
1070
     2
1000
-2000051
1002
}
1002
{
1070
     3
1000
22907988
1002
}
  0
LINE
  5
277
330
70
100
AcDbEntity
  8
A-ALV-___-___-EXI
100
AcDbLine
 10
3654.882460083591
 20
-19127.08347685373
 30
0.0
 11
3654.879727410433
 21
-19123.28087485479
 31
0.0
1001
REVIT
1002
{
1070
     1
1000
22909635
1002
}
1002
{
1070
     2
1000
-2000051
1002
}
1002
{
1070
     3
1000
22907988
1002
}
  0
LINE
  5
278
330
70
100
AcDbEntity
  8
A-ALV-___-___-EXI
100
AcDbLine
 10
3021.943719216351
 20
-19697.45670024148
 30
0.0
 11
3028.708411234692
 21
-19696.74570246009
 31
0.0
1001
REVIT
1002
{
1070
     1
1000
22909639
1002
}
1002
{
1070
     2
1000
-2000051
1002
}
1002
{
1070
     3
1000
22907988
1002
}
  0
LINE
  5
279
330
70
100
AcDbEntity
  8
A-ALV-___-___-EXI
100
AcDbLine
 10
4999.418420599674
 20
-23212.39391600025
 30
0.0
 11
5048.346704582025
 21
-23207.25134612942
 31
0.0
1001
REVIT
1002
{
1070
     1
1000
22909642
1002
}
1002
{
1070
     2
1000
-2000051
1002
}
1002
{
1070
     3
1000
22907988
1002
}
  0
LINE
  5
27A
330
70
100
AcDbEntity
  8
A-ALV-___-___-EXI
100
AcDbLine
 10
6423.6168785037
 20
-23062.70462621577
 30
0.0
 11
6540.096846858486
 21
-23050.46208821808
 31
0.0
1001
REVIT
1002
{
1070
     1
1000
22909644
1002
}
1002
{
1070
     2
1000
-2000051
1002
}
1002
{
1070
     3
1000
22907988
1002
}
  0
LINE
  5
27B
330
70
100
AcDbEntity
  8
A-ALV-___-___-EXI
100
AcDbLine
 10
5003.80451821292
 20
-23381.15010865593
 30
0.0
 11
5053.306177247165
 21
-23375.94727463875
 31
0.0
1001
REVIT
1002
{
1070
     1
1000
22909645
1002
}
1002
{
1070
     2
1000
-2000051
1002
}
1002
{
1070
     3
1000
22907988
1002
}
  0
LINE
  5
27C
330
70
100
AcDbEntity
  8
A-ALV-___-___-EXI
100
AcDbLine
 10
7314.664785467861
 20
-23138.26890746039
 30
0.0
 11
7233.843617184977
 21
-23146.76355454604
 31
0.0
1001
REVIT
1002
{
1070
     1
1000
22909646
1002
}
1002
{
1070
     2
1000
-2000051
1002
}
1002
{
1070
     3
1000
22907988
1002
}
  0
LINE
  5
27D
330
70
100
AcDbEntity
  8
A-ALV-___-___-EXI
100
AcDbLine
 10
5008.301678600674
 20
-23549.89462814363
 30
0.0
 11
5058.342111221524
 21
-23544.63516674065
 31
0.0
1001
REVIT
1002
{
1070
     1
1000
22909647
1002
}
1002
{
1070
     2
1000
-2000051
1002
}
1002
{
1070
     3
1000
22907988
1002
}
  0
LINE
  5
27E
330
70
100
AcDbEntity
  8
A-ALV-___-___-EXI
100
AcDbLine
 10
7314.564904591119
 20
-23307.49659545469
 30
0.0
 11
7234.066223579434
 21
-23315.95734776231
 31
0.0
1001
REVIT
1002
{
1070
     1
1000
22909649
1002
}
1002
{
1070
     2
1000
-2000051
1002
}
1002
{
1070
     3
1000
22907988
1002
}
  0
LINE
  5
27F
330
70
100
AcDbEntity
  8
A-ALV-___-___-EXI
100
AcDbLine
 10
5012.798838988429
 20
-23718.63914763134
 30
0.0
 11
5063.225122577446
 21
-23713.33913165743
 31
0.0
1001
REVIT
1002
{
1070
     1
1000
22909650
1002
}
1002
{
1070
     2
1000
-2000051
1002
}
1002
{
1070
     3
1000
22907988
1002
}
  0
LINE
  5
280
330
70
100
AcDbEntity
  8
A-ALV-___-___-EXI
100
AcDbLine
 10
7314.465023714375
 20
-23476.72428344898
 30
0.0
 11
7234.288829973891
 21
-23485.15114097859
 31
0.0
1001
REVIT
1002
{
1070
     1
1000
22909651
1002
}
1002
{
1070
     2
1000
-2000051
1002
}
1002
{
1070
     3
1000
22907988
1002
}
  0
LINE
  5
281
330
70
100
AcDbEntity
  8
A-ALV-___-___-EXI
100
AcDbLine
 10
5017.658021688632
 20
-23887.34561704074
 30
0.0
 11
5066.605639819024
 21
-23882.20101506907
 31
0.0
1001
REVIT
1002
{
1070
     1
1000
22909652
1002
}
1002
{
1070
     2
1000
-2000051
1002
}
1002
{
1070
     3
1000
22907988
1002
}
  0
LINE
  5
282
330
70
100
AcDbEntity
  8
A-ALV-___-___-EXI
100
AcDbLine
 10
7314.365142837634
 20
-23645.95197144327
 30
0.0
 11
7234.508352471038
 21
-23654.34525832553
 31
0.0
1001
REVIT
1002
{
1070
     1
1000
22909653
1002
}
1002
{
1070
     2
1000
-2000051
1002
}
1002
{
1070
     3
1000
22907988
1002
}
  0
LINE
  5
283
330
70
100
AcDbEntity
  8
A-ALV-___-___-EXI
100
AcDbLine
 10
5022.475710601451
 20
-24056.05644762293
 30
0.0
 11
5071.565112484164
 21
-24050.89694357841
 31
0.0
1001
REVIT
1002
{
1070
     1
1000
22909654
1002
}
1002
{
1070
     2
1000
-2000051
1002
}
1002
{
1070
     3
1000
22907988
1002
}
  0
LINE
  5
284
330
70
100
AcDbEntity
  8
A-ALV-___-___-EXI
100
AcDbLine
 10
7314.26526196089
 20
-23815.17965943757
 30
0.0
 11
7234.734042762804
 21
-23823.53872741112
 31
0.0
1001
REVIT
1002
{
1070
     1
1000
22909655
1002
}
1002
{
1070
     2
1000
-2000051
1002
}
1002
{
1070
     3
1000
22907988
1002
}
  0
LINE
  5
287
330
70
100
AcDbEntity
  8
A-ALV-___-___-EXI
100
AcDbLine
 10
7314.16538108415
 20
-23984.40734743186
 30
0.0
 11
7233.377693733699
 21
-23992.89847552971
 31
0.0
1001
REVIT
1002
{
1070
     1
1000
22909658
1002
}
1002
{
1070
     2
1000
-2000051
1002
}
1002
{
1070
     3
1000
22907988
1002
}
  0
LINE
  5
288
330
70
100
AcDbEntity
  8
A-ALV-___-___-EXI
100
AcDbLine
 10
5030.957484260492
 20
-24393.59935747106
 30
0.0
 11
5081.484057814445
 21
-24388.28880059708
 31
0.0
1001
REVIT
1002
{
1070
     1
1000
22909659
1002
}
1002
{
1070
     2
1000
-2000051
1002
}
1002
{
1070
     3
1000
22907988
1002
}
  0
LINE
  5
289
330
70
100
AcDbEntity
  8
A-ALV-___-___-EXI
100
AcDbLine
 10
7233.600300128158
 20
-24162.09226874599
 30
0.0
 11
7314.065500207407
 21
-24153.63503542616
 31
0.0
1001
REVIT
1002
{
1070
     1
1000
22909660
1002
}
1002
{
1070
     2
1000
-2000051
1002
}
1002
{
1070
     3
1000
22907988
1002
}
  0
LINE
  5
28A
330
70
100
AcDbEntity
  8
A-ALV-___-___-EXI
100
AcDbLine
 10
6687.280613372959
 20
-24219.51278163294
 30
0.0
 11
6690.439634423154
 21
-24219.18075514128
 31
0.0
1001
REVIT
1002
{
1070
     1
1000
22909662
1002
}
1002
{
1070
     2
1000
-2000051
1002
}
1002
{
1070
     3
1000
22907988
1002
}
  0
LINE
  5
28B
330
70
100
AcDbEntity
  8
A-ALV-___-___-EXI
100
AcDbLine
 10
7312.969489535452
 20
-25676.70494160981
 30
0.0
 11
7314.764901210853
 21
-25676.51623623868
 31
0.0
1001
REVIT
1002
{
1070
     1
1000
22909668
1002
}
1002
{
1070
     2
1000
-2000051
1002
}
1002
{
1070
     3
1000
22907988
1002
}
  0
LINE
  5
28C
330
70
100
AcDbEntity
  8
A-ALV-___-___-EXI
100
AcDbLine
 10
3654.296495537078
 20
-19132.92050650942
 30
0.0
 11
3654.880448860268
 21
-19131.61383343123
 31
0.0
1001
REVIT
1002
{
1070
     1
1000
22909691
1002
}
1002
{
1070
     2
1000
-2000051
1002
}
1002
{
1070
     3
1000
22907988
1002
}
  0
LINE
  5
28D
330
70
100
AcDbEntity
  8
A-ALV-___-___-EXI
100
AcDbLine
 10
4997.768902845756
 20
-23152.03832676492
 30
0.0
 11
5042.68234493408
 21
-23048.4755652739
 31
0.0
1001
REVIT
1002
{
1070
     1
1000
22909696
1002
}
1002
{
1070
     2
1000
-2000051
1002
}
1002
{
1070
     3
1000
22907988
1002
}
  0
LINE
  5
28E
330
70
100
AcDbEntity
  8
A-ALV-___-___-EXI
100
AcDbLine
 10
5008.427476591188
 20
-23542.03382531939
 30
0.0
 11
5054.709606202749
 21
-23434.86614598495
 31
0.0
1001
REVIT
1002
{
1070
     1
1000
22909697
1002
}
1002
{
1070
     2
1000
-2000051
1002
}
1002
{
1070
     3
1000
22907988
1002
}
  0
LINE
  5
28F
330
70
100
AcDbEntity
  8
A-ALV-___-___-EXI
100
AcDbLine
 10
5204.511696403949
 20
-23098.24720611433
 30
0.0
 11
5227.612636158458
 21
-23048.62549035406
 31
0.0
1001
REVIT
1002
{
1070
     1
1000
22909698
1002
}
1002
{
1070
     2
1000
-2000051
1002
}
1002
{
1070
     3
1000
22907988
1002
}
  0
LINE
  5
290
330
70
100
AcDbEntity
  8
A-ALV-___-___-EXI
100
AcDbLine
 10
5019.086385602959
 20
-23932.04159121532
 30
0.0
 11
5065.374332583097
 21
-23824.86044158693
 31
0.0
1001
REVIT
1002
{
1070
     1
1000
22909699
1002
}
1002
{
1070
     2
1000
-2000051
1002
}
1002
{
1070
     3
1000
22907988
1002
}
  0
LINE
  5
291
330
70
100
AcDbEntity
  8
A-ALV-___-___-EXI
100
AcDbLine
 10
5389.661972637443
 20
-23097.94379095077
 30
0.0
 11
5411.691551011988
 21
-23049.33311997529
 31
0.0
1001
REVIT
1002
{
1070
     1
1000
22909700
1002
}
1002
{
1070
     2
1000
-2000051
1002
}
1002
{
1070
     3
1000
22907988
1002
}
  0
LINE
  5
292
330
70
100
AcDbEntity
  8
A-ALV-___-___-EXI
100
AcDbLine
 10
5029.805379328197
 20
-24321.88296221947
 30
0.0
 11
5076.081612204431
 21
-24214.72893695511
 31
0.0
1001
REVIT
1002
{
1070
     1
1000
22909701
1002
}
1002
{
1070
     2
1000
-2000051
1002
}
1002
{
1070
     3
1000
22907988
1002
}
  0
LINE
  5
293
330
70
100
AcDbEntity
  8
A-ALV-___-___-EXI
100
AcDbLine
 10
5573.396163475097
 20
-23099.38560094559
 30
0.0
 11
5595.262871821919
 21
-23049.19565971406
 31
0.0
1001
REVIT
1002
{
1070
     1
1000
22909702
1002
}
1002
{
1070
     2
1000
-2000051
1002
}
1002
{
1070
     3
1000
22907988
1002
}
  0
LINE
  5
294
330
70
100
AcDbEntity
  8
A-ALV-___-___-EXI
100
AcDbLine
 10
5756.970568182339
 20
-23099.24781655367
 30
0.0
 11
5780.328727331133
 21
-23049.07358354488
 31
0.0
1001
REVIT
1002
{
1070
     1
1000
22909703
1002
}
1002
{
1070
     2
1000
-2000051
1002
}
1002
{
1070
     3
1000
22907988
1002
}
  0
LINE
  5
295
330
70
100
AcDbEntity
  8
A-ALV-___-___-EXI
100
AcDbLine
 10
6494.579716194222
 20
-23099.94501182945
 30
0.0
 11
6516.135490495686
 21
-23050.46208821808
 31
0.0
1001
REVIT
1002
{
1070
     1
1000
22909706
1002
}
1002
{
1070
     2
1000
-2000051
1002
}
1002
{
1070
     3
1000
22907988
1002
}
  0
LINE
  5
296
330
70
100
AcDbEntity
  8
A-ALV-___-___-EXI
100
AcDbLine
 10
6678.21576066472
 20
-23099.65223922672
 30
0.0
 11
6699.646881308599
 21
-23050.46208821808
 31
0.0
1001
REVIT
1002
{
1070
     1
1000
22909708
1002
}
1002
{
1070
     2
1000
-2000051
1002
}
1002
{
1070
     3
1000
22907988
1002
}
  0
LINE
  5
297
330
70
100
AcDbEntity
  8
A-ALV-___-___-EXI
100
AcDbLine
 10
6863.298229340336
 20
-23099.50446053532
 30
0.0
 11
6884.664965897179
 21
-23050.46208821808
 31
0.0
1001
REVIT
1002
{
1070
     1
1000
22909710
1002
}
1002
{
1070
     2
1000
-2000051
1002
}
1002
{
1070
     3
1000
22907988
1002
}
  0
LINE
  5
298
330
70
100
AcDbEntity
  8
A-ALV-___-___-EXI
100
AcDbLine
 10
7046.872634047578
 20
-23099.36667614341
 30
0.0
 11
7068.173606112783
 21
-23050.46208821808
 31
0.0
1001
REVIT
1002
{
1070
     1
1000
22909712
1002
}
1002
{
1070
     2
1000
-2000051
1002
}
1002
{
1070
     3
1000
22907988
1002
}
  0
LINE
  5
299
330
70
100
AcDbEntity
  8
A-ALV-___-___-EXI
100
AcDbLine
 10
7230.443954857512
 20
-23099.22921588217
 30
0.0
 11
7253.144208374803
 21
-23050.46208821808
 31
0.0
1001
REVIT
1002
{
1070
     1
1000
22909715
1002
}
1002
{
1070
     2
1000
-2000051
1002
}
1002
{
1070
     3
1000
22907988
1002
}
  0
LINE
  5
29A
330
70
100
AcDbEntity
  8
A-ALV-___-___-EXI
100
AcDbLine
 10
7314.553031995886
 20
-23327.61227632104
 30
0.0
 11
7234.867275575776
 21
-23505.8433955109
 31
0.0
1001
REVIT
1002
{
1070
     1
1000
22909718
1002
}
1002
{
1070
     2
1000
-2000051
1002
}
1002
{
1070
     3
1000
22907988
1002
}
  0
LINE
  5
29B
330
70
100
AcDbEntity
  8
A-ALV-___-___-EXI
100
AcDbLine
 10
7314.310228433732
 20
-23738.99318126938
 30
0.0
 11
7313.77367267859
 21
-23740.20106403538
 31
0.0
1001
REVIT
1002
{
1070
     1
1000
22909720
1002
}
1002
{
1070
     2
1000
-2000051
1002
}
1002
{
1070
     3
1000
22907988
1002
}
  0
LINE
  5
29C
330
70
100
AcDbEntity
  8
A-ALV-___-___-EXI
100
AcDbLine
 10
7313.773672681133
 20
-23740.2010640296
 30
0.0
 11
7233.638590299932
 21
-23919.43717925043
 31
0.0
1001
REVIT
1002
{
1070
     1
1000
22909721
1002
}
1002
{
1070
     2
1000
-2000051
1002
}
1002
{
1070
     3
1000
22907988
1002
}
  0
LINE
  5
29D
330
70
100
AcDbEntity
  8
A-ALV-___-___-EXI
100
AcDbLine
 10
7285.339188273839
 20
-24219.59814886911
 30
0.0
 11
7314.064271904823
 21
-24155.71614257388
 31
0.0
1001
REVIT
1002
{
1070
     1
1000
22909722
1002
}
1002
{
1070
     2
1000
-2000051
1002
}
1002
{
1070
     3
1000
22907988
1002
}
  0
LINE
  5
29E
330
70
100
AcDbEntity
  8
A-ALV-___-___-EXI
100
AcDbLine
 10
7313.064295378961
 20
-24568.80129859298
 30
0.0
 11
7313.668226748085
 21
-24567.45186874552
 31
0.0
1001
REVIT
1002
{
1070
     1
1000
22909724
1002
}
1002
{
1070
     2
1000
-2000051
1002
}
1002
{
1070
     3
1000
22907988
1002
}
  0
LINE
  5
29F
330
70
100
AcDbEntity
  8
A-ALV-___-___-EXI
100
AcDbLine
 10
7514.129749850031
 20
-24119.53878396112
 30
0.0
 11
7514.739735620276
 21
-24118.17582610368
 31
0.0
1001
REVIT
1002
{
1070
     1
1000
22909724
1002
}
1002
{
1070
     2
1000
-2000051
1002
}
1002
{
1070
     3
1000
22907988
1002
}
  0
LINE
  5
2A0
330
70
100
AcDbEntity
  8
A-ALV-___-___-EXI
100
AcDbLine
 10
7513.275826138813
 20
-24948.47143944003
 30
0.0
 11
7514.027274417188
 21
-24946.7763848058
 31
0.0
1001
REVIT
1002
{
1070
     1
1000
22909726
1002
}
1002
{
1070
     2
1000
-2000051
1002
}
1002
{
1070
     3
1000
22907988
1002
}
  0
LINE
  5
2A1
330
70
100
AcDbEntity
  8
A-ALV-___-___-EXI
100
AcDbLine
 10
7312.868058248624
 20
-25812.4086322577
 30
0.0
 11
7314.371183552818
 21
-25809.04747032494
 31
0.0
1001
REVIT
1002
{
1070
     1
1000
22909727
1002
}
1002
{
1070
     2
1000
-2000051
1002
}
1002
{
1070
     3
1000
22907988
1002
}
  0
LINE
  5
2A2
330
70
100
AcDbEntity
  8
A-ALV-___-___-EXI
100
AcDbLine
 10
5076.856492999374
 20
-24222.75076433852
 30
0.0
 11
5024.679952738021
 21
-24151.60808758475
 31
0.0
1001
REVIT
1002
{
1070
     1
1000
22909731
1002
}
1002
{
1070
     2
1000
-2000051
1002
}
1002
{
1070
     3
1000
22907988
1002
}
  0
LINE
  5
2A3
330
70
100
AcDbEntity
  8
A-ALV-___-___-EXI
100
AcDbLine
 10
5068.094438872861
 20
-23926.74341638449
 30
0.0
 11
5016.432064692692
 21
-23854.96671276022
 31
0.0
1001
REVIT
1002
{
1070
     1
1000
22909732
1002
}
1002
{
1070
     2
1000
-2000051
1002
}
1002
{
1070
     3
1000
22907988
1002
}
  0
LINE
  5
2A4
330
70
100
AcDbEntity
  8
A-ALV-___-___-EXI
100
AcDbLine
 10
5060.745386244878
 20
-23628.99116740276
 30
0.0
 11
5008.474215504836
 21
-23556.36863717956
 31
0.0
1001
REVIT
1002
{
1070
     1
1000
22909733
1002
}
1002
{
1070
     2
1000
-2000051
1002
}
1002
{
1070
     3
1000
22907988
1002
}
  0
LINE
  5
2A5
330
70
100
AcDbEntity
  8
A-ALV-___-___-EXI
100
AcDbLine
 10
5051.823545987952
 20
-23331.404225062
 30
0.0
 11
5000.618038467809
 21
-23261.58555078291
 31
0.0
1001
REVIT
1002
{
1070
     1
1000
22909737
1002
}
1002
{
1070
     2
1000
-2000051
1002
}
1002
{
1070
     3
1000
22907988
1002
}
  0
LINE
  5
2A6
330
70
100
AcDbEntity
  8
A-ALV-___-___-EXI
100
AcDbLine
 10
7313.332879443041
 20
-26158.5561149547
 30
0.0
 11
7312.395047416804
 21
-26157.27828222476
 31
0.0
1001
REVIT
1002
{
1070
     1
1000
22909738
1002
}
1002
{
1070
     2
1000
-2000051
1002
}
1002
{
1070
     3
1000
22907988
1002
}
  0
LINE
  5
2A7
330
70
100
AcDbEntity
  8
A-ALV-___-___-EXI
100
AcDbLine
 10
5091.176128833152
 20
-23098.87152580271
 30
0.0
 11
5055.62960931282
 21
-23048.48606176766
 31
0.0
1001
REVIT
1002
{
1070
     1
1000
22909741
1002
}
1002
{
1070
     2
1000
-2000051
1002
}
1002
{
1070
     3
1000
22907988
1002
}
  0
LINE
  5
2A8
330
70
100
AcDbEntity
  8
A-ALV-___-___-EXI
100
AcDbLine
 10
7314.183565045638
 20
-25872.20265726411
 30
0.0
 11
7312.526577855613
 21
-25869.91451238081
 31
0.0
1001
REVIT
1002
{
1070
     1
1000
22909742
1002
}
1002
{
1070
     2
1000
-2000051
1002
}
1002
{
1070
     3
1000
22907988
1002
}
  0
LINE
  5
2A9
330
70
100
AcDbEntity
  8
A-ALV-___-___-EXI
100
AcDbLine
 10
5298.662706046944
 20
-23097.92986776091
 30
0.0
 11
5263.189157370466
 21
-23048.97746463645
 31
0.0
1001
REVIT
1002
{
1070
     1
1000
22909745
1002
}
1002
{
1070
     2
1000
-2000051
1002
}
1002
{
1070
     3
1000
22907988
1002
}
  0
LINE
  5
2AA
330
70
100
AcDbEntity
  8
A-ALV-___-___-EXI
100
AcDbLine
 10
5507.832305381232
 20
-23098.29469718277
 30
0.0
 11
5470.776717383883
 21
-23049.5085730913
 31
0.0
1001
REVIT
1002
{
1070
     1
1000
22909748
1002
}
1002
{
1070
     2
1000
-2000051
1002
}
1002
{
1070
     3
1000
22907988
1002
}
  0
LINE
  5
2AB
330
70
100
AcDbEntity
  8
A-ALV-___-___-EXI
100
AcDbLine
 10
3245.054184515395
 20
-19697.65079985151
 30
0.0
 11
3244.184580571289
 21
-19696.44768466472
 31
0.0
1001
REVIT
1002
{
1070
     1
1000
22909750
1002
}
1002
{
1070
     2
1000
-2000051
1002
}
1002
{
1070
     3
1000
22907988
1002
}
  0
LINE
  5
2AC
330
70
100
AcDbEntity
  8
A-ALV-___-___-EXI
100
AcDbLine
 10
5715.419865394649
 20
-23098.82580563762
 30
0.0
 11
5680.269397449947
 21
-23048.99246431367
 31
0.0
1001
REVIT
1002
{
1070
     1
1000
22909751
1002
}
1002
{
1070
     2
1000
-2000051
1002
}
1002
{
1070
     3
1000
22907988
1002
}
  0
LINE
  5
2AD
330
70
100
AcDbEntity
  8
A-ALV-___-___-EXI
100
AcDbLine
 10
7314.065553670049
 20
-24153.5444539304
 30
0.0
 11
7233.951353064114
 21
-24043.92261624897
 31
0.0
1001
REVIT
1002
{
1070
     1
1000
22909762
1002
}
1002
{
1070
     2
1000
-2000051
1002
}
1002
{
1070
     3
1000
22907988
1002
}
  0
LINE
  5
2AE
330
70
100
AcDbEntity
  8
A-ALV-___-___-EXI
100
AcDbLine
 10
6548.762062370402
 20
-23099.03938352701
 30
0.0
 11
6512.861748402166
 21
-23050.46208821808
 31
0.0
1001
REVIT
1002
{
1070
     1
1000
22909764
1002
}
1002
{
1070
     2
1000
-2000051
1002
}
1002
{
1070
     3
1000
22907988
1002
}
  0
LINE
  5
2AF
330
70
100
AcDbEntity
  8
A-ALV-___-___-EXI
100
AcDbLine
 10
7314.234327014649
 20
-23867.59258973738
 30
0.0
 11
7234.119963116507
 21
-23757.96598803198
 31
0.0
1001
REVIT
1002
{
1070
     1
1000
22909766
1002
}
1002
{
1070
     2
1000
-2000051
1002
}
1002
{
1070
     3
1000
22907988
1002
}
  0
LINE
  5
2B0
330
70
100
AcDbEntity
  8
A-ALV-___-___-EXI
100
AcDbLine
 10
6756.349622383817
 20
-23099.57049198187
 30
0.0
 11
6720.056800760329
 21
-23050.46208821808
 31
0.0
1001
REVIT
1002
{
1070
     1
1000
22909768
1002
}
1002
{
1070
     2
1000
-2000051
1002
}
1002
{
1070
     3
1000
22907988
1002
}
  0
LINE
  5
2B1
330
70
100
AcDbEntity
  8
A-ALV-___-___-EXI
100
AcDbLine
 10
7314.403108799009
 20
-23581.6264261002
 30
0.0
 11
7234.37111617483
 21
-23470.77499507847
 31
0.0
1001
REVIT
1002
{
1070
     1
1000
22909770
1002
}
1002
{
1070
     2
1000
-2000051
1002
}
1002
{
1070
     3
1000
22907988
1002
}
  0
LINE
  5
2B2
330
70
100
AcDbEntity
  8
A-ALV-___-___-EXI
100
AcDbLine
 10
6963.858193571361
 20
-23099.98962720974
 30
0.0
 11
6928.920179732405
 21
-23050.46208821808
 31
0.0
1001
REVIT
1002
{
1070
     1
1000
22909772
1002
}
1002
{
1070
     2
1000
-2000051
1002
}
1002
{
1070
     3
1000
22907988
1002
}
  0
LINE
  5
2B3
330
70
100
AcDbEntity
  8
A-ALV-___-___-EXI
100
AcDbLine
 10
7314.572678974752
 20
-23294.32449474022
 30
0.0
 11
7234.668600538675
 21
-23184.99017135991
 31
0.0
1001
REVIT
1002
{
1070
     1
1000
22909774
1002
}
1002
{
1070
     2
1000
-2000051
1002
}
1002
{
1070
     3
1000
22907988
1002
}
  0
LINE
  5
2B4
330
70
100
AcDbEntity
  8
A-ALV-___-___-EXI
100
AcDbLine
 10
7172.937743909177
 20
-23098.88780786387
 30
0.0
 11
7136.155901754545
 21
-23050.46208821808
 31
0.0
1001
REVIT
1002
{
1070
     1
1000
22909776
1002
}
1002
{
1070
     2
1000
-2000051
1002
}
1002
{
1070
     3
1000
22907988
1002
}
  0
LINE
  5
2BB
330
70
100
AcDbEntity
  8
A-ALV-___-___-EXI
100
AcDbLine
 10
3721.040888643134
 20
-29949.54317513037
 30
0.0
 11
3718.026949903508
 21
-34119.61338368563
 31
0.0
1001
REVIT
1002
{
1070
     1
1000
22909797
1002
}
1002
{
1070
     2
1000
-2000051
1002
}
1002
{
1070
     3
1000
22907988
1002
}
  0
LINE
  5
2BC
330
70
100
AcDbEntity
  8
A-ALV-___-___-EXI
100
AcDbLine
 10
2049.345575205932
 20
-27101.56227567911
 30
0.0
 11
2051.911141188871
 21
-27098.3724150551
 31
0.0
1001
REVIT
1002
{
1070
     1
1000
22909798
1002
}
1002
{
1070
     2
1000
-2000051
1002
}
1002
{
1070
     3
1000
22907988
1002
}
  0
LINE
  5
2BD
330
70
100
AcDbEntity
  8
A-ALV-___-___-EXI
100
AcDbLine
 10
2053.915704763342
 20
-27631.08294618101
 30
0.0
 11
2055.438872621765
 21
-27629.18882026222
 31
0.0
1001
REVIT
1002
{
1070
     1
1000
22909799
1002
}
1002
{
1070
     2
1000
-2000051
1002
}
1002
{
1070
     3
1000
22907988
1002
}
  0
LINE
  5
2BE
330
70
100
AcDbEntity
  8
A-ALV-___-___-EXI
100
AcDbLine
 10
2056.906878897191
 20
-28160.7695715852
 30
0.0
 11
2058.954876075549
 21
-28158.24052091897
 31
0.0
1001
REVIT
1002
{
1070
     1
1000
22909800
1002
}
1002
{
1070
     2
1000
-2000051
1002
}
1002
{
1070
     3
1000
22907988
1002
}
  0
LINE
  5
2BF
330
70
100
AcDbEntity
  8
A-ALV-___-___-EXI
100
AcDbLine
 10
2064.63413651349
 20
-29221.55581361669
 30
0.0
 11
2066.010227361734
 21
-29219.85654199213
 31
0.0
1001
REVIT
1002
{
1070
     1
1000
22909803
1002
}
1002
{
1070
     2
1000
-2000051
1002
}
1002
{
1070
     3
1000
22907988
1002
}
  0
LINE
  5
2C0
330
70
100
AcDbEntity
  8
A-ALV-___-___-EXI
100
AcDbLine
 10
3539.807700975488
 20
-27399.87914070085
 30
0.0
 11
3543.223755666755
 21
-27395.69061468898
 31
0.0
1001
REVIT
1002
{
1070
     1
1000
22909804
1002
}
1002
{
1070
     2
1000
-2000051
1002
}
1002
{
1070
     3
1000
22907988
1002
}
  0
LINE
  5
2C1
330
70
100
AcDbEntity
  8
A-ALV-___-___-EXI
100
AcDbLine
 10
3535.899821541738
 20
-27939.86921736893
 30
0.0
 11
3541.218079702301
 21
-27933.30175502752
 31
0.0
1001
REVIT
1002
{
1070
     1
1000
22909806
1002
}
1002
{
1070
     2
1000
-2000051
1002
}
1002
{
1070
     3
1000
22907988
1002
}
  0
LINE
  5
2C2
330
70
100
AcDbEntity
  8
A-ALV-___-___-EXI
100
AcDbLine
 10
3530.430353690267
 20
-28481.79465180889
 30
0.0
 11
3539.212265463023
 21
-28470.94995922123
 31
0.0
1001
REVIT
1002
{
1070
     1
1000
22909808
1002
}
1002
{
1070
     2
1000
-2000051
1002
}
1002
{
1070
     3
1000
22907988
1002
}
  0
LINE
  5
2C3
330
70
100
AcDbEntity
  8
A-ALV-___-___-EXI
100
AcDbLine
 10
3525.364764136019
 20
-29023.20740452097
 30
0.0
 11
3537.206503457815
 21
-29008.58416234191
 31
0.0
1001
REVIT
1002
{
1070
     1
1000
22909810
1002
}
1002
{
1070
     2
1000
-2000051
1002
}
1002
{
1070
     3
1000
22907988
1002
}
  0
LINE
  5
2C4
330
70
100
AcDbEntity
  8
A-ALV-___-___-EXI
100
AcDbLine
 10
3519.771224819875
 20
-29563.49520433087
 30
0.0
 11
3535.206897995759
 21
-29544.5681356926
 31
0.0
1001
REVIT
1002
{
1070
     1
1000
22909812
1002
}
1002
{
1070
     2
1000
-2000051
1002
}
1002
{
1070
     3
1000
22907988
1002
}
  0
LINE
  5
2C5
330
70
100
AcDbEntity
  8
A-ALV-___-___-EXI
100
AcDbLine
 10
3517.757060757138
 20
-30636.31102787144
 30
0.0
 11
3531.195825051496
 21
-30619.71563596799
 31
0.0
1001
REVIT
1002
{
1070
     1
1000
22909816
1002
}
1002
{
1070
     2
1000
-2000051
1002
}
1002
{
1070
     3
1000
22907988
1002
}
  0
LINE
  5
2C6
330
70
100
AcDbEntity
  8
A-ALV-___-___-EXI
100
AcDbLine
 10
3519.357766301464
 20
-31169.50557785218
 30
0.0
 11
3529.190012092068
 21
-31157.36349710457
 31
0.0
1001
REVIT
1002
{
1070
     1
1000
22909818
1002
}
1002
{
1070
     2
1000
-2000051
1002
}
1002
{
1070
     3
1000
22907988
1002
}
  0
LINE
  5
2C7
330
70
100
AcDbEntity
  8
A-ALV-___-___-EXI
100
AcDbLine
 10
3519.682723568672
 20
-31704.26159969851
 30
0.0
 11
3527.184500764998
 21
-31694.93050723828
 31
0.0
1001
REVIT
1002
{
1070
     1
1000
22909820
1002
}
1002
{
1070
     2
1000
-2000051
1002
}
1002
{
1070
     3
1000
22907988
1002
}
  0
LINE
  5
2C8
330
70
100
AcDbEntity
  8
A-ALV-___-___-EXI
100
AcDbLine
 10
3518.434893206943
 20
-32239.18292818581
 30
0.0
 11
3525.184921905684
 21
-32230.90734986093
 31
0.0
1001
REVIT
1002
{
1070
     1
1000
22909822
1002
}
1002
{
1070
     2
1000
-2000051
1002
}
1002
{
1070
     3
1000
22907988
1002
}
  0
LINE
  5
2C9
330
70
100
AcDbEntity
  8
A-ALV-___-___-EXI
100
AcDbLine
 10
3518.841023134409
 20
-32775.62955679636
 30
0.0
 11
3523.172672010554
 21
-32770.28059855004
 31
0.0
1001
REVIT
1002
{
1070
     1
1000
22909824
1002
}
1002
{
1070
     2
1000
-2000051
1002
}
1002
{
1070
     3
1000
22907988
1002
}
  0
LINE
  5
2CA
330
70
100
AcDbEntity
  8
A-ALV-___-___-EXI
100
AcDbLine
 10
3519.26309725564
 20
-33310.27262148116
 30
0.0
 11
3521.1669481321
 21
-33307.90458198893
 31
0.0
1001
REVIT
1002
{
1070
     1
1000
22909825
1002
}
1002
{
1070
     2
1000
-2000051
1002
}
1002
{
1070
     3
1000
22907988
1002
}
  0
LINE
  5
2CB
330
70
100
AcDbEntity
  8
A-ALV-___-___-EXI
100
AcDbLine
 10
3518.015266893908
 20
-33845.19394996846
 30
0.0
 11
3519.167782278449
 21
-33843.77072056565
 31
0.0
1001
REVIT
1002
{
1070
     1
1000
22909826
1002
}
1002
{
1070
     2
1000
-2000051
1002
}
1002
{
1070
     3
1000
22907988
1002
}
  0
LINE
  5
2CC
330
70
100
AcDbEntity
  8
A-ALV-___-___-EXI
100
AcDbLine
 10
2048.479679720375
 20
-26835.05639113912
 30
0.0
 11
2050.147491583764
 21
-26832.99673064237
 31
0.0
1001
REVIT
1002
{
1070
     1
1000
22909828
1002
}
1002
{
1070
     2
1000
-2000051
1002
}
1002
{
1070
     3
1000
22907988
1002
}
  0
LINE
  5
2CD
330
70
100
AcDbEntity
  8
A-ALV-___-___-EXI
100
AcDbLine
 10
2051.630639984637
 20
-27366.32261093005
 30
0.0
 11
2053.675121770548
 21
-27363.79790138582
 31
0.0
1001
REVIT
1002
{
1070
     1
1000
22909829
1002
}
1002
{
1070
     2
1000
-2000051
1002
}
1002
{
1070
     3
1000
22907988
1002
}
  0
LINE
  5
2CE
330
70
100
AcDbEntity
  8
A-ALV-___-___-EXI
100
AcDbLine
 10
2059.191943675898
 20
-28425.52990683616
 30
0.0
 11
2060.718802599906
 21
-28423.65787326452
 31
0.0
1001
REVIT
1002
{
1070
     1
1000
22909832
1002
}
1002
{
1070
     2
1000
-2000051
1002
}
1002
{
1070
     3
1000
22907988
1002
}
  0
LINE
  5
2CF
330
70
100
AcDbEntity
  8
A-ALV-___-___-EXI
100
AcDbLine
 10
3537.853761258612
 20
-27669.87417903489
 30
0.0
 11
3542.22097376342
 21
-27664.48115319892
 31
0.0
1001
REVIT
1002
{
1070
     1
1000
22909837
1002
}
1002
{
1070
     2
1000
-2000051
1002
}
1002
{
1070
     3
1000
22907988
1002
}
  0
LINE
  5
2D0
330
70
100
AcDbEntity
  8
A-ALV-___-___-EXI
100
AcDbLine
 10
2261.119336821491
 20
-29781.67164229747
 30
0.0
 11
2262.250700945351
 21
-29780.27453236908
 31
0.0
1001
REVIT
1002
{
1070
     1
1000
22909839
1002
}
1002
{
1070
     2
1000
-2000051
1002
}
1002
{
1070
     3
1000
22907988
1002
}
  0
LINE
  5
2D1
330
70
100
AcDbEntity
  8
A-ALV-___-___-EXI
100
AcDbLine
 10
3528.625000892588
 20
-28751.59923339874
 30
0.0
 11
3538.209742667105
 21
-28739.67104531999
 31
0.0
1001
REVIT
1002
{
1070
     1
1000
22909842
1002
}
1002
{
1070
     2
1000
-2000051
1002
}
1002
{
1070
     3
1000
22907988
1002
}
  0
LINE
  5
2D2
330
70
100
AcDbEntity
  8
A-ALV-___-___-EXI
100
AcDbLine
 10
3523.30411996031
 20
-29293.33421109452
 30
0.0
 11
3536.203605286214
 21
-29277.40586596452
 31
0.0
1001
REVIT
1002
{
1070
     1
1000
22909845
1002
}
1002
{
1070
     2
1000
-2000051
1002
}
1002
{
1070
     3
1000
22907988
1002
}
  0
LINE
  5
2D3
330
70
100
AcDbEntity
  8
A-ALV-___-___-EXI
100
AcDbLine
 10
3519.821132953355
 20
-30901.34426459113
 30
0.0
 11
3530.192930990373
 21
-30888.53623779659
 31
0.0
1001
REVIT
1002
{
1070
     1
1000
22909852
1002
}
1002
{
1070
     2
1000
-2000051
1002
}
1002
{
1070
     3
1000
22907988
1002
}
  0
LINE
  5
2D4
330
70
100
AcDbEntity
  8
A-ALV-___-___-EXI
100
AcDbLine
 10
3520.223661787021
 20
-31436.01146239216
 30
0.0
 11
3528.187142868136
 21
-31426.17744145378
 31
0.0
1001
REVIT
1002
{
1070
     1
1000
22909854
1002
}
1002
{
1070
     2
1000
-2000051
1002
}
1002
{
1070
     3
1000
22907988
1002
}
  0
LINE
  5
2D5
330
70
100
AcDbEntity
  8
A-ALV-___-___-EXI
100
AcDbLine
 10
3519.479078206778
 20
-32507.2664623285
 30
0.0
 11
3524.175541218167
 21
-32501.46665857631
 31
0.0
1001
REVIT
1002
{
1070
     1
1000
22909859
1002
}
1002
{
1070
     2
1000
-2000051
1002
}
1002
{
1070
     3
1000
22907988
1002
}
  0
LINE
  5
2D6
330
70
100
AcDbEntity
  8
A-ALV-___-___-EXI
100
AcDbLine
 10
3518.231247845049
 20
-33042.1877908158
 30
0.0
 11
3522.176035144497
 21
-33037.42399138106
 31
0.0
1001
REVIT
1002
{
1070
     1
1000
22909860
1002
}
1002
{
1070
     2
1000
-2000051
1002
}
1002
{
1070
     3
1000
22907988
1002
}
  0
LINE
  5
2D9
330
70
100
AcDbEntity
  8
A-POR-___-___-EXI
100
AcDbLine
 10
6163.727038220334
 20
-34320.61384999119
 30
0.0
 11
6302.593871785018
 21
-34320.68649642039
 31
0.0
1001
REVIT
1002
{
1070
     1
1000
22909867
1002
}
1002
{
1070
     2
1000
-2000051
1002
}
1002
{
1070
     3
1000
22907988
1002
}
  0
LINE
  5
2DA
330
70
100
AcDbEntity
  8
A-POR-___-___-EXI
100
AcDbLine
 10
7622.994051672232
 20
-34321.3772470894
 30
0.0
 11
8884.138786474528
 21
-34322.03699902108
 31
0.0
1001
REVIT
1002
{
1070
     1
1000
22909867
1002
}
1002
{
1070
     2
1000
-2000051
1002
}
1002
{
1070
     3
1000
22907988
1002
}
  0
LINE
  5
2DE
330
70
100
AcDbEntity
  8
A-ALV-___-___-EXI
100
AcDbLine
 10
2262.123148602375
 20
-30533.5219352893
 30
0.0
 11
2261.119336821496
 21
-27599.29121938657
 31
0.0
1001
REVIT
1002
{
1070
     1
1000
22909881
1002
}
1002
{
1070
     2
1000
-2000051
1002
}
1002
{
1070
     3
1000
22907988
1002
}
  0
LINE
  5
2E1
330
70
100
AcDbEntity
  8
A-POR-___-___-EXI
100
AcDbLine
 10
3845.874511911282
 20
-26848.88393222352
 30
0.0
 11
3745.238642751696
 21
-26848.28646819148
 31
0.0
1001
REVIT
1002
{
1070
     1
1000
22909884
1002
}
1002
{
1070
     2
1000
-2000051
1002
}
1002
{
1070
     3
1000
22907988
1002
}
  0
LINE
  5
2E2
330
70
100
AcDbEntity
  8
A-JAN-___-___-EXI
100
AcDbLine
 10
1583.426056532931
 20
-34318.31714047091
 30
0.0
 11
282.299180983107
 21
-34317.78166733331
 31
0.0
1001
REVIT
1002
{
1070
     1
1000
22909888
1002
}
1002
{
1070
     2
1000
-2000051
1002
}
1002
{
1070
     3
1000
22907988
1002
}
  0
LINE
  5
2F0
330
70
100
AcDbEntity
  8
A-ALV-___-___-EXI
100
AcDbLine
 10
2068.100622588231
 20
-32434.62471485045
 30
0.0
 11
2067.254568437405
 21
-34118.24775949618
 31
0.0
1001
REVIT
1002
{
1070
     1
1000
22909903
1002
}
1002
{
1070
     2
1000
-2000051
1002
}
1002
{
1070
     3
1000
22907988
1002
}
  0
LINE
  5
2F5
330
70
100
AcDbEntity
  8
A-ALV-___-___-EXI
100
AcDbLine
 10
359.7834709571222
 20
-26731.58112366244
 30
0.0
 11
1148.010730415775
 21
-26712.59064377214
 31
0.0
1001
REVIT
1002
{
1070
     1
1000
22909914
1002
}
1002
{
1070
     2
1000
-2000051
1002
}
1002
{
1070
     3
1000
22907988
1002
}
  0
LINE
  5
303
330
70
100
AcDbEntity
  8
A-POR-___-___-EXI
100
AcDbLine
 10
3745.020822628689
 20
-26648.76078878826
 30
0.0
 11
3845.490737863261
 21
-26647.77930669492
 31
0.0
1001
REVIT
1002
{
1070
     1
1000
22909928
1002
}
1002
{
1070
     2
1000
-2000051
1002
}
1002
{
1070
     3
1000
22907988
1002
}
  0
LINE
  5
306
330
70
100
AcDbEntity
  8
A-ALV-___-___-EXI
100
AcDbLine
 10
-2214.743639072654
 20
-26994.19288380389
 30
0.0
 11
-964.3266767153603
 21
-26963.23609751816
 31
0.0
1001
REVIT
1002
{
1070
     1
1000
22909931
1002
}
1002
{
1070
     2
1000
-2000051
1002
}
1002
{
1070
     3
1000
22907988
1002
}
  0
LINE
  5
309
330
70
100
AcDbEntity
  8
A-POR-___-___-EXI
100
AcDbLine
 10
-844.0300186821842
 20
-26760.7273161643
 30
0.0
 11
-843.0805922702171
 21
-26010.32489211505
 31
0.0
1001
REVIT
1002
{
1070
     1
1000
22909933
1002
}
1002
{
1070
     2
1000
-2000051
1002
}
1002
{
1070
     3
1000
22907988
1002
}
  0
LINE
  5
312
330
70
100
AcDbEntity
  8
A-ALV-___-___-EXI
100
AcDbLine
 10
2049.047171256163
 20
-26886.08118011973
 30
0.0
 11
2069.455590094186
 21
-29738.27896021319
 31
0.0
1001
REVIT
1002
{
1070
     1
1000
22909941
1002
}
1002
{
1070
     2
1000
-2000051
1002
}
1002
{
1070
     3
1000
22907988
1002
}
  0
LINE
  5
319
330
70
100
AcDbEntity
  8
A-POR-___-___-EXI
100
AcDbLine
 10
5079.262560169993
 20
-26142.96642525973
 30
0.0
 11
5076.156825034223
 21
-26023.55062714823
 31
0.0
1001
REVIT
1002
{
1070
     1
1000
22909950
1002
}
1002
{
1070
     2
1000
-2000051
1002
}
1002
{
1070
     3
1000
22907988
1002
}
  0
LINE
  5
31F
330
70
100
AcDbEntity
  8
A-ALV-___-___-EXI
100
AcDbLine
 10
6807.654674597308
 20
-29750.41493711379
 30
0.0
 11
6015.364139697686
 21
-29749.7830120784
 31
0.0
1001
REVIT
1002
{
1070
     1
1000
22909957
1002
}
1002
{
1070
     2
1000
-2000051
1002
}
1002
{
1070
     3
1000
22907988
1002
}
  0
LINE
  5
327
330
70
100
AcDbEntity
  8
A-ALV-___-___-EXI
100
AcDbLine
 10
3347.582241002274
 20
-34319.67431834769
 30
0.0
 11
1583.426056532931
 21
-34318.31714047091
 31
0.0
1001
REVIT
1002
{
1070
     1
1000
22909965
1002
}
1002
{
1070
     2
1000
-2000051
1002
}
1002
{
1070
     3
1000
22907988
1002
}
  0
LINE
  5
329
330
70
100
AcDbEntity
  8
A-ALV-___-___-EXI
100
AcDbLine
 10
4794.035046459305
 20
-23014.57549833012
 30
0.0
 11
4793.831691167455
 21
-23048.8208760292
 31
0.0
1001
REVIT
1002
{
1070
     1
1000
22909967
1002
}
1002
{
1070
     2
1000
-2000051
1002
}
1002
{
1070
     3
1000
22907988
1002
}
  0
LINE
  5
331
330
70
100
AcDbEntity
  8
A-ALV-___-___-EXI
100
AcDbLine
 10
4994.937475561592
 20
-23048.43685796791
 30
0.0
 11
5026.913151318092
 21
-24218.42168953293
 31
0.0
1001
REVIT
1002
{
1070
     1
1000
22909975
1002
}
1002
{
1070
     2
1000
-2000051
1002
}
1002
{
1070
     3
1000
22907988
1002
}
  0
LINE
  5
332
330
70
100
AcDbEntity
  8
A-ALV-___-___-EXI
100
AcDbLine
 10
5026.913151317765
 20
-24218.42168951843
 30
0.0
 11
5032.039959431056
 21
-24419.02780207732
 31
0.0
1001
REVIT
1002
{
1070
     1
1000
22909976
1002
}
1002
{
1070
     2
1000
-2000051
1002
}
1002
{
1070
     3
1000
22907988
1002
}
  0
LINE
  5
339
330
70
100
AcDbEntity
  8
A-POR-___-___-EXI
100
AcDbLine
 10
2221.998134110096
 20
-23094.04068468126
 30
0.0
 11
2322.302095419612
 21
-23091.48025646253
 31
0.0
1001
REVIT
1002
{
1070
     1
1000
22909990
1002
}
1002
{
1070
     2
1000
-2000051
1002
}
1002
{
1070
     3
1000
22907988
1002
}
  0
LINE
  5
342
330
70
100
AcDbEntity
  8
A-ALV-___-___-EXI
100
AcDbLine
 10
-2217.450299268276
 20
-22923.73683246695
 30
0.0
 11
-2214.055651448401
 21
-14773.76594935713
 31
0.0
1001
REVIT
1002
{
1070
     1
1000
22910001
1002
}
1002
{
1070
     2
1000
-2000051
1002
}
1002
{
1070
     3
1000
22907988
1002
}
  0
LINE
  5
344
330
70
100
AcDbEntity
  8
A-JAN-___-___-EXI
100
AcDbLine
 10
-1513.478160076511
 20
-14574.01758960672
 30
0.0
 11
-113.4726603049421
 21
-14573.73883207598
 31
0.0
1001
REVIT
1002
{
1070
     1
1000
22910004
1002
}
1002
{
1070
     2
1000
-2000051
1002
}
1002
{
1070
     3
1000
22907988
1002
}
  0
LINE
  5
354
330
70
100
AcDbEntity
  8
A-ALV-___-___-EXI
100
AcDbLine
 10
584.8119384058687
 20
-19425.20495041678
 30
0.0
 11
784.3449351710683
 21
-19424.98623899647
 31
0.0
1001
REVIT
1002
{
1070
     1
1000
22910063
1002
}
1002
{
1070
     2
1000
-2000051
1002
}
1002
{
1070
     3
1000
22907988
1002
}
  0
LINE
  5
357
330
70
100
AcDbEntity
  8
A-ALV-___-___-EXI
100
AcDbLine
 10
5049.709495001123
 20
-25103.61775097381
 30
0.0
 11
4850.182666030546
 21
-25103.83581413278
 31
0.0
1001
REVIT
1002
{
1070
     1
1000
22910069
1002
}
1002
{
1070
     2
1000
-2000051
1002
}
1002
{
1070
     3
1000
22907988
1002
}
  0
LINE
  5
358
330
70
100
AcDbEntity
  8
A-POR-___-___-EXI
100
AcDbLine
 10
2437.242807817016
 20
-34118.42657135974
 30
0.0
 11
2438.38211951138
 21
-33217.9436624964
 31
0.0
1001
REVIT
1002
{
1070
     1
1000
22910070
1002
}
1002
{
1070
     2
1000
-2000051
1002
}
1002
{
1070
     3
1000
22907988
1002
}
  0
LINE
  5
35C
330
70
100
AcDbEntity
  8
A-POR-___-___-EXI
100
AcDbLine
 10
7763.213668559145
 20
-34122.16964776909
 30
0.0
 11
7764.13516013052
 21
-33022.16105950308
 31
0.0
1001
REVIT
1002
{
1070
     1
1000
22910074
1002
}
1002
{
1070
     2
1000
-2000051
1002
}
1002
{
1070
     3
1000
22907988
1002
}
  0
LINE
  5
361
330
70
100
AcDbEntity
  8
A-POR-___-___-EXI
100
AcDbLine
 10
-81.49837104013943
 20
-23125.42462996792
 30
0.0
 11
-82.441629657483
 21
-23875.82640575641
 31
0.0
1001
REVIT
1002
{
1070
     1
1000
22910079
1002
}
1002
{
1070
     2
1000
-2000051
1002
}
1002
{
1070
     3
1000
22907988
1002
}
  0
LINE
  5
362
330
70
100
AcDbEntity
  8
A-POR-___-___-EXI
100
AcDbLine
 10
583.9965275955896
 20
-19326.31456122902
 30
0.0
 11
-166.4102177302936
 21
-19325.36605904634
 31
0.0
1001
REVIT
1002
{
1070
     1
1000
22910080
1002
}
1002
{
1070
     2
1000
-2000051
1002
}
1002
{
1070
     3
1000
22907988
1002
}
  0
LINE
  5
363
330
70
100
AcDbEntity
  8
A-JAN-___-___-EXI
100
AcDbLine
 10
-1617.004924380009
 20
-34246.01671756743
 30
0.0
 11
-317.54701378777
 21
-34246.7194001278
 31
0.0
1001
REVIT
1002
{
1070
     1
1000
22910081
1002
}
1002
{
1070
     2
1000
-2000051
1002
}
1002
{
1070
     3
1000
22907988
1002
}
  0
LINE
  5
364
330
70
100
AcDbEntity
  8
A-JAN-___-___-EXI
100
AcDbLine
 10
-1616.793468929957
 20
-34186.93191074755
 30
0.0
 11
-317.1442814660902
 21
-34187.63469674098
 31
0.0
1001
REVIT
1002
{
1070
     1
1000
22910082
1002
}
1002
{
1070
     2
1000
-2000051
1002
}
1002
{
1070
     3
1000
22907988
1002
}
  0
LINE
  5
365
330
70
100
AcDbEntity
  8
A-JAN-___-___-EXI
100
AcDbLine
 10
282.8087997867176
 20
-34186.8144408649
 30
0.0
 11
1582.449478068612
 21
-34187.51591897082
 31
0.0
1001
REVIT
1002
{
1070
     1
1000
22910083
1002
}
1002
{
1070
     2
1000
-2000051
1002
}
1002
{
1070
     3
1000
22907988
1002
}
  0
LINE
  5
366
330
70
100
AcDbEntity
  8
A-JAN-___-___-EXI
100
AcDbLine
 10
282.7783824717785
 20
-34247.47820198786
 30
0.0
 11
1582.439905525669
 21
-34248.17969134471
 31
0.0
1001
REVIT
1002
{
1070
     1
1000
22910084
1002
}
1002
{
1070
     2
1000
-2000051
1002
}
1002
{
1070
     3
1000
22907988
1002
}
  0
LINE
  5
367
330
70
100
AcDbEntity
  8
A-JAN-___-___-EXI
100
AcDbLine
 10
3323.772325634168
 20
-23005.37815680373
 30
0.0
 11
4793.074731653804
 21
-22978.54212472567
 31
0.0
1001
REVIT
1002
{
1070
     1
1000
22910087
1002
}
1002
{
1070
     2
1000
-2000051
1002
}
1002
{
1070
     3
1000
22907988
1002
}
  0
LINE
  5
368
330
70
100
AcDbEntity
  8
A-JAN-___-___-EXI
100
AcDbLine
 10
3322.202942753551
 20
-22944.88033933215
 30
0.0
 11
4791.458797977855
 21
-22917.90831846548
 31
0.0
1001
REVIT
1002
{
1070
     1
1000
22910088
1002
}
1002
{
1070
     2
1000
-2000051
1002
}
1002
{
1070
     3
1000
22907988
1002
}
  0
LINE
  5
369
330
70
100
AcDbEntity
  8
A-JAN-___-___-EXI
100
AcDbLine
 10
-1512.667535537226
 20
-14703.23986498142
 30
0.0
 11
-113.2190372376878
 21
-14704.53938224517
 31
0.0
1001
REVIT
1002
{
1070
     1
1000
22910089
1002
}
1002
{
1070
     2
1000
-2000051
1002
}
1002
{
1070
     3
1000
22907988
1002
}
  0
LINE
  5
36A
330
70
100
AcDbEntity
  8
A-JAN-___-___-EXI
100
AcDbLine
 10
-1513.994132314491
 20
-14644.32161552301
 30
0.0
 11
-113.3366628380561
 21
-14643.87655134167
 31
0.0
1001
REVIT
1002
{
1070
     1
1000
22910090
1002
}
1002
{
1070
     2
1000
-2000051
1002
}
1002
{
1070
     3
1000
22907988
1002
}
  0
LINE
  5
36B
330
70
100
AcDbEntity
  8
A-JAN-___-___-EXI
100
AcDbLine
 10
713.4966907454575
 20
-20726.10010104563
 30
0.0
 11
712.1959794550794
 21
-22125.67694399833
 31
0.0
1001
REVIT
1002
{
1070
     1
1000
22910091
1002
}
1002
{
1070
     2
1000
-2000051
1002
}
1002
{
1070
     3
1000
22907988
1002
}
  0
LINE
  5
36C
330
70
100
AcDbEntity
  8
A-POR-___-___-EXI
100
AcDbLine
 10
5513.738341575859
 20
-34120.73680663887
 30
0.0
 11
5513.95625299531
 21
-34320.34611463021
 31
0.0
1001
REVIT
1002
{
1070
     1
1000
22910092
1002
}
1002
{
1070
     2
1000
-2000051
1002
}
1002
{
1070
     3
1000
22907988
1002
}
  0
LINE
  5
36E
330
70
100
AcDbEntity
  8
A-JAN-___-___-EXI
100
AcDbLine
 10
5884.317205094231
 20
-23004.4494116184
 30
0.0
 11
6423.480472875735
 21
-23003.62027966031
 31
0.0
1001
REVIT
1002
{
1070
     1
1000
22910094
1002
}
1002
{
1070
     2
1000
-2000051
1002
}
1002
{
1070
     3
1000
22907988
1002
}
  0
LINE
  5
36F
330
70
100
AcDbEntity
  8
A-JAN-___-___-EXI
100
AcDbLine
 10
5884.306656974788
 20
-22943.78567018631
 30
0.0
 11
6423.480472875737
 21
-22944.53429689713
 31
0.0
1001
REVIT
1002
{
1070
     1
1000
22910095
1002
}
1002
{
1070
     2
1000
-2000051
1002
}
1002
{
1070
     3
1000
22907988
1002
}
  0
LINE
  5
373
330
70
100
AcDbEntity
  8
A-JAN-___-___-EXI
100
AcDbLine
 10
-977.6545980324231
 20
-34116.5629313218
 30
0.0
 11
-977.4306101148146
 21
-34316.08796246367
 31
0.0
1001
REVIT
1002
{
1070
     1
1000
22910099
1002
}
1002
{
1070
     2
1000
-2000051
1002
}
1002
{
1070
     3
1000
22907988
1002
}
  0
LINE
  5
374
330
70
100
AcDbEntity
  8
A-ALV-___-___-EXI
100
AcDbLine
 10
922.212550559541
 20
-34118.0238093692
 30
0.0
 11
922.4303706825271
 21
-34317.54948877242
 31
0.0
1001
REVIT
1002
{
1070
     1
1000
22910100
1002
}
1002
{
1070
     2
1000
-2000051
1002
}
1002
{
1070
     3
1000
22907988
1002
}
  0
LINE
  5
375
330
70
100
AcDbEntity
  8
A-ESC-___-___-EXI
100
AcDbLine
 10
2143.497141297431
 20
-22377.53105356097
 30
0.0
 11
3385.532682680735
 21
-22377.8917218439
 31
0.0
1001
REVIT
1002
{
1070
     1
1000
22910101
1002
}
1002
{
1070
     2
1000
-2000051
1002
}
1002
{
1070
     3
1000
22907988
1002
}
  0
LINE
  5
37C
330
70
100
AcDbEntity
  8
A-ESC-___-___-EXI
100
AcDbLine
 10
3385.665915766317
 20
-22060.19573989463
 30
0.0
 11
2143.6303741104
 21
-22059.83572166074
 31
0.0
1001
REVIT
1002
{
1070
     1
1000
22910108
1002
}
1002
{
1070
     2
1000
-2000051
1002
}
1002
{
1070
     3
1000
22907988
1002
}
  0
LINE
  5
37F
330
70
100
AcDbEntity
  8
A-ALV-___-___-EXI
100
AcDbLine
 10
7314.264315188514
 20
-23050.35911209464
 30
0.0
 11
7313.865723042019
 21
-24219.59814886911
 31
0.0
1001
REVIT
1002
{
1070
     1
1000
22910373
1002
}
1002
{
1070
     2
1000
-2000051
1002
}
1002
{
1070
     3
1000
22907988
1002
}
  0
LINE
  5
383
330
70
100
AcDbEntity
  8
A-JAN-___-___-EXI
100
AcDbLine
 10
7383.8573124589
 20
-25136.06054354617
 30
0.0
 11
7383.693866378838
 21
-25665.4092043398
 31
0.0
1001
REVIT
1002
{
1070
     1
1000
22910377
1002
}
1002
{
1070
     2
1000
-2000051
1002
}
1002
{
1070
     3
1000
22907988
1002
}
  0
LINE
  5
384
330
70
100
AcDbEntity
  8
A-JAN-___-___-EXI
100
AcDbLine
 10
7442.94556272811
 20
-25136.2356725315
 30
0.0
 11
7442.779112155784
 21
-25665.34462998953
 31
0.0
1001
REVIT
1002
{
1070
     1
1000
22910378
1002
}
1002
{
1070
     2
1000
-2000051
1002
}
1002
{
1070
     3
1000
22907988
1002
}
  0
LINE
  5
38B
330
70
100
AcDbEntity
  8
A-MOB-___-___-EXI
100
AcDbLine
 10
434.3672523597568
 20
-15973.66131581112
 30
0.0
 11
434.6889889319678
 21
-15475.55426117596
 31
0.0
1001
REVIT
1002
{
1070
     1
1000
22910421
1002
}
1002
{
1070
     2
1000
-2000051
1002
}
1002
{
1070
     3
1000
22907988
1002
}
  0
LINE
  5
38C
330
70
100
AcDbEntity
  8
A-MOB-___-___-EXI
100
AcDbLine
 10
92.64768364728404
 20
-15972.86055228335
 30
0.0
 11
93.14154193915205
 21
-15476.33179551223
 31
0.0
1001
REVIT
1002
{
1070
     1
1000
22910422
1002
}
1002
{
1070
     2
1000
-2000051
1002
}
1002
{
1070
     3
1000
22907988
1002
}
  0
LINE
  5
38D
330
70
100
AcDbEntity
  8
A-MOB-___-___-EXI
100
AcDbLine
 10
112.3395482569333
 20
-15993.14029411331
 30
0.0
 11
414.0812018106563
 21
-15993.35374008407
 31
0.0
1001
REVIT
1002
{
1070
     1
1000
22910423
1002
}
1002
{
1070
     2
1000
-2000051
1002
}
1002
{
1070
     3
1000
22907988
1002
}
  0
LINE
  5
38E
330
70
100
AcDbEntity
  8
A-MOB-___-___-EXI
100
AcDbLine
 10
111.848637064692
 20
-15456.8053261416
 30
0.0
 11
415.1630782473521
 21
-15456.85346547139
 31
0.0
1001
REVIT
1002
{
1070
     1
1000
22910424
1002
}
1002
{
1070
     2
1000
-2000051
1002
}
1002
{
1070
     3
1000
22907988
1002
}
  0
LINE
  5
391
330
70
100
AcDbEntity
  8
A-MOB-___-___-EXI
100
AcDbLine
 10
6890.475471356612
 20
-23099.90295084172
 30
0.0
 11
6890.512970671789
 21
-23388.78318715479
 31
0.0
1001
REVIT
1002
{
1070
     1
1000
22910427
1002
}
1002
{
1070
     2
1000
-2000051
1002
}
1002
{
1070
     3
1000
22907988
1002
}
  0
LINE
  5
392
330
70
100
AcDbEntity
  8
A-MOB-___-___-EXI
100
AcDbLine
 10
6866.45922408477
 20
-23099.17222660003
 30
0.0
 11
6864.917776044745
 21
-23388.280573341
 31
0.0
1001
REVIT
1002
{
1070
     1
1000
22910428
1002
}
1002
{
1070
     2
1000
-2000051
1002
}
1002
{
1070
     3
1000
22907988
1002
}
  0
LINE
  5
393
330
70
100
AcDbEntity
  8
A-MOB-___-___-EXI
100
AcDbLine
 10
5372.530428187141
 20
-23177.96742953164
 30
0.0
 11
5557.846658345669
 21
-23179.24296049347
 31
0.0
1001
REVIT
1002
{
1070
     1
1000
22910429
1002
}
1002
{
1070
     2
1000
-2000051
1002
}
1002
{
1070
     3
1000
22907988
1002
}
  0
LINE
  5
396
330
70
100
AcDbEntity
  8
A-MOB-___-___-EXI
100
AcDbLine
 10
5514.699557422694
 20
-23269.98288717124
 30
0.0
 11
5517.179293755262
 21
-23354.3308514259
 31
0.0
1001
REVIT
1002
{
1070
     1
1000
22910432
1002
}
1002
{
1070
     2
1000
-2000051
1002
}
1002
{
1070
     3
1000
22907988
1002
}
  0
LINE
  5
398
330
70
100
AcDbEntity
  8
A-MOB-___-___-EXI
100
AcDbLine
 10
5439.676325601878
 20
-23178.89205426147
 30
0.0
 11
5440.763911990959
 21
-23113.32556586825
 31
0.0
1001
REVIT
1002
{
1070
     1
1000
22910434
1002
}
1002
{
1070
     2
1000
-2000051
1002
}
1002
{
1070
     3
1000
22907988
1002
}
  0
LINE
  5
399
330
70
100
AcDbEntity
  8
A-MOB-___-___-EXI
100
AcDbLine
 10
5490.700760930934
 20
-23178.31833576364
 30
0.0
 11
5490.378425623811
 21
-23114.49667113899
 31
0.0
1001
REVIT
1002
{
1070
     1
1000
22910435
1002
}
1002
{
1070
     2
1000
-2000051
1002
}
1002
{
1070
     3
1000
22907988
1002
}
  0
LINE
  5
39E
330
70
100
AcDbEntity
  8
A-ALV-___-___-EXI
100
AcDbLine
 10
-2222.244291780456
 20
-34015.89823436668
 30
0.0
 11
-2222.325609787049
 21
-33324.70085687595
 31
0.0
1001
REVIT
1002
{
1070
     1
1000
22910440
1002
}
1002
{
1070
     2
1000
-2000051
1002
}
1002
{
1070
     3
1000
22907988
1002
}
  0
LINE
  5
39F
330
70
100
AcDbEntity
  8
A-ALV-___-___-EXI
100
AcDbLine
 10
2067.367724318152
 20
-34016.81981360002
 30
0.0
 11
2067.270942505111
 21
-33089.32821744881
 31
0.0
1001
REVIT
1002
{
1070
     1
1000
22910441
1002
}
1002
{
1070
     2
1000
-2000051
1002
}
1002
{
1070
     3
1000
22907988
1002
}
  0
LINE
  5
3A0
330
70
100
AcDbEntity
  8
A-ALV-___-___-EXI
100
AcDbLine
 10
-2121.058600136539
 20
-29966.40006764033
 30
0.0
 11
-1587.872933496328
 21
-29966.23359639531
 31
0.0
1001
REVIT
1002
{
1070
     1
1000
22910444
1002
}
1002
{
1070
     2
1000
-2000051
1002
}
1002
{
1070
     3
1000
22907988
1002
}
  0
LINE
  5
3A1
330
70
100
AcDbEntity
  8
A-ALV-___-___-EXI
100
AcDbLine
 10
-2122.371967233675
 20
-34115.5520424888
 30
0.0
 11
-1654.355868234841
 21
-34116.79265572613
 31
0.0
1001
REVIT
1002
{
1070
     1
1000
22910445
1002
}
1002
{
1070
     2
1000
-2000051
1002
}
1002
{
1070
     3
1000
22907988
1002
}
  0
LINE
  5
3A2
330
70
100
AcDbEntity
  8
A-ALV-___-___-EXI
100
AcDbLine
 10
-1617.69860368717
 20
-34116.88982650238
 30
0.0
 11
-1589.032682257674
 21
-34116.96581389184
 31
0.0
1001
REVIT
1002
{
1070
     1
1000
22910445
1002
}
1002
{
1070
     2
1000
-2000051
1002
}
1002
{
1070
     3
1000
22907988
1002
}
  0
LINE
  5
3A3
330
70
100
AcDbEntity
  8
A-ALV-___-___-EXI
100
AcDbLine
 10
-2119.857250966376
 20
-29765.12883894808
 30
0.0
 11
-1791.357190191165
 21
-29765.79086396233
 31
0.0
1001
REVIT
1002
{
1070
     1
1000
22910447
1002
}
1002
{
1070
     2
1000
-2000051
1002
}
1002
{
1070
     3
1000
22907988
1002
}
  0
LINE
  5
3A4
330
70
100
AcDbEntity
  8
A-ALV-___-___-EXI
100
AcDbLine
 10
2068.14848530295
 20
-29634.65108438793
 30
0.0
 11
2065.560230303006
 21
-29184.74153976455
 31
0.0
1001
REVIT
1002
{
1070
     1
1000
22910451
1002
}
1002
{
1070
     2
1000
-2000051
1002
}
1002
{
1070
     3
1000
22907988
1002
}
  0
LINE
  5
3A5
330
70
100
AcDbEntity
  8
A-ALV-___-___-EXI
100
AcDbLine
 10
2268.639462637324
 20
-34018.01474166411
 30
0.0
 11
2268.416730768729
 21
-33541.34094549666
 31
0.0
1001
REVIT
1002
{
1070
     1
1000
22910459
1002
}
1002
{
1070
     2
1000
-2000051
1002
}
1002
{
1070
     3
1000
22907988
1002
}
  0
LINE
  5
3A6
330
70
100
AcDbEntity
  8
A-ALV-___-___-EXI
100
AcDbLine
 10
3518.707977087141
 20
-33967.01914035698
 30
0.0
 11
3518.1349236807
 21
-33086.89679529486
 31
0.0
1001
REVIT
1002
{
1070
     1
1000
22910460
1002
}
1002
{
1070
     2
1000
-2000051
1002
}
1002
{
1070
     3
1000
22907988
1002
}
  0
LINE
  5
3A7
330
70
100
AcDbEntity
  8
A-ALV-___-___-EXI
100
AcDbLine
 10
3718.262564034044
 20
-34018.90651840191
 30
0.0
 11
3718.723701213848
 21
-33203.10348360518
 31
0.0
1001
REVIT
1002
{
1070
     1
1000
22910464
1002
}
1002
{
1070
     2
1000
-2000051
1002
}
1002
{
1070
     3
1000
22907988
1002
}
  0
LINE
  5
3A8
330
70
100
AcDbEntity
  8
A-ALV-___-___-EXI
100
AcDbLine
 10
7209.1758413572
 20
-34121.33499222528
 30
0.0
 11
6698.267672366499
 21
-34120.75639270197
 31
0.0
1001
REVIT
1002
{
1070
     1
1000
22910467
1002
}
1002
{
1070
     2
1000
-2000051
1002
}
1002
{
1070
     3
1000
22907988
1002
}
  0
LINE
  5
3A9
330
70
100
AcDbEntity
  8
A-ALV-___-___-EXI
100
AcDbLine
 10
7310.766616446409
 20
-29650.34766287113
 30
0.0
 11
7310.911124176484
 21
-29241.65699654075
 31
0.0
1001
REVIT
1002
{
1070
     1
1000
22910470
1002
}
1002
{
1070
     2
1000
-2000051
1002
}
1002
{
1070
     3
1000
22907988
1002
}
  0
LINE
  5
3AA
330
70
100
AcDbEntity
  8
A-ALV-___-___-EXI
100
AcDbLine
 10
6741.199794547927
 20
-26849.63940226968
 30
0.0
 11
6693.930325450629
 21
-26849.66225807155
 31
0.0
1001
REVIT
1002
{
1070
     1
1000
22910473
1002
}
1002
{
1070
     2
1000
-2000051
1002
}
1002
{
1070
     3
1000
22907988
1002
}
  0
LINE
  5
3AB
330
70
100
AcDbEntity
  8
A-ALV-___-___-EXI
100
AcDbLine
 10
-2417.191247644992
 20
-22355.21697946123
 30
0.0
 11
-2417.411761253239
 21
-22149.70175238566
 31
0.0
1001
REVIT
1002
{
1070
     1
1000
22910494
1002
}
1002
{
1070
     2
1000
-2000051
1002
}
1002
{
1070
     3
1000
22907988
1002
}
  0
LINE
  5
3AC
330
70
100
AcDbEntity
  8
A-POR-___-___-EXI
100
AcDbLine
 10
784.7273276959351
 20
-19595.75962659946
 30
0.0
 11
784.5587518108176
 21
-19123.24632325241
 31
0.0
1001
REVIT
1002
{
1070
     1
1000
22910500
1002
}
1002
{
1070
     2
1000
-2000051
1002
}
1002
{
1070
     3
1000
22907988
1002
}
  0
LINE
  5
3AD
330
70
100
AcDbEntity
  8
A-ALV-___-___-EXI
100
AcDbLine
 10
3557.920251993386
 20
-14783.31283015972
 30
0.0
 11
3292.826481031637
 21
-14782.44031368656
 31
0.0
1001
REVIT
1002
{
1070
     1
1000
22910502
1002
}
1002
{
1070
     2
1000
-2000051
1002
}
1002
{
1070
     3
1000
22907988
1002
}
  0
LINE
  5
3AE
330
70
100
AcDbEntity
  8
A-ALV-___-___-EXI
100
AcDbLine
 10
3553.986965167852
 20
-19697.4103022493
 30
0.0
 11
3288.893194206103
 21
-19696.53778577614
 31
0.0
1001
REVIT
1002
{
1070
     1
1000
22910503
1002
}
1002
{
1070
     2
1000
-2000051
1002
}
1002
{
1070
     3
1000
22907988
1002
}
  0
LINE
  5
3AF
330
70
100
AcDbEntity
  8
A-MOB-___-___-EXI
100
AcDbLine
 10
1100.416754781584
 20
-15506.15593435446
 30
0.0
 11
1100.838036213139
 21
-15996.20295172173
 31
0.0
1001
REVIT
1002
{
1070
     1
1000
22910505
1002
}
1002
{
1070
     2
1000
-2000051
1002
}
1002
{
1070
     3
1000
22907988
1002
}
  0
LINE
  5
3B0
330
70
100
AcDbEntity
  8
A-MOB-___-___-EXI
100
AcDbLine
 10
1123.01382469192
 20
-15508.57005235959
 30
0.0
 11
1123.103198273407
 21
-15995.45917747608
 31
0.0
1001
REVIT
1002
{
1070
     1
1000
22910506
1002
}
1002
{
1070
     2
1000
-2000051
1002
}
1002
{
1070
     3
1000
22907988
1002
}
  0
LINE
  5
3B1
330
70
100
AcDbEntity
  8
A-MOB-___-___-EXI
100
AcDbLine
 10
1144.038106973316
 20
-15511.14947700569
 30
0.0
 11
1143.629618779701
 21
-15993.30176374603
 31
0.0
1001
REVIT
1002
{
1070
     1
1000
22910507
1002
}
1002
{
1070
     2
1000
-2000051
1002
}
1002
{
1070
     3
1000
22907988
1002
}
  0
LINE
  5
3B2
330
70
100
AcDbEntity
  8
A-MOB-___-___-EXI
100
AcDbLine
 10
1187.499673034635
 20
-15514.5634252702
 30
0.0
 11
1187.84037063941
 21
-15988.65502648129
 31
0.0
1001
REVIT
1002
{
1070
     1
1000
22910508
1002
}
1002
{
1070
     2
1000
-2000051
1002
}
1002
{
1070
     3
1000
22907988
1002
}
  0
LINE
  5
3B3
330
70
100
AcDbEntity
  8
A-MOB-___-___-EXI
100
AcDbLine
 10
1210.109078534217
 20
-15516.97624675265
 30
0.0
 11
1209.945746569264
 21
-15986.33165784893
 31
0.0
1001
REVIT
1002
{
1070
     1
1000
22910509
1002
}
1002
{
1070
     2
1000
-2000051
1002
}
1002
{
1070
     3
1000
22907988
1002
}
  0
LINE
  5
3B4
330
70
100
AcDbEntity
  8
A-MOB-___-___-EXI
100
AcDbLine
 10
1231.127193020988
 20
-15519.55631966009
 30
0.0
 11
1230.472167075558
 21
-15984.17424411888
 31
0.0
1001
REVIT
1002
{
1070
     1
1000
22910510
1002
}
1002
{
1070
     2
1000
-2000051
1002
}
1002
{
1070
     3
1000
22907988
1002
}
  0
LINE
  5
3B5
330
70
100
AcDbEntity
  8
A-MOB-___-___-EXI
100
AcDbLine
 10
1253.730430725946
 20
-15521.96978940388
 30
0.0
 11
1252.583710800034
 21
-15981.85022722517
 31
0.0
1001
REVIT
1002
{
1070
     1
1000
22910511
1002
}
1002
{
1070
     2
1000
-2000051
1002
}
1002
{
1070
     3
1000
22907988
1002
}
  0
LINE
  5
3B6
330
70
100
AcDbEntity
  8
A-MOB-___-___-EXI
100
AcDbLine
 10
1274.760869430817
 20
-15524.6149268691
 30
0.0
 11
1274.682918935267
 21
-15979.52750685414
 31
0.0
1001
REVIT
1002
{
1070
     1
1000
22910512
1002
}
1002
{
1070
     2
1000
-2000051
1002
}
1002
{
1070
     3
1000
22907988
1002
}
  0
LINE
  5
3B7
330
70
100
AcDbEntity
  8
A-MOB-___-___-EXI
100
AcDbLine
 10
1295.613041363703
 20
-15525.54969257069
 30
0.0
 11
1296.794462659743
 21
-15977.20348996043
 31
0.0
1001
REVIT
1002
{
1070
     1
1000
22910513
1002
}
1002
{
1070
     2
1000
-2000051
1002
}
1002
{
1070
     3
1000
22907988
1002
}
  0
LINE
  5
3B8
330
70
100
AcDbEntity
  8
A-MOB-___-___-EXI
100
AcDbLine
 10
1318.216279068663
 20
-15527.96316231448
 30
0.0
 11
1317.314715371416
 21
-15975.04672449172
 31
0.0
1001
REVIT
1002
{
1070
     1
1000
22910514
1002
}
1002
{
1070
     2
1000
-2000051
1002
}
1002
{
1070
     3
1000
22907988
1002
}
  0
LINE
  5
3B9
330
70
100
AcDbEntity
  8
A-MOB-___-___-EXI
100
AcDbLine
 10
1339.246729144681
 20
-15530.54193869925
 30
0.0
 11
1339.42004037499
 21
-15972.59346214498
 31
0.0
1001
REVIT
1002
{
1070
     1
1000
22910515
1002
}
1002
{
1070
     2
1000
-2000051
1002
}
1002
{
1070
     3
1000
22907988
1002
}
  0
LINE
  5
3BA
330
70
100
AcDbEntity
  8
A-MOB-___-___-EXI
100
AcDbLine
 10
1361.843799055015
 20
-15532.95605670438
 30
0.0
 11
1361.525514498935
 21
-15970.33503293916
 31
0.0
1001
REVIT
1002
{
1070
     1
1000
22910516
1002
}
1002
{
1070
     2
1000
-2000051
1002
}
1002
{
1070
     3
1000
22907988
1002
}
  0
LINE
  5
3BB
330
70
100
AcDbEntity
  8
A-MOB-___-___-EXI
100
AcDbLine
 10
1166.64109758177
 20
-15513.6931036329
 30
0.0
 11
1165.734994709555
 21
-15990.97839511366
 31
0.0
1001
REVIT
1002
{
1070
     1
1000
22910517
1002
}
1002
{
1070
     2
1000
-2000051
1002
}
1002
{
1070
     3
1000
22907988
1002
}
  0
LINE
  5
3C3
330
70
100
AcDbEntity
  8
A-MOB-___-___-EXI
100
AcDbLine
 10
1436.824416369814
 20
-15426.09918394431
 30
0.0
 11
786.9335907881656
 21
-15425.7487326987
 31
0.0
1001
REVIT
1002
{
1070
     1
1000
22910525
1002
}
1002
{
1070
     2
1000
-2000051
1002
}
1002
{
1070
     3
1000
22907988
1002
}
  0
LINE
  5
3C4
330
70
100
AcDbEntity
  8
A-MOB-___-___-EXI
100
AcDbLine
 10
1436.632366776033
 20
-16077.44591216225
 30
0.0
 11
786.8614906102116
 21
-16077.09487401162
 31
0.0
1001
REVIT
1002
{
1070
     1
1000
22910526
1002
}
1002
{
1070
     2
1000
-2000051
1002
}
1002
{
1070
     3
1000
22907988
1002
}
  0
LINE
  5
3C5
330
70
100
AcDbEntity
  8
A-MOB-___-___-EXI
100
AcDbLine
 10
6148.614654340536
 20
-23165.04239962798
 30
0.0
 11
6138.978051771449
 21
-23164.45885878581
 31
0.0
1001
REVIT
1002
{
1070
     1
1000
22910527
1002
}
1002
{
1070
     2
1000
-2000051
1002
}
1002
{
1070
     3
1000
22907988
1002
}
  0
LINE
  5
3C6
330
70
100
AcDbEntity
  8
A-MOB-___-___-EXI
100
AcDbLine
 10
6128.339557857528
 20
-23154.40228945265
 30
0.0
 11
6128.846992175576
 21
-23098.47535545491
 31
0.0
1001
REVIT
1002
{
1070
     1
1000
22910528
1002
}
1002
{
1070
     2
1000
-2000051
1002
}
1002
{
1070
     3
1000
22907988
1002
}
  0
LINE
  5
3C7
330
70
100
AcDbEntity
  8
A-MOB-___-___-EXI
100
AcDbLine
 10
6158.840656577603
 20
-23155.9856605542
 30
0.0
 11
6159.348090895647
 21
-23100.05872655647
 31
0.0
1001
REVIT
1002
{
1070
     1
1000
22910529
1002
}
1002
{
1070
     2
1000
-2000051
1002
}
1002
{
1070
     3
1000
22907988
1002
}
  0
LWPOLYLINE
  5
4A1
330
70
100
AcDbEntity
  8
A-MOB-___-___-EXI
100
AcDbPolyline
 90
        4
 70
     1
 43
0.0
 10
1382.868081336412
 20
-15535.53548135048
 10
840.7222842675029
 20
-15480.7700997503
 10
840.304223530944
 20
-16023.58615886453
 10
1383.630843160978
 20
-15968.07661859462
1001
REVIT
1002
{
1070
     1
1000
22910524
1002
}
1002
{
1070
     2
1000
-2000051
1002
}
1002
{
1070
     3
1000
22907988
1002
}
  0
LWPOLYLINE
  5
4A2
330
70
100
AcDbEntity
  8
A-MOB-___-___-EXI
100
AcDbPolyline
 90
        4
 70
     0
 43
0.0
 10
1020.414161369358
 20
-14774.46832322457
 10
1438.589253592533
 20
-14774.58714908539
 10
1436.446484976875
 20
-16728.79199211886
 10
786.3218507951312
 20
-16728.60725701451
1001
REVIT
1002
{
1070
     1
1000
22910520
1002
}
1002
{
1070
     2
1000
-2000051
1002
}
1002
{
1070
     3
1000
22907988
1002
}
  0
LWPOLYLINE
  5
4A3
330
70
100
AcDbEntity
  8
A-MOB-___-___-EXI
100
AcDbPolyline
 90
        4
 70
     1
 43
0.0
 10
5424.896853730889
 20
-23099.02962147607
 10
5424.811483632636
 20
-23113.40609150685
 10
5504.585940538547
 20
-23113.00340114885
 10
5504.674394534113
 20
-23098.6266069874
1001
REVIT
1002
{
1070
     1
1000
22910439
1002
}
1002
{
1070
     2
1000
-2000051
1002
}
1002
{
1070
     3
1000
22907988
1002
}
  0
LWPOLYLINE
  5
4A4
330
70
100
AcDbEntity
  8
A-MOB-___-___-EXI
100
AcDbPolyline
 90
        3
 70
     0
 43
0.0
 10
5414.484050108741
 20
-23258.16652122851
 10
5465.674439362832
 20
-23259.17174885607
 10
5515.119919268326
 20
-23258.76398526056
1001
REVIT
1002
{
1070
     1
1000
22910431
1002
}
1002
{
1070
     2
1000
-2000051
1002
}
1002
{
1070
     3
1000
22907988
1002
}
  0
LWPOLYLINE
  5
4A5
330
70
100
AcDbEntity
  8
A-MOB-___-___-EXI
100
AcDbPolyline
 90
        3
 70
     0
 43
0.0
 10
585.5429240955924
 20
-16655.36384197551
 10
20.74637361089254
 20
-16655.69005626805
 10
21.04312244213707
 20
-14775.11311267751
1001
REVIT
1002
{
1070
     1
1000
22910426
1002
}
1002
{
1070
     2
1000
-2000051
1002
}
1002
{
1070
     3
1000
22907988
1002
}
  0
LWPOLYLINE
  5
4A6
330
70
100
AcDbEntity
  8
A-MOB-___-___-EXI
100
AcDbPolyline
 90
        3
 70
     0
 43
0.0
 10
585.5369827579492
 20
-16674.47807583914
 10
0.4603230617904899
 20
-16675.38248054099
 10
1.76314152974621
 20
-14774.8335986188
1001
REVIT
1002
{
1070
     1
1000
22910420
1002
}
1002
{
1070
     2
1000
-2000051
1002
}
1002
{
1070
     3
1000
22907988
1002
}
  0
LWPOLYLINE
  5
4A7
330
70
100
AcDbEntity
  8
A-MOB-___-___-EXI
100
AcDbPolyline
 90
        4
 70
     1
 43
0.0
 10
5630.852026546318
 20
-23964.97491422383
 10
5630.066252950313
 20
-24185.35912719234
 10
5411.263134944249
 20
-24184.41043279762
 10
5410.632823144414
 20
-23965.77144498748
1001
REVIT
1002
{
1070
     1
1000
22910382
1002
}
1002
{
1070
     2
1000
-2000051
1002
}
1002
{
1070
     3
1000
22907988
1002
}
  0
LWPOLYLINE
  5
4A9
330
70
100
AcDbEntity
  8
A-ESC-___-___-EXI
100
AcDbPolyline
 90
        4
 70
     0
 43
0.0
 10
2143.597652998336
 20
-21740.56144363514
 10
3385.799148306674
 20
-21742.50105804347
 10
3386.937677212793
 20
-21373.61563052166
 10
2143.323180405928
 20
-21373.42091714103
1001
REVIT
1002
{
1070
     1
1000
22910110
1002
}
1002
{
1070
     2
1000
-2000051
1002
}
1002
{
1070
     3
1000
22907988
1002
}
  0
LWPOLYLINE
  5
4AA
330
70
100
AcDbEntity
  8
A-ESC-___-___-EXI
100
AcDbPolyline
 90
        4
 70
     0
 43
0.0
 10
3386.937677212792
 20
-21373.61563052044
 10
3386.663204620388
 20
-21006.47510402757
 10
2142.882753888486
 20
-21004.70144452155
 10
2142.500717653176
 20
-22899.24477211944
1001
REVIT
1002
{
1070
     1
1000
22910107
1002
}
1002
{
1070
     2
1000
-2000051
1002
}
1002
{
1070
     3
1000
22907988
1002
}
  0
LWPOLYLINE
  5
4AB
330
70
100
AcDbEntity
  8
A-ESC-___-___-EXI
100
AcDbPolyline
 90
        3
 70
     0
 43
0.0
 10
3385.2047783139
 20
-22875.99942474041
 10
3385.532682680735
 20
-22377.8917218439
 10
3385.799148306674
 20
-21742.50105804347
1001
REVIT
1002
{
1070
     1
1000
22910103
1002
}
1002
{
1070
     2
1000
-2000051
1002
}
1002
{
1070
     3
1000
22907988
1002
}
  0
LINE
  5
50A
330
70
100
AcDbEntity
  8
A-POR-___-___-EXI
100
AcDbLine
 10
4864.319402501855
 20
-33470.42908405789
 30
0.0
 11
4863.973633560334
 21
-34120.38544602538
 31
0.0
1001
REVIT
1002
{
1070
     1
1000
22910073
1002
}
1002
{
1070
     2
1000
-2000051
1002
}
1002
{
1070
     3
1000
22907988
1002
}
  0
LINE
  5
50B
330
70
100
AcDbEntity
  8
A-POR-___-___-EXI
100
AcDbLine
 10
4863.973633560334
 20
-34120.38544602538
 30
0.0
 11
6163.50921809735
 21
-34121.08817058797
 31
0.0
1001
REVIT
1002
{
1070
     1
1000
22910073
1002
}
1002
{
1070
     2
1000
-2000051
1002
}
1002
{
1070
     3
1000
22907988
1002
}
  0
LINE
  5
50C
330
70
100
AcDbEntity
  8
A-POR-___-___-EXI
100
AcDbLine
 10
6163.50921809735
 20
-34121.08817058797
 30
0.0
 11
6163.861053821541
 21
-33471.32103675674
 31
0.0
1001
REVIT
1002
{
1070
     1
1000
22910073
1002
}
1002
{
1070
     2
1000
-2000051
1002
}
1002
{
1070
     3
1000
22907988
1002
}
  0
LINE
  5
50D
330
70
100
AcDbEntity
  8
A-POR-___-___-EXI
100
AcDbLine
 10
9022.998398222085
 20
-34322.26459713964
 30
0.0
 11
8884.138786474528
 21
-34322.03699902108
 31
0.0
1001
REVIT
1002
{
1070
     1
1000
22910039
1002
}
1002
{
1070
     2
1000
-2000051
1002
}
1002
{
1070
     3
1000
22907988
1002
}
  0
LINE
  5
50E
330
70
100
AcDbEntity
  8
A-POR-___-___-EXI
100
AcDbLine
 10
8884.138786474528
 20
-34322.03699902108
 30
0.0
 11
8883.91788245423
 21
-34122.51164374854
 31
0.0
1001
REVIT
1002
{
1070
     1
1000
22910039
1002
}
1002
{
1070
     2
1000
-2000051
1002
}
1002
{
1070
     3
1000
22907988
1002
}
  0
LINE
  5
50F
330
70
100
AcDbEntity
  8
A-POR-___-___-EXI
100
AcDbLine
 10
8883.91788245423
 20
-34122.51164374854
 30
0.0
 11
9024.355787220947
 21
-34122.6706885822
 31
0.0
1001
REVIT
1002
{
1070
     1
1000
22910039
1002
}
1002
{
1070
     2
1000
-2000051
1002
}
1002
{
1070
     3
1000
22907988
1002
}
  0
LINE
  5
510
330
70
100
AcDbEntity
  8
A-POR-___-___-EXI
100
AcDbLine
 10
4727.806088662521
 20
-34120.28523214877
 30
0.0
 11
4863.973633560334
 21
-34120.38544602538
 31
0.0
1001
REVIT
1002
{
1070
     1
1000
22909866
1002
}
1002
{
1070
     2
1000
-2000051
1002
}
1002
{
1070
     3
1000
22907988
1002
}
  0
LINE
  5
511
330
70
100
AcDbEntity
  8
A-POR-___-___-EXI
100
AcDbLine
 10
4863.973633560334
 20
-34120.38544602538
 30
0.0
 11
4862.606330465133
 21
-34320.07772859225
 31
0.0
1001
REVIT
1002
{
1070
     1
1000
22909866
1002
}
1002
{
1070
     2
1000
-2000051
1002
}
1002
{
1070
     3
1000
22907988
1002
}
  0
LINE
  5
512
330
70
100
AcDbEntity
  8
A-ALV-___-___-EXI
100
AcDbLine
 10
4862.606330465133
 20
-34320.07772859225
 30
0.0
 11
3347.582241002274
 21
-34319.67431834769
 31
0.0
1001
REVIT
1002
{
1070
     1
1000
22909866
1002
}
1002
{
1070
     2
1000
-2000051
1002
}
1002
{
1070
     3
1000
22907988
1002
}
  0
LINE
  5
513
330
70
100
AcDbEntity
  8
A-POR-___-___-EXI
100
AcDbLine
 10
3347.582241002274
 20
-34319.67431834769
 30
0.0
 11
3347.198466954253
 21
-34118.56969281908
 31
0.0
1001
REVIT
1002
{
1070
     1
1000
22909866
1002
}
1002
{
1070
     2
1000
-2000051
1002
}
1002
{
1070
     3
1000
22907988
1002
}
  0
LINE
  5
514
330
70
100
AcDbEntity
  8
A-POR-___-___-EXI
100
AcDbLine
 10
3347.198466954253
 20
-34118.56969281908
 30
0.0
 11
3518.138144375696
 21
-34119.75987177635
 31
0.0
1001
REVIT
1002
{
1070
     1
1000
22909866
1002
}
1002
{
1070
     2
1000
-2000051
1002
}
1002
{
1070
     3
1000
22907988
1002
}
  0
LINE
  5
515
330
70
100
AcDbEntity
  8
A-ALV-___-___-EXI
100
AcDbLine
 10
3518.138144375696
 20
-34119.75987177635
 30
0.0
 11
3519.932208420114
 21
-30688.93223723723
 31
0.0
1001
REVIT
1002
{
1070
     1
1000
22909866
1002
}
1002
{
1070
     2
1000
-2000051
1002
}
1002
{
1070
     3
1000
22907988
1002
}
  0
LINE
  5
516
330
70
100
AcDbEntity
  8
A-ALV-___-___-EXI
100
AcDbLine
 10
3519.932208420114
 20
-30688.93223723723
 30
0.0
 11
3511.65365725429
 21
-30488.65738622018
 31
0.0
1001
REVIT
1002
{
1070
     1
1000
22909866
1002
}
1002
{
1070
     2
1000
-2000051
1002
}
1002
{
1070
     3
1000
22907988
1002
}
  0
LINE
  5
517
330
70
100
AcDbEntity
  8
A-POR-___-___-EXI
100
AcDbLine
 10
3511.65365725429
 20
-30488.65738622018
 30
0.0
 11
3387.659196796733
 21
-30493.70778623493
 31
0.0
1001
REVIT
1002
{
1070
     1
1000
22909866
1002
}
1002
{
1070
     2
1000
-2000051
1002
}
1002
{
1070
     3
1000
22907988
1002
}
  0
LINE
  5
518
330
70
100
AcDbEntity
  8
A-POR-___-___-EXI
100
AcDbLine
 10
7763.431488682138
 20
-34321.69532716552
 30
0.0
 11
7763.213668559149
 21
-34122.16964776231
 31
0.0
1001
REVIT
1002
{
1070
     1
1000
22909791
1002
}
1002
{
1070
     2
1000
-2000051
1002
}
1002
{
1070
     3
1000
22907988
1002
}
  0
LINE
  5
519
330
70
100
AcDbEntity
  8
A-POR-___-___-EXI
100
AcDbLine
 10
7763.213668559149
 20
-34122.16964776231
 30
0.0
 11
7624.17846320423
 21
-34121.92032666526
 31
0.0
1001
REVIT
1002
{
1070
     1
1000
22909791
1002
}
1002
{
1070
     2
1000
-2000051
1002
}
1002
{
1070
     3
1000
22907988
1002
}
  0
LINE
  5
51A
330
70
100
AcDbEntity
  8
A-POR-___-___-EXI
100
AcDbLine
 10
6303.947369593185
 20
-34121.21210996187
 30
0.0
 11
6163.50921809735
 21
-34121.08817058797
 31
0.0
1001
REVIT
1002
{
1070
     1
1000
22909963
1002
}
1002
{
1070
     2
1000
-2000051
1002
}
1002
{
1070
     3
1000
22907988
1002
}
  0
LINE
  5
51B
330
70
100
AcDbEntity
  8
A-POR-___-___-EXI
100
AcDbLine
 10
6163.50921809735
 20
-34121.08817058797
 30
0.0
 11
6163.727038220334
 21
-34320.61384999119
 31
0.0
1001
REVIT
1002
{
1070
     1
1000
22909963
1002
}
1002
{
1070
     2
1000
-2000051
1002
}
1002
{
1070
     3
1000
22907988
1002
}
  0
LINE
  5
51C
330
70
100
AcDbEntity
  8
A-POR-___-___-EXI
100
AcDbLine
 10
6163.727038220334
 20
-34320.61384999119
 30
0.0
 11
4862.606330465133
 21
-34320.07772859225
 31
0.0
1001
REVIT
1002
{
1070
     1
1000
22909963
1002
}
1002
{
1070
     2
1000
-2000051
1002
}
1002
{
1070
     3
1000
22907988
1002
}
  0
LINE
  5
51D
330
70
100
AcDbEntity
  8
A-POR-___-___-EXI
100
AcDbLine
 10
2437.454460145387
 20
-34317.95289901697
 30
0.0
 11
2437.242807817025
 21
-34118.42657135242
 31
0.0
1001
REVIT
1002
{
1070
     1
1000
22909876
1002
}
1002
{
1070
     2
1000
-2000051
1002
}
1002
{
1070
     3
1000
22907988
1002
}
  0
LINE
  5
51E
330
70
100
AcDbEntity
  8
A-POR-___-___-EXI
100
AcDbLine
 10
2437.242807817025
 20
-34118.42657135242
 30
0.0
 11
2303.42560284576
 21
-34118.60330124467
 31
0.0
1001
REVIT
1002
{
1070
     1
1000
22909876
1002
}
1002
{
1070
     2
1000
-2000051
1002
}
1002
{
1070
     3
1000
22907988
1002
}
  0
SPLINE
  5
51F
330
70
100
AcDbEntity
  8
A-ESC-___-___-EXI
100
AcDbSpline
210
0.0
220
0.0
230
1.0
 70
     8
 71
     3
 72
     8
 73
     4
 74
     0
 42
0.000000001
 43
0.0000000001
 40
0.0
 40
0.0
 40
0.0
 40
0.0
 40
1.0
 40
1.0
 40
1.0
 40
1.0
 10
84.39750436605008
 20
-22925.94081723291
 30
0.0
 10
56.41766150231077
 20
-22648.27756610749
 30
0.0
 10
-177.3160350108121
 20
-22436.88409236805
 30
0.0
 10
-456.3889603405574
 20
-22436.72124418241
 30
0.0
1001
REVIT
1002
{
1070
     1
1000
22909066
1002
}
1002
{
1070
     2
1000
-2000051
1002
}
1002
{
1070
     3
1000
22907988
1002
}
  0
SPLINE
  5
520
330
70
100
AcDbEntity
  8
A-ESC-___-___-EXI
100
AcDbSpline
210
0.0
220
0.0
230
1.0
 70
     8
 71
     3
 72
     8
 73
     4
 74
     0
 42
0.000000001
 43
0.0000000001
 40
1.0
 40
1.0
 40
1.0
 40
1.0
 40
1.999904438332265
 40
1.999904438332265
 40
1.999904438332265
 40
1.999904438332265
 10
-456.3889603405574
 20
-22436.72124418241
 30
0.0
 10
-735.4104214163486
 20
-22436.5764501971
 30
0.0
 10
-969.2769983698596
 20
-22647.63703022219
 30
0.0
 10
-997.6557209988632
 20
-22925.20851168578
 30
0.0
1001
REVIT
1002
{
1070
     1
1000
22909066
1002
}
1002
{
1070
     2
1000
-2000051
1002
}
1002
{
1070
     3
1000
22907988
1002
}
  0
SPLINE
  5
521
330
70
100
AcDbEntity
  8
A-POR-___-___-EXI
100
AcDbSpline
210
0.0
220
0.0
230
1.0
 70
     8
 71
     3
 72
     8
 73
     4
 74
     0
 42
0.000000001
 43
0.0000000001
 40
0.0
 40
0.0
 40
0.0
 40
0.0
 40
1.0
 40
1.0
 40
1.0
 40
1.0
 10
3387.512522042828
 20
-29493.59510723016
 30
0.0
 10
3115.245939411142
 20
-29493.42036060605
 30
0.0
 10
2854.612291228913
 20
-29604.22224654251
 30
0.0
 10
2665.807429248611
 20
-29800.37383750876
 30
0.0
1001
REVIT
1002
{
1070
     1
1000
22909072
1002
}
1002
{
1070
     2
1000
-2000051
1002
}
1002
{
1070
     3
1000
22907988
1002
}
  0
SPLINE
  5
522
330
70
100
AcDbEntity
  8
A-POR-___-___-EXI
100
AcDbSpline
210
0.0
220
0.0
230
1.0
 70
     8
 71
     3
 72
     8
 73
     4
 74
     0
 42
0.000000001
 43
0.0000000001
 40
1.0
 40
1.0
 40
1.0
 40
1.0
 40
2.0
 40
2.0
 40
2.0
 40
2.0
 10
2665.807429248611
 20
-29800.37383750876
 30
0.0
 10
2476.94477886719
 20
-29996.56891763819
 30
0.0
 10
2376.203435157994
 20
-30261.18571118473
 30
0.0
 10
2386.690376735936
 20
-30533.2592500561
 30
0.0
1001
REVIT
1002
{
1070
     1
1000
22909072
1002
}
1002
{
1070
     2
1000
-2000051
1002
}
1002
{
1070
     3
1000
22907988
1002
}
  0
SPLINE
  5
523
330
70
100
AcDbEntity
  8
A-POR-___-___-EXI
100
AcDbSpline
210
0.0
220
0.0
230
1.0
 70
     8
 71
     3
 72
     8
 73
     4
 74
     0
 42
0.000000001
 43
0.0000000001
 40
0.0
 40
0.0
 40
0.0
 40
0.0
 40
1.0
 40
1.0
 40
1.0
 40
1.0
 10
2320.932667944381
 20
-23991.73167985228
 30
0.0
 10
2562.707160495079
 20
-23991.86237407825
 30
0.0
 10
2794.380987422287
 20
-23894.8830289086
 30
0.0
 10
2963.873007773397
 20
-23722.46220673035
 30
0.0
1001
REVIT
1002
{
1070
     1
1000
22909077
1002
}
1002
{
1070
     2
1000
-2000051
1002
}
1002
{
1070
     3
1000
22907988
1002
}
  0
SPLINE
  5
524
330
70
100
AcDbEntity
  8
A-POR-___-___-EXI
100
AcDbSpline
210
0.0
220
0.0
230
1.0
 70
     8
 71
     3
 72
     8
 73
     4
 74
     0
 42
0.000000001
 43
0.0000000001
 40
1.0
 40
1.0
 40
1.0
 40
1.0
 40
2.0
 40
2.0
 40
2.0
 40
2.0
 10
2963.873007773397
 20
-23722.46220673035
 30
0.0
 10
3133.383846288948
 20
-23550.10176561244
 30
0.0
 10
3226.493406763188
 20
-23316.82115445573
 30
0.0
 10
3222.303108067976
 20
-23075.10937899235
 30
0.0
1001
REVIT
1002
{
1070
     1
1000
22909077
1002
}
1002
{
1070
     2
1000
-2000051
1002
}
1002
{
1070
     3
1000
22907988
1002
}
  0
LINE
  5
525
330
70
100
AcDbEntity
  8
A-ALV-___-___-EXI
100
AcDbLine
 10
7314.797673779202
 20
-25665.484501088
 30
0.0
 11
7311.872391282915
 21
-26650.1782057628
 31
0.0
1001
REVIT
1002
{
1070
     1
1000
22906879
1002
}
1002
{
1070
     2
1000
-2000051
1002
}
1002
{
1070
     3
1000
-2000042
1002
}
  0
LINE
  5
526
330
70
100
AcDbEntity
  8
A-ALV-___-___-EXI
100
AcDbLine
 10
7311.872391282915
 20
-26650.1782057628
 30
0.0
 11
5093.265728743557
 21
-26649.22141719816
 31
0.0
1001
REVIT
1002
{
1070
     1
1000
22906879
1002
}
1002
{
1070
     2
1000
-2000051
1002
}
1002
{
1070
     3
1000
-2000042
1002
}
  0
LINE
  5
527
330
70
100
AcDbEntity
  8
A-ALV-___-___-EXI
100
AcDbLine
 10
5093.265728743557
 20
-26649.22141719816
 30
0.0
 11
5092.063169385337
 21
-26142.94194156684
 31
0.0
1001
REVIT
1002
{
1070
     1
1000
22906879
1002
}
1002
{
1070
     2
1000
-2000051
1002
}
1002
{
1070
     3
1000
-2000042
1002
}
  0
LINE
  5
528
330
70
100
AcDbEntity
  8
A-ALV-___-___-EXI
100
AcDbLine
 10
5092.063169385337
 20
-26142.94194156684
 30
0.0
 11
4883.044619037601
 21
-26143.34173081978
 31
0.0
1001
REVIT
1002
{
1070
     1
1000
22906879
1002
}
1002
{
1070
     2
1000
-2000051
1002
}
1002
{
1070
     3
1000
-2000042
1002
}
  0
LINE
  5
529
330
70
100
AcDbEntity
  8
A-ALV-___-___-EXI
100
AcDbLine
 10
4883.044619037601
 20
-26143.34173081978
 30
0.0
 11
4892.695002912539
 21
-26679.98558143268
 31
0.0
1001
REVIT
1002
{
1070
     1
1000
22906879
1002
}
1002
{
1070
     2
1000
-2000051
1002
}
1002
{
1070
     3
1000
-2000042
1002
}
  0
LINE
  5
52A
330
70
100
AcDbEntity
  8
A-ALV-___-___-EXI
100
AcDbLine
 10
4892.695002912539
 20
-26679.98558143268
 30
0.0
 11
4891.551944365029
 21
-26848.44607030468
 31
0.0
1001
REVIT
1002
{
1070
     1
1000
22906879
1002
}
1002
{
1070
     2
1000
-2000051
1002
}
1002
{
1070
     3
1000
-2000042
1002
}
  0
LINE
  5
52B
330
70
100
AcDbEntity
  8
A-ALV-___-___-EXI
100
AcDbLine
 10
4891.551944365029
 20
-26848.44607030468
 30
0.0
 11
7313.369140718726
 21
-26850.00854711534
 31
0.0
1001
REVIT
1002
{
1070
     1
1000
22906879
1002
}
1002
{
1070
     2
1000
-2000051
1002
}
1002
{
1070
     3
1000
-2000042
1002
}
  0
LINE
  5
52C
330
70
100
AcDbEntity
  8
A-ALV-___-___-EXI
100
AcDbLine
 10
7313.369140718726
 20
-26850.00854711534
 30
0.0
 11
7311.7483420977
 21
-29750.17119701666
 31
0.0
1001
REVIT
1002
{
1070
     1
1000
22906879
1002
}
1002
{
1070
     2
1000
-2000051
1002
}
1002
{
1070
     3
1000
-2000042
1002
}
  0
LINE
  5
52D
330
70
100
AcDbEntity
  8
A-ALV-___-___-EXI
100
AcDbLine
 10
7311.7483420977
 20
-29750.17119701666
 30
0.0
 11
6146.329687656791
 21
-29750.73470192526
 31
0.0
1001
REVIT
1002
{
1070
     1
1000
22906879
1002
}
1002
{
1070
     2
1000
-2000051
1002
}
1002
{
1070
     3
1000
-2000042
1002
}
  0
LINE
  5
52E
330
70
100
AcDbEntity
  8
A-ALV-___-___-EXI
100
AcDbLine
 10
6146.329687656791
 20
-29750.73470192526
 30
0.0
 11
6144.97066542877
 21
-29950.11632817275
 31
0.0
1001
REVIT
1002
{
1070
     1
1000
22906879
1002
}
1002
{
1070
     2
1000
-2000051
1002
}
1002
{
1070
     3
1000
-2000042
1002
}
  0
LINE
  5
52F
330
70
100
AcDbEntity
  8
A-ALV-___-___-EXI
100
AcDbLine
 10
6144.97066542877
 20
-29950.11632817275
 30
0.0
 11
7311.143251435733
 21
-29951.43700954623
 31
0.0
1001
REVIT
1002
{
1070
     1
1000
22906879
1002
}
1002
{
1070
     2
1000
-2000051
1002
}
1002
{
1070
     3
1000
-2000042
1002
}
  0
LINE
  5
530
330
70
100
AcDbEntity
  8
A-ALV-___-___-EXI
100
AcDbLine
 10
7311.143251435733
 20
-29951.43700954623
 30
0.0
 11
7308.769996745045
 21
-34122.09888528575
 31
0.0
1001
REVIT
1002
{
1070
     1
1000
22906879
1002
}
1002
{
1070
     2
1000
-2000051
1002
}
1002
{
1070
     3
1000
-2000042
1002
}
  0
LINE
  5
531
330
70
100
AcDbEntity
  8
A-ALV-___-___-EXI
100
AcDbLine
 10
7308.769996745045
 20
-34122.09888528575
 30
0.0
 11
6303.947369593184
 21
-34121.21210996188
 31
0.0
1001
REVIT
1002
{
1070
     1
1000
22906879
1002
}
1002
{
1070
     2
1000
-2000051
1002
}
1002
{
1070
     3
1000
-2000042
1002
}
  0
LINE
  5
532
330
70
100
AcDbEntity
  8
A-ALV-___-___-EXI
100
AcDbLine
 10
6303.947369593184
 20
-34121.21210996188
 30
0.0
 11
6302.593871785017
 21
-34320.6864964204
 31
0.0
1001
REVIT
1002
{
1070
     1
1000
22906879
1002
}
1002
{
1070
     2
1000
-2000051
1002
}
1002
{
1070
     3
1000
-2000042
1002
}
  0
LINE
  5
533
330
70
100
AcDbEntity
  8
A-ALV-___-___-EXI
100
AcDbLine
 10
6302.593871785017
 20
-34320.6864964204
 30
0.0
 11
7622.994051672232
 21
-34321.37724708941
 31
0.0
1001
REVIT
1002
{
1070
     1
1000
22906879
1002
}
1002
{
1070
     2
1000
-2000051
1002
}
1002
{
1070
     3
1000
-2000042
1002
}
  0
LINE
  5
534
330
70
100
AcDbEntity
  8
A-ALV-___-___-EXI
100
AcDbLine
 10
7622.994051672232
 20
-34321.37724708941
 30
0.0
 11
7624.185007458996
 21
-34120.8182630096
 31
0.0
1001
REVIT
1002
{
1070
     1
1000
22906879
1002
}
1002
{
1070
     2
1000
-2000051
1002
}
1002
{
1070
     3
1000
-2000042
1002
}
  0
LINE
  5
535
330
70
100
AcDbEntity
  8
A-ALV-___-___-EXI
100
AcDbLine
 10
7624.185007458996
 20
-34120.8182630096
 30
0.0
 11
7512.91668035165
 21
-34120.8182630096
 31
0.0
1001
REVIT
1002
{
1070
     1
1000
22906879
1002
}
1002
{
1070
     2
1000
-2000051
1002
}
1002
{
1070
     3
1000
-2000042
1002
}
  0
LINE
  5
536
330
70
100
AcDbEntity
  8
A-ALV-___-___-EXI
100
AcDbLine
 10
7512.91668035165
 20
-34120.8182630096
 30
0.0
 11
7512.916680351664
 21
-25665.26797654015
 31
0.0
1001
REVIT
1002
{
1070
     1
1000
22906879
1002
}
1002
{
1070
     2
1000
-2000051
1002
}
1002
{
1070
     3
1000
-2000042
1002
}
  0
LINE
  5
537
330
70
100
AcDbEntity
  8
A-ALV-___-___-EXI
100
AcDbLine
 10
7512.916680351664
 20
-25665.26797654015
 30
0.0
 11
7314.797673779202
 21
-25665.484501088
 31
0.0
1001
REVIT
1002
{
1070
     1
1000
22906879
1002
}
1002
{
1070
     2
1000
-2000051
1002
}
1002
{
1070
     3
1000
-2000042
1002
}
  0
LINE
  5
538
330
70
100
AcDbEntity
  8
A-ALV-___-___-EXI
100
AcDbLine
 10
6423.480472875735
 20
-22847.5502955983
 30
0.0
 11
6423.480472875735
 21
-23050.46208821808
 31
0.0
1001
REVIT
1002
{
1070
     1
1000
22906879
1002
}
1002
{
1070
     2
1000
-2000051
1002
}
1002
{
1070
     3
1000
-2000042
1002
}
  0
LINE
  5
539
330
70
100
AcDbEntity
  8
A-ALV-___-___-EXI
100
AcDbLine
 10
6423.480472875735
 20
-23050.46208821808
 30
0.0
 11
7314.716610451076
 21
-23050.46208821808
 31
0.0
1001
REVIT
1002
{
1070
     1
1000
22906879
1002
}
1002
{
1070
     2
1000
-2000051
1002
}
1002
{
1070
     3
1000
-2000042
1002
}
  0
LINE
  5
53A
330
70
100
AcDbEntity
  8
A-ALV-___-___-EXI
100
AcDbLine
 10
7314.716610451076
 20
-23050.46208821808
 30
0.0
 11
7314.026567727258
 21
-24219.59814886911
 31
0.0
1001
REVIT
1002
{
1070
     1
1000
22906879
1002
}
1002
{
1070
     2
1000
-2000051
1002
}
1002
{
1070
     3
1000
-2000042
1002
}
  0
LINE
  5
53B
330
70
100
AcDbEntity
  8
A-ALV-___-___-EXI
100
AcDbLine
 10
7314.026567727258
 20
-24219.59814886911
 30
0.0
 11
7233.258819735148
 21
-24219.59814886911
 31
0.0
1001
REVIT
1002
{
1070
     1
1000
22906879
1002
}
1002
{
1070
     2
1000
-2000051
1002
}
1002
{
1070
     3
1000
-2000042
1002
}
  0
LINE
  5
53C
330
70
100
AcDbEntity
  8
A-ALV-___-___-EXI
100
AcDbLine
 10
7233.258819735148
 20
-24219.59814886911
 30
0.0
 11
5716.652690951413
 21
-24219.36101765753
 31
0.0
1001
REVIT
1002
{
1070
     1
1000
22906879
1002
}
1002
{
1070
     2
1000
-2000051
1002
}
1002
{
1070
     3
1000
-2000042
1002
}
  0
LINE
  5
53D
330
70
100
AcDbEntity
  8
A-ALV-___-___-EXI
100
AcDbLine
 10
5716.652690951413
 20
-24219.36101765753
 30
0.0
 11
5716.873594971711
 21
-24418.88637293009
 31
0.0
1001
REVIT
1002
{
1070
     1
1000
22906879
1002
}
1002
{
1070
     2
1000
-2000051
1002
}
1002
{
1070
     3
1000
-2000042
1002
}
  0
LINE
  5
53E
330
70
100
AcDbEntity
  8
A-ALV-___-___-EXI
100
AcDbLine
 10
5716.873594971711
 20
-24418.88637293009
 30
0.0
 11
7313.819814904149
 21
-24420.3001137371
 31
0.0
1001
REVIT
1002
{
1070
     1
1000
22906879
1002
}
1002
{
1070
     2
1000
-2000051
1002
}
1002
{
1070
     3
1000
-2000042
1002
}
  0
LINE
  5
53F
330
70
100
AcDbEntity
  8
A-ALV-___-___-EXI
100
AcDbLine
 10
7313.819814904149
 20
-24420.3001137371
 30
0.0
 11
7313.083523185436
 21
-25135.04341174558
 31
0.0
1001
REVIT
1002
{
1070
     1
1000
22906879
1002
}
1002
{
1070
     2
1000
-2000051
1002
}
1002
{
1070
     3
1000
-2000042
1002
}
  0
LINE
  5
540
330
70
100
AcDbEntity
  8
A-ALV-___-___-EXI
100
AcDbLine
 10
7313.083523185436
 20
-25135.04341174558
 30
0.0
 11
7513.083417064932
 21
-25135.24944133132
 31
0.0
1001
REVIT
1002
{
1070
     1
1000
22906879
1002
}
1002
{
1070
     2
1000
-2000051
1002
}
1002
{
1070
     3
1000
-2000042
1002
}
  0
LINE
  5
541
330
70
100
AcDbEntity
  8
A-ALV-___-___-EXI
100
AcDbLine
 10
7513.083417064932
 20
-25135.24944133132
 30
0.0
 11
7515.440086851995
 21
-22847.5502955983
 31
0.0
1001
REVIT
1002
{
1070
     1
1000
22906879
1002
}
1002
{
1070
     2
1000
-2000051
1002
}
1002
{
1070
     3
1000
-2000042
1002
}
  0
LINE
  5
542
330
70
100
AcDbEntity
  8
A-ALV-___-___-EXI
100
AcDbLine
 10
7515.440086851995
 20
-22847.5502955983
 30
0.0
 11
6423.480472875735
 21
-22847.5502955983
 31
0.0
1001
REVIT
1002
{
1070
     1
1000
22906879
1002
}
1002
{
1070
     2
1000
-2000051
1002
}
1002
{
1070
     3
1000
-2000042
1002
}
  0
LINE
  5
543
330
70
100
AcDbEntity
  8
A-ALV-___-___-EXI
100
AcDbLine
 10
4789.583707074996
 20
-22847.55029559829
 30
0.0
 11
4849.709495001123
 21
-25103.61775097381
 31
0.0
1001
REVIT
1002
{
1070
     1
1000
22906879
1002
}
1002
{
1070
     2
1000
-2000051
1002
}
1002
{
1070
     3
1000
-2000042
1002
}
  0
LINE
  5
544
330
70
100
AcDbEntity
  8
A-ALV-___-___-EXI
100
AcDbLine
 10
4849.709495001123
 20
-25103.61775097381
 30
0.0
 11
5049.709495001123
 21
-25103.61775097381
 31
0.0
1001
REVIT
1002
{
1070
     1
1000
22906879
1002
}
1002
{
1070
     2
1000
-2000051
1002
}
1002
{
1070
     3
1000
-2000042
1002
}
  0
LINE
  5
545
330
70
100
AcDbEntity
  8
A-ALV-___-___-EXI
100
AcDbLine
 10
5049.709495001123
 20
-25103.61775097381
 30
0.0
 11
4994.937475561593
 21
-23048.43685796791
 31
0.0
1001
REVIT
1002
{
1070
     1
1000
22906879
1002
}
1002
{
1070
     2
1000
-2000051
1002
}
1002
{
1070
     3
1000
-2000042
1002
}
  0
LINE
  5
546
330
70
100
AcDbEntity
  8
A-ALV-___-___-EXI
100
AcDbLine
 10
4994.937475561593
 20
-23048.43685796791
 30
0.0
 11
5883.821565438513
 21
-23049.15748636009
 31
0.0
1001
REVIT
1002
{
1070
     1
1000
22906879
1002
}
1002
{
1070
     2
1000
-2000051
1002
}
1002
{
1070
     3
1000
-2000042
1002
}
  0
LINE
  5
547
330
70
100
AcDbEntity
  8
A-ALV-___-___-EXI
100
AcDbLine
 10
5883.821565438513
 20
-23049.15748636009
 30
0.0
 11
5883.821565438513
 21
-22847.55029559829
 31
0.0
1001
REVIT
1002
{
1070
     1
1000
22906879
1002
}
1002
{
1070
     2
1000
-2000051
1002
}
1002
{
1070
     3
1000
-2000042
1002
}
  0
LINE
  5
548
330
70
100
AcDbEntity
  8
A-ALV-___-___-EXI
100
AcDbLine
 10
5883.821565438513
 20
-22847.55029559829
 30
0.0
 11
5875.026872542999
 21
-22847.55029559829
 31
0.0
1001
REVIT
1002
{
1070
     1
1000
22906879
1002
}
1002
{
1070
     2
1000
-2000051
1002
}
1002
{
1070
     3
1000
-2000042
1002
}
  0
LINE
  5
549
330
70
100
AcDbEntity
  8
A-ALV-___-___-EXI
100
AcDbLine
 10
5875.026872542999
 20
-22847.55029559829
 30
0.0
 11
4789.583707074996
 21
-22847.55029559829
 31
0.0
1001
REVIT
1002
{
1070
     1
1000
22906879
1002
}
1002
{
1070
     2
1000
-2000051
1002
}
1002
{
1070
     3
1000
-2000042
1002
}
  0
LINE
  5
54A
330
70
100
AcDbEntity
  8
A-ALV-___-___-EXI
100
AcDbLine
 10
4727.80608866252
 20
-34319.28103985904
 30
0.0
 11
4727.806088662521
 21
-34118.73334584222
 31
0.0
1001
REVIT
1002
{
1070
     1
1000
22906879
1002
}
1002
{
1070
     2
1000
-2000051
1002
}
1002
{
1070
     3
1000
-2000042
1002
}
  0
LINE
  5
54B
330
70
100
AcDbEntity
  8
A-ALV-___-___-EXI
100
AcDbLine
 10
4727.806088662521
 20
-34118.73334584222
 30
0.0
 11
3717.664973346273
 21
-34119.54180861738
 31
0.0
1001
REVIT
1002
{
1070
     1
1000
22906879
1002
}
1002
{
1070
     2
1000
-2000051
1002
}
1002
{
1070
     3
1000
-2000042
1002
}
  0
LINE
  5
54C
330
70
100
AcDbEntity
  8
A-ALV-___-___-EXI
100
AcDbLine
 10
3717.664973346273
 20
-34119.54180861738
 30
0.0
 11
3721.040875670134
 21
-29949.54317513037
 31
0.0
1001
REVIT
1002
{
1070
     1
1000
22906879
1002
}
1002
{
1070
     2
1000
-2000051
1002
}
1002
{
1070
     3
1000
-2000042
1002
}
  0
LINE
  5
54D
330
70
100
AcDbEntity
  8
A-ALV-___-___-EXI
100
AcDbLine
 10
3721.040875670134
 20
-29949.54317513037
 30
0.0
 11
4885.407097281535
 21
-29949.96210077858
 31
0.0
1001
REVIT
1002
{
1070
     1
1000
22906879
1002
}
1002
{
1070
     2
1000
-2000051
1002
}
1002
{
1070
     3
1000
-2000042
1002
}
  0
LINE
  5
54E
330
70
100
AcDbEntity
  8
A-ALV-___-___-EXI
100
AcDbLine
 10
4885.407097281535
 20
-29949.96210077858
 30
0.0
 11
4885.479054989225
 21
-29749.96211372336
 31
0.0
1001
REVIT
1002
{
1070
     1
1000
22906879
1002
}
1002
{
1070
     2
1000
-2000051
1002
}
1002
{
1070
     3
1000
-2000042
1002
}
  0
LINE
  5
54F
330
70
100
AcDbEntity
  8
A-ALV-___-___-EXI
100
AcDbLine
 10
4885.479054989225
 20
-29749.96211372336
 30
0.0
 11
3721.203898254339
 21
-29748.17361874196
 31
0.0
1001
REVIT
1002
{
1070
     1
1000
22906879
1002
}
1002
{
1070
     2
1000
-2000051
1002
}
1002
{
1070
     3
1000
-2000042
1002
}
  0
LINE
  5
550
330
70
100
AcDbEntity
  8
A-ALV-___-___-EXI
100
AcDbLine
 10
3721.203898254339
 20
-29748.17361874196
 30
0.0
 11
3745.238642751698
 21
-26848.28646819667
 31
0.0
1001
REVIT
1002
{
1070
     1
1000
22906879
1002
}
1002
{
1070
     2
1000
-2000051
1002
}
1002
{
1070
     3
1000
-2000042
1002
}
  0
LINE
  5
551
330
70
100
AcDbEntity
  8
A-ALV-___-___-EXI
100
AcDbLine
 10
3745.238642751698
 20
-26848.28646819667
 30
0.0
 11
3745.238642751698
 21
-26648.75532540298
 31
0.0
1001
REVIT
1002
{
1070
     1
1000
22906879
1002
}
1002
{
1070
     2
1000
-2000051
1002
}
1002
{
1070
     3
1000
-2000042
1002
}
  0
LINE
  5
552
330
70
100
AcDbEntity
  8
A-ALV-___-___-EXI
100
AcDbLine
 10
3745.238642751698
 20
-26648.75532540298
 30
0.0
 11
3545.991855433238
 21
-26653.7156903234
 31
0.0
1001
REVIT
1002
{
1070
     1
1000
22906879
1002
}
1002
{
1070
     2
1000
-2000051
1002
}
1002
{
1070
     3
1000
-2000042
1002
}
  0
LINE
  5
553
330
70
100
AcDbEntity
  8
A-ALV-___-___-EXI
100
AcDbLine
 10
3545.991855433238
 20
-26653.7156903234
 30
0.0
 11
3518.138144375698
 21
-34119.75987177635
 31
0.0
1001
REVIT
1002
{
1070
     1
1000
22906879
1002
}
1002
{
1070
     2
1000
-2000051
1002
}
1002
{
1070
     3
1000
-2000042
1002
}
  0
LINE
  5
554
330
70
100
AcDbEntity
  8
A-ALV-___-___-EXI
100
AcDbLine
 10
3518.138144375698
 20
-34119.75987177635
 30
0.0
 11
3487.806088662522
 21
-34119.75987177635
 31
0.0
1001
REVIT
1002
{
1070
     1
1000
22906879
1002
}
1002
{
1070
     2
1000
-2000051
1002
}
1002
{
1070
     3
1000
-2000042
1002
}
  0
LINE
  5
555
330
70
100
AcDbEntity
  8
A-ALV-___-___-EXI
100
AcDbLine
 10
3487.806088662522
 20
-34119.75987177635
 30
0.0
 11
3487.80608866252
 21
-34319.28103985904
 31
0.0
1001
REVIT
1002
{
1070
     1
1000
22906879
1002
}
1002
{
1070
     2
1000
-2000051
1002
}
1002
{
1070
     3
1000
-2000042
1002
}
  0
LINE
  5
556
330
70
100
AcDbEntity
  8
A-ALV-___-___-EXI
100
AcDbLine
 10
3487.80608866252
 20
-34319.28103985904
 30
0.0
 11
4727.80608866252
 21
-34319.28103985904
 31
0.0
1001
REVIT
1002
{
1070
     1
1000
22906879
1002
}
1002
{
1070
     2
1000
-2000051
1002
}
1002
{
1070
     3
1000
-2000042
1002
}
  0
LINE
  5
557
330
70
100
AcDbEntity
  8
A-ALV-___-___-EXI
100
AcDbLine
 10
2303.425602845759
 20
-34317.50886494711
 30
0.0
 11
2303.42560284576
 21
-34117.50886494711
 31
0.0
1001
REVIT
1002
{
1070
     1
1000
22906879
1002
}
1002
{
1070
     2
1000
-2000051
1002
}
1002
{
1070
     3
1000
-2000042
1002
}
  0
LINE
  5
558
330
70
100
AcDbEntity
  8
A-ALV-___-___-EXI
100
AcDbLine
 10
2303.42560284576
 20
-34117.50886494711
 30
0.0
 11
2283.42560284576
 21
-34117.50886494711
 31
0.0
1001
REVIT
1002
{
1070
     1
1000
22906879
1002
}
1002
{
1070
     2
1000
-2000051
1002
}
1002
{
1070
     3
1000
-2000042
1002
}
  0
LINE
  5
559
330
70
100
AcDbEntity
  8
A-ALV-___-___-EXI
100
AcDbLine
 10
2283.42560284576
 20
-34117.50886494711
 30
0.0
 11
2268.042612933022
 21
-34117.50886494711
 31
0.0
1001
REVIT
1002
{
1070
     1
1000
22906879
1002
}
1002
{
1070
     2
1000
-2000051
1002
}
1002
{
1070
     3
1000
-2000042
1002
}
  0
LINE
  5
55A
330
70
100
AcDbEntity
  8
A-ALV-___-___-EXI
100
AcDbLine
 10
2268.042612933022
 20
-34117.50886494711
 30
0.0
 11
2270.237473604726
 21
-30737.26824019569
 31
0.0
1001
REVIT
1002
{
1070
     1
1000
22906879
1002
}
1002
{
1070
     2
1000
-2000051
1002
}
1002
{
1070
     3
1000
-2000042
1002
}
  0
LINE
  5
55B
330
70
100
AcDbEntity
  8
A-ALV-___-___-EXI
100
AcDbLine
 10
2270.237473604726
 20
-30737.26824019569
 30
0.0
 11
2390.237448307681
 21
-30737.3461586797
 31
0.0
1001
REVIT
1002
{
1070
     1
1000
22906879
1002
}
1002
{
1070
     2
1000
-2000051
1002
}
1002
{
1070
     3
1000
-2000042
1002
}
  0
LINE
  5
55C
330
70
100
AcDbEntity
  8
A-ALV-___-___-EXI
100
AcDbLine
 10
2390.237448307681
 20
-30737.3461586797
 30
0.0
 11
2386.119336821491
 21
-30533.5219352893
 31
0.0
1001
REVIT
1002
{
1070
     1
1000
22906879
1002
}
1002
{
1070
     2
1000
-2000051
1002
}
1002
{
1070
     3
1000
-2000042
1002
}
  0
LINE
  5
55D
330
70
100
AcDbEntity
  8
A-ALV-___-___-EXI
100
AcDbLine
 10
2386.119336821491
 20
-30533.5219352893
 30
0.0
 11
2261.119336821491
 21
-30533.5219352893
 31
0.0
1001
REVIT
1002
{
1070
     1
1000
22906879
1002
}
1002
{
1070
     2
1000
-2000051
1002
}
1002
{
1070
     3
1000
-2000042
1002
}
  0
LINE
  5
55E
330
70
100
AcDbEntity
  8
A-ALV-___-___-EXI
100
AcDbLine
 10
2261.119336821491
 20
-30533.5219352893
 30
0.0
 11
2261.119336821497
 21
-26873.52193528929
 31
0.0
1001
REVIT
1002
{
1070
     1
1000
22906879
1002
}
1002
{
1070
     2
1000
-2000051
1002
}
1002
{
1070
     3
1000
-2000042
1002
}
  0
LINE
  5
55F
330
70
100
AcDbEntity
  8
A-ALV-___-___-EXI
100
AcDbLine
 10
2261.119336821497
 20
-26873.52193528929
 30
0.0
 11
2261.119336821497
 21
-26685.00987474697
 31
0.0
1001
REVIT
1002
{
1070
     1
1000
22906879
1002
}
1002
{
1070
     2
1000
-2000051
1002
}
1002
{
1070
     3
1000
-2000042
1002
}
  0
LINE
  5
560
330
70
100
AcDbEntity
  8
A-ALV-___-___-EXI
100
AcDbLine
 10
2261.119336821497
 20
-26685.00987474697
 30
0.0
 11
2049.163991680453
 21
-26685.00987474697
 31
0.0
1001
REVIT
1002
{
1070
     1
1000
22906879
1002
}
1002
{
1070
     2
1000
-2000051
1002
}
1002
{
1070
     3
1000
-2000042
1002
}
  0
LINE
  5
561
330
70
100
AcDbEntity
  8
A-ALV-___-___-EXI
100
AcDbLine
 10
2049.163991680453
 20
-26685.00987474697
 30
0.0
 11
2069.455590094186
 21
-29738.2789602132
 31
0.0
1001
REVIT
1002
{
1070
     1
1000
22906879
1002
}
1002
{
1070
     2
1000
-2000051
1002
}
1002
{
1070
     3
1000
-2000042
1002
}
  0
LINE
  5
562
330
70
100
AcDbEntity
  8
A-ALV-___-___-EXI
100
AcDbLine
 10
2069.455590094186
 20
-29738.2789602132
 30
0.0
 11
269.8070327134867
 21
-29748.63412397786
 31
0.0
1001
REVIT
1002
{
1070
     1
1000
22906879
1002
}
1002
{
1070
     2
1000
-2000051
1002
}
1002
{
1070
     3
1000
-2000042
1002
}
  0
LINE
  5
563
330
70
100
AcDbEntity
  8
A-ALV-___-___-EXI
100
AcDbLine
 10
269.8070327134867
 20
-29748.63412397786
 30
0.0
 11
269.8070327134864
 21
-29948.63412397785
 31
0.0
1001
REVIT
1002
{
1070
     1
1000
22906879
1002
}
1002
{
1070
     2
1000
-2000051
1002
}
1002
{
1070
     3
1000
-2000042
1002
}
  0
LINE
  5
564
330
70
100
AcDbEntity
  8
A-ALV-___-___-EXI
100
AcDbLine
 10
269.8070327134864
 20
-29948.63412397785
 30
0.0
 11
2068.100622588235
 21
-29937.96994625739
 31
0.0
1001
REVIT
1002
{
1070
     1
1000
22906879
1002
}
1002
{
1070
     2
1000
-2000051
1002
}
1002
{
1070
     3
1000
-2000042
1002
}
  0
LINE
  5
565
330
70
100
AcDbEntity
  8
A-ALV-___-___-EXI
100
AcDbLine
 10
2068.100622588235
 20
-29937.96994625739
 30
0.0
 11
2068.100622588229
 21
-34118.24775949617
 31
0.0
1001
REVIT
1002
{
1070
     1
1000
22906879
1002
}
1002
{
1070
     2
1000
-2000051
1002
}
1002
{
1070
     3
1000
-2000042
1002
}
  0
LINE
  5
566
330
70
100
AcDbEntity
  8
A-ALV-___-___-EXI
100
AcDbLine
 10
2068.100622588229
 20
-34118.24775949617
 30
0.0
 11
1583.201457525152
 21
-34118.24775949617
 31
0.0
1001
REVIT
1002
{
1070
     1
1000
22906879
1002
}
1002
{
1070
     2
1000
-2000051
1002
}
1002
{
1070
     3
1000
-2000042
1002
}
  0
LINE
  5
567
330
70
100
AcDbEntity
  8
A-ALV-___-___-EXI
100
AcDbLine
 10
1583.201457525152
 20
-34118.24775949617
 30
0.0
 11
1583.426056532932
 21
-34318.31714047091
 31
0.0
1001
REVIT
1002
{
1070
     1
1000
22906879
1002
}
1002
{
1070
     2
1000
-2000051
1002
}
1002
{
1070
     3
1000
-2000042
1002
}
  0
LINE
  5
568
330
70
100
AcDbEntity
  8
A-ALV-___-___-EXI
100
AcDbLine
 10
1583.426056532932
 20
-34318.31714047091
 30
0.0
 11
2303.425602845759
 21
-34317.50886494711
 31
0.0
1001
REVIT
1002
{
1070
     1
1000
22906879
1002
}
1002
{
1070
     2
1000
-2000051
1002
}
1002
{
1070
     3
1000
-2000042
1002
}
  0
LINE
  5
569
330
70
100
AcDbEntity
  8
A-ALV-___-___-EXI
100
AcDbLine
 10
582.2783540147177
 20
-22926.33523599911
 30
0.0
 11
18.9195020394446
 21
-22926.33523599911
 31
0.0
1001
REVIT
1002
{
1070
     1
1000
22906879
1002
}
1002
{
1070
     2
1000
-2000051
1002
}
1002
{
1070
     3
1000
-2000042
1002
}
  0
LINE
  5
56A
330
70
100
AcDbEntity
  8
A-ALV-___-___-EXI
100
AcDbLine
 10
18.9195020394446
 20
-22926.33523599911
 30
0.0
 11
18.91950203944406
 21
-23126.04500631441
 31
0.0
1001
REVIT
1002
{
1070
     1
1000
22906879
1002
}
1002
{
1070
     2
1000
-2000051
1002
}
1002
{
1070
     3
1000
-2000042
1002
}
  0
LINE
  5
56B
330
70
100
AcDbEntity
  8
A-ALV-___-___-EXI
100
AcDbLine
 10
18.91950203944406
 20
-23126.04500631441
 30
0.0
 11
162.736662006055
 21
-23126.04500631441
 31
0.0
1001
REVIT
1002
{
1070
     1
1000
22906879
1002
}
1002
{
1070
     2
1000
-2000051
1002
}
1002
{
1070
     3
1000
-2000042
1002
}
  0
LINE
  5
56C
330
70
100
AcDbEntity
  8
A-ALV-___-___-EXI
100
AcDbLine
 10
162.736662006055
 20
-23126.04500631441
 30
0.0
 11
160.7606715562116
 21
-26736.53537693624
 31
0.0
1001
REVIT
1002
{
1070
     1
1000
22906879
1002
}
1002
{
1070
     2
1000
-2000051
1002
}
1002
{
1070
     3
1000
-2000042
1002
}
  0
LINE
  5
56D
330
70
100
AcDbEntity
  8
A-ALV-___-___-EXI
100
AcDbLine
 10
160.7606715562116
 20
-26736.53537693624
 30
0.0
 11
17.4868381658528
 21
-26740.41934352795
 31
0.0
1001
REVIT
1002
{
1070
     1
1000
22906879
1002
}
1002
{
1070
     2
1000
-2000051
1002
}
1002
{
1070
     3
1000
-2000042
1002
}
  0
LINE
  5
56E
330
70
100
AcDbEntity
  8
A-ALV-___-___-EXI
100
AcDbLine
 10
17.4868381658528
 20
-26740.41934352795
 30
0.0
 11
15.96591673486718
 21
-26938.53138344676
 31
0.0
1001
REVIT
1002
{
1070
     1
1000
22906879
1002
}
1002
{
1070
     2
1000
-2000051
1002
}
1002
{
1070
     3
1000
-2000042
1002
}
  0
LINE
  5
56F
330
70
100
AcDbEntity
  8
A-ALV-___-___-EXI
100
AcDbLine
 10
15.96591673486718
 20
-26938.53138344676
 30
0.0
 11
1047.592681379174
 21
-26911.5188591433
 31
0.0
1001
REVIT
1002
{
1070
     1
1000
22906879
1002
}
1002
{
1070
     2
1000
-2000051
1002
}
1002
{
1070
     3
1000
-2000042
1002
}
  0
LINE
  5
570
330
70
100
AcDbEntity
  8
A-ALV-___-___-EXI
100
AcDbLine
 10
1047.592681379174
 20
-26911.5188591433
 30
0.0
 11
1047.700601311634
 21
-26715.1517202522
 31
0.0
1001
REVIT
1002
{
1070
     1
1000
22906879
1002
}
1002
{
1070
     2
1000
-2000051
1002
}
1002
{
1070
     3
1000
-2000042
1002
}
  0
LINE
  5
571
330
70
100
AcDbEntity
  8
A-ALV-___-___-EXI
100
AcDbLine
 10
1047.700601311634
 20
-26715.1517202522
 30
0.0
 11
359.7834709570636
 21
-26731.58112366245
 31
0.0
1001
REVIT
1002
{
1070
     1
1000
22906879
1002
}
1002
{
1070
     2
1000
-2000051
1002
}
1002
{
1070
     3
1000
-2000042
1002
}
  0
LINE
  5
572
330
70
100
AcDbEntity
  8
A-ALV-___-___-EXI
100
AcDbLine
 10
359.7834709570636
 20
-26731.58112366245
 30
0.0
 11
362.4360222554788
 21
-23126.6569026286
 31
0.0
1001
REVIT
1002
{
1070
     1
1000
22906879
1002
}
1002
{
1070
     2
1000
-2000051
1002
}
1002
{
1070
     3
1000
-2000042
1002
}
  0
LINE
  5
573
330
70
100
AcDbEntity
  8
A-ALV-___-___-EXI
100
AcDbLine
 10
362.4360222554788
 20
-23126.6569026286
 30
0.0
 11
782.4360222554783
 21
-23126.6569026286
 31
0.0
1001
REVIT
1002
{
1070
     1
1000
22906879
1002
}
1002
{
1070
     2
1000
-2000051
1002
}
1002
{
1070
     3
1000
-2000042
1002
}
  0
LINE
  5
574
330
70
100
AcDbEntity
  8
A-ALV-___-___-EXI
100
AcDbLine
 10
782.4360222554783
 20
-23126.6569026286
 30
0.0
 11
2221.998134110096
 21
-23094.04068468126
 31
0.0
1001
REVIT
1002
{
1070
     1
1000
22906879
1002
}
1002
{
1070
     2
1000
-2000051
1002
}
1002
{
1070
     3
1000
-2000042
1002
}
  0
LINE
  5
575
330
70
100
AcDbEntity
  8
A-ALV-___-___-EXI
100
AcDbLine
 10
2221.998134110096
 20
-23094.04068468126
 30
0.0
 11
2222.1183896318
 21
-22897.67224926748
 31
0.0
1001
REVIT
1002
{
1070
     1
1000
22906879
1002
}
1002
{
1070
     2
1000
-2000051
1002
}
1002
{
1070
     3
1000
-2000042
1002
}
  0
LINE
  5
576
330
70
100
AcDbEntity
  8
A-ALV-___-___-EXI
100
AcDbLine
 10
2222.1183896318
 20
-22897.67224926748
 30
0.0
 11
781.9642345049743
 21
-22926.11662930276
 31
0.0
1001
REVIT
1002
{
1070
     1
1000
22906879
1002
}
1002
{
1070
     2
1000
-2000051
1002
}
1002
{
1070
     3
1000
-2000042
1002
}
  0
LINE
  5
577
330
70
100
AcDbEntity
  8
A-ALV-___-___-EXI
100
AcDbLine
 10
781.9642345049743
 20
-22926.11662930276
 30
0.0
 11
781.9642345049757
 21
-22126.26965892354
 31
0.0
1001
REVIT
1002
{
1070
     1
1000
22906879
1002
}
1002
{
1070
     2
1000
-2000051
1002
}
1002
{
1070
     3
1000
-2000042
1002
}
  0
LINE
  5
578
330
70
100
AcDbEntity
  8
A-ALV-___-___-EXI
100
AcDbLine
 10
781.9642345049757
 20
-22126.26965892354
 30
0.0
 11
582.2783540147192
 21
-22126.26965892354
 31
0.0
1001
REVIT
1002
{
1070
     1
1000
22906879
1002
}
1002
{
1070
     2
1000
-2000051
1002
}
1002
{
1070
     3
1000
-2000042
1002
}
  0
LINE
  5
579
330
70
100
AcDbEntity
  8
A-ALV-___-___-EXI
100
AcDbLine
 10
582.2783540147192
 20
-22126.26965892354
 30
0.0
 11
582.2783540147177
 21
-22926.33523599911
 31
0.0
1001
REVIT
1002
{
1070
     1
1000
22906879
1002
}
1002
{
1070
     2
1000
-2000051
1002
}
1002
{
1070
     3
1000
-2000042
1002
}
  0
LINE
  5
57A
330
70
100
AcDbEntity
  8
A-ALV-___-___-EXI
100
AcDbLine
 10
783.8010498530937
 20
-20726.10010104563
 30
0.0
 11
783.8010498530937
 21
-19425.20495041679
 31
0.0
1001
REVIT
1002
{
1070
     1
1000
22906879
1002
}
1002
{
1070
     2
1000
-2000051
1002
}
1002
{
1070
     3
1000
-2000042
1002
}
  0
LINE
  5
57B
330
70
100
AcDbEntity
  8
A-ALV-___-___-EXI
100
AcDbLine
 10
783.8010498530937
 20
-19425.20495041679
 30
0.0
 11
584.8119384058687
 21
-19425.20495041679
 31
0.0
1001
REVIT
1002
{
1070
     1
1000
22906879
1002
}
1002
{
1070
     2
1000
-2000051
1002
}
1002
{
1070
     3
1000
-2000042
1002
}
  0
LINE
  5
57C
330
70
100
AcDbEntity
  8
A-ALV-___-___-EXI
100
AcDbLine
 10
584.8119384058687
 20
-19425.20495041679
 30
0.0
 11
584.8119384058687
 21
-20726.10010104563
 31
0.0
1001
REVIT
1002
{
1070
     1
1000
22906879
1002
}
1002
{
1070
     2
1000
-2000051
1002
}
1002
{
1070
     3
1000
-2000042
1002
}
  0
LINE
  5
57D
330
70
100
AcDbEntity
  8
A-ALV-___-___-EXI
100
AcDbLine
 10
584.8119384058687
 20
-20726.10010104563
 30
0.0
 11
783.8010498530937
 21
-20726.10010104563
 31
0.0
1001
REVIT
1002
{
1070
     1
1000
22906879
1002
}
1002
{
1070
     2
1000
-2000051
1002
}
1002
{
1070
     3
1000
-2000042
1002
}
  0
LINE
  5
57E
330
70
100
AcDbEntity
  8
A-ALV-___-___-EXI
100
AcDbLine
 10
-113.4726603049435
 20
-14573.73883207599
 30
0.0
 11
-113.0827184623007
 21
-14774.84280934324
 31
0.0
1001
REVIT
1002
{
1070
     1
1000
22906879
1002
}
1002
{
1070
     2
1000
-2000051
1002
}
1002
{
1070
     3
1000
-2000042
1002
}
  0
LINE
  5
57F
330
70
100
AcDbEntity
  8
A-ALV-___-___-EXI
100
AcDbLine
 10
-113.0827184623007
 20
-14774.84280934324
 30
0.0
 11
586.1274698143914
 21
-14774.7867321597
 31
0.0
1001
REVIT
1002
{
1070
     1
1000
22906879
1002
}
1002
{
1070
     2
1000
-2000051
1002
}
1002
{
1070
     3
1000
-2000042
1002
}
  0
LINE
  5
580
330
70
100
AcDbEntity
  8
A-ALV-___-___-EXI
100
AcDbLine
 10
586.1274698143914
 20
-14774.7867321597
 30
0.0
 11
584.9772332052785
 21
-18475.28195161444
 31
0.0
1001
REVIT
1002
{
1070
     1
1000
22906879
1002
}
1002
{
1070
     2
1000
-2000051
1002
}
1002
{
1070
     3
1000
-2000042
1002
}
  0
LINE
  5
581
330
70
100
AcDbEntity
  8
A-ALV-___-___-EXI
100
AcDbLine
 10
584.9772332052785
 20
-18475.28195161444
 30
0.0
 11
785.5025714780509
 21
-18473.4744460317
 31
0.0
1001
REVIT
1002
{
1070
     1
1000
22906879
1002
}
1002
{
1070
     2
1000
-2000051
1002
}
1002
{
1070
     3
1000
-2000042
1002
}
  0
LINE
  5
582
330
70
100
AcDbEntity
  8
A-ALV-___-___-EXI
100
AcDbLine
 10
785.5025714780509
 20
-18473.4744460317
 30
0.0
 11
787.2394220031524
 21
-14774.40206583708
 31
0.0
1001
REVIT
1002
{
1070
     1
1000
22906879
1002
}
1002
{
1070
     2
1000
-2000051
1002
}
1002
{
1070
     3
1000
-2000042
1002
}
  0
LINE
  5
583
330
70
100
AcDbEntity
  8
A-ALV-___-___-EXI
100
AcDbLine
 10
787.2394220031524
 20
-14774.40206583708
 30
0.0
 11
1020.41600884899
 21
-14775.43643636704
 31
0.0
1001
REVIT
1002
{
1070
     1
1000
22906879
1002
}
1002
{
1070
     2
1000
-2000051
1002
}
1002
{
1070
     3
1000
-2000042
1002
}
  0
LINE
  5
584
330
70
100
AcDbEntity
  8
A-ALV-___-___-EXI
100
AcDbLine
 10
1020.41600884899
 20
-14775.43643636704
 30
0.0
 11
1020.032234800971
 21
-14574.33181083844
 31
0.0
1001
REVIT
1002
{
1070
     1
1000
22906879
1002
}
1002
{
1070
     2
1000
-2000051
1002
}
1002
{
1070
     3
1000
-2000042
1002
}
  0
LINE
  5
585
330
70
100
AcDbEntity
  8
A-ALV-___-___-EXI
100
AcDbLine
 10
1020.032234800971
 20
-14574.33181083844
 30
0.0
 11
-113.4726603049435
 21
-14573.73883207599
 31
0.0
1001
REVIT
1002
{
1070
     1
1000
22906879
1002
}
1002
{
1070
     2
1000
-2000051
1002
}
1002
{
1070
     3
1000
-2000042
1002
}
  0
LINE
  5
586
330
70
100
AcDbEntity
  8
A-ALV-___-___-EXI
100
AcDbLine
 10
3656.811728188716
 20
-14781.33412772593
 30
0.0
 11
3654.629002122061
 21
-19698.00711802002
 31
0.0
1001
REVIT
1002
{
1070
     1
1000
22906879
1002
}
1002
{
1070
     2
1000
-2000051
1002
}
1002
{
1070
     3
1000
-2000042
1002
}
  0
LINE
  5
587
330
70
100
AcDbEntity
  8
A-ALV-___-___-EXI
100
AcDbLine
 10
3654.629002122061
 20
-19698.00711802002
 30
0.0
 11
2374.194501003568
 21
-19696.89317727774
 31
0.0
1001
REVIT
1002
{
1070
     1
1000
22906879
1002
}
1002
{
1070
     2
1000
-2000051
1002
}
1002
{
1070
     3
1000
-2000042
1002
}
  0
LINE
  5
588
330
70
100
AcDbEntity
  8
A-ALV-___-___-EXI
100
AcDbLine
 10
2374.194501003568
 20
-19696.89317727774
 30
0.0
 11
2375.006507066002
 21
-19856.44669057804
 31
0.0
1001
REVIT
1002
{
1070
     1
1000
22906879
1002
}
1002
{
1070
     2
1000
-2000051
1002
}
1002
{
1070
     3
1000
-2000042
1002
}
  0
LINE
  5
589
330
70
100
AcDbEntity
  8
A-ALV-___-___-EXI
100
AcDbLine
 10
2375.006507066002
 20
-19856.44669057804
 30
0.0
 11
3894.933416724579
 21
-19857.93118224105
 31
0.0
1001
REVIT
1002
{
1070
     1
1000
22906879
1002
}
1002
{
1070
     2
1000
-2000051
1002
}
1002
{
1070
     3
1000
-2000042
1002
}
  0
LINE
  5
58A
330
70
100
AcDbEntity
  8
A-ALV-___-___-EXI
100
AcDbLine
 10
3894.933416724579
 20
-19857.93118224105
 30
0.0
 11
3895.322759832309
 21
-19497.10644024848
 31
0.0
1001
REVIT
1002
{
1070
     1
1000
22906879
1002
}
1002
{
1070
     2
1000
-2000051
1002
}
1002
{
1070
     3
1000
-2000042
1002
}
  0
LINE
  5
58B
330
70
100
AcDbEntity
  8
A-ALV-___-___-EXI
100
AcDbLine
 10
3895.322759832309
 20
-19497.10644024848
 30
0.0
 11
3804.320409344501
 21
-19497.09284118929
 31
0.0
1001
REVIT
1002
{
1070
     1
1000
22906879
1002
}
1002
{
1070
     2
1000
-2000051
1002
}
1002
{
1070
     3
1000
-2000042
1002
}
  0
LINE
  5
58C
330
70
100
AcDbEntity
  8
A-ALV-___-___-EXI
100
AcDbLine
 10
3804.320409344501
 20
-19497.09284118929
 30
0.0
 11
3806.387380404851
 21
-17496.60069581271
 31
0.0
1001
REVIT
1002
{
1070
     1
1000
22906879
1002
}
1002
{
1070
     2
1000
-2000051
1002
}
1002
{
1070
     3
1000
-2000042
1002
}
  0
LINE
  5
58D
330
70
100
AcDbEntity
  8
A-ALV-___-___-EXI
100
AcDbLine
 10
3806.387380404851
 20
-17496.60069581271
 30
0.0
 11
3895.804607674474
 21
-17496.78089803556
 31
0.0
1001
REVIT
1002
{
1070
     1
1000
22906879
1002
}
1002
{
1070
     2
1000
-2000051
1002
}
1002
{
1070
     3
1000
-2000042
1002
}
  0
LINE
  5
58E
330
70
100
AcDbEntity
  8
A-ALV-___-___-EXI
100
AcDbLine
 10
3895.804607674474
 20
-17496.78089803556
 30
0.0
 11
3896.359904707238
 21
-17137.53510216838
 31
0.0
1001
REVIT
1002
{
1070
     1
1000
22906879
1002
}
1002
{
1070
     2
1000
-2000051
1002
}
1002
{
1070
     3
1000
-2000042
1002
}
  0
LINE
  5
58F
330
70
100
AcDbEntity
  8
A-ALV-___-___-EXI
100
AcDbLine
 10
3896.359904707238
 20
-17137.53510216838
 30
0.0
 11
3806.9426372484
 21
-17137.52173997821
 31
0.0
1001
REVIT
1002
{
1070
     1
1000
22906879
1002
}
1002
{
1070
     2
1000
-2000051
1002
}
1002
{
1070
     3
1000
-2000042
1002
}
  0
LINE
  5
590
330
70
100
AcDbEntity
  8
A-ALV-___-___-EXI
100
AcDbLine
 10
3806.9426372484
 20
-17137.52173997821
 30
0.0
 11
3807.42452527978
 21
-15137.0293577326
 31
0.0
1001
REVIT
1002
{
1070
     1
1000
22906879
1002
}
1002
{
1070
     2
1000
-2000051
1002
}
1002
{
1070
     3
1000
-2000042
1002
}
  0
LINE
  5
591
330
70
100
AcDbEntity
  8
A-ALV-___-___-EXI
100
AcDbLine
 10
3807.42452527978
 20
-15137.0293577326
 30
0.0
 11
3896.841752549402
 21
-15137.20955995545
 31
0.0
1001
REVIT
1002
{
1070
     1
1000
22906879
1002
}
1002
{
1070
     2
1000
-2000051
1002
}
1002
{
1070
     3
1000
-2000042
1002
}
  0
LINE
  5
592
330
70
100
AcDbEntity
  8
A-ALV-___-___-EXI
100
AcDbLine
 10
3896.841752549402
 20
-15137.20955995545
 30
0.0
 11
3897.896776395942
 21
-14782.07280263896
 31
0.0
1001
REVIT
1002
{
1070
     1
1000
22906879
1002
}
1002
{
1070
     2
1000
-2000051
1002
}
1002
{
1070
     3
1000
-2000042
1002
}
  0
LINE
  5
593
330
70
100
AcDbEntity
  8
A-ALV-___-___-EXI
100
AcDbLine
 10
3897.896776395942
 20
-14782.07280263896
 30
0.0
 11
8744.451341481665
 21
-14796.92245133557
 31
0.0
1001
REVIT
1002
{
1070
     1
1000
22906879
1002
}
1002
{
1070
     2
1000
-2000051
1002
}
1002
{
1070
     3
1000
-2000042
1002
}
  0
LINE
  5
594
330
70
100
AcDbEntity
  8
A-ALV-___-___-EXI
100
AcDbLine
 10
8744.451341481665
 20
-14796.92245133557
 30
0.0
 11
9363.317638375772
 21
-26851.65912559912
 31
0.0
1001
REVIT
1002
{
1070
     1
1000
22906879
1002
}
1002
{
1070
     2
1000
-2000051
1002
}
1002
{
1070
     3
1000
-2000042
1002
}
  0
LINE
  5
595
330
70
100
AcDbEntity
  8
A-ALV-___-___-EXI
100
AcDbLine
 10
9363.317638375772
 20
-26851.65912559912
 30
0.0
 11
9139.37196694958
 21
-34122.80094351019
 31
0.0
1001
REVIT
1002
{
1070
     1
1000
22906879
1002
}
1002
{
1070
     2
1000
-2000051
1002
}
1002
{
1070
     3
1000
-2000042
1002
}
  0
LINE
  5
596
330
70
100
AcDbEntity
  8
A-ALV-___-___-EXI
100
AcDbLine
 10
9139.37196694958
 20
-34122.80094351019
 30
0.0
 11
9024.355787220947
 21
-34122.6706885822
 31
0.0
1001
REVIT
1002
{
1070
     1
1000
22906879
1002
}
1002
{
1070
     2
1000
-2000051
1002
}
1002
{
1070
     3
1000
-2000042
1002
}
  0
LINE
  5
597
330
70
100
AcDbEntity
  8
A-ALV-___-___-EXI
100
AcDbLine
 10
9024.355787220947
 20
-34122.6706885822
 30
0.0
 11
9022.998398222085
 21
-34322.26459713966
 31
0.0
1001
REVIT
1002
{
1070
     1
1000
22906879
1002
}
1002
{
1070
     2
1000
-2000051
1002
}
1002
{
1070
     3
1000
-2000042
1002
}
  0
LINE
  5
598
330
70
100
AcDbEntity
  8
A-ALV-___-___-EXI
100
AcDbLine
 10
9022.998398222085
 20
-34322.26459713966
 30
0.0
 11
9332.800794348903
 21
-34322.77237936369
 31
0.0
1001
REVIT
1002
{
1070
     1
1000
22906879
1002
}
1002
{
1070
     2
1000
-2000051
1002
}
1002
{
1070
     3
1000
-2000042
1002
}
  0
LINE
  5
599
330
70
100
AcDbEntity
  8
A-ALV-___-___-EXI
100
AcDbLine
 10
9332.800794348903
 20
-34322.77237936369
 30
0.0
 11
9562.675429524006
 21
-26849.86244044573
 31
0.0
1001
REVIT
1002
{
1070
     1
1000
22906879
1002
}
1002
{
1070
     2
1000
-2000051
1002
}
1002
{
1070
     3
1000
-2000042
1002
}
  0
LINE
  5
59A
330
70
100
AcDbEntity
  8
A-ALV-___-___-EXI
100
AcDbLine
 10
9562.675429524006
 20
-26849.86244044573
 30
0.0
 11
8932.295170687478
 21
-14579.22708468262
 31
0.0
1001
REVIT
1002
{
1070
     1
1000
22906879
1002
}
1002
{
1070
     2
1000
-2000051
1002
}
1002
{
1070
     3
1000
-2000042
1002
}
  0
LINE
  5
59B
330
70
100
AcDbEntity
  8
A-ALV-___-___-EXI
100
AcDbLine
 10
8932.295170687478
 20
-14579.22708468262
 30
0.0
 11
1969.965809096954
 21
-14575.06224986214
 31
0.0
1001
REVIT
1002
{
1070
     1
1000
22906879
1002
}
1002
{
1070
     2
1000
-2000051
1002
}
1002
{
1070
     3
1000
-2000042
1002
}
  0
LINE
  5
59C
330
70
100
AcDbEntity
  8
A-ALV-___-___-EXI
100
AcDbLine
 10
1969.965809096954
 20
-14575.06224986214
 30
0.0
 11
1970.349583144972
 21
-14776.16687539075
 31
0.0
1001
REVIT
1002
{
1070
     1
1000
22906879
1002
}
1002
{
1070
     2
1000
-2000051
1002
}
1002
{
1070
     3
1000
-2000042
1002
}
  0
LINE
  5
59D
330
70
100
AcDbEntity
  8
A-ALV-___-___-EXI
100
AcDbLine
 10
1970.349583144972
 20
-14776.16687539075
 30
0.0
 11
3656.811728188716
 21
-14781.33412772593
 31
0.0
1001
REVIT
1002
{
1070
     1
1000
22906879
1002
}
1002
{
1070
     2
1000
-2000051
1002
}
1002
{
1070
     3
1000
-2000042
1002
}
  0
LINE
  5
59E
330
70
100
AcDbEntity
  8
A-ALV-___-___-EXI
100
AcDbLine
 10
282.2991809831068
 20
-34317.78166733331
 30
0.0
 11
282.2991809831068
 21
-34117.33123128164
 31
0.0
1001
REVIT
1002
{
1070
     1
1000
22906879
1002
}
1002
{
1070
     2
1000
-2000051
1002
}
1002
{
1070
     3
1000
-2000042
1002
}
  0
LINE
  5
59F
330
70
100
AcDbEntity
  8
A-ALV-___-___-EXI
100
AcDbLine
 10
282.2991809831068
 20
-34117.33123128164
 30
0.0
 11
-316.6650799766415
 21
-34117.33123128164
 31
0.0
1001
REVIT
1002
{
1070
     1
1000
22906879
1002
}
1002
{
1070
     2
1000
-2000051
1002
}
1002
{
1070
     3
1000
-2000042
1002
}
  0
LINE
  5
5A0
330
70
100
AcDbEntity
  8
A-ALV-___-___-EXI
100
AcDbLine
 10
-316.6650799766415
 20
-34117.33123128164
 30
0.0
 11
-316.6650799766415
 21
-34317.78166733331
 31
0.0
1001
REVIT
1002
{
1070
     1
1000
22906879
1002
}
1002
{
1070
     2
1000
-2000051
1002
}
1002
{
1070
     3
1000
-2000042
1002
}
  0
LINE
  5
5A1
330
70
100
AcDbEntity
  8
A-ALV-___-___-EXI
100
AcDbLine
 10
-316.6650799766415
 20
-34317.78166733331
 30
0.0
 11
282.2991809831068
 21
-34317.78166733331
 31
0.0
1001
REVIT
1002
{
1070
     1
1000
22906879
1002
}
1002
{
1070
     2
1000
-2000051
1002
}
1002
{
1070
     3
1000
-2000042
1002
}
  0
LINE
  5
5A2
330
70
100
AcDbEntity
  8
A-ALV-___-___-EXI
100
AcDbLine
 10
-1617.698603687171
 20
-34116.79265572613
 30
0.0
 11
-2222.848220806218
 21
-34116.79265572613
 31
0.0
1001
REVIT
1002
{
1070
     1
1000
22906879
1002
}
1002
{
1070
     2
1000
-2000051
1002
}
1002
{
1070
     3
1000
-2000042
1002
}
  0
LINE
  5
5A3
330
70
100
AcDbEntity
  8
A-ALV-___-___-EXI
100
AcDbLine
 10
-2222.848220806218
 20
-34116.79265572613
 30
0.0
 11
-2220.109346077943
 21
-29965.63600044464
 31
0.0
1001
REVIT
1002
{
1070
     1
1000
22906879
1002
}
1002
{
1070
     2
1000
-2000051
1002
}
1002
{
1070
     3
1000
-2000042
1002
}
  0
LINE
  5
5A4
330
70
100
AcDbEntity
  8
A-ALV-___-___-EXI
100
AcDbLine
 10
-2220.109346077943
 20
-29965.63600044464
 30
0.0
 11
-699.7735170162568
 21
-29965.63600044464
 31
0.0
1001
REVIT
1002
{
1070
     1
1000
22906879
1002
}
1002
{
1070
     2
1000
-2000051
1002
}
1002
{
1070
     3
1000
-2000042
1002
}
  0
LINE
  5
5A5
330
70
100
AcDbEntity
  8
A-ALV-___-___-EXI
100
AcDbLine
 10
-699.7735170162568
 20
-29965.63600044464
 30
0.0
 11
-699.7735170162565
 21
-29756.35421962547
 31
0.0
1001
REVIT
1002
{
1070
     1
1000
22906879
1002
}
1002
{
1070
     2
1000
-2000051
1002
}
1002
{
1070
     3
1000
-2000042
1002
}
  0
LINE
  5
5A6
330
70
100
AcDbEntity
  8
A-ALV-___-___-EXI
100
AcDbLine
 10
-699.7735170162565
 20
-29756.35421962547
 30
0.0
 11
-2219.979935844516
 21
-29769.49626969971
 31
0.0
1001
REVIT
1002
{
1070
     1
1000
22906879
1002
}
1002
{
1070
     2
1000
-2000051
1002
}
1002
{
1070
     3
1000
-2000042
1002
}
  0
LINE
  5
5A7
330
70
100
AcDbEntity
  8
A-ALV-___-___-EXI
100
AcDbLine
 10
-2219.979935844516
 20
-29769.49626969971
 30
0.0
 11
-2219.979935844512
 21
-26989.49626969971
 31
0.0
1001
REVIT
1002
{
1070
     1
1000
22906879
1002
}
1002
{
1070
     2
1000
-2000051
1002
}
1002
{
1070
     3
1000
-2000042
1002
}
  0
LINE
  5
5A8
330
70
100
AcDbEntity
  8
A-ALV-___-___-EXI
100
AcDbLine
 10
-2219.979935844512
 20
-26989.49626969971
 30
0.0
 11
-944.1161598687143
 21
-26962.81342378366
 31
0.0
1001
REVIT
1002
{
1070
     1
1000
22906879
1002
}
1002
{
1070
     2
1000
-2000051
1002
}
1002
{
1070
     3
1000
-2000042
1002
}
  0
LINE
  5
5A9
330
70
100
AcDbEntity
  8
A-ALV-___-___-EXI
100
AcDbLine
 10
-944.1161598687143
 20
-26962.81342378366
 30
0.0
 11
-942.7550245681379
 21
-26763.12178947814
 31
0.0
1001
REVIT
1002
{
1070
     1
1000
22906879
1002
}
1002
{
1070
     2
1000
-2000051
1002
}
1002
{
1070
     3
1000
-2000042
1002
}
  0
LINE
  5
5AA
330
70
100
AcDbEntity
  8
A-ALV-___-___-EXI
100
AcDbLine
 10
-942.7550245681379
 20
-26763.12178947814
 30
0.0
 11
-2219.698325466291
 21
-26795.16506910761
 31
0.0
1001
REVIT
1002
{
1070
     1
1000
22906879
1002
}
1002
{
1070
     2
1000
-2000051
1002
}
1002
{
1070
     3
1000
-2000042
1002
}
  0
LINE
  5
5AB
330
70
100
AcDbEntity
  8
A-ALV-___-___-EXI
100
AcDbLine
 10
-2219.698325466291
 20
-26795.16506910761
 30
0.0
 11
-2217.534063400034
 21
-23124.84023732372
 31
0.0
1001
REVIT
1002
{
1070
     1
1000
22906879
1002
}
1002
{
1070
     2
1000
-2000051
1002
}
1002
{
1070
     3
1000
-2000042
1002
}
  0
LINE
  5
5AC
330
70
100
AcDbEntity
  8
A-ALV-___-___-EXI
100
AcDbLine
 10
-2217.534063400034
 20
-23124.84023732372
 30
0.0
 11
-930.7960761765402
 21
-23125.29165497942
 31
0.0
1001
REVIT
1002
{
1070
     1
1000
22906879
1002
}
1002
{
1070
     2
1000
-2000051
1002
}
1002
{
1070
     3
1000
-2000042
1002
}
  0
LINE
  5
5AD
330
70
100
AcDbEntity
  8
A-ALV-___-___-EXI
100
AcDbLine
 10
-930.7960761765402
 20
-23125.29165497942
 30
0.0
 11
-930.7259115226012
 21
-22925.29166728712
 31
0.0
1001
REVIT
1002
{
1070
     1
1000
22906879
1002
}
1002
{
1070
     2
1000
-2000051
1002
}
1002
{
1070
     3
1000
-2000042
1002
}
  0
LINE
  5
5AE
330
70
100
AcDbEntity
  8
A-ALV-___-___-EXI
100
AcDbLine
 10
-930.7259115226012
 20
-22925.29166728712
 30
0.0
 11
-2217.924005242675
 21
-22923.73626005645
 31
0.0
1001
REVIT
1002
{
1070
     1
1000
22906879
1002
}
1002
{
1070
     2
1000
-2000051
1002
}
1002
{
1070
     3
1000
-2000042
1002
}
  0
LINE
  5
5AF
330
70
100
AcDbEntity
  8
A-ALV-___-___-EXI
100
AcDbLine
 10
-2217.924005242675
 20
-22923.73626005645
 30
0.0
 11
-2214.055651448402
 21
-14773.76594935713
 31
0.0
1001
REVIT
1002
{
1070
     1
1000
22906879
1002
}
1002
{
1070
     2
1000
-2000051
1002
}
1002
{
1070
     3
1000
-2000042
1002
}
  0
LINE
  5
5B0
330
70
100
AcDbEntity
  8
A-ALV-___-___-EXI
100
AcDbLine
 10
-2214.055651448402
 20
-14773.76594935713
 30
0.0
 11
-1514.055730299599
 21
-14774.09820177619
 31
0.0
1001
REVIT
1002
{
1070
     1
1000
22906879
1002
}
1002
{
1070
     2
1000
-2000051
1002
}
1002
{
1070
     3
1000
-2000042
1002
}
  0
LINE
  5
5B1
330
70
100
AcDbEntity
  8
A-ALV-___-___-EXI
100
AcDbLine
 10
-1514.055730299599
 20
-14774.09820177619
 30
0.0
 11
-1513.960801037012
 21
-14574.0982243051
 31
0.0
1001
REVIT
1002
{
1070
     1
1000
22906879
1002
}
1002
{
1070
     2
1000
-2000051
1002
}
1002
{
1070
     3
1000
-2000042
1002
}
  0
LINE
  5
5B2
330
70
100
AcDbEntity
  8
A-ALV-___-___-EXI
100
AcDbLine
 10
-1513.960801037012
 20
-14574.0982243051
 30
0.0
 11
-2413.960801037012
 21
-14574.0982243051
 31
0.0
1001
REVIT
1002
{
1070
     1
1000
22906879
1002
}
1002
{
1070
     2
1000
-2000051
1002
}
1002
{
1070
     3
1000
-2000042
1002
}
  0
LINE
  5
5B3
330
70
100
AcDbEntity
  8
A-ALV-___-___-EXI
100
AcDbLine
 10
-2413.960801037012
 20
-14574.0982243051
 30
0.0
 11
-2422.15705911044
 21
-34316.27791540568
 31
0.0
1001
REVIT
1002
{
1070
     1
1000
22906879
1002
}
1002
{
1070
     2
1000
-2000051
1002
}
1002
{
1070
     3
1000
-2000042
1002
}
  0
LINE
  5
5B4
330
70
100
AcDbEntity
  8
A-ALV-___-___-EXI
100
AcDbLine
 10
-2422.15705911044
 20
-34316.27791540568
 30
0.0
 11
-1617.698603687171
 21
-34316.27791540568
 31
0.0
1001
REVIT
1002
{
1070
     1
1000
22906879
1002
}
1002
{
1070
     2
1000
-2000051
1002
}
1002
{
1070
     3
1000
-2000042
1002
}
  0
LINE
  5
5B5
330
70
100
AcDbEntity
  8
A-ALV-___-___-EXI
100
AcDbLine
 10
-1617.698603687171
 20
-34316.27791540568
 30
0.0
 11
-1617.698603687171
 21
-34116.79265572613
 31
0.0
1001
REVIT
1002
{
1070
     1
1000
22906879
1002
}
1002
{
1070
     2
1000
-2000051
1002
}
1002
{
1070
     3
1000
-2000042
1002
}
  0
LINE
  5
5B6
330
70
100
AcDbEntity
  8
A-POR-___-___-EXI
100
AcDbLine
 10
2222.1183896318
 20
-22897.67224926748
 30
0.0
 11
2322.582137071733
 21
-22896.69141543547
 31
0.0
1001
REVIT
1002
{
1070
     1
1000
22910531
1002
}
1002
{
1070
     2
1000
-2000051
1002
}
1002
{
1070
     3
1000
22907988
1002
}
  0
LINE
  5
5B7
330
70
100
AcDbEntity
  8
A-POR-___-___-EXI
100
AcDbLine
 10
2322.582137071733
 20
-22896.69141543547
 30
0.0
 11
3222.66390757999
 21
-22878.71566138641
 31
0.0
1001
REVIT
1002
{
1070
     1
1000
22910531
1002
}
1002
{
1070
     2
1000
-2000051
1002
}
1002
{
1070
     3
1000
22907988
1002
}
  0
LINE
  5
5B8
330
70
100
AcDbEntity
  8
A-POR-___-___-EXI
100
AcDbLine
 10
3222.66390757999
 20
-22878.71566138641
 30
0.0
 11
3322.96170109486
 21
-22876.15588142903
 31
0.0
1001
REVIT
1002
{
1070
     1
1000
22910531
1002
}
1002
{
1070
     2
1000
-2000051
1002
}
1002
{
1070
     3
1000
22907988
1002
}
  0
LINE
  5
5B9
330
70
100
AcDbEntity
  8
A-JAN-___-___-EXI
100
AcDbLine
 10
3322.96170109486
 20
-22876.15588142903
 30
0.0
 11
4789.689726318345
 21
-22847.65400852987
 31
0.0
1001
REVIT
1002
{
1070
     1
1000
22910531
1002
}
1002
{
1070
     2
1000
-2000051
1002
}
1002
{
1070
     3
1000
22907988
1002
}
  0
LINE
  5
5BA
330
70
100
AcDbEntity
  8
A-POR-___-___-EXI
100
AcDbLine
 10
3844.56924629189
 20
-27747.78789495415
 30
0.0
 11
3845.874511911282
 21
-26848.88393222352
 31
0.0
1001
REVIT
1002
{
1070
     1
1000
22910530
1002
}
1002
{
1070
     2
1000
-2000051
1002
}
1002
{
1070
     3
1000
22907988
1002
}
  0
LINE
  5
5BB
330
70
100
AcDbEntity
  8
A-POR-___-___-EXI
100
AcDbLine
 10
3845.874511911282
 20
-26848.88393222352
 30
0.0
 11
3845.490737863235
 21
-26647.77930669492
 31
0.0
1001
REVIT
1002
{
1070
     1
1000
22910530
1002
}
1002
{
1070
     2
1000
-2000051
1002
}
1002
{
1070
     3
1000
22907988
1002
}
  0
LINE
  5
5BC
330
70
100
AcDbEntity
  8
A-POR-___-___-EXI
100
AcDbLine
 10
3845.490737863235
 20
-26647.77930669492
 30
0.0
 11
4761.940508222645
 21
-26648.83625815508
 31
0.0
1001
REVIT
1002
{
1070
     1
1000
22910530
1002
}
1002
{
1070
     2
1000
-2000051
1002
}
1002
{
1070
     3
1000
22907988
1002
}
  0
LINE
  5
5BD
330
70
100
AcDbEntity
  8
A-ALV-___-___-EXI
100
AcDbLine
 10
7313.263145968804
 20
-26182.02944212067
 30
0.0
 11
7313.389851381083
 21
-25665.48603969912
 31
0.0
1001
REVIT
1002
{
1070
     1
1000
22910376
1002
}
1002
{
1070
     2
1000
-2000051
1002
}
1002
{
1070
     3
1000
22907988
1002
}
  0
LINE
  5
5BE
330
70
100
AcDbEntity
  8
A-ALV-___-___-EXI
100
AcDbLine
 10
7313.389851381083
 20
-25665.48603969912
 30
0.0
 11
7314.797673779202
 21
-25665.484501088
 31
0.0
1001
REVIT
1002
{
1070
     1
1000
22910376
1002
}
1002
{
1070
     2
1000
-2000051
1002
}
1002
{
1070
     3
1000
22907988
1002
}
  0
LINE
  5
5BF
330
70
100
AcDbEntity
  8
A-ALV-___-___-EXI
100
AcDbLine
 10
-1617.779619937219
 20
-34116.79446162134
 30
0.0
 11
-2222.84805026285
 21
-34116.53417284348
 31
0.0
1001
REVIT
1002
{
1070
     1
1000
22910098
1002
}
1002
{
1070
     2
1000
-2000051
1002
}
1002
{
1070
     3
1000
22907988
1002
}
  0
LINE
  5
5C0
330
70
100
AcDbEntity
  8
A-ALV-___-___-EXI
100
AcDbLine
 10
-2222.84805026285
 20
-34116.53417284348
 30
0.0
 11
-1617.779619937219
 21
-34116.79446162134
 31
0.0
1001
REVIT
1002
{
1070
     1
1000
22910098
1002
}
1002
{
1070
     2
1000
-2000051
1002
}
1002
{
1070
     3
1000
22907988
1002
}
  0
LINE
  5
5C1
330
70
100
AcDbEntity
  8
A-JAN-___-___-EXI
100
AcDbLine
 10
-1617.779619937219
 20
-34116.79446162134
 30
0.0
 11
-316.6650799766421
 21
-34117.33123128163
 31
0.0
1001
REVIT
1002
{
1070
     1
1000
22910098
1002
}
1002
{
1070
     2
1000
-2000051
1002
}
1002
{
1070
     3
1000
22907988
1002
}
  0
LINE
  5
5C2
330
70
100
AcDbEntity
  8
A-ALV-___-___-EXI
100
AcDbLine
 10
-316.6650799766421
 20
-34117.33123128163
 30
0.0
 11
-318.0262152772179
 21
-34317.02286558715
 31
0.0
1001
REVIT
1002
{
1070
     1
1000
22910098
1002
}
1002
{
1070
     2
1000
-2000051
1002
}
1002
{
1070
     3
1000
22907988
1002
}
  0
LINE
  5
5C3
330
70
100
AcDbEntity
  8
A-ALV-___-___-EXI
100
AcDbLine
 10
-318.0262152772179
 20
-34317.02286558715
 30
0.0
 11
-316.6650799766413
 21
-34316.99916630457
 31
0.0
1001
REVIT
1002
{
1070
     1
1000
22910098
1002
}
1002
{
1070
     2
1000
-2000051
1002
}
1002
{
1070
     3
1000
22907988
1002
}
  0
LINE
  5
5C4
330
70
100
AcDbEntity
  8
A-ALV-___-___-EXI
100
AcDbLine
 10
-316.6650799766413
 20
-34316.99916630457
 30
0.0
 11
-318.0262152772082
 21
-34317.02286558715
 31
0.0
1001
REVIT
1002
{
1070
     1
1000
22910098
1002
}
1002
{
1070
     2
1000
-2000051
1002
}
1002
{
1070
     3
1000
22907988
1002
}
  0
LINE
  5
5C5
330
70
100
AcDbEntity
  8
A-ALV-___-___-EXI
100
AcDbLine
 10
-318.0262152772082
 20
-34317.02286558715
 30
0.0
 11
-316.6650799766413
 21
-34316.8798045023
 31
0.0
1001
REVIT
1002
{
1070
     1
1000
22910098
1002
}
1002
{
1070
     2
1000
-2000051
1002
}
1002
{
1070
     3
1000
22907988
1002
}
  0
LINE
  5
5C6
330
70
100
AcDbEntity
  8
A-ALV-___-___-EXI
100
AcDbLine
 10
-316.6650799766413
 20
-34316.8798045023
 30
0.0
 11
-318.0262152772179
 21
-34317.02286558715
 31
0.0
1001
REVIT
1002
{
1070
     1
1000
22910098
1002
}
1002
{
1070
     2
1000
-2000051
1002
}
1002
{
1070
     3
1000
22907988
1002
}
  0
LINE
  5
5C7
330
70
100
AcDbEntity
  8
A-ALV-___-___-EXI
100
AcDbLine
 10
-2413.966254466997
 20
-14572.87938698751
 30
0.0
 11
-1513.478160076511
 21
-14574.01758960672
 31
0.0
1001
REVIT
1002
{
1070
     1
1000
22910097
1002
}
1002
{
1070
     2
1000
-2000051
1002
}
1002
{
1070
     3
1000
22907988
1002
}
  0
LINE
  5
5C8
330
70
100
AcDbEntity
  8
A-ALV-___-___-EXI
100
AcDbLine
 10
-1513.478160076511
 20
-14574.01758960672
 30
0.0
 11
-1513.266507748149
 21
-14773.54391727127
 31
0.0
1001
REVIT
1002
{
1070
     1
1000
22910097
1002
}
1002
{
1070
     2
1000
-2000051
1002
}
1002
{
1070
     3
1000
22907988
1002
}
  0
LINE
  5
5C9
330
70
100
AcDbEntity
  8
A-JAN-___-___-EXI
100
AcDbLine
 10
-1513.266507748149
 20
-14773.54391727127
 30
0.0
 11
-113.0827184623007
 21
-14774.84280934324
 31
0.0
1001
REVIT
1002
{
1070
     1
1000
22910097
1002
}
1002
{
1070
     2
1000
-2000051
1002
}
1002
{
1070
     3
1000
22907988
1002
}
  0
LINE
  5
5CA
330
70
100
AcDbEntity
  8
A-ALV-___-___-EXI
100
AcDbLine
 10
781.9642345049749
 20
-22926.11662930276
 30
0.0
 11
782.4997877169367
 21
-22126.26965892353
 31
0.0
1001
REVIT
1002
{
1070
     1
1000
22910096
1002
}
1002
{
1070
     2
1000
-2000051
1002
}
1002
{
1070
     3
1000
22907988
1002
}
  0
LINE
  5
5CB
330
70
100
AcDbEntity
  8
A-JAN-___-___-EXI
100
AcDbLine
 10
782.4997877169367
 20
-22126.26965892353
 30
0.0
 11
783.8010498530937
 21
-20726.10010104563
 31
0.0
1001
REVIT
1002
{
1070
     1
1000
22910096
1002
}
1002
{
1070
     2
1000
-2000051
1002
}
1002
{
1070
     3
1000
22907988
1002
}
  0
LINE
  5
5CC
330
70
100
AcDbEntity
  8
A-ALV-___-___-EXI
100
AcDbLine
 10
783.8010498530937
 20
-20726.10010104563
 30
0.0
 11
584.2742208825172
 21
-20726.31816420462
 31
0.0
1001
REVIT
1002
{
1070
     1
1000
22910096
1002
}
1002
{
1070
     2
1000
-2000051
1002
}
1002
{
1070
     3
1000
22907988
1002
}
  0
LINE
  5
5CD
330
70
100
AcDbEntity
  8
A-JAN-___-___-EXI
100
AcDbLine
 10
584.2742208825172
 20
-20726.31816420462
 30
0.0
 11
582.9793276401526
 21
-22126.26965892353
 31
0.0
1001
REVIT
1002
{
1070
     1
1000
22910096
1002
}
1002
{
1070
     2
1000
-2000051
1002
}
1002
{
1070
     3
1000
22907988
1002
}
  0
LINE
  5
5CE
330
70
100
AcDbEntity
  8
A-ALV-___-___-EXI
100
AcDbLine
 10
6424.121465212633
 20
-23050.46208821808
 30
0.0
 11
6424.275907932363
 21
-23099.35229690426
 31
0.0
1001
REVIT
1002
{
1070
     1
1000
22910093
1002
}
1002
{
1070
     2
1000
-2000051
1002
}
1002
{
1070
     3
1000
22907988
1002
}
  0
LINE
  5
5CF
330
70
100
AcDbEntity
  8
A-JAN-___-___-EXI
100
AcDbLine
 10
6424.275907932363
 20
-23099.35229690426
 30
0.0
 11
5884.614633467498
 21
-23098.60299337179
 31
0.0
1001
REVIT
1002
{
1070
     1
1000
22910093
1002
}
1002
{
1070
     2
1000
-2000051
1002
}
1002
{
1070
     3
1000
22907988
1002
}
  0
LINE
  5
5D0
330
70
100
AcDbEntity
  8
A-ALV-___-___-EXI
100
AcDbLine
 10
5884.614633467498
 20
-23098.60299337179
 30
0.0
 11
5883.823154014101
 21
-22848.05317324932
 31
0.0
1001
REVIT
1002
{
1070
     1
1000
22910093
1002
}
1002
{
1070
     2
1000
-2000051
1002
}
1002
{
1070
     3
1000
22907988
1002
}
  0
LINE
  5
5D1
330
70
100
AcDbEntity
  8
A-JAN-___-___-EXI
100
AcDbLine
 10
5883.823154014101
 20
-22848.05317324932
 30
0.0
 11
6423.480472875737
 21
-22848.80247128954
 31
0.0
1001
REVIT
1002
{
1070
     1
1000
22910093
1002
}
1002
{
1070
     2
1000
-2000051
1002
}
1002
{
1070
     3
1000
22907988
1002
}
  0
LINE
  5
5D2
330
70
100
AcDbEntity
  8
A-ALV-___-___-EXI
100
AcDbLine
 10
2049.161258983247
 20
-26689.71339296728
 30
0.0
 11
2049.047171256163
 21
-26886.08118011973
 31
0.0
1001
REVIT
1002
{
1070
     1
1000
22910078
1002
}
1002
{
1070
     2
1000
-2000051
1002
}
1002
{
1070
     3
1000
22907988
1002
}
  0
LINE
  5
5D3
330
70
100
AcDbEntity
  8
A-POR-___-___-EXI
100
AcDbLine
 10
2049.047171256163
 20
-26886.08118011973
 30
0.0
 11
1948.743209946645
 21
-26888.64160833845
 31
0.0
1001
REVIT
1002
{
1070
     1
1000
22910078
1002
}
1002
{
1070
     2
1000
-2000051
1002
}
1002
{
1070
     3
1000
22907988
1002
}
  0
LINE
  5
5D4
330
70
100
AcDbEntity
  8
A-POR-___-___-EXI
100
AcDbLine
 10
1948.743209946645
 20
-26888.64160833845
 30
0.0
 11
1948.20148894006
 21
-27688.489226979
 31
0.0
1001
REVIT
1002
{
1070
     1
1000
22910078
1002
}
1002
{
1070
     2
1000
-2000051
1002
}
1002
{
1070
     3
1000
22907988
1002
}
  0
LINE
  5
5D5
330
70
100
AcDbEntity
  8
A-POR-___-___-EXI
100
AcDbLine
 10
4890.855608365397
 20
-26577.69951847744
 30
0.0
 11
4875.057208434708
 21
-26023.93399694819
 31
0.0
1001
REVIT
1002
{
1070
     1
1000
22910077
1002
}
1002
{
1070
     2
1000
-2000051
1002
}
1002
{
1070
     3
1000
22907988
1002
}
  0
LINE
  5
5D6
330
70
100
AcDbEntity
  8
A-POR-___-___-EXI
100
AcDbLine
 10
4875.057208434708
 20
-26023.93399694819
 30
0.0
 11
5076.156825034223
 21
-26023.55062714823
 31
0.0
1001
REVIT
1002
{
1070
     1
1000
22910077
1002
}
1002
{
1070
     2
1000
-2000051
1002
}
1002
{
1070
     3
1000
22907988
1002
}
  0
LINE
  5
5D7
330
70
100
AcDbEntity
  8
A-POR-___-___-EXI
100
AcDbLine
 10
5076.156825034223
 20
-26023.55062714823
 30
0.0
 11
5876.009050265125
 21
-26024.0913657354
 31
0.0
1001
REVIT
1002
{
1070
     1
1000
22910077
1002
}
1002
{
1070
     2
1000
-2000051
1002
}
1002
{
1070
     3
1000
22907988
1002
}
  0
LINE
  5
5D8
330
70
100
AcDbEntity
  8
A-POR-___-___-EXI
100
AcDbLine
 10
6144.975353078657
 20
-29949.42860486812
 30
0.0
 11
6015.58195982067
 21
-29949.30869148161
 31
0.0
1001
REVIT
1002
{
1070
     1
1000
22910076
1002
}
1002
{
1070
     2
1000
-2000051
1002
}
1002
{
1070
     3
1000
22907988
1002
}
  0
LINE
  5
5D9
330
70
100
AcDbEntity
  8
A-POR-___-___-EXI
100
AcDbLine
 10
6015.58195982067
 20
-29949.30869148161
 30
0.0
 11
6015.364139697686
 21
-29749.7830120784
 31
0.0
1001
REVIT
1002
{
1070
     1
1000
22910076
1002
}
1002
{
1070
     2
1000
-2000051
1002
}
1002
{
1070
     3
1000
22907988
1002
}
  0
LINE
  5
5DA
330
70
100
AcDbEntity
  8
A-POR-___-___-EXI
100
AcDbLine
 10
6015.364139697686
 20
-29749.7830120784
 30
0.0
 11
6015.688040581284
 21
-28750.40971403462
 31
0.0
1001
REVIT
1002
{
1070
     1
1000
22910076
1002
}
1002
{
1070
     2
1000
-2000051
1002
}
1002
{
1070
     3
1000
22907988
1002
}
  0
LINE
  5
5DB
330
70
100
AcDbEntity
  8
A-POR-___-___-EXI
100
AcDbLine
 10
3519.932208420114
 20
-30688.93223723723
 30
0.0
 11
3386.304229290781
 21
-30693.39877227912
 31
0.0
1001
REVIT
1002
{
1070
     1
1000
22910075
1002
}
1002
{
1070
     2
1000
-2000051
1002
}
1002
{
1070
     3
1000
22907988
1002
}
  0
LINE
  5
5DC
330
70
100
AcDbEntity
  8
A-POR-___-___-EXI
100
AcDbLine
 10
3386.304229290781
 20
-30693.39877227912
 30
0.0
 11
3387.659196796733
 21
-30493.70778623493
 31
0.0
1001
REVIT
1002
{
1070
     1
1000
22910075
1002
}
1002
{
1070
     2
1000
-2000051
1002
}
1002
{
1070
     3
1000
22907988
1002
}
  0
LINE
  5
5DD
330
70
100
AcDbEntity
  8
A-POR-___-___-EXI
100
AcDbLine
 10
3387.659196796733
 20
-30493.70778623493
 30
0.0
 11
3387.989265474957
 21
-29494.33383992982
 31
0.0
1001
REVIT
1002
{
1070
     1
1000
22910075
1002
}
1002
{
1070
     2
1000
-2000051
1002
}
1002
{
1070
     3
1000
22907988
1002
}
  0
LINE
  5
5DE
330
70
100
AcDbEntity
  8
A-ALV-___-___-EXI
100
AcDbLine
 10
4878.023852476284
 20
-26143.35133402728
 30
0.0
 11
4883.044619037602
 21
-26143.34173081977
 31
0.0
1001
REVIT
1002
{
1070
     1
1000
22910068
1002
}
1002
{
1070
     2
1000
-2000051
1002
}
1002
{
1070
     3
1000
22907988
1002
}
  0
LINE
  5
5DF
330
70
100
AcDbEntity
  8
A-ALV-___-___-EXI
100
AcDbLine
 10
4883.044619037602
 20
-26143.34173081977
 30
0.0
 11
4878.023852476284
 21
-26143.35133402728
 31
0.0
1001
REVIT
1002
{
1070
     1
1000
22910068
1002
}
1002
{
1070
     2
1000
-2000051
1002
}
1002
{
1070
     3
1000
22907988
1002
}
  0
LINE
  5
5E0
330
70
100
AcDbEntity
  8
A-ALV-___-___-EXI
100
AcDbLine
 10
4878.023852476284
 20
-26143.35133402728
 30
0.0
 11
4878.602298078168
 21
-26164.0435885596
 31
0.0
1001
REVIT
1002
{
1070
     1
1000
22910068
1002
}
1002
{
1070
     2
1000
-2000051
1002
}
1002
{
1070
     3
1000
22907988
1002
}
  0
LINE
  5
5E1
330
70
100
AcDbEntity
  8
A-ALV-___-___-EXI
100
AcDbLine
 10
4878.602298078168
 20
-26164.0435885596
 30
0.0
 11
4890.960298912087
 21
-26583.5212079384
 31
0.0
1001
REVIT
1002
{
1070
     1
1000
22910068
1002
}
1002
{
1070
     2
1000
-2000051
1002
}
1002
{
1070
     3
1000
22907988
1002
}
  0
LINE
  5
5E2
330
70
100
AcDbEntity
  8
A-ALV-___-___-EXI
100
AcDbLine
 10
4874.671349571901
 20
-29749.94551152517
 30
0.0
 11
4885.017155438894
 21
-29748.85812351131
 31
0.0
1001
REVIT
1002
{
1070
     1
1000
22910067
1002
}
1002
{
1070
     2
1000
-2000051
1002
}
1002
{
1070
     3
1000
22907988
1002
}
  0
LINE
  5
5E3
330
70
100
AcDbEntity
  8
A-ALV-___-___-EXI
100
AcDbLine
 10
4885.017155438894
 20
-29748.85812351131
 30
0.0
 11
4885.020832176323
 21
-29750.04065168011
 31
0.0
1001
REVIT
1002
{
1070
     1
1000
22910067
1002
}
1002
{
1070
     2
1000
-2000051
1002
}
1002
{
1070
     3
1000
22907988
1002
}
  0
LINE
  5
5E4
330
70
100
AcDbEntity
  8
A-ALV-___-___-EXI
100
AcDbLine
 10
4885.020832176323
 20
-29750.04065168011
 30
0.0
 11
4885.01715543889
 21
-29748.85812351131
 31
0.0
1001
REVIT
1002
{
1070
     1
1000
22910067
1002
}
1002
{
1070
     2
1000
-2000051
1002
}
1002
{
1070
     3
1000
22907988
1002
}
  0
LINE
  5
5E5
330
70
100
AcDbEntity
  8
A-ALV-___-___-EXI
100
AcDbLine
 10
4885.01715543889
 20
-29748.85812351131
 30
0.0
 11
4874.671349571901
 21
-29749.94551152517
 31
0.0
1001
REVIT
1002
{
1070
     1
1000
22910067
1002
}
1002
{
1070
     2
1000
-2000051
1002
}
1002
{
1070
     3
1000
22907988
1002
}
  0
LINE
  5
5E6
330
70
100
AcDbEntity
  8
A-ALV-___-___-EXI
100
AcDbLine
 10
4874.671349571901
 20
-29749.94551152517
 30
0.0
 11
4885.017155438894
 21
-29748.85812351131
 31
0.0
1001
REVIT
1002
{
1070
     1
1000
22910067
1002
}
1002
{
1070
     2
1000
-2000051
1002
}
1002
{
1070
     3
1000
22907988
1002
}
  0
LINE
  5
5E7
330
70
100
AcDbEntity
  8
A-ALV-___-___-EXI
100
AcDbLine
 10
4885.017155438894
 20
-29748.85812351131
 30
0.0
 11
4885.019448827991
 21
-29750.04088878168
 31
0.0
1001
REVIT
1002
{
1070
     1
1000
22910067
1002
}
1002
{
1070
     2
1000
-2000051
1002
}
1002
{
1070
     3
1000
22907988
1002
}
  0
LINE
  5
5E8
330
70
100
AcDbEntity
  8
A-ALV-___-___-EXI
100
AcDbLine
 10
783.8010498530937
 20
-20726.10010104563
 30
0.0
 11
785.1023119892505
 21
-19325.93054316774
 31
0.0
1001
REVIT
1002
{
1070
     1
1000
22910019
1002
}
1002
{
1070
     2
1000
-2000051
1002
}
1002
{
1070
     3
1000
22907988
1002
}
  0
LINE
  5
5E9
330
70
100
AcDbEntity
  8
A-POR-___-___-EXI
100
AcDbLine
 10
785.1023119892505
 20
-19325.93054316774
 30
0.0
 11
785.502571478052
 21
-18473.4744460317
 31
0.0
1001
REVIT
1002
{
1070
     1
1000
22910019
1002
}
1002
{
1070
     2
1000
-2000051
1002
}
1002
{
1070
     3
1000
22907988
1002
}
  0
LINE
  5
5EA
330
70
100
AcDbEntity
  8
A-POR-___-___-EXI
100
AcDbLine
 10
785.1023119892505
 20
-19325.93054316774
 30
0.0
 11
583.9965275951113
 21
-19326.31456122902
 31
0.0
1001
REVIT
1002
{
1070
     1
1000
22910010
1002
}
1002
{
1070
     2
1000
-2000051
1002
}
1002
{
1070
     3
1000
22907988
1002
}
  0
LINE
  5
5EB
330
70
100
AcDbEntity
  8
A-ALV-___-___-EXI
100
AcDbLine
 10
583.9965275951113
 20
-19326.31456122902
 30
0.0
 11
584.2742208825162
 21
-20726.31816420462
 31
0.0
1001
REVIT
1002
{
1070
     1
1000
22910010
1002
}
1002
{
1070
     2
1000
-2000051
1002
}
1002
{
1070
     3
1000
22907988
1002
}
  0
LINE
  5
5EC
330
70
100
AcDbEntity
  8
A-POR-___-___-EXI
100
AcDbLine
 10
584.9772332052778
 20
-18475.28195161445
 30
0.0
 11
584.9459540070739
 21
-18575.91213718234
 31
0.0
1001
REVIT
1002
{
1070
     1
1000
22910008
1002
}
1002
{
1070
     2
1000
-2000051
1002
}
1002
{
1070
     3
1000
22907988
1002
}
  0
LINE
  5
5ED
330
70
100
AcDbEntity
  8
A-POR-___-___-EXI
100
AcDbLine
 10
584.9459540070739
 20
-18575.91213718234
 30
0.0
 11
784.4789507722746
 21
-18575.69342576203
 31
0.0
1001
REVIT
1002
{
1070
     1
1000
22910008
1002
}
1002
{
1070
     2
1000
-2000051
1002
}
1002
{
1070
     3
1000
22907988
1002
}
  0
LINE
  5
5EE
330
70
100
AcDbEntity
  8
A-JAN-___-___-EXI
100
AcDbLine
 10
3322.961701094882
 20
-22876.15588142903
 30
0.0
 11
3323.013567292834
 21
-23074.10261470686
 31
0.0
1001
REVIT
1002
{
1070
     1
1000
22910000
1002
}
1002
{
1070
     2
1000
-2000051
1002
}
1002
{
1070
     3
1000
22907988
1002
}
  0
LINE
  5
5EF
330
70
100
AcDbEntity
  8
A-JAN-___-___-EXI
100
AcDbLine
 10
3323.013567292834
 20
-23074.10261470686
 30
0.0
 11
4793.831691167455
 21
-23048.8208760292
 31
0.0
1001
REVIT
1002
{
1070
     1
1000
22910000
1002
}
1002
{
1070
     2
1000
-2000051
1002
}
1002
{
1070
     3
1000
22907988
1002
}
  0
LINE
  5
5F0
330
70
100
AcDbEntity
  8
A-ALV-___-___-EXI
100
AcDbLine
 10
4793.831691167455
 20
-23048.8208760292
 30
0.0
 11
4842.029123479788
 21
-24815.43131995737
 31
0.0
1001
REVIT
1002
{
1070
     1
1000
22910000
1002
}
1002
{
1070
     2
1000
-2000051
1002
}
1002
{
1070
     3
1000
22907988
1002
}
  0
LINE
  5
5F1
330
70
100
AcDbEntity
  8
A-POR-___-___-EXI
100
AcDbLine
 10
3323.013567292834
 20
-23074.10261470686
 30
0.0
 11
3222.543652058284
 21
-23075.0840968002
 31
0.0
1001
REVIT
1002
{
1070
     1
1000
22909997
1002
}
1002
{
1070
     2
1000
-2000051
1002
}
1002
{
1070
     3
1000
22907988
1002
}
  0
LINE
  5
5F2
330
70
100
AcDbEntity
  8
A-POR-___-___-EXI
100
AcDbLine
 10
3222.543652058284
 20
-23075.0840968002
 30
0.0
 11
3222.66390757999
 21
-22878.71566138641
 31
0.0
1001
REVIT
1002
{
1070
     1
1000
22909997
1002
}
1002
{
1070
     2
1000
-2000051
1002
}
1002
{
1070
     3
1000
22907988
1002
}
  0
LINE
  5
5F3
330
70
100
AcDbEntity
  8
A-POR-___-___-EXI
100
AcDbLine
 10
2322.582137071728
 20
-22896.69141543547
 30
0.0
 11
2322.302095419612
 21
-23091.48025646253
 31
0.0
1001
REVIT
1002
{
1070
     1
1000
22909995
1002
}
1002
{
1070
     2
1000
-2000051
1002
}
1002
{
1070
     3
1000
22907988
1002
}
  0
LINE
  5
5F4
330
70
100
AcDbEntity
  8
A-POR-___-___-EXI
100
AcDbLine
 10
2322.302095419612
 20
-23091.48025646253
 30
0.0
 11
2322.741739148818
 21
-23991.79721041623
 31
0.0
1001
REVIT
1002
{
1070
     1
1000
22909995
1002
}
1002
{
1070
     2
1000
-2000051
1002
}
1002
{
1070
     3
1000
22907988
1002
}
  0
LINE
  5
5F5
330
70
100
AcDbEntity
  8
A-ALV-___-___-EXI
100
AcDbLine
 10
6424.275907932363
 20
-23099.35229690426
 30
0.0
 11
7235.346775053226
 21
-23100.31029730062
 31
0.0
1001
REVIT
1002
{
1070
     1
1000
22909983
1002
}
1002
{
1070
     2
1000
-2000051
1002
}
1002
{
1070
     3
1000
22907988
1002
}
  0
LINE
  5
5F6
330
70
100
AcDbEntity
  8
A-ALV-___-___-EXI
100
AcDbLine
 10
7235.346775053226
 20
-23100.31029730062
 30
0.0
 11
7233.258819735144
 21
-24219.5981488691
 31
0.0
1001
REVIT
1002
{
1070
     1
1000
22909983
1002
}
1002
{
1070
     2
1000
-2000051
1002
}
1002
{
1070
     3
1000
22907988
1002
}
  0
LINE
  5
5F7
330
70
100
AcDbEntity
  8
A-POR-___-___-EXI
100
AcDbLine
 10
4849.891550677581
 20
-25103.61775097381
 30
0.0
 11
4853.155477866748
 21
-25223.25250295056
 31
0.0
1001
REVIT
1002
{
1070
     1
1000
22909973
1002
}
1002
{
1070
     2
1000
-2000051
1002
}
1002
{
1070
     3
1000
22907988
1002
}
  0
LINE
  5
5F8
330
70
100
AcDbEntity
  8
A-POR-___-___-EXI
100
AcDbLine
 10
4853.155477866748
 20
-25223.25250295056
 30
0.0
 11
5054.261262260885
 21
-25222.86848488927
 31
0.0
1001
REVIT
1002
{
1070
     1
1000
22909973
1002
}
1002
{
1070
     2
1000
-2000051
1002
}
1002
{
1070
     3
1000
22907988
1002
}
  0
LINE
  5
5F9
330
70
100
AcDbEntity
  8
A-POR-___-___-EXI
100
AcDbLine
 10
5054.261262260885
 20
-25222.86848488927
 30
0.0
 11
5032.039959432101
 21
-24419.02780211819
 31
0.0
1001
REVIT
1002
{
1070
     1
1000
22909973
1002
}
1002
{
1070
     2
1000
-2000051
1002
}
1002
{
1070
     3
1000
22907988
1002
}
  0
LINE
  5
5FA
330
70
100
AcDbEntity
  8
A-ALV-___-___-EXI
100
AcDbLine
 10
5032.039959432101
 20
-24419.02780211819
 30
0.0
 11
5081.479271542972
 21
-24418.62068678402
 31
0.0
1001
REVIT
1002
{
1070
     1
1000
22909973
1002
}
1002
{
1070
     2
1000
-2000051
1002
}
1002
{
1070
     3
1000
22907988
1002
}
  0
LINE
  5
5FB
330
70
100
AcDbEntity
  8
A-ALV-___-___-EXI
100
AcDbLine
 10
5081.479271542972
 20
-24418.62068678402
 30
0.0
 11
5046.541738015687
 21
-23098.88663192801
 31
0.0
1001
REVIT
1002
{
1070
     1
1000
22909973
1002
}
1002
{
1070
     2
1000
-2000051
1002
}
1002
{
1070
     3
1000
22907988
1002
}
  0
LINE
  5
5FC
330
70
100
AcDbEntity
  8
A-ALV-___-___-EXI
100
AcDbLine
 10
5046.541738015687
 20
-23098.88663192801
 30
0.0
 11
5884.614633467498
 21
-23098.60299337179
 31
0.0
1001
REVIT
1002
{
1070
     1
1000
22909973
1002
}
1002
{
1070
     2
1000
-2000051
1002
}
1002
{
1070
     3
1000
22907988
1002
}
  0
LINE
  5
5FD
330
70
100
AcDbEntity
  8
A-ALV-___-___-EXI
100
AcDbLine
 10
7310.386433830363
 20
-29951.30660666927
 30
0.0
 11
7308.232755093225
 21
-34122.09841115963
 31
0.0
1001
REVIT
1002
{
1070
     1
1000
22909960
1002
}
1002
{
1070
     2
1000
-2000051
1002
}
1002
{
1070
     3
1000
22907988
1002
}
  0
LINE
  5
5FE
330
70
100
AcDbEntity
  8
A-ALV-___-___-EXI
100
AcDbLine
 10
7308.232755093225
 20
-34122.09841115963
 30
0.0
 11
7310.386433830363
 21
-29951.30660666927
 31
0.0
1001
REVIT
1002
{
1070
     1
1000
22909960
1002
}
1002
{
1070
     2
1000
-2000051
1002
}
1002
{
1070
     3
1000
22907988
1002
}
  0
LINE
  5
5FF
330
70
100
AcDbEntity
  8
A-POR-___-___-EXI
100
AcDbLine
 10
4892.145627948341
 20
-26649.43563647318
 30
0.0
 11
4761.940508209014
 21
-26648.83625815507
 31
0.0
1001
REVIT
1002
{
1070
     1
1000
22909955
1002
}
1002
{
1070
     2
1000
-2000051
1002
}
1002
{
1070
     3
1000
22907988
1002
}
  0
LINE
  5
600
330
70
100
AcDbEntity
  8
A-POR-___-___-EXI
100
AcDbLine
 10
4761.940508209014
 20
-26648.83625815507
 30
0.0
 11
4762.152160537378
 21
-26848.36258581962
 31
0.0
1001
REVIT
1002
{
1070
     1
1000
22909955
1002
}
1002
{
1070
     2
1000
-2000051
1002
}
1002
{
1070
     3
1000
22907988
1002
}
  0
LINE
  5
601
330
70
100
AcDbEntity
  8
A-POR-___-___-EXI
100
AcDbLine
 10
4762.152160537378
 20
-26848.36258581962
 30
0.0
 11
4891.551944365029
 21
-26848.44607030467
 31
0.0
1001
REVIT
1002
{
1070
     1
1000
22909955
1002
}
1002
{
1070
     2
1000
-2000051
1002
}
1002
{
1070
     3
1000
22907988
1002
}
  0
LINE
  5
602
330
70
100
AcDbEntity
  8
A-POR-___-___-EXI
100
AcDbLine
 10
18.9195020394434
 20
-23125.37201812853
 30
0.0
 11
-81.49837104014341
 21
-23125.42462997107
 31
0.0
1001
REVIT
1002
{
1070
     1
1000
22909947
1002
}
1002
{
1070
     2
1000
-2000051
1002
}
1002
{
1070
     3
1000
22907988
1002
}
  0
LINE
  5
603
330
70
100
AcDbEntity
  8
A-POR-___-___-EXI
100
AcDbLine
 10
-81.49837104014341
 20
-23125.42462997107
 30
0.0
 11
-81.71619116312808
 21
-22925.89895056786
 31
0.0
1001
REVIT
1002
{
1070
     1
1000
22909947
1002
}
1002
{
1070
     2
1000
-2000051
1002
}
1002
{
1070
     3
1000
22907988
1002
}
  0
LINE
  5
604
330
70
100
AcDbEntity
  8
A-ALV-___-___-EXI
100
AcDbLine
 10
-81.71619116312808
 20
-22925.89895056786
 30
0.0
 11
582.2783540147175
 21
-22926.06630123169
 31
0.0
1001
REVIT
1002
{
1070
     1
1000
22909947
1002
}
1002
{
1070
     2
1000
-2000051
1002
}
1002
{
1070
     3
1000
22907988
1002
}
  0
LINE
  5
605
330
70
100
AcDbEntity
  8
A-ALV-___-___-EXI
100
AcDbLine
 10
-1626.386968177958
 20
-22924.45105367614
 30
0.0
 11
-832.1229364885319
 21
-22924.95044838518
 31
0.0
1001
REVIT
1002
{
1070
     1
1000
22909943
1002
}
1002
{
1070
     2
1000
-2000051
1002
}
1002
{
1070
     3
1000
22907988
1002
}
  0
LINE
  5
606
330
70
100
AcDbEntity
  8
A-ESC-___-___-EXI
100
AcDbLine
 10
-832.1229364885319
 20
-22924.95044838518
 30
0.0
 11
-81.71619116312834
 21
-22925.89895056786
 31
0.0
1001
REVIT
1002
{
1070
     1
1000
22909943
1002
}
1002
{
1070
     2
1000
-2000051
1002
}
1002
{
1070
     3
1000
22907988
1002
}
  0
LINE
  5
607
330
70
100
AcDbEntity
  8
A-ALV-___-___-EXI
100
AcDbLine
 10
2049.196319239033
 20
-26689.87419017484
 30
0.0
 11
1948.857297673728
 21
-26692.273821186
 31
0.0
1001
REVIT
1002
{
1070
     1
1000
22909939
1002
}
1002
{
1070
     2
1000
-2000051
1002
}
1002
{
1070
     3
1000
22907988
1002
}
  0
LINE
  5
608
330
70
100
AcDbEntity
  8
A-POR-___-___-EXI
100
AcDbLine
 10
1948.857297673728
 20
-26692.273821186
 30
0.0
 11
1948.743209946645
 21
-26888.64160833845
 31
0.0
1001
REVIT
1002
{
1070
     1
1000
22909939
1002
}
1002
{
1070
     2
1000
-2000051
1002
}
1002
{
1070
     3
1000
22907988
1002
}
  0
LINE
  5
609
330
70
100
AcDbEntity
  8
A-POR-___-___-EXI
100
AcDbLine
 10
1047.592681379174
 20
-26911.56440754299
 30
0.0
 11
1147.890474894069
 21
-26908.95907918591
 31
0.0
1001
REVIT
1002
{
1070
     1
1000
22909938
1002
}
1002
{
1070
     2
1000
-2000051
1002
}
1002
{
1070
     3
1000
22907988
1002
}
  0
LINE
  5
60A
330
70
100
AcDbEntity
  8
A-POR-___-___-EXI
100
AcDbLine
 10
1147.890474894069
 20
-26908.95907918591
 30
0.0
 11
1148.010730415775
 21
-26712.59064377214
 31
0.0
1001
REVIT
1002
{
1070
     1
1000
22909938
1002
}
1002
{
1070
     2
1000
-2000051
1002
}
1002
{
1070
     3
1000
22907988
1002
}
  0
LINE
  5
60B
330
70
100
AcDbEntity
  8
A-ALV-___-___-EXI
100
AcDbLine
 10
1148.010730415775
 20
-26712.59064377214
 30
0.0
 11
1948.857297673728
 21
-26692.273821186
 31
0.0
1001
REVIT
1002
{
1070
     1
1000
22909938
1002
}
1002
{
1070
     2
1000
-2000051
1002
}
1002
{
1070
     3
1000
22907988
1002
}
  0
LINE
  5
60C
330
70
100
AcDbEntity
  8
A-ALV-___-___-EXI
100
AcDbLine
 10
162.7092369221629
 20
-23126.04500631441
 30
0.0
 11
161.9025156686027
 21
-23147.73382348354
 31
0.0
1001
REVIT
1002
{
1070
     1
1000
22909937
1002
}
1002
{
1070
     2
1000
-2000051
1002
}
1002
{
1070
     3
1000
22907988
1002
}
  0
LINE
  5
60D
330
70
100
AcDbEntity
  8
A-ALV-___-___-EXI
100
AcDbLine
 10
161.9025156686027
 20
-23147.73382348354
 30
0.0
 11
162.5615450972684
 21
-23184.38149417202
 31
0.0
1001
REVIT
1002
{
1070
     1
1000
22909937
1002
}
1002
{
1070
     2
1000
-2000051
1002
}
1002
{
1070
     3
1000
22907988
1002
}
  0
LINE
  5
60E
330
70
100
AcDbEntity
  8
A-ALV-___-___-EXI
100
AcDbLine
 10
162.5615450972684
 20
-23184.38149417202
 30
0.0
 11
162.7033521241162
 21
-23186.90815876328
 31
0.0
1001
REVIT
1002
{
1070
     1
1000
22909937
1002
}
1002
{
1070
     2
1000
-2000051
1002
}
1002
{
1070
     3
1000
22907988
1002
}
  0
LINE
  5
60F
330
70
100
AcDbEntity
  8
A-ALV-___-___-EXI
100
AcDbLine
 10
162.7033521241162
 20
-23186.90815876328
 30
0.0
 11
162.5615450972684
 21
-23184.38149417202
 31
0.0
1001
REVIT
1002
{
1070
     1
1000
22909937
1002
}
1002
{
1070
     2
1000
-2000051
1002
}
1002
{
1070
     3
1000
22907988
1002
}
  0
LINE
  5
610
330
70
100
AcDbEntity
  8
A-ALV-___-___-EXI
100
AcDbLine
 10
162.5615450972684
 20
-23184.38149417202
 30
0.0
 11
159.598994080972
 21
-26725.48275405854
 31
0.0
1001
REVIT
1002
{
1070
     1
1000
22909937
1002
}
1002
{
1070
     2
1000
-2000051
1002
}
1002
{
1070
     3
1000
22907988
1002
}
  0
LINE
  5
611
330
70
100
AcDbEntity
  8
A-ALV-___-___-EXI
100
AcDbLine
 10
159.598994080972
 20
-26725.48275405854
 30
0.0
 11
160.7667877366103
 21
-26725.36001399941
 31
0.0
1001
REVIT
1002
{
1070
     1
1000
22909937
1002
}
1002
{
1070
     2
1000
-2000051
1002
}
1002
{
1070
     3
1000
22907988
1002
}
  0
LINE
  5
612
330
70
100
AcDbEntity
  8
A-ALV-___-___-EXI
100
AcDbLine
 10
160.7667877366103
 20
-26725.36001399941
 30
0.0
 11
159.5989940809905
 21
-26725.48275405854
 31
0.0
1001
REVIT
1002
{
1070
     1
1000
22909937
1002
}
1002
{
1070
     2
1000
-2000051
1002
}
1002
{
1070
     3
1000
22907988
1002
}
  0
LINE
  5
613
330
70
100
AcDbEntity
  8
A-ALV-___-___-EXI
100
AcDbLine
 10
159.5989940809905
 20
-26725.48275405854
 30
0.0
 11
160.7667520440595
 21
-26725.4252307169
 31
0.0
1001
REVIT
1002
{
1070
     1
1000
22909937
1002
}
1002
{
1070
     2
1000
-2000051
1002
}
1002
{
1070
     3
1000
22907988
1002
}
  0
LINE
  5
614
330
70
100
AcDbEntity
  8
A-ALV-___-___-EXI
100
AcDbLine
 10
160.7667520440595
 20
-26725.4252307169
 30
0.0
 11
159.598994080972
 21
-26725.48275405854
 31
0.0
1001
REVIT
1002
{
1070
     1
1000
22909937
1002
}
1002
{
1070
     2
1000
-2000051
1002
}
1002
{
1070
     3
1000
22907988
1002
}
  0
LINE
  5
615
330
70
100
AcDbEntity
  8
A-ALV-___-___-EXI
100
AcDbLine
 10
159.598994080972
 20
-26725.48275405854
 30
0.0
 11
160.7606715562118
 21
-26736.53537693625
 31
0.0
1001
REVIT
1002
{
1070
     1
1000
22909937
1002
}
1002
{
1070
     2
1000
-2000051
1002
}
1002
{
1070
     3
1000
22907988
1002
}
  0
LINE
  5
616
330
70
100
AcDbEntity
  8
A-ALV-___-___-EXI
100
AcDbLine
 10
160.7606715562118
 20
-26736.53537693625
 30
0.0
 11
-82.81712314366394
 21
-26742.97977174667
 31
0.0
1001
REVIT
1002
{
1070
     1
1000
22909937
1002
}
1002
{
1070
     2
1000
-2000051
1002
}
1002
{
1070
     3
1000
22907988
1002
}
  0
LINE
  5
617
330
70
100
AcDbEntity
  8
A-POR-___-___-EXI
100
AcDbLine
 10
-82.81712314366394
 20
-26742.97977174667
 30
0.0
 11
-82.76525694571201
 21
-26940.9265050245
 31
0.0
1001
REVIT
1002
{
1070
     1
1000
22909937
1002
}
1002
{
1070
     2
1000
-2000051
1002
}
1002
{
1070
     3
1000
22907988
1002
}
  0
LINE
  5
618
330
70
100
AcDbEntity
  8
A-POR-___-___-EXI
100
AcDbLine
 10
-82.76525694571201
 20
-26940.9265050245
 30
0.0
 11
16.26023822697167
 21
-26938.35422579875
 31
0.0
1001
REVIT
1002
{
1070
     1
1000
22909937
1002
}
1002
{
1070
     2
1000
-2000051
1002
}
1002
{
1070
     3
1000
22907988
1002
}
  0
LINE
  5
619
330
70
100
AcDbEntity
  8
A-ALV-___-___-EXI
100
AcDbLine
 10
-942.7555492059388
 20
-26763.19875888732
 30
0.0
 11
-844.030018682181
 21
-26760.72731616172
 31
0.0
1001
REVIT
1002
{
1070
     1
1000
22909935
1002
}
1002
{
1070
     2
1000
-2000051
1002
}
1002
{
1070
     3
1000
22907988
1002
}
  0
LINE
  5
61A
330
70
100
AcDbEntity
  8
A-POR-___-___-EXI
100
AcDbLine
 10
-844.030018682181
 20
-26760.72731616172
 30
0.0
 11
-82.81712312637056
 21
-26742.97977174627
 31
0.0
1001
REVIT
1002
{
1070
     1
1000
22909935
1002
}
1002
{
1070
     2
1000
-2000051
1002
}
1002
{
1070
     3
1000
22907988
1002
}
  0
LINE
  5
61B
330
70
100
AcDbEntity
  8
A-POR-___-___-EXI
100
AcDbLine
 10
-944.1156302879219
 20
-26962.73572919007
 30
0.0
 11
-843.806030764572
 21
-26960.2523473036
 31
0.0
1001
REVIT
1002
{
1070
     1
1000
22909932
1002
}
1002
{
1070
     2
1000
-2000051
1002
}
1002
{
1070
     3
1000
22907988
1002
}
  0
LINE
  5
61C
330
70
100
AcDbEntity
  8
A-POR-___-___-EXI
100
AcDbLine
 10
-843.806030764572
 20
-26960.2523473036
 30
0.0
 11
-844.030018682181
 21
-26760.72731616172
 31
0.0
1001
REVIT
1002
{
1070
     1
1000
22909932
1002
}
1002
{
1070
     2
1000
-2000051
1002
}
1002
{
1070
     3
1000
22907988
1002
}
  0
LINE
  5
61D
330
70
100
AcDbEntity
  8
A-POR-___-___-EXI
100
AcDbLine
 10
3545.26511080873
 20
-26848.51585407918
 30
0.0
 11
3405.602059032507
 21
-26852.0559398762
 31
0.0
1001
REVIT
1002
{
1070
     1
1000
22909927
1002
}
1002
{
1070
     2
1000
-2000051
1002
}
1002
{
1070
     3
1000
22907988
1002
}
  0
LINE
  5
61E
330
70
100
AcDbEntity
  8
A-POR-___-___-EXI
100
AcDbLine
 10
3405.602059032507
 20
-26852.0559398762
 30
0.0
 11
3405.882100684624
 21
-26657.26709884914
 31
0.0
1001
REVIT
1002
{
1070
     1
1000
22909927
1002
}
1002
{
1070
     2
1000
-2000051
1002
}
1002
{
1070
     3
1000
22907988
1002
}
  0
LINE
  5
61F
330
70
100
AcDbEntity
  8
A-ALV-___-___-EXI
100
AcDbLine
 10
3405.882100684624
 20
-26657.26709884914
 30
0.0
 11
3545.991855433238
 21
-26653.75285249705
 31
0.0
1001
REVIT
1002
{
1070
     1
1000
22909927
1002
}
1002
{
1070
     2
1000
-2000051
1002
}
1002
{
1070
     3
1000
22907988
1002
}
  0
LINE
  5
620
330
70
100
AcDbEntity
  8
A-ALV-___-___-EXI
100
AcDbLine
 10
2252.594528524958
 20
-26685.00987474697
 30
0.0
 11
2401.097578240857
 21
-26681.45838981329
 31
0.0
1001
REVIT
1002
{
1070
     1
1000
22909917
1002
}
1002
{
1070
     2
1000
-2000051
1002
}
1002
{
1070
     3
1000
22907988
1002
}
  0
LINE
  5
621
330
70
100
AcDbEntity
  8
A-ALV-___-___-EXI
100
AcDbLine
 10
2401.097578240857
 20
-26681.45838981329
 30
0.0
 11
3405.882100684624
 21
-26657.26709884914
 31
0.0
1001
REVIT
1002
{
1070
     1
1000
22909917
1002
}
1002
{
1070
     2
1000
-2000051
1002
}
1002
{
1070
     3
1000
22907988
1002
}
  0
LINE
  5
622
330
70
100
AcDbEntity
  8
A-ALV-___-___-EXI
100
AcDbLine
 10
-2217.534063400033
 20
-23124.84023732372
 30
0.0
 11
-831.7329946458913
 21
-23126.05442565244
 31
0.0
1001
REVIT
1002
{
1070
     1
1000
22909908
1002
}
1002
{
1070
     2
1000
-2000051
1002
}
1002
{
1070
     3
1000
22907988
1002
}
  0
LINE
  5
623
330
70
100
AcDbEntity
  8
A-POR-___-___-EXI
100
AcDbLine
 10
-831.7329946458913
 20
-23126.05442565244
 30
0.0
 11
-832.1229364885319
 21
-22924.95044838518
 31
0.0
1001
REVIT
1002
{
1070
     1
1000
22909908
1002
}
1002
{
1070
     2
1000
-2000051
1002
}
1002
{
1070
     3
1000
22907988
1002
}
  0
LINE
  5
624
330
70
100
AcDbEntity
  8
A-ALV-___-___-EXI
100
AcDbLine
 10
-699.7735170162559
 20
-29955.8136542985
 30
0.0
 11
-650.3196785655478
 21
-29955.4941507321
 31
0.0
1001
REVIT
1002
{
1070
     1
1000
22909904
1002
}
1002
{
1070
     2
1000
-2000051
1002
}
1002
{
1070
     3
1000
22907988
1002
}
  0
LINE
  5
625
330
70
100
AcDbEntity
  8
A-ALV-___-___-EXI
100
AcDbLine
 10
-650.3196785655478
 20
-29955.4941507321
 30
0.0
 11
-650.5436664831568
 21
-29755.96911959023
 31
0.0
1001
REVIT
1002
{
1070
     1
1000
22909904
1002
}
1002
{
1070
     2
1000
-2000051
1002
}
1002
{
1070
     3
1000
22907988
1002
}
  0
LINE
  5
626
330
70
100
AcDbEntity
  8
A-ALV-___-___-EXI
100
AcDbLine
 10
-650.5436664831568
 20
-29755.96911959023
 30
0.0
 11
-2219.979935844516
 21
-29766.26364136796
 31
0.0
1001
REVIT
1002
{
1070
     1
1000
22909904
1002
}
1002
{
1070
     2
1000
-2000051
1002
}
1002
{
1070
     3
1000
22907988
1002
}
  0
LINE
  5
627
330
70
100
AcDbEntity
  8
A-ALV-___-___-EXI
100
AcDbLine
 10
1881.512680212119
 20
-29939.07644354415
 30
0.0
 11
219.1663714324514
 21
-29950.31246800427
 31
0.0
1001
REVIT
1002
{
1070
     1
1000
22909902
1002
}
1002
{
1070
     2
1000
-2000051
1002
}
1002
{
1070
     3
1000
22907988
1002
}
  0
LINE
  5
628
330
70
100
AcDbEntity
  8
A-ALV-___-___-EXI
100
AcDbLine
 10
219.1663714324514
 20
-29950.31246800427
 30
0.0
 11
220.3615528079937
 21
-29749.04188757336
 31
0.0
1001
REVIT
1002
{
1070
     1
1000
22909902
1002
}
1002
{
1070
     2
1000
-2000051
1002
}
1002
{
1070
     3
1000
22907988
1002
}
  0
LINE
  5
629
330
70
100
AcDbEntity
  8
A-ALV-___-___-EXI
100
AcDbLine
 10
220.3615528079937
 20
-29749.04188757336
 30
0.0
 11
269.807032713487
 21
-29748.75408279017
 31
0.0
1001
REVIT
1002
{
1070
     1
1000
22909902
1002
}
1002
{
1070
     2
1000
-2000051
1002
}
1002
{
1070
     3
1000
22907988
1002
}
  0
LINE
  5
62A
330
70
100
AcDbEntity
  8
A-ALV-___-___-EXI
100
AcDbLine
 10
-316.6650799766417
 20
-34317.02458604051
 30
0.0
 11
-318.0262152772146
 21
-34317.02286558715
 31
0.0
1001
REVIT
1002
{
1070
     1
1000
22909895
1002
}
1002
{
1070
     2
1000
-2000051
1002
}
1002
{
1070
     3
1000
22907988
1002
}
  0
LINE
  5
62B
330
70
100
AcDbEntity
  8
A-JAN-___-___-EXI
100
AcDbLine
 10
-318.0262152772146
 20
-34317.02286558715
 30
0.0
 11
-1617.567967608857
 21
-34316.32078928582
 31
0.0
1001
REVIT
1002
{
1070
     1
1000
22909895
1002
}
1002
{
1070
     2
1000
-2000051
1002
}
1002
{
1070
     3
1000
22907988
1002
}
  0
LINE
  5
62C
330
70
100
AcDbEntity
  8
A-ALV-___-___-EXI
100
AcDbLine
 10
-1617.567967608857
 20
-34316.32078928582
 30
0.0
 11
-1617.698603687171
 21
-34193.16912273846
 31
0.0
1001
REVIT
1002
{
1070
     1
1000
22909895
1002
}
1002
{
1070
     2
1000
-2000051
1002
}
1002
{
1070
     3
1000
22907988
1002
}
  0
LINE
  5
62D
330
70
100
AcDbEntity
  8
A-ALV-___-___-EXI
100
AcDbLine
 10
282.2991809831069
 20
-34118.23309411263
 30
0.0
 11
283.6603162836898
 21
-34118.09003302777
 31
0.0
1001
REVIT
1002
{
1070
     1
1000
22909892
1002
}
1002
{
1070
     2
1000
-2000051
1002
}
1002
{
1070
     3
1000
22907988
1002
}
  0
LINE
  5
62E
330
70
100
AcDbEntity
  8
A-ALV-___-___-EXI
100
AcDbLine
 10
283.6603162836898
 20
-34118.09003302777
 30
0.0
 11
282.2991809831064
 21
-34118.23309411262
 31
0.0
1001
REVIT
1002
{
1070
     1
1000
22909892
1002
}
1002
{
1070
     2
1000
-2000051
1002
}
1002
{
1070
     3
1000
22907988
1002
}
  0
LINE
  5
62F
330
70
100
AcDbEntity
  8
A-ALV-___-___-EXI
100
AcDbLine
 10
282.2991809831064
 20
-34118.23309411262
 30
0.0
 11
283.6603162836829
 21
-34118.09003302777
 31
0.0
1001
REVIT
1002
{
1070
     1
1000
22909892
1002
}
1002
{
1070
     2
1000
-2000051
1002
}
1002
{
1070
     3
1000
22907988
1002
}
  0
LINE
  5
630
330
70
100
AcDbEntity
  8
A-ALV-___-___-EXI
100
AcDbLine
 10
283.6603162836829
 20
-34118.09003302777
 30
0.0
 11
282.2991809831064
 21
-34118.08831257442
 31
0.0
1001
REVIT
1002
{
1070
     1
1000
22909892
1002
}
1002
{
1070
     2
1000
-2000051
1002
}
1002
{
1070
     3
1000
22907988
1002
}
  0
LINE
  5
631
330
70
100
AcDbEntity
  8
A-ALV-___-___-EXI
100
AcDbLine
 10
282.2991809831064
 20
-34118.08831257442
 30
0.0
 11
283.6603162836829
 21
-34118.09003302777
 31
0.0
1001
REVIT
1002
{
1070
     1
1000
22909892
1002
}
1002
{
1070
     2
1000
-2000051
1002
}
1002
{
1070
     3
1000
22907988
1002
}
  0
LINE
  5
632
330
70
100
AcDbEntity
  8
A-ALV-___-___-EXI
100
AcDbLine
 10
283.6603162836829
 20
-34118.09003302777
 30
0.0
 11
282.2991809831067
 21
-34317.78166733331
 31
0.0
1001
REVIT
1002
{
1070
     1
1000
22909892
1002
}
1002
{
1070
     2
1000
-2000051
1002
}
1002
{
1070
     3
1000
22907988
1002
}
  0
LINE
  5
633
330
70
100
AcDbEntity
  8
A-ALV-___-___-EXI
100
AcDbLine
 10
282.2991809831067
 20
-34317.78166733331
 30
0.0
 11
282.7164589314287
 21
-34306.56308955329
 31
0.0
1001
REVIT
1002
{
1070
     1
1000
22909892
1002
}
1002
{
1070
     2
1000
-2000051
1002
}
1002
{
1070
     3
1000
22907988
1002
}
  0
LINE
  5
634
330
70
100
AcDbEntity
  8
A-ALV-___-___-EXI
100
AcDbLine
 10
282.7164589314287
 20
-34306.56308955329
 30
0.0
 11
282.2991809831078
 21
-34276.88527078483
 31
0.0
1001
REVIT
1002
{
1070
     1
1000
22909892
1002
}
1002
{
1070
     2
1000
-2000051
1002
}
1002
{
1070
     3
1000
22907988
1002
}
  0
LINE
  5
635
330
70
100
AcDbEntity
  8
A-JAN-___-___-EXI
100
AcDbLine
 10
1583.202068615323
 20
-34118.79210932903
 30
0.0
 11
283.6603162836829
 21
-34118.09003302777
 31
0.0
1001
REVIT
1002
{
1070
     1
1000
22909889
1002
}
1002
{
1070
     2
1000
-2000051
1002
}
1002
{
1070
     3
1000
22907988
1002
}
  0
LINE
  5
636
330
70
100
AcDbEntity
  8
A-ALV-___-___-EXI
100
AcDbLine
 10
283.6603162836829
 20
-34118.09003302777
 30
0.0
 11
282.2991809831067
 21
-34227.94488358168
 31
0.0
1001
REVIT
1002
{
1070
     1
1000
22909889
1002
}
1002
{
1070
     2
1000
-2000051
1002
}
1002
{
1070
     3
1000
22907988
1002
}
  0
LINE
  5
637
330
70
100
AcDbEntity
  8
A-POR-___-___-EXI
100
AcDbLine
 10
2261.119336821498
 20
-26881.37136015987
 30
0.0
 11
2400.983490513771
 21
-26877.82617696573
 31
0.0
1001
REVIT
1002
{
1070
     1
1000
22909883
1002
}
1002
{
1070
     2
1000
-2000051
1002
}
1002
{
1070
     3
1000
22907988
1002
}
  0
LINE
  5
638
330
70
100
AcDbEntity
  8
A-POR-___-___-EXI
100
AcDbLine
 10
2400.983490513771
 20
-26877.82617696573
 30
0.0
 11
2401.097578240857
 21
-26681.45838981329
 31
0.0
1001
REVIT
1002
{
1070
     1
1000
22909883
1002
}
1002
{
1070
     2
1000
-2000051
1002
}
1002
{
1070
     3
1000
22907988
1002
}
  0
LINE
  5
639
330
70
100
AcDbEntity
  8
A-POR-___-___-EXI
100
AcDbLine
 10
4885.407428681078
 20
-29949.04100550106
 30
0.0
 11
5016.20290561919
 21
-29948.98601605342
 31
0.0
1001
REVIT
1002
{
1070
     1
1000
22909796
1002
}
1002
{
1070
     2
1000
-2000051
1002
}
1002
{
1070
     3
1000
22907988
1002
}
  0
LINE
  5
63A
330
70
100
AcDbEntity
  8
A-POR-___-___-EXI
100
AcDbLine
 10
5016.20290561919
 20
-29948.98601605342
 30
0.0
 11
5015.985085496208
 21
-29749.46033665021
 31
0.0
1001
REVIT
1002
{
1070
     1
1000
22909796
1002
}
1002
{
1070
     2
1000
-2000051
1002
}
1002
{
1070
     3
1000
22907988
1002
}
  0
LINE
  5
63B
330
70
100
AcDbEntity
  8
A-ALV-___-___-EXI
100
AcDbLine
 10
5015.985085496208
 20
-29749.46033665021
 30
0.0
 11
3862.679110319757
 21
-29748.39094512336
 31
0.0
1001
REVIT
1002
{
1070
     1
1000
22909796
1002
}
1002
{
1070
     2
1000
-2000051
1002
}
1002
{
1070
     3
1000
22907988
1002
}
  0
LINE
  5
63C
330
70
100
AcDbEntity
  8
A-ALV-___-___-EXI
100
AcDbLine
 10
5026.290320151691
 20
-24224.87270609445
 30
0.0
 11
5076.524585149306
 21
-24219.59287208775
 31
0.0
1001
REVIT
1002
{
1070
     1
1000
22909657
1002
}
1002
{
1070
     2
1000
-2000051
1002
}
1002
{
1070
     3
1000
22907988
1002
}
  0
LINE
  5
63D
330
70
100
AcDbEntity
  8
A-ALV-___-___-EXI
100
AcDbLine
 10
5076.524585149306
 20
-24219.59287208775
 30
0.0
 11
5716.652690951413
 21
-24219.36101765753
 31
0.0
1001
REVIT
1002
{
1070
     1
1000
22909657
1002
}
1002
{
1070
     2
1000
-2000051
1002
}
1002
{
1070
     3
1000
22907988
1002
}
  0
LINE
  5
63E
330
70
100
AcDbEntity
  8
A-ALV-___-___-EXI
100
AcDbLine
 10
1048.59659594917
 20
-26829.99752559612
 30
0.0
 11
1047.700601311634
 21
-26715.1517202522
 31
0.0
1001
REVIT
1002
{
1070
     1
1000
22908542
1002
}
1002
{
1070
     2
1000
-2000051
1002
}
1002
{
1070
     3
1000
22907988
1002
}
  0
LINE
  5
63F
330
70
100
AcDbEntity
  8
A-ALV-___-___-EXI
100
AcDbLine
 10
1047.700601311634
 20
-26715.1517202522
 30
0.0
 11
1048.596595949172
 21
-26829.99752559612
 31
0.0
1001
REVIT
1002
{
1070
     1
1000
22908542
1002
}
1002
{
1070
     2
1000
-2000051
1002
}
1002
{
1070
     3
1000
22907988
1002
}
  0
LINE
  5
640
330
70
100
AcDbEntity
  8
A-ALV-___-___-EXI
100
AcDbLine
 10
1048.596595949172
 20
-26829.99752559612
 30
0.0
 11
1047.592681379174
 21
-26911.51885914329
 31
0.0
1001
REVIT
1002
{
1070
     1
1000
22908542
1002
}
1002
{
1070
     2
1000
-2000051
1002
}
1002
{
1070
     3
1000
22907988
1002
}
  0
LINE
  5
641
330
70
100
AcDbEntity
  8
A-ALV-___-___-EXI
100
AcDbLine
 10
17.48683816585388
 20
-26740.41934352795
 30
0.0
 11
17.06956021753301
 21
-26751.63792130796
 31
0.0
1001
REVIT
1002
{
1070
     1
1000
22908535
1002
}
1002
{
1070
     2
1000
-2000051
1002
}
1002
{
1070
     3
1000
22907988
1002
}
  0
LINE
  5
642
330
70
100
AcDbEntity
  8
A-ALV-___-___-EXI
100
AcDbLine
 10
17.06956021753301
 20
-26751.63792130796
 30
0.0
 11
17.15631183893786
 21
-26767.59268920278
 31
0.0
1001
REVIT
1002
{
1070
     1
1000
22908535
1002
}
1002
{
1070
     2
1000
-2000051
1002
}
1002
{
1070
     3
1000
22907988
1002
}
  0
LINE
  5
643
330
70
100
AcDbEntity
  8
A-ALV-___-___-EXI
100
AcDbLine
 10
17.15631183893786
 20
-26767.59268920278
 30
0.0
 11
16.64887752088996
 21
-26823.51962320052
 31
0.0
1001
REVIT
1002
{
1070
     1
1000
22908535
1002
}
1002
{
1070
     2
1000
-2000051
1002
}
1002
{
1070
     3
1000
22907988
1002
}
  0
LINE
  5
644
330
70
100
AcDbEntity
  8
A-ALV-___-___-EXI
100
AcDbLine
 10
16.64887752088996
 20
-26823.51962320052
 30
0.0
 11
15.96591673486718
 21
-26938.53138344675
 31
0.0
1001
REVIT
1002
{
1070
     1
1000
22908535
1002
}
1002
{
1070
     2
1000
-2000051
1002
}
1002
{
1070
     3
1000
22907988
1002
}
  0
LINE
  5
645
330
70
100
AcDbEntity
  8
A-ALV-___-___-EXI
100
AcDbLine
 10
-943.5681611253048
 20
-26882.41673976365
 30
0.0
 11
-943.3560200042286
 21
-26924.42020380615
 31
0.0
1001
REVIT
1002
{
1070
     1
1000
22908534
1002
}
1002
{
1070
     2
1000
-2000051
1002
}
1002
{
1070
     3
1000
22907988
1002
}
  0
LINE
  5
646
330
70
100
AcDbEntity
  8
A-ALV-___-___-EXI
100
AcDbLine
 10
-943.3560200042286
 20
-26924.42020380615
 30
0.0
 11
-944.1161598687129
 21
-26962.81342378366
 31
0.0
1001
REVIT
1002
{
1070
     1
1000
22908534
1002
}
1002
{
1070
     2
1000
-2000051
1002
}
1002
{
1070
     3
1000
22907988
1002
}
  0
LINE
  5
647
330
70
100
AcDbEntity
  8
A-ALV-___-___-EXI
100
AcDbLine
 10
-944.1161598687129
 20
-26962.81342378366
 30
0.0
 11
-1428.101502832095
 21
-26975.36900707723
 31
0.0
1001
REVIT
1002
{
1070
     1
1000
22908534
1002
}
1002
{
1070
     2
1000
-2000051
1002
}
1002
{
1070
     3
1000
22907988
1002
}
  0
LINE
  5
648
330
70
100
AcDbEntity
  8
A-ALV-___-___-EXI
100
AcDbLine
 10
-1428.101502832095
 20
-26975.36900707723
 30
0.0
 11
-1399.19415022585
 21
-26972.330721888
 31
0.0
1001
REVIT
1002
{
1070
     1
1000
22908534
1002
}
1002
{
1070
     2
1000
-2000051
1002
}
1002
{
1070
     3
1000
22907988
1002
}
  0
LINE
  5
649
330
70
100
AcDbEntity
  8
A-ALV-___-___-EXI
100
AcDbLine
 10
-1399.19415022585
 20
-26972.330721888
 30
0.0
 11
-1428.101502832095
 21
-26975.36900707723
 31
0.0
1001
REVIT
1002
{
1070
     1
1000
22908534
1002
}
1002
{
1070
     2
1000
-2000051
1002
}
1002
{
1070
     3
1000
22907988
1002
}
  0
LINE
  5
64A
330
70
100
AcDbEntity
  8
A-ALV-___-___-EXI
100
AcDbLine
 10
-1428.101502832095
 20
-26975.36900707723
 30
0.0
 11
-2220.127220846826
 21
-26994.83379273006
 31
0.0
1001
REVIT
1002
{
1070
     1
1000
22908534
1002
}
1002
{
1070
     2
1000
-2000051
1002
}
1002
{
1070
     3
1000
22907988
1002
}
  0
LINE
  5
64B
330
70
100
AcDbEntity
  8
A-ALV-___-___-EXI
100
AcDbLine
 10
-2220.126433728975
 20
-26994.80526803581
 30
0.0
 11
-2065.045044127013
 21
-26986.25603048251
 31
0.0
1001
REVIT
1002
{
1070
     1
1000
22908532
1002
}
1002
{
1070
     2
1000
-2000051
1002
}
1002
{
1070
     3
1000
22907988
1002
}
  0
LINE
  5
64C
330
70
100
AcDbEntity
  8
A-ALV-___-___-EXI
100
AcDbLine
 10
-2065.045044127013
 20
-26986.25603048251
 30
0.0
 11
-2220.126433728975
 21
-26994.80526803581
 31
0.0
1001
REVIT
1002
{
1070
     1
1000
22908532
1002
}
1002
{
1070
     2
1000
-2000051
1002
}
1002
{
1070
     3
1000
22907988
1002
}
  0
LINE
  5
64D
330
70
100
AcDbEntity
  8
A-ALV-___-___-EXI
100
AcDbLine
 10
-2157.657467487785
 20
-26988.19288539522
 30
0.0
 11
-2220.12514327376
 21
-26994.75850268753
 31
0.0
1001
REVIT
1002
{
1070
     1
1000
22908515
1002
}
1002
{
1070
     2
1000
-2000051
1002
}
1002
{
1070
     3
1000
22907988
1002
}
  0
LINE
  5
64E
330
70
100
AcDbEntity
  8
A-ALV-___-___-EXI
100
AcDbLine
 10
-2220.12514327376
 20
-26994.75850268753
 30
0.0
 11
-2157.657467487785
 21
-26988.19288539522
 31
0.0
1001
REVIT
1002
{
1070
     1
1000
22908515
1002
}
1002
{
1070
     2
1000
-2000051
1002
}
1002
{
1070
     3
1000
22907988
1002
}
  0
LINE
  5
64F
330
70
100
AcDbEntity
  8
A-ALV-___-___-EXI
100
AcDbLine
 10
359.7970744200805
 20
-26713.09346864545
 30
0.0
 11
360.1201650786031
 21
-26704.40712972622
 31
0.0
1001
REVIT
1002
{
1070
     1
1000
22908507
1002
}
1002
{
1070
     2
1000
-2000051
1002
}
1002
{
1070
     3
1000
22907988
1002
}
  0
LINE
  5
650
330
70
100
AcDbEntity
  8
A-ALV-___-___-EXI
100
AcDbLine
 10
360.1201650786031
 20
-26704.40712972622
 30
0.0
 11
359.8075642802074
 21
-26698.83732556309
 31
0.0
1001
REVIT
1002
{
1070
     1
1000
22908507
1002
}
1002
{
1070
     2
1000
-2000051
1002
}
1002
{
1070
     3
1000
22907988
1002
}
  0
LINE
  5
651
330
70
100
AcDbEntity
  8
A-ALV-___-___-EXI
100
AcDbLine
 10
359.8075642802074
 20
-26698.83732556309
 30
0.0
 11
360.1201650786017
 21
-26704.40712972626
 31
0.0
1001
REVIT
1002
{
1070
     1
1000
22908507
1002
}
1002
{
1070
     2
1000
-2000051
1002
}
1002
{
1070
     3
1000
22907988
1002
}
  0
LINE
  5
652
330
70
100
AcDbEntity
  8
A-ALV-___-___-EXI
100
AcDbLine
 10
360.1201650786017
 20
-26704.40712972626
 30
0.0
 11
360.4822077175878
 21
-25781.96967839167
 31
0.0
1001
REVIT
1002
{
1070
     1
1000
22908507
1002
}
1002
{
1070
     2
1000
-2000051
1002
}
1002
{
1070
     3
1000
22907988
1002
}
  0
LINE
  5
653
330
70
100
AcDbEntity
  8
A-ALV-___-___-EXI
100
AcDbLine
 10
342.7512082893171
 20
-22926.33523599912
 30
0.0
 11
582.2783540147175
 21
-22926.21601768161
 31
0.0
1001
REVIT
1002
{
1070
     1
1000
22908463
1002
}
1002
{
1070
     2
1000
-2000051
1002
}
1002
{
1070
     3
1000
22907988
1002
}
  0
LINE
  5
654
330
70
100
AcDbEntity
  8
A-ALV-___-___-EXI
100
AcDbLine
 10
582.2783540147175
 20
-22926.21601768161
 30
0.0
 11
342.7512082808052
 21
-22926.33523599912
 31
0.0
1001
REVIT
1002
{
1070
     1
1000
22908463
1002
}
1002
{
1070
     2
1000
-2000051
1002
}
1002
{
1070
     3
1000
22907988
1002
}
  0
LINE
  5
655
330
70
100
AcDbEntity
  8
A-ALV-___-___-EXI
100
AcDbLine
 10
-316.6650799766415
 20
-34181.47101375915
 30
0.0
 11
-317.921700093078
 21
-34181.31885080859
 31
0.0
1001
REVIT
1002
{
1070
     1
1000
22908445
1002
}
1002
{
1070
     2
1000
-2000051
1002
}
1002
{
1070
     3
1000
22907988
1002
}
  0
LINE
  5
656
330
70
100
AcDbEntity
  8
A-ALV-___-___-EXI
100
AcDbLine
 10
-317.921700093078
 20
-34181.31885080859
 30
0.0
 11
-316.6650799766417
 21
-34181.18677471225
 31
0.0
1001
REVIT
1002
{
1070
     1
1000
22908445
1002
}
1002
{
1070
     2
1000
-2000051
1002
}
1002
{
1070
     3
1000
22907988
1002
}
  0
LINE
  5
657
330
70
100
AcDbEntity
  8
A-ALV-___-___-EXI
100
AcDbLine
 10
-316.6650799766417
 20
-34181.18677471225
 30
0.0
 11
-317.9217000930784
 21
-34181.3188508086
 31
0.0
1001
REVIT
1002
{
1070
     1
1000
22908445
1002
}
1002
{
1070
     2
1000
-2000051
1002
}
1002
{
1070
     3
1000
22907988
1002
}
  0
LINE
  5
658
330
70
100
AcDbEntity
  8
A-ALV-___-___-EXI
100
AcDbLine
 10
-317.9217000930784
 20
-34181.3188508086
 30
0.0
 11
-316.6650799766421
 21
-34181.47101375916
 31
0.0
1001
REVIT
1002
{
1070
     1
1000
22908445
1002
}
1002
{
1070
     2
1000
-2000051
1002
}
1002
{
1070
     3
1000
22907988
1002
}
  0
LINE
  5
659
330
70
100
AcDbEntity
  8
A-ALV-___-___-EXI
100
AcDbLine
 10
-316.6650799766421
 20
-34181.47101375916
 30
0.0
 11
-317.921700093077
 21
-34181.3188508086
 31
0.0
1001
REVIT
1002
{
1070
     1
1000
22908445
1002
}
1002
{
1070
     2
1000
-2000051
1002
}
1002
{
1070
     3
1000
22907988
1002
}
  0
LINE
  5
65A
330
70
100
AcDbEntity
  8
A-ALV-___-___-EXI
100
AcDbLine
 10
-317.921700093077
 20
-34181.3188508086
 30
0.0
 11
-318.0262152772072
 21
-34317.02286558715
 31
0.0
1001
REVIT
1002
{
1070
     1
1000
22908445
1002
}
1002
{
1070
     2
1000
-2000051
1002
}
1002
{
1070
     3
1000
22907988
1002
}
  0
LINE
  5
65B
330
70
100
AcDbEntity
  8
A-ALV-___-___-EXI
100
AcDbLine
 10
-318.0262152772072
 20
-34317.02286558715
 30
0.0
 11
-316.6650799766413
 21
-34317.0251420578
 31
0.0
1001
REVIT
1002
{
1070
     1
1000
22908445
1002
}
1002
{
1070
     2
1000
-2000051
1002
}
1002
{
1070
     3
1000
22907988
1002
}
  0
LINE
  5
65C
330
70
100
AcDbEntity
  8
A-ALV-___-___-EXI
100
AcDbLine
 10
-316.6650799766417
 20
-34181.18677471225
 30
0.0
 11
-317.921700093077
 21
-34181.3188508086
 31
0.0
1001
REVIT
1002
{
1070
     1
1000
22908435
1002
}
1002
{
1070
     2
1000
-2000051
1002
}
1002
{
1070
     3
1000
22907988
1002
}
  0
LINE
  5
65D
330
70
100
AcDbEntity
  8
A-ALV-___-___-EXI
100
AcDbLine
 10
-317.921700093077
 20
-34181.3188508086
 30
0.0
 11
-316.6650799766418
 21
-34117.33123128163
 31
0.0
1001
REVIT
1002
{
1070
     1
1000
22908435
1002
}
1002
{
1070
     2
1000
-2000051
1002
}
1002
{
1070
     3
1000
22907988
1002
}
  0
LINE
  5
65E
330
70
100
AcDbEntity
  8
A-ALV-___-___-EXI
100
AcDbLine
 10
9334.055712091172
 20
-34289.11632189297
 30
0.0
 11
9339.902389639144
 21
-34101.72434678591
 31
0.0
1001
REVIT
1002
{
1070
     1
1000
22908431
1002
}
1002
{
1070
     2
1000
-2000051
1002
}
1002
{
1070
     3
1000
22907988
1002
}
  0
LINE
  5
65F
330
70
100
AcDbEntity
  8
A-ALV-___-___-EXI
100
AcDbLine
 10
9339.902389639144
 20
-34101.72434678591
 30
0.0
 11
9339.935946937828
 21
-34090.81832903162
 31
0.0
1001
REVIT
1002
{
1070
     1
1000
22908431
1002
}
1002
{
1070
     2
1000
-2000051
1002
}
1002
{
1070
     3
1000
22907988
1002
}
  0
LINE
  5
660
330
70
100
AcDbEntity
  8
A-ALV-___-___-EXI
100
AcDbLine
 10
9339.935946937828
 20
-34090.81832903162
 30
0.0
 11
9339.902389639147
 21
-34101.72434678582
 31
0.0
1001
REVIT
1002
{
1070
     1
1000
22908431
1002
}
1002
{
1070
     2
1000
-2000051
1002
}
1002
{
1070
     3
1000
22907988
1002
}
  0
LINE
  5
661
330
70
100
AcDbEntity
  8
A-ALV-___-___-EXI
100
AcDbLine
 10
9339.902389639147
 20
-34101.72434678582
 30
0.0
 11
9334.055712091176
 21
-34289.11632189298
 31
0.0
1001
REVIT
1002
{
1070
     1
1000
22908431
1002
}
1002
{
1070
     2
1000
-2000051
1002
}
1002
{
1070
     3
1000
22907988
1002
}
  0
LINE
  5
662
330
70
100
AcDbEntity
  8
A-ALV-___-___-EXI
100
AcDbLine
 10
9334.055712091176
 20
-34289.11632189298
 30
0.0
 11
9332.800794348896
 21
-34322.77237936367
 31
0.0
1001
REVIT
1002
{
1070
     1
1000
22908431
1002
}
1002
{
1070
     2
1000
-2000051
1002
}
1002
{
1070
     3
1000
22907988
1002
}
  0
LINE
  5
663
330
70
100
AcDbEntity
  8
A-ALV-___-___-EXI
100
AcDbLine
 10
9363.317638375766
 20
-26851.65912559927
 30
0.0
 11
9362.151174629058
 21
-26870.93838890852
 31
0.0
1001
REVIT
1002
{
1070
     1
1000
22908424
1002
}
1002
{
1070
     2
1000
-2000051
1002
}
1002
{
1070
     3
1000
22907988
1002
}
  0
LINE
  5
664
330
70
100
AcDbEntity
  8
A-ALV-___-___-EXI
100
AcDbLine
 10
9362.151174629058
 20
-26870.93838890852
 30
0.0
 11
9362.087612063833
 21
-26891.59602501275
 31
0.0
1001
REVIT
1002
{
1070
     1
1000
22908424
1002
}
1002
{
1070
     2
1000
-2000051
1002
}
1002
{
1070
     3
1000
22907988
1002
}
  0
LINE
  5
665
330
70
100
AcDbEntity
  8
A-ALV-___-___-EXI
100
AcDbLine
 10
9362.087612063833
 20
-26891.59602501275
 30
0.0
 11
9362.151174629058
 21
-26870.93838890852
 31
0.0
1001
REVIT
1002
{
1070
     1
1000
22908424
1002
}
1002
{
1070
     2
1000
-2000051
1002
}
1002
{
1070
     3
1000
22907988
1002
}
  0
LINE
  5
666
330
70
100
AcDbEntity
  8
A-ALV-___-___-EXI
100
AcDbLine
 10
9362.151174629058
 20
-26870.93838890852
 30
0.0
 11
9139.371966949578
 21
-34122.80094351018
 31
0.0
1001
REVIT
1002
{
1070
     1
1000
22908424
1002
}
1002
{
1070
     2
1000
-2000051
1002
}
1002
{
1070
     3
1000
22907988
1002
}
  0
LINE
  5
667
330
70
100
AcDbEntity
  8
A-ALV-___-___-EXI
100
AcDbLine
 10
9139.371966949578
 20
-34122.80094351018
 30
0.0
 11
9024.359545052915
 21
-34122.11812747357
 31
0.0
1001
REVIT
1002
{
1070
     1
1000
22908424
1002
}
1002
{
1070
     2
1000
-2000051
1002
}
1002
{
1070
     3
1000
22907988
1002
}
  0
LINE
  5
668
330
70
100
AcDbEntity
  8
A-ALV-___-___-EXI
100
AcDbLine
 10
9024.359545052915
 20
-34122.11812747357
 30
0.0
 11
9024.111304926936
 21
-34134.91532724828
 31
0.0
1001
REVIT
1002
{
1070
     1
1000
22908424
1002
}
1002
{
1070
     2
1000
-2000051
1002
}
1002
{
1070
     3
1000
22907988
1002
}
  0
LINE
  5
669
330
70
100
AcDbEntity
  8
A-ALV-___-___-EXI
100
AcDbLine
 10
9024.111304926936
 20
-34134.91532724828
 30
0.0
 11
9023.001493649644
 21
-34321.80943764842
 31
0.0
1001
REVIT
1002
{
1070
     1
1000
22908424
1002
}
1002
{
1070
     2
1000
-2000051
1002
}
1002
{
1070
     3
1000
22907988
1002
}
  0
LINE
  5
66A
330
70
100
AcDbEntity
  8
A-ALV-___-___-EXI
100
AcDbLine
 10
9023.001493649644
 20
-34321.80943764842
 30
0.0
 11
9024.111304926936
 21
-34134.91532724828
 31
0.0
1001
REVIT
1002
{
1070
     1
1000
22908424
1002
}
1002
{
1070
     2
1000
-2000051
1002
}
1002
{
1070
     3
1000
22907988
1002
}
  0
LINE
  5
66B
330
70
100
AcDbEntity
  8
A-ALV-___-___-EXI
100
AcDbLine
 10
4810.131125944573
 20
-29749.84636840991
 30
0.0
 11
4885.017155438894
 21
-29748.85812351131
 31
0.0
1001
REVIT
1002
{
1070
     1
1000
22908391
1002
}
1002
{
1070
     2
1000
-2000051
1002
}
1002
{
1070
     3
1000
22907988
1002
}
  0
LINE
  5
66C
330
70
100
AcDbEntity
  8
A-ALV-___-___-EXI
100
AcDbLine
 10
4885.017155438894
 20
-29748.85812351131
 30
0.0
 11
4810.131125944573
 21
-29749.84636840991
 31
0.0
1001
REVIT
1002
{
1070
     1
1000
22908391
1002
}
1002
{
1070
     2
1000
-2000051
1002
}
1002
{
1070
     3
1000
22907988
1002
}
  0
LINE
  5
66D
330
70
100
AcDbEntity
  8
A-ALV-___-___-EXI
100
AcDbLine
 10
1435.200439706513
 20
-29941.72314877536
 30
0.0
 11
270.1908067615661
 21
-29949.73874950645
 31
0.0
1001
REVIT
1002
{
1070
     1
1000
22908387
1002
}
1002
{
1070
     2
1000
-2000051
1002
}
1002
{
1070
     3
1000
22907988
1002
}
  0
LINE
  5
66E
330
70
100
AcDbEntity
  8
A-ALV-___-___-EXI
100
AcDbLine
 10
270.1908067615661
 20
-29949.73874950645
 30
0.0
 11
386.8237565228257
 21
-29947.94019549699
 31
0.0
1001
REVIT
1002
{
1070
     1
1000
22908387
1002
}
1002
{
1070
     2
1000
-2000051
1002
}
1002
{
1070
     3
1000
22907988
1002
}
  0
LINE
  5
66F
330
70
100
AcDbEntity
  8
A-ALV-___-___-EXI
100
AcDbLine
 10
386.8237565228257
 20
-29947.94019549699
 30
0.0
 11
270.1908067615372
 21
-29949.73874950645
 31
0.0
1001
REVIT
1002
{
1070
     1
1000
22908387
1002
}
1002
{
1070
     2
1000
-2000051
1002
}
1002
{
1070
     3
1000
22907988
1002
}
  0
LINE
  5
670
330
70
100
AcDbEntity
  8
A-ALV-___-___-EXI
100
AcDbLine
 10
270.1908067615372
 20
-29949.73874950645
 30
0.0
 11
281.3520041304354
 21
-29948.56566039234
 31
0.0
1001
REVIT
1002
{
1070
     1
1000
22908387
1002
}
1002
{
1070
     2
1000
-2000051
1002
}
1002
{
1070
     3
1000
22907988
1002
}
  0
LINE
  5
671
330
70
100
AcDbEntity
  8
A-ALV-___-___-EXI
100
AcDbLine
 10
281.3520041304354
 20
-29948.56566039234
 30
0.0
 11
270.1908067615068
 21
-29949.73874950645
 31
0.0
1001
REVIT
1002
{
1070
     1
1000
22908387
1002
}
1002
{
1070
     2
1000
-2000051
1002
}
1002
{
1070
     3
1000
22907988
1002
}
  0
LINE
  5
672
330
70
100
AcDbEntity
  8
A-ALV-___-___-EXI
100
AcDbLine
 10
270.1908067615068
 20
-29949.73874950645
 30
0.0
 11
281.3520041304343
 21
-29948.56566039234
 31
0.0
1001
REVIT
1002
{
1070
     1
1000
22908387
1002
}
1002
{
1070
     2
1000
-2000051
1002
}
1002
{
1070
     3
1000
22907988
1002
}
  0
LINE
  5
673
330
70
100
AcDbEntity
  8
A-ALV-___-___-EXI
100
AcDbLine
 10
269.8070327134855
 20
-29938.25686575768
 30
0.0
 11
269.446407234588
 21
-29927.46754884874
 31
0.0
1001
REVIT
1002
{
1070
     1
1000
22908375
1002
}
1002
{
1070
     2
1000
-2000051
1002
}
1002
{
1070
     3
1000
22907988
1002
}
  0
LINE
  5
674
330
70
100
AcDbEntity
  8
A-ALV-___-___-EXI
100
AcDbLine
 10
269.446407234588
 20
-29927.46754884874
 30
0.0
 11
269.8070327134875
 21
-29748.63412397785
 31
0.0
1001
REVIT
1002
{
1070
     1
1000
22908375
1002
}
1002
{
1070
     2
1000
-2000051
1002
}
1002
{
1070
     3
1000
22907988
1002
}
  0
LINE
  5
675
330
70
100
AcDbEntity
  8
A-ALV-___-___-EXI
100
AcDbLine
 10
269.8070327134875
 20
-29748.63412397785
 30
0.0
 11
269.4464072345859
 21
-29927.46754884874
 31
0.0
1001
REVIT
1002
{
1070
     1
1000
22908375
1002
}
1002
{
1070
     2
1000
-2000051
1002
}
1002
{
1070
     3
1000
22907988
1002
}
  0
LINE
  5
676
330
70
100
AcDbEntity
  8
A-ALV-___-___-EXI
100
AcDbLine
 10
9339.902389639155
 20
-34101.72434678554
 30
0.0
 11
9562.675429523999
 21
-26849.86244044558
 31
0.0
1001
REVIT
1002
{
1070
     1
1000
22908363
1002
}
1002
{
1070
     2
1000
-2000051
1002
}
1002
{
1070
     3
1000
22907988
1002
}
  0
LINE
  5
677
330
70
100
AcDbEntity
  8
A-ALV-___-___-EXI
100
AcDbLine
 10
9562.675429523999
 20
-26849.86244044558
 30
0.0
 11
9562.266021744461
 21
-26830.74880790796
 31
0.0
1001
REVIT
1002
{
1070
     1
1000
22908363
1002
}
1002
{
1070
     2
1000
-2000051
1002
}
1002
{
1070
     3
1000
22907988
1002
}
  0
LINE
  5
678
330
70
100
AcDbEntity
  8
A-ALV-___-___-EXI
100
AcDbLine
 10
9562.266021744461
 20
-26830.74880790796
 30
0.0
 11
9559.920261276506
 21
-26796.23185091666
 31
0.0
1001
REVIT
1002
{
1070
     1
1000
22908363
1002
}
1002
{
1070
     2
1000
-2000051
1002
}
1002
{
1070
     3
1000
22907988
1002
}
  0
LINE
  5
679
330
70
100
AcDbEntity
  8
A-ALV-___-___-EXI
100
AcDbLine
 10
9559.920261276506
 20
-26796.23185091666
 30
0.0
 11
9562.266021744461
 21
-26830.74880790797
 31
0.0
1001
REVIT
1002
{
1070
     1
1000
22908363
1002
}
1002
{
1070
     2
1000
-2000051
1002
}
1002
{
1070
     3
1000
22907988
1002
}
  0
LINE
  5
67A
330
70
100
AcDbEntity
  8
A-ALV-___-___-EXI
100
AcDbLine
 10
9562.266021744477
 20
-26830.74880790827
 30
0.0
 11
8943.399724850356
 21
-14776.01213364427
 31
0.0
1001
REVIT
1002
{
1070
     1
1000
22908357
1002
}
1002
{
1070
     2
1000
-2000051
1002
}
1002
{
1070
     3
1000
22907988
1002
}
  0
LINE
  5
67B
330
70
100
AcDbEntity
  8
A-ALV-___-___-EXI
100
AcDbLine
 10
8943.399724850356
 20
-14776.01213364427
 30
0.0
 11
8932.29517068748
 21
-14579.22708468262
 31
0.0
1001
REVIT
1002
{
1070
     1
1000
22908357
1002
}
1002
{
1070
     2
1000
-2000051
1002
}
1002
{
1070
     3
1000
22907988
1002
}
  0
LINE
  5
67C
330
70
100
AcDbEntity
  8
A-ALV-___-___-EXI
100
AcDbLine
 10
8932.29517068748
 20
-14579.22708468262
 30
0.0
 11
8943.399724850353
 21
-14776.01213364426
 31
0.0
1001
REVIT
1002
{
1070
     1
1000
22908357
1002
}
1002
{
1070
     2
1000
-2000051
1002
}
1002
{
1070
     3
1000
22907988
1002
}
  0
LINE
  5
67D
330
70
100
AcDbEntity
  8
A-ALV-___-___-EXI
100
AcDbLine
 10
7624.17543491605
 20
-34181.48203538347
 30
0.0
 11
7624.185007458996
 21
-34120.81826300958
 31
0.0
1001
REVIT
1002
{
1070
     1
1000
22908336
1002
}
1002
{
1070
     2
1000
-2000051
1002
}
1002
{
1070
     3
1000
22907988
1002
}
  0
LINE
  5
67E
330
70
100
AcDbEntity
  8
A-ALV-___-___-EXI
100
AcDbLine
 10
7624.185007458996
 20
-34120.81826300958
 30
0.0
 11
7624.175434916054
 21
-34181.48203538347
 31
0.0
1001
REVIT
1002
{
1070
     1
1000
22908336
1002
}
1002
{
1070
     2
1000
-2000051
1002
}
1002
{
1070
     3
1000
22907988
1002
}
  0
LINE
  5
67F
330
70
100
AcDbEntity
  8
A-ALV-___-___-EXI
100
AcDbLine
 10
7624.175434916054
 20
-34181.48203538347
 30
0.0
 11
7622.989826083454
 21
-34322.08884344051
 31
0.0
1001
REVIT
1002
{
1070
     1
1000
22908336
1002
}
1002
{
1070
     2
1000
-2000051
1002
}
1002
{
1070
     3
1000
22907988
1002
}
  0
LINE
  5
680
330
70
100
AcDbEntity
  8
A-ALV-___-___-EXI
100
AcDbLine
 10
7622.989826083454
 20
-34322.08884344051
 30
0.0
 11
6694.958687626947
 21
-34320.89175711573
 31
0.0
1001
REVIT
1002
{
1070
     1
1000
22908336
1002
}
1002
{
1070
     2
1000
-2000051
1002
}
1002
{
1070
     3
1000
22907988
1002
}
  0
LINE
  5
681
330
70
100
AcDbEntity
  8
A-ALV-___-___-EXI
100
AcDbLine
 10
6303.094702387926
 20
-34246.87560686299
 30
0.0
 11
6303.016595886719
 21
-34248.50393846462
 31
0.0
1001
REVIT
1002
{
1070
     1
1000
22908328
1002
}
1002
{
1070
     2
1000
-2000051
1002
}
1002
{
1070
     3
1000
22907988
1002
}
  0
LINE
  5
682
330
70
100
AcDbEntity
  8
A-ALV-___-___-EXI
100
AcDbLine
 10
6303.016595886719
 20
-34248.50393846462
 30
0.0
 11
6302.605485733021
 21
-34259.72186798329
 31
0.0
1001
REVIT
1002
{
1070
     1
1000
22908328
1002
}
1002
{
1070
     2
1000
-2000051
1002
}
1002
{
1070
     3
1000
22907988
1002
}
  0
LINE
  5
683
330
70
100
AcDbEntity
  8
A-ALV-___-___-EXI
100
AcDbLine
 10
6302.605485733021
 20
-34259.72186798329
 30
0.0
 11
6302.595913190078
 21
-34320.38564035718
 31
0.0
1001
REVIT
1002
{
1070
     1
1000
22908328
1002
}
1002
{
1070
     2
1000
-2000051
1002
}
1002
{
1070
     3
1000
22907988
1002
}
  0
LINE
  5
684
330
70
100
AcDbEntity
  8
A-ALV-___-___-EXI
100
AcDbLine
 10
7310.425304461545
 20
-29951.31330424356
 30
0.0
 11
7311.134873716342
 21
-29966.159675011
 31
0.0
1001
REVIT
1002
{
1070
     1
1000
22908313
1002
}
1002
{
1070
     2
1000
-2000051
1002
}
1002
{
1070
     3
1000
22907988
1002
}
  0
LINE
  5
685
330
70
100
AcDbEntity
  8
A-ALV-___-___-EXI
100
AcDbLine
 10
7311.134873716342
 20
-29966.159675011
 30
0.0
 11
7310.425304461545
 21
-29951.31330424356
 31
0.0
1001
REVIT
1002
{
1070
     1
1000
22908313
1002
}
1002
{
1070
     2
1000
-2000051
1002
}
1002
{
1070
     3
1000
22907988
1002
}
  0
LINE
  5
686
330
70
100
AcDbEntity
  8
A-ALV-___-___-EXI
100
AcDbLine
 10
6303.950880696029
 20
-34120.694654313
 30
0.0
 11
7308.2327550932
 21
-34122.09841115963
 31
0.0
1001
REVIT
1002
{
1070
     1
1000
22908307
1002
}
1002
{
1070
     2
1000
-2000051
1002
}
1002
{
1070
     3
1000
22907988
1002
}
  0
LINE
  5
687
330
70
100
AcDbEntity
  8
A-ALV-___-___-EXI
100
AcDbLine
 10
7308.2327550932
 20
-34122.09841115963
 30
0.0
 11
6303.950880696029
 21
-34120.694654313
 31
0.0
1001
REVIT
1002
{
1070
     1
1000
22908307
1002
}
1002
{
1070
     2
1000
-2000051
1002
}
1002
{
1070
     3
1000
22907988
1002
}
  0
LINE
  5
688
330
70
100
AcDbEntity
  8
A-ALV-___-___-EXI
100
AcDbLine
 10
-1617.69860368717
 20
-34127.25091062221
 30
0.0
 11
-1616.889793094304
 21
-34231.64091522661
 31
0.0
1001
REVIT
1002
{
1070
     1
1000
22908305
1002
}
1002
{
1070
     2
1000
-2000051
1002
}
1002
{
1070
     3
1000
22907988
1002
}
  0
LINE
  5
689
330
70
100
AcDbEntity
  8
A-ALV-___-___-EXI
100
AcDbLine
 10
-1616.889793094304
 20
-34231.64091522661
 30
0.0
 11
-1617.567967608857
 21
-34316.3207892859
 31
0.0
1001
REVIT
1002
{
1070
     1
1000
22908305
1002
}
1002
{
1070
     2
1000
-2000051
1002
}
1002
{
1070
     3
1000
22907988
1002
}
  0
LINE
  5
68A
330
70
100
AcDbEntity
  8
A-ALV-___-___-EXI
100
AcDbLine
 10
-2417.507682296338
 20
-23117.4074438636
 30
0.0
 11
-2418.067569986909
 21
-23145.91715817866
 31
0.0
1001
REVIT
1002
{
1070
     1
1000
22908298
1002
}
1002
{
1070
     2
1000
-2000051
1002
}
1002
{
1070
     3
1000
22907988
1002
}
  0
LINE
  5
68B
330
70
100
AcDbEntity
  8
A-ALV-___-___-EXI
100
AcDbLine
 10
-2418.067569986909
 20
-23145.91715817866
 30
0.0
 11
-2418.165917376426
 21
-23281.62052469588
 31
0.0
1001
REVIT
1002
{
1070
     1
1000
22908298
1002
}
1002
{
1070
     2
1000
-2000051
1002
}
1002
{
1070
     3
1000
22907988
1002
}
  0
LINE
  5
68C
330
70
100
AcDbEntity
  8
A-ALV-___-___-EXI
100
AcDbLine
 10
-2418.165917376426
 20
-23281.62052469588
 30
0.0
 11
-2417.580436934676
 21
-23292.65023521695
 31
0.0
1001
REVIT
1002
{
1070
     1
1000
22908298
1002
}
1002
{
1070
     2
1000
-2000051
1002
}
1002
{
1070
     3
1000
22907988
1002
}
  0
LINE
  5
68D
330
70
100
AcDbEntity
  8
A-ALV-___-___-EXI
100
AcDbLine
 10
-2417.580436934676
 20
-23292.65023521695
 30
0.0
 11
-2418.165917376426
 21
-23281.62052469588
 31
0.0
1001
REVIT
1002
{
1070
     1
1000
22908298
1002
}
1002
{
1070
     2
1000
-2000051
1002
}
1002
{
1070
     3
1000
22907988
1002
}
  0
LINE
  5
68E
330
70
100
AcDbEntity
  8
A-ALV-___-___-EXI
100
AcDbLine
 10
-2418.165917376426
 20
-23281.62052469588
 30
0.0
 11
-2420.007844135558
 21
-27015.76702110444
 31
0.0
1001
REVIT
1002
{
1070
     1
1000
22908298
1002
}
1002
{
1070
     2
1000
-2000051
1002
}
1002
{
1070
     3
1000
22907988
1002
}
  0
LINE
  5
68F
330
70
100
AcDbEntity
  8
A-ALV-___-___-EXI
100
AcDbLine
 10
-2420.007844135558
 20
-27015.76702110444
 30
0.0
 11
-2420.860672787804
 21
-29787.18724189636
 31
0.0
1001
REVIT
1002
{
1070
     1
1000
22908298
1002
}
1002
{
1070
     2
1000
-2000051
1002
}
1002
{
1070
     3
1000
22907988
1002
}
  0
LINE
  5
690
330
70
100
AcDbEntity
  8
A-ALV-___-___-EXI
100
AcDbLine
 10
-2420.860672787804
 20
-29787.18724189636
 30
0.0
 11
-2421.044390275572
 21
-29937.26707844436
 31
0.0
1001
REVIT
1002
{
1070
     1
1000
22908298
1002
}
1002
{
1070
     2
1000
-2000051
1002
}
1002
{
1070
     3
1000
22907988
1002
}
  0
LINE
  5
691
330
70
100
AcDbEntity
  8
A-ALV-___-___-EXI
100
AcDbLine
 10
-2421.044390275572
 20
-29937.26707844436
 30
0.0
 11
-2420.642852664818
 21
-29986.71292129957
 31
0.0
1001
REVIT
1002
{
1070
     1
1000
22908298
1002
}
1002
{
1070
     2
1000
-2000051
1002
}
1002
{
1070
     3
1000
22907988
1002
}
  0
LINE
  5
692
330
70
100
AcDbEntity
  8
A-ALV-___-___-EXI
100
AcDbLine
 10
-2420.642852664818
 20
-29986.71292129957
 30
0.0
 11
-2420.362010567878
 21
-29992.57671370559
 31
0.0
1001
REVIT
1002
{
1070
     1
1000
22908298
1002
}
1002
{
1070
     2
1000
-2000051
1002
}
1002
{
1070
     3
1000
22907988
1002
}
  0
LINE
  5
693
330
70
100
AcDbEntity
  8
A-ALV-___-___-EXI
100
AcDbLine
 10
-2420.362010567878
 20
-29992.57671370559
 30
0.0
 11
-2420.642852664818
 21
-29986.71292129957
 31
0.0
1001
REVIT
1002
{
1070
     1
1000
22908298
1002
}
1002
{
1070
     2
1000
-2000051
1002
}
1002
{
1070
     3
1000
22907988
1002
}
  0
LINE
  5
694
330
70
100
AcDbEntity
  8
A-ALV-___-___-EXI
100
AcDbLine
 10
-2420.642852664818
 20
-29986.71292129957
 30
0.0
 11
-2423.375389055104
 21
-34137.61044543709
 31
0.0
1001
REVIT
1002
{
1070
     1
1000
22908298
1002
}
1002
{
1070
     2
1000
-2000051
1002
}
1002
{
1070
     3
1000
22907988
1002
}
  0
LINE
  5
695
330
70
100
AcDbEntity
  8
A-ALV-___-___-EXI
100
AcDbLine
 10
-2423.375389055104
 20
-34137.61044543709
 30
0.0
 11
-2422.082826264365
 21
-34137.47459161343
 31
0.0
1001
REVIT
1002
{
1070
     1
1000
22908298
1002
}
1002
{
1070
     2
1000
-2000051
1002
}
1002
{
1070
     3
1000
22907988
1002
}
  0
LINE
  5
696
330
70
100
AcDbEntity
  8
A-ALV-___-___-EXI
100
AcDbLine
 10
-2422.082826264365
 20
-34137.47459161343
 30
0.0
 11
-2423.375389055101
 21
-34137.61044543709
 31
0.0
1001
REVIT
1002
{
1070
     1
1000
22908298
1002
}
1002
{
1070
     2
1000
-2000051
1002
}
1002
{
1070
     3
1000
22907988
1002
}
  0
LINE
  5
697
330
70
100
AcDbEntity
  8
A-ALV-___-___-EXI
100
AcDbLine
 10
-2423.375389055101
 20
-34137.61044543709
 30
0.0
 11
-2422.082868800524
 21
-34137.57704769378
 31
0.0
1001
REVIT
1002
{
1070
     1
1000
22908298
1002
}
1002
{
1070
     2
1000
-2000051
1002
}
1002
{
1070
     3
1000
22907988
1002
}
  0
LINE
  5
698
330
70
100
AcDbEntity
  8
A-ALV-___-___-EXI
100
AcDbLine
 10
-2422.082868800524
 20
-34137.57704769378
 30
0.0
 11
-2423.375389055104
 21
-34137.61044543709
 31
0.0
1001
REVIT
1002
{
1070
     1
1000
22908298
1002
}
1002
{
1070
     2
1000
-2000051
1002
}
1002
{
1070
     3
1000
22907988
1002
}
  0
LINE
  5
699
330
70
100
AcDbEntity
  8
A-ALV-___-___-EXI
100
AcDbLine
 10
-2423.375389055104
 20
-34137.61044543709
 30
0.0
 11
-2423.053053747978
 21
-34201.43211006174
 31
0.0
1001
REVIT
1002
{
1070
     1
1000
22908298
1002
}
1002
{
1070
     2
1000
-2000051
1002
}
1002
{
1070
     3
1000
22907988
1002
}
  0
LINE
  5
69A
330
70
100
AcDbEntity
  8
A-ALV-___-___-EXI
100
AcDbLine
 10
-2423.053053747978
 20
-34201.43211006174
 30
0.0
 11
-2422.15705911044
 21
-34316.27791540567
 31
0.0
1001
REVIT
1002
{
1070
     1
1000
22908298
1002
}
1002
{
1070
     2
1000
-2000051
1002
}
1002
{
1070
     3
1000
22907988
1002
}
  0
LINE
  5
69B
330
70
100
AcDbEntity
  8
A-ALV-___-___-EXI
100
AcDbLine
 10
6555.549361294433
 20
-29750.53683543847
 30
0.0
 11
6146.332069754996
 21
-29750.38522521729
 31
0.0
1001
REVIT
1002
{
1070
     1
1000
22908265
1002
}
1002
{
1070
     2
1000
-2000051
1002
}
1002
{
1070
     3
1000
22907988
1002
}
  0
LINE
  5
69C
330
70
100
AcDbEntity
  8
A-ALV-___-___-EXI
100
AcDbLine
 10
6146.332069754996
 20
-29750.38522521729
 30
0.0
 11
6555.549361286252
 21
-29750.53683543848
 31
0.0
1001
REVIT
1002
{
1070
     1
1000
22908265
1002
}
1002
{
1070
     2
1000
-2000051
1002
}
1002
{
1070
     3
1000
22907988
1002
}
  0
LINE
  5
69D
330
70
100
AcDbEntity
  8
A-ALV-___-___-EXI
100
AcDbLine
 10
-2420.007844135558
 20
-27015.76702110444
 30
0.0
 11
-2419.131157334215
 21
-27027.84262472981
 31
0.0
1001
REVIT
1002
{
1070
     1
1000
22908240
1002
}
1002
{
1070
     2
1000
-2000051
1002
}
1002
{
1070
     3
1000
22907988
1002
}
  0
LINE
  5
69E
330
70
100
AcDbEntity
  8
A-ALV-___-___-EXI
100
AcDbLine
 10
-2419.131157334215
 20
-27027.84262472981
 30
0.0
 11
-2420.007844135558
 21
-27015.76702110444
 31
0.0
1001
REVIT
1002
{
1070
     1
1000
22908240
1002
}
1002
{
1070
     2
1000
-2000051
1002
}
1002
{
1070
     3
1000
22907988
1002
}
  0
LINE
  5
69F
330
70
100
AcDbEntity
  8
A-ALV-___-___-EXI
100
AcDbLine
 10
-2219.979935844516
 20
-29766.10870665193
 30
0.0
 11
-699.9891463886508
 21
-29756.37688318574
 31
0.0
1001
REVIT
1002
{
1070
     1
1000
22908234
1002
}
1002
{
1070
     2
1000
-2000051
1002
}
1002
{
1070
     3
1000
22907988
1002
}
  0
LINE
  5
6A0
330
70
100
AcDbEntity
  8
A-ALV-___-___-EXI
100
AcDbLine
 10
-699.9891463886508
 20
-29756.37688318574
 30
0.0
 11
-2219.979935844516
 21
-29766.10870665193
 31
0.0
1001
REVIT
1002
{
1070
     1
1000
22908234
1002
}
1002
{
1070
     2
1000
-2000051
1002
}
1002
{
1070
     3
1000
22907988
1002
}
  0
LINE
  5
6A1
330
70
100
AcDbEntity
  8
A-ALV-___-___-EXI
100
AcDbLine
 10
5619.516764511238
 20
-26849.24408416375
 30
0.0
 11
5648.604123408322
 21
-26848.93449547401
 31
0.0
1001
REVIT
1002
{
1070
     1
1000
22908229
1002
}
1002
{
1070
     2
1000
-2000051
1002
}
1002
{
1070
     3
1000
22907988
1002
}
  0
LINE
  5
6A2
330
70
100
AcDbEntity
  8
A-ALV-___-___-EXI
100
AcDbLine
 10
5648.604123408322
 20
-26848.93449547401
 30
0.0
 11
5619.516764511238
 21
-26849.24408416375
 31
0.0
1001
REVIT
1002
{
1070
     1
1000
22908229
1002
}
1002
{
1070
     2
1000
-2000051
1002
}
1002
{
1070
     3
1000
22907988
1002
}
  0
LINE
  5
6A3
330
70
100
AcDbEntity
  8
A-ALV-___-___-EXI
100
AcDbLine
 10
5622.621792906077
 20
-26848.91773252883
 30
0.0
 11
5619.516764511253
 21
-26849.24408416375
 31
0.0
1001
REVIT
1002
{
1070
     1
1000
22908226
1002
}
1002
{
1070
     2
1000
-2000051
1002
}
1002
{
1070
     3
1000
22907988
1002
}
  0
LINE
  5
6A4
330
70
100
AcDbEntity
  8
A-ALV-___-___-EXI
100
AcDbLine
 10
5619.516764511253
 20
-26849.24408416375
 30
0.0
 11
5622.621792906159
 21
-26848.91773252882
 31
0.0
1001
REVIT
1002
{
1070
     1
1000
22908226
1002
}
1002
{
1070
     2
1000
-2000051
1002
}
1002
{
1070
     3
1000
22907988
1002
}
  0
LINE
  5
6A5
330
70
100
AcDbEntity
  8
A-ALV-___-___-EXI
100
AcDbLine
 10
5622.621792906159
 20
-26848.91773252882
 30
0.0
 11
5619.516764511253
 21
-26849.24408416375
 31
0.0
1001
REVIT
1002
{
1070
     1
1000
22908226
1002
}
1002
{
1070
     2
1000
-2000051
1002
}
1002
{
1070
     3
1000
22907988
1002
}
  0
LINE
  5
6A6
330
70
100
AcDbEntity
  8
A-ALV-___-___-EXI
100
AcDbLine
 10
5619.516764511253
 20
-26849.24408416375
 30
0.0
 11
4891.547302965773
 21
-26849.13010559949
 31
0.0
1001
REVIT
1002
{
1070
     1
1000
22908226
1002
}
1002
{
1070
     2
1000
-2000051
1002
}
1002
{
1070
     3
1000
22907988
1002
}
  0
LINE
  5
6A7
330
70
100
AcDbEntity
  8
A-ALV-___-___-EXI
100
AcDbLine
 10
4891.547302965773
 20
-26849.13010559949
 30
0.0
 11
4898.015786700769
 21
-26848.45024056319
 31
0.0
1001
REVIT
1002
{
1070
     1
1000
22908226
1002
}
1002
{
1070
     2
1000
-2000051
1002
}
1002
{
1070
     3
1000
22907988
1002
}
  0
LINE
  5
6A8
330
70
100
AcDbEntity
  8
A-ALV-___-___-EXI
100
AcDbLine
 10
4898.015786700769
 20
-26848.45024056319
 30
0.0
 11
4891.547302965475
 21
-26849.13010559951
 31
0.0
1001
REVIT
1002
{
1070
     1
1000
22908226
1002
}
1002
{
1070
     2
1000
-2000051
1002
}
1002
{
1070
     3
1000
22907988
1002
}
  0
LINE
  5
6A9
330
70
100
AcDbEntity
  8
A-ALV-___-___-EXI
100
AcDbLine
 10
4891.547302966159
 20
-26849.13010559945
 30
0.0
 11
4900.48720287507
 21
-26848.45183503962
 31
0.0
1001
REVIT
1002
{
1070
     1
1000
22908223
1002
}
1002
{
1070
     2
1000
-2000051
1002
}
1002
{
1070
     3
1000
22907988
1002
}
  0
LINE
  5
6AA
330
70
100
AcDbEntity
  8
A-ALV-___-___-EXI
100
AcDbLine
 10
4900.48720287507
 20
-26848.45183503962
 30
0.0
 11
4891.547302966159
 21
-26849.13010559945
 31
0.0
1001
REVIT
1002
{
1070
     1
1000
22908223
1002
}
1002
{
1070
     2
1000
-2000051
1002
}
1002
{
1070
     3
1000
22907988
1002
}
  0
LINE
  5
6AB
330
70
100
AcDbEntity
  8
A-ALV-___-___-EXI
100
AcDbLine
 10
4898.015786700769
 20
-26848.45024056319
 30
0.0
 11
4891.547302965753
 21
-26849.13010559949
 31
0.0
1001
REVIT
1002
{
1070
     1
1000
22908219
1002
}
1002
{
1070
     2
1000
-2000051
1002
}
1002
{
1070
     3
1000
22907988
1002
}
  0
LINE
  5
6AC
330
70
100
AcDbEntity
  8
A-ALV-___-___-EXI
100
AcDbLine
 10
4891.547302965753
 20
-26849.13010559949
 30
0.0
 11
4891.907928444652
 21
-26670.29668072859
 31
0.0
1001
REVIT
1002
{
1070
     1
1000
22908219
1002
}
1002
{
1070
     2
1000
-2000051
1002
}
1002
{
1070
     3
1000
22907988
1002
}
  0
LINE
  5
6AD
330
70
100
AcDbEntity
  8
A-ALV-___-___-EXI
100
AcDbLine
 10
4891.907928444652
 20
-26670.29668072859
 30
0.0
 11
4892.352914547008
 21
-26660.96254358199
 31
0.0
1001
REVIT
1002
{
1070
     1
1000
22908219
1002
}
1002
{
1070
     2
1000
-2000051
1002
}
1002
{
1070
     3
1000
22907988
1002
}
  0
LINE
  5
6AE
330
70
100
AcDbEntity
  8
A-ALV-___-___-EXI
100
AcDbLine
 10
4878.602298078168
 20
-26164.0435885596
 30
0.0
 11
4883.613162950307
 21
-26174.95763320356
 31
0.0
1001
REVIT
1002
{
1070
     1
1000
22908205
1002
}
1002
{
1070
     2
1000
-2000051
1002
}
1002
{
1070
     3
1000
22907988
1002
}
  0
LINE
  5
6AF
330
70
100
AcDbEntity
  8
A-ALV-___-___-EXI
100
AcDbLine
 10
4883.613162950307
 20
-26174.95763320356
 30
0.0
 11
4878.602298078168
 21
-26164.0435885596
 31
0.0
1001
REVIT
1002
{
1070
     1
1000
22908205
1002
}
1002
{
1070
     2
1000
-2000051
1002
}
1002
{
1070
     3
1000
22907988
1002
}
  0
LINE
  5
6B0
330
70
100
AcDbEntity
  8
A-ALV-___-___-EXI
100
AcDbLine
 10
4883.407814584661
 20
-26163.53850842213
 30
0.0
 11
4878.602298078168
 21
-26164.0435885596
 31
0.0
1001
REVIT
1002
{
1070
     1
1000
22908202
1002
}
1002
{
1070
     2
1000
-2000051
1002
}
1002
{
1070
     3
1000
22907988
1002
}
  0
LINE
  5
6B1
330
70
100
AcDbEntity
  8
A-ALV-___-___-EXI
100
AcDbLine
 10
4878.602298078168
 20
-26164.0435885596
 30
0.0
 11
4883.407814584661
 21
-26163.53850842213
 31
0.0
1001
REVIT
1002
{
1070
     1
1000
22908202
1002
}
1002
{
1070
     2
1000
-2000051
1002
}
1002
{
1070
     3
1000
22907988
1002
}
  0
LINE
  5
6B2
330
70
100
AcDbEntity
  8
A-ALV-___-___-EXI
100
AcDbLine
 10
-930.7447718996213
 20
-22979.05200044928
 30
0.0
 11
-930.6915609923995
 21
-22989.58764020087
 31
0.0
1001
REVIT
1002
{
1070
     1
1000
22908183
1002
}
1002
{
1070
     2
1000
-2000051
1002
}
1002
{
1070
     3
1000
22907988
1002
}
  0
LINE
  5
6B3
330
70
100
AcDbEntity
  8
A-ALV-___-___-EXI
100
AcDbLine
 10
-930.6915609923995
 20
-22989.58764020087
 30
0.0
 11
-930.7960761765393
 21
-23125.29165497942
 31
0.0
1001
REVIT
1002
{
1070
     1
1000
22908183
1002
}
1002
{
1070
     2
1000
-2000051
1002
}
1002
{
1070
     3
1000
22907988
1002
}
  0
LINE
  5
6B4
330
70
100
AcDbEntity
  8
A-JAN-___-___-EXI
100
AcDbLine
 10
7512.916680351661
 20
-25665.26797654015
 30
0.0
 11
7513.083417064932
 21
-25135.24944133132
 31
0.0
1001
REVIT
1002
{
1070
     1
1000
22910374
1002
}
1002
{
1070
     2
1000
-2000051
1002
}
1002
{
1070
     3
1000
22907988
1002
}
  0
LINE
  5
6B5
330
70
100
AcDbEntity
  8
A-ALV-___-___-EXI
100
AcDbLine
 10
7513.083417064932
 20
-25135.24944133132
 30
0.0
 11
7313.553504197044
 21
-25135.46782862096
 31
0.0
1001
REVIT
1002
{
1070
     1
1000
22910374
1002
}
1002
{
1070
     2
1000
-2000051
1002
}
1002
{
1070
     3
1000
22907988
1002
}
  0
LINE
  5
6B6
330
70
100
AcDbEntity
  8
A-JAN-___-___-EXI
100
AcDbLine
 10
7313.553504197044
 20
-25135.46782862096
 30
0.0
 11
7313.389851381083
 21
-25665.48603969912
 31
0.0
1001
REVIT
1002
{
1070
     1
1000
22910374
1002
}
1002
{
1070
     2
1000
-2000051
1002
}
1002
{
1070
     3
1000
22907988
1002
}
  0
LINE
  5
6B7
330
70
100
AcDbEntity
  8
A-POR-___-___-EXI
100
AcDbLine
 10
1020.032234800971
 20
-14574.33181083844
 30
0.0
 11
1969.965809096953
 21
-14575.06224986214
 31
0.0
1001
REVIT
1002
{
1070
     1
1000
22910044
1002
}
1002
{
1070
     2
1000
-2000051
1002
}
1002
{
1070
     3
1000
22907988
1002
}
  0
LINE
  5
6B8
330
70
100
AcDbEntity
  8
A-POR-___-___-EXI
100
AcDbLine
 10
1969.965809096953
 20
-14575.06224986214
 30
0.0
 11
1970.69741538593
 21
-13625.13414641224
 31
0.0
1001
REVIT
1002
{
1070
     1
1000
22910044
1002
}
1002
{
1070
     2
1000
-2000051
1002
}
1002
{
1070
     3
1000
22907988
1002
}
  0
VIEWPORT
  5
45C
330
6C
100
AcDbEntity
 67
     1
  8
A-MOB-___-___-EXI
100
AcDbViewport
 10
156.0564112095325
 20
203.7983310152851
 30
0.0
 40
172.952157735244
 41
240.2833205728563
 68
     2
 69
     2
 12
2448.748071706924
 22
-24442.26134266811
 13
0.0
 23
0.0
 14
0.0
 24
0.0
 15
0.0
 25
0.0
 16
0.0
 26
0.0
 36
1.0
 17
0.0
 27
0.0
 37
0.0
 42
0.0
 43
0.0
 44
0.0
 45
24028.33205728563
 50
0.0
 51
0.0
 72
  1000
 90
    32768
  1

281
     0
 71
     1
 74
     1
110
0.0
120
0.0
130
0.0
111
1.0
121
0.0
131
0.0
112
0.0
122
1.0
132
0.0
 79
     0
146
0.0
170
     0
 61
     5
292
     1
282
     1
141
0.0
142
0.0
 63
   250
421
  3355443
  0
VIEWPORT
  5
45E
330
6C
100
AcDbEntity
 67
     1
  8
0
100
AcDbViewport
 10
13.18725099601594
 20
4.5
 30
0.0
 40
30.37450199203187
 41
12.0
 68
     1
 69
     1
 12
13.18725099601594
 22
4.5
 13
0.0
 23
0.0
 14
0.0
 24
0.0
 15
0.0
 25
0.0
 16
0.0
 26
0.0
 36
1.0
 17
0.0
 27
0.0
 37
0.0
 42
50.0
 43
0.0
 44
0.0
 45
12.0
 50
0.0
 51
0.0
 72
   100
 90
    32800
  1

281
     0
 71
     1
 74
     1
110
0.0
120
0.0
130
0.0
111
1.0
121
0.0
131
0.0
112
0.0
122
1.0
132
0.0
 79
     0
146
0.0
170
     0
 61
     5
348
2F
292
     1
282
     1
141
0.0
142
0.0
 63
   250
421
  3355443
  0
INSERT
  5
46A
330
6C
100
AcDbEntity
 67
     1
  8
A-ESC-___-___-EXI
100
AcDbBlockReference
  2
SVG - A4-22914404-Não nomeada
 10
0.0
 20
0.0
 30
0.0
1001
REVIT
1002
{
1070
     1
1000
22914431
1002
}
1002
{
1070
     5
1000
22914404
1002
}
1002
{
1070
     2
1000
-2000280
1002
}
  0
ENDSEC
  0
SECTION
  2
OBJECTS
  0
DICTIONARY
  5
C
330
0
100
AcDbDictionary
281
     1
  3
ACAD_CIP_PREVIOUS_PRODUCT_INFO
350
79
  3
ACAD_COLOR
350
63
  3
ACAD_DETAILVIEWSTYLE
350
6A
  3
ACAD_GROUP
350
D
  3
ACAD_IMAGE_VARS
350
7A
  3
ACAD_LAYOUT
350
62
  3
ACAD_MATERIAL
350
10
  3
ACAD_MLEADERSTYLE
350
66
  3
ACAD_MLINESTYLE
350
5F
  3
ACAD_PLOTSETTINGS
350
61
  3
ACAD_PLOTSTYLENAME
350
E
  3
ACAD_RENDER_ACTIVE_RAPIDRT_SETTINGS
350
48A
  3
ACAD_RENDER_RAPIDRT_SETTINGS
350
483
  3
ACAD_SCALELIST
350
42
  3
ACAD_SECTIONVIEWSTYLE
350
68
  3
ACAD_TABLESTYLE
350
64
  3
ACAD_VISUALSTYLE
350
29
  3
ACDB_RECOMPOSE_DATA
350
6C9
  3
AcDbVariableDictionary
350
473
  3
REVIT_DICTIONARY
350
46B
  0
SUN
  5
472
330
57
100
AcDbSun
 90
        1
290
     1
 63
     7
421
 16777215
 40
0.3
291
     1
 91
  2460364
 92
 57769000
292
     0
 70
     1
 71
   128
280
     1
  0
DICTIONARY
  5
48F
330
2
100
AcDbDictionary
280
     1
281
     1
  3
ACAD_LAYERSTATES
360
490
  0
DICTIONARY
  5
470
330
70
100
AcDbDictionary
280
     1
281
     1
  3
ACAD_SORTENTS
360
471
  0
XRECORD
  5
79
102
{ACAD_REACTORS
330
C
102
}
330
C
100
AcDbXrecord
280
     1
300
ACD
300
2022
300

  0
DICTIONARY
  5
63
102
{ACAD_REACTORS
330
C
102
}
330
C
100
AcDbDictionary
281
     1
  0
DICTIONARY
  5
6A
102
{ACAD_REACTORS
330
C
102
}
330
C
100
AcDbDictionary
281
     1
  3
Imperial24
350
6B
  3
Metric50
350
47B
  0
DICTIONARY
  5
D
102
{ACAD_REACTORS
330
C
102
}
330
C
100
AcDbDictionary
281
     1
  0
RASTERVARIABLES
  5
7A
102
{ACAD_REACTORS
330
C
102
}
330
C
100
AcDbRasterVariables
 90
        0
 70
     0
 71
     1
 72
     1
  0
DICTIONARY
  5
62
102
{ACAD_REACTORS
330
C
102
}
330
C
100
AcDbDictionary
281
     1
  3
Layout1
350
6F
  3
Model
350
73
  0
DICTIONARY
  5
10
102
{ACAD_REACTORS
330
C
102
}
330
C
100
AcDbDictionary
281
     1
  3
ByBlock
350
19
  3
ByLayer
350
11
  3
Global
350
21
  0
DICTIONARY
  5
66
102
{ACAD_REACTORS
330
C
102
}
330
C
100
AcDbDictionary
281
     1
  3
Standard
350
67
  0
DICTIONARY
  5
5F
102
{ACAD_REACTORS
330
C
102
}
330
C
100
AcDbDictionary
281
     1
  3
Standard
350
60
  0
DICTIONARY
  5
61
102
{ACAD_REACTORS
330
C
102
}
330
C
100
AcDbDictionary
281
     1
  0
ACDBDICTIONARYWDFLT
  5
E
102
{ACAD_REACTORS
330
C
102
}
330
C
100
AcDbDictionary
281
     1
  3
Normal
350
F
100
AcDbDictionaryWithDefault
340
F
  0
RAPIDRTRENDERSETTINGS
  5
48A
102
{ACAD_REACTORS
330
C
102
}
330
C
100
AcDbRenderSettings
 90
        2
  1
Médio
290
     1
290
     0
290
     1
290
     1
  1

  1
Aplica 5 níveis de renderização
 90
        0
100
AcDbRapidRTRenderSettings
 90
        3
 70
     0
 90
        5
 90
        1
 70
     1
 70
     2
 40
3.0
 40
3.0
290
     1
  0
DICTIONARY
  5
483
102
{ACAD_REACTORS
330
C
102
}
330
C
100
AcDbDictionary
281
     1
  3
Alto
350
486
  3
Baixo
350
484
  3
Médio
350
485
  3
Qualidade de curta duração
350
487
  3
Qualidade de longa duração
350
489
  3
Qualidade de média duração
350
488
  0
DICTIONARY
  5
42
102
{ACAD_REACTORS
330
C
102
}
330
C
100
AcDbDictionary
281
     1
  3
A0
350
43
  3
A1
350
44
  3
A2
350
45
  3
A3
350
46
  3
A4
350
47
  3
A5
350
48
  3
A6
350
49
  3
A7
350
4A
  3
A8
350
4B
  3
A9
350
4C
  3
B0
350
4D
  3
B1
350
4E
  3
B2
350
4F
  3
B3
350
50
  3
B4
350
51
  3
B5
350
52
  3
B6
350
53
  0
DICTIONARY
  5
68
102
{ACAD_REACTORS
330
C
102
}
330
C
100
AcDbDictionary
281
     1
  3
Imperial24
350
69
  3
Metric50
350
47A
  0
DICTIONARY
  5
64
102
{ACAD_REACTORS
330
C
102
}
330
C
100
AcDbDictionary
281
     1
  3
Standard
350
65
  0
DICTIONARY
  5
29
102
{ACAD_REACTORS
330
C
102
}
330
C
100
AcDbDictionary
281
     1
  3
2dWireframe
350
2F
  3
Basic
350
2E
  3
Brighten
350
35
  3
ColorChange
350
39
  3
Conceptual
350
32
  3
Dim
350
34
  3
EdgeColorOff
350
41
  3
Facepattern
350
38
  3
Flat
350
2A
  3
FlatWithEdges
350
2B
  3
Gouraud
350
2C
  3
GouraudWithEdges
350
2D
  3
Hidden
350
31
  3
JitterOff
350
3F
  3
Linepattern
350
37
  3
OverhangOff
350
40
  3
Realistic
350
33
  3
Shaded
350
3E
  3
Shaded with edges
350
3D
  3
Shades of Gray
350
3A
  3
Sketchy
350
3B
  3
Thicken
350
36
  3
Wireframe
350
30
  3
X-Ray
350
3C
  0
XRECORD
  5
6C9
102
{ACAD_REACTORS
330
C
102
}
330
C
100
AcDbXrecord
280
     1
 90
        1
330
65
  0
DICTIONARY
  5
473
102
{ACAD_REACTORS
330
C
102
}
330
C
100
AcDbDictionary
281
     1
  3
CANNOSCALE
350
478
  3
CMLEADERSTYLE
350
475
  3
CTABLESTYLE
350
474
  3
CVIEWDETAILSTYLE
350
476
  3
CVIEWSECTIONSTYLE
350
477
  0
DICTIONARY
  5
46B
102
{ACAD_REACTORS
330
C
102
}
330
C
100
AcDbDictionary
281
     1
  3
DRAWING_TOOL
350
46F
  3
REVIT_CATEGORY_MAPPING
350
46D
  3
REVIT_SUB_CATEGORY_MAPPING
350
46E
  3
REVIT_TYPE_MAPPING
350
46C
  0
DICTIONARY
  5
490
102
{ACAD_REACTORS
330
48F
102
}
330
48F
100
AcDbDictionary
281
     1
  0
SORTENTSTABLE
  5
471
102
{ACAD_REACTORS
330
470
102
}
330
470
100
AcDbSortentsTable
330
70
331
1FC
  5
208
331
1FD
  5
20C
331
1FE
  5
210
331
1FF
  5
214
331
200
  5
215
331
204
  5
216
331
208
  5
217
331
20C
  5
218
331
210
  5
21A
331
214
  5
21B
331
215
  5
21C
331
216
  5
21D
331
217
  5
21E
331
218
  5
21F
331
21A
  5
220
331
21B
  5
221
331
21C
  5
222
331
21D
  5
223
331
21E
  5
224
331
21F
  5
225
331
220
  5
226
331
221
  5
227
331
222
  5
228
331
223
  5
22C
331
224
  5
230
331
225
  5
231
331
226
  5
232
331
227
  5
236
331
228
  5
23A
331
22C
  5
23B
331
230
  5
23C
331
231
  5
23D
331
232
  5
23F
331
236
  5
240
331
23A
  5
241
331
23B
  5
243
331
23C
  5
244
331
23D
  5
245
331
23F
  5
247
331
240
  5
248
331
241
  5
249
331
243
  5
24A
331
244
  5
24B
331
245
  5
24C
331
247
  5
24D
331
248
  5
24F
331
249
  5
250
331
24A
  5
251
331
24B
  5
253
331
24C
  5
254
331
24D
  5
255
331
24F
  5
257
331
250
  5
258
331
251
  5
259
331
253
  5
25A
331
254
  5
25B
331
255
  5
25C
331
257
  5
25D
331
258
  5
25E
331
259
  5
25F
331
25A
  5
260
331
25B
  5
261
331
25C
  5
262
331
25D
  5
263
331
25E
  5
264
331
25F
  5
265
331
260
  5
266
331
261
  5
267
331
262
  5
268
331
263
  5
269
331
264
  5
26A
331
265
  5
26B
331
266
  5
26C
331
267
  5
26D
331
268
  5
26E
331
269
  5
26F
331
26A
  5
270
331
26B
  5
271
331
26C
  5
272
331
26D
  5
273
331
26E
  5
274
331
26F
  5
275
331
270
  5
276
331
271
  5
277
331
272
  5
278
331
273
  5
279
331
274
  5
27A
331
275
  5
27B
331
276
  5
27C
331
277
  5
27D
331
278
  5
27E
331
279
  5
27F
331
27A
  5
280
331
27B
  5
281
331
27C
  5
282
331
27D
  5
283
331
27E
  5
284
331
27F
  5
287
331
280
  5
288
331
281
  5
289
331
282
  5
28A
331
283
  5
28B
331
284
  5
28C
331
287
  5
28D
331
288
  5
28E
331
289
  5
28F
331
28A
  5
290
331
28B
  5
291
331
28C
  5
292
331
28D
  5
293
331
28E
  5
294
331
28F
  5
295
331
290
  5
296
331
291
  5
297
331
292
  5
298
331
293
  5
299
331
294
  5
29A
331
295
  5
29B
331
296
  5
29C
331
297
  5
29D
331
298
  5
29E
331
299
  5
29F
331
29A
  5
2A0
331
29B
  5
2A1
331
29C
  5
2A2
331
29D
  5
2A3
331
29E
  5
2A4
331
29F
  5
2A5
331
2A0
  5
2A6
331
2A1
  5
2A7
331
2A2
  5
2A8
331
2A3
  5
2A9
331
2A4
  5
2AA
331
2A5
  5
2AB
331
2A6
  5
2AC
331
2A7
  5
2AD
331
2A8
  5
2AE
331
2A9
  5
2AF
331
2AA
  5
2B0
331
2AB
  5
2B1
331
2AC
  5
2B2
331
2AD
  5
2B3
331
2AE
  5
2B4
331
2AF
  5
2BB
331
2B0
  5
2BC
331
2B1
  5
2BD
331
2B2
  5
2BE
331
2B3
  5
2BF
331
2B4
  5
2C0
331
2BB
  5
2C1
331
2BC
  5
2C2
331
2BD
  5
2C3
331
2BE
  5
2C4
331
2BF
  5
2C5
331
2C0
  5
2C6
331
2C1
  5
2C7
331
2C2
  5
2C8
331
2C3
  5
2C9
331
2C4
  5
2CA
331
2C5
  5
2CB
331
2C6
  5
2CC
331
2C7
  5
2CD
331
2C8
  5
2CE
331
2C9
  5
2CF
331
2CA
  5
2D0
331
2CB
  5
2D1
331
2CC
  5
2D2
331
2CD
  5
2D3
331
2CE
  5
2D4
331
2CF
  5
2D5
331
2D0
  5
2D6
331
2D1
  5
2D9
331
2D2
  5
2DA
331
2D3
  5
2DE
331
2D4
  5
2E1
331
2D5
  5
2E2
331
2D6
  5
2F0
331
2D9
  5
2F5
331
2DA
  5
303
331
2DE
  5
306
331
2E1
  5
309
331
2E2
  5
312
331
2F0
  5
319
331
2F5
  5
31F
331
303
  5
327
331
306
  5
329
331
309
  5
331
331
312
  5
332
331
319
  5
339
331
31F
  5
342
331
327
  5
344
331
329
  5
354
331
331
  5
357
331
332
  5
358
331
339
  5
35C
331
342
  5
361
331
344
  5
362
331
354
  5
363
331
357
  5
364
331
358
  5
365
331
35C
  5
366
331
361
  5
367
331
362
  5
368
331
363
  5
369
331
364
  5
36A
331
365
  5
36B
331
366
  5
36C
331
367
  5
36E
331
368
  5
36F
331
369
  5
373
331
36A
  5
374
331
36B
  5
375
331
36C
  5
37C
331
36E
  5
37F
331
36F
  5
383
331
373
  5
384
331
374
  5
38B
331
375
  5
38C
331
37C
  5
38D
331
37F
  5
38E
331
383
  5
391
331
384
  5
392
331
38B
  5
393
331
38C
  5
396
331
38D
  5
398
331
38E
  5
399
331
391
  5
39E
331
392
  5
39F
331
393
  5
3A0
331
396
  5
3A1
331
398
  5
3A2
331
399
  5
3A3
331
39E
  5
3A4
331
39F
  5
3A5
331
3A0
  5
3A6
331
3A1
  5
3A7
331
3A2
  5
3A8
331
3A3
  5
3A9
331
3A4
  5
3AA
331
3A5
  5
3AB
331
3A6
  5
3AC
331
3A7
  5
3AD
331
3A8
  5
3AE
331
3A9
  5
3AF
331
3AA
  5
3B0
331
3AB
  5
3B1
331
3AC
  5
3B2
331
3AD
  5
3B3
331
3AE
  5
3B4
331
3AF
  5
3B5
331
3B0
  5
3B6
331
3B1
  5
3B7
331
3B2
  5
3B8
331
3B3
  5
3B9
331
3B4
  5
3BA
331
3B5
  5
3BB
331
3B6
  5
3C3
331
3B7
  5
3C4
331
3B8
  5
3C5
331
3B9
  5
3C6
331
3BA
  5
3C7
331
3BB
  5
4A1
331
3C3
  5
4A2
331
3C4
  5
4A3
331
3C5
  5
4A4
331
3C6
  5
4A5
331
3C7
  5
4A6
331
4A1
  5
59E
331
4A2
  5
59F
331
4A3
  5
5A0
331
4A4
  5
5A1
331
4A5
  5
5A2
331
4A6
  5
5A3
331
4A7
  5
5A4
331
4A9
  5
5A7
331
4AA
  5
5A8
331
4AB
  5
5A9
331
50A
  5
5C9
331
50B
  5
5CA
331
50C
  5
5CB
331
50D
  5
5D6
331
50E
  5
5D7
331
50F
  5
5D8
331
510
  5
62C
331
511
  5
62D
331
512
  5
62E
331
513
  5
62F
331
514
  5
630
331
515
  5
631
331
516
  5
632
331
517
  5
633
331
518
  5
637
331
519
  5
638
331
51A
  5
6B6
331
51B
  5
6B7
331
51C
  5
6B8
331
51D
  5
62A
331
51E
  5
62B
331
51F
  5
1FC
331
520
  5
1FD
331
521
  5
1FE
331
522
  5
1FF
331
523
  5
200
331
524
  5
204
331
525
  5
4A7
331
526
  5
4A9
331
527
  5
4AA
331
528
  5
4AB
331
529
  5
4B5
331
52A
  5
4B6
331
52B
  5
4B9
331
52C
  5
4BC
331
52D
  5
4BD
331
52E
  5
4BE
331
52F
  5
4DC
331
530
  5
4DD
331
531
  5
4DE
331
532
  5
4DF
331
533
  5
4E0
331
534
  5
4E1
331
535
  5
4E2
331
536
  5
4E3
331
537
  5
4E4
331
538
  5
4E5
331
539
  5
4E7
331
53A
  5
4E8
331
53B
  5
51C
331
53C
  5
51D
331
53D
  5
51E
331
53E
  5
51F
331
53F
  5
520
331
540
  5
521
331
541
  5
522
331
542
  5
523
331
543
  5
524
331
544
  5
525
331
545
  5
526
331
546
  5
527
331
547
  5
528
331
548
  5
529
331
549
  5
52A
331
54A
  5
52B
331
54B
  5
52C
331
54C
  5
52D
331
54D
  5
52E
331
54E
  5
52F
331
54F
  5
530
331
550
  5
531
331
551
  5
532
331
552
  5
533
331
553
  5
534
331
554
  5
535
331
555
  5
536
331
556
  5
537
331
557
  5
538
331
558
  5
539
331
559
  5
53A
331
55A
  5
53B
331
55B
  5
53C
331
55C
  5
53D
331
55D
  5
53E
331
55E
  5
53F
331
55F
  5
540
331
560
  5
541
331
561
  5
542
331
562
  5
543
331
563
  5
544
331
564
  5
545
331
565
  5
546
331
566
  5
547
331
567
  5
548
331
568
  5
549
331
569
  5
54A
331
56A
  5
54B
331
56B
  5
54C
331
56C
  5
54D
331
56D
  5
54E
331
56E
  5
54F
331
56F
  5
550
331
570
  5
551
331
571
  5
552
331
572
  5
553
331
573
  5
554
331
574
  5
555
331
575
  5
556
331
576
  5
557
331
577
  5
558
331
578
  5
559
331
579
  5
55A
331
57A
  5
55B
331
57B
  5
55C
331
57C
  5
55D
331
57D
  5
55E
331
57E
  5
55F
331
57F
  5
560
331
580
  5
561
331
581
  5
562
331
582
  5
563
331
583
  5
564
331
584
  5
565
331
585
  5
566
331
586
  5
567
331
587
  5
568
331
588
  5
569
331
589
  5
56A
331
58A
  5
56B
331
58B
  5
56C
331
58C
  5
56D
331
58D
  5
56E
331
58E
  5
56F
331
58F
  5
570
331
590
  5
571
331
591
  5
572
331
592
  5
573
331
593
  5
574
331
594
  5
575
331
595
  5
576
331
596
  5
577
331
597
  5
578
331
598
  5
579
331
599
  5
57A
331
59A
  5
57B
331
59B
  5
57C
331
59C
  5
57D
331
59D
  5
57E
331
59E
  5
57F
331
59F
  5
580
331
5A0
  5
581
331
5A1
  5
582
331
5A2
  5
583
331
5A3
  5
584
331
5A4
  5
585
331
5A5
  5
586
331
5A6
  5
587
331
5A7
  5
588
331
5A8
  5
589
331
5A9
  5
58A
331
5AA
  5
58B
331
5AB
  5
58C
331
5AC
  5
58D
331
5AD
  5
58E
331
5AE
  5
58F
331
5AF
  5
590
331
5B0
  5
591
331
5B1
  5
592
331
5B2
  5
593
331
5B3
  5
594
331
5B4
  5
595
331
5B5
  5
596
331
5B6
  5
597
331
5B7
  5
598
331
5B8
  5
599
331
5B9
  5
59A
331
5BA
  5
59B
331
5BB
  5
59C
331
5BC
  5
59D
331
5BD
  5
5A5
331
5BE
  5
5A6
331
5BF
  5
5AA
331
5C0
  5
5AB
331
5C1
  5
5AC
331
5C2
  5
5AD
331
5C3
  5
5AE
331
5C4
  5
5AF
331
5C5
  5
5B0
331
5C6
  5
5B1
331
5C7
  5
5B2
331
5C8
  5
5B3
331
5C9
  5
5B4
331
5CA
  5
5B5
331
5CB
  5
5B6
331
5CC
  5
5B7
331
5CD
  5
5B8
331
5CE
  5
5B9
331
5CF
  5
5BA
331
5D0
  5
5BB
331
5D1
  5
5BC
331
5D2
  5
5BD
331
5D3
  5
5BE
331
5D4
  5
5BF
331
5D5
  5
5C0
331
5D6
  5
5C1
331
5D7
  5
5C2
331
5D8
  5
5C3
331
5D9
  5
5C4
331
5DA
  5
5C5
331
5DB
  5
5C6
331
5DC
  5
5C7
331
5DD
  5
5C8
331
5DE
  5
5CC
331
5DF
  5
5CD
331
5E0
  5
5CE
331
5E1
  5
5CF
331
5E2
  5
5D0
331
5E3
  5
5D1
331
5E4
  5
5D2
331
5E5
  5
5D3
331
5E6
  5
5D4
331
5E7
  5
5D5
331
5E8
  5
5D9
331
5E9
  5
5DA
331
5EA
  5
5DB
331
5EB
  5
5DC
331
5EC
  5
5DD
331
5ED
  5
5DE
331
5EE
  5
5DF
331
5EF
  5
5E0
331
5F0
  5
5E1
331
5F1
  5
5E2
331
5F2
  5
5E3
331
5F3
  5
5E4
331
5F4
  5
5E5
331
5F5
  5
5E6
331
5F6
  5
5E7
331
5F7
  5
5E8
331
5F8
  5
5E9
331
5F9
  5
5EA
331
5FA
  5
5EB
331
5FB
  5
5EC
331
5FC
  5
5ED
331
5FD
  5
5EE
331
5FE
  5
5EF
331
5FF
  5
5F0
331
600
  5
5F1
331
601
  5
5F2
331
602
  5
5F3
331
603
  5
5F4
331
604
  5
5F5
331
605
  5
5F6
331
606
  5
5F7
331
607
  5
5F8
331
608
  5
5F9
331
609
  5
5FA
331
60A
  5
5FB
331
60B
  5
5FC
331
60C
  5
5FD
331
60D
  5
5FE
331
60E
  5
5FF
331
60F
  5
600
331
610
  5
601
331
611
  5
602
331
612
  5
603
331
613
  5
604
331
614
  5
605
331
615
  5
606
331
616
  5
607
331
617
  5
608
331
618
  5
609
331
619
  5
60A
331
61A
  5
60B
331
61B
  5
60C
331
61C
  5
60D
331
61D
  5
60E
331
61E
  5
60F
331
61F
  5
610
331
620
  5
611
331
621
  5
612
331
622
  5
613
331
623
  5
614
331
624
  5
615
331
625
  5
616
331
626
  5
617
331
627
  5
618
331
628
  5
619
331
629
  5
61A
331
62A
  5
61B
331
62B
  5
61C
331
62C
  5
61D
331
62D
  5
61E
331
62E
  5
61F
331
62F
  5
620
331
630
  5
621
331
631
  5
622
331
632
  5
623
331
633
  5
624
331
634
  5
625
331
635
  5
626
331
636
  5
627
331
637
  5
628
331
638
  5
629
331
639
  5
634
331
63A
  5
635
331
63B
  5
636
331
63C
  5
639
331
63D
  5
63A
331
63E
  5
63B
331
63F
  5
63C
331
640
  5
63D
331
641
  5
63E
331
642
  5
63F
331
643
  5
640
331
644
  5
641
331
645
  5
642
331
646
  5
643
331
647
  5
644
331
648
  5
645
331
649
  5
646
331
64A
  5
647
331
64B
  5
648
331
64C
  5
649
331
64D
  5
64A
331
64E
  5
64B
331
64F
  5
64C
331
650
  5
64D
331
651
  5
64E
331
652
  5
64F
331
653
  5
650
331
654
  5
651
331
655
  5
652
331
656
  5
653
331
657
  5
654
331
658
  5
655
331
659
  5
656
331
65A
  5
657
331
65B
  5
658
331
65C
  5
659
331
65D
  5
65A
331
65E
  5
65B
331
65F
  5
65C
331
660
  5
65D
331
661
  5
65E
331
662
  5
65F
331
663
  5
660
331
664
  5
661
331
665
  5
662
331
666
  5
663
331
667
  5
664
331
668
  5
665
331
669
  5
666
331
66A
  5
667
331
66B
  5
668
331
66C
  5
669
331
66D
  5
66A
331
66E
  5
66B
331
66F
  5
66C
331
670
  5
66D
331
671
  5
66E
331
672
  5
66F
331
673
  5
670
331
674
  5
671
331
675
  5
672
331
676
  5
673
331
677
  5
674
331
678
  5
675
331
679
  5
676
331
67A
  5
677
331
67B
  5
678
331
67C
  5
679
331
67D
  5
67A
331
67E
  5
67B
331
67F
  5
67C
331
680
  5
67D
331
681
  5
67E
331
682
  5
67F
331
683
  5
680
331
684
  5
681
331
685
  5
682
331
686
  5
683
331
687
  5
684
331
688
  5
685
331
689
  5
686
331
68A
  5
687
331
68B
  5
688
331
68C
  5
689
331
68D
  5
68A
331
68E
  5
68B
331
68F
  5
68C
331
690
  5
68D
331
691
  5
68E
331
692
  5
68F
331
693
  5
690
331
694
  5
691
331
695
  5
692
331
696
  5
693
331
697
  5
694
331
698
  5
695
331
699
  5
696
331
69A
  5
697
331
69B
  5
698
331
69C
  5
699
331
69D
  5
69A
331
69E
  5
69B
331
69F
  5
69C
331
6A0
  5
69D
331
6A1
  5
69E
331
6A2
  5
69F
331
6A3
  5
6A0
331
6A4
  5
6A1
331
6A5
  5
6A2
331
6A6
  5
6A3
331
6A7
  5
6A4
331
6A8
  5
6A5
331
6A9
  5
6A6
331
6AA
  5
6A7
331
6AB
  5
6A8
331
6AC
  5
6A9
331
6AD
  5
6AA
331
6AE
  5
6AB
331
6AF
  5
6AC
331
6B0
  5
6AD
331
6B1
  5
6AE
331
6B2
  5
6AF
331
6B3
  5
6B0
331
6B4
  5
6B1
331
6B5
  5
6B2
331
6B6
  5
6B3
331
6B7
  5
6B4
331
6B8
  5
6B5
  0
ACDBDETAILVIEWSTYLE
  5
6B
102
{ACAD_REACTORS
330
6A
102
}
330
6A
100
AcDbModelDocViewStyle
 70
     0
  3
Imperial24
290
     1
300
Imperial24
 90
        0
100
AcDbDetailViewStyle
 70
     0
 71
     0
 90
        3
 71
     1
340
55
 62
   256
 40
0.24
340
0
 62
   256
 40
0.24
300

 40
0.36
280
     3
 71
     2
340
5D
 90
       25
 62
   256
 71
     3
340
55
 62
   256
 40
0.24
 90
        1
 40
0.75
 90
        1
300
%<\AcVar ViewType \f "%tc1">% %<\AcVar ViewDetailId>%\PSCALE %<\AcVar ViewScale \f "%sn">%
 71
     4
340
5D
 90
       25
 62
   256
340
5D
 90
       25
 62
   256
280
     0
  0
ACDBDETAILVIEWSTYLE
  5
47B
102
{ACAD_REACTORS
330
6A
102
}
330
6A
100
AcDbModelDocViewStyle
 70
     0
  3
Metric50
290
     1
300
Metric50
 90
        0
100
AcDbDetailViewStyle
 70
     0
 71
     0
 90
        3
 71
     1
340
55
 62
   256
 40
5.0
340
0
 62
   256
 40
5.0
300

 40
0.0
280
     1
 71
     2
340
5D
 90
       25
 62
   256
 71
     3
340
55
 62
   256
 40
5.0
 90
        0
 40
15.0
 90
        1
300
%<\AcVar ViewDetailId>% (%<\AcVar ViewScale \f "%sn">%)
 71
     4
340
5D
 90
       25
 62
   256
340
5D
 90
       25
 62
   256
280
     0
  0
LAYOUT
  5
6F
102
{ACAD_REACTORS
330
62
102
}
330
62
100
AcDbPlotSettings
  1

  2
PDF24
  4
A4
  6

 40
0.0
 41
0.0
 42
0.1113433837890625
 43
0.0
 44
210.0
 45
297.0
 46
0.0
 47
0.0
 48
0.0
 49
0.0
140
0.0
141
0.0
142
1.0
143
1.415217033324818
 70
   688
 72
     1
 73
     1
 74
     1
  7

 75
     0
147
0.7066054014702363
 76
     0
 77
     2
 78
   300
148
-64.27901684485153
149
-59.47287840171589
100
AcDbLayout
  1
Layout1
 70
     0
 71
     1
 10
64.27901684485153
 20
59.47287840171589
 11
484.5984757423225
 21
356.6684553999278
 12
0.0
 22
0.0
 32
0.0
 14
64.27901684485153
 24
59.47287840171589
 34
-0.0015258207003583
 15
274.3012221009852
 25
356.5108803466415
 35
0.0000000349246037
146
0.0
 13
0.0
 23
0.0
 33
0.0
 16
1.0
 26
0.0
 36
0.0
 17
0.0
 27
1.0
 37
0.0
 76
     0
330
6C
331
45E
1001
ACAD_PSEXT
1000
PDF24
1000
PDF24
1000
\\.\pipe\PDFPrint
1000
PDF24 Printer
1070
     0
  0
LAYOUT
  5
73
102
{ACAD_REACTORS
330
62
102
}
330
62
100
AcDbPlotSettings
  1

  2

  4

  6

 40
0.0
 41
0.0
 42
0.0
 43
0.0
 44
0.0
 45
0.0
 46
0.0
 47
0.0
 48
0.0
 49
0.0
140
0.0
141
0.0
142
1.0
143
1.0
 70
  1712
 72
     0
 73
     0
 74
     0
  7

 75
     0
147
1.0
 76
     0
 77
     2
 78
   300
148
0.0
149
0.0
100
AcDbLayout
  1
Model
 70
     1
 71
     0
 10
0.0
 20
0.0
 11
12.0
 21
9.0
 12
0.0
 22
0.0
 32
0.0
 14
0.0
 24
0.0
 34
0.0
 15
0.0
 25
0.0
 35
0.0
146
0.0
 13
0.0
 23
0.0
 33
0.0
 16
1.0
 26
0.0
 36
0.0
 17
0.0
 27
1.0
 37
0.0
 76
     0
330
70
331
57
  0
MATERIAL
  5
19
102
{ACAD_XDICTIONARY
360
1A
102
}
102
{ACAD_REACTORS
330
10
102
}
330
10
100
AcDbMaterial
  1
ByBlock
 72
     0
 43
0.0208333333333333
 43
0.0
 43
0.0
 43
0.0
 43
0.0
 43
0.0208333333333333
 43
0.0
 43
0.0
 43
0.0
 43
0.0
 43
1.0
 43
0.0
 43
0.0
 43
0.0
 43
0.0
 43
1.0
 77
     0
 47
0.0208333333333333
 47
0.0
 47
0.0
 47
0.0
 47
0.0
 47
0.0208333333333333
 47
0.0
 47
0.0
 47
0.0
 47
0.0
 47
1.0
 47
0.0
 47
0.0
 47
0.0
 47
0.0
 47
1.0
171
     0
 49
0.0208333333333333
 49
0.0
 49
0.0
 49
0.0
 49
0.0
 49
0.0208333333333333
 49
0.0
 49
0.0
 49
0.0
 49
0.0
 49
1.0
 49
0.0
 49
0.0
 49
0.0
 49
0.0
 49
1.0
175
     0
142
0.0208333333333333
142
0.0
142
0.0
142
0.0
142
0.0
142
0.0208333333333333
142
0.0
142
0.0
142
0.0
142
0.0
142
1.0
142
0.0
142
0.0
142
0.0
142
0.0
142
1.0
179
     0
144
0.0208333333333333
144
0.0
144
0.0
144
0.0
144
0.0
144
0.0208333333333333
144
0.0
144
0.0
144
0.0
144
0.0
144
1.0
144
0.0
144
0.0
144
0.0
144
0.0
144
1.0
147
0.0208333333333333
147
0.0
147
0.0
147
0.0
147
0.0
147
0.0208333333333333
147
0.0
147
0.0
147
0.0
147
0.0
147
1.0
147
0.0
147
0.0
147
0.0
147
0.0
147
1.0
  0
MATERIAL
  5
11
102
{ACAD_XDICTIONARY
360
12
102
}
102
{ACAD_REACTORS
330
10
102
}
330
10
100
AcDbMaterial
  1
ByLayer
 72
     0
 43
0.0208333333333333
 43
0.0
 43
0.0
 43
0.0
 43
0.0
 43
0.0208333333333333
 43
0.0
 43
0.0
 43
0.0
 43
0.0
 43
1.0
 43
0.0
 43
0.0
 43
0.0
 43
0.0
 43
1.0
 77
     0
 47
0.0208333333333333
 47
0.0
 47
0.0
 47
0.0
 47
0.0
 47
0.0208333333333333
 47
0.0
 47
0.0
 47
0.0
 47
0.0
 47
1.0
 47
0.0
 47
0.0
 47
0.0
 47
0.0
 47
1.0
171
     0
 49
0.0208333333333333
 49
0.0
 49
0.0
 49
0.0
 49
0.0
 49
0.0208333333333333
 49
0.0
 49
0.0
 49
0.0
 49
0.0
 49
1.0
 49
0.0
 49
0.0
 49
0.0
 49
0.0
 49
1.0
175
     0
142
0.0208333333333333
142
0.0
142
0.0
142
0.0
142
0.0
142
0.0208333333333333
142
0.0
142
0.0
142
0.0
142
0.0
142
1.0
142
0.0
142
0.0
142
0.0
142
0.0
142
1.0
179
     0
144
0.0208333333333333
144
0.0
144
0.0
144
0.0
144
0.0
144
0.0208333333333333
144
0.0
144
0.0
144
0.0
144
0.0
144
1.0
144
0.0
144
0.0
144
0.0
144
0.0
144
1.0
147
0.0208333333333333
147
0.0
147
0.0
147
0.0
147
0.0
147
0.0208333333333333
147
0.0
147
0.0
147
0.0
147
0.0
147
1.0
147
0.0
147
0.0
147
0.0
147
0.0
147
1.0
  0
MATERIAL
  5
21
102
{ACAD_XDICTIONARY
360
22
102
}
102
{ACAD_REACTORS
330
10
102
}
330
10
100
AcDbMaterial
  1
Global
 72
     0
 43
0.0208333333333333
 43
0.0
 43
0.0
 43
0.0
 43
0.0
 43
0.0208333333333333
 43
0.0
 43
0.0
 43
0.0
 43
0.0
 43
1.0
 43
0.0
 43
0.0
 43
0.0
 43
0.0
 43
1.0
 77
     0
 47
0.0208333333333333
 47
0.0
 47
0.0
 47
0.0
 47
0.0
 47
0.0208333333333333
 47
0.0
 47
0.0
 47
0.0
 47
0.0
 47
1.0
 47
0.0
 47
0.0
 47
0.0
 47
0.0
 47
1.0
171
     0
 49
0.0208333333333333
 49
0.0
 49
0.0
 49
0.0
 49
0.0
 49
0.0208333333333333
 49
0.0
 49
0.0
 49
0.0
 49
0.0
 49
1.0
 49
0.0
 49
0.0
 49
0.0
 49
0.0
 49
1.0
175
     0
142
0.0208333333333333
142
0.0
142
0.0
142
0.0
142
0.0
142
0.0208333333333333
142
0.0
142
0.0
142
0.0
142
0.0
142
1.0
142
0.0
142
0.0
142
0.0
142
0.0
142
1.0
179
     0
144
0.0208333333333333
144
0.0
144
0.0
144
0.0
144
0.0
144
0.0208333333333333
144
0.0
144
0.0
144
0.0
144
0.0
144
1.0
144
0.0
144
0.0
144
0.0
144
0.0
144
1.0
147
0.0208333333333333
147
0.0
147
0.0
147
0.0
147
0.0
147
0.0208333333333333
147
0.0
147
0.0
147
0.0
147
0.0
147
1.0
147
0.0
147
0.0
147
0.0
147
0.0
147
1.0
  0
MLEADERSTYLE
  5
67
102
{ACAD_REACTORS
330
66
102
}
330
66
100
AcDbMLeaderStyle
179
     2
170
     2
171
     1
172
     0
 90
        2
 40
0.0
 41
0.0
173
     1
 91
-1056964608
340
5B
 92
       -2
290
     1
 42
0.09
291
     1
 43
0.36
  3
Standard
 44
0.18
300

342
55
174
     1
178
     6
175
     1
176
     0
 93
-1056964608
 45
0.18
292
     0
297
     0
 46
0.18
 94
-1056964608
 47
1.0
 49
1.0
140
1.0
293
     1
141
0.0
294
     1
177
     0
142
1.0
295
     1
296
     0
143
0.125
271
     0
272
     9
273
     9
298
     1
  0
MLINESTYLE
  5
60
102
{ACAD_REACTORS
330
5F
102
}
330
5F
100
AcDbMlineStyle
  2
STANDARD
 70
     0
  3

 62
   256
 51
90.0
 52
90.0
 71
     2
 49
0.5
 62
   256
  6
BYLAYER
 49
-0.5
 62
   256
  6
BYLAYER
  0
ACDBPLACEHOLDER
  5
F
102
{ACAD_REACTORS
330
E
102
}
330
E
  0
RAPIDRTRENDERSETTINGS
  5
486
102
{ACAD_REACTORS
330
483
102
}
330
483
100
AcDbRenderSettings
 90
        2
  1
Alto
290
     1
290
     0
290
     1
290
     1
  1

  1
Aplica 10 níveis de renderização
 90
        2
100
AcDbRapidRTRenderSettings
 90
        3
 70
     0
 90
       10
 90
        1
 70
     2
 70
     2
 40
3.0
 40
3.0
290
     1
  0
RAPIDRTRENDERSETTINGS
  5
484
102
{ACAD_REACTORS
330
483
102
}
330
483
100
AcDbRenderSettings
 90
        2
  1
Baixo
290
     1
290
     0
290
     1
290
     1
  1

  1
Aplica 1 nível de renderização
 90
        0
100
AcDbRapidRTRenderSettings
 90
        3
 70
     0
 90
        1
 90
        1
 70
     0
 70
     2
 40
3.0
 40
3.0
290
     1
  0
RAPIDRTRENDERSETTINGS
  5
485
102
{ACAD_REACTORS
330
483
102
}
330
483
100
AcDbRenderSettings
 90
        2
  1
Médio
290
     1
290
     0
290
     1
290
     1
  1

  1
Aplica 5 níveis de renderização
 90
        1
100
AcDbRapidRTRenderSettings
 90
        3
 70
     0
 90
        5
 90
        1
 70
     1
 70
     2
 40
3.0
 40
3.0
290
     1
  0
RAPIDRTRENDERSETTINGS
  5
487
102
{ACAD_REACTORS
330
483
102
}
330
483
100
AcDbRenderSettings
 90
        2
  1
Qualidade de curta duração
290
     1
290
     0
290
     1
290
     1
  1

  1
Renderiza por 10 minutos
 90
        3
100
AcDbRapidRTRenderSettings
 90
        3
 70
     1
 90
        1
 90
       10
 70
     1
 70
     2
 40
3.0
 40
3.0
290
     1
  0
RAPIDRTRENDERSETTINGS
  5
489
102
{ACAD_REACTORS
330
483
102
}
330
483
100
AcDbRenderSettings
 90
        2
  1
Qualidade de longa duração
290
     1
290
     0
290
     1
290
     1
  1

  1
Renderiza por 12 horas
 90
        5
100
AcDbRapidRTRenderSettings
 90
        3
 70
     1
 90
        1
 90
      720
 70
     2
 70
     2
 40
3.0
 40
3.0
290
     1
  0
RAPIDRTRENDERSETTINGS
  5
488
102
{ACAD_REACTORS
330
483
102
}
330
483
100
AcDbRenderSettings
 90
        2
  1
Qualidade de média duração
290
     1
290
     0
290
     1
290
     1
  1

  1
Renderiza por 60 minutos
 90
        4
100
AcDbRapidRTRenderSettings
 90
        3
 70
     1
 90
        1
 90
       60
 70
     2
 70
     2
 40
3.0
 40
3.0
290
     1
  0
SCALE
  5
43
102
{ACAD_REACTORS
330
42
102
}
330
42
100
AcDbScale
 70
     0
300
1:1
140
1.0
141
1.0
290
     1
  0
SCALE
  5
44
102
{ACAD_REACTORS
330
42
102
}
330
42
100
AcDbScale
 70
     0
300
1/128" = 1'-0"
140
0.0078125
141
12.0
290
     0
  0
SCALE
  5
45
102
{ACAD_REACTORS
330
42
102
}
330
42
100
AcDbScale
 70
     0
300
1/64" = 1'-0"
140
0.015625
141
12.0
290
     0
  0
SCALE
  5
46
102
{ACAD_REACTORS
330
42
102
}
330
42
100
AcDbScale
 70
     0
300
1/32" = 1'-0"
140
0.03125
141
12.0
290
     0
  0
SCALE
  5
47
102
{ACAD_REACTORS
330
42
102
}
330
42
100
AcDbScale
 70
     0
300
1/16" = 1'-0"
140
0.0625
141
12.0
290
     0
  0
SCALE
  5
48
102
{ACAD_REACTORS
330
42
102
}
330
42
100
AcDbScale
 70
     0
300
3/32" = 1'-0"
140
0.09375
141
12.0
290
     0
  0
SCALE
  5
49
102
{ACAD_REACTORS
330
42
102
}
330
42
100
AcDbScale
 70
     0
300
1/8" = 1'-0"
140
0.125
141
12.0
290
     0
  0
SCALE
  5
4A
102
{ACAD_REACTORS
330
42
102
}
330
42
100
AcDbScale
 70
     0
300
3/16" = 1'-0"
140
0.1875
141
12.0
290
     0
  0
SCALE
  5
4B
102
{ACAD_REACTORS
330
42
102
}
330
42
100
AcDbScale
 70
     0
300
1/4" = 1'-0"
140
0.25
141
12.0
290
     0
  0
SCALE
  5
4C
102
{ACAD_REACTORS
330
42
102
}
330
42
100
AcDbScale
 70
     0
300
3/8" = 1'-0"
140
0.375
141
12.0
290
     0
  0
SCALE
  5
4D
102
{ACAD_REACTORS
330
42
102
}
330
42
100
AcDbScale
 70
     0
300
1/2" = 1'-0"
140
0.5
141
12.0
290
     0
  0
SCALE
  5
4E
102
{ACAD_REACTORS
330
42
102
}
330
42
100
AcDbScale
 70
     0
300
3/4" = 1'-0"
140
0.75
141
12.0
290
     0
  0
SCALE
  5
4F
102
{ACAD_REACTORS
330
42
102
}
330
42
100
AcDbScale
 70
     0
300
1" = 1'-0"
140
1.0
141
12.0
290
     0
  0
SCALE
  5
50
102
{ACAD_REACTORS
330
42
102
}
330
42
100
AcDbScale
 70
     0
300
1-1/2" = 1'-0"
140
1.5
141
12.0
290
     0
  0
SCALE
  5
51
102
{ACAD_REACTORS
330
42
102
}
330
42
100
AcDbScale
 70
     0
300
3" = 1'-0"
140
3.0
141
12.0
290
     0
  0
SCALE
  5
52
102
{ACAD_REACTORS
330
42
102
}
330
42
100
AcDbScale
 70
     0
300
6" = 1'-0"
140
6.0
141
12.0
290
     0
  0
SCALE
  5
53
102
{ACAD_REACTORS
330
42
102
}
330
42
100
AcDbScale
 70
     0
300
1'-0" = 1'-0"
140
12.0
141
12.0
290
     0
  0
ACDBSECTIONVIEWSTYLE
  5
69
102
{ACAD_REACTORS
330
68
102
}
330
68
100
AcDbModelDocViewStyle
 70
     0
  3
Imperial24
290
     1
300
Imperial24
 90
        0
100
AcDbSectionViewStyle
 70
     0
 71
     0
 90
       78
 71
     1
340
55
 62
   256
 40
0.24
340
0
340
0
 62
   256
 40
0.24
300
I, O, Q, S, X, Z
 40
0.48
 90
        3
 40
0.18
 90
        1
 71
     2
340
5D
 90
       25
 62
   256
340
5D
 90
       50
 62
   256
 40
0.24
 40
0.0
 40
0.24
 71
     3
340
55
 62
   256
 40
0.24
 90
        1
 40
0.75
 90
        1
300
%<\AcVar ViewType \f "%tc1">% %<\AcVar ViewSectionStartId>%-%<\AcVar ViewSectionEndId>%\PSCALE %<\AcVar ViewScale \f "%sn">%
 71
     4
 62
   256
 62
   257
300
ANSI31
 40
1.0
 90
        0
290
     0
290
     0
 90
        6
 40
0.0
 40
1.570796326794896
 40
0.2617993877991494
 40
1.308996938995747
 40
-0.2617993877991494
 40
1.832595714594046
  0
ACDBSECTIONVIEWSTYLE
  5
47A
102
{ACAD_REACTORS
330
68
102
}
330
68
100
AcDbModelDocViewStyle
 70
     0
  3
Metric50
290
     1
300
Metric50
 90
        0
100
AcDbSectionViewStyle
 70
     0
 71
     0
 90
      102
 71
     1
340
55
 62
   256
 40
5.0
340
0
340
0
 62
   256
 40
5.0
300
I, O, Q, S, X, Z
 40
10.0
 90
        0
 40
2.5
 90
        0
 71
     2
340
5D
 90
       25
 62
   256
340
5D
 90
       50
 62
   256
 40
5.0
 40
2.5
 40
5.0
 71
     3
340
55
 62
   256
 40
5.0
 90
        0
 40
15.0
 90
        1
300
%<\AcVar ViewSectionStartId>%-%<\AcVar ViewSectionEndId>% (%<\AcVar ViewScale \f "%sn">%)
 71
     4
 62
   256
 62
   257
300
ANSI31
 40
1.0
 90
        0
290
     0
290
     0
 90
        6
 40
0.0
 40
1.570796326794896
 40
0.2617993877991494
 40
1.308996938995747
 40
-0.2617993877991494
 40
1.832595714594046
  0
TABLESTYLE
  5
65
102
{ACAD_XDICTIONARY
360
6C7
102
}
102
{ACAD_REACTORS
330
64
102
}
330
64
100
AcDbTableStyle
280
     0
  3
Standard
 70
     0
 71
     0
 40
0.06
 41
0.06
280
     0
281
     0
  7
Standard
140
0.18
170
     2
 62
     0
 63
     7
283
     0
 90
      512
 91
        0
  1

274
    -2
284
     1
 64
     0
275
    -2
285
     1
 65
     0
276
    -2
286
     1
 66
     0
277
    -2
287
     1
 67
     0
278
    -2
288
     1
 68
     0
279
    -2
289
     1
 69
     0
  7
Standard
140
0.25
170
     5
 62
     0
 63
     7
283
     0
 90
      512
 91
        0
  1

274
    -2
284
     1
 64
     0
275
    -2
285
     1
 65
     0
276
    -2
286
     1
 66
     0
277
    -2
287
     1
 67
     0
278
    -2
288
     1
 68
     0
279
    -2
289
     1
 69
     0
  7
Standard
140
0.18
170
     5
 62
     0
 63
     7
283
     0
 90
      512
 91
        0
  1

274
    -2
284
     1
 64
     0
275
    -2
285
     1
 65
     0
276
    -2
286
     1
 66
     0
277
    -2
287
     1
 67
     0
278
    -2
288
     1
 68
     0
279
    -2
289
     1
 69
     0
  0
VISUALSTYLE
  5
2F
102
{ACAD_REACTORS
330
29
102
}
330
29
100
AcDbVisualStyle
  2
2dWireframe
 70
     4
177
     3
291
     0
 70
    58
 90
        0
176
     1
 90
        2
176
     1
 90
        0
176
     1
 90
        0
176
     1
 40
0.6
176
     1
 40
30.0
176
     1
 62
     7
420
 16777215
176
     1
 90
        1
176
     1
 90
        4
176
     1
 62
     7
176
     1
 62
   257
176
     1
 90
        1
176
     1
 90
        1
176
     1
 40
1.0
176
     1
 90
        0
176
     1
 62
   257
176
     1
 40
1.0
176
     1
 90
        1
176
     1
 90
        6
176
     1
 90
        2
176
     1
 62
     7
176
     1
 90
        5
176
     1
 90
        0
176
     1
 90
        0
176
     1
290
     0
176
     1
 90
        1
176
     1
 40
0.0
176
     1
 90
        0
176
     1
290
     1
176
     1
290
     1
176
     1
290
     0
176
     1
290
     0
176
     1
290
     0
176
     1
290
     0
176
     1
290
     0
176
     1
290
     0
176
     1
290
     0
176
     1
 90
       50
176
     1
 40
0.0
176
     1
 40
1.0
176
     1
 90
        0
176
     1
 62
    18
420
        0
176
     1
 90
       50
176
     1
 90
        3
176
     1
 62
     5
420
      255
176
     1
290
     0
176
     1
 90
       50
176
     1
 90
       50
176
     1
 90
       50
176
     1
290
     0
176
     1
 90
       50
176
     1
 62
   256
176
     0
 40
1.0
176
     0
 90
        2
176
     1
  1
strokes_ogs.tif
176
     1
290
     0
176
     1
 40
1.0
176
     1
 40
1.0
176
     1
  0
VISUALSTYLE
  5
2E
102
{ACAD_REACTORS
330
29
102
}
330
29
100
AcDbVisualStyle
  2
Basic
 70
     7
177
     3
291
     1
 70
    58
 90
        1
176
     1
 90
        0
176
     1
 90
        1
176
     1
 90
        0
176
     1
 40
0.6
176
     1
 40
30.0
176
     1
 62
     7
420
 16777215
176
     1
 90
        0
176
     1
 90
        4
176
     1
 62
     7
176
     1
 62
   257
176
     1
 90
        1
176
     1
 90
        1
176
     1
 40
1.0
176
     1
 90
        8
176
     1
 62
     7
176
     1
 40
1.0
176
     1
 90
        1
176
     1
 90
        6
176
     1
 90
        2
176
     1
 62
     7
176
     1
 90
        5
176
     1
 90
        0
176
     1
 90
        0
176
     1
290
     0
176
     1
 90
        1
176
     1
 40
0.0
176
     1
 90
        0
176
     1
290
     0
176
     1
290
     1
176
     1
290
     1
176
     1
290
     0
176
     1
290
     0
176
     1
290
     0
176
     1
290
     0
176
     1
290
     0
176
     1
290
     0
176
     1
 90
       50
176
     1
 40
0.0
176
     1
 40
1.0
176
     1
 90
        0
176
     1
 62
    18
420
        0
176
     1
 90
       50
176
     1
 90
        3
176
     1
 62
     5
420
      255
176
     1
290
     0
176
     1
 90
       50
176
     1
 90
       50
176
     1
 90
       50
176
     1
290
     0
176
     1
 90
       50
176
     1
 62
   256
176
     0
 40
1.0
176
     0
 90
        2
176
     1
  1
strokes_ogs.tif
176
     1
290
     0
176
     1
 40
1.0
176
     1
 40
1.0
176
     1
  0
VISUALSTYLE
  5
35
102
{ACAD_REACTORS
330
29
102
}
330
29
100
AcDbVisualStyle
  2
Brighten
 70
    12
177
     3
291
     1
 70
    58
 90
        2
176
     1
 90
        2
176
     1
 90
        0
176
     1
 90
        0
176
     1
 40
0.6
176
     1
 40
30.0
176
     1
 62
     7
420
 16777215
176
     1
 90
        1
176
     1
 90
        4
176
     1
 62
     7
176
     1
 62
   257
176
     1
 90
        1
176
     1
 90
        1
176
     1
 40
1.0
176
     1
 90
        8
176
     1
 62
     7
176
     1
 40
1.0
176
     1
 90
        1
176
     1
 90
        6
176
     1
 90
        2
176
     1
 62
     7
176
     1
 90
        5
176
     1
 90
        0
176
     1
 90
        0
176
     1
290
     0
176
     1
 90
        1
176
     1
 40
50.0
176
     1
 90
        0
176
     1
290
     0
176
     1
290
     1
176
     1
290
     1
176
     1
290
     0
176
     1
290
     0
176
     1
290
     0
176
     1
290
     0
176
     1
290
     0
176
     1
290
     0
176
     1
 90
       50
176
     1
 40
0.0
176
     1
 40
1.0
176
     1
 90
        0
176
     1
 62
    18
420
        0
176
     1
 90
       50
176
     1
 90
        3
176
     1
 62
     5
420
      255
176
     1
290
     0
176
     1
 90
       50
176
     1
 90
       50
176
     1
 90
       50
176
     1
290
     0
176
     1
 90
       50
176
     1
 62
   256
176
     0
 40
1.0
176
     0
 90
        2
176
     1
  1
strokes_ogs.tif
176
     1
290
     0
176
     1
 40
1.0
176
     1
 40
1.0
176
     1
  0
VISUALSTYLE
  5
39
102
{ACAD_REACTORS
330
29
102
}
330
29
100
AcDbVisualStyle
  2
ColorChange
 70
    16
177
     3
291
     1
 70
    58
 90
        2
176
     1
 90
        2
176
     1
 90
        3
176
     1
 90
        0
176
     1
 40
0.6
176
     1
 40
30.0
176
     1
 62
     8
420
  8421504
176
     1
 90
        1
176
     1
 90
        4
176
     1
 62
     7
176
     1
 62
   257
176
     1
 90
        1
176
     1
 90
        1
176
     1
 40
1.0
176
     1
 90
        8
176
     1
 62
     8
420
  8421504
176
     1
 40
1.0
176
     1
 90
        1
176
     1
 90
        6
176
     1
 90
        2
176
     1
 62
     7
176
     1
 90
        5
176
     1
 90
        0
176
     1
 90
        0
176
     1
290
     0
176
     1
 90
        1
176
     1
 40
0.0
176
     1
 90
        0
176
     1
290
     0
176
     1
290
     1
176
     1
290
     1
176
     1
290
     0
176
     1
290
     0
176
     1
290
     0
176
     1
290
     0
176
     1
290
     0
176
     1
290
     0
176
     1
 90
       50
176
     1
 40
0.0
176
     1
 40
1.0
176
     1
 90
        0
176
     1
 62
    18
420
        0
176
     1
 90
       50
176
     1
 90
        3
176
     1
 62
     5
420
      255
176
     1
290
     0
176
     1
 90
       50
176
     1
 90
       50
176
     1
 90
       50
176
     1
290
     0
176
     1
 90
       50
176
     1
 62
   256
176
     0
 40
1.0
176
     0
 90
        2
176
     1
  1
strokes_ogs.tif
176
     1
290
     0
176
     1
 40
1.0
176
     1
 40
1.0
176
     1
  0
VISUALSTYLE
  5
32
102
{ACAD_REACTORS
330
29
102
}
330
29
100
AcDbVisualStyle
  2
Conceptual
 70
     9
177
     3
291
     0
 70
    58
 90
        3
176
     1
 90
        2
176
     1
 90
        0
176
     1
 90
        0
176
     1
 40
0.6
176
     1
 40
30.0
176
     1
 62
     7
420
 16777215
176
     1
 90
        2
176
     1
 90
        2
176
     1
 62
     7
176
     1
 62
   257
176
     1
 90
        1
176
     1
 90
        1
176
     1
 40
179.0
176
     1
 90
        8
176
     1
 62
     7
176
     1
 40
1.0
176
     1
 90
        1
176
     1
 90
        6
176
     1
 90
        2
176
     1
 62
     7
176
     1
 90
        3
176
     1
 90
        0
176
     1
 90
        0
176
     1
290
     0
176
     1
 90
        1
176
     1
 40
0.0
176
     1
 90
        0
176
     1
290
     0
176
     1
290
     1
176
     1
290
     1
176
     1
290
     0
176
     1
290
     0
176
     1
290
     0
176
     1
290
     0
176
     1
290
     0
176
     1
290
     0
176
     1
 90
       50
176
     1
 40
0.0
176
     1
 40
1.0
176
     1
 90
        0
176
     1
 62
    18
420
        0
176
     1
 90
       50
176
     1
 90
        3
176
     1
 62
     5
420
      255
176
     1
290
     0
176
     1
 90
       50
176
     1
 90
       50
176
     1
 90
       50
176
     1
290
     0
176
     1
 90
       50
176
     1
 62
   256
176
     0
 40
1.0
176
     0
 90
        2
176
     1
  1
strokes_ogs.tif
176
     1
290
     0
176
     1
 40
1.0
176
     1
 40
1.0
176
     1
  0
VISUALSTYLE
  5
34
102
{ACAD_REACTORS
330
29
102
}
330
29
100
AcDbVisualStyle
  2
Dim
 70
    11
177
     3
291
     1
 70
    58
 90
        2
176
     1
 90
        2
176
     1
 90
        0
176
     1
 90
        0
176
     1
 40
0.6
176
     1
 40
30.0
176
     1
 62
     7
420
 16777215
176
     1
 90
        1
176
     1
 90
        4
176
     1
 62
     7
176
     1
 62
   257
176
     1
 90
        1
176
     1
 90
        1
176
     1
 40
1.0
176
     1
 90
        8
176
     1
 62
     7
176
     1
 40
1.0
176
     1
 90
        1
176
     1
 90
        6
176
     1
 90
        2
176
     1
 62
     7
176
     1
 90
        5
176
     1
 90
        0
176
     1
 90
        0
176
     1
290
     0
176
     1
 90
        1
176
     1
 40
-50.0
176
     1
 90
        0
176
     1
290
     0
176
     1
290
     1
176
     1
290
     1
176
     1
290
     0
176
     1
290
     0
176
     1
290
     0
176
     1
290
     0
176
     1
290
     0
176
     1
290
     0
176
     1
 90
       50
176
     1
 40
0.0
176
     1
 40
1.0
176
     1
 90
        0
176
     1
 62
    18
420
        0
176
     1
 90
       50
176
     1
 90
        3
176
     1
 62
     5
420
      255
176
     1
290
     0
176
     1
 90
       50
176
     1
 90
       50
176
     1
 90
       50
176
     1
290
     0
176
     1
 90
       50
176
     1
 62
   256
176
     0
 40
1.0
176
     0
 90
        2
176
     1
  1
strokes_ogs.tif
176
     1
290
     0
176
     1
 40
1.0
176
     1
 40
1.0
176
     1
  0
VISUALSTYLE
  5
41
102
{ACAD_REACTORS
330
29
102
}
330
29
100
AcDbVisualStyle
  2
EdgeColorOff
 70
    22
177
     3
291
     1
 70
    58
 90
        2
176
     0
 90
        2
176
     0
 90
        0
176
     0
 90
        0
176
     0
 40
0.6
176
     0
 40
30.0
176
     0
 62
     7
420
 16777215
176
     0
 90
        1
176
     0
 90
        4
176
     0
 62
     7
176
     0
 62
   257
176
     0
 90
        1
176
     0
 90
        1
176
     0
 40
1.0
176
     0
 90
        8
176
     2
 62
     7
176
     0
 40
1.0
176
     0
 90
        1
176
     0
 90
        6
176
     0
 90
        2
176
     0
 62
     7
176
     0
 90
        5
176
     0
 90
        0
176
     0
 90
        0
176
     0
290
     0
176
     0
 90
        1
176
     0
 40
0.0
176
     0
 90
        0
176
     0
290
     0
176
     0
290
     1
176
     0
290
     1
176
     0
290
     0
176
     0
290
     0
176
     0
290
     0
176
     0
290
     0
176
     0
290
     0
176
     0
290
     0
176
     0
 90
       50
176
     0
 40
0.0
176
     0
 40
1.0
176
     0
 90
        0
176
     0
 62
    18
420
        0
176
     0
 90
       50
176
     0
 90
        3
176
     0
 62
     5
420
      255
176
     0
290
     0
176
     0
 90
       50
176
     0
 90
       50
176
     0
 90
       50
176
     0
290
     0
176
     0
 90
       50
176
     0
 62
   256
176
     0
 40
1.0
176
     0
 90
        2
176
     0
  1
strokes_ogs.tif
176
     0
290
     0
176
     0
 40
1.0
176
     0
 40
1.0
176
     0
  0
VISUALSTYLE
  5
38
102
{ACAD_REACTORS
330
29
102
}
330
29
100
AcDbVisualStyle
  2
Facepattern
 70
    15
177
     3
291
     1
 70
    58
 90
        2
176
     1
 90
        2
176
     1
 90
        0
176
     1
 90
        0
176
     1
 40
0.6
176
     1
 40
30.0
176
     1
 62
     7
420
 16777215
176
     1
 90
        1
176
     1
 90
        4
176
     1
 62
     7
176
     1
 62
   257
176
     1
 90
        1
176
     1
 90
        1
176
     1
 40
1.0
176
     1
 90
        8
176
     1
 62
     7
176
     1
 40
1.0
176
     1
 90
        1
176
     1
 90
        6
176
     1
 90
        2
176
     1
 62
     7
176
     1
 90
        5
176
     1
 90
        0
176
     1
 90
        0
176
     1
290
     0
176
     1
 90
        1
176
     1
 40
0.0
176
     1
 90
        0
176
     1
290
     0
176
     1
290
     1
176
     1
290
     1
176
     1
290
     0
176
     1
290
     0
176
     1
290
     0
176
     1
290
     0
176
     1
290
     0
176
     1
290
     0
176
     1
 90
       50
176
     1
 40
0.0
176
     1
 40
1.0
176
     1
 90
        0
176
     1
 62
    18
420
        0
176
     1
 90
       50
176
     1
 90
        3
176
     1
 62
     5
420
      255
176
     1
290
     0
176
     1
 90
       50
176
     1
 90
       50
176
     1
 90
       50
176
     1
290
     0
176
     1
 90
       50
176
     1
 62
   256
176
     0
 40
1.0
176
     0
 90
        2
176
     1
  1
strokes_ogs.tif
176
     1
290
     0
176
     1
 40
1.0
176
     1
 40
1.0
176
     1
  0
VISUALSTYLE
  5
2A
102
{ACAD_REACTORS
330
29
102
}
330
29
100
AcDbVisualStyle
  2
Flat
 70
     0
177
     3
291
     1
 70
    58
 90
        2
176
     1
 90
        1
176
     1
 90
        1
176
     1
 90
        2
176
     1
 40
0.6
176
     1
 40
30.0
176
     1
 62
     7
420
 16777215
176
     1
 90
        0
176
     1
 90
        0
176
     1
 62
     7
176
     1
 62
   257
176
     1
 90
        1
176
     1
 90
        1
176
     1
 40
1.0
176
     1
 90
        8
176
     1
 62
     7
176
     1
 40
1.0
176
     1
 90
        1
176
     1
 90
        6
176
     1
 90
        2
176
     1
 62
     7
176
     1
 90
        5
176
     1
 90
        0
176
     1
 90
        0
176
     1
290
     0
176
     1
 90
       13
176
     1
 40
0.0
176
     1
 90
        0
176
     1
290
     0
176
     1
290
     1
176
     1
290
     1
176
     1
290
     0
176
     1
290
     0
176
     1
290
     0
176
     1
290
     0
176
     1
290
     0
176
     1
290
     0
176
     1
 90
       50
176
     1
 40
0.0
176
     1
 40
1.0
176
     1
 90
        0
176
     1
 62
    18
420
        0
176
     1
 90
       50
176
     1
 90
        3
176
     1
 62
     5
420
      255
176
     1
290
     0
176
     1
 90
       50
176
     1
 90
       50
176
     1
 90
       50
176
     1
290
     0
176
     1
 90
       50
176
     1
 62
   256
176
     0
 40
1.0
176
     0
 90
        2
176
     1
  1
strokes_ogs.tif
176
     1
290
     0
176
     1
 40
1.0
176
     1
 40
1.0
176
     1
  0
VISUALSTYLE
  5
2B
102
{ACAD_REACTORS
330
29
102
}
330
29
100
AcDbVisualStyle
  2
FlatWithEdges
 70
     1
177
     3
291
     1
 70
    58
 90
        2
176
     1
 90
        1
176
     1
 90
        1
176
     1
 90
        2
176
     1
 40
0.6
176
     1
 40
30.0
176
     1
 62
     7
420
 16777215
176
     1
 90
        1
176
     1
 90
        0
176
     1
 62
     7
176
     1
 62
   257
176
     1
 90
        1
176
     1
 90
        1
176
     1
 40
1.0
176
     1
 90
        0
176
     1
 62
   257
176
     1
 40
1.0
176
     1
 90
        1
176
     1
 90
        6
176
     1
 90
        2
176
     1
 62
     7
176
     1
 90
        5
176
     1
 90
        0
176
     1
 90
        0
176
     1
290
     0
176
     1
 90
       13
176
     1
 40
0.0
176
     1
 90
        0
176
     1
290
     0
176
     1
290
     1
176
     1
290
     1
176
     1
290
     0
176
     1
290
     0
176
     1
290
     0
176
     1
290
     0
176
     1
290
     0
176
     1
290
     0
176
     1
 90
       50
176
     1
 40
0.0
176
     1
 40
1.0
176
     1
 90
        0
176
     1
 62
    18
420
        0
176
     1
 90
       50
176
     1
 90
        3
176
     1
 62
     5
420
      255
176
     1
290
     0
176
     1
 90
       50
176
     1
 90
       50
176
     1
 90
       50
176
     1
290
     0
176
     1
 90
       50
176
     1
 62
   256
176
     0
 40
1.0
176
     0
 90
        2
176
     1
  1
strokes_ogs.tif
176
     1
290
     0
176
     1
 40
1.0
176
     1
 40
1.0
176
     1
  0
VISUALSTYLE
  5
2C
102
{ACAD_REACTORS
330
29
102
}
330
29
100
AcDbVisualStyle
  2
Gouraud
 70
     2
177
     3
291
     1
 70
    58
 90
        2
176
     1
 90
        2
176
     1
 90
        1
176
     1
 90
        2
176
     1
 40
0.6
176
     1
 40
30.0
176
     1
 62
     7
420
 16777215
176
     1
 90
        0
176
     1
 90
        0
176
     1
 62
     7
176
     1
 62
   257
176
     1
 90
        1
176
     1
 90
        1
176
     1
 40
1.0
176
     1
 90
        0
176
     1
 62
     7
176
     1
 40
1.0
176
     1
 90
        1
176
     1
 90
        6
176
     1
 90
        2
176
     1
 62
     7
176
     1
 90
        5
176
     1
 90
        0
176
     1
 90
        0
176
     1
290
     0
176
     1
 90
       13
176
     1
 40
0.0
176
     1
 90
        0
176
     1
290
     0
176
     1
290
     1
176
     1
290
     1
176
     1
290
     0
176
     1
290
     0
176
     1
290
     0
176
     1
290
     0
176
     1
290
     0
176
     1
290
     0
176
     1
 90
       50
176
     1
 40
0.0
176
     1
 40
1.0
176
     1
 90
        0
176
     1
 62
    18
420
        0
176
     1
 90
       50
176
     1
 90
        3
176
     1
 62
     5
420
      255
176
     1
290
     0
176
     1
 90
       50
176
     1
 90
       50
176
     1
 90
       50
176
     1
290
     0
176
     1
 90
       50
176
     1
 62
   256
176
     0
 40
1.0
176
     0
 90
        2
176
     1
  1
strokes_ogs.tif
176
     1
290
     0
176
     1
 40
1.0
176
     1
 40
1.0
176
     1
  0
VISUALSTYLE
  5
2D
102
{ACAD_REACTORS
330
29
102
}
330
29
100
AcDbVisualStyle
  2
GouraudWithEdges
 70
     3
177
     3
291
     1
 70
    58
 90
        2
176
     1
 90
        2
176
     1
 90
        1
176
     1
 90
        2
176
     1
 40
0.6
176
     1
 40
30.0
176
     1
 62
     7
420
 16777215
176
     1
 90
        1
176
     1
 90
        0
176
     1
 62
     7
176
     1
 62
   257
176
     1
 90
        1
176
     1
 90
        1
176
     1
 40
1.0
176
     1
 90
        0
176
     1
 62
   257
176
     1
 40
1.0
176
     1
 90
        1
176
     1
 90
        6
176
     1
 90
        2
176
     1
 62
     7
176
     1
 90
        5
176
     1
 90
        0
176
     1
 90
        0
176
     1
290
     0
176
     1
 90
       13
176
     1
 40
0.0
176
     1
 90
        0
176
     1
290
     0
176
     1
290
     1
176
     1
290
     1
176
     1
290
     0
176
     1
290
     0
176
     1
290
     0
176
     1
290
     0
176
     1
290
     0
176
     1
290
     0
176
     1
 90
       50
176
     1
 40
0.0
176
     1
 40
1.0
176
     1
 90
        0
176
     1
 62
    18
420
        0
176
     1
 90
       50
176
     1
 90
        3
176
     1
 62
     5
420
      255
176
     1
290
     0
176
     1
 90
       50
176
     1
 90
       50
176
     1
 90
       50
176
     1
290
     0
176
     1
 90
       50
176
     1
 62
   256
176
     0
 40
1.0
176
     0
 90
        2
176
     1
  1
strokes_ogs.tif
176
     1
290
     0
176
     1
 40
1.0
176
     1
 40
1.0
176
     1
  0
VISUALSTYLE
  5
31
102
{ACAD_REACTORS
330
29
102
}
330
29
100
AcDbVisualStyle
  2
Hidden
 70
     6
177
     3
291
     0
 70
    58
 90
        1
176
     1
 90
        2
176
     1
 90
        2
176
     1
 90
        0
176
     1
 40
0.6
176
     1
 40
30.0
176
     1
 62
     7
420
 16777215
176
     1
 90
        2
176
     1
 90
        2
176
     1
 62
     7
176
     1
 62
   257
176
     1
 90
        2
176
     1
 90
        1
176
     1
 40
40.0
176
     1
 90
        0
176
     1
 62
   257
176
     1
 40
1.0
176
     1
 90
        1
176
     1
 90
        6
176
     1
 90
        2
176
     1
 62
     7
176
     1
 90
        3
176
     1
 90
        0
176
     1
 90
        0
176
     1
290
     0
176
     1
 90
        1
176
     1
 40
0.0
176
     1
 90
        0
176
     1
290
     0
176
     1
290
     1
176
     1
290
     1
176
     1
290
     0
176
     1
290
     0
176
     1
290
     0
176
     1
290
     0
176
     1
290
     0
176
     1
290
     0
176
     1
 90
       50
176
     1
 40
0.0
176
     1
 40
1.0
176
     1
 90
        0
176
     1
 62
    18
420
        0
176
     1
 90
       50
176
     1
 90
        3
176
     1
 62
     5
420
      255
176
     1
290
     0
176
     1
 90
       50
176
     1
 90
       50
176
     1
 90
       50
176
     1
290
     0
176
     1
 90
       50
176
     1
 62
   256
176
     0
 40
1.0
176
     0
 90
        2
176
     1
  1
strokes_ogs.tif
176
     1
290
     0
176
     1
 40
1.0
176
     1
 40
1.0
176
     1
  0
VISUALSTYLE
  5
3F
102
{ACAD_REACTORS
330
29
102
}
330
29
100
AcDbVisualStyle
  2
JitterOff
 70
    20
177
     3
291
     1
 70
    58
 90
        2
176
     0
 90
        2
176
     0
 90
        0
176
     0
 90
        0
176
     0
 40
0.6
176
     0
 40
30.0
176
     0
 62
     7
420
 16777215
176
     0
 90
        1
176
     0
 90
        4
176
     0
 62
     7
176
     0
 62
   257
176
     0
 90
        1
176
     0
 90
        1
176
     0
 40
1.0
176
     0
 90
       10
176
     2
 62
     7
176
     0
 40
1.0
176
     0
 90
        1
176
     0
 90
        6
176
     0
 90
        2
176
     0
 62
     7
176
     0
 90
        5
176
     0
 90
        0
176
     0
 90
        0
176
     0
290
     0
176
     0
 90
        1
176
     0
 40
0.0
176
     0
 90
        0
176
     0
290
     0
176
     0
290
     1
176
     0
290
     1
176
     0
290
     0
176
     0
290
     0
176
     0
290
     0
176
     0
290
     0
176
     0
290
     0
176
     0
290
     0
176
     0
 90
       50
176
     0
 40
0.0
176
     0
 40
1.0
176
     0
 90
        0
176
     0
 62
    18
420
        0
176
     0
 90
       50
176
     0
 90
        3
176
     0
 62
     5
420
      255
176
     0
290
     0
176
     0
 90
       50
176
     0
 90
       50
176
     0
 90
       50
176
     0
290
     0
176
     0
 90
       50
176
     0
 62
   256
176
     0
 40
1.0
176
     0
 90
        2
176
     0
  1
strokes_ogs.tif
176
     0
290
     0
176
     0
 40
1.0
176
     0
 40
1.0
176
     0
  0
VISUALSTYLE
  5
37
102
{ACAD_REACTORS
330
29
102
}
330
29
100
AcDbVisualStyle
  2
Linepattern
 70
    14
177
     3
291
     1
 70
    58
 90
        2
176
     1
 90
        2
176
     1
 90
        0
176
     1
 90
        0
176
     1
 40
0.6
176
     1
 40
30.0
176
     1
 62
     7
420
 16777215
176
     1
 90
        1
176
     1
 90
        4
176
     1
 62
     7
176
     1
 62
   257
176
     1
 90
        7
176
     1
 90
        7
176
     1
 40
1.0
176
     1
 90
        8
176
     1
 62
     7
176
     1
 40
1.0
176
     1
 90
        1
176
     1
 90
        6
176
     1
 90
        2
176
     1
 62
     7
176
     1
 90
        5
176
     1
 90
        0
176
     1
 90
        0
176
     1
290
     0
176
     1
 90
        1
176
     1
 40
0.0
176
     1
 90
        0
176
     1
290
     0
176
     1
290
     1
176
     1
290
     1
176
     1
290
     0
176
     1
290
     0
176
     1
290
     0
176
     1
290
     0
176
     1
290
     0
176
     1
290
     0
176
     1
 90
       50
176
     1
 40
0.0
176
     1
 40
1.0
176
     1
 90
        0
176
     1
 62
    18
420
        0
176
     1
 90
       50
176
     1
 90
        3
176
     1
 62
     5
420
      255
176
     1
290
     0
176
     1
 90
       50
176
     1
 90
       50
176
     1
 90
       50
176
     1
290
     0
176
     1
 90
       50
176
     1
 62
   256
176
     0
 40
1.0
176
     0
 90
        2
176
     1
  1
strokes_ogs.tif
176
     1
290
     0
176
     1
 40
1.0
176
     1
 40
1.0
176
     1
  0
VISUALSTYLE
  5
40
102
{ACAD_REACTORS
330
29
102
}
330
29
100
AcDbVisualStyle
  2
OverhangOff
 70
    21
177
     3
291
     1
 70
    58
 90
        2
176
     0
 90
        2
176
     0
 90
        0
176
     0
 90
        0
176
     0
 40
0.6
176
     0
 40
30.0
176
     0
 62
     7
420
 16777215
176
     0
 90
        1
176
     0
 90
        4
176
     0
 62
     7
176
     0
 62
   257
176
     0
 90
        1
176
     0
 90
        1
176
     0
 40
1.0
176
     0
 90
        9
176
     2
 62
     7
176
     0
 40
1.0
176
     0
 90
        1
176
     0
 90
        6
176
     0
 90
        2
176
     0
 62
     7
176
     0
 90
        5
176
     0
 90
        0
176
     0
 90
        0
176
     0
290
     0
176
     0
 90
        1
176
     0
 40
0.0
176
     0
 90
        0
176
     0
290
     0
176
     0
290
     1
176
     0
290
     1
176
     0
290
     0
176
     0
290
     0
176
     0
290
     0
176
     0
290
     0
176
     0
290
     0
176
     0
290
     0
176
     0
 90
       50
176
     0
 40
0.0
176
     0
 40
1.0
176
     0
 90
        0
176
     0
 62
    18
420
        0
176
     0
 90
       50
176
     0
 90
        3
176
     0
 62
     5
420
      255
176
     0
290
     0
176
     0
 90
       50
176
     0
 90
       50
176
     0
 90
       50
176
     0
290
     0
176
     0
 90
       50
176
     0
 62
   256
176
     0
 40
1.0
176
     0
 90
        2
176
     0
  1
strokes_ogs.tif
176
     0
290
     0
176
     0
 40
1.0
176
     0
 40
1.0
176
     0
  0
VISUALSTYLE
  5
33
102
{ACAD_REACTORS
330
29
102
}
330
29
100
AcDbVisualStyle
  2
Realistic
 70
     8
177
     3
291
     0
 70
    58
 90
        2
176
     1
 90
        3
176
     1
 90
        0
176
     1
 90
        2
176
     1
 40
0.6
176
     1
 40
30.0
176
     1
 62
     7
420
 16777215
176
     1
 90
        0
176
     1
 90
        0
176
     1
 62
     7
176
     1
 62
   257
176
     1
 90
        1
176
     1
 90
        1
176
     1
 40
1.0
176
     1
 90
        8
176
     1
 62
   257
176
     1
 40
1.0
176
     1
 90
        1
176
     1
 90
        6
176
     1
 90
        2
176
     1
 62
     7
176
     1
 90
        3
176
     1
 90
        0
176
     1
 90
        0
176
     1
290
     0
176
     1
 90
       13
176
     1
 40
0.0
176
     1
 90
        0
176
     1
290
     0
176
     1
290
     1
176
     1
290
     1
176
     1
290
     0
176
     1
290
     0
176
     1
290
     0
176
     1
290
     0
176
     1
290
     0
176
     1
290
     0
176
     1
 90
       50
176
     1
 40
0.0
176
     1
 40
1.0
176
     1
 90
        0
176
     1
 62
    18
420
        0
176
     1
 90
       50
176
     1
 90
        3
176
     1
 62
     5
420
      255
176
     1
290
     0
176
     1
 90
       50
176
     1
 90
       50
176
     1
 90
       50
176
     1
290
     0
176
     1
 90
       50
176
     1
 62
   256
176
     0
 40
1.0
176
     0
 90
        2
176
     1
  1
strokes_ogs.tif
176
     1
290
     0
176
     1
 40
1.0
176
     1
 40
1.0
176
     1
  0
VISUALSTYLE
  5
3E
102
{ACAD_REACTORS
330
29
102
}
330
29
100
AcDbVisualStyle
  2
Shaded
 70
    27
177
     3
291
     0
 70
    58
 90
        2
176
     1
 90
        2
176
     1
 90
        1
176
     1
 90
        2
176
     1
 40
0.6
176
     1
 40
30.0
176
     1
 62
     7
420
 16777215
176
     1
 90
        0
176
     1
 90
        4
176
     1
 62
     7
176
     1
 62
   257
176
     1
 90
        1
176
     1
 90
        1
176
     1
 40
1.0
176
     1
 90
        8
176
     1
 62
   257
176
     1
 40
1.0
176
     1
 90
        1
176
     1
 90
        6
176
     1
 90
        2
176
     1
 62
     8
420
  7895160
176
     1
 90
        3
176
     1
 90
        0
176
     1
 90
        0
176
     1
290
     0
176
     1
 90
        5
176
     1
 40
0.0
176
     1
 90
        0
176
     1
290
     0
176
     1
290
     1
176
     1
290
     1
176
     1
290
     0
176
     1
290
     0
176
     1
290
     0
176
     1
290
     0
176
     1
290
     0
176
     1
290
     0
176
     1
 90
       50
176
     1
 40
0.0
176
     1
 40
1.0
176
     1
 90
        0
176
     1
 62
    18
420
        0
176
     1
 90
       50
176
     1
 90
        3
176
     1
 62
     5
420
      255
176
     1
290
     0
176
     1
 90
       50
176
     1
 90
       50
176
     1
 90
       50
176
     1
290
     0
176
     1
 90
       50
176
     1
 62
   256
176
     0
 40
1.0
176
     0
 90
        2
176
     1
  1
strokes_ogs.tif
176
     1
290
     0
176
     1
 40
1.0
176
     1
 40
1.0
176
     1
  0
VISUALSTYLE
  5
3D
102
{ACAD_REACTORS
330
29
102
}
330
29
100
AcDbVisualStyle
  2
Shaded with edges
 70
    26
177
     3
291
     0
 70
    58
 90
        2
176
     1
 90
        2
176
     1
 90
        1
176
     1
 90
        2
176
     1
 40
0.6
176
     1
 40
30.0
176
     1
 62
     7
420
 16777215
176
     1
 90
        1
176
     1
 90
        2
176
     1
 62
     7
176
     1
 62
   257
176
     1
 90
        2
176
     1
 90
        1
176
     1
 40
1.0
176
     1
 90
        8
176
     1
 62
   257
176
     1
 40
1.0
176
     1
 90
        1
176
     1
 90
        6
176
     1
 90
        2
176
     1
 62
     7
176
     1
 90
        3
176
     1
 90
        0
176
     1
 90
        0
176
     1
290
     0
176
     1
 90
        5
176
     1
 40
0.0
176
     1
 90
        0
176
     1
290
     0
176
     1
290
     1
176
     1
290
     1
176
     1
290
     0
176
     1
290
     0
176
     1
290
     0
176
     1
290
     0
176
     1
290
     0
176
     1
290
     0
176
     1
 90
       50
176
     1
 40
0.0
176
     1
 40
1.0
176
     1
 90
        0
176
     1
 62
    18
420
        0
176
     1
 90
       50
176
     1
 90
        3
176
     1
 62
     5
420
      255
176
     1
290
     0
176
     1
 90
       50
176
     1
 90
       50
176
     1
 90
       50
176
     1
290
     0
176
     1
 90
       50
176
     1
 62
   256
176
     0
 40
1.0
176
     0
 90
        2
176
     1
  1
strokes_ogs.tif
176
     1
290
     0
176
     1
 40
1.0
176
     1
 40
1.0
176
     1
  0
VISUALSTYLE
  5
3A
102
{ACAD_REACTORS
330
29
102
}
330
29
100
AcDbVisualStyle
  2
Shades of Gray
 70
    23
177
     3
291
     0
 70
    58
 90
        2
176
     1
 90
        2
176
     1
 90
        3
176
     1
 90
        0
176
     1
 40
0.6
176
     1
 40
30.0
176
     1
 62
     7
420
 16777215
176
     1
 90
        2
176
     1
 90
        2
176
     1
 62
     7
176
     1
 62
     7
176
     1
 90
        1
176
     1
 90
        1
176
     1
 40
40.0
176
     1
 90
        8
176
     1
 62
     7
176
     1
 40
1.0
176
     1
 90
        1
176
     1
 90
        6
176
     1
 90
        2
176
     1
 62
     7
176
     1
 90
        3
176
     1
 90
        0
176
     1
 90
        0
176
     1
290
     0
176
     1
 90
        1
176
     1
 40
0.0
176
     1
 90
        0
176
     1
290
     0
176
     1
290
     1
176
     1
290
     1
176
     1
290
     0
176
     1
290
     0
176
     1
290
     0
176
     1
290
     0
176
     1
290
     0
176
     1
290
     0
176
     1
 90
       50
176
     1
 40
0.0
176
     1
 40
1.0
176
     1
 90
        0
176
     1
 62
    18
420
        0
176
     1
 90
       50
176
     1
 90
        3
176
     1
 62
     5
420
      255
176
     1
290
     0
176
     1
 90
       50
176
     1
 90
       50
176
     1
 90
       50
176
     1
290
     0
176
     1
 90
       50
176
     1
 62
   256
176
     0
 40
1.0
176
     0
 90
        2
176
     1
  1
strokes_ogs.tif
176
     1
290
     0
176
     1
 40
1.0
176
     1
 40
1.0
176
     1
  0
VISUALSTYLE
  5
3B
102
{ACAD_REACTORS
330
29
102
}
330
29
100
AcDbVisualStyle
  2
Sketchy
 70
    24
177
     3
291
     0
 70
    58
 90
        1
176
     1
 90
        2
176
     1
 90
        2
176
     1
 90
        0
176
     1
 40
0.6
176
     1
 40
30.0
176
     1
 62
     7
420
 16777215
176
     1
 90
        2
176
     1
 90
        2
176
     1
 62
     7
176
     1
 62
     7
176
     1
 90
        1
176
     1
 90
        1
176
     1
 40
40.0
176
     1
 90
       11
176
     1
 62
     7
176
     1
 40
1.0
176
     1
 90
        1
176
     1
 90
        6
176
     1
 90
        2
176
     1
 62
     7
176
     1
 90
        6
176
     1
 90
        0
176
     1
 90
        0
176
     1
290
     0
176
     1
 90
        1
176
     1
 40
0.0
176
     1
 90
        0
176
     1
290
     0
176
     1
290
     1
176
     1
290
     1
176
     1
290
     0
176
     1
290
     0
176
     1
290
     0
176
     1
290
     0
176
     1
290
     0
176
     1
290
     0
176
     1
 90
       50
176
     1
 40
0.0
176
     1
 40
1.0
176
     1
 90
        0
176
     1
 62
    18
420
        0
176
     1
 90
       50
176
     1
 90
        3
176
     1
 62
     5
420
      255
176
     1
290
     0
176
     1
 90
       50
176
     1
 90
       50
176
     1
 90
       50
176
     1
290
     0
176
     1
 90
       50
176
     1
 62
   256
176
     0
 40
1.0
176
     0
 90
        2
176
     1
  1
strokes_ogs.tif
176
     1
290
     0
176
     1
 40
1.0
176
     1
 40
1.0
176
     1
  0
VISUALSTYLE
  5
36
102
{ACAD_REACTORS
330
29
102
}
330
29
100
AcDbVisualStyle
  2
Thicken
 70
    13
177
     3
291
     1
 70
    58
 90
        2
176
     1
 90
        2
176
     1
 90
        0
176
     1
 90
        0
176
     1
 40
0.6
176
     1
 40
30.0
176
     1
 62
     7
420
 16777215
176
     1
 90
        1
176
     1
 90
        4
176
     1
 62
     7
176
     1
 62
   257
176
     1
 90
        1
176
     1
 90
        1
176
     1
 40
1.0
176
     1
 90
       12
176
     1
 62
     7
176
     1
 40
1.0
176
     1
 90
        1
176
     1
 90
        6
176
     1
 90
        2
176
     1
 62
     7
176
     1
 90
        5
176
     1
 90
        0
176
     1
 90
        0
176
     1
290
     0
176
     1
 90
        1
176
     1
 40
0.0
176
     1
 90
        0
176
     1
290
     0
176
     1
290
     1
176
     1
290
     1
176
     1
290
     0
176
     1
290
     0
176
     1
290
     0
176
     1
290
     0
176
     1
290
     0
176
     1
290
     0
176
     1
 90
       50
176
     1
 40
0.0
176
     1
 40
1.0
176
     1
 90
        0
176
     1
 62
    18
420
        0
176
     1
 90
       50
176
     1
 90
        3
176
     1
 62
     5
420
      255
176
     1
290
     0
176
     1
 90
       50
176
     1
 90
       50
176
     1
 90
       50
176
     1
290
     0
176
     1
 90
       50
176
     1
 62
   256
176
     0
 40
1.0
176
     0
 90
        2
176
     1
  1
strokes_ogs.tif
176
     1
290
     0
176
     1
 40
1.0
176
     1
 40
1.0
176
     1
  0
VISUALSTYLE
  5
30
102
{ACAD_REACTORS
330
29
102
}
330
29
100
AcDbVisualStyle
  2
Wireframe
 70
     5
177
     3
291
     0
 70
    58
 90
        0
176
     1
 90
        2
176
     1
 90
        0
176
     1
 90
        0
176
     1
 40
0.6
176
     1
 40
30.0
176
     1
 62
     7
420
 16777215
176
     1
 90
        1
176
     1
 90
        4
176
     1
 62
     7
176
     1
 62
   257
176
     1
 90
        1
176
     1
 90
        1
176
     1
 40
1.0
176
     1
 90
        0
176
     1
 62
   257
176
     1
 40
1.0
176
     1
 90
        1
176
     1
 90
        6
176
     1
 90
        2
176
     1
 62
     7
176
     1
 90
        3
176
     1
 90
        0
176
     1
 90
        0
176
     1
290
     0
176
     1
 90
        1
176
     1
 40
0.0
176
     1
 90
        0
176
     1
290
     0
176
     1
290
     1
176
     1
290
     1
176
     1
290
     0
176
     1
290
     0
176
     1
290
     0
176
     1
290
     0
176
     1
290
     0
176
     1
290
     0
176
     1
 90
       50
176
     1
 40
0.0
176
     1
 40
1.0
176
     1
 90
        0
176
     1
 62
    18
420
        0
176
     1
 90
       50
176
     1
 90
        3
176
     1
 62
     5
420
      255
176
     1
290
     0
176
     1
 90
       50
176
     1
 90
       50
176
     1
 90
       50
176
     1
290
     0
176
     1
 90
       50
176
     1
 62
   256
176
     0
 40
1.0
176
     0
 90
        2
176
     1
  1
strokes_ogs.tif
176
     1
290
     0
176
     1
 40
1.0
176
     1
 40
1.0
176
     1
  0
VISUALSTYLE
  5
3C
102
{ACAD_REACTORS
330
29
102
}
330
29
100
AcDbVisualStyle
  2
X-Ray
 70
    25
177
     3
291
     0
 70
    58
 90
        2
176
     1
 90
        2
176
     1
 90
        1
176
     1
 90
        1
176
     1
 40
0.5
176
     1
 40
30.0
176
     1
 62
     7
420
 16777215
176
     1
 90
        1
176
     1
 90
        0
176
     1
 62
     7
176
     1
 62
   257
176
     1
 90
        1
176
     1
 90
        1
176
     1
 40
1.0
176
     1
 90
        8
176
     1
 62
     7
176
     1
 40
1.0
176
     1
 90
        1
176
     1
 90
        6
176
     1
 90
        2
176
     1
 62
     7
176
     1
 90
        3
176
     1
 90
        0
176
     1
 90
        0
176
     1
290
     0
176
     1
 90
       13
176
     1
 40
0.0
176
     1
 90
        0
176
     1
290
     0
176
     1
290
     1
176
     1
290
     1
176
     1
290
     0
176
     1
290
     0
176
     1
290
     0
176
     1
290
     0
176
     1
290
     0
176
     1
290
     0
176
     1
 90
       50
176
     1
 40
0.0
176
     1
 40
1.0
176
     1
 90
        0
176
     1
 62
    18
420
        0
176
     1
 90
       50
176
     1
 90
        3
176
     1
 62
     5
420
      255
176
     1
290
     0
176
     1
 90
       50
176
     1
 90
       50
176
     1
 90
       50
176
     1
290
     0
176
     1
 90
       50
176
     1
 62
   256
176
     0
 40
1.0
176
     0
 90
        2
176
     1
  1
strokes_ogs.tif
176
     1
290
     0
176
     1
 40
1.0
176
     1
 40
1.0
176
     1
  0
DICTIONARYVAR
  5
478
102
{ACAD_REACTORS
330
473
102
}
330
473
100
DictionaryVariables
280
     0
  1
1:1
  0
DICTIONARYVAR
  5
475
102
{ACAD_REACTORS
330
473
102
}
330
473
100
DictionaryVariables
280
     0
  1
STANDARD
  0
DICTIONARYVAR
  5
474
102
{ACAD_REACTORS
330
473
102
}
330
473
100
DictionaryVariables
280
     0
  1
STANDARD
  0
DICTIONARYVAR
  5
476
102
{ACAD_REACTORS
330
473
102
}
330
473
100
DictionaryVariables
280
     0
  1
Imperial24
  0
DICTIONARYVAR
  5
477
102
{ACAD_REACTORS
330
473
102
}
330
473
100
DictionaryVariables
280
     0
  1
Imperial24
  0
XRECORD
  5
46F
102
{ACAD_REACTORS
330
46B
102
}
330
46B
100
AcDbXrecord
280
     1
  1
BUILDING_ID
  1
Casa à rua Nova, nº 06, Pilar de Goiás, GO
  1
FLOOR_ID
  1
22914426
  0
XRECORD
  5
46D
102
{ACAD_REACTORS
330
46B
102
}
330
46B
100
AcDbXrecord
280
     1
  1
-2000051
  1
Linhas
  1
-2000280
  1
Blocos de margens e carimbo
  1
-2002000
  1
Itens de detalhe
  0
XRECORD
  5
46E
102
{ACAD_REACTORS
330
46B
102
}
330
46B
100
AcDbXrecord
280
     1
  1
-2000042
  1
<Linhas finas>
  1
-2000281
  1
<Linhas finas>
  1
22907988
  1
0
  0
XRECORD
  5
46C
102
{ACAD_REACTORS
330
46B
102
}
330
46B
100
AcDbXrecord
280
     1
  1
22910765
  1
Região preenchida : page_1_3319d3d34dfe46661efd9adc9793d3da_65c64f8a4654d.dwg-4
  1
22914404
  1
SVG : A4
  0
DICTIONARY
  5
1A
330
19
100
AcDbDictionary
280
     1
281
     1
  3
BUMPTILE
360
1C
  3
DIFFUSETILE
360
1B
  3
OPACITYTILE
360
1F
  3
REFLECTIONTILE
360
1E
  3
REFRACTIONTILE
360
20
  3
SPECULARTILE
360
1D
  0
DICTIONARY
  5
12
330
11
100
AcDbDictionary
280
     1
281
     1
  3
BUMPTILE
360
14
  3
DIFFUSETILE
360
13
  3
OPACITYTILE
360
17
  3
REFLECTIONTILE
360
16
  3
REFRACTIONTILE
360
18
  3
SPECULARTILE
360
15
  0
DICTIONARY
  5
22
330
21
100
AcDbDictionary
280
     1
281
     1
  3
BUMPTILE
360
24
  3
DIFFUSETILE
360
23
  3
OPACITYTILE
360
27
  3
REFLECTIONTILE
360
26
  3
REFRACTIONTILE
360
28
  3
SPECULARTILE
360
25
  0
DICTIONARY
  5
6C7
330
65
100
AcDbDictionary
280
     1
281
     1
  3
ACAD_ROUNDTRIP_2008_TABLESTYLE_CELLSTYLEMAP
360
6C8
  0
XRECORD
  5
1C
102
{ACAD_REACTORS
330
1A
102
}
330
1A
100
AcDbXrecord
280
     1
270
     1
271
     1
  0
XRECORD
  5
1B
102
{ACAD_REACTORS
330
1A
102
}
330
1A
100
AcDbXrecord
280
     1
270
     1
271
     1
  0
XRECORD
  5
1F
102
{ACAD_REACTORS
330
1A
102
}
330
1A
100
AcDbXrecord
280
     1
270
     1
271
     1
  0
XRECORD
  5
1E
102
{ACAD_REACTORS
330
1A
102
}
330
1A
100
AcDbXrecord
280
     1
270
     1
271
     1
  0
XRECORD
  5
20
102
{ACAD_REACTORS
330
1A
102
}
330
1A
100
AcDbXrecord
280
     1
270
     1
271
     1
  0
XRECORD
  5
1D
102
{ACAD_REACTORS
330
1A
102
}
330
1A
100
AcDbXrecord
280
     1
270
     1
271
     1
  0
XRECORD
  5
14
102
{ACAD_REACTORS
330
12
102
}
330
12
100
AcDbXrecord
280
     1
270
     1
271
     1
  0
XRECORD
  5
13
102
{ACAD_REACTORS
330
12
102
}
330
12
100
AcDbXrecord
280
     1
270
     1
271
     1
  0
XRECORD
  5
17
102
{ACAD_REACTORS
330
12
102
}
330
12
100
AcDbXrecord
280
     1
270
     1
271
     1
  0
XRECORD
  5
16
102
{ACAD_REACTORS
330
12
102
}
330
12
100
AcDbXrecord
280
     1
270
     1
271
     1
  0
XRECORD
  5
18
102
{ACAD_REACTORS
330
12
102
}
330
12
100
AcDbXrecord
280
     1
270
     1
271
     1
  0
XRECORD
  5
15
102
{ACAD_REACTORS
330
12
102
}
330
12
100
AcDbXrecord
280
     1
270
     1
271
     1
  0
XRECORD
  5
24
102
{ACAD_REACTORS
330
22
102
}
330
22
100
AcDbXrecord
280
     1
270
     1
271
     1
  0
XRECORD
  5
23
102
{ACAD_REACTORS
330
22
102
}
330
22
100
AcDbXrecord
280
     1
270
     1
271
     1
  0
XRECORD
  5
27
102
{ACAD_REACTORS
330
22
102
}
330
22
100
AcDbXrecord
280
     1
270
     1
271
     1
  0
XRECORD
  5
26
102
{ACAD_REACTORS
330
22
102
}
330
22
100
AcDbXrecord
280
     1
270
     1
271
     1
  0
XRECORD
  5
28
102
{ACAD_REACTORS
330
22
102
}
330
22
100
AcDbXrecord
280
     1
270
     1
271
     1
  0
XRECORD
  5
25
102
{ACAD_REACTORS
330
22
102
}
330
22
100
AcDbXrecord
280
     1
270
     1
271
     1
  0
CELLSTYLEMAP
  5
6C8
102
{ACAD_REACTORS
330
6C7
102
}
330
6C7
100
AcDbCellStyleMap
 90
        3
300
CELLSTYLE
  1
TABLEFORMAT_BEGIN
 90
        5
170
     1
 91
        0
 92
    32768
 62
   257
 93
        1
300
CONTENTFORMAT
  1
CONTENTFORMAT_BEGIN
 90
        0
 91
        0
 92
      512
 93
        0
300

 40
0.0
140
1.0
 94
        5
 62
     0
340
55
144
0.25
309
CONTENTFORMAT_END
171
     0
 94
        0
309
TABLEFORMAT_END
  1
CELLSTYLE_BEGIN
 90
        1
 91
        1
300
_TITLE
309
CELLSTYLE_END
300
CELLSTYLE
  1
TABLEFORMAT_BEGIN
 90
        5
170
     1
 91
        0
 92
        0
 62
   257
 93
        1
300
CONTENTFORMAT
  1
CONTENTFORMAT_BEGIN
 90
        0
 91
        0
 92
      512
 93
        0
300

 40
0.0
140
1.0
 94
        5
 62
     0
340
55
144
0.18
309
CONTENTFORMAT_END
171
     0
 94
        0
309
TABLEFORMAT_END
  1
CELLSTYLE_BEGIN
 90
        2
 91
        1
300
_HEADER
309
CELLSTYLE_END
300
CELLSTYLE
  1
TABLEFORMAT_BEGIN
 90
        5
170
     1
 91
        0
 92
        0
 62
   257
 93
        1
300
CONTENTFORMAT
  1
CONTENTFORMAT_BEGIN
 90
        0
 91
        0
 92
      512
 93
        0
300

 40
0.0
140
1.0
 94
        2
 62
     0
340
55
144
0.18
309
CONTENTFORMAT_END
171
     0
 94
        0
309
TABLEFORMAT_END
  1
CELLSTYLE_BEGIN
 90
        3
 91
        2
300
_DATA
309
CELLSTYLE_END
  0
ENDSEC
  0
SECTION
  2
ACDSDATA
 70
     2
 71
     8
  0
ACDSSCHEMA
 90
        0
  1
AcDb_Thumbnail_Schema
  2
AcDbDs::ID
280
    10
 91
        8
  2
Thumbnail_Data
280
    15
 91
        0
101
ACDSRECORD
 95
        0
 90
        1
  2
AcDbDs::TreatedAsObjectData
280
     1
291
     1
101
ACDSRECORD
 95
        0
 90
        2
  2
AcDbDs::Legacy
280
     1
291
     1
101
ACDSRECORD
  1
AcDbDs::ID
 90
        3
  2
AcDs:Indexable
280
     1
291
     1
101
ACDSRECORD
  1
AcDbDs::ID
 90
        4
  2
AcDbDs::HandleAttribute
280
     7
282
     1
  0
ACDSSCHEMA
 90
        1
  1
AcDbDs::TreatedAsObjectDataSchema
  2
AcDbDs::TreatedAsObjectData
280
     1
 91
        0
  0
ACDSSCHEMA
 90
        2
  1
AcDbDs::LegacySchema
  2
AcDbDs::Legacy
280
     1
 91
        0
  0
ACDSSCHEMA
 90
        3
  1
AcDbDs::IndexedPropertySchema
  2
AcDs:Indexable
280
     1
 91
        0
  0
ACDSSCHEMA
 90
        4
  1
AcDbDs::HandleAttributeSchema
  2
AcDbDs::HandleAttribute
280
     7
 91
        1
284
     1
  0
ACDSRECORD
 90
        0
  2
AcDbDs::ID
280
    10
320
6F
  2
Thumbnail_Data
280
    15
 94
     1657
310
89504E470D0A1A0A0000000D4948445200000100000000B5080300000087DCD12600000300504C5445FFFFFFFFFFFFFFFFFF0000000000000000000000000000000000000000000000000000330000660000990000CC0000FF0033000033330033660033990033CC0033FF0066000066330066660066990066CC0066FF0099
310
000099330099660099990099CC0099FF00CC0000CC3300CC6600CC9900CCCC00CCFF00FF0000FF3300FF6600FF9900FFCC00FFFF3300003300333300663300993300CC3300FF3333003333333333663333993333CC3333FF3366003366333366663366993366CC3366FF3399003399333399663399993399CC3399FF33CC00
310
33CC3333CC6633CC9933CCCC33CCFF33FF0033FF3333FF6633FF9933FFCC33FFFF6600006600336600666600996600CC6600FF6633006633336633666633996633CC6633FF6666006666336666666666996666CC6666FF6699006699336699666699996699CC6699FF66CC0066CC3366CC6666CC9966CCCC66CCFF66FF0066
310
FF3366FF6666FF9966FFCC66FFFF9900009900339900669900999900CC9900FF9933009933339933669933999933CC9933FF9966009966339966669966999966CC9966FF9999009999339999669999999999CC9999FF99CC0099CC3399CC6699CC9999CCCC99CCFF99FF0099FF3399FF6699FF9999FFCC99FFFFCC0000CC00
310
33CC0066CC0099CC00CCCC00FFCC3300CC3333CC3366CC3399CC33CCCC33FFCC6600CC6633CC6666CC6699CC66CCCC66FFCC9900CC9933CC9966CC9999CC99CCCC99FFCCCC00CCCC33CCCC66CCCC99CCCCCCCCCCFFCCFF00CCFF33CCFF66CCFF99CCFFCCCCFFFFFF0000FF0033FF0066FF0099FF00CCFF00FFFF3300FF3333
310
FF3366FF3399FF33CCFF33FFFF6600FF6633FF6666FF6699FF66CCFF66FFFF9900FF9933FF9966FF9999FF99CCFF99FFFFCC00FFCC33FFCC66FFCC99FFCCCCFFCCFFFFFF00FFFF33FFFF66FFFF99FFFFCCFFFFFF0000000D0D0D1A1A1A2828283535354343435050505D5D5D6B6B6B787878868686939393A1A1A1AEAEAEBB
310
BBBBC9C9C9D6D6D6E4E4E4F1F1F1FFFFFF000000000000000000000000000000000000000000000000000000000000AD4AB4E4000003344944415478DAEDDD6172A3300C86611D47B7F3C1F62A9C223F3339C46E63089671D386D90941DFEB1F6D08B4193F15C6C836B57270B95CAED7CBE5B0AF372B766839F8E30D000000
310
000000000000000000000000000000004013E0CFDBCAA702BCEBD300000000000000E0FC00EEAE0CF0557B6D00D3067003401AC04D08A0CE60F0B99466F38509101901963DF732A506E883BF728463A6A755C80750FB01214AB4003611F0BC06A900EEED803480FD033000C44F016500F946B002D86B005EB401E27EC1CB60
310
2600DBD306E403F8F91D3980220E30152280360000000000000001001F0C0B2B010C878595EE061F5F34015C1EC0F601B429A19347404D8ABE08100E50BC19CA0BB08E0E8B03C846C06F0B00000000401E801D938493022C53C75C16A0FB4E04100144001120D50F508D8015402D02E63FF58E08687FCB6901EE0971DF1701
310
1900D684B01C40699689740B213C94F5DD4D9EE8CC00D35C4AD89AD60A7E0B30955C11B0DDEA8609E6F973B559744B03D05E037C3B4EE23602F07C00F65B80852B1F808F00BC3D344C224E07706FEE3A80D00BFA0208CD673A00DB0E15C67DA15B2800D0DF26DE05DAE5947A00E14A290AA07D0A00200D6000848E4096BBC1
310
17002C8C9B759D241180464014A0BD3B2E9A003E6804330078CC888EEBDE2689D301587D72CAAECB600E807B9E0B00658036F1FB5845DDBCE892E65900D64AD7B4F823273C77FC1E69A2E400BE6C2DD7FAF5DE6701E87E72CAD80F68AEF5CA003602E887085303986F005C0B20A4C8E7C7CB6901B4BBC6C7000000000000B0
310
7D9D1D60CD8848027833654013C01401BC9B392806D0F6890501E2C4A19C00717D707C64F69218689326A325D55901DC4D00E0C929E05D2328D711920728DB4EFF37009E1260AE617C6CEE1820CD0489BD119014C0D42300004E012200004E010000F8B10D682D24230000004401466324620095202D40ADE01300AB79E3BC
310
007191F09C23F500D02F234E9713746F00BC5927B1005872006B00C2A3B757001707B0930394665274FF7AA9DEF05FB32A00C449E2FDC344DA374E0BF0DF0B00000000000000000000000000F059006F2B1F0A70640100000000000000000000000000003808E0E0723DB6DCEC265EFE028165EC4B55EB2D05000000004945
310
4E44AE426082
  0
ACDSRECORD
 90
        0
  2
AcDbDs::ID
280
    10
320
73
  2
Thumbnail_Data
280
    15
 94
     1165
310
89504E470D0A1A0A0000000D494844520000010000000065080300000095E2CD0900000300504C5445FFFFFFFFFFFFFFFFFF0000000000000000000000000000000000000000000000000000330000660000990000CC0000FF0033000033330033660033990033CC0033FF0066000066330066660066990066CC0066FF0099
310
000099330099660099990099CC0099FF00CC0000CC3300CC6600CC9900CCCC00CCFF00FF0000FF3300FF6600FF9900FFCC00FFFF3300003300333300663300993300CC3300FF3333003333333333663333993333CC3333FF3366003366333366663366993366CC3366FF3399003399333399663399993399CC3399FF33CC00
310
33CC3333CC6633CC9933CCCC33CCFF33FF0033FF3333FF6633FF9933FFCC33FFFF6600006600336600666600996600CC6600FF6633006633336633666633996633CC6633FF6666006666336666666666996666CC6666FF6699006699336699666699996699CC6699FF66CC0066CC3366CC6666CC9966CCCC66CCFF66FF0066
310
FF3366FF6666FF9966FFCC66FFFF9900009900339900669900999900CC9900FF9933009933339933669933999933CC9933FF9966009966339966669966999966CC9966FF9999009999339999669999999999CC9999FF99CC0099CC3399CC6699CC9999CCCC99CCFF99FF0099FF3399FF6699FF9999FFCC99FFFFCC0000CC00
310
33CC0066CC0099CC00CCCC00FFCC3300CC3333CC3366CC3399CC33CCCC33FFCC6600CC6633CC6666CC6699CC66CCCC66FFCC9900CC9933CC9966CC9999CC99CCCC99FFCCCC00CCCC33CCCC66CCCC99CCCCCCCCCCFFCCFF00CCFF33CCFF66CCFF99CCFFCCCCFFFFFF0000FF0033FF0066FF0099FF00CCFF00FFFF3300FF3333
310
FF3366FF3399FF33CCFF33FFFF6600FF6633FF6666FF6699FF66CCFF66FFFF9900FF9933FF9966FF9999FF99CCFF99FFFFCC00FFCC33FFCC66FFCC99FFCCCCFFCCFFFFFF00FFFF33FFFF66FFFF99FFFFCCFFFFFF0000000D0D0D1A1A1A2828283535354343435050505D5D5D6B6B6B787878868686939393A1A1A1AEAEAEBB
310
BBBBC9C9C9D6D6D6E4E4E4F1F1F1FFFFFF000000000000000000000000000000000000000000000000000000000000AD4AB4E4000001484944415478DAED9B4B1283201005E7FE67CB29DE4952E50750B1DC6491B2BB17D1A4B2A1656018B04A4444FE9B24F0F6175C402105E499D777FCF5F1B7969E5A4C11D01F754A010A
310
000A287B005BC0EC46015401A73F7CC216F0F62ED0F33FB68061290815507401B99B052863C07A335BFF86360B5429801D026C0193BAA03D40010A78BB80A5D9DC31E0694B0021A07A8BF72EC11130867EC6EF2001AD1AD0DABC5D978F779784E6B5E0C3B66088028EDD022A60BF8419026C017B1050045C4EC76C03204840
310
C063C0E3E91882804A5B108D893169101CF3E0D316014740F601A198027A5D50010A28561E701510AE80712600E50175C9806089502F81F004CC42803C0B5C045076866EF300052840010A500046C0717FBCEF9B73046C8B80B42541682190A3800AEB80C4F987829F1021BC3A2A222222222222222222222222222222223F
310
E10B4CD6AA5D440762700000000049454E44AE426082
  0
ENDSEC
  0
EOF
