  0
SECTION
  2
HEADER
  9
$ACADVER
  1
AC1032
  9
$ACADMAINTVER
 90
      204
  9
$DWGCODEPAGE
  3
ANSI_1252
  9
$LASTSAVEDBY
  1
duda-
  9
$REQUIREDVERSIONS
160
                 0
  9
$INSBASE
 10
0.0
 20
0.0
 30
0.0
  9
$EXTMIN
 10
40610.21596469268
 20
-529.1731527841796
 30
0.0
  9
$EXTMAX
 10
50636.49320224077
 20
5309.18688741777
 30
0.0
  9
$LIMMIN
 10
0.0
 20
0.0
  9
$LIMMAX
 10
12.0
 20
9.0
  9
$ORTHOMODE
 70
     0
  9
$REGENMODE
 70
     1
  9
$FILLMODE
 70
     1
  9
$QTEXTMODE
 70
     0
  9
$MIRRTEXT
 70
     0
  9
$LTSCALE
 40
1.0
  9
$ATTMODE
 70
     1
  9
$TEXTSIZE
 40
0.2
  9
$TRACEWID
 40
0.05
  9
$TEXTSTYLE
  7
Standard
  9
$CLAYER
  8
0
  9
$CELTYPE
  6
ByLayer
  9
$CECOLOR
 62
   256
  9
$CELTSCALE
 40
1.0
  9
$DISPSILH
 70
     0
  9
$DIMSCALE
 40
1.0
  9
$DIMASZ
 40
0.18
  9
$DIMEXO
 40
0.0625
  9
$DIMDLI
 40
0.38
  9
$DIMRND
 40
0.0
  9
$DIMDLE
 40
0.0
  9
$DIMEXE
 40
0.18
  9
$DIMTP
 40
0.0
  9
$DIMTM
 40
0.0
  9
$DIMTXT
 40
0.18
  9
$DIMCEN
 40
0.09
  9
$DIMTSZ
 40
0.0
  9
$DIMTOL
 70
     0
  9
$DIMLIM
 70
     0
  9
$DIMTIH
 70
     1
  9
$DIMTOH
 70
     1
  9
$DIMSE1
 70
     0
  9
$DIMSE2
 70
     0
  9
$DIMTAD
 70
     0
  9
$DIMZIN
 70
     0
  9
$DIMBLK
  1

  9
$DIMASO
 70
     1
  9
$DIMSHO
 70
     1
  9
$DIMPOST
  1

  9
$DIMAPOST
  1

  9
$DIMALT
 70
     0
  9
$DIMALTD
 70
     2
  9
$DIMALTF
 40
25.4
  9
$DIMLFAC
 40
1.0
  9
$DIMTOFL
 70
     0
  9
$DIMTVP
 40
0.0
  9
$DIMTIX
 70
     0
  9
$DIMSOXD
 70
     0
  9
$DIMSAH
 70
     0
  9
$DIMBLK1
  1

  9
$DIMBLK2
  1

  9
$DIMSTYLE
  2
Standard
  9
$DIMCLRD
 70
     0
  9
$DIMCLRE
 70
     0
  9
$DIMCLRT
 70
     0
  9
$DIMTFAC
 40
1.0
  9
$DIMGAP
 40
0.09
  9
$DIMJUST
 70
     0
  9
$DIMSD1
 70
     0
  9
$DIMSD2
 70
     0
  9
$DIMTOLJ
 70
     1
  9
$DIMTZIN
 70
     0
  9
$DIMALTZ
 70
     0
  9
$DIMALTTZ
 70
     0
  9
$DIMUPT
 70
     0
  9
$DIMDEC
 70
     4
  9
$DIMTDEC
 70
     4
  9
$DIMALTU
 70
     2
  9
$DIMALTTD
 70
     2
  9
$DIMTXSTY
  7
Standard
  9
$DIMAUNIT
 70
     0
  9
$DIMADEC
 70
     0
  9
$DIMALTRND
 40
0.0
  9
$DIMAZIN
 70
     0
  9
$DIMDSEP
 70
    46
  9
$DIMATFIT
 70
     3
  9
$DIMFRAC
 70
     0
  9
$DIMLDRBLK
  1

  9
$DIMLUNIT
 70
     2
  9
$DIMLWD
 70
    -2
  9
$DIMLWE
 70
    -2
  9
$DIMTMOVE
 70
     0
  9
$DIMFXL
 40
1.0
  9
$DIMFXLON
 70
     0
  9
$DIMJOGANG
 40
0.7853981633974483
  9
$DIMTFILL
 70
     0
  9
$DIMTFILLCLR
 70
     0
  9
$DIMARCSYM
 70
     0
  9
$DIMLTYPE
  6

  9
$DIMLTEX1
  6

  9
$DIMLTEX2
  6

  9
$DIMTXTDIRECTION
 70
     0
  9
$LUNITS
 70
     2
  9
$LUPREC
 70
     4
  9
$SKETCHINC
 40
0.1
  9
$FILLETRAD
 40
0.0
  9
$AUNITS
 70
     0
  9
$AUPREC
 70
     0
  9
$MENU
  1
.
  9
$ELEVATION
 40
0.0
  9
$PELEVATION
 40
0.0
  9
$THICKNESS
 40
0.0
  9
$LIMCHECK
 70
     0
  9
$CHAMFERA
 40
0.0
  9
$CHAMFERB
 40
0.0
  9
$CHAMFERC
 40
0.0
  9
$CHAMFERD
 40
0.0
  9
$SKPOLY
 70
     0
  9
$TDCREATE
 40
2460730.507083334
  9
$TDUCREATE
 40
2460730.632083333
  9
$TDUPDATE
 40
2460738.919351852
  9
$TDUUPDATE
 40
2460739.044351852
  9
$TDINDWG
 40
0.0185416667
  9
$TDUSRTIMER
 40
0.0185416667
  9
$USRTIMER
 70
     1
  9
$ANGBASE
 50
0.0
  9
$ANGDIR
 70
     0
  9
$PDMODE
 70
     0
  9
$PDSIZE
 40
0.0
  9
$PLINEWID
 40
0.0
  9
$SPLFRAME
 70
     0
  9
$SPLINETYPE
 70
     6
  9
$SPLINESEGS
 70
     8
  9
$HANDSEED
  5
190
  9
$SURFTAB1
 70
     6
  9
$SURFTAB2
 70
     6
  9
$SURFTYPE
 70
     6
  9
$SURFU
 70
     6
  9
$SURFV
 70
     6
  9
$UCSBASE
  2

  9
$UCSNAME
  2

  9
$UCSORG
 10
0.0
 20
0.0
 30
0.0
  9
$UCSXDIR
 10
1.0
 20
0.0
 30
0.0
  9
$UCSYDIR
 10
0.0
 20
1.0
 30
0.0
  9
$UCSORTHOREF
  2

  9
$UCSORTHOVIEW
 70
     0
  9
$UCSORGTOP
 10
0.0
 20
0.0
 30
0.0
  9
$UCSORGBOTTOM
 10
0.0
 20
0.0
 30
0.0
  9
$UCSORGLEFT
 10
0.0
 20
0.0
 30
0.0
  9
$UCSORGRIGHT
 10
0.0
 20
0.0
 30
0.0
  9
$UCSORGFRONT
 10
0.0
 20
0.0
 30
0.0
  9
$UCSORGBACK
 10
0.0
 20
0.0
 30
0.0
  9
$PUCSBASE
  2

  9
$PUCSNAME
  2

  9
$PUCSORG
 10
0.0
 20
0.0
 30
0.0
  9
$PUCSXDIR
 10
1.0
 20
0.0
 30
0.0
  9
$PUCSYDIR
 10
0.0
 20
1.0
 30
0.0
  9
$PUCSORTHOREF
  2

  9
$PUCSORTHOVIEW
 70
     0
  9
$PUCSORGTOP
 10
0.0
 20
0.0
 30
0.0
  9
$PUCSORGBOTTOM
 10
0.0
 20
0.0
 30
0.0
  9
$PUCSORGLEFT
 10
0.0
 20
0.0
 30
0.0
  9
$PUCSORGRIGHT
 10
0.0
 20
0.0
 30
0.0
  9
$PUCSORGFRONT
 10
0.0
 20
0.0
 30
0.0
  9
$PUCSORGBACK
 10
0.0
 20
0.0
 30
0.0
  9
$USERI1
 70
     0
  9
$USERI2
 70
     0
  9
$USERI3
 70
     0
  9
$USERI4
 70
     0
  9
$USERI5
 70
     0
  9
$USERR1
 40
0.0
  9
$USERR2
 40
0.0
  9
$USERR3
 40
0.0
  9
$USERR4
 40
0.0
  9
$USERR5
 40
0.0
  9
$WORLDVIEW
 70
     1
  9
$SHADEDGE
 70
     3
  9
$SHADEDIF
 70
    70
  9
$TILEMODE
 70
     1
  9
$MAXACTVP
 70
    64
  9
$PINSBASE
 10
0.0
 20
0.0
 30
0.0
  9
$PLIMCHECK
 70
     0
  9
$PEXTMIN
 10
29.69999999999999
 20
20.98886566162111
 30
0.0
  9
$PEXTMAX
 10
267.3
 20
188.8997909545898
 30
0.0
  9
$PLIMMIN
 10
0.0
 20
0.0
  9
$PLIMMAX
 10
297.0
 20
210.0
  9
$UNITMODE
 70
     0
  9
$VISRETAIN
 70
     1
  9
$PLINEGEN
 70
     0
  9
$PSLTSCALE
 70
     1
  9
$TREEDEPTH
 70
  3020
  9
$CMLSTYLE
  2
Standard
  9
$CMLJUST
 70
     0
  9
$CMLSCALE
 40
1.0
  9
$PROXYGRAPHICS
 70
     1
  9
$MEASUREMENT
 70
     1
  9
$CELWEIGHT
370
    -1
  9
$ENDCAPS
280
     0
  9
$JOINSTYLE
280
     0
  9
$LWDISPLAY
290
     0
  9
$INSUNITS
 70
     4
  9
$HYPERLINKBASE
  1

  9
$STYLESHEET
  1

  9
$XEDIT
290
     1
  9
$CEPSNTYPE
380
     0
  9
$PSTYLEMODE
290
     1
  9
$FINGERPRINTGUID
  2
{0BFB71D9-F48B-DA40-A83A-FF278B6A98E3}
  9
$VERSIONGUID
  2
{22FEC2FE-5613-9E49-8981-483256190996}
  9
$EXTNAMES
290
     1
  9
$PSVPSCALE
 40
0.0
  9
$OLESTARTUP
290
     0
  9
$SORTENTS
280
   127
  9
$INDEXCTL
280
     0
  9
$HIDETEXT
280
     1
  9
$XCLIPFRAME
280
     2
  9
$HALOGAP
280
     0
  9
$OBSCOLOR
 70
   257
  9
$OBSLTYPE
280
     0
  9
$INTERSECTIONDISPLAY
280
     0
  9
$INTERSECTIONCOLOR
 70
   257
  9
$DIMASSOC
280
     2
  9
$PROJECTNAME
  1

  9
$CAMERADISPLAY
290
     0
  9
$LENSLENGTH
 40
50.0
  9
$CAMERAHEIGHT
 40
0.0
  9
$STEPSPERSEC
 40
2.0
  9
$STEPSIZE
 40
6.0
  9
$3DDWFPREC
 40
2.0
  9
$PSOLWIDTH
 40
0.25
  9
$PSOLHEIGHT
 40
4.0
  9
$LOFTANG1
 40
1.570796326794896
  9
$LOFTANG2
 40
1.570796326794896
  9
$LOFTMAG1
 40
0.0
  9
$LOFTMAG2
 40
0.0
  9
$LOFTPARAM
 70
     7
  9
$LOFTNORMALS
280
     1
  9
$LATITUDE
 40
0.0
  9
$LONGITUDE
 40
0.0
  9
$NORTHDIRECTION
 40
0.0
  9
$TIMEZONE
 70
     0
  9
$LIGHTGLYPHDISPLAY
280
     1
  9
$TILEMODELIGHTSYNCH
280
     1
  9
$CMATERIAL
347
11
  9
$SOLIDHIST
280
     0
  9
$SHOWHIST
280
     1
  9
$DWFFRAME
280
     2
  9
$DGNFRAME
280
     0
  9
$REALWORLDSCALE
290
     1
  9
$INTERFERECOLOR
 62
     1
  9
$INTERFEREOBJVS
345
33
  9
$INTERFEREVPVS
346
30
  9
$CSHADOW
280
     0
  9
$SHADOWPLANELOCATION
 40
0.0
  0
ENDSEC
  0
SECTION
  2
CLASSES
  0
CLASS
  1
ACDBDICTIONARYWDFLT
  2
AcDbDictionaryWithDefault
  3
ObjectDBX Classes
 90
        0
 91
        1
280
     0
281
     0
  0
CLASS
  1
MATERIAL
  2
AcDbMaterial
  3
ObjectDBX Classes
 90
     1153
 91
        3
280
     0
281
     0
  0
CLASS
  1
VISUALSTYLE
  2
AcDbVisualStyle
  3
ObjectDBX Classes
 90
     4095
 91
       24
280
     0
281
     0
  0
CLASS
  1
SCALE
  2
AcDbScale
  3
ObjectDBX Classes
 90
     1153
 91
       17
280
     0
281
     0
  0
CLASS
  1
TABLESTYLE
  2
AcDbTableStyle
  3
ObjectDBX Classes
 90
     4095
 91
        1
280
     0
281
     0
  0
CLASS
  1
MLEADERSTYLE
  2
AcDbMLeaderStyle
  3
ACDB_MLEADERSTYLE_CLASS
 90
     4095
 91
        1
280
     0
281
     0
  0
CLASS
  1
ACDBSECTIONVIEWSTYLE
  2
AcDbSectionViewStyle
  3
ObjectDBX Classes
 90
     1025
 91
        2
280
     0
281
     0
  0
CLASS
  1
ACDBDETAILVIEWSTYLE
  2
AcDbDetailViewStyle
  3
ObjectDBX Classes
 90
     1025
 91
        2
280
     0
281
     0
  0
CLASS
  1
RASTERVARIABLES
  2
AcDbRasterVariables
  3
ISM
 90
        0
 91
        1
280
     0
281
     0
  0
CLASS
  1
DICTIONARYVAR
  2
AcDbDictionaryVar
  3
ObjectDBX Classes
 90
        0
 91
        5
280
     0
281
     0
  0
CLASS
  1
SORTENTSTABLE
  2
AcDbSortentsTable
  3
ObjectDBX Classes
 90
        0
 91
        1
280
     0
281
     0
  0
CLASS
  1
SUN
  2
AcDbSun
  3
SCENEOE
 90
     1153
 91
        2
280
     0
281
     0
  0
CLASS
  1
RAPIDRTRENDERSETTINGS
  2
AcDbRapidRTRenderSettings
  3
ObjectDBX Classes
 90
     1024
 91
        7
280
     0
281
     0
  0
CLASS
  1
CELLSTYLEMAP
  2
AcDbCellStyleMap
  3
ObjectDBX Classes
 90
     1152
 91
        1
280
     0
281
     0
  0
ENDSEC
  0
SECTION
  2
TABLES
  0
TABLE
  2
VPORT
  5
8
330
0
100
AcDbSymbolTable
 70
     1
  0
VPORT
  5
57
330
8
100
AcDbSymbolTableRecord
100
AcDbViewportTableRecord
  2
*Active
 70
     0
 10
0.0
 20
0.0
 11
1.0
 21
1.0
 12
50674.00498715516
 22
-2587.069275787259
 13
0.0
 23
0.0
 14
1.0
 24
1.0
 15
0.0
 25
0.0
 16
0.0
 26
0.0
 36
1.0
 17
0.0
 27
0.0
 37
0.0
 40
15174.93642400641
 41
2.531208499335989
 42
50.0
 43
0.0
 44
0.0
 50
0.0
 51
0.0
 71
     0
 72
  1000
 73
     1
 74
     1
 75
     0
 76
     0
 77
     0
 78
     0
281
     0
 65
     1
110
0.0
120
0.0
130
0.0
111
1.0
121
0.0
131
0.0
112
0.0
122
1.0
132
0.0
 79
     0
146
0.0
348
2F
 60
     3
 61
     5
292
     1
282
     1
141
0.0
142
0.0
 63
   250
421
  3355443
361
FC
1001
ACAD_NAV_VCDISPLAY
1070
     3
  0
ENDTAB
  0
TABLE
  2
LTYPE
  5
5
330
0
100
AcDbSymbolTable
 70
     1
  0
LTYPE
  5
5B
330
5
100
AcDbSymbolTableRecord
100
AcDbLinetypeTableRecord
  2
ByBlock
 70
     0
  3

 72
    65
 73
     0
 40
0.0
  0
LTYPE
  5
5C
330
5
100
AcDbSymbolTableRecord
100
AcDbLinetypeTableRecord
  2
ByLayer
 70
     0
  3

 72
    65
 73
     0
 40
0.0
  0
LTYPE
  5
5D
330
5
100
AcDbSymbolTableRecord
100
AcDbLinetypeTableRecord
  2
Continuous
 70
     0
  3
Solid line
 72
    65
 73
     0
 40
0.0
  0
ENDTAB
  0
TABLE
  2
LAYER
  5
2
102
{ACAD_XDICTIONARY
360
119
102
}
330
0
100
AcDbSymbolTable
 70
     8
  0
LAYER
  5
54
330
2
100
AcDbSymbolTableRecord
100
AcDbLayerTableRecord
  2
0
 70
     0
 62
   250
  6
Continuous
370
    25
390
F
347
21
348
0
  0
LAYER
  5
ED
330
2
100
AcDbSymbolTableRecord
100
AcDbLayerTableRecord
  2
A-BAS-___-___-EXI
 70
     0
 62
   250
  6
Continuous
370
    25
390
F
347
21
348
0
  0
LAYER
  5
16C
330
2
100
AcDbSymbolTableRecord
100
AcDbLayerTableRecord
  2
A-ALV-___-___-EXI
 70
     0
 62
   250
  6
Continuous
370
    25
390
F
347
21
348
0
1001
AcAecLayerStandard
1000

1000

1001
AcCmTransparency
1071
        0
  0
LAYER
  5
16F
330
2
100
AcDbSymbolTableRecord
100
AcDbLayerTableRecord
  2
A-PIL-___-___-EXI
 70
     0
 62
   250
  6
Continuous
370
    25
390
F
347
21
348
0
1001
AcAecLayerStandard
1000

1000

1001
AcCmTransparency
1071
        0
  0
LAYER
  5
170
330
2
100
AcDbSymbolTableRecord
100
AcDbLayerTableRecord
  2
A-POR-___-___-EXI
 70
     0
 62
   250
  6
Continuous
370
    25
390
F
347
21
348
0
1001
AcAecLayerStandard
1000

1000

1001
AcCmTransparency
1071
        0
  0
LAYER
  5
171
330
2
100
AcDbSymbolTableRecord
100
AcDbLayerTableRecord
  2
A-JAN-___-___-EXI
 70
     0
 62
   250
  6
Continuous
370
    25
390
F
347
21
348
0
1001
AcAecLayerStandard
1000

1000

1001
AcCmTransparency
1071
        0
  0
LAYER
  5
172
330
2
100
AcDbSymbolTableRecord
100
AcDbLayerTableRecord
  2
A-COB-___-___-EXI
 70
     0
 62
   250
  6
Continuous
370
    25
390
F
347
21
348
0
1001
AcAecLayerStandard
1000

1000

1001
AcCmTransparency
1071
        0
  0
LAYER
  5
182
330
2
100
AcDbSymbolTableRecord
100
AcDbLayerTableRecord
  2
A-ESC-___-___-EXI
 70
     0
 62
   250
  6
Continuous
370
    25
390
F
347
21
348
0
1001
AcAecLayerStandard
1000

1000

1001
AcCmTransparency
1071
        0
  0
ENDTAB
  0
TABLE
  2
STYLE
  5
3
330
0
100
AcDbSymbolTable
 70
     2
  0
STYLE
  5
55
330
3
100
AcDbSymbolTableRecord
100
AcDbTextStyleTableRecord
  2
Standard
 70
     0
 40
0.0
 41
1.0
 50
0.0
 71
     0
 42
0.2
  3
txt
  4

  0
STYLE
  5
5A
330
3
100
AcDbSymbolTableRecord
100
AcDbTextStyleTableRecord
  2
Annotative
 70
     0
 40
0.0
 41
1.0
 50
0.0
 71
     0
 42
0.2
  3
txt
  4

1001
AcadAnnotative
1000
AnnotativeData
1002
{
1070
     1
1070
     1
1002
}
  0
ENDTAB
  0
TABLE
  2
VIEW
  5
6
330
0
100
AcDbSymbolTable
 70
     0
  0
ENDTAB
  0
TABLE
  2
UCS
  5
7
330
0
100
AcDbSymbolTable
 70
     0
  0
ENDTAB
  0
TABLE
  2
APPID
  5
9
330
0
100
AcDbSymbolTable
 70
     7
  0
APPID
  5
56
330
9
100
AcDbSymbolTableRecord
100
AcDbRegAppTableRecord
  2
ACAD
 70
     0
  0
APPID
  5
5E
330
9
100
AcDbSymbolTableRecord
100
AcDbRegAppTableRecord
  2
AcadAnnotative
 70
     0
  0
APPID
  5
78
330
9
100
AcDbSymbolTableRecord
100
AcDbRegAppTableRecord
  2
REVIT
 70
     0
  0
APPID
  5
10C
330
9
100
AcDbSymbolTableRecord
100
AcDbRegAppTableRecord
  2
ACAD_PSEXT
 70
     0
  0
APPID
  5
136
330
9
100
AcDbSymbolTableRecord
100
AcDbRegAppTableRecord
  2
ACAD_NAV_VCDISPLAY
 70
     0
  0
APPID
  5
16D
330
9
100
AcDbSymbolTableRecord
100
AcDbRegAppTableRecord
  2
AcAecLayerStandard
 70
     0
  0
APPID
  5
16E
330
9
100
AcDbSymbolTableRecord
100
AcDbRegAppTableRecord
  2
AcCmTransparency
 70
     0
  0
ENDTAB
  0
TABLE
  2
DIMSTYLE
  5
A
330
0
100
AcDbSymbolTable
 70
     2
100
AcDbDimStyleTable
 71
     0
  0
DIMSTYLE
105
58
330
A
100
AcDbSymbolTableRecord
100
AcDbDimStyleTableRecord
  2
Standard
 70
     0
340
55
  0
DIMSTYLE
105
59
330
A
100
AcDbSymbolTableRecord
100
AcDbDimStyleTableRecord
  2
Annotative
 70
     0
340
55
1001
AcadAnnotative
1000
AnnotativeData
1002
{
1070
     1
1070
     1
1002
}
  0
ENDTAB
  0
TABLE
  2
BLOCK_RECORD
  5
1
330
0
100
AcDbSymbolTable
 70
     1
  0
BLOCK_RECORD
  5
70
102
{ACAD_XDICTIONARY
360
FA
102
}
330
1
100
AcDbSymbolTableRecord
100
AcDbBlockTableRecord
  2
*Model_Space
340
73
 70
     0
280
     1
281
     0
  0
BLOCK_RECORD
  5
74
330
1
100
AcDbSymbolTableRecord
100
AcDbBlockTableRecord
  2
*Paper_Space
340
77
 70
     0
280
     1
281
     0
  0
BLOCK_RECORD
  5
EC
330
1
100
AcDbSymbolTableRecord
100
AcDbBlockTableRecord
  2
A4 HORIZONTAL - A4-22487778-Não nomeada
340
0
 70
     0
280
     1
281
     0
  0
ENDTAB
  0
ENDSEC
  0
SECTION
  2
BLOCKS
  0
BLOCK
  5
71
330
70
100
AcDbEntity
  8
0
100
AcDbBlockBegin
  2
*Model_Space
 70
     0
 10
0.0
 20
0.0
 30
0.0
  3
*Model_Space
  1

  0
ENDBLK
  5
72
330
70
100
AcDbEntity
  8
0
100
AcDbBlockEnd
  0
BLOCK
  5
75
330
74
100
AcDbEntity
 67
     1
  8
0
100
AcDbBlockBegin
  2
*Paper_Space
 70
     0
 10
0.0
 20
0.0
 30
0.0
  3
*Paper_Space
  1

  0
ENDBLK
  5
76
330
74
100
AcDbEntity
 67
     1
  8
0
100
AcDbBlockEnd
  0
BLOCK
  5
F2
330
EC
100
AcDbEntity
  8
0
100
AcDbBlockBegin
  2
A4 HORIZONTAL - A4-22487778-Não nomeada
 70
     0
 10
0.0
 20
0.0
 30
0.0
  3
A4 HORIZONTAL - A4-22487778-Não nomeada
  1

  0
LINE
  5
EE
330
EC
100
AcDbEntity
  8
A-BAS-___-___-EXI
100
AcDbLine
 10
317.7928507088368
 20
312.9999999999862
 30
0.0
 11
20.7928507088368
 21
312.9999999999856
 31
0.0
1001
REVIT
1002
{
1070
     1
1000
22486401
1002
}
1002
{
1070
     5
1000
22487778
1002
}
1002
{
1070
     3
1000
-2000281
1002
}
  0
LINE
  5
EF
330
EC
100
AcDbEntity
  8
A-BAS-___-___-EXI
100
AcDbLine
 10
20.7928507088368
 20
312.9999999999856
 30
0.0
 11
20.7928507088372
 21
102.9999999999856
 31
0.0
1001
REVIT
1002
{
1070
     1
1000
22486401
1002
}
1002
{
1070
     5
1000
22487778
1002
}
1002
{
1070
     3
1000
-2000281
1002
}
  0
LINE
  5
F0
330
EC
100
AcDbEntity
  8
A-BAS-___-___-EXI
100
AcDbLine
 10
20.7928507088372
 20
102.9999999999855
 30
0.0
 11
317.7928507088372
 21
102.9999999999861
 31
0.0
1001
REVIT
1002
{
1070
     1
1000
22486401
1002
}
1002
{
1070
     5
1000
22487778
1002
}
1002
{
1070
     3
1000
-2000281
1002
}
  0
LINE
  5
F1
330
EC
100
AcDbEntity
  8
A-BAS-___-___-EXI
100
AcDbLine
 10
317.7928507088372
 20
102.9999999999861
 30
0.0
 11
317.7928507088368
 21
312.9999999999862
 31
0.0
1001
REVIT
1002
{
1070
     1
1000
22486401
1002
}
1002
{
1070
     5
1000
22487778
1002
}
1002
{
1070
     3
1000
-2000281
1002
}
  0
ENDBLK
  5
F3
330
EC
100
AcDbEntity
  8
0
100
AcDbBlockEnd
  0
ENDSEC
  0
SECTION
  2
ENTITIES
  0
HATCH
  5
88
330
70
100
AcDbEntity
  8
A-BAS-___-___-EXI
 62
   253
420
 13342872
100
AcDbHatch
 10
0.0
 20
0.0
 30
0.0
210
0.0
220
0.0
230
1.0
  2
SOLID
 70
     1
 71
     0
 91
        1
 92
        1
 93
        4
 72
     1
 10
49579.40255458731
 20
-529.1731527841737
 11
49579.40255458731
 21
29.39366265506601
 72
     1
 10
49579.40255458731
 20
29.393662655066
 11
41710.21596469272
 21
29.393662655066
 72
     1
 10
41710.21596469272
 20
29.393662655066
 11
41710.21596469272
 21
-529.1731527841737
 72
     1
 10
41710.21596469272
 20
-529.1731527841737
 11
49579.40255458731
 21
-529.1731527841737
 97
        0
 75
     0
 76
     1
 98
        1
 10
0.0
 20
0.0
450
        0
451
        0
460
0.0
461
0.0
452
        0
462
0.0
453
        0
470

1001
REVIT
1002
{
1070
     1
1000
22483724
1002
}
1002
{
1070
     5
1000
383807
1002
}
1002
{
1070
     2
1000
-2002000
1002
}
  0
HATCH
  5
8E
330
70
100
AcDbEntity
  8
A-COB-___-___-EXI
100
AcDbHatch
 10
0.0
 20
0.0
 30
0.0
210
0.0
220
0.0
230
1.0
  2
FP_1
 70
     0
 71
     0
 91
        1
 92
        1
 93
        4
 72
     1
 10
41636.85324008628
 20
2100.791776456309
 11
49636.85324008629
 21
2100.791776456311
 72
     1
 10
49636.85324008629
 20
2100.791776456311
 11
49636.85324008631
 21
5286.826207642778
 72
     1
 10
49636.85324008631
 20
5286.826207642778
 11
41636.85324008629
 21
5286.826207642778
 72
     1
 10
41636.85324008629
 20
5286.826207642778
 11
41636.85324008628
 21
2100.791776456309
 97
        0
 75
     0
 76
     2
 52
0.0
 41
1.0
 77
     0
 78
    31
 53
290.439
 43
58313.74199999999
 44
1705.563
 45
258.2585488582297
 46
-573.7171927619402
 79
     2
 49
7.636999999999999
 49
-756.0759999999999
 53
0.0
 43
58299.074
 44
1698.407
 45
0.0
 46
119.272
 79
     2
 49
17.335
 49
-249.364
 53
277.886
 43
58307.07499999999
 44
1765.795
 45
266.6199328656933
 46
-1907.840488427607
 79
     2
 49
68.032
 49
-13538.376
 53
0.0
 43
58095.048
 44
1707.352
 45
0.0
 46
119.272
 79
     2
 49
46.672
 49
-220.027
 53
0.0
 43
58095.048
 44
1698.407
 45
0.0
 46
119.272
 79
     2
 49
45.339
 49
-221.361
 53
303.855
 43
58291.07299999999
 44
1710.334
 45
254.5534644644018
 46
-339.7025797505378
 79
     2
 49
14.362
 49
-1421.863
 53
325.175
 43
58279.071
 44
1718.683
 45
518.8672717134594
 46
-347.7054845621954
 79
     2
 49
14.62
 49
-2909.371
 53
337.709
 43
58263.069
 44
1725.243
 45
2918.534684175239
 46
-1186.50297780121
 79
     2
 49
17.294
 49
-3441.589
 53
351.03
 43
58240.4
 44
1728.821
 45
792.4127783335006
 46
-118.0647726198736
 79
     2
 49
22.95
 49
-4567.079999999999
 53
356.344
 43
58228.398
 44
1737.17
 45
258.1999481405396
 46
0.5407367406010124
 79
     2
 49
18.707
 49
-1851.999
 53
350.644
 43
58247.067
 44
1735.977
 45
2926.607845311953
 46
-475.9105034883444
 79
     2
 49
25.678
 49
-5109.941
 53
340.314
 43
58272.404
 44
1731.803
 45
1029.890932851116
 46
-344.6162442878436
 79
     2
 49
21.244
 49
-1395.031
 53
326.956
 43
58292.40599999999
 44
1724.647
 45
2387.571062591263
 46
-1542.272052952664
 79
     2
 49
17.499
 49
-3482.279000000001
 53
82.11399999999999
 43
58140.387
 44
1698.407
 45
1600.213462357888
 46
11569.89195204404
 79
     2
 49
68.032
 49
-13538.376
 53
81.233
 43
58149.722
 44
1646.524
 45
267.0524016254256
 46
1791.282524326102
 79
     2
 49
52.497
 49
-3447.274
 53
278.767
 43
58299.074
 44
1698.407
 45
266.3709078514491
 46
-1667.59830989582
 79
     2
 49
52.497
 49
-3447.274
 53
0.0
 43
58217.73
 44
1728.821
 45
0.0
 46
119.272
 79
     2
 49
22.669
 49
-244.03
 53
10.664
 43
58192.394
 44
1724.05
 45
1874.656665482548
 46
359.2776792661273
 79
     2
 49
25.782
 49
-5130.570999999999
 53
21.92400000000001
 43
58179.059
 44
1718.683
 45
284.960560820197
 46
126.6196929511314
 79
     2
 49
14.375
 49
-2860.547
 53
32.051
 43
58165.724
 44
1710.334
 45
562.3961568978975
 46
375.9756591901599
 79
     2
 49
15.733
 49
-1557.572
 53
56.145
 43
58157.72299999999
 44
1698.407
 45
545.557496819257
 46
853.0105878881611
 79
     2
 49
14.362
 49
-1421.862999999999
 53
0.0
 43
58140.387
 44
1698.407
 45
0.0
 46
119.272
 79
     2
 49
17.335
 49
-249.364
 53
69.56100000000001
 43
58140.387
 44
1698.407
 45
8.437632843712549
 46
141.9158787451027
 79
     2
 49
7.637
 49
-756.076
 53
55.055
 43
58143.054
 44
1705.563
 45
1074.780737475129
 46
1561.939708990849
 79
     2
 49
11.64
 49
-2316.457000000001
 53
33.04400000000001
 43
58149.722
 44
1715.105
 45
546.1250832208234
 46
366.0971391407592
 79
     2
 49
17.499
 49
-3482.279
 53
19.686
 43
58164.38999999999
 44
1724.647
 45
303.6068788085444
 46
132.4775220976519
 79
     2
 49
21.244
 49
-1395.031
 53
9.355999999999999
 43
58184.39299999999
 44
1731.803
 45
2140.693535374108
 46
358.9782498543639
 79
     2
 49
25.678
 49
-5109.941
 53
3.655999999999999
 43
58209.72900000001
 44
1735.977
 45
1608.698943035691
 46
119.8280728704639
 79
     2
 49
18.707
 49
-1851.999
 53
304.945
 43
58307.07499999999
 44
1715.105
 45
258.7301497167808
 46
-346.4074846153474
 79
     2
 49
11.64
 49
-2316.457000000001
 53
0.0
 43
58315.07599999999
 44
1707.352
 45
0.0
 46
119.272
 79
     2
 49
46.672
 49
-220.027
 53
0.0
 43
58316.409
 44
1698.407
 45
0.0
 46
119.272
 79
     2
 49
45.339
 49
-221.361
 98
        1
 10
0.0
 20
0.0
1001
REVIT
1002
{
1070
     1
1000
22433586
1002
}
1002
{
1070
     5
1000
4951952
1002
}
1002
{
1070
     4
1000
25
1002
}
1002
{
1070
     2
1000
-2000035
1002
}
1002
{
1070
     3
1000
-2000542
1002
}
  0
LINE
  5
91
330
70
100
AcDbEntity
  8
A-COB-___-___-EXI
100
AcDbLine
 10
49636.85324008626
 20
5286.826207642772
 30
0.0
 11
41636.85324008625
 21
5286.826207642772
 31
0.0
1001
REVIT
1002
{
1070
     1
1000
22433586
1002
}
1002
{
1070
     5
1000
4951952
1002
}
1002
{
1070
     2
1000
-2000035
1002
}
  0
LINE
  5
A6
330
70
100
AcDbEntity
  8
A-ALV-___-___-EXI
100
AcDbLine
 10
47420.60495187971
 20
29.39366265506654
 30
0.0
 11
48012.9058235055
 21
29.39366265506654
 31
0.0
1001
REVIT
1002
{
1070
     1
1000
22483679
1002
}
1002
{
1070
     2
1000
-2000051
1002
}
1002
{
1070
     3
1000
-2000042
1002
}
  0
LINE
  5
A7
330
70
100
AcDbEntity
  8
A-ALV-___-___-EXI
100
AcDbLine
 10
48012.9058235055
 20
2100.791776456308
 30
0.0
 11
47420.60495187971
 21
2100.791776456308
 31
0.0
1001
REVIT
1002
{
1070
     1
1000
22483680
1002
}
1002
{
1070
     2
1000
-2000051
1002
}
1002
{
1070
     3
1000
-2000042
1002
}
  0
LINE
  5
B2
330
70
100
AcDbEntity
  8
A-ALV-___-___-EXI
100
AcDbLine
 10
41710.21596469269
 20
29.39366265506654
 30
0.0
 11
41884.82463889181
 21
29.39366265506654
 31
0.0
1001
REVIT
1002
{
1070
     1
1000
22483691
1002
}
1002
{
1070
     2
1000
-2000051
1002
}
1002
{
1070
     3
1000
-2000042
1002
}
  0
LINE
  5
B3
330
70
100
AcDbEntity
  8
A-ALV-___-___-EXI
100
AcDbLine
 10
41710.21596469269
 20
2100.791776456308
 30
0.0
 11
41710.21596469269
 21
29.39366265506654
 31
0.0
1001
REVIT
1002
{
1070
     1
1000
22483692
1002
}
1002
{
1070
     2
1000
-2000051
1002
}
1002
{
1070
     3
1000
-2000042
1002
}
  0
LINE
  5
B4
330
70
100
AcDbEntity
  8
A-ALV-___-___-EXI
100
AcDbLine
 10
41884.82463889181
 20
2100.791776456308
 30
0.0
 11
41710.21596469269
 21
2100.791776456308
 31
0.0
1001
REVIT
1002
{
1070
     1
1000
22483693
1002
}
1002
{
1070
     2
1000
-2000051
1002
}
1002
{
1070
     3
1000
-2000042
1002
}
  0
LINE
  5
B5
330
70
100
AcDbEntity
  8
A-ALV-___-___-EXI
100
AcDbLine
 10
41884.82463889181
 20
29.39366265506654
 30
0.0
 11
41884.82463889181
 21
2100.791776456308
 31
0.0
1001
REVIT
1002
{
1070
     1
1000
22483694
1002
}
1002
{
1070
     2
1000
-2000051
1002
}
1002
{
1070
     3
1000
-2000042
1002
}
  0
LINE
  5
BF
330
70
100
AcDbEntity
  8
A-POR-___-___-EXI
100
AcDbLine
 10
48972.20360414983
 20
2100.791776456308
 30
0.0
 11
48972.20360414983
 21
29.39366265505306
 31
0.0
1001
REVIT
1002
{
1070
     1
1000
22483704
1002
}
1002
{
1070
     2
1000
-2000051
1002
}
1002
{
1070
     3
1000
-2000042
1002
}
  0
LINE
  5
C3
330
70
100
AcDbEntity
  8
A-POR-___-___-EXI
100
AcDbLine
 10
48771.34367735044
 20
29.39366265506654
 30
0.0
 11
48771.34367735044
 21
2100.791776456308
 31
0.0
1001
REVIT
1002
{
1070
     1
1000
22483708
1002
}
1002
{
1070
     2
1000
-2000051
1002
}
1002
{
1070
     3
1000
-2000042
1002
}
  0
LINE
  5
C7
330
70
100
AcDbEntity
  8
A-POR-___-___-EXI
100
AcDbLine
 10
48222.9058235055
 20
29.39366265506654
 30
0.0
 11
48222.9058235055
 21
2100.791776456308
 31
0.0
1001
REVIT
1002
{
1070
     1
1000
22483712
1002
}
1002
{
1070
     2
1000
-2000051
1002
}
1002
{
1070
     3
1000
-2000042
1002
}
  0
LINE
  5
CF
330
70
100
AcDbEntity
  8
A-POR-___-___-EXI
100
AcDbLine
 10
42890.97168820604
 20
29.39366265506654
 30
0.0
 11
42890.97168820604
 21
2100.791776456308
 31
0.0
1001
REVIT
1002
{
1070
     1
1000
22483731
1002
}
1002
{
1070
     2
1000
-2000051
1002
}
1002
{
1070
     3
1000
-2000042
1002
}
  0
LINE
  5
D0
330
70
100
AcDbEntity
  8
A-POR-___-___-EXI
100
AcDbLine
 10
43654.40954205098
 20
29.39366265506654
 30
0.0
 11
43654.40954205098
 21
2100.791776456308
 31
0.0
1001
REVIT
1002
{
1070
     1
1000
22483732
1002
}
1002
{
1070
     2
1000
-2000051
1002
}
1002
{
1070
     3
1000
-2000042
1002
}
  0
LINE
  5
D1
330
70
100
AcDbEntity
  8
A-POR-___-___-EXI
100
AcDbLine
 10
43850.26946885037
 20
2100.791776456308
 30
0.0
 11
43850.26946885037
 21
29.39366265506654
 31
0.0
1001
REVIT
1002
{
1070
     1
1000
22483733
1002
}
1002
{
1070
     2
1000
-2000051
1002
}
1002
{
1070
     3
1000
-2000042
1002
}
  0
LINE
  5
D2
330
70
100
AcDbEntity
  8
A-POR-___-___-EXI
100
AcDbLine
 10
43464.71272920847
 20
2100.791776456308
 30
0.0
 11
43464.71272920847
 21
29.39366265506654
 31
0.0
1001
REVIT
1002
{
1070
     1
1000
22483734
1002
}
1002
{
1070
     2
1000
-2000051
1002
}
1002
{
1070
     3
1000
-2000042
1002
}
  0
LINE
  5
D3
330
70
100
AcDbEntity
  8
A-POR-___-___-EXI
100
AcDbLine
 10
43100.97168820604
 20
29.39366265506654
 30
0.0
 11
43100.97168820604
 21
2100.791776456308
 31
0.0
1001
REVIT
1002
{
1070
     1
1000
22483735
1002
}
1002
{
1070
     2
1000
-2000051
1002
}
1002
{
1070
     3
1000
-2000042
1002
}
  0
LINE
  5
D4
330
70
100
AcDbEntity
  8
A-POR-___-___-EXI
100
AcDbLine
 10
43279.71272920846
 20
2100.791776456308
 30
0.0
 11
43279.71272920846
 21
29.39366265506654
 31
0.0
1001
REVIT
1002
{
1070
     1
1000
22483736
1002
}
1002
{
1070
     2
1000
-2000051
1002
}
1002
{
1070
     3
1000
-2000042
1002
}
  0
LINE
  5
DD
330
70
100
AcDbEntity
  8
A-ESC-___-___-EXI
100
AcDbLine
 10
42890.97168820604
 20
-165.9179861177918
 30
0.0
 11
43850.26946885037
 21
-165.9179861177918
 31
0.0
1001
REVIT
1002
{
1070
     1
1000
22483745
1002
}
1002
{
1070
     2
1000
-2000051
1002
}
1002
{
1070
     3
1000
-2000042
1002
}
  0
LINE
  5
DE
330
70
100
AcDbEntity
  8
A-ESC-___-___-EXI
100
AcDbLine
 10
42890.97168820604
 20
-529.1731527841716
 30
0.0
 11
42890.97168820604
 21
-165.9179861177918
 31
0.0
1001
REVIT
1002
{
1070
     1
1000
22483746
1002
}
1002
{
1070
     2
1000
-2000051
1002
}
1002
{
1070
     3
1000
-2000042
1002
}
  0
LINE
  5
DF
330
70
100
AcDbEntity
  8
A-ESC-___-___-EXI
100
AcDbLine
 10
43850.26946885037
 20
-529.1731527841716
 30
0.0
 11
42890.97168820604
 21
-529.1731527841716
 31
0.0
1001
REVIT
1002
{
1070
     1
1000
22483747
1002
}
1002
{
1070
     2
1000
-2000051
1002
}
1002
{
1070
     3
1000
-2000042
1002
}
  0
LINE
  5
E0
330
70
100
AcDbEntity
  8
A-ESC-___-___-EXI
100
AcDbLine
 10
43850.26946885037
 20
-165.9179861177918
 30
0.0
 11
43850.26946885037
 21
-529.1731527841716
 31
0.0
1001
REVIT
1002
{
1070
     1
1000
22483748
1002
}
1002
{
1070
     2
1000
-2000051
1002
}
1002
{
1070
     3
1000
-2000042
1002
}
  0
LWPOLYLINE
  5
11E
330
70
100
AcDbEntity
  8
A-ESC-___-___-EXI
100
AcDbPolyline
 90
        4
 70
     1
 43
0.0
 10
42890.97168820604
 20
-529.1731527841716
 10
42890.97168820604
 20
-347.5455694509817
 10
43850.26946885037
 20
-347.5455694509817
 10
43850.26946885037
 20
-529.1731527841716
1001
REVIT
1002
{
1070
     1
1000
22483752
1002
}
1002
{
1070
     2
1000
-2000051
1002
}
1002
{
1070
     3
1000
-2000042
1002
}
  0
LWPOLYLINE
  5
11F
330
70
100
AcDbEntity
  8
A-ESC-___-___-EXI
100
AcDbPolyline
 90
        4
 70
     1
 43
0.0
 10
43850.26946885037
 20
-529.1731527841716
 10
43850.26946885037
 20
29.39366265506654
 10
42890.97168820604
 20
29.39366265506654
 10
42890.97168820604
 20
-529.1731527841716
1001
REVIT
1002
{
1070
     1
1000
22483744
1002
}
1002
{
1070
     2
1000
-2000051
1002
}
1002
{
1070
     3
1000
-2000042
1002
}
  0
LWPOLYLINE
  5
120
330
70
100
AcDbEntity
  8
A-POR-___-___-EXI
100
AcDbPolyline
 90
        4
 70
     1
 43
0.0
 10
43850.26946885037
 20
1340.791776456308
 10
43850.26946885037
 20
2100.791776456308
 10
42890.97168820604
 20
2100.791776456308
 10
42890.97168820604
 20
1340.791776456308
1001
REVIT
1002
{
1070
     1
1000
22483740
1002
}
1002
{
1070
     2
1000
-2000051
1002
}
1002
{
1070
     3
1000
-2000042
1002
}
  0
LWPOLYLINE
  5
122
330
70
100
AcDbEntity
  8
A-POR-___-___-EXI
100
AcDbPolyline
 90
        4
 70
     1
 43
0.0
 10
48972.20360414983
 20
1340.791776456308
 10
48972.20360414983
 20
2100.791776456308
 10
48012.9058235055
 20
2100.791776456308
 10
48012.9058235055
 20
1340.791776456308
1001
REVIT
1002
{
1070
     1
1000
22483717
1002
}
1002
{
1070
     2
1000
-2000051
1002
}
1002
{
1070
     3
1000
-2000042
1002
}
  0
LWPOLYLINE
  5
123
330
70
100
AcDbEntity
  8
A-POR-___-___-EXI
100
AcDbPolyline
 90
        3
 70
     0
 43
0.0
 10
48401.64686450792
 20
2100.791776456308
 10
48401.64686450792
 20
29.39366265505301
 10
48401.64686450792
 20
1409.393662655053
1001
REVIT
1002
{
1070
     1
1000
22483713
1002
}
1002
{
1070
     2
1000
-2000051
1002
}
1002
{
1070
     3
1000
-2000042
1002
}
  0
LWPOLYLINE
  5
124
330
70
100
AcDbEntity
  8
A-POR-___-___-EXI
100
AcDbPolyline
 90
        3
 70
     0
 43
0.0
 10
48586.64686450792
 20
2100.791776456308
 10
48586.64686450792
 20
29.39366265505301
 10
48586.64686450792
 20
1409.393662655053
1001
REVIT
1002
{
1070
     1
1000
22483711
1002
}
1002
{
1070
     2
1000
-2000051
1002
}
1002
{
1070
     3
1000
-2000042
1002
}
  0
LWPOLYLINE
  5
125
330
70
100
AcDbEntity
  8
A-POR-___-___-EXI
100
AcDbPolyline
 90
        2
 70
     1
 43
0.0
 10
48972.20360414983
 20
2100.791776456308
 10
48972.20360414983
 20
29.39366265505301
1001
REVIT
1002
{
1070
     1
1000
22483709
1002
}
1002
{
1070
     2
1000
-2000051
1002
}
1002
{
1070
     3
1000
-2000042
1002
}
  0
LWPOLYLINE
  5
126
330
70
100
AcDbEntity
  8
A-POR-___-___-EXI
100
AcDbPolyline
 90
        2
 70
     1
 43
0.0
 10
48012.9058235055
 20
29.39366265506654
 10
48012.9058235055
 20
2100.791776456308
1001
REVIT
1002
{
1070
     1
1000
22483705
1002
}
1002
{
1070
     2
1000
-2000051
1002
}
1002
{
1070
     3
1000
-2000042
1002
}
  0
LWPOLYLINE
  5
127
330
70
100
AcDbEntity
  8
A-ALV-___-___-EXI
100
AcDbPolyline
 90
        5
 70
     0
 43
0.0
 10
42515.7181357216
 20
29.39366265506654
 10
43256.83161500541
 20
29.39366265506654
 10
42886.2748753635
 20
29.39366265506654
 10
42784.92442230674
 20
29.39366265506654
 10
42657.53383436108
 20
29.39366265506654
1001
REVIT
1002
{
1070
     1
1000
22483703
1002
}
1002
{
1070
     2
1000
-2000051
1002
}
1002
{
1070
     3
1000
-2000042
1002
}
  0
LWPOLYLINE
  5
128
330
70
100
AcDbEntity
  8
A-ALV-___-___-EXI
100
AcDbPolyline
 90
        3
 70
     0
 43
0.0
 10
43020.97168820603
 20
29.39366265506654
 10
43256.83161500541
 20
29.39366265506654
 10
43138.90165160572
 20
29.39366265506654
1001
REVIT
1002
{
1070
     1
1000
22483701
1002
}
1002
{
1070
     2
1000
-2000051
1002
}
1002
{
1070
     3
1000
-2000042
1002
}
  0
LWPOLYLINE
  5
129
330
70
100
AcDbEntity
  8
A-PIL-___-___-EXI
100
AcDbPolyline
 90
        4
 70
     1
 43
0.0
 10
41884.82463889181
 20
2100.791776456308
 10
41884.82463889181
 20
29.39366265506654
 10
41796.27030179225
 20
29.39366265506654
 10
41796.27030179225
 20
2100.791776456308
1001
REVIT
1002
{
1070
     1
1000
22483698
1002
}
1002
{
1070
     2
1000
-2000051
1002
}
1002
{
1070
     3
1000
-2000042
1002
}
  0
LWPOLYLINE
  5
12A
330
70
100
AcDbEntity
  8
A-PIL-___-___-EXI
100
AcDbPolyline
 90
        4
 70
     1
 43
0.0
 10
44329.6506858672
 20
29.39366265506654
 10
44329.6506858672
 20
2100.791776456308
 10
44489.6506858672
 20
2100.791776456308
 10
44489.6506858672
 20
29.39366265506654
1001
REVIT
1002
{
1070
     1
1000
22483689
1002
}
1002
{
1070
     2
1000
-2000051
1002
}
1002
{
1070
     3
1000
-2000042
1002
}
  0
LWPOLYLINE
  5
12B
330
70
100
AcDbEntity
  8
A-PIL-___-___-EXI
100
AcDbPolyline
 90
        4
 70
     1
 43
0.0
 10
46952.52418560571
 20
29.39366265506654
 10
46952.52418560571
 20
2100.791776456308
 10
47092.52418560571
 20
2100.791776456308
 10
47092.52418560571
 20
29.39366265506654
1001
REVIT
1002
{
1070
     1
1000
22483685
1002
}
1002
{
1070
     2
1000
-2000051
1002
}
1002
{
1070
     3
1000
-2000042
1002
}
  0
LWPOLYLINE
  5
12D
330
70
100
AcDbEntity
  8
A-COB-___-___-EXI
100
AcDbPolyline
 90
        4
 70
     1
 43
0.0
 10
41636.85324008624
 20
2100.791776456308
 10
49636.85324008625
 20
2100.791776456308
 10
49636.85324008626
 20
5309.18688741777
 10
41636.85324008625
 20
5309.18688741777
1001
REVIT
1002
{
1070
     1
1000
22433586
1002
}
1002
{
1070
     5
1000
4951952
1002
}
1002
{
1070
     2
1000
-2000035
1002
}
  0
LWPOLYLINE
  5
12E
330
70
100
AcDbEntity
  8
A-BAS-___-___-EXI
100
AcDbPolyline
 90
        2
 70
     1
 43
0.0
 10
49579.40255458726
 20
29.39366265506654
 10
41710.21596469269
 20
29.39366265506654
1001
REVIT
1002
{
1070
     1
1000
22483668
1002
}
1002
{
1070
     2
1000
-2000051
1002
}
1002
{
1070
     3
1000
-2000042
1002
}
  0
LINE
  5
173
330
70
100
AcDbEntity
  8
A-BAS-___-___-EXI
100
AcDbLine
 10
40610.21596469268
 20
-529.1731527841675
 30
0.0
 11
41710.21596469269
 21
-529.1731527841716
 31
0.0
1001
REVIT
1002
{
1070
     1
1000
22483724
1002
}
1002
{
1070
     5
1000
383807
1002
}
1002
{
1070
     2
1000
-2000051
1002
}
1002
{
1070
     3
1000
-2000042
1002
}
  0
LINE
  5
174
330
70
100
AcDbEntity
  8
A-BAS-___-___-EXI
100
AcDbLine
 10
41710.21596469269
 20
-529.1731527841716
 30
0.0
 11
41710.21596469269
 21
29.39366265506654
 31
0.0
1001
REVIT
1002
{
1070
     1
1000
22483724
1002
}
1002
{
1070
     5
1000
383807
1002
}
1002
{
1070
     2
1000
-2000051
1002
}
1002
{
1070
     3
1000
-2000042
1002
}
  0
LINE
  5
175
330
70
100
AcDbEntity
  8
A-BAS-___-___-EXI
100
AcDbLine
 10
41710.21596469269
 20
29.39366265506654
 30
0.0
 11
41710.21596469269
 21
-529.1731527841716
 31
0.0
1001
REVIT
1002
{
1070
     1
1000
22483724
1002
}
1002
{
1070
     5
1000
383807
1002
}
1002
{
1070
     2
1000
-2000051
1002
}
1002
{
1070
     3
1000
-2000042
1002
}
  0
LINE
  5
176
330
70
100
AcDbEntity
  8
A-BAS-___-___-EXI
100
AcDbLine
 10
41710.21596469269
 20
-529.1731527841716
 30
0.0
 11
49579.40255458726
 21
-529.1731527841716
 31
0.0
1001
REVIT
1002
{
1070
     1
1000
22483724
1002
}
1002
{
1070
     5
1000
383807
1002
}
1002
{
1070
     2
1000
-2000051
1002
}
1002
{
1070
     3
1000
-2000042
1002
}
  0
LINE
  5
177
330
70
100
AcDbEntity
  8
A-BAS-___-___-EXI
100
AcDbLine
 10
49579.40255458726
 20
-529.1731527841716
 30
0.0
 11
49579.40255458726
 21
29.39366265506654
 31
0.0
1001
REVIT
1002
{
1070
     1
1000
22483724
1002
}
1002
{
1070
     5
1000
383807
1002
}
1002
{
1070
     2
1000
-2000051
1002
}
1002
{
1070
     3
1000
-2000042
1002
}
  0
LINE
  5
178
330
70
100
AcDbEntity
  8
A-ALV-___-___-EXI
100
AcDbLine
 10
49579.40255458726
 20
29.39366265506654
 30
0.0
 11
49464.77880007918
 21
29.39366265506654
 31
0.0
1001
REVIT
1002
{
1070
     1
1000
22483724
1002
}
1002
{
1070
     5
1000
383807
1002
}
1002
{
1070
     2
1000
-2000051
1002
}
1002
{
1070
     3
1000
-2000042
1002
}
  0
LINE
  5
179
330
70
100
AcDbEntity
  8
A-ALV-___-___-EXI
100
AcDbLine
 10
49464.77880007918
 20
29.39366265506654
 30
0.0
 11
49357.83996646303
 21
29.39366265506654
 31
0.0
1001
REVIT
1002
{
1070
     1
1000
22483724
1002
}
1002
{
1070
     5
1000
383807
1002
}
1002
{
1070
     2
1000
-2000051
1002
}
1002
{
1070
     3
1000
-2000042
1002
}
  0
LINE
  5
17A
330
70
100
AcDbEntity
  8
A-PIL-___-___-EXI
100
AcDbLine
 10
49357.83996646303
 20
29.39366265506654
 30
0.0
 11
49357.83996646303
 21
2100.791776456308
 31
0.0
1001
REVIT
1002
{
1070
     1
1000
22483724
1002
}
1002
{
1070
     5
1000
383807
1002
}
1002
{
1070
     2
1000
-2000051
1002
}
1002
{
1070
     3
1000
-2000042
1002
}
  0
LINE
  5
17B
330
70
100
AcDbEntity
  8
A-ALV-___-___-EXI
100
AcDbLine
 10
49357.83996646303
 20
2100.791776456308
 30
0.0
 11
49464.77880007918
 21
2100.791776456308
 31
0.0
1001
REVIT
1002
{
1070
     1
1000
22483724
1002
}
1002
{
1070
     5
1000
383807
1002
}
1002
{
1070
     2
1000
-2000051
1002
}
1002
{
1070
     3
1000
-2000042
1002
}
  0
LINE
  5
17C
330
70
100
AcDbEntity
  8
A-PIL-___-___-EXI
100
AcDbLine
 10
49464.77880007918
 20
2100.791776456308
 30
0.0
 11
49464.77880007918
 21
29.39366265506654
 31
0.0
1001
REVIT
1002
{
1070
     1
1000
22483724
1002
}
1002
{
1070
     5
1000
383807
1002
}
1002
{
1070
     2
1000
-2000051
1002
}
1002
{
1070
     3
1000
-2000042
1002
}
  0
LINE
  5
17D
330
70
100
AcDbEntity
  8
A-PIL-___-___-EXI
100
AcDbLine
 10
49464.77880007918
 20
29.39366265506654
 30
0.0
 11
49464.77880007918
 21
2100.791776456308
 31
0.0
1001
REVIT
1002
{
1070
     1
1000
22483724
1002
}
1002
{
1070
     5
1000
383807
1002
}
1002
{
1070
     2
1000
-2000051
1002
}
1002
{
1070
     3
1000
-2000042
1002
}
  0
LINE
  5
17E
330
70
100
AcDbEntity
  8
A-ALV-___-___-EXI
100
AcDbLine
 10
49464.77880007918
 20
2100.791776456308
 30
0.0
 11
49579.40255458726
 21
2100.791776456308
 31
0.0
1001
REVIT
1002
{
1070
     1
1000
22483724
1002
}
1002
{
1070
     5
1000
383807
1002
}
1002
{
1070
     2
1000
-2000051
1002
}
1002
{
1070
     3
1000
-2000042
1002
}
  0
LINE
  5
17F
330
70
100
AcDbEntity
  8
A-ALV-___-___-EXI
100
AcDbLine
 10
49579.40255458726
 20
2100.791776456308
 30
0.0
 11
49579.40255458726
 21
29.39366265506654
 31
0.0
1001
REVIT
1002
{
1070
     1
1000
22483724
1002
}
1002
{
1070
     5
1000
383807
1002
}
1002
{
1070
     2
1000
-2000051
1002
}
1002
{
1070
     3
1000
-2000042
1002
}
  0
LINE
  5
180
330
70
100
AcDbEntity
  8
A-BAS-___-___-EXI
100
AcDbLine
 10
49579.40255458726
 20
29.39366265506654
 30
0.0
 11
49579.40255458726
 21
-529.173152784176
 31
0.0
1001
REVIT
1002
{
1070
     1
1000
22483724
1002
}
1002
{
1070
     5
1000
383807
1002
}
1002
{
1070
     2
1000
-2000051
1002
}
1002
{
1070
     3
1000
-2000042
1002
}
  0
LINE
  5
181
330
70
100
AcDbEntity
  8
A-BAS-___-___-EXI
100
AcDbLine
 10
49579.40255458726
 20
-529.173152784176
 30
0.0
 11
50636.49320224077
 21
-529.1731527841796
 31
0.0
1001
REVIT
1002
{
1070
     1
1000
22483724
1002
}
1002
{
1070
     5
1000
383807
1002
}
1002
{
1070
     2
1000
-2000051
1002
}
1002
{
1070
     3
1000
-2000042
1002
}
  0
VIEWPORT
  5
156
102
{ACAD_XDICTIONARY
360
157
102
}
330
74
100
AcDbEntity
 67
     1
  8
0
100
AcDbViewport
 10
148.5
 20
105.0
 30
0.0
 40
558.8448531833422
 41
222.2579218282528
 68
     1
 69
     1
 12
148.5
 22
105.0
 13
0.0
 23
0.0
 14
10.0
 24
10.0
 15
10.0
 25
10.0
 16
0.0
 26
0.0
 36
1.0
 17
0.0
 27
0.0
 37
0.0
 42
50.0
 43
0.0
 44
0.0
 45
222.2579218282528
 50
0.0
 51
0.0
 72
  1000
 90
   819232
  1

281
     0
 71
     1
 74
     0
110
0.0
120
0.0
130
0.0
111
1.0
121
0.0
131
0.0
112
0.0
122
1.0
132
0.0
 79
     0
146
0.0
170
     0
 61
     5
348
2F
292
     1
282
     1
141
0.0
142
0.0
 63
   250
421
  3355443
  0
VIEWPORT
  5
15A
102
{ACAD_XDICTIONARY
360
15B
102
}
330
74
100
AcDbEntity
 67
     1
  8
0
100
AcDbViewport
 10
148.5
 20
104.9443283081054
 30
0.0
 40
237.6
 41
167.9109252929687
 68
     2
 69
     2
 12
45623.35458346673
 22
2390.006867316795
 13
0.0
 23
0.0
 14
1.0
 24
1.0
 15
0.0
 25
0.0
 16
0.0
 26
0.0
 36
1.0
 17
0.0
 27
0.0
 37
0.0
 42
50.0
 43
0.0
 44
0.0
 45
7137.627620675893
 50
0.0
 51
0.0
 72
  1000
 90
   819232
  1

281
     0
 71
     1
 74
     0
110
0.0
120
0.0
130
0.0
111
1.0
121
0.0
131
0.0
112
0.0
122
1.0
132
0.0
 79
     0
146
0.0
170
     0
 61
     5
348
2F
292
     1
282
     1
141
0.0
142
0.0
 63
   250
421
  3355443
361
15D
  0
ENDSEC
  0
SECTION
  2
OBJECTS
  0
DICTIONARY
  5
C
330
0
100
AcDbDictionary
281
     1
  3
ACAD_CIP_PREVIOUS_PRODUCT_INFO
350
79
  3
ACAD_COLOR
350
63
  3
ACAD_DETAILVIEWSTYLE
350
6A
  3
ACAD_GROUP
350
D
  3
ACAD_IMAGE_VARS
350
7A
  3
ACAD_LAYOUT
350
62
  3
ACAD_MATERIAL
350
10
  3
ACAD_MLEADERSTYLE
350
66
  3
ACAD_MLINESTYLE
350
5F
  3
ACAD_PLOTSETTINGS
350
61
  3
ACAD_PLOTSTYLENAME
350
E
  3
ACAD_RENDER_ACTIVE_RAPIDRT_SETTINGS
350
114
  3
ACAD_RENDER_RAPIDRT_SETTINGS
350
10D
  3
ACAD_SCALELIST
350
42
  3
ACAD_SECTIONVIEWSTYLE
350
68
  3
ACAD_TABLESTYLE
350
64
  3
ACAD_VISUALSTYLE
350
29
  3
ACDB_RECOMPOSE_DATA
350
18F
  3
AcDbVariableDictionary
350
FD
  3
REVIT_DICTIONARY
350
F5
  0
SUN
  5
FC
330
57
100
AcDbSun
 90
        1
290
     1
 63
     7
421
 16777215
 40
0.3
291
     1
 91
  2460364
 92
 43812000
292
     0
 70
     1
 71
   128
280
     1
  0
DICTIONARY
  5
119
330
2
100
AcDbDictionary
280
     1
281
     1
  3
ACAD_LAYERSTATES
360
11A
  0
DICTIONARY
  5
FA
330
70
100
AcDbDictionary
280
     1
281
     1
  3
ACAD_SORTENTS
360
FB
  0
DICTIONARY
  5
157
330
156
100
AcDbDictionary
280
     1
281
     1
  3
ASDK_XREC_ANNOTATION_SCALE_INFO
360
158
  0
DICTIONARY
  5
15B
330
15A
100
AcDbDictionary
280
     1
281
     1
  3
ASDK_XREC_ANNOTATION_SCALE_INFO
360
15C
  0
SUN
  5
15D
330
15A
100
AcDbSun
 90
        1
290
     1
 63
     7
421
 16777215
 40
0.3
291
     1
 91
  2460364
 92
 43812000
292
     0
 70
     1
 71
   128
280
     1
  0
XRECORD
  5
79
102
{ACAD_REACTORS
330
C
102
}
330
C
100
AcDbXrecord
280
     1
300
ACD
300
2022
300

  0
DICTIONARY
  5
63
102
{ACAD_REACTORS
330
C
102
}
330
C
100
AcDbDictionary
281
     1
  0
DICTIONARY
  5
6A
102
{ACAD_REACTORS
330
C
102
}
330
C
100
AcDbDictionary
281
     1
  3
Imperial24
350
6B
  3
Metric50
350
105
  0
DICTIONARY
  5
D
102
{ACAD_REACTORS
330
C
102
}
330
C
100
AcDbDictionary
281
     1
  0
RASTERVARIABLES
  5
7A
102
{ACAD_REACTORS
330
C
102
}
330
C
100
AcDbRasterVariables
 90
        0
 70
     0
 71
     1
 72
     1
  0
DICTIONARY
  5
62
102
{ACAD_REACTORS
330
C
102
}
330
C
100
AcDbDictionary
281
     1
  3
Layout2
350
77
  3
Model
350
73
  0
DICTIONARY
  5
10
102
{ACAD_REACTORS
330
C
102
}
330
C
100
AcDbDictionary
281
     1
  3
ByBlock
350
19
  3
ByLayer
350
11
  3
Global
350
21
  0
DICTIONARY
  5
66
102
{ACAD_REACTORS
330
C
102
}
330
C
100
AcDbDictionary
281
     1
  3
Standard
350
67
  0
DICTIONARY
  5
5F
102
{ACAD_REACTORS
330
C
102
}
330
C
100
AcDbDictionary
281
     1
  3
Standard
350
60
  0
DICTIONARY
  5
61
102
{ACAD_REACTORS
330
C
102
}
330
C
100
AcDbDictionary
281
     1
  0
ACDBDICTIONARYWDFLT
  5
E
102
{ACAD_REACTORS
330
C
102
}
330
C
100
AcDbDictionary
281
     1
  3
Normal
350
F
100
AcDbDictionaryWithDefault
340
F
  0
RAPIDRTRENDERSETTINGS
  5
114
102
{ACAD_REACTORS
330
C
102
}
330
C
100
AcDbRenderSettings
 90
        2
  1
Médio
290
     1
290
     0
290
     1
290
     1
  1

  1
Aplica 5 níveis de renderização
 90
        0
100
AcDbRapidRTRenderSettings
 90
        3
 70
     0
 90
        5
 90
        1
 70
     1
 70
     2
 40
3.0
 40
3.0
290
     1
  0
DICTIONARY
  5
10D
102
{ACAD_REACTORS
330
C
102
}
330
C
100
AcDbDictionary
281
     1
  3
Alto
350
110
  3
Baixo
350
10E
  3
Médio
350
10F
  3
Qualidade de curta duração
350
111
  3
Qualidade de longa duração
350
113
  3
Qualidade de média duração
350
112
  0
DICTIONARY
  5
42
102
{ACAD_REACTORS
330
C
102
}
330
C
100
AcDbDictionary
281
     1
  3
A0
350
43
  3
A1
350
44
  3
A2
350
45
  3
A3
350
46
  3
A4
350
47
  3
A5
350
48
  3
A6
350
49
  3
A7
350
4A
  3
A8
350
4B
  3
A9
350
4C
  3
B0
350
4D
  3
B1
350
4E
  3
B2
350
4F
  3
B3
350
50
  3
B4
350
51
  3
B5
350
52
  3
B6
350
53
  0
DICTIONARY
  5
68
102
{ACAD_REACTORS
330
C
102
}
330
C
100
AcDbDictionary
281
     1
  3
Imperial24
350
69
  3
Metric50
350
104
  0
DICTIONARY
  5
64
102
{ACAD_REACTORS
330
C
102
}
330
C
100
AcDbDictionary
281
     1
  3
Standard
350
65
  0
DICTIONARY
  5
29
102
{ACAD_REACTORS
330
C
102
}
330
C
100
AcDbDictionary
281
     1
  3
2dWireframe
350
2F
  3
Basic
350
2E
  3
Brighten
350
35
  3
ColorChange
350
39
  3
Conceptual
350
32
  3
Dim
350
34
  3
EdgeColorOff
350
41
  3
Facepattern
350
38
  3
Flat
350
2A
  3
FlatWithEdges
350
2B
  3
Gouraud
350
2C
  3
GouraudWithEdges
350
2D
  3
Hidden
350
31
  3
JitterOff
350
3F
  3
Linepattern
350
37
  3
OverhangOff
350
40
  3
Realistic
350
33
  3
Shaded
350
3E
  3
Shaded with edges
350
3D
  3
Shades of Gray
350
3A
  3
Sketchy
350
3B
  3
Thicken
350
36
  3
Wireframe
350
30
  3
X-Ray
350
3C
  0
XRECORD
  5
18F
102
{ACAD_REACTORS
330
C
102
}
330
C
100
AcDbXrecord
280
     1
 90
        1
330
65
  0
DICTIONARY
  5
FD
102
{ACAD_REACTORS
330
C
102
}
330
C
100
AcDbDictionary
281
     1
  3
CANNOSCALE
350
102
  3
CMLEADERSTYLE
350
FF
  3
CTABLESTYLE
350
FE
  3
CVIEWDETAILSTYLE
350
100
  3
CVIEWSECTIONSTYLE
350
101
  0
DICTIONARY
  5
F5
102
{ACAD_REACTORS
330
C
102
}
330
C
100
AcDbDictionary
281
     1
  3
DRAWING_TOOL
350
F9
  3
REVIT_CATEGORY_MAPPING
350
F7
  3
REVIT_SUB_CATEGORY_MAPPING
350
F8
  3
REVIT_TYPE_MAPPING
350
F6
  0
DICTIONARY
  5
11A
102
{ACAD_REACTORS
330
119
102
}
330
119
100
AcDbDictionary
281
     1
  0
SORTENTSTABLE
  5
FB
102
{ACAD_REACTORS
330
FA
102
}
330
FA
100
AcDbSortentsTable
330
70
331
12D
  5
180
331
12E
  5
181
331
173
  5
12D
331
174
  5
12E
331
175
  5
173
331
176
  5
174
331
177
  5
175
331
178
  5
176
331
179
  5
177
331
17A
  5
178
331
17B
  5
179
331
17C
  5
17A
331
17D
  5
17B
331
17E
  5
17C
331
17F
  5
17D
331
180
  5
17E
331
181
  5
17F
  0
XRECORD
  5
158
102
{ACAD_REACTORS
330
157
102
}
330
157
100
AcDbXrecord
280
     1
 90
        1
340
43
  0
XRECORD
  5
15C
102
{ACAD_REACTORS
330
15B
102
}
330
15B
100
AcDbXrecord
280
     1
 90
        1
340
43
  0
ACDBDETAILVIEWSTYLE
  5
6B
102
{ACAD_REACTORS
330
6A
102
}
330
6A
100
AcDbModelDocViewStyle
 70
     0
  3
Imperial24
290
     1
300
Imperial24
 90
        0
100
AcDbDetailViewStyle
 70
     0
 71
     0
 90
        3
 71
     1
340
55
 62
   256
 40
0.24
340
0
 62
   256
 40
0.24
300

 40
0.36
280
     3
 71
     2
340
5D
 90
       25
 62
   256
 71
     3
340
55
 62
   256
 40
0.24
 90
        1
 40
0.75
 90
        1
300
%<\AcVar ViewType \f "%tc1">% %<\AcVar ViewDetailId>%\PSCALE %<\AcVar ViewScale \f "%sn">%
 71
     4
340
5D
 90
       25
 62
   256
340
5D
 90
       25
 62
   256
280
     0
  0
ACDBDETAILVIEWSTYLE
  5
105
102
{ACAD_REACTORS
330
6A
102
}
330
6A
100
AcDbModelDocViewStyle
 70
     0
  3
Metric50
290
     1
300
Metric50
 90
        0
100
AcDbDetailViewStyle
 70
     0
 71
     0
 90
        3
 71
     1
340
55
 62
   256
 40
5.0
340
0
 62
   256
 40
5.0
300

 40
0.0
280
     1
 71
     2
340
5D
 90
       25
 62
   256
 71
     3
340
55
 62
   256
 40
5.0
 90
        0
 40
15.0
 90
        1
300
%<\AcVar ViewDetailId>% (%<\AcVar ViewScale \f "%sn">%)
 71
     4
340
5D
 90
       25
 62
   256
340
5D
 90
       25
 62
   256
280
     0
  0
LAYOUT
  5
77
102
{ACAD_REACTORS
330
62
102
}
330
62
100
AcDbPlotSettings
  1

  2
PDF24
  4
A4
  6

 40
0.0
 41
0.0
 42
0.1113433837890625
 43
0.0
 44
210.0
 45
297.0
 46
0.0
 47
0.0
 48
0.0
 49
0.0
140
0.0
141
0.0
142
1.0
143
1.0
 70
   688
 72
     1
 73
     1
 74
     5
  7

 75
    16
147
1.0
 76
     0
 77
     2
 78
   300
148
0.0
149
0.0
100
AcDbLayout
  1
Layout2
 70
     1
 71
     1
 10
0.0
 20
0.0
 11
297.0
 21
210.0
 12
0.0
 22
0.0
 32
0.0
 14
29.69999999999999
 24
20.98886566162111
 34
0.0
 15
267.3
 25
188.8997909545898
 35
0.0
146
0.0
 13
0.0
 23
0.0
 33
0.0
 16
1.0
 26
0.0
 36
0.0
 17
0.0
 27
1.0
 37
0.0
 76
     0
330
74
331
156
1001
ACAD_PSEXT
1000
PDF24
1000
PDF24
1000
\\.\pipe\PDFPrint
1000
PDF24 Printer
1070
     0
  0
LAYOUT
  5
73
102
{ACAD_REACTORS
330
62
102
}
330
62
100
AcDbPlotSettings
  1

  2

  4

  6

 40
0.0
 41
0.0
 42
0.0
 43
0.0
 44
0.0
 45
0.0
 46
0.0
 47
0.0
 48
0.0
 49
0.0
140
0.0
141
0.0
142
1.0
143
1.0
 70
  1712
 72
     0
 73
     0
 74
     0
  7

 75
     0
147
1.0
 76
     0
 77
     2
 78
   300
148
0.0
149
0.0
100
AcDbLayout
  1
Model
 70
     1
 71
     0
 10
0.0
 20
0.0
 11
12.0
 21
9.0
 12
0.0
 22
0.0
 32
0.0
 14
0.0
 24
0.0
 34
0.0
 15
0.0
 25
0.0
 35
0.0
146
0.0
 13
0.0
 23
0.0
 33
0.0
 16
1.0
 26
0.0
 36
0.0
 17
0.0
 27
1.0
 37
0.0
 76
     0
330
70
331
57
  0
MATERIAL
  5
19
102
{ACAD_XDICTIONARY
360
1A
102
}
102
{ACAD_REACTORS
330
10
102
}
330
10
100
AcDbMaterial
  1
ByBlock
 72
     0
 43
0.0208333333333333
 43
0.0
 43
0.0
 43
0.0
 43
0.0
 43
0.0208333333333333
 43
0.0
 43
0.0
 43
0.0
 43
0.0
 43
1.0
 43
0.0
 43
0.0
 43
0.0
 43
0.0
 43
1.0
 77
     0
 47
0.0208333333333333
 47
0.0
 47
0.0
 47
0.0
 47
0.0
 47
0.0208333333333333
 47
0.0
 47
0.0
 47
0.0
 47
0.0
 47
1.0
 47
0.0
 47
0.0
 47
0.0
 47
0.0
 47
1.0
171
     0
 49
0.0208333333333333
 49
0.0
 49
0.0
 49
0.0
 49
0.0
 49
0.0208333333333333
 49
0.0
 49
0.0
 49
0.0
 49
0.0
 49
1.0
 49
0.0
 49
0.0
 49
0.0
 49
0.0
 49
1.0
175
     0
142
0.0208333333333333
142
0.0
142
0.0
142
0.0
142
0.0
142
0.0208333333333333
142
0.0
142
0.0
142
0.0
142
0.0
142
1.0
142
0.0
142
0.0
142
0.0
142
0.0
142
1.0
179
     0
144
0.0208333333333333
144
0.0
144
0.0
144
0.0
144
0.0
144
0.0208333333333333
144
0.0
144
0.0
144
0.0
144
0.0
144
1.0
144
0.0
144
0.0
144
0.0
144
0.0
144
1.0
147
0.0208333333333333
147
0.0
147
0.0
147
0.0
147
0.0
147
0.0208333333333333
147
0.0
147
0.0
147
0.0
147
0.0
147
1.0
147
0.0
147
0.0
147
0.0
147
0.0
147
1.0
  0
MATERIAL
  5
11
102
{ACAD_XDICTIONARY
360
12
102
}
102
{ACAD_REACTORS
330
10
102
}
330
10
100
AcDbMaterial
  1
ByLayer
 72
     0
 43
0.0208333333333333
 43
0.0
 43
0.0
 43
0.0
 43
0.0
 43
0.0208333333333333
 43
0.0
 43
0.0
 43
0.0
 43
0.0
 43
1.0
 43
0.0
 43
0.0
 43
0.0
 43
0.0
 43
1.0
 77
     0
 47
0.0208333333333333
 47
0.0
 47
0.0
 47
0.0
 47
0.0
 47
0.0208333333333333
 47
0.0
 47
0.0
 47
0.0
 47
0.0
 47
1.0
 47
0.0
 47
0.0
 47
0.0
 47
0.0
 47
1.0
171
     0
 49
0.0208333333333333
 49
0.0
 49
0.0
 49
0.0
 49
0.0
 49
0.0208333333333333
 49
0.0
 49
0.0
 49
0.0
 49
0.0
 49
1.0
 49
0.0
 49
0.0
 49
0.0
 49
0.0
 49
1.0
175
     0
142
0.0208333333333333
142
0.0
142
0.0
142
0.0
142
0.0
142
0.0208333333333333
142
0.0
142
0.0
142
0.0
142
0.0
142
1.0
142
0.0
142
0.0
142
0.0
142
0.0
142
1.0
179
     0
144
0.0208333333333333
144
0.0
144
0.0
144
0.0
144
0.0
144
0.0208333333333333
144
0.0
144
0.0
144
0.0
144
0.0
144
1.0
144
0.0
144
0.0
144
0.0
144
0.0
144
1.0
147
0.0208333333333333
147
0.0
147
0.0
147
0.0
147
0.0
147
0.0208333333333333
147
0.0
147
0.0
147
0.0
147
0.0
147
1.0
147
0.0
147
0.0
147
0.0
147
0.0
147
1.0
  0
MATERIAL
  5
21
102
{ACAD_XDICTIONARY
360
22
102
}
102
{ACAD_REACTORS
330
10
102
}
330
10
100
AcDbMaterial
  1
Global
 72
     0
 43
0.0208333333333333
 43
0.0
 43
0.0
 43
0.0
 43
0.0
 43
0.0208333333333333
 43
0.0
 43
0.0
 43
0.0
 43
0.0
 43
1.0
 43
0.0
 43
0.0
 43
0.0
 43
0.0
 43
1.0
 77
     0
 47
0.0208333333333333
 47
0.0
 47
0.0
 47
0.0
 47
0.0
 47
0.0208333333333333
 47
0.0
 47
0.0
 47
0.0
 47
0.0
 47
1.0
 47
0.0
 47
0.0
 47
0.0
 47
0.0
 47
1.0
171
     0
 49
0.0208333333333333
 49
0.0
 49
0.0
 49
0.0
 49
0.0
 49
0.0208333333333333
 49
0.0
 49
0.0
 49
0.0
 49
0.0
 49
1.0
 49
0.0
 49
0.0
 49
0.0
 49
0.0
 49
1.0
175
     0
142
0.0208333333333333
142
0.0
142
0.0
142
0.0
142
0.0
142
0.0208333333333333
142
0.0
142
0.0
142
0.0
142
0.0
142
1.0
142
0.0
142
0.0
142
0.0
142
0.0
142
1.0
179
     0
144
0.0208333333333333
144
0.0
144
0.0
144
0.0
144
0.0
144
0.0208333333333333
144
0.0
144
0.0
144
0.0
144
0.0
144
1.0
144
0.0
144
0.0
144
0.0
144
0.0
144
1.0
147
0.0208333333333333
147
0.0
147
0.0
147
0.0
147
0.0
147
0.0208333333333333
147
0.0
147
0.0
147
0.0
147
0.0
147
1.0
147
0.0
147
0.0
147
0.0
147
0.0
147
1.0
  0
MLEADERSTYLE
  5
67
102
{ACAD_REACTORS
330
66
102
}
330
66
100
AcDbMLeaderStyle
179
     2
170
     2
171
     1
172
     0
 90
        2
 40
0.0
 41
0.0
173
     1
 91
-1056964608
340
5B
 92
       -2
290
     1
 42
0.09
291
     1
 43
0.36
  3
Standard
 44
0.18
300

342
55
174
     1
178
     6
175
     1
176
     0
 93
-1056964608
 45
0.18
292
     0
297
     0
 46
0.18
 94
-1056964608
 47
1.0
 49
1.0
140
1.0
293
     1
141
0.0
294
     1
177
     0
142
1.0
295
     1
296
     0
143
0.125
271
     0
272
     9
273
     9
298
     1
  0
MLINESTYLE
  5
60
102
{ACAD_REACTORS
330
5F
102
}
330
5F
100
AcDbMlineStyle
  2
STANDARD
 70
     0
  3

 62
   256
 51
90.0
 52
90.0
 71
     2
 49
0.5
 62
   256
  6
BYLAYER
 49
-0.5
 62
   256
  6
BYLAYER
  0
ACDBPLACEHOLDER
  5
F
102
{ACAD_REACTORS
330
E
102
}
330
E
  0
RAPIDRTRENDERSETTINGS
  5
110
102
{ACAD_REACTORS
330
10D
102
}
330
10D
100
AcDbRenderSettings
 90
        2
  1
Alto
290
     1
290
     0
290
     1
290
     1
  1

  1
Aplica 10 níveis de renderização
 90
        2
100
AcDbRapidRTRenderSettings
 90
        3
 70
     0
 90
       10
 90
        1
 70
     2
 70
     2
 40
3.0
 40
3.0
290
     1
  0
RAPIDRTRENDERSETTINGS
  5
10E
102
{ACAD_REACTORS
330
10D
102
}
330
10D
100
AcDbRenderSettings
 90
        2
  1
Baixo
290
     1
290
     0
290
     1
290
     1
  1

  1
Aplica 1 nível de renderização
 90
        0
100
AcDbRapidRTRenderSettings
 90
        3
 70
     0
 90
        1
 90
        1
 70
     0
 70
     2
 40
3.0
 40
3.0
290
     1
  0
RAPIDRTRENDERSETTINGS
  5
10F
102
{ACAD_REACTORS
330
10D
102
}
330
10D
100
AcDbRenderSettings
 90
        2
  1
Médio
290
     1
290
     0
290
     1
290
     1
  1

  1
Aplica 5 níveis de renderização
 90
        1
100
AcDbRapidRTRenderSettings
 90
        3
 70
     0
 90
        5
 90
        1
 70
     1
 70
     2
 40
3.0
 40
3.0
290
     1
  0
RAPIDRTRENDERSETTINGS
  5
111
102
{ACAD_REACTORS
330
10D
102
}
330
10D
100
AcDbRenderSettings
 90
        2
  1
Qualidade de curta duração
290
     1
290
     0
290
     1
290
     1
  1

  1
Renderiza por 10 minutos
 90
        3
100
AcDbRapidRTRenderSettings
 90
        3
 70
     1
 90
        1
 90
       10
 70
     1
 70
     2
 40
3.0
 40
3.0
290
     1
  0
RAPIDRTRENDERSETTINGS
  5
113
102
{ACAD_REACTORS
330
10D
102
}
330
10D
100
AcDbRenderSettings
 90
        2
  1
Qualidade de longa duração
290
     1
290
     0
290
     1
290
     1
  1

  1
Renderiza por 12 horas
 90
        5
100
AcDbRapidRTRenderSettings
 90
        3
 70
     1
 90
        1
 90
      720
 70
     2
 70
     2
 40
3.0
 40
3.0
290
     1
  0
RAPIDRTRENDERSETTINGS
  5
112
102
{ACAD_REACTORS
330
10D
102
}
330
10D
100
AcDbRenderSettings
 90
        2
  1
Qualidade de média duração
290
     1
290
     0
290
     1
290
     1
  1

  1
Renderiza por 60 minutos
 90
        4
100
AcDbRapidRTRenderSettings
 90
        3
 70
     1
 90
        1
 90
       60
 70
     2
 70
     2
 40
3.0
 40
3.0
290
     1
  0
SCALE
  5
43
102
{ACAD_REACTORS
330
42
102
}
330
42
100
AcDbScale
 70
     0
300
1:1
140
1.0
141
1.0
290
     1
  0
SCALE
  5
44
102
{ACAD_REACTORS
330
42
102
}
330
42
100
AcDbScale
 70
     0
300
1/128" = 1'-0"
140
0.0078125
141
12.0
290
     0
  0
SCALE
  5
45
102
{ACAD_REACTORS
330
42
102
}
330
42
100
AcDbScale
 70
     0
300
1/64" = 1'-0"
140
0.015625
141
12.0
290
     0
  0
SCALE
  5
46
102
{ACAD_REACTORS
330
42
102
}
330
42
100
AcDbScale
 70
     0
300
1/32" = 1'-0"
140
0.03125
141
12.0
290
     0
  0
SCALE
  5
47
102
{ACAD_REACTORS
330
42
102
}
330
42
100
AcDbScale
 70
     0
300
1/16" = 1'-0"
140
0.0625
141
12.0
290
     0
  0
SCALE
  5
48
102
{ACAD_REACTORS
330
42
102
}
330
42
100
AcDbScale
 70
     0
300
3/32" = 1'-0"
140
0.09375
141
12.0
290
     0
  0
SCALE
  5
49
102
{ACAD_REACTORS
330
42
102
}
330
42
100
AcDbScale
 70
     0
300
1/8" = 1'-0"
140
0.125
141
12.0
290
     0
  0
SCALE
  5
4A
102
{ACAD_REACTORS
330
42
102
}
330
42
100
AcDbScale
 70
     0
300
3/16" = 1'-0"
140
0.1875
141
12.0
290
     0
  0
SCALE
  5
4B
102
{ACAD_REACTORS
330
42
102
}
330
42
100
AcDbScale
 70
     0
300
1/4" = 1'-0"
140
0.25
141
12.0
290
     0
  0
SCALE
  5
4C
102
{ACAD_REACTORS
330
42
102
}
330
42
100
AcDbScale
 70
     0
300
3/8" = 1'-0"
140
0.375
141
12.0
290
     0
  0
SCALE
  5
4D
102
{ACAD_REACTORS
330
42
102
}
330
42
100
AcDbScale
 70
     0
300
1/2" = 1'-0"
140
0.5
141
12.0
290
     0
  0
SCALE
  5
4E
102
{ACAD_REACTORS
330
42
102
}
330
42
100
AcDbScale
 70
     0
300
3/4" = 1'-0"
140
0.75
141
12.0
290
     0
  0
SCALE
  5
4F
102
{ACAD_REACTORS
330
42
102
}
330
42
100
AcDbScale
 70
     0
300
1" = 1'-0"
140
1.0
141
12.0
290
     0
  0
SCALE
  5
50
102
{ACAD_REACTORS
330
42
102
}
330
42
100
AcDbScale
 70
     0
300
1-1/2" = 1'-0"
140
1.5
141
12.0
290
     0
  0
SCALE
  5
51
102
{ACAD_REACTORS
330
42
102
}
330
42
100
AcDbScale
 70
     0
300
3" = 1'-0"
140
3.0
141
12.0
290
     0
  0
SCALE
  5
52
102
{ACAD_REACTORS
330
42
102
}
330
42
100
AcDbScale
 70
     0
300
6" = 1'-0"
140
6.0
141
12.0
290
     0
  0
SCALE
  5
53
102
{ACAD_REACTORS
330
42
102
}
330
42
100
AcDbScale
 70
     0
300
1'-0" = 1'-0"
140
12.0
141
12.0
290
     0
  0
ACDBSECTIONVIEWSTYLE
  5
69
102
{ACAD_REACTORS
330
68
102
}
330
68
100
AcDbModelDocViewStyle
 70
     0
  3
Imperial24
290
     1
300
Imperial24
 90
        0
100
AcDbSectionViewStyle
 70
     0
 71
     0
 90
       78
 71
     1
340
55
 62
   256
 40
0.24
340
0
340
0
 62
   256
 40
0.24
300
I, O, Q, S, X, Z
 40
0.48
 90
        3
 40
0.18
 90
        1
 71
     2
340
5D
 90
       25
 62
   256
340
5D
 90
       50
 62
   256
 40
0.24
 40
0.0
 40
0.24
 71
     3
340
55
 62
   256
 40
0.24
 90
        1
 40
0.75
 90
        1
300
%<\AcVar ViewType \f "%tc1">% %<\AcVar ViewSectionStartId>%-%<\AcVar ViewSectionEndId>%\PSCALE %<\AcVar ViewScale \f "%sn">%
 71
     4
 62
   256
 62
   257
300
ANSI31
 40
1.0
 90
        0
290
     0
290
     0
 90
        6
 40
0.0
 40
1.570796326794896
 40
0.2617993877991494
 40
1.308996938995747
 40
-0.2617993877991494
 40
1.832595714594046
  0
ACDBSECTIONVIEWSTYLE
  5
104
102
{ACAD_REACTORS
330
68
102
}
330
68
100
AcDbModelDocViewStyle
 70
     0
  3
Metric50
290
     1
300
Metric50
 90
        0
100
AcDbSectionViewStyle
 70
     0
 71
     0
 90
      102
 71
     1
340
55
 62
   256
 40
5.0
340
0
340
0
 62
   256
 40
5.0
300
I, O, Q, S, X, Z
 40
10.0
 90
        0
 40
2.5
 90
        0
 71
     2
340
5D
 90
       25
 62
   256
340
5D
 90
       50
 62
   256
 40
5.0
 40
2.5
 40
5.0
 71
     3
340
55
 62
   256
 40
5.0
 90
        0
 40
15.0
 90
        1
300
%<\AcVar ViewSectionStartId>%-%<\AcVar ViewSectionEndId>% (%<\AcVar ViewScale \f "%sn">%)
 71
     4
 62
   256
 62
   257
300
ANSI31
 40
1.0
 90
        0
290
     0
290
     0
 90
        6
 40
0.0
 40
1.570796326794896
 40
0.2617993877991494
 40
1.308996938995747
 40
-0.2617993877991494
 40
1.832595714594046
  0
TABLESTYLE
  5
65
102
{ACAD_XDICTIONARY
360
18D
102
}
102
{ACAD_REACTORS
330
64
102
}
330
64
100
AcDbTableStyle
280
     0
  3
Standard
 70
     0
 71
     0
 40
0.06
 41
0.06
280
     0
281
     0
  7
Standard
140
0.18
170
     2
 62
     0
 63
     7
283
     0
 90
      512
 91
        0
  1

274
    -2
284
     1
 64
     0
275
    -2
285
     1
 65
     0
276
    -2
286
     1
 66
     0
277
    -2
287
     1
 67
     0
278
    -2
288
     1
 68
     0
279
    -2
289
     1
 69
     0
  7
Standard
140
0.25
170
     5
 62
     0
 63
     7
283
     0
 90
      512
 91
        0
  1

274
    -2
284
     1
 64
     0
275
    -2
285
     1
 65
     0
276
    -2
286
     1
 66
     0
277
    -2
287
     1
 67
     0
278
    -2
288
     1
 68
     0
279
    -2
289
     1
 69
     0
  7
Standard
140
0.18
170
     5
 62
     0
 63
     7
283
     0
 90
      512
 91
        0
  1

274
    -2
284
     1
 64
     0
275
    -2
285
     1
 65
     0
276
    -2
286
     1
 66
     0
277
    -2
287
     1
 67
     0
278
    -2
288
     1
 68
     0
279
    -2
289
     1
 69
     0
  0
VISUALSTYLE
  5
2F
102
{ACAD_REACTORS
330
29
102
}
330
29
100
AcDbVisualStyle
  2
2dWireframe
 70
     4
177
     3
291
     0
 70
    58
 90
        0
176
     1
 90
        2
176
     1
 90
        0
176
     1
 90
        0
176
     1
 40
0.6
176
     1
 40
30.0
176
     1
 62
     7
420
 16777215
176
     1
 90
        1
176
     1
 90
        4
176
     1
 62
     7
176
     1
 62
   257
176
     1
 90
        1
176
     1
 90
        1
176
     1
 40
1.0
176
     1
 90
        0
176
     1
 62
   257
176
     1
 40
1.0
176
     1
 90
        1
176
     1
 90
        6
176
     1
 90
        2
176
     1
 62
     7
176
     1
 90
        5
176
     1
 90
        0
176
     1
 90
        0
176
     1
290
     0
176
     1
 90
        1
176
     1
 40
0.0
176
     1
 90
        0
176
     1
290
     1
176
     1
290
     1
176
     1
290
     0
176
     1
290
     0
176
     1
290
     0
176
     1
290
     0
176
     1
290
     0
176
     1
290
     0
176
     1
290
     0
176
     1
 90
       50
176
     1
 40
0.0
176
     1
 40
1.0
176
     1
 90
        0
176
     1
 62
    18
420
        0
176
     1
 90
       50
176
     1
 90
        3
176
     1
 62
     5
420
      255
176
     1
290
     0
176
     1
 90
       50
176
     1
 90
       50
176
     1
 90
       50
176
     1
290
     0
176
     1
 90
       50
176
     1
 62
   256
176
     0
 40
1.0
176
     0
 90
        2
176
     1
  1
strokes_ogs.tif
176
     1
290
     0
176
     1
 40
1.0
176
     1
 40
1.0
176
     1
  0
VISUALSTYLE
  5
2E
102
{ACAD_REACTORS
330
29
102
}
330
29
100
AcDbVisualStyle
  2
Basic
 70
     7
177
     3
291
     1
 70
    58
 90
        1
176
     1
 90
        0
176
     1
 90
        1
176
     1
 90
        0
176
     1
 40
0.6
176
     1
 40
30.0
176
     1
 62
     7
420
 16777215
176
     1
 90
        0
176
     1
 90
        4
176
     1
 62
     7
176
     1
 62
   257
176
     1
 90
        1
176
     1
 90
        1
176
     1
 40
1.0
176
     1
 90
        8
176
     1
 62
     7
176
     1
 40
1.0
176
     1
 90
        1
176
     1
 90
        6
176
     1
 90
        2
176
     1
 62
     7
176
     1
 90
        5
176
     1
 90
        0
176
     1
 90
        0
176
     1
290
     0
176
     1
 90
        1
176
     1
 40
0.0
176
     1
 90
        0
176
     1
290
     0
176
     1
290
     1
176
     1
290
     1
176
     1
290
     0
176
     1
290
     0
176
     1
290
     0
176
     1
290
     0
176
     1
290
     0
176
     1
290
     0
176
     1
 90
       50
176
     1
 40
0.0
176
     1
 40
1.0
176
     1
 90
        0
176
     1
 62
    18
420
        0
176
     1
 90
       50
176
     1
 90
        3
176
     1
 62
     5
420
      255
176
     1
290
     0
176
     1
 90
       50
176
     1
 90
       50
176
     1
 90
       50
176
     1
290
     0
176
     1
 90
       50
176
     1
 62
   256
176
     0
 40
1.0
176
     0
 90
        2
176
     1
  1
strokes_ogs.tif
176
     1
290
     0
176
     1
 40
1.0
176
     1
 40
1.0
176
     1
  0
VISUALSTYLE
  5
35
102
{ACAD_REACTORS
330
29
102
}
330
29
100
AcDbVisualStyle
  2
Brighten
 70
    12
177
     3
291
     1
 70
    58
 90
        2
176
     1
 90
        2
176
     1
 90
        0
176
     1
 90
        0
176
     1
 40
0.6
176
     1
 40
30.0
176
     1
 62
     7
420
 16777215
176
     1
 90
        1
176
     1
 90
        4
176
     1
 62
     7
176
     1
 62
   257
176
     1
 90
        1
176
     1
 90
        1
176
     1
 40
1.0
176
     1
 90
        8
176
     1
 62
     7
176
     1
 40
1.0
176
     1
 90
        1
176
     1
 90
        6
176
     1
 90
        2
176
     1
 62
     7
176
     1
 90
        5
176
     1
 90
        0
176
     1
 90
        0
176
     1
290
     0
176
     1
 90
        1
176
     1
 40
50.0
176
     1
 90
        0
176
     1
290
     0
176
     1
290
     1
176
     1
290
     1
176
     1
290
     0
176
     1
290
     0
176
     1
290
     0
176
     1
290
     0
176
     1
290
     0
176
     1
290
     0
176
     1
 90
       50
176
     1
 40
0.0
176
     1
 40
1.0
176
     1
 90
        0
176
     1
 62
    18
420
        0
176
     1
 90
       50
176
     1
 90
        3
176
     1
 62
     5
420
      255
176
     1
290
     0
176
     1
 90
       50
176
     1
 90
       50
176
     1
 90
       50
176
     1
290
     0
176
     1
 90
       50
176
     1
 62
   256
176
     0
 40
1.0
176
     0
 90
        2
176
     1
  1
strokes_ogs.tif
176
     1
290
     0
176
     1
 40
1.0
176
     1
 40
1.0
176
     1
  0
VISUALSTYLE
  5
39
102
{ACAD_REACTORS
330
29
102
}
330
29
100
AcDbVisualStyle
  2
ColorChange
 70
    16
177
     3
291
     1
 70
    58
 90
        2
176
     1
 90
        2
176
     1
 90
        3
176
     1
 90
        0
176
     1
 40
0.6
176
     1
 40
30.0
176
     1
 62
     8
420
  8421504
176
     1
 90
        1
176
     1
 90
        4
176
     1
 62
     7
176
     1
 62
   257
176
     1
 90
        1
176
     1
 90
        1
176
     1
 40
1.0
176
     1
 90
        8
176
     1
 62
     8
420
  8421504
176
     1
 40
1.0
176
     1
 90
        1
176
     1
 90
        6
176
     1
 90
        2
176
     1
 62
     7
176
     1
 90
        5
176
     1
 90
        0
176
     1
 90
        0
176
     1
290
     0
176
     1
 90
        1
176
     1
 40
0.0
176
     1
 90
        0
176
     1
290
     0
176
     1
290
     1
176
     1
290
     1
176
     1
290
     0
176
     1
290
     0
176
     1
290
     0
176
     1
290
     0
176
     1
290
     0
176
     1
290
     0
176
     1
 90
       50
176
     1
 40
0.0
176
     1
 40
1.0
176
     1
 90
        0
176
     1
 62
    18
420
        0
176
     1
 90
       50
176
     1
 90
        3
176
     1
 62
     5
420
      255
176
     1
290
     0
176
     1
 90
       50
176
     1
 90
       50
176
     1
 90
       50
176
     1
290
     0
176
     1
 90
       50
176
     1
 62
   256
176
     0
 40
1.0
176
     0
 90
        2
176
     1
  1
strokes_ogs.tif
176
     1
290
     0
176
     1
 40
1.0
176
     1
 40
1.0
176
     1
  0
VISUALSTYLE
  5
32
102
{ACAD_REACTORS
330
29
102
}
330
29
100
AcDbVisualStyle
  2
Conceptual
 70
     9
177
     3
291
     0
 70
    58
 90
        3
176
     1
 90
        2
176
     1
 90
        0
176
     1
 90
        0
176
     1
 40
0.6
176
     1
 40
30.0
176
     1
 62
     7
420
 16777215
176
     1
 90
        2
176
     1
 90
        2
176
     1
 62
     7
176
     1
 62
   257
176
     1
 90
        1
176
     1
 90
        1
176
     1
 40
179.0
176
     1
 90
        8
176
     1
 62
     7
176
     1
 40
1.0
176
     1
 90
        1
176
     1
 90
        6
176
     1
 90
        2
176
     1
 62
     7
176
     1
 90
        3
176
     1
 90
        0
176
     1
 90
        0
176
     1
290
     0
176
     1
 90
        1
176
     1
 40
0.0
176
     1
 90
        0
176
     1
290
     0
176
     1
290
     1
176
     1
290
     1
176
     1
290
     0
176
     1
290
     0
176
     1
290
     0
176
     1
290
     0
176
     1
290
     0
176
     1
290
     0
176
     1
 90
       50
176
     1
 40
0.0
176
     1
 40
1.0
176
     1
 90
        0
176
     1
 62
    18
420
        0
176
     1
 90
       50
176
     1
 90
        3
176
     1
 62
     5
420
      255
176
     1
290
     0
176
     1
 90
       50
176
     1
 90
       50
176
     1
 90
       50
176
     1
290
     0
176
     1
 90
       50
176
     1
 62
   256
176
     0
 40
1.0
176
     0
 90
        2
176
     1
  1
strokes_ogs.tif
176
     1
290
     0
176
     1
 40
1.0
176
     1
 40
1.0
176
     1
  0
VISUALSTYLE
  5
34
102
{ACAD_REACTORS
330
29
102
}
330
29
100
AcDbVisualStyle
  2
Dim
 70
    11
177
     3
291
     1
 70
    58
 90
        2
176
     1
 90
        2
176
     1
 90
        0
176
     1
 90
        0
176
     1
 40
0.6
176
     1
 40
30.0
176
     1
 62
     7
420
 16777215
176
     1
 90
        1
176
     1
 90
        4
176
     1
 62
     7
176
     1
 62
   257
176
     1
 90
        1
176
     1
 90
        1
176
     1
 40
1.0
176
     1
 90
        8
176
     1
 62
     7
176
     1
 40
1.0
176
     1
 90
        1
176
     1
 90
        6
176
     1
 90
        2
176
     1
 62
     7
176
     1
 90
        5
176
     1
 90
        0
176
     1
 90
        0
176
     1
290
     0
176
     1
 90
        1
176
     1
 40
-50.0
176
     1
 90
        0
176
     1
290
     0
176
     1
290
     1
176
     1
290
     1
176
     1
290
     0
176
     1
290
     0
176
     1
290
     0
176
     1
290
     0
176
     1
290
     0
176
     1
290
     0
176
     1
 90
       50
176
     1
 40
0.0
176
     1
 40
1.0
176
     1
 90
        0
176
     1
 62
    18
420
        0
176
     1
 90
       50
176
     1
 90
        3
176
     1
 62
     5
420
      255
176
     1
290
     0
176
     1
 90
       50
176
     1
 90
       50
176
     1
 90
       50
176
     1
290
     0
176
     1
 90
       50
176
     1
 62
   256
176
     0
 40
1.0
176
     0
 90
        2
176
     1
  1
strokes_ogs.tif
176
     1
290
     0
176
     1
 40
1.0
176
     1
 40
1.0
176
     1
  0
VISUALSTYLE
  5
41
102
{ACAD_REACTORS
330
29
102
}
330
29
100
AcDbVisualStyle
  2
EdgeColorOff
 70
    22
177
     3
291
     1
 70
    58
 90
        2
176
     0
 90
        2
176
     0
 90
        0
176
     0
 90
        0
176
     0
 40
0.6
176
     0
 40
30.0
176
     0
 62
     7
420
 16777215
176
     0
 90
        1
176
     0
 90
        4
176
     0
 62
     7
176
     0
 62
   257
176
     0
 90
        1
176
     0
 90
        1
176
     0
 40
1.0
176
     0
 90
        8
176
     2
 62
     7
176
     0
 40
1.0
176
     0
 90
        1
176
     0
 90
        6
176
     0
 90
        2
176
     0
 62
     7
176
     0
 90
        5
176
     0
 90
        0
176
     0
 90
        0
176
     0
290
     0
176
     0
 90
        1
176
     0
 40
0.0
176
     0
 90
        0
176
     0
290
     0
176
     0
290
     1
176
     0
290
     1
176
     0
290
     0
176
     0
290
     0
176
     0
290
     0
176
     0
290
     0
176
     0
290
     0
176
     0
290
     0
176
     0
 90
       50
176
     0
 40
0.0
176
     0
 40
1.0
176
     0
 90
        0
176
     0
 62
    18
420
        0
176
     0
 90
       50
176
     0
 90
        3
176
     0
 62
     5
420
      255
176
     0
290
     0
176
     0
 90
       50
176
     0
 90
       50
176
     0
 90
       50
176
     0
290
     0
176
     0
 90
       50
176
     0
 62
   256
176
     0
 40
1.0
176
     0
 90
        2
176
     0
  1
strokes_ogs.tif
176
     0
290
     0
176
     0
 40
1.0
176
     0
 40
1.0
176
     0
  0
VISUALSTYLE
  5
38
102
{ACAD_REACTORS
330
29
102
}
330
29
100
AcDbVisualStyle
  2
Facepattern
 70
    15
177
     3
291
     1
 70
    58
 90
        2
176
     1
 90
        2
176
     1
 90
        0
176
     1
 90
        0
176
     1
 40
0.6
176
     1
 40
30.0
176
     1
 62
     7
420
 16777215
176
     1
 90
        1
176
     1
 90
        4
176
     1
 62
     7
176
     1
 62
   257
176
     1
 90
        1
176
     1
 90
        1
176
     1
 40
1.0
176
     1
 90
        8
176
     1
 62
     7
176
     1
 40
1.0
176
     1
 90
        1
176
     1
 90
        6
176
     1
 90
        2
176
     1
 62
     7
176
     1
 90
        5
176
     1
 90
        0
176
     1
 90
        0
176
     1
290
     0
176
     1
 90
        1
176
     1
 40
0.0
176
     1
 90
        0
176
     1
290
     0
176
     1
290
     1
176
     1
290
     1
176
     1
290
     0
176
     1
290
     0
176
     1
290
     0
176
     1
290
     0
176
     1
290
     0
176
     1
290
     0
176
     1
 90
       50
176
     1
 40
0.0
176
     1
 40
1.0
176
     1
 90
        0
176
     1
 62
    18
420
        0
176
     1
 90
       50
176
     1
 90
        3
176
     1
 62
     5
420
      255
176
     1
290
     0
176
     1
 90
       50
176
     1
 90
       50
176
     1
 90
       50
176
     1
290
     0
176
     1
 90
       50
176
     1
 62
   256
176
     0
 40
1.0
176
     0
 90
        2
176
     1
  1
strokes_ogs.tif
176
     1
290
     0
176
     1
 40
1.0
176
     1
 40
1.0
176
     1
  0
VISUALSTYLE
  5
2A
102
{ACAD_REACTORS
330
29
102
}
330
29
100
AcDbVisualStyle
  2
Flat
 70
     0
177
     3
291
     1
 70
    58
 90
        2
176
     1
 90
        1
176
     1
 90
        1
176
     1
 90
        2
176
     1
 40
0.6
176
     1
 40
30.0
176
     1
 62
     7
420
 16777215
176
     1
 90
        0
176
     1
 90
        0
176
     1
 62
     7
176
     1
 62
   257
176
     1
 90
        1
176
     1
 90
        1
176
     1
 40
1.0
176
     1
 90
        8
176
     1
 62
     7
176
     1
 40
1.0
176
     1
 90
        1
176
     1
 90
        6
176
     1
 90
        2
176
     1
 62
     7
176
     1
 90
        5
176
     1
 90
        0
176
     1
 90
        0
176
     1
290
     0
176
     1
 90
       13
176
     1
 40
0.0
176
     1
 90
        0
176
     1
290
     0
176
     1
290
     1
176
     1
290
     1
176
     1
290
     0
176
     1
290
     0
176
     1
290
     0
176
     1
290
     0
176
     1
290
     0
176
     1
290
     0
176
     1
 90
       50
176
     1
 40
0.0
176
     1
 40
1.0
176
     1
 90
        0
176
     1
 62
    18
420
        0
176
     1
 90
       50
176
     1
 90
        3
176
     1
 62
     5
420
      255
176
     1
290
     0
176
     1
 90
       50
176
     1
 90
       50
176
     1
 90
       50
176
     1
290
     0
176
     1
 90
       50
176
     1
 62
   256
176
     0
 40
1.0
176
     0
 90
        2
176
     1
  1
strokes_ogs.tif
176
     1
290
     0
176
     1
 40
1.0
176
     1
 40
1.0
176
     1
  0
VISUALSTYLE
  5
2B
102
{ACAD_REACTORS
330
29
102
}
330
29
100
AcDbVisualStyle
  2
FlatWithEdges
 70
     1
177
     3
291
     1
 70
    58
 90
        2
176
     1
 90
        1
176
     1
 90
        1
176
     1
 90
        2
176
     1
 40
0.6
176
     1
 40
30.0
176
     1
 62
     7
420
 16777215
176
     1
 90
        1
176
     1
 90
        0
176
     1
 62
     7
176
     1
 62
   257
176
     1
 90
        1
176
     1
 90
        1
176
     1
 40
1.0
176
     1
 90
        0
176
     1
 62
   257
176
     1
 40
1.0
176
     1
 90
        1
176
     1
 90
        6
176
     1
 90
        2
176
     1
 62
     7
176
     1
 90
        5
176
     1
 90
        0
176
     1
 90
        0
176
     1
290
     0
176
     1
 90
       13
176
     1
 40
0.0
176
     1
 90
        0
176
     1
290
     0
176
     1
290
     1
176
     1
290
     1
176
     1
290
     0
176
     1
290
     0
176
     1
290
     0
176
     1
290
     0
176
     1
290
     0
176
     1
290
     0
176
     1
 90
       50
176
     1
 40
0.0
176
     1
 40
1.0
176
     1
 90
        0
176
     1
 62
    18
420
        0
176
     1
 90
       50
176
     1
 90
        3
176
     1
 62
     5
420
      255
176
     1
290
     0
176
     1
 90
       50
176
     1
 90
       50
176
     1
 90
       50
176
     1
290
     0
176
     1
 90
       50
176
     1
 62
   256
176
     0
 40
1.0
176
     0
 90
        2
176
     1
  1
strokes_ogs.tif
176
     1
290
     0
176
     1
 40
1.0
176
     1
 40
1.0
176
     1
  0
VISUALSTYLE
  5
2C
102
{ACAD_REACTORS
330
29
102
}
330
29
100
AcDbVisualStyle
  2
Gouraud
 70
     2
177
     3
291
     1
 70
    58
 90
        2
176
     1
 90
        2
176
     1
 90
        1
176
     1
 90
        2
176
     1
 40
0.6
176
     1
 40
30.0
176
     1
 62
     7
420
 16777215
176
     1
 90
        0
176
     1
 90
        0
176
     1
 62
     7
176
     1
 62
   257
176
     1
 90
        1
176
     1
 90
        1
176
     1
 40
1.0
176
     1
 90
        0
176
     1
 62
     7
176
     1
 40
1.0
176
     1
 90
        1
176
     1
 90
        6
176
     1
 90
        2
176
     1
 62
     7
176
     1
 90
        5
176
     1
 90
        0
176
     1
 90
        0
176
     1
290
     0
176
     1
 90
       13
176
     1
 40
0.0
176
     1
 90
        0
176
     1
290
     0
176
     1
290
     1
176
     1
290
     1
176
     1
290
     0
176
     1
290
     0
176
     1
290
     0
176
     1
290
     0
176
     1
290
     0
176
     1
290
     0
176
     1
 90
       50
176
     1
 40
0.0
176
     1
 40
1.0
176
     1
 90
        0
176
     1
 62
    18
420
        0
176
     1
 90
       50
176
     1
 90
        3
176
     1
 62
     5
420
      255
176
     1
290
     0
176
     1
 90
       50
176
     1
 90
       50
176
     1
 90
       50
176
     1
290
     0
176
     1
 90
       50
176
     1
 62
   256
176
     0
 40
1.0
176
     0
 90
        2
176
     1
  1
strokes_ogs.tif
176
     1
290
     0
176
     1
 40
1.0
176
     1
 40
1.0
176
     1
  0
VISUALSTYLE
  5
2D
102
{ACAD_REACTORS
330
29
102
}
330
29
100
AcDbVisualStyle
  2
GouraudWithEdges
 70
     3
177
     3
291
     1
 70
    58
 90
        2
176
     1
 90
        2
176
     1
 90
        1
176
     1
 90
        2
176
     1
 40
0.6
176
     1
 40
30.0
176
     1
 62
     7
420
 16777215
176
     1
 90
        1
176
     1
 90
        0
176
     1
 62
     7
176
     1
 62
   257
176
     1
 90
        1
176
     1
 90
        1
176
     1
 40
1.0
176
     1
 90
        0
176
     1
 62
   257
176
     1
 40
1.0
176
     1
 90
        1
176
     1
 90
        6
176
     1
 90
        2
176
     1
 62
     7
176
     1
 90
        5
176
     1
 90
        0
176
     1
 90
        0
176
     1
290
     0
176
     1
 90
       13
176
     1
 40
0.0
176
     1
 90
        0
176
     1
290
     0
176
     1
290
     1
176
     1
290
     1
176
     1
290
     0
176
     1
290
     0
176
     1
290
     0
176
     1
290
     0
176
     1
290
     0
176
     1
290
     0
176
     1
 90
       50
176
     1
 40
0.0
176
     1
 40
1.0
176
     1
 90
        0
176
     1
 62
    18
420
        0
176
     1
 90
       50
176
     1
 90
        3
176
     1
 62
     5
420
      255
176
     1
290
     0
176
     1
 90
       50
176
     1
 90
       50
176
     1
 90
       50
176
     1
290
     0
176
     1
 90
       50
176
     1
 62
   256
176
     0
 40
1.0
176
     0
 90
        2
176
     1
  1
strokes_ogs.tif
176
     1
290
     0
176
     1
 40
1.0
176
     1
 40
1.0
176
     1
  0
VISUALSTYLE
  5
31
102
{ACAD_REACTORS
330
29
102
}
330
29
100
AcDbVisualStyle
  2
Hidden
 70
     6
177
     3
291
     0
 70
    58
 90
        1
176
     1
 90
        2
176
     1
 90
        2
176
     1
 90
        0
176
     1
 40
0.6
176
     1
 40
30.0
176
     1
 62
     7
420
 16777215
176
     1
 90
        2
176
     1
 90
        2
176
     1
 62
     7
176
     1
 62
   257
176
     1
 90
        2
176
     1
 90
        1
176
     1
 40
40.0
176
     1
 90
        0
176
     1
 62
   257
176
     1
 40
1.0
176
     1
 90
        1
176
     1
 90
        6
176
     1
 90
        2
176
     1
 62
     7
176
     1
 90
        3
176
     1
 90
        0
176
     1
 90
        0
176
     1
290
     0
176
     1
 90
        1
176
     1
 40
0.0
176
     1
 90
        0
176
     1
290
     0
176
     1
290
     1
176
     1
290
     1
176
     1
290
     0
176
     1
290
     0
176
     1
290
     0
176
     1
290
     0
176
     1
290
     0
176
     1
290
     0
176
     1
 90
       50
176
     1
 40
0.0
176
     1
 40
1.0
176
     1
 90
        0
176
     1
 62
    18
420
        0
176
     1
 90
       50
176
     1
 90
        3
176
     1
 62
     5
420
      255
176
     1
290
     0
176
     1
 90
       50
176
     1
 90
       50
176
     1
 90
       50
176
     1
290
     0
176
     1
 90
       50
176
     1
 62
   256
176
     0
 40
1.0
176
     0
 90
        2
176
     1
  1
strokes_ogs.tif
176
     1
290
     0
176
     1
 40
1.0
176
     1
 40
1.0
176
     1
  0
VISUALSTYLE
  5
3F
102
{ACAD_REACTORS
330
29
102
}
330
29
100
AcDbVisualStyle
  2
JitterOff
 70
    20
177
     3
291
     1
 70
    58
 90
        2
176
     0
 90
        2
176
     0
 90
        0
176
     0
 90
        0
176
     0
 40
0.6
176
     0
 40
30.0
176
     0
 62
     7
420
 16777215
176
     0
 90
        1
176
     0
 90
        4
176
     0
 62
     7
176
     0
 62
   257
176
     0
 90
        1
176
     0
 90
        1
176
     0
 40
1.0
176
     0
 90
       10
176
     2
 62
     7
176
     0
 40
1.0
176
     0
 90
        1
176
     0
 90
        6
176
     0
 90
        2
176
     0
 62
     7
176
     0
 90
        5
176
     0
 90
        0
176
     0
 90
        0
176
     0
290
     0
176
     0
 90
        1
176
     0
 40
0.0
176
     0
 90
        0
176
     0
290
     0
176
     0
290
     1
176
     0
290
     1
176
     0
290
     0
176
     0
290
     0
176
     0
290
     0
176
     0
290
     0
176
     0
290
     0
176
     0
290
     0
176
     0
 90
       50
176
     0
 40
0.0
176
     0
 40
1.0
176
     0
 90
        0
176
     0
 62
    18
420
        0
176
     0
 90
       50
176
     0
 90
        3
176
     0
 62
     5
420
      255
176
     0
290
     0
176
     0
 90
       50
176
     0
 90
       50
176
     0
 90
       50
176
     0
290
     0
176
     0
 90
       50
176
     0
 62
   256
176
     0
 40
1.0
176
     0
 90
        2
176
     0
  1
strokes_ogs.tif
176
     0
290
     0
176
     0
 40
1.0
176
     0
 40
1.0
176
     0
  0
VISUALSTYLE
  5
37
102
{ACAD_REACTORS
330
29
102
}
330
29
100
AcDbVisualStyle
  2
Linepattern
 70
    14
177
     3
291
     1
 70
    58
 90
        2
176
     1
 90
        2
176
     1
 90
        0
176
     1
 90
        0
176
     1
 40
0.6
176
     1
 40
30.0
176
     1
 62
     7
420
 16777215
176
     1
 90
        1
176
     1
 90
        4
176
     1
 62
     7
176
     1
 62
   257
176
     1
 90
        7
176
     1
 90
        7
176
     1
 40
1.0
176
     1
 90
        8
176
     1
 62
     7
176
     1
 40
1.0
176
     1
 90
        1
176
     1
 90
        6
176
     1
 90
        2
176
     1
 62
     7
176
     1
 90
        5
176
     1
 90
        0
176
     1
 90
        0
176
     1
290
     0
176
     1
 90
        1
176
     1
 40
0.0
176
     1
 90
        0
176
     1
290
     0
176
     1
290
     1
176
     1
290
     1
176
     1
290
     0
176
     1
290
     0
176
     1
290
     0
176
     1
290
     0
176
     1
290
     0
176
     1
290
     0
176
     1
 90
       50
176
     1
 40
0.0
176
     1
 40
1.0
176
     1
 90
        0
176
     1
 62
    18
420
        0
176
     1
 90
       50
176
     1
 90
        3
176
     1
 62
     5
420
      255
176
     1
290
     0
176
     1
 90
       50
176
     1
 90
       50
176
     1
 90
       50
176
     1
290
     0
176
     1
 90
       50
176
     1
 62
   256
176
     0
 40
1.0
176
     0
 90
        2
176
     1
  1
strokes_ogs.tif
176
     1
290
     0
176
     1
 40
1.0
176
     1
 40
1.0
176
     1
  0
VISUALSTYLE
  5
40
102
{ACAD_REACTORS
330
29
102
}
330
29
100
AcDbVisualStyle
  2
OverhangOff
 70
    21
177
     3
291
     1
 70
    58
 90
        2
176
     0
 90
        2
176
     0
 90
        0
176
     0
 90
        0
176
     0
 40
0.6
176
     0
 40
30.0
176
     0
 62
     7
420
 16777215
176
     0
 90
        1
176
     0
 90
        4
176
     0
 62
     7
176
     0
 62
   257
176
     0
 90
        1
176
     0
 90
        1
176
     0
 40
1.0
176
     0
 90
        9
176
     2
 62
     7
176
     0
 40
1.0
176
     0
 90
        1
176
     0
 90
        6
176
     0
 90
        2
176
     0
 62
     7
176
     0
 90
        5
176
     0
 90
        0
176
     0
 90
        0
176
     0
290
     0
176
     0
 90
        1
176
     0
 40
0.0
176
     0
 90
        0
176
     0
290
     0
176
     0
290
     1
176
     0
290
     1
176
     0
290
     0
176
     0
290
     0
176
     0
290
     0
176
     0
290
     0
176
     0
290
     0
176
     0
290
     0
176
     0
 90
       50
176
     0
 40
0.0
176
     0
 40
1.0
176
     0
 90
        0
176
     0
 62
    18
420
        0
176
     0
 90
       50
176
     0
 90
        3
176
     0
 62
     5
420
      255
176
     0
290
     0
176
     0
 90
       50
176
     0
 90
       50
176
     0
 90
       50
176
     0
290
     0
176
     0
 90
       50
176
     0
 62
   256
176
     0
 40
1.0
176
     0
 90
        2
176
     0
  1
strokes_ogs.tif
176
     0
290
     0
176
     0
 40
1.0
176
     0
 40
1.0
176
     0
  0
VISUALSTYLE
  5
33
102
{ACAD_REACTORS
330
29
102
}
330
29
100
AcDbVisualStyle
  2
Realistic
 70
     8
177
     3
291
     0
 70
    58
 90
        2
176
     1
 90
        3
176
     1
 90
        0
176
     1
 90
        2
176
     1
 40
0.6
176
     1
 40
30.0
176
     1
 62
     7
420
 16777215
176
     1
 90
        0
176
     1
 90
        0
176
     1
 62
     7
176
     1
 62
   257
176
     1
 90
        1
176
     1
 90
        1
176
     1
 40
1.0
176
     1
 90
        8
176
     1
 62
   257
176
     1
 40
1.0
176
     1
 90
        1
176
     1
 90
        6
176
     1
 90
        2
176
     1
 62
     7
176
     1
 90
        3
176
     1
 90
        0
176
     1
 90
        0
176
     1
290
     0
176
     1
 90
       13
176
     1
 40
0.0
176
     1
 90
        0
176
     1
290
     0
176
     1
290
     1
176
     1
290
     1
176
     1
290
     0
176
     1
290
     0
176
     1
290
     0
176
     1
290
     0
176
     1
290
     0
176
     1
290
     0
176
     1
 90
       50
176
     1
 40
0.0
176
     1
 40
1.0
176
     1
 90
        0
176
     1
 62
    18
420
        0
176
     1
 90
       50
176
     1
 90
        3
176
     1
 62
     5
420
      255
176
     1
290
     0
176
     1
 90
       50
176
     1
 90
       50
176
     1
 90
       50
176
     1
290
     0
176
     1
 90
       50
176
     1
 62
   256
176
     0
 40
1.0
176
     0
 90
        2
176
     1
  1
strokes_ogs.tif
176
     1
290
     0
176
     1
 40
1.0
176
     1
 40
1.0
176
     1
  0
VISUALSTYLE
  5
3E
102
{ACAD_REACTORS
330
29
102
}
330
29
100
AcDbVisualStyle
  2
Shaded
 70
    27
177
     3
291
     0
 70
    58
 90
        2
176
     1
 90
        2
176
     1
 90
        1
176
     1
 90
        2
176
     1
 40
0.6
176
     1
 40
30.0
176
     1
 62
     7
420
 16777215
176
     1
 90
        0
176
     1
 90
        4
176
     1
 62
     7
176
     1
 62
   257
176
     1
 90
        1
176
     1
 90
        1
176
     1
 40
1.0
176
     1
 90
        8
176
     1
 62
   257
176
     1
 40
1.0
176
     1
 90
        1
176
     1
 90
        6
176
     1
 90
        2
176
     1
 62
     8
420
  7895160
176
     1
 90
        3
176
     1
 90
        0
176
     1
 90
        0
176
     1
290
     0
176
     1
 90
        5
176
     1
 40
0.0
176
     1
 90
        0
176
     1
290
     0
176
     1
290
     1
176
     1
290
     1
176
     1
290
     0
176
     1
290
     0
176
     1
290
     0
176
     1
290
     0
176
     1
290
     0
176
     1
290
     0
176
     1
 90
       50
176
     1
 40
0.0
176
     1
 40
1.0
176
     1
 90
        0
176
     1
 62
    18
420
        0
176
     1
 90
       50
176
     1
 90
        3
176
     1
 62
     5
420
      255
176
     1
290
     0
176
     1
 90
       50
176
     1
 90
       50
176
     1
 90
       50
176
     1
290
     0
176
     1
 90
       50
176
     1
 62
   256
176
     0
 40
1.0
176
     0
 90
        2
176
     1
  1
strokes_ogs.tif
176
     1
290
     0
176
     1
 40
1.0
176
     1
 40
1.0
176
     1
  0
VISUALSTYLE
  5
3D
102
{ACAD_REACTORS
330
29
102
}
330
29
100
AcDbVisualStyle
  2
Shaded with edges
 70
    26
177
     3
291
     0
 70
    58
 90
        2
176
     1
 90
        2
176
     1
 90
        1
176
     1
 90
        2
176
     1
 40
0.6
176
     1
 40
30.0
176
     1
 62
     7
420
 16777215
176
     1
 90
        1
176
     1
 90
        2
176
     1
 62
     7
176
     1
 62
   257
176
     1
 90
        2
176
     1
 90
        1
176
     1
 40
1.0
176
     1
 90
        8
176
     1
 62
   257
176
     1
 40
1.0
176
     1
 90
        1
176
     1
 90
        6
176
     1
 90
        2
176
     1
 62
     7
176
     1
 90
        3
176
     1
 90
        0
176
     1
 90
        0
176
     1
290
     0
176
     1
 90
        5
176
     1
 40
0.0
176
     1
 90
        0
176
     1
290
     0
176
     1
290
     1
176
     1
290
     1
176
     1
290
     0
176
     1
290
     0
176
     1
290
     0
176
     1
290
     0
176
     1
290
     0
176
     1
290
     0
176
     1
 90
       50
176
     1
 40
0.0
176
     1
 40
1.0
176
     1
 90
        0
176
     1
 62
    18
420
        0
176
     1
 90
       50
176
     1
 90
        3
176
     1
 62
     5
420
      255
176
     1
290
     0
176
     1
 90
       50
176
     1
 90
       50
176
     1
 90
       50
176
     1
290
     0
176
     1
 90
       50
176
     1
 62
   256
176
     0
 40
1.0
176
     0
 90
        2
176
     1
  1
strokes_ogs.tif
176
     1
290
     0
176
     1
 40
1.0
176
     1
 40
1.0
176
     1
  0
VISUALSTYLE
  5
3A
102
{ACAD_REACTORS
330
29
102
}
330
29
100
AcDbVisualStyle
  2
Shades of Gray
 70
    23
177
     3
291
     0
 70
    58
 90
        2
176
     1
 90
        2
176
     1
 90
        3
176
     1
 90
        0
176
     1
 40
0.6
176
     1
 40
30.0
176
     1
 62
     7
420
 16777215
176
     1
 90
        2
176
     1
 90
        2
176
     1
 62
     7
176
     1
 62
     7
176
     1
 90
        1
176
     1
 90
        1
176
     1
 40
40.0
176
     1
 90
        8
176
     1
 62
     7
176
     1
 40
1.0
176
     1
 90
        1
176
     1
 90
        6
176
     1
 90
        2
176
     1
 62
     7
176
     1
 90
        3
176
     1
 90
        0
176
     1
 90
        0
176
     1
290
     0
176
     1
 90
        1
176
     1
 40
0.0
176
     1
 90
        0
176
     1
290
     0
176
     1
290
     1
176
     1
290
     1
176
     1
290
     0
176
     1
290
     0
176
     1
290
     0
176
     1
290
     0
176
     1
290
     0
176
     1
290
     0
176
     1
 90
       50
176
     1
 40
0.0
176
     1
 40
1.0
176
     1
 90
        0
176
     1
 62
    18
420
        0
176
     1
 90
       50
176
     1
 90
        3
176
     1
 62
     5
420
      255
176
     1
290
     0
176
     1
 90
       50
176
     1
 90
       50
176
     1
 90
       50
176
     1
290
     0
176
     1
 90
       50
176
     1
 62
   256
176
     0
 40
1.0
176
     0
 90
        2
176
     1
  1
strokes_ogs.tif
176
     1
290
     0
176
     1
 40
1.0
176
     1
 40
1.0
176
     1
  0
VISUALSTYLE
  5
3B
102
{ACAD_REACTORS
330
29
102
}
330
29
100
AcDbVisualStyle
  2
Sketchy
 70
    24
177
     3
291
     0
 70
    58
 90
        1
176
     1
 90
        2
176
     1
 90
        2
176
     1
 90
        0
176
     1
 40
0.6
176
     1
 40
30.0
176
     1
 62
     7
420
 16777215
176
     1
 90
        2
176
     1
 90
        2
176
     1
 62
     7
176
     1
 62
     7
176
     1
 90
        1
176
     1
 90
        1
176
     1
 40
40.0
176
     1
 90
       11
176
     1
 62
     7
176
     1
 40
1.0
176
     1
 90
        1
176
     1
 90
        6
176
     1
 90
        2
176
     1
 62
     7
176
     1
 90
        6
176
     1
 90
        0
176
     1
 90
        0
176
     1
290
     0
176
     1
 90
        1
176
     1
 40
0.0
176
     1
 90
        0
176
     1
290
     0
176
     1
290
     1
176
     1
290
     1
176
     1
290
     0
176
     1
290
     0
176
     1
290
     0
176
     1
290
     0
176
     1
290
     0
176
     1
290
     0
176
     1
 90
       50
176
     1
 40
0.0
176
     1
 40
1.0
176
     1
 90
        0
176
     1
 62
    18
420
        0
176
     1
 90
       50
176
     1
 90
        3
176
     1
 62
     5
420
      255
176
     1
290
     0
176
     1
 90
       50
176
     1
 90
       50
176
     1
 90
       50
176
     1
290
     0
176
     1
 90
       50
176
     1
 62
   256
176
     0
 40
1.0
176
     0
 90
        2
176
     1
  1
strokes_ogs.tif
176
     1
290
     0
176
     1
 40
1.0
176
     1
 40
1.0
176
     1
  0
VISUALSTYLE
  5
36
102
{ACAD_REACTORS
330
29
102
}
330
29
100
AcDbVisualStyle
  2
Thicken
 70
    13
177
     3
291
     1
 70
    58
 90
        2
176
     1
 90
        2
176
     1
 90
        0
176
     1
 90
        0
176
     1
 40
0.6
176
     1
 40
30.0
176
     1
 62
     7
420
 16777215
176
     1
 90
        1
176
     1
 90
        4
176
     1
 62
     7
176
     1
 62
   257
176
     1
 90
        1
176
     1
 90
        1
176
     1
 40
1.0
176
     1
 90
       12
176
     1
 62
     7
176
     1
 40
1.0
176
     1
 90
        1
176
     1
 90
        6
176
     1
 90
        2
176
     1
 62
     7
176
     1
 90
        5
176
     1
 90
        0
176
     1
 90
        0
176
     1
290
     0
176
     1
 90
        1
176
     1
 40
0.0
176
     1
 90
        0
176
     1
290
     0
176
     1
290
     1
176
     1
290
     1
176
     1
290
     0
176
     1
290
     0
176
     1
290
     0
176
     1
290
     0
176
     1
290
     0
176
     1
290
     0
176
     1
 90
       50
176
     1
 40
0.0
176
     1
 40
1.0
176
     1
 90
        0
176
     1
 62
    18
420
        0
176
     1
 90
       50
176
     1
 90
        3
176
     1
 62
     5
420
      255
176
     1
290
     0
176
     1
 90
       50
176
     1
 90
       50
176
     1
 90
       50
176
     1
290
     0
176
     1
 90
       50
176
     1
 62
   256
176
     0
 40
1.0
176
     0
 90
        2
176
     1
  1
strokes_ogs.tif
176
     1
290
     0
176
     1
 40
1.0
176
     1
 40
1.0
176
     1
  0
VISUALSTYLE
  5
30
102
{ACAD_REACTORS
330
29
102
}
330
29
100
AcDbVisualStyle
  2
Wireframe
 70
     5
177
     3
291
     0
 70
    58
 90
        0
176
     1
 90
        2
176
     1
 90
        0
176
     1
 90
        0
176
     1
 40
0.6
176
     1
 40
30.0
176
     1
 62
     7
420
 16777215
176
     1
 90
        1
176
     1
 90
        4
176
     1
 62
     7
176
     1
 62
   257
176
     1
 90
        1
176
     1
 90
        1
176
     1
 40
1.0
176
     1
 90
        0
176
     1
 62
   257
176
     1
 40
1.0
176
     1
 90
        1
176
     1
 90
        6
176
     1
 90
        2
176
     1
 62
     7
176
     1
 90
        3
176
     1
 90
        0
176
     1
 90
        0
176
     1
290
     0
176
     1
 90
        1
176
     1
 40
0.0
176
     1
 90
        0
176
     1
290
     0
176
     1
290
     1
176
     1
290
     1
176
     1
290
     0
176
     1
290
     0
176
     1
290
     0
176
     1
290
     0
176
     1
290
     0
176
     1
290
     0
176
     1
 90
       50
176
     1
 40
0.0
176
     1
 40
1.0
176
     1
 90
        0
176
     1
 62
    18
420
        0
176
     1
 90
       50
176
     1
 90
        3
176
     1
 62
     5
420
      255
176
     1
290
     0
176
     1
 90
       50
176
     1
 90
       50
176
     1
 90
       50
176
     1
290
     0
176
     1
 90
       50
176
     1
 62
   256
176
     0
 40
1.0
176
     0
 90
        2
176
     1
  1
strokes_ogs.tif
176
     1
290
     0
176
     1
 40
1.0
176
     1
 40
1.0
176
     1
  0
VISUALSTYLE
  5
3C
102
{ACAD_REACTORS
330
29
102
}
330
29
100
AcDbVisualStyle
  2
X-Ray
 70
    25
177
     3
291
     0
 70
    58
 90
        2
176
     1
 90
        2
176
     1
 90
        1
176
     1
 90
        1
176
     1
 40
0.5
176
     1
 40
30.0
176
     1
 62
     7
420
 16777215
176
     1
 90
        1
176
     1
 90
        0
176
     1
 62
     7
176
     1
 62
   257
176
     1
 90
        1
176
     1
 90
        1
176
     1
 40
1.0
176
     1
 90
        8
176
     1
 62
     7
176
     1
 40
1.0
176
     1
 90
        1
176
     1
 90
        6
176
     1
 90
        2
176
     1
 62
     7
176
     1
 90
        3
176
     1
 90
        0
176
     1
 90
        0
176
     1
290
     0
176
     1
 90
       13
176
     1
 40
0.0
176
     1
 90
        0
176
     1
290
     0
176
     1
290
     1
176
     1
290
     1
176
     1
290
     0
176
     1
290
     0
176
     1
290
     0
176
     1
290
     0
176
     1
290
     0
176
     1
290
     0
176
     1
 90
       50
176
     1
 40
0.0
176
     1
 40
1.0
176
     1
 90
        0
176
     1
 62
    18
420
        0
176
     1
 90
       50
176
     1
 90
        3
176
     1
 62
     5
420
      255
176
     1
290
     0
176
     1
 90
       50
176
     1
 90
       50
176
     1
 90
       50
176
     1
290
     0
176
     1
 90
       50
176
     1
 62
   256
176
     0
 40
1.0
176
     0
 90
        2
176
     1
  1
strokes_ogs.tif
176
     1
290
     0
176
     1
 40
1.0
176
     1
 40
1.0
176
     1
  0
DICTIONARYVAR
  5
102
102
{ACAD_REACTORS
330
FD
102
}
330
FD
100
DictionaryVariables
280
     0
  1
1:1
  0
DICTIONARYVAR
  5
FF
102
{ACAD_REACTORS
330
FD
102
}
330
FD
100
DictionaryVariables
280
     0
  1
STANDARD
  0
DICTIONARYVAR
  5
FE
102
{ACAD_REACTORS
330
FD
102
}
330
FD
100
DictionaryVariables
280
     0
  1
STANDARD
  0
DICTIONARYVAR
  5
100
102
{ACAD_REACTORS
330
FD
102
}
330
FD
100
DictionaryVariables
280
     0
  1
Imperial24
  0
DICTIONARYVAR
  5
101
102
{ACAD_REACTORS
330
FD
102
}
330
FD
100
DictionaryVariables
280
     0
  1
Imperial24
  0
XRECORD
  5
F9
102
{ACAD_REACTORS
330
F5
102
}
330
F5
100
AcDbXrecord
280
     1
  1
BUILDING_ID
  1
Fazenda Boa Vista - Acarí, Rio Grande do Norte
  1
FLOOR_ID
  1
22486396
  0
XRECORD
  5
F7
102
{ACAD_REACTORS
330
F5
102
}
330
F5
100
AcDbXrecord
280
     1
  1
-2000035
  1
Telhados
  1
-2000051
  1
Linhas
  1
-2000280
  1
Blocos de margens e carimbo
  1
-2002000
  1
Itens de detalhe
  0
XRECORD
  5
F8
102
{ACAD_REACTORS
330
F5
102
}
330
F5
100
AcDbXrecord
280
     1
  1
-2000042
  1
<Linhas finas>
  1
-2000281
  1
<Linhas finas>
  1
-2000542
  1
Padrão de superfície
  0
XRECORD
  5
F6
102
{ACAD_REACTORS
330
F5
102
}
330
F5
100
AcDbXrecord
280
     1
  1
22487778
  1
A4 HORIZONTAL : A4
  1
383807
  1
Região preenchida : Marcenaria corte
  1
4951952
  1
Telhado básico : cerâmico 2 cm
  0
DICTIONARY
  5
1A
330
19
100
AcDbDictionary
280
     1
281
     1
  3
BUMPTILE
360
1C
  3
DIFFUSETILE
360
1B
  3
OPACITYTILE
360
1F
  3
REFLECTIONTILE
360
1E
  3
REFRACTIONTILE
360
20
  3
SPECULARTILE
360
1D
  0
DICTIONARY
  5
12
330
11
100
AcDbDictionary
280
     1
281
     1
  3
BUMPTILE
360
14
  3
DIFFUSETILE
360
13
  3
OPACITYTILE
360
17
  3
REFLECTIONTILE
360
16
  3
REFRACTIONTILE
360
18
  3
SPECULARTILE
360
15
  0
DICTIONARY
  5
22
330
21
100
AcDbDictionary
280
     1
281
     1
  3
BUMPTILE
360
24
  3
DIFFUSETILE
360
23
  3
OPACITYTILE
360
27
  3
REFLECTIONTILE
360
26
  3
REFRACTIONTILE
360
28
  3
SPECULARTILE
360
25
  0
DICTIONARY
  5
18D
330
65
100
AcDbDictionary
280
     1
281
     1
  3
ACAD_ROUNDTRIP_2008_TABLESTYLE_CELLSTYLEMAP
360
18E
  0
XRECORD
  5
1C
102
{ACAD_REACTORS
330
1A
102
}
330
1A
100
AcDbXrecord
280
     1
270
     1
271
     1
  0
XRECORD
  5
1B
102
{ACAD_REACTORS
330
1A
102
}
330
1A
100
AcDbXrecord
280
     1
270
     1
271
     1
  0
XRECORD
  5
1F
102
{ACAD_REACTORS
330
1A
102
}
330
1A
100
AcDbXrecord
280
     1
270
     1
271
     1
  0
XRECORD
  5
1E
102
{ACAD_REACTORS
330
1A
102
}
330
1A
100
AcDbXrecord
280
     1
270
     1
271
     1
  0
XRECORD
  5
20
102
{ACAD_REACTORS
330
1A
102
}
330
1A
100
AcDbXrecord
280
     1
270
     1
271
     1
  0
XRECORD
  5
1D
102
{ACAD_REACTORS
330
1A
102
}
330
1A
100
AcDbXrecord
280
     1
270
     1
271
     1
  0
XRECORD
  5
14
102
{ACAD_REACTORS
330
12
102
}
330
12
100
AcDbXrecord
280
     1
270
     1
271
     1
  0
XRECORD
  5
13
102
{ACAD_REACTORS
330
12
102
}
330
12
100
AcDbXrecord
280
     1
270
     1
271
     1
  0
XRECORD
  5
17
102
{ACAD_REACTORS
330
12
102
}
330
12
100
AcDbXrecord
280
     1
270
     1
271
     1
  0
XRECORD
  5
16
102
{ACAD_REACTORS
330
12
102
}
330
12
100
AcDbXrecord
280
     1
270
     1
271
     1
  0
XRECORD
  5
18
102
{ACAD_REACTORS
330
12
102
}
330
12
100
AcDbXrecord
280
     1
270
     1
271
     1
  0
XRECORD
  5
15
102
{ACAD_REACTORS
330
12
102
}
330
12
100
AcDbXrecord
280
     1
270
     1
271
     1
  0
XRECORD
  5
24
102
{ACAD_REACTORS
330
22
102
}
330
22
100
AcDbXrecord
280
     1
270
     1
271
     1
  0
XRECORD
  5
23
102
{ACAD_REACTORS
330
22
102
}
330
22
100
AcDbXrecord
280
     1
270
     1
271
     1
  0
XRECORD
  5
27
102
{ACAD_REACTORS
330
22
102
}
330
22
100
AcDbXrecord
280
     1
270
     1
271
     1
  0
XRECORD
  5
26
102
{ACAD_REACTORS
330
22
102
}
330
22
100
AcDbXrecord
280
     1
270
     1
271
     1
  0
XRECORD
  5
28
102
{ACAD_REACTORS
330
22
102
}
330
22
100
AcDbXrecord
280
     1
270
     1
271
     1
  0
XRECORD
  5
25
102
{ACAD_REACTORS
330
22
102
}
330
22
100
AcDbXrecord
280
     1
270
     1
271
     1
  0
CELLSTYLEMAP
  5
18E
102
{ACAD_REACTORS
330
18D
102
}
330
18D
100
AcDbCellStyleMap
 90
        3
300
CELLSTYLE
  1
TABLEFORMAT_BEGIN
 90
        5
170
     1
 91
        0
 92
    32768
 62
   257
 93
        1
300
CONTENTFORMAT
  1
CONTENTFORMAT_BEGIN
 90
        0
 91
        0
 92
      512
 93
        0
300

 40
0.0
140
1.0
 94
        5
 62
     0
340
55
144
0.25
309
CONTENTFORMAT_END
171
     0
 94
        0
309
TABLEFORMAT_END
  1
CELLSTYLE_BEGIN
 90
        1
 91
        1
300
_TITLE
309
CELLSTYLE_END
300
CELLSTYLE
  1
TABLEFORMAT_BEGIN
 90
        5
170
     1
 91
        0
 92
        0
 62
   257
 93
        1
300
CONTENTFORMAT
  1
CONTENTFORMAT_BEGIN
 90
        0
 91
        0
 92
      512
 93
        0
300

 40
0.0
140
1.0
 94
        5
 62
     0
340
55
144
0.18
309
CONTENTFORMAT_END
171
     0
 94
        0
309
TABLEFORMAT_END
  1
CELLSTYLE_BEGIN
 90
        2
 91
        1
300
_HEADER
309
CELLSTYLE_END
300
CELLSTYLE
  1
TABLEFORMAT_BEGIN
 90
        5
170
     1
 91
        0
 92
        0
 62
   257
 93
        1
300
CONTENTFORMAT
  1
CONTENTFORMAT_BEGIN
 90
        0
 91
        0
 92
      512
 93
        0
300

 40
0.0
140
1.0
 94
        2
 62
     0
340
55
144
0.18
309
CONTENTFORMAT_END
171
     0
 94
        0
309
TABLEFORMAT_END
  1
CELLSTYLE_BEGIN
 90
        3
 91
        2
300
_DATA
309
CELLSTYLE_END
  0
ENDSEC
  0
SECTION
  2
ACDSDATA
 70
     2
 71
     8
  0
ACDSSCHEMA
 90
        0
  1
AcDb_Thumbnail_Schema
  2
AcDbDs::ID
280
    10
 91
        8
  2
Thumbnail_Data
280
    15
 91
        0
101
ACDSRECORD
 95
        0
 90
        1
  2
AcDbDs::TreatedAsObjectData
280
     1
291
     1
101
ACDSRECORD
 95
        0
 90
        2
  2
AcDbDs::Legacy
280
     1
291
     1
101
ACDSRECORD
  1
AcDbDs::ID
 90
        3
  2
AcDs:Indexable
280
     1
291
     1
101
ACDSRECORD
  1
AcDbDs::ID
 90
        4
  2
AcDbDs::HandleAttribute
280
     7
282
     1
  0
ACDSSCHEMA
 90
        1
  1
AcDbDs::TreatedAsObjectDataSchema
  2
AcDbDs::TreatedAsObjectData
280
     1
 91
        0
  0
ACDSSCHEMA
 90
        2
  1
AcDbDs::LegacySchema
  2
AcDbDs::Legacy
280
     1
 91
        0
  0
ACDSSCHEMA
 90
        3
  1
AcDbDs::IndexedPropertySchema
  2
AcDs:Indexable
280
     1
 91
        0
  0
ACDSSCHEMA
 90
        4
  1
AcDbDs::HandleAttributeSchema
  2
AcDbDs::HandleAttribute
280
     7
 91
        1
284
     1
  0
ACDSRECORD
 90
        0
  2
AcDbDs::ID
280
    10
320
77
  2
Thumbnail_Data
280
    15
 94
     1600
310
89504E470D0A1A0A0000000D4948445200000100000000B5080300000087DCD12600000300504C5445FFFFFFFFFFFFFFFFFF0000000000000000000000000000000000000000000000000000330000660000990000CC0000FF0033000033330033660033990033CC0033FF0066000066330066660066990066CC0066FF0099
310
000099330099660099990099CC0099FF00CC0000CC3300CC6600CC9900CCCC00CCFF00FF0000FF3300FF6600FF9900FFCC00FFFF3300003300333300663300993300CC3300FF3333003333333333663333993333CC3333FF3366003366333366663366993366CC3366FF3399003399333399663399993399CC3399FF33CC00
310
33CC3333CC6633CC9933CCCC33CCFF33FF0033FF3333FF6633FF9933FFCC33FFFF6600006600336600666600996600CC6600FF6633006633336633666633996633CC6633FF6666006666336666666666996666CC6666FF6699006699336699666699996699CC6699FF66CC0066CC3366CC6666CC9966CCCC66CCFF66FF0066
310
FF3366FF6666FF9966FFCC66FFFF9900009900339900669900999900CC9900FF9933009933339933669933999933CC9933FF9966009966339966669966999966CC9966FF9999009999339999669999999999CC9999FF99CC0099CC3399CC6699CC9999CCCC99CCFF99FF0099FF3399FF6699FF9999FFCC99FFFFCC0000CC00
310
33CC0066CC0099CC00CCCC00FFCC3300CC3333CC3366CC3399CC33CCCC33FFCC6600CC6633CC6666CC6699CC66CCCC66FFCC9900CC9933CC9966CC9999CC99CCCC99FFCCCC00CCCC33CCCC66CCCC99CCCCCCCCCCFFCCFF00CCFF33CCFF66CCFF99CCFFCCCCFFFFFF0000FF0033FF0066FF0099FF00CCFF00FFFF3300FF3333
310
FF3366FF3399FF33CCFF33FFFF6600FF6633FF6666FF6699FF66CCFF66FFFF9900FF9933FF9966FF9999FF99CCFF99FFFFCC00FFCC33FFCC66FFCC99FFCCCCFFCCFFFFFF00FFFF33FFFF66FFFF99FFFFCCFFFFFF0000000D0D0D1A1A1A2828283535354343435050505D5D5D6B6B6B787878868686939393A1A1A1AEAEAEBB
310
BBBBC9C9C9D6D6D6E4E4E4F1F1F1FFFFFF000000000000000000000000000000000000000000000000000000000000AD4AB4E4000002FB4944415478DAEDDD5B5203211085E1B39359227BF6D945E883B18CE1D24CB834F053A515632619BE340DCDC4529F873701A0831B000000000000000000000000000000000000F0DC
310
3E366AF700F679A3010000000000000000000000000000DE04B8DCB711007606A57E54F2A1BA320F8A1DA1F100852EE9B2745BD96EAA78C7CC08309E57F3F1228700F9F394CC9D502136941F06F204D021B1394B829981ADBBE12F4B402D3204F69F065D85FCFFC38601283D7FB7E99E8A8B8975224003A3C1D13A2092C1D4
310
9F6C7204687A2A7008A07E5CF25E0C6DBC106AD58D626A90F72190E8964C33D69EC5D0DC313001406D3A5733C72A531F4E89004735427F8074E5AE861AB2DD2D07E5B03168D570D8CB510E70B72698B01052C5DE66795738BA46507243583B4F83729F04DFE982AE9A0B013227C89D6A8185AA41DD2A5BB6DB136CB04ED4DB
310
CFB364122C2D2A962C87957F6B959A09DFDD77E4BAC0B05940CFABDCDB8B44E5771254F9ACCE76850B63597BCD02E795C3F6157A7DE65F745B7CD2F2EFD28424580C83712ADA2D07C87F12ACBE162CD3275E1A40F9D814D5BC40D8A816709A04AB3E06F49A34BB6711872BC12D9360B1F06B13CD8FE2408E86C0A405AE59D6
310
27C040385FBBC2234CE42602D4BAB7BA97387A4F83B17D8B1E6F67F633D7EC07AC01A08653A23B80D2E4DFAC1CD03249D0479D30B31CAEFC9BA80372C08CC5D1E01CD0A0D06B3985CA4104A84B8C68C3215083A805724061477FD8FC71DA7581091F92528B1356B7F0F0B12536B166F0705DC05628CA923AEA61A906FB0248
310
2128C4EEFEF916F4FCF5FBCB3F07FD3DC9C4EDEF9BE17A7DA1EBF154E17A7D99A0F8A9F903B0B5103D26A45F060000000000000000000000000000600240ACF50048BF0C11000000000000000000000000000000000000000000000000000000000000D01AC0751B00F0196DC1785FE7060000D300628D0800000072001100
310
C0B200619BC67F9D050000000000000000000000000000B0036CD46E019CD00000000000000000000000000000000000E05480C3DBF1005FD6D438395D171E340000000049454E44AE426082
  0
ACDSRECORD
 90
        0
  2
AcDbDs::ID
280
    10
320
73
  2
Thumbnail_Data
280
    15
 94
      990
310
89504E470D0A1A0A0000000D494844520000010000000065080300000095E2CD0900000300504C5445FFFFFFFFFFFFFFFFFF0000000000000000000000000000000000000000000000000000330000660000990000CC0000FF0033000033330033660033990033CC0033FF0066000066330066660066990066CC0066FF0099
310
000099330099660099990099CC0099FF00CC0000CC3300CC6600CC9900CCCC00CCFF00FF0000FF3300FF6600FF9900FFCC00FFFF3300003300333300663300993300CC3300FF3333003333333333663333993333CC3333FF3366003366333366663366993366CC3366FF3399003399333399663399993399CC3399FF33CC00
310
33CC3333CC6633CC9933CCCC33CCFF33FF0033FF3333FF6633FF9933FFCC33FFFF6600006600336600666600996600CC6600FF6633006633336633666633996633CC6633FF6666006666336666666666996666CC6666FF6699006699336699666699996699CC6699FF66CC0066CC3366CC6666CC9966CCCC66CCFF66FF0066
310
FF3366FF6666FF9966FFCC66FFFF9900009900339900669900999900CC9900FF9933009933339933669933999933CC9933FF9966009966339966669966999966CC9966FF9999009999339999669999999999CC9999FF99CC0099CC3399CC6699CC9999CCCC99CCFF99FF0099FF3399FF6699FF9999FFCC99FFFFCC0000CC00
310
33CC0066CC0099CC00CCCC00FFCC3300CC3333CC3366CC3399CC33CCCC33FFCC6600CC6633CC6666CC6699CC66CCCC66FFCC9900CC9933CC9966CC9999CC99CCCC99FFCCCC00CCCC33CCCC66CCCC99CCCCCCCCCCFFCCFF00CCFF33CCFF66CCFF99CCFFCCCCFFFFFF0000FF0033FF0066FF0099FF00CCFF00FFFF3300FF3333
310
FF3366FF3399FF33CCFF33FFFF6600FF6633FF6666FF6699FF66CCFF66FFFF9900FF9933FF9966FF9999FF99CCFF99FFFFCC00FFCC33FFCC66FFCC99FFCCCCFFCCFFFFFF00FFFF33FFFF66FFFF99FFFFCCFFFFFF0000000D0D0D1A1A1A2828283535354343435050505D5D5D6B6B6B787878868686939393A1A1A1AEAEAEBB
310
BBBBC9C9C9D6D6D6E4E4E4F1F1F1FFFFFF000000000000000000000000000000000000000000000000000000000000AD4AB4E4000000704944415478DAEDD2310E80201045416EE211FFC539844A416C0C8585C9325340B21D8F6D0D00000000000000800F8E3501041040000104104000010410400001CA49C691FBCE633C
310
A78900020820800002085036C052F100FD32DED95F64EBDFDF630B00000000000000000000E017270136B1826C74558E0000000049454E44AE426082454E44AE426082C8070400000000000000006FE8008AF4C508291D99C90000000049454E44AE426082
  0
ENDSEC
  0
EOF
