  0
SECTION
  2
HEADER
  9
$ACADVER
  1
AC1032
  9
$ACADMAINTVER
 90
      204
  9
$DWGCODEPAGE
  3
ANSI_1252
  9
$LASTSAVEDBY
  1
duda-
  9
$REQUIREDVERSIONS
160
                 0
  9
$INSBASE
 10
0.0
 20
0.0
 30
0.0
  9
$EXTMIN
 10
-6821.240503637586
 20
-8551.122204599096
 30
0.0
  9
$EXTMAX
 10
12667.9415544099
 20
-593.9657062109725
 30
0.0
  9
$LIMMIN
 10
0.0
 20
0.0
  9
$LIMMAX
 10
12.0
 20
9.0
  9
$ORTHOMODE
 70
     0
  9
$REGENMODE
 70
     1
  9
$FILLMODE
 70
     1
  9
$QTEXTMODE
 70
     0
  9
$MIRRTEXT
 70
     0
  9
$LTSCALE
 40
1.0
  9
$ATTMODE
 70
     1
  9
$TEXTSIZE
 40
0.2
  9
$TRACEWID
 40
0.05
  9
$TEXTSTYLE
  7
Standard
  9
$CLAYER
  8
0
  9
$CELTYPE
  6
ByLayer
  9
$CECOLOR
 62
   256
  9
$CELTSCALE
 40
1.0
  9
$DISPSILH
 70
     0
  9
$DIMSCALE
 40
1.0
  9
$DIMASZ
 40
0.18
  9
$DIMEXO
 40
0.0625
  9
$DIMDLI
 40
0.38
  9
$DIMRND
 40
0.0
  9
$DIMDLE
 40
0.0
  9
$DIMEXE
 40
0.18
  9
$DIMTP
 40
0.0
  9
$DIMTM
 40
0.0
  9
$DIMTXT
 40
0.18
  9
$DIMCEN
 40
0.09
  9
$DIMTSZ
 40
0.0
  9
$DIMTOL
 70
     0
  9
$DIMLIM
 70
     0
  9
$DIMTIH
 70
     1
  9
$DIMTOH
 70
     1
  9
$DIMSE1
 70
     0
  9
$DIMSE2
 70
     0
  9
$DIMTAD
 70
     0
  9
$DIMZIN
 70
     0
  9
$DIMBLK
  1

  9
$DIMASO
 70
     1
  9
$DIMSHO
 70
     1
  9
$DIMPOST
  1

  9
$DIMAPOST
  1

  9
$DIMALT
 70
     0
  9
$DIMALTD
 70
     2
  9
$DIMALTF
 40
25.4
  9
$DIMLFAC
 40
1.0
  9
$DIMTOFL
 70
     0
  9
$DIMTVP
 40
0.0
  9
$DIMTIX
 70
     0
  9
$DIMSOXD
 70
     0
  9
$DIMSAH
 70
     0
  9
$DIMBLK1
  1

  9
$DIMBLK2
  1

  9
$DIMSTYLE
  2
Standard
  9
$DIMCLRD
 70
     0
  9
$DIMCLRE
 70
     0
  9
$DIMCLRT
 70
     0
  9
$DIMTFAC
 40
1.0
  9
$DIMGAP
 40
0.09
  9
$DIMJUST
 70
     0
  9
$DIMSD1
 70
     0
  9
$DIMSD2
 70
     0
  9
$DIMTOLJ
 70
     1
  9
$DIMTZIN
 70
     0
  9
$DIMALTZ
 70
     0
  9
$DIMALTTZ
 70
     0
  9
$DIMUPT
 70
     0
  9
$DIMDEC
 70
     4
  9
$DIMTDEC
 70
     4
  9
$DIMALTU
 70
     2
  9
$DIMALTTD
 70
     2
  9
$DIMTXSTY
  7
Standard
  9
$DIMAUNIT
 70
     0
  9
$DIMADEC
 70
     0
  9
$DIMALTRND
 40
0.0
  9
$DIMAZIN
 70
     0
  9
$DIMDSEP
 70
    46
  9
$DIMATFIT
 70
     3
  9
$DIMFRAC
 70
     0
  9
$DIMLDRBLK
  1

  9
$DIMLUNIT
 70
     2
  9
$DIMLWD
 70
    -2
  9
$DIMLWE
 70
    -2
  9
$DIMTMOVE
 70
     0
  9
$DIMFXL
 40
1.0
  9
$DIMFXLON
 70
     0
  9
$DIMJOGANG
 40
0.7853981633974483
  9
$DIMTFILL
 70
     0
  9
$DIMTFILLCLR
 70
     0
  9
$DIMARCSYM
 70
     0
  9
$DIMLTYPE
  6

  9
$DIMLTEX1
  6

  9
$DIMLTEX2
  6

  9
$DIMTXTDIRECTION
 70
     0
  9
$LUNITS
 70
     2
  9
$LUPREC
 70
     4
  9
$SKETCHINC
 40
0.1
  9
$FILLETRAD
 40
0.0
  9
$AUNITS
 70
     0
  9
$AUPREC
 70
     0
  9
$MENU
  1
.
  9
$ELEVATION
 40
0.0
  9
$PELEVATION
 40
0.0
  9
$THICKNESS
 40
0.0
  9
$LIMCHECK
 70
     0
  9
$CHAMFERA
 40
0.0
  9
$CHAMFERB
 40
0.0
  9
$CHAMFERC
 40
0.0
  9
$CHAMFERD
 40
0.0
  9
$SKPOLY
 70
     0
  9
$TDCREATE
 40
2460730.510671296
  9
$TDUCREATE
 40
2460730.635671296
  9
$TDUPDATE
 40
2460738.913460648
  9
$TDUUPDATE
 40
2460739.038460648
  9
$TDINDWG
 40
0.0107291667
  9
$TDUSRTIMER
 40
0.0107291667
  9
$USRTIMER
 70
     1
  9
$ANGBASE
 50
0.0
  9
$ANGDIR
 70
     0
  9
$PDMODE
 70
     0
  9
$PDSIZE
 40
0.0
  9
$PLINEWID
 40
0.0
  9
$SPLFRAME
 70
     0
  9
$SPLINETYPE
 70
     6
  9
$SPLINESEGS
 70
     8
  9
$HANDSEED
  5
78D
  9
$SURFTAB1
 70
     6
  9
$SURFTAB2
 70
     6
  9
$SURFTYPE
 70
     6
  9
$SURFU
 70
     6
  9
$SURFV
 70
     6
  9
$UCSBASE
  2

  9
$UCSNAME
  2

  9
$UCSORG
 10
0.0
 20
0.0
 30
0.0
  9
$UCSXDIR
 10
1.0
 20
0.0
 30
0.0
  9
$UCSYDIR
 10
0.0
 20
1.0
 30
0.0
  9
$UCSORTHOREF
  2

  9
$UCSORTHOVIEW
 70
     0
  9
$UCSORGTOP
 10
0.0
 20
0.0
 30
0.0
  9
$UCSORGBOTTOM
 10
0.0
 20
0.0
 30
0.0
  9
$UCSORGLEFT
 10
0.0
 20
0.0
 30
0.0
  9
$UCSORGRIGHT
 10
0.0
 20
0.0
 30
0.0
  9
$UCSORGFRONT
 10
0.0
 20
0.0
 30
0.0
  9
$UCSORGBACK
 10
0.0
 20
0.0
 30
0.0
  9
$PUCSBASE
  2

  9
$PUCSNAME
  2

  9
$PUCSORG
 10
0.0
 20
0.0
 30
0.0
  9
$PUCSXDIR
 10
1.0
 20
0.0
 30
0.0
  9
$PUCSYDIR
 10
0.0
 20
1.0
 30
0.0
  9
$PUCSORTHOREF
  2

  9
$PUCSORTHOVIEW
 70
     0
  9
$PUCSORGTOP
 10
0.0
 20
0.0
 30
0.0
  9
$PUCSORGBOTTOM
 10
0.0
 20
0.0
 30
0.0
  9
$PUCSORGLEFT
 10
0.0
 20
0.0
 30
0.0
  9
$PUCSORGRIGHT
 10
0.0
 20
0.0
 30
0.0
  9
$PUCSORGFRONT
 10
0.0
 20
0.0
 30
0.0
  9
$PUCSORGBACK
 10
0.0
 20
0.0
 30
0.0
  9
$USERI1
 70
     0
  9
$USERI2
 70
     0
  9
$USERI3
 70
     0
  9
$USERI4
 70
     0
  9
$USERI5
 70
     0
  9
$USERR1
 40
0.0
  9
$USERR2
 40
0.0
  9
$USERR3
 40
0.0
  9
$USERR4
 40
0.0
  9
$USERR5
 40
0.0
  9
$WORLDVIEW
 70
     1
  9
$SHADEDGE
 70
     3
  9
$SHADEDIF
 70
    70
  9
$TILEMODE
 70
     1
  9
$MAXACTVP
 70
    64
  9
$PINSBASE
 10
0.0
 20
0.0
 30
0.0
  9
$PLIMCHECK
 70
     0
  9
$PEXTMIN
 10
29.69999999999999
 20
20.98886566162111
 30
0.0
  9
$PEXTMAX
 10
267.3
 20
188.8997909545898
 30
0.0
  9
$PLIMMIN
 10
0.0
 20
0.0
  9
$PLIMMAX
 10
297.0
 20
210.0
  9
$UNITMODE
 70
     0
  9
$VISRETAIN
 70
     1
  9
$PLINEGEN
 70
     0
  9
$PSLTSCALE
 70
     1
  9
$TREEDEPTH
 70
  3020
  9
$CMLSTYLE
  2
Standard
  9
$CMLJUST
 70
     0
  9
$CMLSCALE
 40
1.0
  9
$PROXYGRAPHICS
 70
     1
  9
$MEASUREMENT
 70
     1
  9
$CELWEIGHT
370
    -1
  9
$ENDCAPS
280
     0
  9
$JOINSTYLE
280
     0
  9
$LWDISPLAY
290
     0
  9
$INSUNITS
 70
     4
  9
$HYPERLINKBASE
  1

  9
$STYLESHEET
  1

  9
$XEDIT
290
     1
  9
$CEPSNTYPE
380
     0
  9
$PSTYLEMODE
290
     1
  9
$FINGERPRINTGUID
  2
{DF4ABAE0-12BC-8743-AFB8-6D909CC2E8AE}
  9
$VERSIONGUID
  2
{4DD40018-54C1-E74B-98EC-8F5246014522}
  9
$EXTNAMES
290
     1
  9
$PSVPSCALE
 40
0.0
  9
$OLESTARTUP
290
     0
  9
$SORTENTS
280
   127
  9
$INDEXCTL
280
     0
  9
$HIDETEXT
280
     1
  9
$XCLIPFRAME
280
     2
  9
$HALOGAP
280
     0
  9
$OBSCOLOR
 70
   257
  9
$OBSLTYPE
280
     0
  9
$INTERSECTIONDISPLAY
280
     0
  9
$INTERSECTIONCOLOR
 70
   257
  9
$DIMASSOC
280
     2
  9
$PROJECTNAME
  1

  9
$CAMERADISPLAY
290
     0
  9
$LENSLENGTH
 40
50.0
  9
$CAMERAHEIGHT
 40
0.0
  9
$STEPSPERSEC
 40
2.0
  9
$STEPSIZE
 40
6.0
  9
$3DDWFPREC
 40
2.0
  9
$PSOLWIDTH
 40
0.25
  9
$PSOLHEIGHT
 40
4.0
  9
$LOFTANG1
 40
1.570796326794896
  9
$LOFTANG2
 40
1.570796326794896
  9
$LOFTMAG1
 40
0.0
  9
$LOFTMAG2
 40
0.0
  9
$LOFTPARAM
 70
     7
  9
$LOFTNORMALS
280
     1
  9
$LATITUDE
 40
0.0
  9
$LONGITUDE
 40
0.0
  9
$NORTHDIRECTION
 40
0.0
  9
$TIMEZONE
 70
     0
  9
$LIGHTGLYPHDISPLAY
280
     1
  9
$TILEMODELIGHTSYNCH
280
     1
  9
$CMATERIAL
347
11
  9
$SOLIDHIST
280
     0
  9
$SHOWHIST
280
     1
  9
$DWFFRAME
280
     2
  9
$DGNFRAME
280
     0
  9
$REALWORLDSCALE
290
     1
  9
$INTERFERECOLOR
 62
     1
  9
$INTERFEREOBJVS
345
33
  9
$INTERFEREVPVS
346
30
  9
$CSHADOW
280
     0
  9
$SHADOWPLANELOCATION
 40
0.0
  0
ENDSEC
  0
SECTION
  2
CLASSES
  0
CLASS
  1
ACDBDICTIONARYWDFLT
  2
AcDbDictionaryWithDefault
  3
ObjectDBX Classes
 90
        0
 91
        1
280
     0
281
     0
  0
CLASS
  1
MATERIAL
  2
AcDbMaterial
  3
ObjectDBX Classes
 90
     1153
 91
        3
280
     0
281
     0
  0
CLASS
  1
VISUALSTYLE
  2
AcDbVisualStyle
  3
ObjectDBX Classes
 90
     4095
 91
       24
280
     0
281
     0
  0
CLASS
  1
SCALE
  2
AcDbScale
  3
ObjectDBX Classes
 90
     1153
 91
       17
280
     0
281
     0
  0
CLASS
  1
TABLESTYLE
  2
AcDbTableStyle
  3
ObjectDBX Classes
 90
     4095
 91
        1
280
     0
281
     0
  0
CLASS
  1
MLEADERSTYLE
  2
AcDbMLeaderStyle
  3
ACDB_MLEADERSTYLE_CLASS
 90
     4095
 91
        1
280
     0
281
     0
  0
CLASS
  1
ACDBSECTIONVIEWSTYLE
  2
AcDbSectionViewStyle
  3
ObjectDBX Classes
 90
     1025
 91
        2
280
     0
281
     0
  0
CLASS
  1
ACDBDETAILVIEWSTYLE
  2
AcDbDetailViewStyle
  3
ObjectDBX Classes
 90
     1025
 91
        2
280
     0
281
     0
  0
CLASS
  1
RASTERVARIABLES
  2
AcDbRasterVariables
  3
ISM
 90
        0
 91
        1
280
     0
281
     0
  0
CLASS
  1
DICTIONARYVAR
  2
AcDbDictionaryVar
  3
ObjectDBX Classes
 90
        0
 91
        5
280
     0
281
     0
  0
CLASS
  1
SORTENTSTABLE
  2
AcDbSortentsTable
  3
ObjectDBX Classes
 90
        0
 91
        1
280
     0
281
     0
  0
CLASS
  1
SUN
  2
AcDbSun
  3
SCENEOE
 90
     1153
 91
        1
280
     0
281
     0
  0
CLASS
  1
RAPIDRTRENDERSETTINGS
  2
AcDbRapidRTRenderSettings
  3
ObjectDBX Classes
 90
     1024
 91
        7
280
     0
281
     0
  0
CLASS
  1
CELLSTYLEMAP
  2
AcDbCellStyleMap
  3
ObjectDBX Classes
 90
     1152
 91
        1
280
     0
281
     0
  0
ENDSEC
  0
SECTION
  2
TABLES
  0
TABLE
  2
VPORT
  5
8
330
0
100
AcDbSymbolTable
 70
     1
  0
VPORT
  5
57
330
8
100
AcDbSymbolTableRecord
100
AcDbViewportTableRecord
  2
*Active
 70
     0
 10
0.0
 20
0.0
 11
1.0
 21
1.0
 12
2950.35827568741
 22
-6855.546381563072
 13
0.0
 23
0.0
 14
1.0
 24
1.0
 15
0.0
 25
0.0
 16
0.0
 26
0.0
 36
1.0
 17
0.0
 27
0.0
 37
0.0
 40
14770.81986733738
 41
2.531208499335989
 42
50.0
 43
0.0
 44
0.0
 50
0.0
 51
0.0
 71
     0
 72
  1000
 73
     1
 74
     1
 75
     0
 76
     0
 77
     0
 78
     0
281
     0
 65
     1
110
0.0
120
0.0
130
0.0
111
1.0
121
0.0
131
0.0
112
0.0
122
1.0
132
0.0
 79
     0
146
0.0
348
2F
 60
     3
 61
     5
292
     1
282
     1
141
0.0
142
0.0
 63
   250
421
  3355443
361
5BF
1001
ACAD_NAV_VCDISPLAY
1070
     3
  0
ENDTAB
  0
TABLE
  2
LTYPE
  5
5
330
0
100
AcDbSymbolTable
 70
     1
  0
LTYPE
  5
5B
330
5
100
AcDbSymbolTableRecord
100
AcDbLinetypeTableRecord
  2
ByBlock
 70
     0
  3

 72
    65
 73
     0
 40
0.0
  0
LTYPE
  5
5C
330
5
100
AcDbSymbolTableRecord
100
AcDbLinetypeTableRecord
  2
ByLayer
 70
     0
  3

 72
    65
 73
     0
 40
0.0
  0
LTYPE
  5
5D
330
5
100
AcDbSymbolTableRecord
100
AcDbLinetypeTableRecord
  2
Continuous
 70
     0
  3
Solid line
 72
    65
 73
     0
 40
0.0
  0
ENDTAB
  0
TABLE
  2
LAYER
  5
2
102
{ACAD_XDICTIONARY
360
5DC
102
}
330
0
100
AcDbSymbolTable
 70
     7
  0
LAYER
  5
54
330
2
100
AcDbSymbolTableRecord
100
AcDbLayerTableRecord
  2
0
 70
     0
 62
   250
  6
Continuous
370
    25
390
F
347
21
348
0
  0
LAYER
  5
81
330
2
100
AcDbSymbolTableRecord
100
AcDbLayerTableRecord
  2
A-ALV-___-___-EXI
 70
     0
 62
   250
  6
Continuous
370
    35
390
F
347
21
348
0
  0
LAYER
  5
82
330
2
100
AcDbSymbolTableRecord
100
AcDbLayerTableRecord
  2
A-JAN-___-___-EXI
 70
     0
 62
   250
  6
Continuous
370
    25
390
F
347
21
348
0
  0
LAYER
  5
397
330
2
100
AcDbSymbolTableRecord
100
AcDbLayerTableRecord
  2
A-ESC-___-___-EXI
 70
     0
 62
   250
  6
Continuous
370
    25
390
F
347
21
348
0
  0
LAYER
  5
5A8
330
2
100
AcDbSymbolTableRecord
100
AcDbLayerTableRecord
  2
A-POR-___-___-EXI
 70
     0
 62
   250
  6
Continuous
370
    25
390
F
347
21
348
0
  0
LAYER
  5
5AE
330
2
100
AcDbSymbolTableRecord
100
AcDbLayerTableRecord
  2
A-COB-___-___-EXI
 70
     0
 62
   250
  6
Continuous
370
    25
390
F
347
21
348
0
  0
LAYER
  5
5B0
330
2
100
AcDbSymbolTableRecord
100
AcDbLayerTableRecord
  2
A-BAS-___-___-EXI
 70
     0
 62
   250
  6
Continuous
370
    35
390
F
347
21
348
0
  0
ENDTAB
  0
TABLE
  2
STYLE
  5
3
330
0
100
AcDbSymbolTable
 70
     2
  0
STYLE
  5
55
330
3
100
AcDbSymbolTableRecord
100
AcDbTextStyleTableRecord
  2
Standard
 70
     0
 40
0.0
 41
1.0
 50
0.0
 71
     0
 42
0.2
  3
txt
  4

  0
STYLE
  5
5A
330
3
100
AcDbSymbolTableRecord
100
AcDbTextStyleTableRecord
  2
Annotative
 70
     0
 40
0.0
 41
1.0
 50
0.0
 71
     0
 42
0.2
  3
txt
  4

1001
AcadAnnotative
1000
AnnotativeData
1002
{
1070
     1
1070
     1
1002
}
  0
ENDTAB
  0
TABLE
  2
VIEW
  5
6
330
0
100
AcDbSymbolTable
 70
     0
  0
ENDTAB
  0
TABLE
  2
UCS
  5
7
330
0
100
AcDbSymbolTable
 70
     0
  0
ENDTAB
  0
TABLE
  2
APPID
  5
9
330
0
100
AcDbSymbolTable
 70
     6
  0
APPID
  5
56
330
9
100
AcDbSymbolTableRecord
100
AcDbRegAppTableRecord
  2
ACAD
 70
     0
  0
APPID
  5
5E
330
9
100
AcDbSymbolTableRecord
100
AcDbRegAppTableRecord
  2
AcadAnnotative
 70
     0
  0
APPID
  5
78
330
9
100
AcDbSymbolTableRecord
100
AcDbRegAppTableRecord
  2
REVIT
 70
     0
  0
APPID
  5
5CF
330
9
100
AcDbSymbolTableRecord
100
AcDbRegAppTableRecord
  2
ACAD_PSEXT
 70
     0
  0
APPID
  5
62A
330
9
100
AcDbSymbolTableRecord
100
AcDbRegAppTableRecord
  2
ACAD_NAV_VCDISPLAY
 70
     0
  0
APPID
  5
772
330
9
100
AcDbSymbolTableRecord
100
AcDbRegAppTableRecord
  2
ACAD_EXEMPT_FROM_CAD_STANDARDS
 70
     0
  0
ENDTAB
  0
TABLE
  2
DIMSTYLE
  5
A
330
0
100
AcDbSymbolTable
 70
     2
100
AcDbDimStyleTable
 71
     0
  0
DIMSTYLE
105
58
330
A
100
AcDbSymbolTableRecord
100
AcDbDimStyleTableRecord
  2
Standard
 70
     0
340
55
  0
DIMSTYLE
105
59
330
A
100
AcDbSymbolTableRecord
100
AcDbDimStyleTableRecord
  2
Annotative
 70
     0
340
55
1001
AcadAnnotative
1000
AnnotativeData
1002
{
1070
     1
1070
     1
1002
}
  0
ENDTAB
  0
TABLE
  2
BLOCK_RECORD
  5
1
330
0
100
AcDbSymbolTable
 70
     2
  0
BLOCK_RECORD
  5
70
102
{ACAD_XDICTIONARY
360
5BD
102
}
330
1
100
AcDbSymbolTableRecord
100
AcDbBlockTableRecord
  2
*Model_Space
340
73
 70
     0
280
     1
281
     0
  0
BLOCK_RECORD
  5
74
330
1
100
AcDbSymbolTableRecord
100
AcDbBlockTableRecord
  2
*Paper_Space
340
77
 70
     0
280
     1
281
     0
  0
BLOCK_RECORD
  5
29A
330
1
100
AcDbSymbolTableRecord
100
AcDbBlockTableRecord
  2
1_dwg-22389725-Corte A_
340
0
 70
     0
280
     1
281
     0
  0
BLOCK_RECORD
  5
5AF
330
1
100
AcDbSymbolTableRecord
100
AcDbBlockTableRecord
  2
A4 HORIZONTAL - A4-22435574-Não nomeada
340
0
 70
     0
280
     1
281
     0
  0
ENDTAB
  0
ENDSEC
  0
SECTION
  2
BLOCKS
  0
BLOCK
  5
71
330
70
100
AcDbEntity
  8
0
100
AcDbBlockBegin
  2
*Model_Space
 70
     0
 10
0.0
 20
0.0
 30
0.0
  3
*Model_Space
  1

  0
ENDBLK
  5
72
330
70
100
AcDbEntity
  8
0
100
AcDbBlockEnd
  0
BLOCK
  5
75
330
74
100
AcDbEntity
 67
     1
  8
0
100
AcDbBlockBegin
  2
*Paper_Space
 70
     0
 10
0.0
 20
0.0
 30
0.0
  3
*Paper_Space
  1

  0
ENDBLK
  5
76
330
74
100
AcDbEntity
 67
     1
  8
0
100
AcDbBlockEnd
  0
BLOCK
  5
394
330
29A
100
AcDbEntity
  8
0
100
AcDbBlockBegin
  2
1_dwg-22389725-Corte A_
 70
     0
 10
0.0
 20
0.0
 30
0.0
  3
1_dwg-22389725-Corte A_
  1

  0
HATCH
  5
29E
330
29A
100
AcDbEntity
  8
0
 62
   252
370
     9
100
AcDbHatch
 10
0.0
 20
0.0
 30
0.0
210
0.0
220
0.0
230
1.0
  2
SOLID
 70
     1
 71
     0
 91
        1
 92
        1
 93
        3
 72
     1
 10
371.6866814361683
 20
362.7120144128801
 11
372.3640147964164
 21
363.6856811182369
 72
     1
 10
372.3640147964164
 20
363.6856811182369
 11
371.659764698345
 21
362.7349434858406
 72
     1
 10
371.659764698345
 20
362.7349434858406
 11
371.6866814361683
 21
362.7120144128801
 97
        0
 75
     0
 76
     1
 98
        1
 10
0.0
 20
0.0
450
        0
451
        0
460
0.0
461
0.0
452
        0
462
0.0
453
        0
470

1001
REVIT
1002
{
1070
     1
1000
22425903
1002
}
1002
{
1070
     5
1000
22389725
1002
}
1002
{
1070
     3
1000
22389728
1002
}
  0
HATCH
  5
2A2
330
29A
100
AcDbEntity
  8
0
 62
   252
370
     9
100
AcDbHatch
 10
0.0
 20
0.0
 30
0.0
210
0.0
220
0.0
230
1.0
  2
SOLID
 70
     1
 71
     0
 91
        1
 92
        1
 93
        3
 72
     1
 10
102.6884525899574
 20
252.6876767075725
 11
102.7006707476245
 21
252.6876767075725
 72
     1
 10
102.7006707476245
 20
252.6876767075725
 11
102.6884525899574
 21
266.6576772626904
 72
     1
 10
102.6884525899574
 20
266.6576772626904
 11
102.6884525899574
 21
252.6876767075725
 97
        0
 75
     0
 76
     1
 98
        1
 10
0.0
 20
0.0
450
        0
451
        0
460
0.0
461
0.0
452
        0
462
0.0
453
        0
470

1001
REVIT
1002
{
1070
     1
1000
22425903
1002
}
1002
{
1070
     5
1000
22389725
1002
}
1002
{
1070
     3
1000
22389728
1002
}
  0
HATCH
  5
2A6
330
29A
100
AcDbEntity
  8
0
 62
   252
370
     9
100
AcDbHatch
 10
0.0
 20
0.0
 30
0.0
210
0.0
220
0.0
230
1.0
  2
SOLID
 70
     1
 71
     0
 91
        1
 92
        1
 93
        3
 72
     1
 10
190.1613408896659
 20
305.4598282298373
 11
190.1613408896659
 21
308.2713455829356
 72
     1
 10
190.1613408896659
 20
308.2713455829356
 11
190.0447804847483
 21
308.2713455829356
 72
     1
 10
190.0447804847483
 20
308.2713455829356
 11
190.1613408896659
 21
305.4598282298373
 97
        0
 75
     0
 76
     1
 98
        1
 10
0.0
 20
0.0
450
        0
451
        0
460
0.0
461
0.0
452
        0
462
0.0
453
        0
470

1001
REVIT
1002
{
1070
     1
1000
22425903
1002
}
1002
{
1070
     5
1000
22389725
1002
}
1002
{
1070
     3
1000
22389728
1002
}
  0
LWPOLYLINE
  5
2A7
330
29A
100
AcDbEntity
  8
0
 62
    18
370
     9
100
AcDbPolyline
 90
        4
 70
   129
 43
0.0
 10
245.3640097498894
 20
312.2506790743934
 10
257.3866768942939
 20
312.2506790743934
 10
257.3866768942939
 20
324.2310128837823
 10
245.3640097498894
 20
324.2310128837823
1001
REVIT
1002
{
1070
     1
1000
22425903
1002
}
1002
{
1070
     5
1000
22389725
1002
}
1002
{
1070
     3
1000
22389728
1002
}
  0
LWPOLYLINE
  5
2A8
330
29A
100
AcDbEntity
  8
0
 62
    18
370
     9
100
AcDbPolyline
 90
        4
 70
   129
 43
0.0
 10
178.1810070802768
 20
301.074678630299
 10
179.9590071509281
 20
301.074678630299
 10
179.9590071509281
 20
293.0736783123679
 10
178.1810070802768
 20
293.0736783123679
1001
REVIT
1002
{
1070
     1
1000
22425903
1002
}
1002
{
1070
     5
1000
22389725
1002
}
1002
{
1070
     3
1000
22389728
1002
}
  0
LWPOLYLINE
  5
2A9
330
29A
100
AcDbEntity
  8
0
 62
    18
370
     9
100
AcDbPolyline
 90
        4
 70
   129
 43
0.0
 10
83.60833665562999
 20
301.074678630299
 10
95.63100380003453
 20
301.074678630299
 10
95.63100380003453
 20
313.0973457747035
 10
83.60833665562999
 20
313.0973457747035
1001
REVIT
1002
{
1070
     1
1000
22425903
1002
}
1002
{
1070
     5
1000
22389725
1002
}
1002
{
1070
     3
1000
22389728
1002
}
  0
LWPOLYLINE
  5
2AA
330
29A
100
AcDbEntity
  8
0
 62
    18
370
     9
100
AcDbPolyline
 90
        4
 70
   129
 43
0.0
 10
83.22733664049042
 20
300.6936786151594
 10
96.01200381517411
 20
300.6936786151594
 10
96.01200381517411
 20
313.4783457898431
 10
83.22733664049042
 20
313.4783457898431
1001
REVIT
1002
{
1070
     1
1000
22425903
1002
}
1002
{
1070
     5
1000
22389725
1002
}
1002
{
1070
     3
1000
22389728
1002
}
  0
LWPOLYLINE
  5
2AB
330
29A
100
AcDbEntity
  8
0
 62
    18
370
     9
100
AcDbPolyline
 90
        4
 70
   129
 43
0.0
 10
246.3800097902616
 20
318.4313459866576
 10
245.3640097498894
 20
318.4313459866576
 10
245.3640097498894
 20
318.2620126465956
 10
246.3800097902616
 20
318.2620126465956
1001
REVIT
1002
{
1070
     1
1000
22425903
1002
}
1002
{
1070
     5
1000
22389725
1002
}
1002
{
1070
     3
1000
22389728
1002
}
  0
LINE
  5
2AC
330
29A
100
AcDbEntity
  8
0
 62
    18
370
     9
100
AcDbLine
 10
95.63100380003453
 20
308.8640122731526
 30
0.0
 11
83.60833665562999
 21
308.8640122731526
 31
0.0
1001
REVIT
1002
{
1070
     1
1000
22425903
1002
}
1002
{
1070
     5
1000
22389725
1002
}
1002
{
1070
     3
1000
22389728
1002
}
  0
LWPOLYLINE
  5
2AD
330
29A
100
AcDbEntity
  8
0
 62
    18
370
     9
100
AcDbPolyline
 90
        4
 70
   128
 43
0.0
 10
334.9413466427061
 20
328.3373463802868
 10
334.9413466427061
 20
364.3206811434692
 10
318.9393460068438
 20
364.3206811434692
 10
318.9393460068438
 20
348.3186805076069
1001
REVIT
1002
{
1070
     1
1000
22425903
1002
}
1002
{
1070
     5
1000
22389725
1002
}
1002
{
1070
     3
1000
22389728
1002
}
  0
LINE
  5
2AE
330
29A
100
AcDbEntity
  8
0
 62
    18
370
     9
100
AcDbLine
 10
318.9393460068438
 20
347.7260138173898
 30
0.0
 11
318.9393460068438
 21
328.3373463802868
 31
0.0
1001
REVIT
1002
{
1070
     1
1000
22425903
1002
}
1002
{
1070
     5
1000
22389725
1002
}
1002
{
1070
     3
1000
22389728
1002
}
  0
LINE
  5
2AF
330
29A
100
AcDbEntity
  8
0
 62
    18
370
     9
100
AcDbLine
 10
318.9393460068438
 20
328.9300130705038
 30
0.0
 11
334.9413466427061
 21
328.9300130705038
 31
0.0
1001
REVIT
1002
{
1070
     1
1000
22425903
1002
}
1002
{
1070
     5
1000
22389725
1002
}
1002
{
1070
     3
1000
22389728
1002
}
  0
LWPOLYLINE
  5
2B0
330
29A
100
AcDbEntity
  8
0
 62
    18
370
     9
100
AcDbPolyline
 90
        4
 70
   129
 43
0.0
 10
318.2620126465956
 20
348.3186805076069
 10
318.2620126465956
 20
347.7260138173898
 10
319.6590127021074
 20
347.7260138173898
 10
319.6590127021074
 20
348.3186805076069
1001
REVIT
1002
{
1070
     1
1000
22425903
1002
}
1002
{
1070
     5
1000
22389725
1002
}
1002
{
1070
     3
1000
22389728
1002
}
  0
LWPOLYLINE
  5
2B1
330
29A
100
AcDbEntity
  8
0
 62
    18
370
     9
100
AcDbPolyline
 90
        4
 70
   129
 43
0.0
 10
163.9570065150658
 20
302.6833453608883
 10
163.9570065150658
 20
299.6776785747872
 10
177.9693404051992
 20
299.6776785747872
 10
177.9693404051992
 20
302.6833453608883
1001
REVIT
1002
{
1070
     1
1000
22425903
1002
}
1002
{
1070
     5
1000
22389725
1002
}
1002
{
1070
     3
1000
22389728
1002
}
  0
LWPOLYLINE
  5
2B2
330
29A
100
AcDbEntity
  8
0
 62
    18
370
     9
100
AcDbPolyline
 90
        4
 70
   129
 43
0.0
 10
147.9550058792034
 20
296.2910117735465
 10
161.9673397693369
 20
296.2910117735465
 10
161.9673397693369
 20
293.0736783123679
 10
147.9550058792034
 20
293.0736783123679
1001
REVIT
1002
{
1070
     1
1000
22425903
1002
}
1002
{
1070
     5
1000
22389725
1002
}
1002
{
1070
     3
1000
22389728
1002
}
  0
LWPOLYLINE
  5
2B3
330
29A
100
AcDbEntity
  8
0
 62
    18
370
     9
100
AcDbPolyline
 90
        4
 70
   129
 43
0.0
 10
131.7413385682635
 20
309.0756789482302
 10
131.7413385682635
 20
301.074678630299
 10
129.9633384976122
 20
301.074678630299
 10
129.9633384976122
 20
309.0756789482302
1001
REVIT
1002
{
1070
     1
1000
22425903
1002
}
1002
{
1070
     5
1000
22389725
1002
}
1002
{
1070
     3
1000
22389728
1002
}
  0
LWPOLYLINE
  5
2B4
330
29A
100
AcDbEntity
  8
0
 62
    18
370
     9
100
AcDbPolyline
 90
        4
 70
   129
 43
0.0
 10
129.9633384976122
 20
300.8630119552214
 10
131.7413385682635
 20
300.8630119552214
 10
131.7413385682635
 20
293.0736783123679
 10
129.9633384976122
 20
293.0736783123679
1001
REVIT
1002
{
1070
     1
1000
22425903
1002
}
1002
{
1070
     5
1000
22389725
1002
}
1002
{
1070
     3
1000
22389728
1002
}
  0
LWPOLYLINE
  5
2B5
330
29A
100
AcDbEntity
  8
0
 62
    18
370
     9
100
AcDbPolyline
 90
        4
 70
   129
 43
0.0
 10
145.9653391334745
 20
306.0700121621291
 10
131.9530052433411
 20
306.0700121621291
 10
131.9530052433411
 20
309.0756789482302
 10
145.9653391334745
 20
309.0756789482302
1001
REVIT
1002
{
1070
     1
1000
22425903
1002
}
1002
{
1070
     5
1000
22389725
1002
}
1002
{
1070
     3
1000
22389728
1002
}
  0
LWPOLYLINE
  5
2B6
330
29A
100
AcDbEntity
  8
0
 62
    18
370
     9
100
AcDbPolyline
 90
        4
 70
   129
 43
0.0
 10
131.9530052433411
 20
302.8950120359659
 10
131.9530052433411
 20
305.8583454870515
 10
145.9653391334745
 20
305.8583454870515
 10
145.9653391334745
 20
302.8950120359659
1001
REVIT
1002
{
1070
     1
1000
22425903
1002
}
1002
{
1070
     5
1000
22389725
1002
}
1002
{
1070
     3
1000
22389728
1002
}
  0
LWPOLYLINE
  5
2B7
330
29A
100
AcDbEntity
  8
0
 62
    18
370
     9
100
AcDbPolyline
 90
        4
 70
   129
 43
0.0
 10
145.9653391334745
 20
299.6776785747872
 10
131.9530052433411
 20
299.6776785747872
 10
131.9530052433411
 20
302.6833453608883
 10
145.9653391334745
 20
302.6833453608883
1001
REVIT
1002
{
1070
     1
1000
22425903
1002
}
1002
{
1070
     5
1000
22389725
1002
}
1002
{
1070
     3
1000
22389728
1002
}
  0
LWPOLYLINE
  5
2B8
330
29A
100
AcDbEntity
  8
0
 62
    18
370
     9
100
AcDbPolyline
 90
        4
 70
   129
 43
0.0
 10
131.9530052433411
 20
296.4603451136085
 10
131.9530052433411
 20
299.4660118997097
 10
145.9653391334745
 20
299.4660118997097
 10
145.9653391334745
 20
296.4603451136085
1001
REVIT
1002
{
1070
     1
1000
22425903
1002
}
1002
{
1070
     5
1000
22389725
1002
}
1002
{
1070
     3
1000
22389728
1002
}
  0
LWPOLYLINE
  5
2B9
330
29A
100
AcDbEntity
  8
0
 62
    18
370
     9
100
AcDbPolyline
 90
        4
 70
   129
 43
0.0
 10
131.9530052433411
 20
293.0736783123679
 10
131.9530052433411
 20
296.2910117735465
 10
145.9653391334745
 20
296.2910117735465
 10
145.9653391334745
 20
293.0736783123679
1001
REVIT
1002
{
1070
     1
1000
22425903
1002
}
1002
{
1070
     5
1000
22389725
1002
}
1002
{
1070
     3
1000
22389728
1002
}
  0
LWPOLYLINE
  5
2BA
330
29A
100
AcDbEntity
  8
0
 62
    18
370
     9
100
AcDbPolyline
 90
        4
 70
   129
 43
0.0
 10
147.7433392041259
 20
301.2863453053765
 10
146.1770058085521
 20
301.2863453053765
 10
146.1770058085521
 20
309.0756789482302
 10
147.7433392041259
 20
309.0756789482302
1001
REVIT
1002
{
1070
     1
1000
22425903
1002
}
1002
{
1070
     5
1000
22389725
1002
}
1002
{
1070
     3
1000
22389728
1002
}
  0
LWPOLYLINE
  5
2BB
330
29A
100
AcDbEntity
  8
0
 62
    18
370
     9
100
AcDbPolyline
 90
        4
 70
   129
 43
0.0
 10
146.1770058085521
 20
293.0736783123679
 10
146.1770058085521
 20
301.074678630299
 10
147.7433392041259
 20
301.074678630299
 10
147.7433392041259
 20
293.0736783123679
1001
REVIT
1002
{
1070
     1
1000
22425903
1002
}
1002
{
1070
     5
1000
22389725
1002
}
1002
{
1070
     3
1000
22389728
1002
}
  0
LWPOLYLINE
  5
2BC
330
29A
100
AcDbEntity
  8
0
 62
    18
370
     9
100
AcDbPolyline
 90
        4
 70
   129
 43
0.0
 10
161.9673397693369
 20
306.0700121621291
 10
147.9550058792034
 20
306.0700121621291
 10
147.9550058792034
 20
309.0756789482302
 10
161.9673397693369
 20
309.0756789482302
1001
REVIT
1002
{
1070
     1
1000
22425903
1002
}
1002
{
1070
     5
1000
22389725
1002
}
1002
{
1070
     3
1000
22389728
1002
}
  0
LWPOLYLINE
  5
2BD
330
29A
100
AcDbEntity
  8
0
 62
    18
370
     9
100
AcDbPolyline
 90
        4
 70
   129
 43
0.0
 10
147.9550058792034
 20
302.8950120359659
 10
147.9550058792034
 20
305.8583454870515
 10
161.9673397693369
 20
305.8583454870515
 10
161.9673397693369
 20
302.8950120359659
1001
REVIT
1002
{
1070
     1
1000
22425903
1002
}
1002
{
1070
     5
1000
22389725
1002
}
1002
{
1070
     3
1000
22389728
1002
}
  0
LWPOLYLINE
  5
2BE
330
29A
100
AcDbEntity
  8
0
 62
    18
370
     9
100
AcDbPolyline
 90
        4
 70
   129
 43
0.0
 10
161.9673397693369
 20
299.6776785747872
 10
147.9550058792034
 20
299.6776785747872
 10
147.9550058792034
 20
302.6833453608883
 10
161.9673397693369
 20
302.6833453608883
1001
REVIT
1002
{
1070
     1
1000
22425903
1002
}
1002
{
1070
     5
1000
22389725
1002
}
1002
{
1070
     3
1000
22389728
1002
}
  0
LWPOLYLINE
  5
2BF
330
29A
100
AcDbEntity
  8
0
 62
    18
370
     9
100
AcDbPolyline
 90
        4
 70
   129
 43
0.0
 10
147.9550058792034
 20
296.4603451136085
 10
147.9550058792034
 20
299.4660118997097
 10
161.9673397693369
 20
299.4660118997097
 10
161.9673397693369
 20
296.4603451136085
1001
REVIT
1002
{
1070
     1
1000
22425903
1002
}
1002
{
1070
     5
1000
22389725
1002
}
1002
{
1070
     3
1000
22389728
1002
}
  0
LWPOLYLINE
  5
2C0
330
29A
100
AcDbEntity
  8
0
 62
    18
370
     9
100
AcDbPolyline
 90
        4
 70
   129
 43
0.0
 10
163.7453398399882
 20
301.2863453053765
 10
162.1790064444145
 20
301.2863453053765
 10
162.1790064444145
 20
309.0756789482302
 10
163.7453398399882
 20
309.0756789482302
1001
REVIT
1002
{
1070
     1
1000
22425903
1002
}
1002
{
1070
     5
1000
22389725
1002
}
1002
{
1070
     3
1000
22389728
1002
}
  0
LWPOLYLINE
  5
2C1
330
29A
100
AcDbEntity
  8
0
 62
    18
370
     9
100
AcDbPolyline
 90
        4
 70
   129
 43
0.0
 10
162.1790064444145
 20
293.0736783123679
 10
162.1790064444145
 20
301.074678630299
 10
163.7453398399882
 20
301.074678630299
 10
163.7453398399882
 20
293.0736783123679
1001
REVIT
1002
{
1070
     1
1000
22425903
1002
}
1002
{
1070
     5
1000
22389725
1002
}
1002
{
1070
     3
1000
22389728
1002
}
  0
LWPOLYLINE
  5
2C2
330
29A
100
AcDbEntity
  8
0
 62
    18
370
     9
100
AcDbPolyline
 90
        4
 70
   129
 43
0.0
 10
177.9693404051992
 20
306.0700121621291
 10
163.9570065150658
 20
306.0700121621291
 10
163.9570065150658
 20
309.0756789482302
 10
177.9693404051992
 20
309.0756789482302
1001
REVIT
1002
{
1070
     1
1000
22425903
1002
}
1002
{
1070
     5
1000
22389725
1002
}
1002
{
1070
     3
1000
22389728
1002
}
  0
LWPOLYLINE
  5
2C3
330
29A
100
AcDbEntity
  8
0
 62
    18
370
     9
100
AcDbPolyline
 90
        4
 70
   129
 43
0.0
 10
163.9570065150658
 20
302.8950120359659
 10
163.9570065150658
 20
305.8583454870515
 10
177.9693404051992
 20
305.8583454870515
 10
177.9693404051992
 20
302.8950120359659
1001
REVIT
1002
{
1070
     1
1000
22425903
1002
}
1002
{
1070
     5
1000
22389725
1002
}
1002
{
1070
     3
1000
22389728
1002
}
  0
LWPOLYLINE
  5
2C4
330
29A
100
AcDbEntity
  8
0
 62
    18
370
     9
100
AcDbPolyline
 90
        4
 70
   129
 43
0.0
 10
163.9570065150658
 20
296.4603451136085
 10
163.9570065150658
 20
299.4660118997097
 10
177.9693404051992
 20
299.4660118997097
 10
177.9693404051992
 20
296.4603451136085
1001
REVIT
1002
{
1070
     1
1000
22425903
1002
}
1002
{
1070
     5
1000
22389725
1002
}
1002
{
1070
     3
1000
22389728
1002
}
  0
LWPOLYLINE
  5
2C5
330
29A
100
AcDbEntity
  8
0
 62
    18
370
     9
100
AcDbPolyline
 90
        4
 70
   129
 43
0.0
 10
163.9570065150658
 20
293.0736783123679
 10
163.9570065150658
 20
296.2910117735465
 10
177.9693404051992
 20
296.2910117735465
 10
177.9693404051992
 20
293.0736783123679
1001
REVIT
1002
{
1070
     1
1000
22425903
1002
}
1002
{
1070
     5
1000
22389725
1002
}
1002
{
1070
     3
1000
22389728
1002
}
  0
LWPOLYLINE
  5
2C6
330
29A
100
AcDbEntity
  8
0
 62
    18
370
     9
100
AcDbPolyline
 90
        4
 70
   129
 43
0.0
 10
179.9590071509281
 20
301.2863453053765
 10
179.9590071509281
 20
309.0756789482302
 10
178.1810070802768
 20
309.0756789482302
 10
178.1810070802768
 20
301.2863453053765
1001
REVIT
1002
{
1070
     1
1000
22425903
1002
}
1002
{
1070
     5
1000
22389725
1002
}
1002
{
1070
     3
1000
22389728
1002
}
  0
LINE
  5
2C7
330
29A
100
AcDbEntity
  8
0
 62
    18
370
     9
100
AcDbLine
 10
95.63100380003453
 20
309.0756789482302
 30
0.0
 11
83.60833665562999
 21
309.0756789482302
 31
0.0
1001
REVIT
1002
{
1070
     1
1000
22425903
1002
}
1002
{
1070
     5
1000
22389725
1002
}
1002
{
1070
     3
1000
22389728
1002
}
  0
LINE
  5
2C8
330
29A
100
AcDbEntity
  8
0
 62
    18
370
     9
100
AcDbLine
 10
83.60833665562999
 20
305.0963454567723
 30
0.0
 11
95.63100380003453
 21
305.0963454567723
 31
0.0
1001
REVIT
1002
{
1070
     1
1000
22425903
1002
}
1002
{
1070
     5
1000
22389725
1002
}
1002
{
1070
     3
1000
22389728
1002
}
  0
LINE
  5
2C9
330
29A
100
AcDbEntity
  8
0
 62
    18
370
     9
100
AcDbLine
 10
83.60833665562999
 20
304.8846787816948
 30
0.0
 11
95.63100380003453
 21
304.8846787816948
 31
0.0
1001
REVIT
1002
{
1070
     1
1000
22425903
1002
}
1002
{
1070
     5
1000
22389725
1002
}
1002
{
1070
     3
1000
22389728
1002
}
  0
LWPOLYLINE
  5
2CA
330
29A
100
AcDbEntity
  8
0
 62
    18
370
     9
100
AcDbPolyline
 90
        4
 70
   129
 43
0.0
 10
180.3823405010832
 20
292.6926782972283
 10
129.5823384824726
 20
292.6926782972283
 10
129.5823384824726
 20
309.4566789633698
 10
180.3823405010832
 20
309.4566789633698
1001
REVIT
1002
{
1070
     1
1000
22425903
1002
}
1002
{
1070
     5
1000
22389725
1002
}
1002
{
1070
     3
1000
22389728
1002
}
  0
LWPOLYLINE
  5
2CB
330
29A
100
AcDbEntity
  8
0
 62
    18
370
     9
100
AcDbPolyline
 90
        8
 70
   129
 43
0.0
 10
407.1620161791641
 20
343.4080136458079
 10
407.1196828441487
 20
343.4503469808234
 10
407.0773495091331
 20
343.4926803158389
 10
407.0350161741177
 20
343.4503469808234
 10
406.9926828391022
 20
343.4080136458079
 10
407.0350161741177
 20
343.3656803107924
 10
407.0773495091331
 20
343.3233469757769
 10
407.1196828441487
 20
343.3656803107924
1001
REVIT
1002
{
1070
     1
1000
22425903
1002
}
1002
{
1070
     5
1000
22389725
1002
}
1002
{
1070
     3
1000
22389728
1002
}
  0
LWPOLYLINE
  5
2CC
330
29A
100
AcDbEntity
  8
0
 62
    18
370
     9
100
AcDbPolyline
 90
        8
 70
   129
 43
0.0
 10
407.1620161791641
 20
307.3823455476098
 10
407.1196828441487
 20
307.4246788826254
 10
407.0773495091331
 20
307.4670122176408
 10
407.0350161741177
 20
307.4246788826254
 10
406.9926828391022
 20
307.3823455476098
 10
407.0350161741177
 20
307.3400122125944
 10
407.0773495091331
 20
307.2976788775788
 10
407.1196828441487
 20
307.3400122125944
1001
REVIT
1002
{
1070
     1
1000
22425903
1002
}
1002
{
1070
     5
1000
22389725
1002
}
1002
{
1070
     3
1000
22389728
1002
}
  0
LWPOLYLINE
  5
2CD
330
29A
100
AcDbEntity
  8
0
 62
    18
370
     9
100
AcDbPolyline
 90
        8
 70
   129
 43
0.0
 10
407.2043495141797
 20
271.3566774494118
 10
407.1620161791641
 20
271.3990107844273
 10
407.1196828441487
 20
271.4413441194428
 10
407.0773495091331
 20
271.3990107844273
 10
407.0350161741177
 20
271.3566774494118
 10
407.0773495091331
 20
271.3143441143963
 10
407.1196828441487
 20
271.2720107793808
 10
407.1620161791641
 20
271.3143441143963
1001
REVIT
1002
{
1070
     1
1000
22425903
1002
}
1002
{
1070
     5
1000
22389725
1002
}
1002
{
1070
     3
1000
22389728
1002
}
  0
LWPOLYLINE
  5
2CE
330
29A
100
AcDbEntity
  8
0
 62
    18
370
     9
100
AcDbPolyline
 90
        8
 70
   129
 43
0.0
 10
182.8376739319828
 20
342.4766802754667
 10
182.7953405969673
 20
342.5190136104822
 10
182.7530072619517
 20
342.5613469454977
 10
182.7106739269362
 20
342.5190136104822
 10
182.6683405919207
 20
342.4766802754667
 10
182.7106739269362
 20
342.4343469404512
 10
182.7530072619517
 20
342.3920136054356
 10
182.7953405969673
 20
342.4343469404512
1001
REVIT
1002
{
1070
     1
1000
22425903
1002
}
1002
{
1070
     5
1000
22389725
1002
}
1002
{
1070
     3
1000
22389728
1002
}
  0
LWPOLYLINE
  5
2CF
330
29A
100
AcDbEntity
  8
0
 62
    18
370
     9
100
AcDbPolyline
 90
        8
 70
   129
 43
0.0
 10
182.8376739319828
 20
306.4933455122841
 10
182.7953405969673
 20
306.5356788472997
 10
182.7530072619517
 20
306.5780121823152
 10
182.7106739269362
 20
306.5356788472997
 10
182.6683405919207
 20
306.4933455122841
 10
182.7106739269362
 20
306.4510121772687
 10
182.7530072619517
 20
306.4086788422532
 10
182.7953405969673
 20
306.4510121772687
1001
REVIT
1002
{
1070
     1
1000
22425903
1002
}
1002
{
1070
     5
1000
22389725
1002
}
1002
{
1070
     3
1000
22389728
1002
}
  0
LINE
  5
2D0
330
29A
100
AcDbEntity
  8
0
 62
   251
370
    15
100
AcDbLine
 10
227.8803423884842
 20
267.2503439529074
 30
0.0
 11
310.5234790057606
 21
320.4887761072705
 31
0.0
1001
REVIT
1002
{
1070
     1
1000
22425903
1002
}
1002
{
1070
     5
1000
22389725
1002
}
1002
{
1070
     3
1000
22389728
1002
}
  0
LINE
  5
2D1
330
29A
100
AcDbEntity
  8
0
 62
    18
370
     9
100
AcDbLine
 10
415.2476831671268
 20
334.7720133026442
 30
0.0
 11
415.2883023919945
 21
336.1124477232769
 31
0.0
1001
REVIT
1002
{
1070
     1
1000
22425903
1002
}
1002
{
1070
     5
1000
22389725
1002
}
1002
{
1070
     3
1000
22389728
1002
}
  0
LINE
  5
2D2
330
29A
100
AcDbEntity
  8
0
 62
    18
370
     9
100
AcDbLine
 10
414.5342262637486
 20
336.8133280712166
 30
0.0
 11
414.6126831418942
 21
336.9310133884352
 31
0.0
1001
REVIT
1002
{
1070
     1
1000
22425903
1002
}
1002
{
1070
     5
1000
22389725
1002
}
1002
{
1070
     3
1000
22389728
1002
}
  0
LINE
  5
2D3
330
29A
100
AcDbEntity
  8
0
 62
    18
370
     9
100
AcDbLine
 10
415.4593498422039
 20
334.8143466376596
 30
0.0
 11
415.4593498422039
 21
336.2113466931714
 31
0.0
1001
REVIT
1002
{
1070
     1
1000
22425903
1002
}
1002
{
1070
     5
1000
22389725
1002
}
1002
{
1070
     3
1000
22389728
1002
}
  0
LINE
  5
2D4
330
29A
100
AcDbEntity
  8
0
 62
    18
370
     9
100
AcDbLine
 10
418.6343499683671
 20
289.6446781761116
 30
0.0
 11
422.4866834547784
 21
289.6446781761116
 31
0.0
1001
REVIT
1002
{
1070
     1
1000
22425903
1002
}
1002
{
1070
     5
1000
22389725
1002
}
1002
{
1070
     3
1000
22389728
1002
}
  0
LINE
  5
2D5
330
29A
100
AcDbEntity
  8
0
 62
    18
370
     9
100
AcDbLine
 10
422.4866834547789
 20
289.2636781609721
 30
0.0
 11
422.4866834547789
 21
313.2666791147658
 31
0.0
1001
REVIT
1002
{
1070
     1
1000
22425903
1002
}
1002
{
1070
     5
1000
22389725
1002
}
1002
{
1070
     3
1000
22389728
1002
}
  0
LINE
  5
2D6
330
29A
100
AcDbEntity
  8
0
 62
    18
370
     9
100
AcDbLine
 10
418.5496832983366
 20
313.2666791147658
 30
0.0
 11
418.6343499683676
 21
289.2636781609721
 31
0.0
1001
REVIT
1002
{
1070
     1
1000
22425903
1002
}
1002
{
1070
     5
1000
22389725
1002
}
1002
{
1070
     3
1000
22389728
1002
}
  0
LINE
  5
2D7
330
29A
100
AcDbEntity
  8
0
 62
    18
370
     9
100
AcDbLine
 10
422.4866834547784
 20
312.885679099626
 30
0.0
 11
418.5496832983361
 21
312.885679099626
 31
0.0
1001
REVIT
1002
{
1070
     1
1000
22425903
1002
}
1002
{
1070
     5
1000
22389725
1002
}
1002
{
1070
     3
1000
22389728
1002
}
  0
LINE
  5
2D8
330
29A
100
AcDbEntity
  8
0
 62
    18
370
     9
100
AcDbLine
 10
57.86966896620054
 20
313.9863458100293
 30
0.0
 11
57.86966896620054
 21
303.149012046059
 31
0.0
1001
REVIT
1002
{
1070
     1
1000
22425903
1002
}
1002
{
1070
     5
1000
22389725
1002
}
1002
{
1070
     3
1000
22389728
1002
}
  0
LINE
  5
2D9
330
29A
100
AcDbEntity
  8
0
 62
    18
370
     9
100
AcDbLine
 10
60.66366907722411
 20
303.149012046059
 30
0.0
 11
60.66366907722411
 21
313.9863458100293
 31
0.0
1001
REVIT
1002
{
1070
     1
1000
22425903
1002
}
1002
{
1070
     5
1000
22389725
1002
}
1002
{
1070
     3
1000
22389728
1002
}
  0
LINE
  5
2DA
330
29A
100
AcDbEntity
  8
0
 62
    18
370
     9
100
AcDbLine
 10
57.86966896620062
 20
303.572345396214
 30
0.0
 11
60.6636690772242
 21
303.572345396214
 31
0.0
1001
REVIT
1002
{
1070
     1
1000
22425903
1002
}
1002
{
1070
     5
1000
22389725
1002
}
1002
{
1070
     3
1000
22389728
1002
}
  0
LINE
  5
2DB
330
29A
100
AcDbEntity
  8
0
 62
    18
370
     9
100
AcDbLine
 10
60.6636690772242
 20
313.5630124598741
 30
0.0
 11
57.86966896620062
 21
313.5630124598741
 31
0.0
1001
REVIT
1002
{
1070
     1
1000
22425903
1002
}
1002
{
1070
     5
1000
22389725
1002
}
1002
{
1070
     3
1000
22389728
1002
}
  0
LWPOLYLINE
  5
2DC
330
29A
100
AcDbEntity
  8
0
 62
    18
370
     9
100
AcDbPolyline
 90
        4
 70
   128
 43
0.0
 10
102.9546707577175
 20
271.0603441043032
 10
102.9546707577175
 20
311.0653456939592
 10
116.967004647851
 20
311.0653456939592
 10
116.967004647851
 20
271.0603441043032
1001
REVIT
1002
{
1070
     1
1000
22425903
1002
}
1002
{
1070
     5
1000
22389725
1002
}
1002
{
1070
     3
1000
22389728
1002
}
  0
LWPOLYLINE
  5
2DD
330
29A
100
AcDbEntity
  8
0
 62
    18
370
     9
100
AcDbPolyline
 90
        4
 70
   128
 43
0.0
 10
102.3620040675004
 20
271.0603441043032
 10
102.3620040675004
 20
311.6580123841762
 10
117.5596713380681
 20
311.6580123841762
 10
117.5596713380681
 20
271.0603441043032
1001
REVIT
1002
{
1070
     1
1000
22425903
1002
}
1002
{
1070
     5
1000
22389725
1002
}
1002
{
1070
     3
1000
22389728
1002
}
  0
SPLINE
  5
2DE
330
29A
100
AcDbEntity
  8
0
 62
    18
370
     9
100
AcDbSpline
210
0.0
220
0.0
230
1.0
 70
     8
 71
     3
 72
     8
 73
     4
 74
     0
 42
0.000000001
 43
0.0000000001
 40
0.0
 40
0.0
 40
0.0
 40
0.0
 40
1.0
 40
1.0
 40
1.0
 40
1.0
 10
415.4593498422039
 20
334.7952883686731
 30
0.0
 10
415.4582336312221
 20
333.9886398991198
 30
0.0
 10
416.1110930321643
 20
333.3338374642461
 30
0.0
 10
416.9177415017177
 20
333.3326799121167
 30
0.0
1001
REVIT
1002
{
1070
     1
1000
22425903
1002
}
1002
{
1070
     5
1000
22389725
1002
}
1002
{
1070
     3
1000
22389728
1002
}
  0
SPLINE
  5
2DF
330
29A
100
AcDbEntity
  8
0
 62
    18
370
     9
100
AcDbSpline
210
0.0
220
0.0
230
1.0
 70
     8
 71
     3
 72
     8
 73
     4
 74
     0
 42
0.000000001
 43
0.0000000001
 40
0.0
 40
0.0
 40
0.0
 40
0.0
 40
1.0
 40
1.0
 40
1.0
 40
1.0
 10
416.9177415017177
 20
333.3326799121167
 30
0.0
 10
417.7243486301235
 20
333.3315016894137
 30
0.0
 10
418.3792337472922
 20
333.9844437726509
 30
0.0
 10
418.380349958274
 20
334.7910509010568
 30
0.0
1001
REVIT
1002
{
1070
     1
1000
22425903
1002
}
1002
{
1070
     5
1000
22389725
1002
}
1002
{
1070
     3
1000
22389728
1002
}
  0
SPLINE
  5
2E0
330
29A
100
AcDbEntity
  8
0
 62
    18
370
     9
100
AcDbSpline
210
0.0
220
0.0
230
1.0
 70
     8
 71
     3
 72
     8
 73
     4
 74
     0
 42
0.000000001
 43
0.0000000001
 40
0.0
 40
0.0
 40
0.0
 40
0.0
 40
1.0
 40
1.0
 40
1.0
 40
1.0
 10
415.2900165021419
 20
334.7884670793396
 30
0.0
 10
415.2926209944329
 20
333.8883669459165
 30
0.0
 10
416.0244006459071
 20
333.1607420797638
 30
0.0
 10
416.9244801087563
 20
333.1633465720547
 30
0.0
1001
REVIT
1002
{
1070
     1
1000
22425903
1002
}
1002
{
1070
     5
1000
22389725
1002
}
1002
{
1070
     3
1000
22389728
1002
}
  0
SPLINE
  5
2E1
330
29A
100
AcDbEntity
  8
0
 62
    18
370
     9
100
AcDbSpline
210
0.0
220
0.0
230
1.0
 70
     8
 71
     3
 72
     8
 73
     4
 74
     0
 42
0.000000001
 43
0.0000000001
 40
0.0
 40
0.0
 40
0.0
 40
0.0
 40
1.0
 40
1.0
 40
1.0
 40
1.0
 10
416.9244801087563
 20
333.1633465720547
 30
0.0
 10
417.824683595048
 20
333.1659510643458
 30
0.0
 10
418.5522464494796
 20
333.8977100452461
 30
0.0
 10
418.5496832983361
 20
334.7978721903904
 30
0.0
1001
REVIT
1002
{
1070
     1
1000
22425903
1002
}
1002
{
1070
     5
1000
22389725
1002
}
1002
{
1070
     3
1000
22389728
1002
}
  0
SPLINE
  5
2E2
330
29A
100
AcDbEntity
  8
0
 62
    18
370
     9
100
AcDbSpline
210
0.0
220
0.0
230
1.0
 70
     8
 71
     3
 72
     8
 73
     4
 74
     0
 42
0.000000001
 43
0.0000000001
 40
0.0
 40
0.0
 40
0.0
 40
0.0
 40
1.0
 40
1.0
 40
1.0
 40
1.0
 10
336.4236748266086
 20
402.0368301031117
 30
0.0
 10
336.6057825812406
 20
403.0996283224269
 30
0.0
 10
336.1830900188714
 20
404.1757797323768
 30
0.0
 10
335.3263154080034
 20
404.830540826103
 30
0.0
1001
REVIT
1002
{
1070
     1
1000
22425903
1002
}
1002
{
1070
     5
1000
22389725
1002
}
1002
{
1070
     3
1000
22389728
1002
}
  0
SPLINE
  5
2E3
330
29A
100
AcDbEntity
  8
0
 62
    18
370
     9
100
AcDbSpline
210
0.0
220
0.0
230
1.0
 70
     8
 71
     3
 72
     8
 73
     4
 74
     0
 42
0.000000001
 43
0.0000000001
 40
0.0
 40
0.0
 40
0.0
 40
0.0
 40
1.0
 40
1.0
 40
1.0
 40
1.0
 10
335.3263154080034
 20
404.830540826103
 30
0.0
 10
334.4695201265616
 20
405.4853432609767
 30
0.0
 10
333.320194885579
 20
405.6106069378292
 30
0.0
 10
332.3424560771959
 20
405.1557716332974
 30
0.0
1001
REVIT
1002
{
1070
     1
1000
22425903
1002
}
1002
{
1070
     5
1000
22389725
1002
}
1002
{
1070
     3
1000
22389728
1002
}
  0
SPLINE
  5
2E4
330
29A
100
AcDbEntity
  8
0
 62
    18
370
     9
100
AcDbSpline
210
0.0
220
0.0
230
1.0
 70
     8
 71
     3
 72
     8
 73
     4
 74
     0
 42
0.000000001
 43
0.0000000001
 40
0.0
 40
0.0
 40
0.0
 40
0.0
 40
1.0
 40
1.0
 40
1.0
 40
1.0
 10
332.3424560771959
 20
405.1557716332974
 30
0.0
 10
331.364696598239
 20
404.7009363287655
 30
0.0
 10
330.720105426792
 20
403.7411602489608
 30
0.0
 10
330.6689250862166
 20
402.6640993337664
 30
0.0
1001
REVIT
1002
{
1070
     1
1000
22425903
1002
}
1002
{
1070
     5
1000
22389725
1002
}
1002
{
1070
     3
1000
22389728
1002
}
  0
SPLINE
  5
2E5
330
29A
100
AcDbEntity
  8
0
 62
    18
370
     9
100
AcDbSpline
210
0.0
220
0.0
230
1.0
 70
     8
 71
     3
 72
     8
 73
     4
 74
     0
 42
0.000000001
 43
0.0000000001
 40
0.0
 40
0.0
 40
0.0
 40
0.0
 40
1.0
 40
1.0
 40
1.0
 40
1.0
 10
336.2318312317458
 20
402.1844179996014
 30
0.0
 10
336.355461933273
 20
403.1482455118588
 30
0.0
 10
335.9493471710417
 20
404.1037634534735
 30
0.0
 10
335.1695911179215
 20
404.683614387973
 30
0.0
1001
REVIT
1002
{
1070
     1
1000
22425903
1002
}
1002
{
1070
     5
1000
22389725
1002
}
1002
{
1070
     3
1000
22389728
1002
}
  0
SPLINE
  5
2E6
330
29A
100
AcDbEntity
  8
0
 62
    18
370
     9
100
AcDbSpline
210
0.0
220
0.0
230
1.0
 70
     8
 71
     3
 72
     8
 73
     4
 74
     0
 42
0.000000001
 43
0.0000000001
 40
0.0
 40
0.0
 40
0.0
 40
0.0
 40
1.0
 40
1.0
 40
1.0
 40
1.0
 10
335.1695911179215
 20
404.683614387973
 30
0.0
 10
334.3898350648014
 20
405.2634239813251
 30
0.0
 10
333.357836000356
 20
405.3773601837692
 30
0.0
 10
332.4704275992081
 20
404.9815186966857
 30
0.0
1001
REVIT
1002
{
1070
     1
1000
22425903
1002
}
1002
{
1070
     5
1000
22389725
1002
}
1002
{
1070
     3
1000
22389728
1002
}
  0
SPLINE
  5
2E7
330
29A
100
AcDbEntity
  8
0
 62
    18
370
     9
100
AcDbSpline
210
0.0
220
0.0
230
1.0
 70
     8
 71
     3
 72
     8
 73
     4
 74
     0
 42
0.000000001
 43
0.0000000001
 40
0.0
 40
0.0
 40
0.0
 40
0.0
 40
1.0
 40
1.0
 40
1.0
 40
1.0
 10
332.4704275992081
 20
404.9815186966857
 30
0.0
 10
331.5829985274865
 20
404.5856772096021
 30
0.0
 10
330.9782395516326
 20
403.7416976838779
 30
0.0
 10
330.8887773084944
 20
402.7741081272002
 30
0.0
1001
REVIT
1002
{
1070
     1
1000
22425903
1002
}
1002
{
1070
     5
1000
22389725
1002
}
1002
{
1070
     3
1000
22389728
1002
}
  0
LWPOLYLINE
  5
2E8
330
29A
100
AcDbEntity
  8
0
 62
    18
370
     9
100
AcDbPolyline
 90
        3
 70
   128
 43
0.0
 10
201.7606746839154
 20
331.8933465215896
 10
47.83666856752489
 20
331.8933465215896
 10
47.83666856752489
 20
331.4700131714344
1001
REVIT
1002
{
1070
     1
1000
22425903
1002
}
1002
{
1070
     5
1000
22389725
1002
}
1002
{
1070
     3
1000
22389728
1002
}
  0
LINE
  5
2E9
330
29A
100
AcDbEntity
  8
0
 62
    18
370
     9
100
AcDbLine
 10
201.7606746839154
 20
331.4700131714344
 30
0.0
 11
201.7606746839154
 21
331.8933465215896
 31
0.0
1001
REVIT
1002
{
1070
     1
1000
22425903
1002
}
1002
{
1070
     5
1000
22389725
1002
}
1002
{
1070
     3
1000
22389728
1002
}
  0
LINE
  5
2EA
330
29A
100
AcDbEntity
  8
0
 62
    18
370
     9
100
AcDbLine
 10
333.6713465922408
 20
398.7798991636701
 30
0.0
 11
333.6713465922408
 21
398.7376825110779
 31
0.0
1001
REVIT
1002
{
1070
     1
1000
22425903
1002
}
1002
{
1070
     5
1000
22389725
1002
}
1002
{
1070
     3
1000
22389728
1002
}
  0
LWPOLYLINE
  5
2EB
330
29A
100
AcDbEntity
  8
0
 62
    18
370
     9
100
AcDbPolyline
 90
        4
 70
   128
 43
0.0
 10
295.3173450681898
 20
380.7036817944712
 10
296.1216784334845
 20
379.1796817339128
 10
297.8996785041358
 20
380.1110151042541
 10
297.0953451388412
 20
381.6350151648125
1001
REVIT
1002
{
1070
     1
1000
22425903
1002
}
1002
{
1070
     5
1000
22389725
1002
}
1002
{
1070
     3
1000
22389728
1002
}
  0
LINE
  5
2EC
330
29A
100
AcDbEntity
  8
0
 62
    18
370
     9
100
AcDbLine
 10
415.4593498422039
 20
336.2113466931714
 30
0.0
 11
414.6126831418937
 21
336.931013388435
 31
0.0
1001
REVIT
1002
{
1070
     1
1000
22425903
1002
}
1002
{
1070
     5
1000
22389725
1002
}
1002
{
1070
     3
1000
22389728
1002
}
  0
LINE
  5
2ED
330
29A
100
AcDbEntity
  8
0
 62
    18
370
     9
100
AcDbLine
 10
418.380349958274
 20
334.772013302644
 30
0.0
 11
418.5496832983361
 21
334.8143466376596
 31
0.0
1001
REVIT
1002
{
1070
     1
1000
22425903
1002
}
1002
{
1070
     5
1000
22389725
1002
}
1002
{
1070
     3
1000
22389728
1002
}
  0
LINE
  5
2EE
330
29A
100
AcDbEntity
  8
0
 62
    18
370
     9
100
AcDbLine
 10
415.2476831671264
 20
334.772013302644
 30
0.0
 11
415.4593498422039
 21
334.8143466376596
 31
0.0
1001
REVIT
1002
{
1070
     1
1000
22425903
1002
}
1002
{
1070
     5
1000
22389725
1002
}
1002
{
1070
     3
1000
22389728
1002
}
  0
LINE
  5
2EF
330
29A
100
AcDbEntity
  8
0
 62
    18
370
     9
100
AcDbLine
 10
327.4358288907033
 20
398.674921385998
 30
0.0
 11
326.9403463247749
 21
399.5420158763727
 31
0.0
1001
REVIT
1002
{
1070
     1
1000
22425903
1002
}
1002
{
1070
     5
1000
22389725
1002
}
1002
{
1070
     3
1000
22389728
1002
}
  0
LINE
  5
2F0
330
29A
100
AcDbEntity
  8
0
 62
    18
370
     9
100
AcDbLine
 10
327.8293463601006
 20
400.0076825615431
 30
0.0
 11
327.8422745214459
 21
399.9830015262475
 31
0.0
1001
REVIT
1002
{
1070
     1
1000
22425903
1002
}
1002
{
1070
     5
1000
22389725
1002
}
1002
{
1070
     3
1000
22389728
1002
}
  0
LINE
  5
2F1
330
29A
100
AcDbEntity
  8
0
 62
    18
370
     9
100
AcDbLine
 10
321.2188921700393
 20
395.4056701794418
 30
0.0
 11
320.7596794125107
 21
396.2823490801785
 31
0.0
1001
REVIT
1002
{
1070
     1
1000
22425903
1002
}
1002
{
1070
     5
1000
22389725
1002
}
1002
{
1070
     3
1000
22389728
1002
}
  0
LINE
  5
2F2
330
29A
100
AcDbEntity
  8
0
 62
    18
370
     9
100
AcDbLine
 10
315.2018632859489
 20
392.2415429214288
 30
0.0
 11
314.7483458403084
 21
393.1073489540153
 31
0.0
1001
REVIT
1002
{
1070
     1
1000
22425903
1002
}
1002
{
1070
     5
1000
22389725
1002
}
1002
{
1070
     3
1000
22389728
1002
}
  0
LINE
  5
2F3
330
29A
100
AcDbEntity
  8
0
 62
    18
370
     9
100
AcDbLine
 10
309.1180122832457
 20
389.0433487925264
 30
0.0
 11
308.6946789330906
 21
389.8900154928366
 31
0.0
1001
REVIT
1002
{
1070
     1
1000
22425903
1002
}
1002
{
1070
     5
1000
22389725
1002
}
1002
{
1070
     3
1000
22389728
1002
}
  0
LINE
  5
2F4
330
29A
100
AcDbEntity
  8
0
 62
    18
370
     9
100
AcDbLine
 10
302.933754926488
 20
385.7902100772295
 30
0.0
 11
302.4716786858108
 21
386.6303486966424
 31
0.0
1001
REVIT
1002
{
1070
     1
1000
22425903
1002
}
1002
{
1070
     5
1000
22389725
1002
}
1002
{
1070
     3
1000
22389728
1002
}
  0
LINE
  5
2F5
330
29A
100
AcDbEntity
  8
0
 62
    18
370
     9
100
AcDbLine
 10
295.860818503676
 20
382.0708210962681
 30
0.0
 11
295.4020117382208
 21
382.9050152152776
 31
0.0
1001
REVIT
1002
{
1070
     1
1000
22425903
1002
}
1002
{
1070
     5
1000
22389725
1002
}
1002
{
1070
     3
1000
22389728
1002
}
  0
LINE
  5
2F6
330
29A
100
AcDbEntity
  8
0
 62
    18
370
     9
100
AcDbLine
 10
289.643705811891
 20
378.8006264472145
 30
0.0
 11
289.2213448259565
 21
379.6453484190835
 31
0.0
1001
REVIT
1002
{
1070
     1
1000
22425903
1002
}
1002
{
1070
     5
1000
22389725
1002
}
1002
{
1070
     3
1000
22389728
1002
}
  0
LINE
  5
2F7
330
29A
100
AcDbEntity
  8
0
 62
    18
370
     9
100
AcDbLine
 10
283.4587562066305
 20
375.5489995312912
 30
0.0
 11
283.0406779136922
 21
376.3433482878738
 31
0.0
1001
REVIT
1002
{
1070
     1
1000
22425903
1002
}
1002
{
1070
     5
1000
22389725
1002
}
1002
{
1070
     3
1000
22389728
1002
}
  0
LINE
  5
2F8
330
29A
100
AcDbEntity
  8
0
 62
    18
370
     9
100
AcDbLine
 10
283.8873446140024
 20
376.8513483080599
 30
0.0
 11
283.9002334692937
 21
376.8279140257122
 31
0.0
1001
REVIT
1002
{
1070
     1
1000
22425903
1002
}
1002
{
1070
     5
1000
22389725
1002
}
1002
{
1070
     3
1000
22389728
1002
}
  0
LINE
  5
2F9
330
29A
100
AcDbEntity
  8
0
 62
    18
370
     9
100
AcDbLine
 10
277.3585863551578
 20
372.340530794313
 30
0.0
 11
276.944677671459
 21
373.1683481617106
 31
0.0
1001
REVIT
1002
{
1070
     1
1000
22425903
1002
}
1002
{
1070
     5
1000
22389725
1002
}
1002
{
1070
     3
1000
22389728
1002
}
  0
LINE
  5
2FA
330
29A
100
AcDbEntity
  8
0
 62
    18
370
     9
100
AcDbLine
 10
270.9726862834563
 20
368.9830311817255
 30
0.0
 11
270.5523440841171
 21
369.7816813604699
 31
0.0
1001
REVIT
1002
{
1070
     1
1000
22425903
1002
}
1002
{
1070
     5
1000
22389725
1002
}
1002
{
1070
     3
1000
22389728
1002
}
  0
LINE
  5
2FB
330
29A
100
AcDbEntity
  8
0
 62
    18
370
     9
100
AcDbLine
 10
264.788119378451
 20
365.7307743717391
 30
0.0
 11
264.3716771718528
 21
366.5220145642757
 31
0.0
1001
REVIT
1002
{
1070
     1
1000
22425903
1002
}
1002
{
1070
     5
1000
22389725
1002
}
1002
{
1070
     3
1000
22389728
1002
}
  0
LINE
  5
2FC
330
29A
100
AcDbEntity
  8
0
 62
    18
370
     9
100
AcDbLine
 10
258.5712286741831
 20
362.4594994438225
 30
0.0
 11
258.148676924573
 21
363.2623477680816
 31
0.0
1001
REVIT
1002
{
1070
     1
1000
22425903
1002
}
1002
{
1070
     5
1000
22389725
1002
}
1002
{
1070
     3
1000
22389728
1002
}
  0
LINE
  5
2FD
330
29A
100
AcDbEntity
  8
0
 62
    18
370
     9
100
AcDbLine
 10
252.3861138919668
 20
359.208283600537
 30
0.0
 11
251.9680100123087
 21
360.0026809718873
 31
0.0
1001
REVIT
1002
{
1070
     1
1000
22425903
1002
}
1002
{
1070
     5
1000
22389725
1002
}
1002
{
1070
     3
1000
22389728
1002
}
  0
LWPOLYLINE
  5
2FE
330
29A
100
AcDbEntity
  8
0
 62
    18
370
     9
100
AcDbPolyline
 90
        3
 70
   128
 43
0.0
 10
332.8670132269465
 20
400.3886825766831
 10
250.6133432918126
 20
357.2510141958795
 10
250.1900099416577
 20
358.0553475611742
1001
REVIT
1002
{
1070
     1
1000
22425903
1002
}
1002
{
1070
     5
1000
22389725
1002
}
1002
{
1070
     3
1000
22389728
1002
}
  0
LINE
  5
2FF
330
29A
100
AcDbEntity
  8
0
 62
    18
370
     9
100
AcDbLine
 10
383.7436361081088
 20
361.5795573166281
 30
0.0
 11
385.2580860316261
 21
360.3596710452472
 31
0.0
1001
REVIT
1002
{
1070
     1
1000
22425903
1002
}
1002
{
1070
     5
1000
22389725
1002
}
1002
{
1070
     3
1000
22389728
1002
}
  0
LINE
  5
300
330
29A
100
AcDbEntity
  8
0
 62
    18
370
     9
100
AcDbLine
 10
414.7396831469407
 20
335.4916799979079
 30
0.0
 11
406.0436375062368
 21
342.4952990344875
 31
0.0
1001
REVIT
1002
{
1070
     1
1000
22425903
1002
}
1002
{
1070
     5
1000
22389725
1002
}
1002
{
1070
     3
1000
22389728
1002
}
  0
LINE
  5
301
330
29A
100
AcDbEntity
  8
0
 62
    18
370
     9
100
AcDbLine
 10
404.4735611836334
 20
343.7598067056981
 30
0.0
 11
374.8853666971359
 21
367.5895392905513
 31
0.0
1001
REVIT
1002
{
1070
     1
1000
22425903
1002
}
1002
{
1070
     5
1000
22389725
1002
}
1002
{
1070
     3
1000
22389728
1002
}
  0
LINE
  5
302
330
29A
100
AcDbEntity
  8
0
 62
    18
370
     9
100
AcDbLine
 10
373.3161023532479
 20
368.8533930105496
 30
0.0
 11
334.4756799575358
 21
400.1346825665899
 31
0.0
1001
REVIT
1002
{
1070
     1
1000
22425903
1002
}
1002
{
1070
     5
1000
22389725
1002
}
1002
{
1070
     3
1000
22389728
1002
}
  0
LWPOLYLINE
  5
303
330
29A
100
AcDbEntity
  8
0
 62
    18
370
     9
100
AcDbPolyline
 90
        4
 70
   128
 43
0.0
 10
373.8836407286079
 20
366.3997506404582
 10
373.8456815219592
 20
366.3526812242139
 10
372.2793481263854
 20
367.6226812746792
 10
373.319066334526
 20
368.8703431244479
1001
REVIT
1002
{
1070
     1
1000
22425903
1002
}
1002
{
1070
     5
1000
22389725
1002
}
1002
{
1070
     3
1000
22389728
1002
}
  0
LINE
  5
304
330
29A
100
AcDbEntity
  8
0
 62
    18
370
     9
100
AcDbLine
 10
342.2650136003896
 20
396.1130157401166
 30
0.0
 11
341.7346917684433
 21
395.460311946952
 31
0.0
1001
REVIT
1002
{
1070
     1
1000
22425903
1002
}
1002
{
1070
     5
1000
22389725
1002
}
1002
{
1070
     3
1000
22389728
1002
}
  0
LWPOLYLINE
  5
305
330
29A
100
AcDbEntity
  8
0
 62
    18
370
     9
100
AcDbPolyline
 90
        4
 70
   128
 43
0.0
 10
333.6713465922411
 20
404.1986827280787
 10
416.6870165576542
 20
337.3120134035748
 10
416.1366832024525
 20
336.5923467083111
 10
413.7283760772293
 20
338.5333334570794
1001
REVIT
1002
{
1070
     1
1000
22425903
1002
}
1002
{
1070
     5
1000
22389725
1002
}
1002
{
1070
     3
1000
22389728
1002
}
  0
LINE
  5
306
330
29A
100
AcDbEntity
  8
0
 62
    18
370
     9
100
AcDbLine
 10
412.9317504975483
 20
339.1753776871097
 30
0.0
 11
408.2874993374458
 21
342.9184343202518
 31
0.0
1001
REVIT
1002
{
1070
     1
1000
22425903
1002
}
1002
{
1070
     5
1000
22389725
1002
}
1002
{
1070
     3
1000
22389728
1002
}
  0
LINE
  5
307
330
29A
100
AcDbEntity
  8
0
 62
    18
370
     9
100
AcDbLine
 10
407.5152561798451
 20
343.5408274195502
 30
0.0
 11
402.8258375851391
 21
347.3202869645649
 31
0.0
1001
REVIT
1002
{
1070
     1
1000
22425903
1002
}
1002
{
1070
     5
1000
22389725
1002
}
1002
{
1070
     3
1000
22389728
1002
}
  0
LINE
  5
308
330
29A
100
AcDbEntity
  8
0
 62
    18
370
     9
100
AcDbLine
 10
402.0546949270201
 20
347.9417931109955
 30
0.0
 11
397.3897573867072
 21
351.7015220320896
 31
0.0
1001
REVIT
1002
{
1070
     1
1000
22425903
1002
}
1002
{
1070
     5
1000
22389725
1002
}
1002
{
1070
     3
1000
22389728
1002
}
  0
LINE
  5
309
330
29A
100
AcDbEntity
  8
0
 62
    18
370
     9
100
AcDbLine
 10
396.5930572503172
 20
352.3436263514593
 30
0.0
 11
391.9294811579676
 21
356.1022580069977
 31
0.0
1001
REVIT
1002
{
1070
     1
1000
22425903
1002
}
1002
{
1070
     5
1000
22389725
1002
}
1002
{
1070
     3
1000
22389728
1002
}
  0
LINE
  5
30A
330
29A
100
AcDbEntity
  8
0
 62
    18
370
     9
100
AcDbLine
 10
391.1329107270601
 20
356.7442577896079
 30
0.0
 11
386.5602830470198
 21
360.4295891333776
 31
0.0
1001
REVIT
1002
{
1070
     1
1000
22425903
1002
}
1002
{
1070
     5
1000
22389725
1002
}
1002
{
1070
     3
1000
22389728
1002
}
  0
LINE
  5
30B
330
29A
100
AcDbEntity
  8
0
 62
    18
370
     9
100
AcDbLine
 10
385.8077088698129
 20
361.0361299230155
 30
0.0
 11
381.1426405810458
 21
364.7959642214572
 31
0.0
1001
REVIT
1002
{
1070
     1
1000
22425903
1002
}
1002
{
1070
     5
1000
22389725
1002
}
1002
{
1070
     3
1000
22389728
1002
}
  0
LINE
  5
30C
330
29A
100
AcDbEntity
  8
0
 62
    18
370
     9
100
AcDbLine
 10
380.3460471175061
 20
365.4379825673286
 30
0.0
 11
375.682210076675
 21
369.1968245355548
 31
0.0
1001
REVIT
1002
{
1070
     1
1000
22425903
1002
}
1002
{
1070
     5
1000
22389725
1002
}
1002
{
1070
     3
1000
22389728
1002
}
  0
LINE
  5
30D
330
29A
100
AcDbEntity
  8
0
 62
    18
370
     9
100
AcDbLine
 10
374.8843853651992
 20
369.8398352116416
 30
0.0
 11
369.4235282154355
 21
374.2410393826523
 31
0.0
1001
REVIT
1002
{
1070
     1
1000
22425903
1002
}
1002
{
1070
     5
1000
22389725
1002
}
1002
{
1070
     3
1000
22389728
1002
}
  0
LINE
  5
30E
330
29A
100
AcDbEntity
  8
0
 62
    18
370
     9
100
AcDbLine
 10
368.671265467815
 20
374.8473291741124
 30
0.0
 11
363.9880817490298
 21
378.6217636907924
 31
0.0
1001
REVIT
1002
{
1070
     1
1000
22425903
1002
}
1002
{
1070
     5
1000
22389725
1002
}
1002
{
1070
     3
1000
22389728
1002
}
  0
LINE
  5
30F
330
29A
100
AcDbEntity
  8
0
 62
    18
370
     9
100
AcDbLine
 10
363.2096037155082
 20
379.2491818184254
 30
0.0
 11
358.6384998074739
 21
382.933285070794
 31
0.0
1001
REVIT
1002
{
1070
     1
1000
22425903
1002
}
1002
{
1070
     5
1000
22389725
1002
}
1002
{
1070
     3
1000
22389728
1002
}
  0
LINE
  5
310
330
29A
100
AcDbEntity
  8
0
 62
    18
370
     9
100
AcDbLine
 10
357.8662566498732
 20
383.5556781700923
 30
0.0
 11
353.176838055167
 21
387.3351377151069
 31
0.0
1001
REVIT
1002
{
1070
     1
1000
22425903
1002
}
1002
{
1070
     5
1000
22389725
1002
}
1002
{
1070
     3
1000
22389728
1002
}
  0
LINE
  5
311
330
29A
100
AcDbEntity
  8
0
 62
    18
370
     9
100
AcDbLine
 10
352.4045948975663
 20
387.9575308144053
 30
0.0
 11
348.5130010143359
 21
391.0939796833332
 31
0.0
1001
REVIT
1002
{
1070
     1
1000
22425903
1002
}
1002
{
1070
     5
1000
22389725
1002
}
1002
{
1070
     3
1000
22389728
1002
}
  0
LINE
  5
312
330
29A
100
AcDbEntity
  8
0
 62
    18
370
     9
100
AcDbLine
 10
347.7151763028603
 20
391.73699035942
 30
0.0
 11
343.0520607649069
 21
395.4952508289202
 31
0.0
1001
REVIT
1002
{
1070
     1
1000
22425903
1002
}
1002
{
1070
     5
1000
22389725
1002
}
1002
{
1070
     3
1000
22389728
1002
}
  0
LINE
  5
313
330
29A
100
AcDbEntity
  8
0
 62
    18
370
     9
100
AcDbLine
 10
342.2788507727484
 20
396.1184231531959
 30
0.0
 11
338.3872819621895
 21
399.2548518146834
 31
0.0
1001
REVIT
1002
{
1070
     1
1000
22425903
1002
}
1002
{
1070
     5
1000
22389725
1002
}
1002
{
1070
     3
1000
22389728
1002
}
  0
LWPOLYLINE
  5
314
330
29A
100
AcDbEntity
  8
0
 62
    18
370
     9
100
AcDbPolyline
 90
        3
 70
   128
 43
0.0
 10
337.5904230882042
 20
399.8970840693841
 10
333.6713465922411
 20
403.0556826826601
 10
327.8768269308456
 20
400.0009159584232
1001
REVIT
1002
{
1070
     1
1000
22425903
1002
}
1002
{
1070
     5
1000
22389725
1002
}
1002
{
1070
     3
1000
22389728
1002
}
  0
LINE
  5
315
330
29A
100
AcDbEntity
  8
0
 62
    18
370
     9
100
AcDbLine
 10
326.988971551059
 20
399.5328545437427
 30
0.0
 11
321.695523192264
 21
396.7422436134453
 31
0.0
1001
REVIT
1002
{
1070
     1
1000
22425903
1002
}
1002
{
1070
     5
1000
22389725
1002
}
1002
{
1070
     3
1000
22389728
1002
}
  0
LINE
  5
316
330
29A
100
AcDbEntity
  8
0
 62
    18
370
     9
100
AcDbLine
 10
320.809505385488
 20
396.275150934262
 30
0.0
 11
315.6793790673737
 21
393.570640451346
 31
0.0
1001
REVIT
1002
{
1070
     1
1000
22425903
1002
}
1002
{
1070
     5
1000
22389725
1002
}
1002
{
1070
     3
1000
22389728
1002
}
  0
LINE
  5
317
330
29A
100
AcDbEntity
  8
0
 62
    18
370
     9
100
AcDbLine
 10
314.794261852099
 20
393.1040225478321
 30
0.0
 11
309.5806227732694
 21
390.3554856369479
 31
0.0
1001
REVIT
1002
{
1070
     1
1000
22425903
1002
}
1002
{
1070
     5
1000
22389725
1002
}
1002
{
1070
     3
1000
22389728
1002
}
  0
LINE
  5
318
330
29A
100
AcDbEntity
  8
0
 62
    18
370
     9
100
AcDbLine
 10
308.9099650113464
 20
390.0019269065974
 30
0.0
 11
303.4033179977949
 21
387.0989214735181
 31
0.0
1001
REVIT
1002
{
1070
     1
1000
22425903
1002
}
1002
{
1070
     5
1000
22389725
1002
}
1002
{
1070
     3
1000
22389728
1002
}
  0
LINE
  5
319
330
29A
100
AcDbEntity
  8
0
 62
    18
370
     9
100
AcDbLine
 10
302.5155043318342
 20
386.6308820496176
 30
0.0
 11
296.3014272651774
 21
383.3549321945273
 31
0.0
1001
REVIT
1002
{
1070
     1
1000
22425903
1002
}
1002
{
1070
     5
1000
22389725
1002
}
1002
{
1070
     3
1000
22389728
1002
}
  0
LINE
  5
31A
330
29A
100
AcDbEntity
  8
0
 62
    18
370
     9
100
AcDbLine
 10
295.4464974066374
 20
382.9042285234665
 30
0.0
 11
290.1201932022729
 21
380.0962965813153
 31
0.0
1001
REVIT
1002
{
1070
     1
1000
22425903
1002
}
1002
{
1070
     5
1000
22389725
1002
}
1002
{
1070
     3
1000
22389728
1002
}
  0
LINE
  5
31B
330
29A
100
AcDbEntity
  8
0
 62
    18
370
     9
100
AcDbLine
 10
289.2324715064854
 20
379.6283056424388
 30
0.0
 11
283.9384221516369
 21
376.8373778778129
 31
0.0
1001
REVIT
1002
{
1070
     1
1000
22425903
1002
}
1002
{
1070
     5
1000
22389725
1002
}
1002
{
1070
     3
1000
22389728
1002
}
  0
LINE
  5
31C
330
29A
100
AcDbEntity
  8
0
 62
    18
370
     9
100
AcDbLine
 10
283.0506084856762
 20
376.3693384539124
 30
0.0
 11
277.8409848986234
 21
373.6229184381944
 31
0.0
1001
REVIT
1002
{
1070
     1
1000
22425903
1002
}
1002
{
1070
     5
1000
22389725
1002
}
1002
{
1070
     3
1000
22389728
1002
}
  0
LINE
  5
31D
330
29A
100
AcDbEntity
  8
0
 62
    18
370
     9
100
AcDbLine
 10
276.9534462937161
 20
373.1550240215424
 30
0.0
 11
271.4419792436542
 21
370.2494775517592
 31
0.0
1001
REVIT
1002
{
1070
     1
1000
22425903
1002
}
1002
{
1070
     5
1000
22389725
1002
}
1002
{
1070
     3
1000
22389728
1002
}
  0
LINE
  5
31E
330
29A
100
AcDbEntity
  8
0
 62
    18
370
     9
100
AcDbLine
 10
270.55421445616
 20
369.7814638957086
 30
0.0
 11
265.2607642989012
 21
366.9908520172934
 31
0.0
1001
REVIT
1002
{
1070
     1
1000
22425903
1002
}
1002
{
1070
     5
1000
22389725
1002
}
1002
{
1070
     3
1000
22389728
1002
}
  0
LINE
  5
31F
330
29A
100
AcDbEntity
  8
0
 62
    18
370
     9
100
AcDbLine
 10
264.3729995114071
 20
366.5228383612428
 30
0.0
 11
259.0796395047362
 21
363.7322740085989
 31
0.0
1001
REVIT
1002
{
1070
     1
1000
22425903
1002
}
1002
{
1070
     5
1000
22389725
1002
}
1002
{
1070
     3
1000
22389728
1002
}
  0
LINE
  5
320
330
29A
100
AcDbEntity
  8
0
 62
    18
370
     9
100
AcDbLine
 10
258.1918258387755
 20
363.2642345846984
 30
0.0
 11
252.8985605646071
 21
360.4737201733288
 31
0.0
1001
REVIT
1002
{
1070
     1
1000
22425903
1002
}
1002
{
1070
     5
1000
22389725
1002
}
1002
{
1070
     3
1000
22389728
1002
}
  0
LWPOLYLINE
  5
321
330
29A
100
AcDbEntity
  8
0
 62
    18
370
     9
100
AcDbPolyline
 90
        5
 70
   128
 43
0.0
 10
252.0106969349727
 20
360.0056544094766
 10
248.7930098861458
 20
358.3093475712672
 10
248.4120098710062
 20
359.1136809365619
 10
333.6713465922411
 20
404.1986827280787
 10
333.6713465922411
 20
401.9513602812993
1001
REVIT
1002
{
1070
     1
1000
22425903
1002
}
1002
{
1070
     5
1000
22389725
1002
}
1002
{
1070
     3
1000
22389728
1002
}
  0
LWPOLYLINE
  5
322
330
29A
100
AcDbEntity
  8
0
 62
    18
370
     9
100
AcDbPolyline
 90
        3
 70
   128
 43
0.0
 10
352.4096358240663
 20
387.9637350316362
 10
352.3826806690962
 20
387.985015417139
 10
351.8607604279749
 20
387.3025043325957
1001
REVIT
1002
{
1070
     1
1000
22425903
1002
}
1002
{
1070
     5
1000
22389725
1002
}
1002
{
1070
     3
1000
22389728
1002
}
  0
LWPOLYLINE
  5
323
330
29A
100
AcDbEntity
  8
0
 62
    18
370
     9
100
AcDbPolyline
 90
        3
 70
   128
 43
0.0
 10
357.870063277068
 20
383.5603632497167
 10
357.8436808860968
 20
383.582348575526
 10
357.3039023746166
 20
382.9180057921657
1001
REVIT
1002
{
1070
     1
1000
22425903
1002
}
1002
{
1070
     5
1000
22389725
1002
}
1002
{
1070
     3
1000
22389728
1002
}
  0
LINE
  5
324
330
29A
100
AcDbEntity
  8
0
 62
    18
370
     9
100
AcDbLine
 10
363.2200144330663
 20
379.2643484039441
 30
0.0
 11
362.6737697794737
 21
378.5920472918298
 31
0.0
1001
REVIT
1002
{
1070
     1
1000
22425903
1002
}
1002
{
1070
     5
1000
22389725
1002
}
1002
{
1070
     3
1000
22389728
1002
}
  0
LINE
  5
325
330
29A
100
AcDbEntity
  8
0
 62
    18
370
     9
100
AcDbLine
 10
368.9083756983482
 20
373.5686643284854
 30
0.0
 11
369.4430146803463
 21
374.2266815370986
 31
0.0
1001
REVIT
1002
{
1070
     1
1000
22425903
1002
}
1002
{
1070
     5
1000
22389725
1002
}
1002
{
1070
     3
1000
22389728
1002
}
  0
LWPOLYLINE
  5
326
330
29A
100
AcDbEntity
  8
0
 62
    18
370
     9
100
AcDbPolyline
 90
        3
 70
   128
 43
0.0
 10
368.6656364700218
 20
374.8404011768284
 10
368.6386813150515
 20
374.8616815623312
 10
368.1108005050586
 20
374.2119821038782
1001
REVIT
1002
{
1070
     1
1000
22425903
1002
}
1002
{
1070
     5
1000
22389725
1002
}
1002
{
1070
     3
1000
22389728
1002
}
  0
LINE
  5
327
330
29A
100
AcDbEntity
  8
0
 62
    18
370
     9
100
AcDbLine
 10
374.9040148973469
 20
369.8663480305011
 30
0.0
 11
374.8734207665369
 21
369.82634032098
 31
0.0
1001
REVIT
1002
{
1070
     1
1000
22425903
1002
}
1002
{
1070
     5
1000
22389725
1002
}
1002
{
1070
     3
1000
22389728
1002
}
  0
LINE
  5
328
330
29A
100
AcDbEntity
  8
0
 62
    18
370
     9
100
AcDbLine
 10
380.3650151143476
 20
365.4636811888881
 30
0.0
 11
379.7788856166457
 21
364.7938189058004
 31
0.0
1001
REVIT
1002
{
1070
     1
1000
22425903
1002
}
1002
{
1070
     5
1000
22389725
1002
}
1002
{
1070
     3
1000
22389728
1002
}
  0
LINE
  5
329
330
29A
100
AcDbEntity
  8
0
 62
    18
370
     9
100
AcDbLine
 10
386.0700934659448
 20
359.7885719888949
 30
0.0
 11
386.5880153616274
 21
360.4260143220427
 31
0.0
1001
REVIT
1002
{
1070
     1
1000
22425903
1002
}
1002
{
1070
     5
1000
22389725
1002
}
1002
{
1070
     3
1000
22389728
1002
}
  0
LWPOLYLINE
  5
32A
330
29A
100
AcDbEntity
  8
0
 62
    18
370
     9
100
AcDbPolyline
 90
        4
 70
   128
 43
0.0
 10
385.810637151303
 20
361.0397339617725
 10
385.7836819963326
 20
361.0610143472753
 10
385.2333486411311
 20
360.3836809870271
 10
385.2603037961014
 20
360.3624006015243
1001
REVIT
1002
{
1070
     1
1000
22425903
1002
}
1002
{
1070
     5
1000
22389725
1002
}
1002
{
1070
     3
1000
22389728
1002
}
  0
LINE
  5
32B
330
29A
100
AcDbEntity
  8
0
 62
    18
370
     9
100
AcDbLine
 10
390.9467683653647
 20
356.4805561105394
 30
0.0
 11
390.6190950077599
 21
356.0772658242566
 31
0.0
1001
REVIT
1002
{
1070
     1
1000
22425903
1002
}
1002
{
1070
     5
1000
22389725
1002
}
1002
{
1070
     3
1000
22389728
1002
}
  0
LWPOLYLINE
  5
32C
330
29A
100
AcDbEntity
  8
0
 62
    18
370
     9
100
AcDbPolyline
 90
        3
 70
   128
 43
0.0
 10
402.0672685205523
 20
347.9582355025376
 10
402.0396826422881
 20
347.980013827483
 10
401.5186484226607
 20
347.2986613864318
1001
REVIT
1002
{
1070
     1
1000
22425903
1002
}
1002
{
1070
     5
1000
22389725
1002
}
1002
{
1070
     3
1000
22389728
1002
}
  0
LWPOLYLINE
  5
32D
330
29A
100
AcDbEntity
  8
0
 62
    18
370
     9
100
AcDbPolyline
 90
        3
 70
   128
 43
0.0
 10
407.52706525026
 20
343.5553616600608
 10
407.5006828592888
 20
343.5773469858701
 10
406.9792750257979
 20
342.8955059728436
1001
REVIT
1002
{
1070
     1
1000
22425903
1002
}
1002
{
1070
     5
1000
22389725
1002
}
1002
{
1070
     3
1000
22389728
1002
}
  0
LINE
  5
32E
330
29A
100
AcDbEntity
  8
0
 62
    18
370
     9
100
AcDbLine
 10
347.7260138173902
 20
391.7526822335192
 30
0.0
 11
347.6954196865782
 21
391.7126745239959
 31
0.0
1001
REVIT
1002
{
1070
     1
1000
22425903
1002
}
1002
{
1070
     5
1000
22389725
1002
}
1002
{
1070
     3
1000
22389728
1002
}
  0
LINE
  5
32F
330
29A
100
AcDbEntity
  8
0
 62
    18
370
     9
100
AcDbLine
 10
420.370016704003
 20
312.885679099626
 30
0.0
 11
420.370016704003
 21
289.6446781761116
 31
0.0
1001
REVIT
1002
{
1070
     1
1000
22425903
1002
}
1002
{
1070
     5
1000
22389725
1002
}
1002
{
1070
     3
1000
22389728
1002
}
  0
LINE
  5
330
330
29A
100
AcDbEntity
  8
0
 62
    18
370
     9
100
AcDbLine
 10
420.7510167191426
 20
312.885679099626
 30
0.0
 11
420.7510167191426
 21
289.6446781761116
 31
0.0
1001
REVIT
1002
{
1070
     1
1000
22425903
1002
}
1002
{
1070
     5
1000
22389725
1002
}
1002
{
1070
     3
1000
22389728
1002
}
  0
LINE
  5
331
330
29A
100
AcDbEntity
  8
0
 62
    18
370
     9
100
AcDbLine
 10
59.05500234663485
 20
313.5630124598741
 30
0.0
 11
59.05500234663485
 21
303.572345396214
 31
0.0
1001
REVIT
1002
{
1070
     1
1000
22425903
1002
}
1002
{
1070
     5
1000
22389725
1002
}
1002
{
1070
     3
1000
22389728
1002
}
  0
LINE
  5
332
330
29A
100
AcDbEntity
  8
0
 62
    18
370
     9
100
AcDbLine
 10
59.47833569678995
 20
313.5630124598741
 30
0.0
 11
59.47833569678995
 21
303.572345396214
 31
0.0
1001
REVIT
1002
{
1070
     1
1000
22425903
1002
}
1002
{
1070
     5
1000
22389725
1002
}
1002
{
1070
     3
1000
22389728
1002
}
  0
LWPOLYLINE
  5
333
330
29A
100
AcDbEntity
  8
0
 62
    18
370
     9
100
AcDbPolyline
 90
        3
 70
   128
 43
0.0
 10
96.68933717542222
 20
245.8720097700755
 10
96.68933717542222
 20
245.8296764350599
 10
102.6884525899574
 20
245.8296764350599
1001
REVIT
1002
{
1070
     1
1000
22425903
1002
}
1002
{
1070
     5
1000
22389725
1002
}
1002
{
1070
     3
1000
22389728
1002
}
  0
LINE
  5
334
330
29A
100
AcDbEntity
  8
0
 62
    18
370
     9
100
AcDbLine
 10
102.7006707476245
 20
252.6876767075725
 30
0.0
 11
102.7006707476245
 21
266.6576772626904
 31
0.0
1001
REVIT
1002
{
1070
     1
1000
22425903
1002
}
1002
{
1070
     5
1000
22389725
1002
}
1002
{
1070
     3
1000
22389728
1002
}
  0
LINE
  5
335
330
29A
100
AcDbEntity
  8
0
 62
    18
370
     9
100
AcDbLine
 10
60.66366907722422
 20
320.040012717247
 30
0.0
 11
189.3146741893556
 21
320.040012717247
 31
0.0
1001
REVIT
1002
{
1070
     1
1000
22425903
1002
}
1002
{
1070
     5
1000
22389725
1002
}
1002
{
1070
     3
1000
22389728
1002
}
  0
LINE
  5
336
330
29A
100
AcDbEntity
  8
0
 62
    18
370
     9
100
AcDbLine
 10
310.472679003742
 20
320.4633460674021
 30
0.0
 11
310.5234790057606
 21
320.4633460674021
 31
0.0
1001
REVIT
1002
{
1070
     1
1000
22425903
1002
}
1002
{
1070
     5
1000
22389725
1002
}
1002
{
1070
     3
1000
22389728
1002
}
  0
LINE
  5
337
330
29A
100
AcDbEntity
  8
0
 62
    18
370
     9
100
AcDbLine
 10
401.7010159621639
 20
341.1220135549705
 30
0.0
 11
372.8720148166025
 21
364.363014478485
 31
0.0
1001
REVIT
1002
{
1070
     1
1000
22425903
1002
}
1002
{
1070
     5
1000
22389725
1002
}
1002
{
1070
     3
1000
22389728
1002
}
  0
LWPOLYLINE
  5
338
330
29A
100
AcDbEntity
  8
0
 62
    18
370
     9
100
AcDbPolyline
 90
        3
 70
   128
 43
0.0
 10
372.87423032697
 20
364.3613878723271
 10
371.6866814361683
 20
362.7120144128801
 10
371.659764698345
 20
362.7349434858406
1001
REVIT
1002
{
1070
     1
1000
22425903
1002
}
1002
{
1070
     5
1000
22389725
1002
}
1002
{
1070
     3
1000
22389728
1002
}
  0
LINE
  5
339
330
29A
100
AcDbEntity
  8
0
 62
    18
370
     9
100
AcDbLine
 10
341.757013580203
 20
328.3373463802868
 30
0.0
 11
341.757013580203
 21
366.9453479144312
 31
0.0
1001
REVIT
1002
{
1070
     1
1000
22425903
1002
}
1002
{
1070
     5
1000
22389725
1002
}
1002
{
1070
     3
1000
22389728
1002
}
  0
LINE
  5
33A
330
29A
100
AcDbEntity
  8
0
 62
    18
370
     9
100
AcDbLine
 10
342.1803469303581
 20
328.3373463802868
 30
0.0
 11
342.1803469303581
 21
366.9453479144312
 31
0.0
1001
REVIT
1002
{
1070
     1
1000
22425903
1002
}
1002
{
1070
     5
1000
22389725
1002
}
1002
{
1070
     3
1000
22389728
1002
}
  0
LINE
  5
33B
330
29A
100
AcDbEntity
  8
0
 62
    18
370
     9
100
AcDbLine
 10
402.0820159773036
 20
341.5876802401412
 30
0.0
 11
369.8663480305013
 21
367.5380146046482
 31
0.0
1001
REVIT
1002
{
1070
     1
1000
22425903
1002
}
1002
{
1070
     5
1000
22389725
1002
}
1002
{
1070
     3
1000
22389728
1002
}
  0
LWPOLYLINE
  5
33C
330
29A
100
AcDbEntity
  8
0
 62
    18
370
     9
100
AcDbPolyline
 90
        3
 70
   128
 43
0.0
 10
264.3293438368376
 20
337.8200134237608
 10
265.7263438923493
 20
337.8200134237608
 10
265.7263438923493
 20
338.0316800988384
1001
REVIT
1002
{
1070
     1
1000
22425903
1002
}
1002
{
1070
     5
1000
22389725
1002
}
1002
{
1070
     3
1000
22389728
1002
}
  0
LINE
  5
33D
330
29A
100
AcDbEntity
  8
0
 62
    18
370
     9
100
AcDbLine
 10
236.8973427467876
 20
311.8696790592538
 30
0.0
 11
236.8973427467876
 21
329.1840130805969
 31
0.0
1001
REVIT
1002
{
1070
     1
1000
22425903
1002
}
1002
{
1070
     5
1000
22389725
1002
}
1002
{
1070
     3
1000
22389728
1002
}
  0
LINE
  5
33E
330
29A
100
AcDbEntity
  8
0
 62
    18
370
     9
100
AcDbLine
 10
236.3046760565705
 20
311.8696790592538
 30
0.0
 11
236.3046760565705
 21
328.9723464055194
 31
0.0
1001
REVIT
1002
{
1070
     1
1000
22425903
1002
}
1002
{
1070
     5
1000
22389725
1002
}
1002
{
1070
     3
1000
22389728
1002
}
  0
LINE
  5
33F
330
29A
100
AcDbEntity
  8
0
 62
    18
370
     9
100
AcDbLine
 10
189.3146741893558
 20
308.2713455829356
 30
0.0
 11
189.3146741893558
 21
271.0603441043032
 31
0.0
1001
REVIT
1002
{
1070
     1
1000
22425903
1002
}
1002
{
1070
     5
1000
22389725
1002
}
1002
{
1070
     3
1000
22389728
1002
}
  0
LWPOLYLINE
  5
340
330
29A
100
AcDbEntity
  8
0
 62
    18
370
     9
100
AcDbPolyline
 90
        4
 70
   128
 43
0.0
 10
341.7570135802035
 20
328.3373463802869
 10
341.7570135802035
 20
364.3206811434694
 10
342.1803469303585
 20
364.3206811434694
 10
342.1803469303585
 20
328.3373463802869
1001
REVIT
1002
{
1070
     1
1000
22425903
1002
}
1002
{
1070
     5
1000
22389725
1002
}
1002
{
1070
     3
1000
22389728
1002
}
  0
LINE
  5
341
330
29A
100
AcDbEntity
  8
0
 62
    18
370
     9
100
AcDbLine
 10
263.3133437964651
 20
363.5163477781746
 30
0.0
 11
263.3133437964651
 21
363.8973477933142
 31
0.0
1001
REVIT
1002
{
1070
     1
1000
22425903
1002
}
1002
{
1070
     5
1000
22389725
1002
}
1002
{
1070
     3
1000
22389728
1002
}
  0
LINE
  5
342
330
29A
100
AcDbEntity
  8
0
 62
    18
370
     9
100
AcDbLine
 10
264.4986771768994
 20
363.5163477781746
 30
0.0
 11
264.4986771768994
 21
364.5323478185468
 31
0.0
1001
REVIT
1002
{
1070
     1
1000
22425903
1002
}
1002
{
1070
     5
1000
22389725
1002
}
1002
{
1070
     3
1000
22389728
1002
}
  0
LINE
  5
343
330
29A
100
AcDbEntity
  8
0
 62
    18
370
     9
100
AcDbLine
 10
332.8670132269465
 20
400.3880676530949
 30
0.0
 11
332.8670132269465
 21
398.7800158460937
 31
0.0
1001
REVIT
1002
{
1070
     1
1000
22425903
1002
}
1002
{
1070
     5
1000
22389725
1002
}
1002
{
1070
     3
1000
22389728
1002
}
  0
LWPOLYLINE
  5
344
330
29A
100
AcDbEntity
  8
0
 62
    18
370
     9
100
AcDbPolyline
 90
        4
 70
   128
 43
0.0
 10
404.452682738172
 20
343.746680325932
 10
403.4790160328155
 20
342.5190136104823
 10
405.0030160933737
 20
341.249013560017
 10
405.0452007483205
 20
341.2999866847444
1001
REVIT
1002
{
1070
     1
1000
22425903
1002
}
1002
{
1070
     5
1000
22389725
1002
}
1002
{
1070
     3
1000
22389728
1002
}
  0
LINE
  5
345
330
29A
100
AcDbEntity
  8
0
 62
    18
370
     9
100
AcDbLine
 10
262.8900104463103
 20
311.8696790592538
 30
0.0
 11
262.8900104463103
 21
334.2216799474427
 31
0.0
1001
REVIT
1002
{
1070
     1
1000
22425903
1002
}
1002
{
1070
     5
1000
22389725
1002
}
1002
{
1070
     3
1000
22389728
1002
}
  0
LINE
  5
346
330
29A
100
AcDbEntity
  8
0
 62
    18
370
     9
100
AcDbLine
 10
208.7033416264588
 20
313.8593458049828
 30
0.0
 11
208.7033416264588
 21
320.0400127172471
 31
0.0
1001
REVIT
1002
{
1070
     1
1000
22425903
1002
}
1002
{
1070
     5
1000
22389725
1002
}
1002
{
1070
     3
1000
22389728
1002
}
  0
LINE
  5
347
330
29A
100
AcDbEntity
  8
0
 62
    18
370
     9
100
AcDbLine
 10
235.7555920780187
 20
330.5637513771336
 30
0.0
 11
244.3571293081854
 21
333.3336511637527
 31
0.0
1001
REVIT
1002
{
1070
     1
1000
22425903
1002
}
1002
{
1070
     5
1000
22389725
1002
}
1002
{
1070
     3
1000
22389728
1002
}
  0
LINE
  5
348
330
29A
100
AcDbEntity
  8
0
 62
    18
370
     9
100
AcDbLine
 10
245.2788576232303
 20
333.6304696271094
 30
0.0
 11
253.8684807310286
 21
336.3965327826563
 31
0.0
1001
REVIT
1002
{
1070
     1
1000
22425903
1002
}
1002
{
1070
     5
1000
22389725
1002
}
1002
{
1070
     3
1000
22389728
1002
}
  0
LINE
  5
349
330
29A
100
AcDbEntity
  8
0
 62
    18
370
     9
100
AcDbLine
 10
210.6930083721876
 20
311.8696790592538
 30
0.0
 11
210.6930083721876
 21
320.6750127424796
 31
0.0
1001
REVIT
1002
{
1070
     1
1000
22425903
1002
}
1002
{
1070
     5
1000
22389725
1002
}
1002
{
1070
     3
1000
22389728
1002
}
  0
LINE
  5
34A
330
29A
100
AcDbEntity
  8
0
 62
    18
370
     9
100
AcDbLine
 10
232.7063425802522
 20
311.8696790592538
 30
0.0
 11
232.7063425802522
 21
327.7870130250851
 31
0.0
1001
REVIT
1002
{
1070
     1
1000
22425903
1002
}
1002
{
1070
     5
1000
22389725
1002
}
1002
{
1070
     3
1000
22389728
1002
}
  0
LWPOLYLINE
  5
34B
330
29A
100
AcDbEntity
  8
0
 62
    18
370
     9
100
AcDbPolyline
 90
        3
 70
   128
 43
0.0
 10
230.6745763853368
 20
311.8696790592538
 10
230.7590091695391
 20
327.1520129998525
 10
208.7033416264588
 20
320.0400127172471
1001
REVIT
1002
{
1070
     1
1000
22425903
1002
}
1002
{
1070
     5
1000
22389725
1002
}
1002
{
1070
     3
1000
22389728
1002
}
  0
LWPOLYLINE
  5
34C
330
29A
100
AcDbEntity
  8
0
 62
    18
370
     9
100
AcDbPolyline
 90
        3
 70
   128
 43
0.0
 10
212.6826751179165
 20
321.3100127677122
 10
212.6826751179165
 20
316.4416792409288
 10
210.6930083721876
 20
316.4416792409288
1001
REVIT
1002
{
1070
     1
1000
22425903
1002
}
1002
{
1070
     5
1000
22389725
1002
}
1002
{
1070
     3
1000
22389728
1002
}
  0
LINE
  5
34D
330
29A
100
AcDbEntity
  8
0
 62
    18
370
     9
100
AcDbLine
 10
244.3480097095174
 20
333.3326799121169
 30
0.0
 11
244.559676384595
 21
332.6976798868843
 31
0.0
1001
REVIT
1002
{
1070
     1
1000
22425903
1002
}
1002
{
1070
     5
1000
22389725
1002
}
1002
{
1070
     3
1000
22389728
1002
}
  0
LWPOLYLINE
  5
34E
330
29A
100
AcDbEntity
  8
0
 62
    18
370
     9
100
AcDbPolyline
 90
        3
 70
   128
 43
0.0
 10
230.7590091695388
 20
327.1520129998525
 10
252.6876767075724
 20
334.264013282458
 10
261.3660103857517
 20
337.1003467284971
1001
REVIT
1002
{
1070
     1
1000
22425903
1002
}
1002
{
1070
     5
1000
22389725
1002
}
1002
{
1070
     3
1000
22389728
1002
}
  0
LWPOLYLINE
  5
34F
330
29A
100
AcDbEntity
  8
0
 62
    18
370
     9
100
AcDbPolyline
 90
        3
 70
   128
 43
0.0
 10
62.23000247279795
 20
245.8720097700755
 10
62.23000247279795
 20
245.8296764350599
 10
57.86966896620054
 20
245.8296764350599
1001
REVIT
1002
{
1070
     1
1000
22425903
1002
}
1002
{
1070
     5
1000
22389725
1002
}
1002
{
1070
     3
1000
22389728
1002
}
  0
LINE
  5
350
330
29A
100
AcDbEntity
  8
0
 62
    28
370
    15
100
AcDbLine
 10
262.9323437813255
 20
267.2503439529074
 30
0.0
 11
262.8900104463101
 21
289.8140115161737
 31
0.0
1001
REVIT
1002
{
1070
     1
1000
22425903
1002
}
1002
{
1070
     5
1000
22389725
1002
}
1002
{
1070
     3
1000
22389728
1002
}
  0
LWPOLYLINE
  5
351
330
29A
100
AcDbEntity
  8
0
 62
    28
370
    15
100
AcDbPolyline
 90
        3
 70
   128
 43
0.0
 10
264.9220105270544
 20
362.9236810879575
 10
333.6713465922408
 20
398.7376825110779
 10
416.5600165526071
 20
331.9780131916205
1001
REVIT
1002
{
1070
     1
1000
22425903
1002
}
1002
{
1070
     5
1000
22389725
1002
}
1002
{
1070
     3
1000
22389728
1002
}
  0
LINE
  5
352
330
29A
100
AcDbEntity
  8
0
 62
    28
370
    15
100
AcDbLine
 10
376.9360149780909
 20
369.3583480103148
 30
0.0
 11
376.9360149780909
 21
370.3320147156715
 31
0.0
1001
REVIT
1002
{
1070
     1
1000
22425903
1002
}
1002
{
1070
     5
1000
22389725
1002
}
1002
{
1070
     3
1000
22389728
1002
}
  0
LINE
  5
353
330
29A
100
AcDbEntity
  8
0
 62
    28
370
    15
100
AcDbLine
 10
378.5446817086803
 20
368.046014624834
 30
0.0
 11
378.5446817086803
 21
370.3320147156715
 31
0.0
1001
REVIT
1002
{
1070
     1
1000
22425903
1002
}
1002
{
1070
     5
1000
22389725
1002
}
1002
{
1070
     3
1000
22389728
1002
}
  0
LINE
  5
354
330
29A
100
AcDbEntity
  8
0
 62
    28
370
    15
100
AcDbLine
 10
380.1110151042541
 20
366.7760145743689
 30
0.0
 11
380.1110151042541
 21
370.3320147156715
 31
0.0
1001
REVIT
1002
{
1070
     1
1000
22425903
1002
}
1002
{
1070
     5
1000
22389725
1002
}
1002
{
1070
     3
1000
22389728
1002
}
  0
LINE
  5
355
330
29A
100
AcDbEntity
  8
0
 62
    28
370
    15
100
AcDbLine
 10
381.7196818348434
 20
365.463681188888
 30
0.0
 11
381.7196818348434
 21
370.3320147156715
 31
0.0
1001
REVIT
1002
{
1070
     1
1000
22425903
1002
}
1002
{
1070
     5
1000
22389725
1002
}
1002
{
1070
     3
1000
22389728
1002
}
  0
LINE
  5
356
330
29A
100
AcDbEntity
  8
0
 62
    28
370
    15
100
AcDbLine
 10
383.3283485654328
 20
364.1936811384227
 30
0.0
 11
383.3283485654328
 21
370.3320147156715
 31
0.0
1001
REVIT
1002
{
1070
     1
1000
22425903
1002
}
1002
{
1070
     5
1000
22389725
1002
}
1002
{
1070
     3
1000
22389728
1002
}
  0
LINE
  5
357
330
29A
100
AcDbEntity
  8
0
 62
    28
370
    15
100
AcDbLine
 10
384.9370152960221
 20
362.881347752942
 30
0.0
 11
384.9370152960221
 21
370.3320147156715
 31
0.0
1001
REVIT
1002
{
1070
     1
1000
22425903
1002
}
1002
{
1070
     5
1000
22389725
1002
}
1002
{
1070
     3
1000
22389728
1002
}
  0
LINE
  5
358
330
29A
100
AcDbEntity
  8
0
 62
    28
370
    15
100
AcDbLine
 10
386.5456820266114
 20
361.6113477024767
 30
0.0
 11
386.5456820266114
 21
370.3320147156715
 31
0.0
1001
REVIT
1002
{
1070
     1
1000
22425903
1002
}
1002
{
1070
     5
1000
22389725
1002
}
1002
{
1070
     3
1000
22389728
1002
}
  0
LINE
  5
359
330
29A
100
AcDbEntity
  8
0
 62
    28
370
    15
100
AcDbLine
 10
388.1120154221853
 20
361.3996810273992
 30
0.0
 11
388.1120154221853
 21
370.3320147156715
 31
0.0
1001
REVIT
1002
{
1070
     1
1000
22425903
1002
}
1002
{
1070
     5
1000
22389725
1002
}
1002
{
1070
     3
1000
22389728
1002
}
  0
LINE
  5
35A
330
29A
100
AcDbEntity
  8
0
 62
    28
370
    15
100
AcDbLine
 10
389.7206821527746
 20
361.3996810273992
 30
0.0
 11
389.7206821527746
 21
370.3320147156715
 31
0.0
1001
REVIT
1002
{
1070
     1
1000
22425903
1002
}
1002
{
1070
     5
1000
22389725
1002
}
1002
{
1070
     3
1000
22389728
1002
}
  0
LINE
  5
35B
330
29A
100
AcDbEntity
  8
0
 62
    28
370
    15
100
AcDbLine
 10
391.3293488833639
 20
361.3996810273992
 30
0.0
 11
391.3293488833639
 21
370.3320147156715
 31
0.0
1001
REVIT
1002
{
1070
     1
1000
22425903
1002
}
1002
{
1070
     5
1000
22389725
1002
}
1002
{
1070
     3
1000
22389728
1002
}
  0
LINE
  5
35C
330
29A
100
AcDbEntity
  8
0
 62
    28
370
    15
100
AcDbLine
 10
392.9380156139532
 20
361.3996810273992
 30
0.0
 11
392.9380156139532
 21
370.3320147156715
 31
0.0
1001
REVIT
1002
{
1070
     1
1000
22425903
1002
}
1002
{
1070
     5
1000
22389725
1002
}
1002
{
1070
     3
1000
22389728
1002
}
  0
LINE
  5
35D
330
29A
100
AcDbEntity
  8
0
 62
    28
370
    15
100
AcDbLine
 10
394.5466823445426
 20
361.3996810273992
 30
0.0
 11
394.5466823445426
 21
370.3320147156715
 31
0.0
1001
REVIT
1002
{
1070
     1
1000
22425903
1002
}
1002
{
1070
     5
1000
22389725
1002
}
1002
{
1070
     3
1000
22389728
1002
}
  0
LINE
  5
35E
330
29A
100
AcDbEntity
  8
0
 62
    28
370
    15
100
AcDbLine
 10
396.1130157401164
 20
361.3996810273992
 30
0.0
 11
396.1130157401164
 21
370.3320147156715
 31
0.0
1001
REVIT
1002
{
1070
     1
1000
22425903
1002
}
1002
{
1070
     5
1000
22389725
1002
}
1002
{
1070
     3
1000
22389728
1002
}
  0
LINE
  5
35F
330
29A
100
AcDbEntity
  8
0
 62
    28
370
    15
100
AcDbLine
 10
397.7216824707057
 20
361.3996810273992
 30
0.0
 11
397.7216824707057
 21
370.3320147156715
 31
0.0
1001
REVIT
1002
{
1070
     1
1000
22425903
1002
}
1002
{
1070
     5
1000
22389725
1002
}
1002
{
1070
     3
1000
22389728
1002
}
  0
LINE
  5
360
330
29A
100
AcDbEntity
  8
0
 62
    28
370
    15
100
AcDbLine
 10
399.3303492012951
 20
361.3996810273992
 30
0.0
 11
399.3303492012951
 21
370.3320147156715
 31
0.0
1001
REVIT
1002
{
1070
     1
1000
22425903
1002
}
1002
{
1070
     5
1000
22389725
1002
}
1002
{
1070
     3
1000
22389728
1002
}
  0
LINE
  5
361
330
29A
100
AcDbEntity
  8
0
 62
    28
370
    15
100
AcDbLine
 10
400.9390159318844
 20
361.3996810273992
 30
0.0
 11
400.9390159318844
 21
370.3320147156715
 31
0.0
1001
REVIT
1002
{
1070
     1
1000
22425903
1002
}
1002
{
1070
     5
1000
22389725
1002
}
1002
{
1070
     3
1000
22389728
1002
}
  0
LINE
  5
362
330
29A
100
AcDbEntity
  8
0
 62
    28
370
    15
100
AcDbLine
 10
402.5476826624737
 20
361.3996810273992
 30
0.0
 11
402.5476826624737
 21
370.3320147156715
 31
0.0
1001
REVIT
1002
{
1070
     1
1000
22425903
1002
}
1002
{
1070
     5
1000
22389725
1002
}
1002
{
1070
     3
1000
22389728
1002
}
  0
LINE
  5
363
330
29A
100
AcDbEntity
  8
0
 62
    28
370
    15
100
AcDbLine
 10
404.1140160580475
 20
361.3996810273992
 30
0.0
 11
404.1140160580475
 21
370.3320147156715
 31
0.0
1001
REVIT
1002
{
1070
     1
1000
22425903
1002
}
1002
{
1070
     5
1000
22389725
1002
}
1002
{
1070
     3
1000
22389728
1002
}
  0
LINE
  5
364
330
29A
100
AcDbEntity
  8
0
 62
    28
370
    15
100
AcDbLine
 10
197.4003411773179
 20
264.6680105169614
 30
0.0
 11
197.4003411773179
 21
266.6576772626904
 31
0.0
1001
REVIT
1002
{
1070
     1
1000
22425903
1002
}
1002
{
1070
     5
1000
22389725
1002
}
1002
{
1070
     3
1000
22389728
1002
}
  0
LINE
  5
365
330
29A
100
AcDbEntity
  8
0
 62
    28
370
    15
100
AcDbLine
 10
345.8210137416919
 20
307.6786788927184
 30
0.0
 11
345.8210137416919
 21
267.2503439529074
 31
0.0
1001
REVIT
1002
{
1070
     1
1000
22425903
1002
}
1002
{
1070
     5
1000
22389725
1002
}
1002
{
1070
     3
1000
22389728
1002
}
  0
LINE
  5
366
330
29A
100
AcDbEntity
  8
0
 62
    28
370
    15
100
AcDbLine
 10
348.6150138527154
 20
307.6786788927184
 30
0.0
 11
348.6150138527154
 21
267.2503439529074
 31
0.0
1001
REVIT
1002
{
1070
     1
1000
22425903
1002
}
1002
{
1070
     5
1000
22389725
1002
}
1002
{
1070
     3
1000
22389728
1002
}
  0
LINE
  5
367
330
29A
100
AcDbEntity
  8
0
 62
    28
370
    15
100
AcDbLine
 10
374.8193482273155
 20
320.4633460674021
 30
0.0
 11
374.8193482273155
 21
267.2503439529074
 31
0.0
1001
REVIT
1002
{
1070
     1
1000
22425903
1002
}
1002
{
1070
     5
1000
22389725
1002
}
1002
{
1070
     3
1000
22389728
1002
}
  0
LINE
  5
368
330
29A
100
AcDbEntity
  8
0
 62
    28
370
    15
100
AcDbLine
 10
392.4300155937671
 20
320.4633460674021
 30
0.0
 11
392.4300155937671
 21
267.2503439529074
 31
0.0
1001
REVIT
1002
{
1070
     1
1000
22425903
1002
}
1002
{
1070
     5
1000
22389725
1002
}
1002
{
1070
     3
1000
22389728
1002
}
  0
LWPOLYLINE
  5
369
330
29A
100
AcDbEntity
  8
0
 62
    28
370
    15
100
AcDbPolyline
 90
        3
 70
   128
 43
0.0
 10
375.6660149276256
 20
370.3320147156715
 10
405.6803494536215
 20
370.3320147156715
 10
405.6803494536215
 20
359.4100142816702
1001
REVIT
1002
{
1070
     1
1000
22425903
1002
}
1002
{
1070
     5
1000
22389725
1002
}
1002
{
1070
     3
1000
22389728
1002
}
  0
LINE
  5
36A
330
29A
100
AcDbEntity
  8
0
 62
    28
370
    15
100
AcDbLine
 10
401.7010159621635
 20
349.3770138829946
 30
0.0
 11
401.7010159621635
 21
359.4100142816702
 31
0.0
1001
REVIT
1002
{
1070
     1
1000
22425903
1002
}
1002
{
1070
     5
1000
22389725
1002
}
1002
{
1070
     3
1000
22389728
1002
}
  0
LINE
  5
36B
330
29A
100
AcDbEntity
  8
0
 62
    28
370
    15
100
AcDbLine
 10
405.6803494536215
 20
361.3996810273992
 30
0.0
 11
386.7996820367045
 21
361.3996810273992
 31
0.0
1001
REVIT
1002
{
1070
     1
1000
22425903
1002
}
1002
{
1070
     5
1000
22389725
1002
}
1002
{
1070
     3
1000
22389728
1002
}
  0
LINE
  5
36C
330
29A
100
AcDbEntity
  8
0
 62
    28
370
    15
100
AcDbLine
 10
405.6803494536215
 20
360.3836809870269
 30
0.0
 11
388.0273487521542
 21
360.3836809870269
 31
0.0
1001
REVIT
1002
{
1070
     1
1000
22425903
1002
}
1002
{
1070
     5
1000
22389725
1002
}
1002
{
1070
     3
1000
22389728
1002
}
  0
LWPOLYLINE
  5
36D
330
29A
100
AcDbEntity
  8
0
 62
    28
370
    15
100
AcDbPolyline
 90
        4
 70
   128
 43
0.0
 10
403.6906827078925
 20
360.3836809870269
 10
403.6906827078925
 20
359.4100142816702
 10
405.6803494536215
 20
359.4100142816702
 10
389.255015467604
 20
359.4100142816702
1001
REVIT
1002
{
1070
     1
1000
22425903
1002
}
1002
{
1070
     5
1000
22389725
1002
}
1002
{
1070
     3
1000
22389728
1002
}
  0
LINE
  5
36E
330
29A
100
AcDbEntity
  8
0
 62
    28
370
    15
100
AcDbLine
 10
402.6746826675203
 20
360.3836809870269
 30
0.0
 11
402.6746826675203
 21
359.4100142816702
 31
0.0
1001
REVIT
1002
{
1070
     1
1000
22425903
1002
}
1002
{
1070
     5
1000
22389725
1002
}
1002
{
1070
     3
1000
22389728
1002
}
  0
LINE
  5
36F
330
29A
100
AcDbEntity
  8
0
 62
    28
370
    15
100
AcDbLine
 10
400.6850159217913
 20
359.4100142816702
 30
0.0
 11
400.6850159217913
 21
360.3836809870269
 31
0.0
1001
REVIT
1002
{
1070
     1
1000
22425903
1002
}
1002
{
1070
     5
1000
22389725
1002
}
1002
{
1070
     3
1000
22389728
1002
}
  0
LINE
  5
370
330
29A
100
AcDbEntity
  8
0
 62
    28
370
    15
100
AcDbLine
 10
399.7113492164347
 20
360.3836809870269
 30
0.0
 11
399.7113492164347
 21
359.4100142816702
 31
0.0
1001
REVIT
1002
{
1070
     1
1000
22425903
1002
}
1002
{
1070
     5
1000
22389725
1002
}
1002
{
1070
     3
1000
22389728
1002
}
  0
LINE
  5
371
330
29A
100
AcDbEntity
  8
0
 62
    28
370
    15
100
AcDbLine
 10
397.6793491356903
 20
359.4100142816702
 30
0.0
 11
397.6793491356903
 21
360.3836809870269
 31
0.0
1001
REVIT
1002
{
1070
     1
1000
22425903
1002
}
1002
{
1070
     5
1000
22389725
1002
}
1002
{
1070
     3
1000
22389728
1002
}
  0
LINE
  5
372
330
29A
100
AcDbEntity
  8
0
 62
    28
370
    15
100
AcDbLine
 10
396.7056824303335
 20
360.3836809870269
 30
0.0
 11
396.7056824303335
 21
359.4100142816702
 31
0.0
1001
REVIT
1002
{
1070
     1
1000
22425903
1002
}
1002
{
1070
     5
1000
22389725
1002
}
1002
{
1070
     3
1000
22389728
1002
}
  0
LINE
  5
373
330
29A
100
AcDbEntity
  8
0
 62
    28
370
    15
100
AcDbLine
 10
394.6736823495891
 20
359.4100142816702
 30
0.0
 11
394.6736823495891
 21
360.3836809870269
 31
0.0
1001
REVIT
1002
{
1070
     1
1000
22425903
1002
}
1002
{
1070
     5
1000
22389725
1002
}
1002
{
1070
     3
1000
22389728
1002
}
  0
LINE
  5
374
330
29A
100
AcDbEntity
  8
0
 62
    28
370
    15
100
AcDbLine
 10
393.7000156442324
 20
360.3836809870269
 30
0.0
 11
393.7000156442324
 21
359.4100142816702
 31
0.0
1001
REVIT
1002
{
1070
     1
1000
22425903
1002
}
1002
{
1070
     5
1000
22389725
1002
}
1002
{
1070
     3
1000
22389728
1002
}
  0
LINE
  5
375
330
29A
100
AcDbEntity
  8
0
 62
    28
370
    15
100
AcDbLine
 10
391.7103488985035
 20
359.4100142816702
 30
0.0
 11
391.7103488985035
 21
360.3836809870269
 31
0.0
1001
REVIT
1002
{
1070
     1
1000
22425903
1002
}
1002
{
1070
     5
1000
22389725
1002
}
1002
{
1070
     3
1000
22389728
1002
}
  0
LINE
  5
376
330
29A
100
AcDbEntity
  8
0
 62
    28
370
    15
100
AcDbLine
 10
390.6943488581313
 20
360.3836809870269
 30
0.0
 11
390.6943488581313
 21
359.4100142816702
 31
0.0
1001
REVIT
1002
{
1070
     1
1000
22425903
1002
}
1002
{
1070
     5
1000
22389725
1002
}
1002
{
1070
     3
1000
22389728
1002
}
  0
LINE
  5
377
330
29A
100
AcDbEntity
  8
0
 62
    28
370
    15
100
AcDbLine
 10
57.86966896620054
 20
245.8296764350599
 30
0.0
 11
102.6884525899574
 21
245.8296764350599
 31
0.0
1001
REVIT
1002
{
1070
     1
1000
22425903
1002
}
1002
{
1070
     5
1000
22389725
1002
}
1002
{
1070
     3
1000
22389728
1002
}
  0
LINE
  5
378
330
29A
100
AcDbEntity
  8
0
 62
    28
370
    15
100
AcDbLine
 10
265.7263438923491
 20
337.8200134237607
 30
0.0
 11
265.7263438923491
 21
298.0690118441978
 31
0.0
1001
REVIT
1002
{
1070
     1
1000
22425903
1002
}
1002
{
1070
     5
1000
22389725
1002
}
1002
{
1070
     3
1000
22389728
1002
}
  0
LINE
  5
379
330
29A
100
AcDbEntity
  8
0
 62
    28
370
    15
100
AcDbLine
 10
265.7263438923491
 20
291.6766782568561
 30
0.0
 11
265.7263438923491
 21
267.2503439529074
 31
0.0
1001
REVIT
1002
{
1070
     1
1000
22425903
1002
}
1002
{
1070
     5
1000
22389725
1002
}
1002
{
1070
     3
1000
22389728
1002
}
  0
LWPOLYLINE
  5
37A
330
29A
100
AcDbEntity
  8
0
 62
    28
370
    15
100
AcDbPolyline
 90
       34
 70
   128
 43
0.0
 10
216.5773419393435
 20
267.2503439529075
 10
216.5773419393435
 20
268.0546773182022
 10
222.1653421613907
 20
268.0546773182022
 10
222.1653421613907
 20
271.4836774544584
 10
228.0920090635619
 20
271.4836774544584
 10
228.0920090635619
 20
275.2513442708387
 10
233.9763426307177
 20
275.2513442708387
 10
233.9763426307177
 20
279.0613444222345
 10
239.8606761978734
 20
279.0613444222345
 10
239.8606761978734
 20
282.8713445736303
 10
245.7450097650292
 20
282.8713445736303
 10
245.7450097650292
 20
286.6813447250261
 10
251.5446766621538
 20
286.6813447250261
 10
251.5446766621538
 20
290.4913448764219
 10
257.3866768942941
 20
290.4913448764219
 10
257.3866768942941
 20
294.2590116928022
 10
263.1863437914189
 20
294.2590116928022
 10
263.1863437914189
 20
298.069011844198
 10
268.9860106885435
 20
298.069011844198
 10
268.9860106885435
 20
301.8790119955938
 10
274.7856775856683
 20
301.8790119955938
 10
274.7856775856683
 20
305.6890121469896
 10
280.500677812762
 20
305.6890121469896
 10
280.500677812762
 20
309.4143456283545
 10
286.3426780449022
 20
309.4143456283545
 10
286.3426780449022
 20
313.1396791097192
 10
292.2270116120579
 20
313.1396791097192
 10
292.2270116120579
 20
316.9073459260995
 10
298.0266785091826
 20
316.9073459260995
 10
298.0266785091826
 20
320.7173460774953
 10
303.8263454063074
 20
320.7173460774953
 10
303.8263454063074
 20
324.4003462238445
 10
309.6260123034322
 20
324.4003462238445
 10
309.6260123034322
 20
327.7023463550542
1001
REVIT
1002
{
1070
     1
1000
22425903
1002
}
1002
{
1070
     5
1000
22389725
1002
}
1002
{
1070
     3
1000
22389728
1002
}
  0
LWPOLYLINE
  5
37B
330
29A
100
AcDbEntity
  8
0
 62
    28
370
    15
100
AcDbPolyline
 90
        3
 70
   128
 43
0.0
 10
424.0953501853682
 20
258.2333435946041
 10
424.0953501853682
 20
262.466677096155
 10
422.5290167897944
 20
262.466677096155
1001
REVIT
1002
{
1070
     1
1000
22425903
1002
}
1002
{
1070
     5
1000
22389725
1002
}
1002
{
1070
     3
1000
22389728
1002
}
  0
LINE
  5
37C
330
29A
100
AcDbEntity
  8
0
 62
    28
370
    15
100
AcDbLine
 10
262.8900104463101
 20
311.2346790340211
 30
0.0
 11
262.8900104463101
 21
294.2590116928021
 31
0.0
1001
REVIT
1002
{
1070
     1
1000
22425903
1002
}
1002
{
1070
     5
1000
22389725
1002
}
1002
{
1070
     3
1000
22389728
1002
}
  0
LWPOLYLINE
  5
37D
330
29A
100
AcDbEntity
  8
0
 62
    28
370
    15
100
AcDbPolyline
 90
        3
 70
   128
 43
0.0
 10
189.3146741893558
 20
271.0603441043032
 10
189.3146741893558
 20
307.8903455677961
 10
190.1613408896659
 20
307.8903455677961
1001
REVIT
1002
{
1070
     1
1000
22425903
1002
}
1002
{
1070
     5
1000
22389725
1002
}
1002
{
1070
     3
1000
22389728
1002
}
  0
LINE
  5
37E
330
29A
100
AcDbEntity
  8
0
 62
    28
370
    15
100
AcDbLine
 10
416.4753498825767
 20
267.2503439529075
 30
0.0
 11
416.4753498825767
 21
320.4633460674022
 31
0.0
1001
REVIT
1002
{
1070
     1
1000
22425903
1002
}
1002
{
1070
     5
1000
22389725
1002
}
1002
{
1070
     3
1000
22389728
1002
}
  0
LINE
  5
37F
330
29A
100
AcDbEntity
  8
0
 62
    28
370
    15
100
AcDbLine
 10
416.4753498825767
 20
321.0560127576195
 30
0.0
 11
416.4753498825767
 21
325.7126796093253
 31
0.0
1001
REVIT
1002
{
1070
     1
1000
22425903
1002
}
1002
{
1070
     5
1000
22389725
1002
}
1002
{
1070
     3
1000
22389728
1002
}
  0
LWPOLYLINE
  5
380
330
29A
100
AcDbEntity
  8
0
 62
    28
370
    15
100
AcDbPolyline
 90
        3
 70
   128
 43
0.0
 10
416.4753498825767
 20
328.3373463802869
 10
416.4753498825767
 20
331.1313464913104
 10
416.5600165526076
 20
331.1313464913104
1001
REVIT
1002
{
1070
     1
1000
22425903
1002
}
1002
{
1070
     5
1000
22389725
1002
}
1002
{
1070
     3
1000
22389728
1002
}
  0
LWPOLYLINE
  5
381
330
29A
100
AcDbEntity
  8
0
 62
   252
370
     9
100
AcDbPolyline
 90
        3
 70
   128
 43
0.0
 10
370.5967416717284
 20
366.9455808036135
 10
370.6283480607804
 20
366.9453479144309
 10
369.8663480305013
 20
367.5380146046482
1001
REVIT
1002
{
1070
     1
1000
22425903
1002
}
1002
{
1070
     5
1000
22389725
1002
}
1002
{
1070
     3
1000
22389728
1002
}
  0
LWPOLYLINE
  5
382
330
29A
100
AcDbEntity
  8
0
 62
   252
370
     9
100
AcDbPolyline
 90
        3
 70
   128
 43
0.0
 10
370.5967416717284
 20
366.9455808036135
 10
370.6283480607804
 20
366.9453479144309
 10
370.5970308352487
 20
366.9453479144309
1001
REVIT
1002
{
1070
     1
1000
22425903
1002
}
1002
{
1070
     5
1000
22389725
1002
}
1002
{
1070
     3
1000
22389728
1002
}
  0
LWPOLYLINE
  5
383
330
29A
100
AcDbEntity
  8
0
 62
   252
370
     9
100
AcDbPolyline
 90
        3
 70
   128
 43
0.0
 10
370.5970308352487
 20
366.9453479144309
 10
370.6283480607804
 20
366.9453479144309
 10
371.2136175577203
 20
366.4487556139973
1001
REVIT
1002
{
1070
     1
1000
22425903
1002
}
1002
{
1070
     5
1000
22389725
1002
}
1002
{
1070
     3
1000
22389728
1002
}
  0
LINE
  5
384
330
29A
100
AcDbEntity
  8
0
 62
   252
370
     9
100
AcDbLine
 10
372.6603481415249
 20
365.2943478488261
 30
0.0
 11
372.5108329001278
 21
365.403992359184
 31
0.0
1001
REVIT
1002
{
1070
     1
1000
22425903
1002
}
1002
{
1070
     5
1000
22389725
1002
}
1002
{
1070
     3
1000
22389728
1002
}
  0
LINE
  5
385
330
29A
100
AcDbEntity
  8
0
 62
   252
370
     9
100
AcDbLine
 10
372.924632521141
 20
365.0707226045357
 30
0.0
 11
372.6603481415249
 21
365.2943478488261
 31
0.0
1001
REVIT
1002
{
1070
     1
1000
22425903
1002
}
1002
{
1070
     5
1000
22389725
1002
}
1002
{
1070
     3
1000
22389728
1002
}
  0
LWPOLYLINE
  5
386
330
29A
100
AcDbEntity
  8
0
 62
   252
370
     9
100
AcDbPolyline
 90
        3
 70
   128
 43
0.0
 10
372.3640147964164
 20
363.6856811182369
 10
371.6866814361683
 20
362.7120144128801
 10
371.659764698345
 20
362.7349434858406
1001
REVIT
1002
{
1070
     1
1000
22425903
1002
}
1002
{
1070
     5
1000
22389725
1002
}
1002
{
1070
     3
1000
22389728
1002
}
  0
LINE
  5
387
330
29A
100
AcDbEntity
  8
0
 62
   252
370
     9
100
AcDbLine
 10
401.7010159621639
 20
341.1220135549705
 30
0.0
 11
401.1506826069623
 21
341.5876802401412
 31
0.0
1001
REVIT
1002
{
1070
     1
1000
22425903
1002
}
1002
{
1070
     5
1000
22389725
1002
}
1002
{
1070
     3
1000
22389728
1002
}
  0
LINE
  5
388
330
29A
100
AcDbEntity
  8
0
 62
   252
370
     9
100
AcDbLine
 10
102.7006707476245
 20
252.6876767075725
 30
0.0
 11
102.7006707476245
 21
266.6576772626904
 31
0.0
1001
REVIT
1002
{
1070
     1
1000
22425903
1002
}
1002
{
1070
     5
1000
22389725
1002
}
1002
{
1070
     3
1000
22389728
1002
}
  0
LWPOLYLINE
  5
389
330
29A
100
AcDbEntity
  8
0
 62
   252
370
     9
100
AcDbPolyline
 90
        3
 70
   128
 43
0.0
 10
102.6884525899574
 20
245.8296764350599
 10
96.68933717542222
 20
245.8296764350599
 10
96.68933717542222
 20
245.8720097700755
1001
REVIT
1002
{
1070
     1
1000
22425903
1002
}
1002
{
1070
     5
1000
22389725
1002
}
1002
{
1070
     3
1000
22389728
1002
}
  0
LINE
  5
38A
330
29A
100
AcDbEntity
  8
0
 62
   252
370
     9
100
AcDbLine
 10
190.0447804847483
 20
308.2713455829356
 30
0.0
 11
190.1613408896659
 21
305.4598282298372
 31
0.0
1001
REVIT
1002
{
1070
     1
1000
22425903
1002
}
1002
{
1070
     5
1000
22389725
1002
}
1002
{
1070
     3
1000
22389728
1002
}
  0
LINE
  5
38B
330
29A
100
AcDbEntity
  8
0
 62
   252
370
     9
100
AcDbLine
 10
190.0447804847483
 20
308.2713455829356
 30
0.0
 11
190.1613408896659
 21
305.4598282298372
 31
0.0
1001
REVIT
1002
{
1070
     1
1000
22425903
1002
}
1002
{
1070
     5
1000
22389725
1002
}
1002
{
1070
     3
1000
22389728
1002
}
  0
LINE
  5
38C
330
29A
100
AcDbEntity
  8
0
 62
   252
370
     9
100
AcDbLine
 10
189.3146741893558
 20
271.0603441043032
 30
0.0
 11
189.3146741893558
 21
308.2713455829356
 31
0.0
1001
REVIT
1002
{
1070
     1
1000
22425903
1002
}
1002
{
1070
     5
1000
22389725
1002
}
1002
{
1070
     3
1000
22389728
1002
}
  0
LWPOLYLINE
  5
38D
330
29A
100
AcDbEntity
  8
0
 62
   252
370
     9
100
AcDbPolyline
 90
        4
 70
   128
 43
0.0
 10
62.23000247279795
 20
245.8296764350599
 10
57.86966896620054
 20
245.8296764350599
 10
62.23000247279795
 20
245.8296764350599
 10
57.86966896620054
 20
245.8296764350599
1001
REVIT
1002
{
1070
     1
1000
22425903
1002
}
1002
{
1070
     5
1000
22389725
1002
}
1002
{
1070
     3
1000
22389728
1002
}
  0
LINE
  5
38E
330
29A
100
AcDbEntity
  8
0
 62
   252
370
     9
100
AcDbLine
 10
62.22114000632112
 20
245.8720097700755
 30
0.0
 11
62.23000247279795
 21
245.8296764350599
 31
0.0
1001
REVIT
1002
{
1070
     1
1000
22425903
1002
}
1002
{
1070
     5
1000
22389725
1002
}
1002
{
1070
     3
1000
22389728
1002
}
  0
LWPOLYLINE
  5
38F
330
29A
100
AcDbEntity
  8
0
 62
   252
370
     9
100
AcDbPolyline
 90
        3
 70
   128
 43
0.0
 10
62.23000247279795
 20
245.8720097700755
 10
62.23000247279795
 20
245.8296764350599
 10
62.22114000632112
 20
245.8720097700755
1001
REVIT
1002
{
1070
     1
1000
22425903
1002
}
1002
{
1070
     5
1000
22389725
1002
}
1002
{
1070
     3
1000
22389728
1002
}
  0
LWPOLYLINE
  5
390
330
29A
100
AcDbEntity
  8
0
 62
   252
370
     9
100
AcDbPolyline
 90
        2
 70
   129
 43
0.0
 10
310.5234790057608
 20
320.4633460674022
 10
310.4726790037423
 20
320.4633460674022
1001
REVIT
1002
{
1070
     1
1000
22425903
1002
}
1002
{
1070
     5
1000
22389725
1002
}
1002
{
1070
     3
1000
22389728
1002
}
  0
LWPOLYLINE
  5
391
330
29A
100
AcDbEntity
  8
0
 62
   252
370
     9
100
AcDbPolyline
 90
        3
 70
   128
 43
0.0
 10
310.5234790057608
 20
320.4633460674022
 10
310.4726790037423
 20
320.4633460674022
 10
310.5234790057608
 20
320.495673341414
1001
REVIT
1002
{
1070
     1
1000
22425903
1002
}
1002
{
1070
     5
1000
22389725
1002
}
1002
{
1070
     3
1000
22389728
1002
}
  0
LWPOLYLINE
  5
392
330
29A
100
AcDbEntity
  8
0
 62
   252
370
     9
100
AcDbPolyline
 90
        3
 70
   128
 43
0.0
 10
264.3293438368376
 20
338.0316800988384
 10
265.7263438923493
 20
337.8200134237608
 10
265.7263438923493
 20
338.0316800988384
1001
REVIT
1002
{
1070
     1
1000
22425903
1002
}
1002
{
1070
     5
1000
22389725
1002
}
1002
{
1070
     3
1000
22389728
1002
}
  0
LWPOLYLINE
  5
393
330
29A
100
AcDbEntity
  8
0
 62
   252
370
     9
100
AcDbPolyline
 90
        3
 70
   128
 43
0.0
 10
264.3293438368376
 20
338.0316800988384
 10
265.7263438923493
 20
337.8200134237608
 10
264.3293438368376
 20
337.8200134237608
1001
REVIT
1002
{
1070
     1
1000
22425903
1002
}
1002
{
1070
     5
1000
22389725
1002
}
1002
{
1070
     3
1000
22389728
1002
}
  0
ENDBLK
  5
395
330
29A
100
AcDbEntity
  8
0
100
AcDbBlockEnd
  0
BLOCK
  5
5B5
330
5AF
100
AcDbEntity
  8
0
100
AcDbBlockBegin
  2
A4 HORIZONTAL - A4-22435574-Não nomeada
 70
     0
 10
0.0
 20
0.0
 30
0.0
  3
A4 HORIZONTAL - A4-22435574-Não nomeada
  1

  0
LINE
  5
5B1
330
5AF
100
AcDbEntity
  8
A-BAS-___-___-EXI
100
AcDbLine
 10
317.7928507088368
 20
312.9999999999862
 30
0.0
 11
20.7928507088368
 21
312.9999999999856
 31
0.0
1001
REVIT
1002
{
1070
     1
1000
22434150
1002
}
1002
{
1070
     5
1000
22435574
1002
}
1002
{
1070
     3
1000
-2000281
1002
}
  0
LINE
  5
5B2
330
5AF
100
AcDbEntity
  8
A-BAS-___-___-EXI
100
AcDbLine
 10
20.7928507088368
 20
312.9999999999856
 30
0.0
 11
20.7928507088372
 21
102.9999999999856
 31
0.0
1001
REVIT
1002
{
1070
     1
1000
22434150
1002
}
1002
{
1070
     5
1000
22435574
1002
}
1002
{
1070
     3
1000
-2000281
1002
}
  0
LINE
  5
5B3
330
5AF
100
AcDbEntity
  8
A-BAS-___-___-EXI
100
AcDbLine
 10
20.7928507088372
 20
102.9999999999855
 30
0.0
 11
317.7928507088372
 21
102.9999999999861
 31
0.0
1001
REVIT
1002
{
1070
     1
1000
22434150
1002
}
1002
{
1070
     5
1000
22435574
1002
}
1002
{
1070
     3
1000
-2000281
1002
}
  0
LINE
  5
5B4
330
5AF
100
AcDbEntity
  8
A-BAS-___-___-EXI
100
AcDbLine
 10
317.7928507088372
 20
102.9999999999861
 30
0.0
 11
317.7928507088368
 21
312.9999999999862
 31
0.0
1001
REVIT
1002
{
1070
     1
1000
22434150
1002
}
1002
{
1070
     5
1000
22435574
1002
}
1002
{
1070
     3
1000
-2000281
1002
}
  0
ENDBLK
  5
5B6
330
5AF
100
AcDbEntity
  8
0
100
AcDbBlockEnd
  0
ENDSEC
  0
SECTION
  2
ENTITIES
  0
HATCH
  5
BB
330
70
100
AcDbEntity
  8
A-ALV-___-___-EXI
 62
    11
100
AcDbHatch
 10
0.0
 20
0.0
 30
0.0
210
0.0
220
0.0
230
1.0
  2
SOLID
 70
     1
 71
     0
 91
        9
 92
        1
 93
        9
 72
     1
 10
323.878229871648
 20
-8551.122204599096
 11
606.7278340932833
 21
-8551.122204599096
 72
     1
 10
606.7278340932833
 20
-8551.122204599096
 11
606.6176870950608
 21
-7512.599777158462
 72
     1
 10
606.6176870950608
 20
-7512.599777158462
 11
526.5167522990883
 21
-7512.599777158462
 72
     1
 10
526.5167522990883
 20
-7512.599777158462
 11
526.5167522990883
 21
-7381.729064757405
 72
     1
 10
526.5167522990883
 20
-7381.729064757405
 11
404.089311665843
 21
-7381.729064757405
 72
     1
 10
404.089311665843
 20
-7381.729064757405
 11
404.089311665843
 21
-7512.599777158462
 72
     1
 10
404.089311665843
 20
-7512.599777158462
 11
323.878229871648
 21
-7512.599777158462
 72
     1
 10
323.878229871648
 20
-7512.599777158462
 11
323.878229871648
 21
-8209.169698002787
 72
     1
 10
323.878229871648
 20
-8209.169698002787
 11
323.878229871648
 21
-8551.122204599096
 97
        0
 92
        1
 93
        6
 72
     1
 10
12032.5853538822
 20
-8551.122204599096
 11
12032.5853538822
 21
-6385.422996155821
 72
     1
 10
12032.5853538822
 20
-6385.422996155821
 11
11838.39010322257
 21
-6385.422996155821
 72
     1
 10
11838.39010322257
 20
-6385.422996155821
 11
11838.39010322257
 21
-7512.599777158462
 72
     1
 10
11838.39010322257
 20
-7512.599777158462
 11
11758.17902142837
 21
-7512.599777158462
 72
     1
 10
11758.17902142837
 20
-7512.599777158462
 11
11758.17902142837
 21
-8551.122204599096
 72
     1
 10
11758.17902142837
 20
-8551.122204599096
 11
12032.5853538822
 21
-8551.122204599096
 97
        0
 92
        1
 93
        6
 72
     1
 10
-5928.364514191676
 20
-8549.01138665714
 11
-5928.364514191676
 21
-7512.599777158462
 72
     1
 10
-5928.364514191676
 20
-7512.599777158462
 11
-6010.686413927823
 21
-7512.599777158462
 72
     1
 10
-6010.686413927823
 20
-7512.599777158462
 11
-6010.686413927823
 21
-5693.074711195403
 72
     1
 10
-6010.686413927823
 20
-5693.074711195403
 11
-6150.000398096689
 21
-5693.074711195403
 72
     1
 10
-6150.000398096689
 20
-5693.074711195403
 11
-6150.000398096689
 21
-8549.01138665714
 72
     1
 10
-6150.000398096689
 20
-8549.01138665714
 11
-5928.364514191676
 21
-8549.01138665714
 97
        0
 92
        1
 93
        8
 72
     1
 10
-3915.2534173815
 20
-8549.01138665714
 11
-3915.2534173815
 21
-7512.599777158462
 72
     1
 10
-3915.2534173815
 20
-7512.599777158462
 11
-3994.855279363181
 21
-7512.599777158462
 72
     1
 10
-3994.855279363181
 20
-7512.599777158462
 11
-3994.855279363181
 21
-4998.615608293026
 72
     1
 10
-3994.855279363181
 20
-4998.615608293026
 11
-4134.169263532046
 21
-4998.615608293026
 72
     1
 10
-4134.169263532046
 20
-4998.615608293026
 11
-4134.169263532046
 21
-7512.599777158462
 72
     1
 10
-4134.169263532046
 20
-7512.599777158462
 11
-4214.38034532624
 21
-7512.599777158462
 72
     1
 10
-4214.38034532624
 20
-7512.599777158462
 11
-4214.38034532624
 21
-8549.01138665714
 72
     1
 10
-4214.38034532624
 20
-8549.01138665714
 11
-3915.2534173815
 21
-8549.01138665714
 97
        0
 92
        1
 93
        4
 72
     1
 10
8347.097227233124
 20
-5467.217191406479
 11
8347.097227233124
 21
-4800.198721749487
 72
     1
 10
8347.097227233124
 20
-4800.198721749487
 11
8207.783243064261
 21
-4800.198721749487
 72
     1
 10
8207.783243064261
 20
-4800.198721749487
 11
8207.783243064261
 21
-5467.217191406479
 72
     1
 10
8207.783243064261
 20
-5467.217191406479
 11
8347.097227233124
 21
-5467.217191406479
 97
        0
 92
        1
 93
        5
 72
     1
 10
446.3056705048911
 20
-5437.665740219149
 11
526.5167522990883
 21
-5437.665740219149
 72
     1
 10
526.5167522990883
 20
-5437.665740219149
 11
526.5167522990883
 21
-4559.565476366905
 72
     1
 10
526.5167522990883
 20
-4559.565476366905
 11
404.089311665843
 21
-4559.565476366905
 72
     1
 10
404.089311665843
 20
-4559.565476366905
 11
404.089311665843
 21
-5437.665740219149
 72
     1
 10
404.089311665843
 20
-5437.665740219149
 11
446.3056705048911
 21
-5437.665740219149
 97
        0
 92
        1
 93
        5
 72
     1
 10
11834.16846733866
 20
-5188.589223068749
 11
12030.47453594024
 21
-5188.589223068749
 72
     1
 10
12030.47453594024
 20
-5188.589223068749
 11
12030.47453594024
 21
-3660.357033095136
 72
     1
 10
12030.47453594024
 20
-3660.357033095136
 11
11834.16846733866
 21
-3660.357033095136
 72
     1
 10
11834.16846733866
 20
-3660.357033095136
 11
11834.16846733866
 21
-4379.413213049121
 72
     1
 10
11834.16846733866
 20
-4379.413213049121
 11
11834.16846733866
 21
-5188.589223068749
 97
        0
 92
        1
 93
        4
 72
     1
 10
-6010.686413927823
 20
-5152.705318055558
 11
-6010.686413927823
 21
-4559.565476366905
 72
     1
 10
-6010.686413927823
 20
-4559.565476366905
 11
-6150.000398096689
 21
-4559.565476366905
 72
     1
 10
-6150.000398096689
 20
-4559.565476366905
 11
-6150.000398096689
 21
-5152.705318055558
 72
     1
 10
-6150.000398096689
 20
-5152.705318055558
 11
-6010.686413927823
 21
-5152.705318055558
 97
        0
 92
        1
 93
        9
 72
     1
 10
3996.701448869008
 20
-4143.734341802261
 11
4144.458704805683
 21
-4143.734341802261
 72
     1
 10
4144.458704805683
 20
-4143.734341802261
 11
4144.458704805683
 21
-3953.760727026536
 72
     1
 10
4144.458704805683
 20
-3953.760727026536
 11
4214.115696890114
 21
-3953.760727026536
 72
     1
 10
4214.115696890114
 20
-3953.760727026536
 11
4214.115696890114
 21
-2765.370225707277
 72
     1
 10
4214.115696890114
 20
-2765.370225707277
 11
4074.801712721249
 21
-2765.370225707277
 72
     1
 10
4074.801712721249
 20
-2765.370225707277
 11
4074.801712721249
 21
-3953.760727026536
 72
     1
 10
4074.801712721249
 20
-3953.760727026536
 11
3996.701448869008
 21
-3953.760727026536
 72
     1
 10
3996.701448869008
 20
-3953.760727026536
 11
3996.701448869008
 21
-4066.790412829901
 72
     1
 10
3996.701448869008
 20
-4066.790412829901
 11
3996.701448869008
 21
-4143.734341802261
 97
        0
 75
     0
 76
     1
 98
        1
 10
0.0
 20
0.0
450
        0
451
        0
460
0.0
461
0.0
452
        0
462
0.0
453
        0
470

1001
REVIT
1002
{
1070
     1
1000
22425916
1002
}
1002
{
1070
     5
1000
383807
1002
}
1002
{
1070
     2
1000
-2002000
1002
}
  0
HATCH
  5
D2
330
70
100
AcDbEntity
  8
A-BAS-___-___-EXI
 62
   253
420
 13342872
100
AcDbHatch
 10
0.0
 20
0.0
 30
0.0
210
0.0
220
0.0
230
1.0
  2
SOLID
 70
     1
 71
     0
 91
        5
 92
        1
 93
        6
 72
     1
 10
8057.809151372069
 20
-8551.122204599096
 11
11758.17902142837
 21
-8551.122204599096
 72
     1
 10
11758.17902142837
 20
-8551.122204599096
 11
11758.17902142837
 21
-8209.169698002787
 72
     1
 10
11758.17902142837
 20
-8209.169698002787
 11
606.7278340932825
 21
-8209.169698002787
 72
     1
 10
606.7278340932833
 20
-8209.169698002787
 11
606.7278340932833
 21
-8551.122204599096
 72
     1
 10
606.7278340932833
 20
-8551.122204599096
 11
2852.635963431075
 21
-8551.122204599096
 72
     1
 10
2852.635963431075
 20
-8551.122204599096
 11
8057.809151372067
 21
-8551.122204599096
 97
        0
 92
        1
 93
        4
 72
     1
 10
-3915.2534173815
 20
-8551.122204599096
 11
323.8782298716483
 21
-8551.122204599096
 72
     1
 10
323.878229871648
 20
-8551.122204599096
 11
323.878229871648
 21
-8209.169698002787
 72
     1
 10
323.878229871648
 20
-8209.169698002787
 11
-3915.253417381501
 21
-8209.169698002787
 72
     1
 10
-3915.2534173815
 20
-8209.169698002787
 11
-3915.2534173815
 21
-8551.122204599096
 97
        0
 92
        1
 93
        4
 72
     1
 10
-6821.240503637586
 20
-8551.122204599096
 11
-6150.000398096689
 21
-8551.122204599096
 72
     1
 10
-6150.000398096689
 20
-8551.122204599096
 11
-6150.000398096689
 21
-7290.963893253451
 72
     1
 10
-6150.000398096689
 20
-7290.963893253451
 11
-6821.240503637586
 21
-7290.963893253451
 72
     1
 10
-6821.240503637586
 20
-7290.963893253451
 11
-6821.240503637586
 21
-8551.122204599096
 97
        0
 92
        1
 93
        4
 72
     1
 10
12667.9415544099
 20
-8551.122204599096
 11
12667.9415544099
 21
-7932.65254760701
 72
     1
 10
12667.9415544099
 20
-7932.65254760701
 11
12032.5853538822
 21
-7932.65254760701
 72
     1
 10
12032.5853538822
 20
-7932.65254760701
 11
12032.5853538822
 21
-8551.122204599096
 72
     1
 10
12032.5853538822
 20
-8551.122204599096
 11
12667.9415544099
 21
-8551.122204599096
 97
        0
 92
        1
 93
        4
 72
     1
 10
-5928.364514191676
 20
-8549.01138665714
 11
-4214.38034532624
 21
-8549.01138665714
 72
     1
 10
-4214.38034532624
 20
-8549.01138665714
 11
-4214.38034532624
 21
-8209.169698002787
 72
     1
 10
-4214.38034532624
 20
-8209.169698002787
 11
-5928.364514191676
 21
-8209.169698002787
 72
     1
 10
-5928.364514191676
 20
-8209.169698002787
 11
-5928.364514191676
 21
-8549.01138665714
 97
        0
 75
     0
 76
     1
 98
        1
 10
0.0
 20
0.0
450
        0
451
        0
460
0.0
461
0.0
452
        0
462
0.0
453
        0
470

1001
REVIT
1002
{
1070
     1
1000
22426026
1002
}
1002
{
1070
     5
1000
383807
1002
}
1002
{
1070
     2
1000
-2002000
1002
}
  0
HATCH
  5
1FA
330
70
100
AcDbEntity
  8
A-JAN-___-___-EXI
 62
    33
420
 12688002
100
AcDbHatch
 10
0.0
 20
0.0
 30
0.0
210
0.0
220
0.0
230
1.0
  2
SOLID
 70
     1
 71
     0
 91
       48
 92
        1
 93
       44
 72
     1
 10
3203.033902694864
 20
-7611.80822043023
 11
3203.033902694864
 21
-7512.599777158462
 72
     1
 10
3203.033902694864
 20
-7512.599777158462
 11
4201.450789238399
 21
-7512.599777158462
 72
     1
 10
4201.450789238399
 20
-7512.599777158462
 11
4201.450789238399
 21
-7611.80822043023
 72
     1
 10
4201.450789238399
 20
-7611.80822043023
 11
4399.867675781939
 21
-7611.80822043023
 72
     1
 10
4399.867675781939
 20
-7611.80822043023
 11
4399.867675781939
 21
-7512.599777158462
 72
     1
 10
4399.867675781939
 20
-7512.599777158462
 11
5398.284562325473
 21
-7512.599777158462
 72
     1
 10
5398.284562325473
 20
-7512.599777158462
 11
5398.284562325473
 21
-7611.80822043023
 72
     1
 10
5398.284562325473
 20
-7611.80822043023
 11
5596.701448869005
 21
-7611.80822043023
 72
     1
 10
5596.701448869005
 20
-7611.80822043023
 11
5596.701448869005
 21
-7512.599777158462
 72
     1
 10
5596.701448869005
 20
-7512.599777158462
 11
6595.118335412543
 21
-7512.599777158462
 72
     1
 10
6595.118335412543
 20
-7512.599777158462
 11
6595.118335412543
 21
-7611.80822043023
 72
     1
 10
6595.118335412543
 20
-7611.80822043023
 11
6793.535221956078
 21
-7611.80822043023
 72
     1
 10
6793.535221956078
 20
-7611.80822043023
 11
6793.535221956078
 21
-7512.599777158462
 72
     1
 10
6793.535221956078
 20
-7512.599777158462
 11
7791.952108499609
 21
-7512.599777158462
 72
     1
 10
7791.952108499609
 20
-7512.599777158462
 11
7791.952108499609
 21
-7611.80822043023
 72
     1
 10
7791.952108499609
 20
-7611.80822043023
 11
7992.479812985106
 21
-7611.80822043023
 72
     1
 10
7992.479812985106
 20
-7611.80822043023
 11
7992.479812985106
 21
-7512.599777158462
 72
     1
 10
7992.479812985106
 20
-7512.599777158462
 11
8988.785881586684
 21
-7512.599777158462
 72
     1
 10
8988.785881586684
 20
-7512.599777158462
 11
8988.785881586684
 21
-7611.80822043023
 72
     1
 10
8988.785881586684
 20
-7611.80822043023
 11
9189.31358607217
 21
-7611.80822043023
 72
     1
 10
9189.31358607217
 20
-7611.80822043023
 11
9189.31358607217
 21
-7512.599777158462
 72
     1
 10
9189.31358607217
 20
-7512.599777158462
 11
10185.61965467376
 21
-7512.599777158462
 72
     1
 10
10185.61965467376
 20
-7512.599777158462
 11
10185.61965467376
 21
-7611.80822043023
 72
     1
 10
10185.61965467376
 20
-7611.80822043023
 11
10386.14735915924
 21
-7611.80822043023
 72
     1
 10
10386.14735915924
 20
-7611.80822043023
 11
10386.14735915924
 21
-7512.599777158462
 72
     1
 10
10386.14735915924
 20
-7512.599777158462
 11
11382.45342776083
 21
-7512.599777158462
 72
     1
 10
11382.45342776083
 20
-7512.599777158462
 11
11382.45342776083
 21
-7611.80822043023
 72
     1
 10
11382.45342776083
 20
-7611.80822043023
 11
11580.87031430436
 21
-7611.80822043023
 72
     1
 10
11580.87031430436
 20
-7611.80822043023
 11
11580.87031430436
 21
-7512.599777158462
 72
     1
 10
11580.87031430436
 20
-7512.599777158462
 11
11838.39010322257
 21
-7512.599777158462
 72
     1
 10
11838.39010322257
 20
-7512.599777158462
 11
11838.39010322257
 21
-7483.048325971127
 72
     1
 10
11838.39010322257
 20
-7483.048325971127
 11
526.5167522990886
 21
-7483.048325971127
 72
     1
 10
526.5167522990883
 20
-7483.048325971127
 11
526.5167522990883
 21
-7512.599777158462
 72
     1
 10
526.5167522990883
 20
-7512.599777158462
 11
606.6176870950608
 21
-7512.599777158462
 72
     1
 10
606.6176870950608
 20
-7512.599777158462
 11
606.6176870950608
 21
-7611.80822043023
 72
     1
 10
606.6176870950608
 20
-7611.80822043023
 11
807.1453915805461
 21
-7611.80822043023
 72
     1
 10
807.1453915805461
 20
-7611.80822043023
 11
807.1453915805461
 21
-7512.599777158462
 72
     1
 10
807.1453915805461
 20
-7512.599777158462
 11
1807.783243064259
 21
-7512.599777158462
 72
     1
 10
1807.783243064259
 20
-7512.599777158462
 11
1807.783243064259
 21
-7611.80822043023
 72
     1
 10
1807.783243064259
 20
-7611.80822043023
 11
2006.200129607794
 21
-7611.80822043023
 72
     1
 10
2006.200129607794
 20
-7611.80822043023
 11
2006.200129607794
 21
-7512.599777158462
 72
     1
 10
2006.200129607794
 20
-7512.599777158462
 11
3004.617016151331
 21
-7512.599777158462
 72
     1
 10
3004.617016151331
 20
-7512.599777158462
 11
3004.617016151331
 21
-7611.80822043023
 72
     1
 10
3004.617016151331
 20
-7611.80822043023
 11
3203.033902694864
 21
-7611.80822043023
 97
        0
 92
        1
 93
        5
 72
     1
 10
-2352.53722450992
 20
-7512.599777158462
 11
404.089311665843
 21
-7512.599777158462
 72
     1
 10
404.089311665843
 20
-7512.599777158462
 11
404.089311665843
 21
-7293.074711195401
 72
     1
 10
404.089311665843
 20
-7293.074711195401
 11
-3994.855279363181
 21
-7293.074711195401
 72
     1
 10
-3994.855279363181
 20
-7293.074711195401
 11
-3994.855279363181
 21
-7512.599777158462
 72
     1
 10
-3994.855279363181
 20
-7512.599777158462
 11
-2352.53722450992
 21
-7512.599777158462
 97
        0
 92
        1
 93
        4
 72
     1
 10
-6010.686413927823
 20
-7512.599777158462
 11
-4134.169263532046
 21
-7512.599777158462
 72
     1
 10
-4134.169263532046
 20
-7512.599777158462
 11
-4134.169263532046
 21
-7293.074711195401
 72
     1
 10
-4134.169263532046
 20
-7293.074711195401
 11
-6010.686413927823
 21
-7293.074711195401
 72
     1
 10
-6010.686413927823
 20
-7293.074711195401
 11
-6010.686413927823
 21
-7512.599777158462
 97
        0
 92
        1
 93
        4
 72
     1
 10
526.5167522990883
 20
-5289.908484282472
 11
4072.6908947793
 21
-5289.908484282472
 72
     1
 10
4072.6908947793
 20
-5289.908484282472
 11
4072.6908947793
 21
-5258.246215153187
 72
     1
 10
4072.6908947793
 20
-5258.246215153187
 11
526.5167522990882
 21
-5258.246215153187
 72
     1
 10
526.5167522990883
 20
-5258.246215153187
 11
526.5167522990883
 21
-5289.908484282472
 97
        0
 92
        1
 93
       14
 72
     1
 10
526.5167522990883
 20
-5125.264684810175
 11
3996.701448869008
 21
-3997.454658424949
 72
     1
 10
3996.701448869008
 20
-3997.454658424949
 11
3996.701448869008
 21
-3953.760727026536
 72
     1
 10
3996.701448869008
 20
-3953.760727026536
 11
4074.801712721249
 21
-3953.760727026536
 72
     1
 10
4074.801712721249
 20
-3953.760727026536
 11
4074.801712721249
 21
-3923.526558161102
 72
     1
 10
4074.801712721249
 20
-3923.526558161102
 11
3680.186463143954
 21
-4051.159927946256
 72
     1
 10
3680.186463143954
 20
-4051.159927946256
 11
3669.191041922828
 21
-4020.372748527097
 72
     1
 10
3669.191041922828
 20
-4020.372748527097
 11
4074.801712721249
 21
-3889.75645513308
 72
     1
 10
4074.801712721249
 20
-3889.75645513308
 11
4074.80171272125
 21
-3872.869911597462
 72
     1
 10
4074.80171272125
 20
-3872.869911597462
 11
526.5167522990882
 21
-5015.502151828646
 72
     1
 10
526.5167522990883
 20
-5015.502151828646
 11
526.5167522990883
 21
-5032.388695364266
 72
     1
 10
526.5167522990883
 20
-5032.388695364266
 11
774.9946633135038
 21
-4952.372891876884
 72
     1
 10
774.9946633135038
 20
-4952.372891876884
 11
786.147359159247
 21
-4988.061518583264
 72
     1
 10
786.147359159247
 20
-4988.061518583264
 11
526.5167522990883
 21
-5071.668755673353
 72
     1
 10
526.5167522990883
 20
-5071.668755673353
 11
526.5167522990883
 21
-5125.264684810175
 97
        0
 92
        1
 93
        7
 72
     1
 10
-4955.123818480417
 20
-4998.615608293026
 11
404.0893116658435
 21
-4998.615608293026
 72
     1
 10
404.089311665843
 20
-4998.615608293026
 11
404.089311665843
 21
-4977.507428873503
 72
     1
 10
404.089311665843
 20
-4977.507428873503
 11
-5987.467416566345
 21
-4977.507428873503
 72
     1
 10
-5987.467416566345
 20
-4977.507428873503
 11
-5987.467416566345
 21
-4907.850436789071
 72
     1
 10
-5987.467416566345
 20
-4907.850436789071
 11
-6010.686413927823
 21
-4907.850436789071
 72
     1
 10
-6010.686413927823
 20
-4907.850436789071
 11
-6010.686413927823
 21
-4998.615608293026
 72
     1
 10
-6010.686413927823
 20
-4998.615608293026
 11
-4955.123818480417
 21
-4998.615608293026
 97
        0
 92
        1
 93
        5
 72
     1
 10
832.5145210653566
 20
-4973.044961412328
 11
821.9840045351624
 21
-4937.241205209674
 72
     1
 10
821.9840045351624
 20
-4937.241205209674
 11
1248.323160109238
 21
-4799.949846182542
 72
     1
 10
1248.323160109238
 20
-4799.949846182542
 11
1261.010839509971
 21
-4833.783657917829
 72
     1
 10
1261.010839509971
 20
-4833.783657917829
 11
900.6960179532018
 21
-4950.885974923779
 72
     1
 10
900.6960179532018
 20
-4950.885974923779
 11
832.5145210653566
 21
-4973.044961412328
 97
        0
 92
        1
 93
        4
 72
     1
 10
6447.783243064256
 20
-4829.750172936824
 11
8207.783243064261
 21
-4829.750172936824
 72
     1
 10
8207.783243064261
 20
-4829.750172936824
 11
8207.783243064261
 21
-4800.198721749487
 72
     1
 10
8207.783243064261
 20
-4800.198721749487
 11
6447.783243064256
 21
-4800.198721749487
 72
     1
 10
6447.783243064256
 20
-4800.198721749487
 11
6447.783243064256
 21
-4829.750172936824
 97
        0
 92
        1
 93
        4
 72
     1
 10
8347.097227233124
 20
-4829.750172936824
 11
11730.73838818299
 21
-4829.750172936824
 72
     1
 10
11730.73838818299
 20
-4829.750172936824
 11
11730.73838818299
 21
-4800.198721749487
 72
     1
 10
11730.73838818299
 20
-4800.198721749487
 11
8347.097227233124
 21
-4800.198721749487
 72
     1
 10
8347.097227233124
 20
-4800.198721749487
 11
8347.097227233124
 21
-4829.750172936824
 97
        0
 92
        1
 93
        5
 72
     1
 10
1307.341539198911
 20
-4818.626958034733
 11
1296.64245334473
 21
-4784.389883301354
 72
     1
 10
1296.64245334473
 20
-4784.389883301354
 11
1722.977227176391
 21
-4647.09993529961
 72
     1
 10
1722.977227176391
 20
-4647.09993529961
 11
1734.138819625448
 21
-4680.584712646775
 72
     1
 10
1734.138819625448
 20
-4680.584712646775
 11
1551.342666445826
 21
-4739.70784344081
 72
     1
 10
1551.342666445826
 20
-4739.70784344081
 11
1307.341539198911
 21
-4818.626958034733
 97
        0
 92
        1
 93
        4
 72
     1
 10
1782.411305008109
 20
-4664.97158065582
 11
1771.902905429708
 21
-4631.34470200494
 72
     1
 10
1771.902905429708
 20
-4631.34470200494
 11
2198.258877199256
 21
-4494.047927762486
 72
     1
 10
2198.258877199256
 20
-4494.047927762486
 11
2208.596212191793
 21
-4527.127399738596
 72
     1
 10
2208.596212191793
 20
-4527.127399738596
 11
1782.411305008109
 21
-4664.97158065582
 97
        0
 92
        1
 93
       36
 72
     1
 10
8929.682979212016
 20
-4568.008748134717
 11
9130.210683697502
 21
-4568.008748134717
 72
     1
 10
9130.210683697502
 20
-4568.008748134717
 11
9130.210683697502
 21
-4468.800304862948
 72
     1
 10
9130.210683697502
 20
-4468.800304862948
 11
10126.51675229908
 21
-4468.800304862948
 72
     1
 10
10126.51675229908
 20
-4468.800304862948
 11
10126.51675229908
 21
-4568.008748134717
 72
     1
 10
10126.51675229908
 20
-4568.008748134717
 11
10327.04445678457
 21
-4568.008748134717
 72
     1
 10
10327.04445678457
 20
-4568.008748134717
 11
10327.04445678457
 21
-4468.800304862948
 72
     1
 10
10327.04445678457
 20
-4468.800304862948
 11
11530.2106836975
 21
-4468.800304862948
 72
     1
 10
11530.2106836975
 20
-4468.800304862948
 11
11530.2106836975
 21
-4568.008748134717
 72
     1
 10
11530.2106836975
 20
-4568.008748134717
 11
11730.73838818299
 21
-4568.008748134717
 72
     1
 10
11730.73838818299
 20
-4568.008748134717
 11
11730.73838818299
 21
-4437.138035733659
 72
     1
 10
11730.73838818299
 20
-4437.138035733659
 11
11013.06028791913
 21
-4437.138035733659
 72
     1
 10
11013.06028791913
 20
-4437.138035733659
 11
11013.06028791913
 21
-3776.452019902525
 72
     1
 10
11013.06028791913
 20
-3776.452019902525
 11
9406.468886167315
 21
-2482.520621485639
 72
     1
 10
9406.468886167315
 20
-2482.520621485639
 11
5432.937156872532
 21
-2482.520621485639
 72
     1
 10
5432.937156872532
 20
-2482.520621485639
 11
4214.115696890114
 21
-2866.689486920996
 72
     1
 10
4214.115696890114
 20
-2866.689486920996
 11
4214.115696890114
 21
-2898.685043093751
 72
     1
 10
4214.115696890114
 20
-2898.685043093751
 11
5438.390103222644
 21
-2512.072072672952
 72
     1
 10
5438.390103222644
 20
-2512.072072672952
 11
9396.173744383487
 21
-2512.072072672952
 72
     1
 10
9396.173744383487
 20
-2512.072072672952
 11
9496.648678420458
 21
-2594.816135997511
 72
     1
 10
9496.648678420458
 20
-2594.816135997511
 11
9440.500921164526
 21
-2674.605054203317
 72
     1
 10
9440.500921164526
 20
-2674.605054203317
 11
9496.150887544992
 21
-2722.010581120015
 72
     1
 10
9496.150887544992
 20
-2722.010581120015
 11
9556.400043770594
 21
-2640.674220215455
 72
     1
 10
9556.400043770594
 20
-2640.674220215455
 11
10994.06292644157
 21
-3798.552410151056
 72
     1
 10
10994.06292644157
 20
-3798.552410151056
 11
10994.06292644157
 21
-4437.138035733659
 72
     1
 10
10994.06292644157
 20
-4437.138035733659
 11
6403.033902694868
 21
-4437.138035733659
 72
     1
 10
6403.033902694868
 20
-4437.138035733659
 11
6403.033902694868
 21
-4468.800304862948
 72
     1
 10
6403.033902694868
 20
-4468.800304862948
 11
6536.015433037874
 21
-4468.800304862948
 72
     1
 10
6536.015433037874
 20
-4468.800304862948
 11
6536.015433037874
 21
-4568.008748134717
 72
     1
 10
6536.015433037874
 20
-4568.008748134717
 11
6736.543137523359
 21
-4568.008748134717
 72
     1
 10
6736.543137523359
 20
-4568.008748134717
 11
6736.543137523359
 21
-4468.800304862948
 72
     1
 10
6736.543137523359
 20
-4468.800304862948
 11
7732.849206124945
 21
-4468.800304862948
 72
     1
 10
7732.849206124945
 20
-4468.800304862948
 11
7732.849206124945
 21
-4568.008748134717
 72
     1
 10
7732.849206124945
 20
-4568.008748134717
 11
7933.376910610433
 21
-4568.008748134717
 72
     1
 10
7933.376910610433
 20
-4568.008748134717
 11
7933.376910610433
 21
-4468.800304862948
 72
     1
 10
7933.376910610433
 20
-4468.800304862948
 11
8929.682979212016
 21
-4468.800304862948
 72
     1
 10
8929.682979212016
 20
-4468.800304862948
 11
8929.682979212016
 21
-4568.008748134717
 97
        0
 92
        1
 93
        5
 72
     1
 10
2257.486703907569
 20
-4511.314381324277
 11
2246.547822661733
 21
-4478.497737586773
 72
     1
 10
2246.547822661733
 20
-4478.497737586773
 11
2672.902033305743
 21
-4341.20153046867
 72
     1
 10
2672.902033305743
 20
-4341.20153046867
 11
2683.659556278085
 21
-4373.474099385687
 72
     1
 10
2683.659556278085
 20
-4373.474099385687
 11
2665.297079251047
 21
-4379.413213049121
 72
     1
 10
2665.297079251047
 20
-4379.413213049121
 11
2257.486703907569
 21
-4511.314381324277
 97
        0
 92
        1
 93
       13
 72
     1
 10
-6131.003036619116
 20
-4460.357033095134
 11
1024.669786599879
 21
-4460.357033095134
 72
     1
 10
1024.669786599879
 20
-4460.357033095134
 11
1024.669786599879
 21
-4361.148589823369
 72
     1
 10
1024.669786599879
 20
-4361.148589823369
 11
817.8096282885318
 21
-4361.148589823369
 72
     1
 10
817.8096282885318
 20
-4361.148589823369
 11
817.8096282885318
 21
-4299.934869506747
 72
     1
 10
817.8096282885318
 20
-4299.934869506747
 11
1024.669786599879
 21
-4299.934869506747
 72
     1
 10
1024.669786599879
 20
-4299.934869506747
 11
1024.669786599879
 21
-4280.937508029176
 72
     1
 10
1024.669786599879
 20
-4280.937508029176
 11
-6650.264250339434
 21
-4280.937508029176
 72
     1
 10
-6650.264250339434
 20
-4280.937508029176
 11
-6650.264250339434
 21
-4299.934869506747
 72
     1
 10
-6650.264250339434
 20
-4299.934869506747
 11
-6475.066361157374
 21
-4299.934869506747
 72
     1
 10
-6475.066361157374
 20
-4299.934869506747
 11
-6475.066361157374
 21
-4361.148589823369
 72
     1
 10
-6475.066361157374
 20
-4361.148589823369
 11
-6650.264250339434
 21
-4361.148589823369
 72
     1
 10
-6650.264250339434
 20
-4361.148589823369
 11
-6650.264250339434
 21
-4460.357033095134
 72
     1
 10
-6650.264250339434
 20
-4460.357033095134
 11
-6131.003036619116
 21
-4460.357033095134
 97
        0
 92
        1
 93
        5
 72
     1
 10
-5761.609896777428
 20
-4361.148589823369
 11
-5761.609896777428
 21
-4299.934869506747
 72
     1
 10
-5761.609896777428
 20
-4299.934869506747
 11
-5571.636282001703
 21
-4299.934869506747
 72
     1
 10
-5571.636282001703
 20
-4299.934869506747
 11
-5571.636282001703
 21
-4361.148589823369
 72
     1
 10
-5571.636282001703
 20
-4361.148589823369
 11
-5605.770466973041
 21
-4361.148589823369
 72
     1
 10
-5605.770466973041
 20
-4361.148589823369
 11
-5761.609896777428
 21
-4361.148589823369
 97
        0
 92
        1
 93
        4
 72
     1
 10
-6213.324936355264
 20
-4361.148589823369
 11
-6213.324936355264
 21
-4299.934869506747
 72
     1
 10
-6213.324936355264
 20
-4299.934869506747
 11
-6023.351321579539
 21
-4299.934869506747
 72
     1
 10
-6023.351321579539
 20
-4299.934869506747
 11
-6023.351321579539
 21
-4361.148589823369
 72
     1
 10
-6023.351321579539
 20
-4361.148589823369
 11
-6213.324936355264
 21
-4361.148589823369
 97
        0
 92
        1
 93
        4
 72
     1
 10
556.0682034864205
 20
-4361.148589823369
 11
366.0945887106982
 21
-4361.148589823369
 72
     1
 10
366.0945887106982
 20
-4361.148589823369
 11
366.0945887106982
 21
-4299.934869506747
 72
     1
 10
366.0945887106982
 20
-4299.934869506747
 11
556.0682034864205
 21
-4299.934869506747
 72
     1
 10
556.0682034864205
 20
-4299.934869506747
 11
556.0682034864205
 21
-4361.148589823369
 97
        0
 92
        1
 93
        4
 72
     1
 10
781.9257232753417
 20
-4361.148589823369
 11
591.9521084996151
 21
-4361.148589823369
 72
     1
 10
591.9521084996151
 20
-4361.148589823369
 11
591.9521084996151
 21
-4299.934869506747
 72
     1
 10
591.9521084996151
 20
-4299.934869506747
 11
781.9257232753417
 21
-4299.934869506747
 72
     1
 10
781.9257232753417
 20
-4299.934869506747
 11
781.9257232753417
 21
-4361.148589823369
 97
        0
 92
        1
 93
        4
 72
     1
 10
-5987.467416566345
 20
-4361.148589823369
 11
-5987.467416566345
 21
-4299.934869506747
 72
     1
 10
-5987.467416566345
 20
-4299.934869506747
 11
-5797.493801790622
 21
-4299.934869506747
 72
     1
 10
-5797.493801790622
 20
-4299.934869506747
 11
-5797.493801790622
 21
-4361.148589823369
 72
     1
 10
-5797.493801790622
 20
-4361.148589823369
 11
-5987.467416566345
 21
-4361.148589823369
 97
        0
 92
        1
 93
        4
 72
     1
 10
330.2106836975037
 20
-4361.148589823369
 11
112.7964356763952
 21
-4361.148589823369
 72
     1
 10
112.7964356763952
 20
-4361.148589823369
 11
112.7964356763952
 21
-4299.934869506747
 72
     1
 10
112.7964356763952
 20
-4299.934869506747
 11
330.2106836975037
 21
-4299.934869506747
 72
     1
 10
330.2106836975037
 20
-4299.934869506747
 11
330.2106836975037
 21
-4361.148589823369
 97
        0
 92
        1
 93
        4
 72
     1
 10
-6249.208841368457
 20
-4361.148589823369
 11
-6439.182456144182
 21
-4361.148589823369
 72
     1
 10
-6439.182456144182
 20
-4361.148589823369
 11
-6439.182456144182
 21
-4299.934869506747
 72
     1
 10
-6439.182456144182
 20
-4299.934869506747
 11
-6249.208841368457
 21
-4299.934869506747
 72
     1
 10
-6249.208841368457
 20
-4299.934869506747
 11
-6249.208841368457
 21
-4361.148589823369
 97
        0
 92
        1
 93
        4
 72
     1
 10
-5533.641559046557
 20
-4361.148589823369
 11
-5533.641559046557
 21
-4299.934869506747
 72
     1
 10
-5533.641559046557
 20
-4299.934869506747
 11
-5345.778762212784
 21
-4299.934869506747
 72
     1
 10
-5345.778762212784
 20
-4299.934869506747
 11
-5345.778762212784
 21
-4361.148589823369
 72
     1
 10
-5345.778762212784
 20
-4361.148589823369
 11
-5533.641559046557
 21
-4361.148589823369
 97
        0
 92
        1
 93
        4
 72
     1
 10
-148.9449891257139
 20
-4361.148589823369
 11
-338.9186039014385
 21
-4361.148589823369
 72
     1
 10
-338.9186039014385
 20
-4361.148589823369
 11
-338.9186039014385
 21
-4299.934869506747
 72
     1
 10
-338.9186039014385
 20
-4299.934869506747
 11
-148.9449891257139
 21
-4299.934869506747
 72
     1
 10
-148.9449891257139
 20
-4299.934869506747
 11
-148.9449891257139
 21
-4361.148589823369
 97
        0
 92
        1
 93
        5
 72
     1
 10
-5081.92651946872
 20
-4361.148589823369
 11
-5081.92651946872
 21
-4299.934869506747
 72
     1
 10
-5081.92651946872
 20
-4299.934869506747
 11
-4894.063722634947
 21
-4299.934869506747
 72
     1
 10
-4894.063722634947
 20
-4299.934869506747
 11
-4894.063722634947
 21
-4361.148589823369
 72
     1
 10
-4894.063722634947
 20
-4361.148589823369
 11
-4955.123818480417
 21
-4361.148589823369
 72
     1
 10
-4955.123818480417
 20
-4361.148589823369
 11
-5081.92651946872
 21
-4361.148589823369
 97
        0
 92
        1
 93
        4
 72
     1
 10
-5307.784039257638
 20
-4361.148589823369
 11
-5307.784039257638
 21
-4299.934869506747
 72
     1
 10
-5307.784039257638
 20
-4299.934869506747
 11
-5119.921242423867
 21
-4299.934869506747
 72
     1
 10
-5119.921242423867
 20
-4299.934869506747
 11
-5119.921242423867
 21
-4361.148589823369
 72
     1
 10
-5119.921242423867
 20
-4361.148589823369
 11
-5307.784039257638
 21
-4361.148589823369
 97
        0
 92
        1
 93
        4
 72
     1
 10
-374.802508914633
 20
-4361.148589823369
 11
-564.7761236903575
 21
-4361.148589823369
 72
     1
 10
-564.7761236903575
 20
-4361.148589823369
 11
-564.7761236903575
 21
-4299.934869506747
 72
     1
 10
-564.7761236903575
 20
-4299.934869506747
 11
-374.802508914633
 21
-4299.934869506747
 72
     1
 10
-374.802508914633
 20
-4299.934869506747
 11
-374.802508914633
 21
-4361.148589823369
 97
        0
 92
        1
 93
        4
 72
     1
 10
76.9125306632029
 20
-4361.148589823369
 11
-113.0610841125216
 21
-4361.148589823369
 72
     1
 10
-113.0610841125216
 20
-4361.148589823369
 11
-113.0610841125216
 21
-4299.934869506747
 72
     1
 10
-113.0610841125216
 20
-4299.934869506747
 11
76.9125306632029
 21
-4299.934869506747
 72
     1
 10
76.9125306632029
 20
-4299.934869506747
 11
76.9125306632029
 21
-4361.148589823369
 97
        0
 92
        1
 93
        5
 72
     1
 10
-4404.353960101967
 20
-4361.148589823369
 11
-4404.353960101967
 21
-4299.934869506747
 72
     1
 10
-4404.353960101967
 20
-4299.934869506747
 11
-4216.491163268194
 21
-4299.934869506747
 72
     1
 10
-4216.491163268194
 20
-4299.934869506747
 11
-4216.491163268194
 21
-4361.148589823369
 72
     1
 10
-4216.491163268194
 20
-4361.148589823369
 11
-4304.477169987793
 21
-4361.148589823369
 72
     1
 10
-4304.477169987793
 20
-4361.148589823369
 11
-4404.353960101967
 21
-4361.148589823369
 97
        0
 92
        1
 93
        4
 72
     1
 10
-4856.068999679804
 20
-4361.148589823369
 11
-4856.068999679804
 21
-4299.934869506747
 72
     1
 10
-4856.068999679804
 20
-4299.934869506747
 11
-4668.206202846031
 21
-4299.934869506747
 72
     1
 10
-4668.206202846031
 20
-4299.934869506747
 11
-4668.206202846031
 21
-4361.148589823369
 72
     1
 10
-4668.206202846031
 20
-4361.148589823369
 11
-4856.068999679804
 21
-4361.148589823369
 97
        0
 92
        1
 93
        4
 72
     1
 10
-4442.348683057112
 20
-4361.148589823369
 11
-4630.211479890883
 21
-4361.148589823369
 72
     1
 10
-4630.211479890883
 20
-4361.148589823369
 11
-4630.211479890883
 21
-4299.934869506747
 72
     1
 10
-4630.211479890883
 20
-4299.934869506747
 11
-4442.348683057112
 21
-4299.934869506747
 72
     1
 10
-4442.348683057112
 20
-4299.934869506747
 11
-4442.348683057112
 21
-4361.148589823369
 97
        0
 92
        1
 93
        4
 72
     1
 10
-826.5175484924688
 20
-4361.148589823369
 11
-1016.491163268195
 21
-4361.148589823369
 72
     1
 10
-1016.491163268195
 20
-4361.148589823369
 11
-1016.491163268195
 21
-4299.934869506747
 72
     1
 10
-1016.491163268195
 20
-4299.934869506747
 11
-826.5175484924688
 21
-4299.934869506747
 72
     1
 10
-826.5175484924688
 20
-4299.934869506747
 11
-826.5175484924688
 21
-4361.148589823369
 97
        0
 92
        1
 93
        4
 72
     1
 10
-600.6600287035497
 20
-4361.148589823369
 11
-790.6336434792765
 21
-4361.148589823369
 72
     1
 10
-790.6336434792765
 20
-4361.148589823369
 11
-790.6336434792765
 21
-4299.934869506747
 72
     1
 10
-790.6336434792765
 20
-4299.934869506747
 11
-600.6600287035497
 21
-4299.934869506747
 72
     1
 10
-600.6600287035497
 20
-4299.934869506747
 11
-600.6600287035497
 21
-4361.148589823369
 97
        0
 92
        1
 93
        5
 72
     1
 10
-3726.781400735212
 20
-4361.148589823369
 11
-3726.781400735212
 21
-4299.934869506747
 72
     1
 10
-3726.781400735212
 20
-4299.934869506747
 11
-3536.807785959486
 21
-4299.934869506747
 72
     1
 10
-3536.807785959486
 20
-4299.934869506747
 11
-3536.807785959486
 21
-4361.148589823369
 72
     1
 10
-3536.807785959486
 20
-4361.148589823369
 11
-3653.830521495168
 21
-4361.148589823369
 72
     1
 10
-3653.830521495168
 20
-4361.148589823369
 11
-3726.781400735212
 21
-4361.148589823369
 97
        0
 92
        1
 93
        4
 72
     1
 10
-4178.496440313048
 20
-4361.148589823369
 11
-4178.496440313048
 21
-4299.934869506747
 72
     1
 10
-4178.496440313048
 20
-4299.934869506747
 11
-3990.633643479274
 21
-4299.934869506747
 72
     1
 10
-3990.633643479274
 20
-4299.934869506747
 11
-3990.633643479274
 21
-4361.148589823369
 72
     1
 10
-3990.633643479274
 20
-4361.148589823369
 11
-4178.496440313048
 21
-4361.148589823369
 97
        0
 92
        1
 93
        4
 72
     1
 10
-3952.638920524131
 20
-4361.148589823369
 11
-3952.638920524131
 21
-4299.934869506747
 72
     1
 10
-3952.638920524131
 20
-4299.934869506747
 11
-3764.776123690358
 21
-4299.934869506747
 72
     1
 10
-3764.776123690358
 20
-4299.934869506747
 11
-3764.776123690358
 21
-4361.148589823369
 72
     1
 10
-3764.776123690358
 20
-4361.148589823369
 11
-3952.638920524131
 21
-4361.148589823369
 97
        0
 92
        1
 93
        4
 72
     1
 10
-2181.662667225979
 20
-4361.148589823369
 11
-2371.636282001704
 21
-4361.148589823369
 72
     1
 10
-2371.636282001704
 20
-4361.148589823369
 11
-2371.636282001704
 21
-4299.934869506747
 72
     1
 10
-2371.636282001704
 20
-4299.934869506747
 11
-2181.662667225979
 21
-4299.934869506747
 72
     1
 10
-2181.662667225979
 20
-4299.934869506747
 11
-2181.662667225979
 21
-4361.148589823369
 97
        0
 92
        1
 93
        4
 72
     1
 10
-1955.805147437059
 20
-4361.148589823369
 11
-2145.778762212784
 21
-4361.148589823369
 72
     1
 10
-2145.778762212784
 20
-4361.148589823369
 11
-2145.778762212784
 21
-4299.934869506747
 72
     1
 10
-2145.778762212784
 20
-4299.934869506747
 11
-1955.805147437059
 21
-4299.934869506747
 72
     1
 10
-1955.805147437059
 20
-4299.934869506747
 11
-1955.805147437059
 21
-4361.148589823369
 97
        0
 92
        1
 93
        4
 72
     1
 10
-3275.066361157376
 20
-4361.148589823369
 11
-3275.066361157376
 21
-4299.934869506747
 72
     1
 10
-3275.066361157376
 20
-4299.934869506747
 11
-3085.092746381649
 21
-4299.934869506747
 72
     1
 10
-3085.092746381649
 20
-4299.934869506747
 11
-3085.092746381649
 21
-4361.148589823369
 72
     1
 10
-3085.092746381649
 20
-4361.148589823369
 11
-3275.066361157376
 21
-4361.148589823369
 97
        0
 92
        1
 93
        4
 72
     1
 10
-1729.94762764814
 20
-4361.148589823369
 11
-1919.921242423867
 21
-4361.148589823369
 72
     1
 10
-1919.921242423867
 20
-4361.148589823369
 11
-1919.921242423867
 21
-4299.934869506747
 72
     1
 10
-1919.921242423867
 20
-4299.934869506747
 11
-1729.94762764814
 21
-4299.934869506747
 72
     1
 10
-1729.94762764814
 20
-4299.934869506747
 11
-1729.94762764814
 21
-4361.148589823369
 97
        0
 92
        1
 93
        4
 72
     1
 10
-3500.923880946293
 20
-4361.148589823369
 11
-3500.923880946293
 21
-4299.934869506747
 72
     1
 10
-3500.923880946293
 20
-4299.934869506747
 11
-3310.950266170569
 21
-4299.934869506747
 72
     1
 10
-3310.950266170569
 20
-4299.934869506747
 11
-3310.950266170569
 21
-4361.148589823369
 72
     1
 10
-3310.950266170569
 20
-4361.148589823369
 11
-3500.923880946293
 21
-4361.148589823369
 97
        0
 92
        1
 93
        4
 72
     1
 10
-1278.232588070304
 20
-4361.148589823369
 11
-1468.206202846029
 21
-4361.148589823369
 72
     1
 10
-1468.206202846029
 20
-4361.148589823369
 11
-1468.206202846029
 21
-4299.934869506747
 72
     1
 10
-1468.206202846029
 20
-4299.934869506747
 11
-1278.232588070304
 21
-4299.934869506747
 72
     1
 10
-1278.232588070304
 20
-4299.934869506747
 11
-1278.232588070304
 21
-4361.148589823369
 97
        0
 92
        1
 93
        4
 72
     1
 10
-3049.208841368458
 20
-4361.148589823369
 11
-3049.208841368458
 21
-4299.934869506747
 72
     1
 10
-3049.208841368458
 20
-4299.934869506747
 11
-2859.235226592732
 21
-4299.934869506747
 72
     1
 10
-2859.235226592732
 20
-4299.934869506747
 11
-2859.235226592732
 21
-4361.148589823369
 72
     1
 10
-2859.235226592732
 20
-4361.148589823369
 11
-3049.208841368458
 21
-4361.148589823369
 97
        0
 92
        1
 93
        4
 72
     1
 10
-1052.375068281385
 20
-4361.148589823369
 11
-1242.348683057112
 21
-4361.148589823369
 72
     1
 10
-1242.348683057112
 20
-4361.148589823369
 11
-1242.348683057112
 21
-4299.934869506747
 72
     1
 10
-1242.348683057112
 20
-4299.934869506747
 11
-1052.375068281385
 21
-4299.934869506747
 72
     1
 10
-1052.375068281385
 20
-4299.934869506747
 11
-1052.375068281385
 21
-4361.148589823369
 97
        0
 92
        1
 93
        4
 72
     1
 10
-1504.090107859224
 20
-4361.148589823369
 11
-1694.063722634948
 21
-4361.148589823369
 72
     1
 10
-1694.063722634948
 20
-4361.148589823369
 11
-1694.063722634948
 21
-4299.934869506747
 72
     1
 10
-1694.063722634948
 20
-4299.934869506747
 11
-1504.090107859224
 21
-4299.934869506747
 72
     1
 10
-1504.090107859224
 20
-4299.934869506747
 11
-1504.090107859224
 21
-4361.148589823369
 97
        0
 92
        1
 93
        4
 72
     1
 10
-2823.351321579539
 20
-4361.148589823369
 11
-2823.351321579539
 21
-4299.934869506747
 72
     1
 10
-2823.351321579539
 20
-4299.934869506747
 11
-2633.377706803814
 21
-4299.934869506747
 72
     1
 10
-2633.377706803814
 20
-4299.934869506747
 11
-2633.377706803814
 21
-4361.148589823369
 72
     1
 10
-2633.377706803814
 20
-4361.148589823369
 11
-2823.351321579539
 21
-4361.148589823369
 97
        0
 92
        1
 93
        4
 72
     1
 10
-2597.493801790621
 20
-4361.148589823369
 11
-2597.493801790621
 21
-4299.934869506747
 72
     1
 10
-2597.493801790621
 20
-4299.934869506747
 11
-2407.520187014896
 21
-4299.934869506747
 72
     1
 10
-2407.520187014896
 20
-4299.934869506747
 11
-2407.520187014896
 21
-4361.148589823369
 72
     1
 10
-2407.520187014896
 20
-4361.148589823369
 11
-2597.493801790621
 21
-4361.148589823369
 97
        0
 92
        1
 93
        5
 72
     1
 10
2730.02411398753
 20
-4358.47806275149
 11
2719.234038585204
 21
-4324.603223259956
 72
     1
 10
2719.234038585204
 20
-4324.603223259956
 11
3148.556120648062
 21
-4187.852239140962
 72
     1
 10
3148.556120648062
 20
-4187.852239140962
 11
3158.73749006815
 21
-4219.81608017541
 72
     1
 10
3158.73749006815
 20
-4219.81608017541
 11
2852.635963431075
 21
-4318.820792697091
 72
     1
 10
2852.635963431075
 20
-4318.820792697091
 11
2730.02411398753
 21
-4358.47806275149
 97
        0
 92
        1
 93
        4
 72
     1
 10
3205.102047777611
 20
-4204.820043541263
 11
3194.566425166743
 21
-4173.213175708669
 72
     1
 10
3194.566425166743
 20
-4173.213175708669
 11
3622.527579902514
 21
-4034.125800419544
 72
     1
 10
3622.527579902514
 20
-4034.125800419544
 11
3631.860326305478
 21
-4066.790412829901
 72
     1
 10
3631.860326305478
 20
-4066.790412829901
 11
3205.102047777611
 21
-4204.820043541263
 97
        0
 75
     0
 76
     1
 98
        1
 10
0.0
 20
0.0
450
        0
451
        0
460
0.0
461
0.0
452
        0
462
0.0
453
        0
470

1001
REVIT
1002
{
1070
     1
1000
22426076
1002
}
1002
{
1070
     5
1000
383807
1002
}
1002
{
1070
     2
1000
-2002000
1002
}
  0
HATCH
  5
27C
330
70
100
AcDbEntity
  8
A-JAN-___-___-EXI
 62
    33
420
 12688002
100
AcDbHatch
 10
0.0
 20
0.0
 30
0.0
210
0.0
220
0.0
230
1.0
  2
SOLID
 70
     1
 71
     0
 91
        1
 92
        1
 93
      129
 72
     1
 10
11646.39628585658
 20
-4080.415621543914
 11
11673.83691910196
 21
-4046.642534472677
 72
     1
 10
11673.83691910196
 20
-4046.642534472677
 11
11567.54963420075
 21
-3961.017629995499
 72
     1
 10
11567.54963420075
 20
-3961.017629995499
 11
11595.61908521526
 21
-3926.47061336225
 72
     1
 10
11595.61908521526
 20
-3926.47061336225
 11
11555.81309501397
 21
-3894.425667941096
 72
     1
 10
11555.81309501397
 20
-3894.425667941096
 11
11528.77610911366
 21
-3929.781726426119
 72
     1
 10
11528.77610911366
 20
-3929.781726426119
 11
11296.2100764222
 21
-3742.426819841075
 72
     1
 10
11296.2100764222
 20
-3742.426819841075
 11
11324.20348399293
 21
-3707.973395138629
 72
     1
 10
11324.20348399293
 20
-3707.973395138629
 11
11285.6804938694
 21
-3676.961300985821
 72
     1
 10
11285.6804938694
 20
-3676.961300985821
 11
11257.69787941748
 21
-3711.401441849721
 72
     1
 10
11257.69787941748
 20
-3711.401441849721
 11
11023.83395847581
 21
-3523.00095810511
 72
     1
 10
11023.83395847581
 20
-3523.00095810511
 11
11051.14562622597
 21
-3489.386597797215
 72
     1
 10
11051.14562622597
 20
-3489.386597797215
 11
11013.15090327083
 21
-3457.724328667926
 72
     1
 10
11013.15090327083
 20
-3457.724328667926
 11
10986.3347327803
 21
-3492.791628540144
 72
     1
 10
10986.3347327803
 20
-3492.791628540144
 11
10752.73360688983
 21
-3304.602852161816
 72
     1
 10
10752.73360688983
 20
-3304.602852161816
 11
10780.96092965605
 21
-3269.861531834154
 72
     1
 10
10780.96092965605
 20
-3269.861531834154
 11
10740.85538875895
 21
-3238.199262704866
 72
     1
 10
10740.85538875895
 20
-3238.199262704866
 11
10713.96154877156
 21
-3273.36813038069
 72
     1
 10
10713.96154877156
 20
-3273.36813038069
 11
10481.38788784223
 21
-3086.007078496719
 72
     1
 10
10481.38788784223
 20
-3086.007078496719
 11
10508.66541514418
 21
-3050.336465871094
 72
     1
 10
10508.66541514418
 20
-3050.336465871094
 11
10468.55987424708
 21
-3018.674196741803
 72
     1
 10
10468.55987424708
 20
-3018.674196741803
 11
10442.91098038148
 21
-3055.010129718072
 72
     1
 10
10442.91098038148
 20
-3055.010129718072
 11
10213.62468720176
 21
-2870.297377203147
 72
     1
 10
10213.62468720176
 20
-2870.297377203147
 11
10240.59153651621
 21
-2835.033035791936
 72
     1
 10
10240.59153651621
 20
-2835.033035791936
 11
10202.59681356107
 21
-2805.4815846046
 72
     1
 10
10202.59681356107
 20
-2805.4815846046
 11
10173.92942259413
 21
-2840.764527333131
 72
     1
 10
10173.92942259413
 20
-2840.764527333131
 11
9940.855388758958
 21
-2651.391874842067
 72
     1
 10
9940.855388758958
 20
-2651.391874842067
 11
9970.406839946292
 21
-2617.618787770832
 72
     1
 10
9970.406839946292
 20
-2617.618787770832
 11
9930.301299049192
 21
-2585.956518641541
 72
     1
 10
9930.301299049192
 20
-2585.956518641541
 11
9902.473268628581
 21
-2620.206402236141
 72
     1
 10
9902.473268628581
 20
-2620.206402236141
 11
9670.670692189032
 21
-2431.866808879011
 72
     1
 10
9670.670692189032
 20
-2431.866808879011
 11
9698.111325434421
 21
-2398.093721807769
 72
     1
 10
9698.111325434421
 20
-2398.093721807769
 11
9658.005784537319
 21
-2366.431452678479
 72
     1
 10
9658.005784537319
 20
-2366.431452678479
 11
9630.378151323863
 21
-2400.434693556575
 72
     1
 10
9630.378151323863
 20
-2400.434693556575
 11
9359.010603780232
 21
-2181.821334882235
 72
     1
 10
9359.010603780232
 20
-2181.821334882235
 11
9385.710270025446
 21
-2146.906386715423
 72
     1
 10
9385.710270025446
 20
-2146.906386715423
 11
9347.715547070299
 21
-2117.354935528084
 72
     1
 10
9347.715547070299
 20
-2117.354935528084
 11
9320.526396540596
 21
-2150.818505410798
 72
     1
 10
9320.526396540596
 20
-2150.818505410798
 11
9087.943581725831
 21
-1963.45007916811
 72
     1
 10
9087.943581725831
 20
-1963.45007916811
 11
9115.525573455521
 21
-1927.381320752362
 72
     1
 10
9115.525573455521
 20
-1927.381320752362
 11
9075.420032558422
 21
-1897.829869565025
 72
     1
 10
9075.420032558422
 20
-1897.829869565025
 11
9048.150278594214
 21
-1931.392643674831
 72
     1
 10
9048.150278594214
 20
-1931.392643674831
 11
8820.186777069412
 21
-1747.745530471335
 72
     1
 10
8820.186777069412
 20
-1747.745530471335
 11
8847.451694827553
 21
-1714.188708615156
 72
     1
 10
8847.451694827553
 20
-1714.188708615156
 11
8809.45697187241
 21
-1682.526439485868
 72
     1
 10
8809.45697187241
 20
-1682.526439485868
 11
8781.674580064699
 21
-1716.72015247998
 72
     1
 10
8781.674580064699
 20
-1716.72015247998
 11
8547.810659123026
 21
-1528.319668735368
 72
     1
 10
8547.810659123026
 20
-1528.319668735368
 11
8575.156180315682
 21
-1494.663642652095
 72
     1
 10
8575.156180315682
 20
-1494.663642652095
 11
8537.161457360536
 21
-1463.001373522806
 72
     1
 10
8537.161457360536
 20
-1463.001373522806
 11
8509.298462118309
 21
-1497.294290744012
 72
     1
 10
8509.298462118309
 20
-1497.294290744012
 11
8315.222504541759
 21
-1340.94694078343
 72
     1
 10
8315.222504541759
 20
-1340.94694078343
 11
8342.966206700911
 21
-1306.800845818322
 72
     1
 10
8342.966206700911
 20
-1306.800845818322
 11
8302.860665803811
 21
-1275.138576689035
 72
     1
 10
8302.860665803811
 20
-1275.138576689035
 11
8275.434541176638
 21
-1308.893806999399
 72
     1
 10
8275.434541176638
 20
-1308.893806999399
 11
8043.859181868333
 21
-1122.336985659265
 72
     1
 10
8043.859181868333
 20
-1122.336985659265
 11
8070.670692189034
 21
-1087.275779855263
 72
     1
 10
8070.670692189034
 20
-1087.275779855263
 11
8032.675969233892
 21
-1055.613510725976
 72
     1
 10
8032.675969233892
 20
-1055.613510725976
 11
8004.102903000347
 21
-1090.30937686671
 72
     1
 10
8004.102903000347
 20
-1090.30937686671
 11
7810.027918929719
 21
-933.962811161289
 72
     1
 10
7810.027918929719
 20
-933.962811161289
 11
7838.480718574256
 21
-899.4129830214909
 72
     1
 10
7838.480718574256
 20
-899.4129830214909
 11
7798.375177677162
 21
-867.7507138922017
 72
     1
 10
7798.375177677162
 20
-867.7507138922017
 11
7771.48599785958
 21
-902.9134874998078
 72
     1
 10
7771.48599785958
 20
-902.9134874998078
 11
7602.069109075576
 21
-766.4314526784815
 72
     1
 10
7602.069109075576
 20
-766.4314526784815
 11
7335.463359695295
 21
-906.6293036456992
 72
     1
 10
7335.463359695295
 20
-906.6293036456992
 11
7313.053086316479
 21
-863.8460544679587
 72
     1
 10
7313.053086316479
 20
-863.8460544679587
 11
7268.782984165864
 21
-887.174012487447
 72
     1
 10
7268.782984165864
 20
-887.174012487447
 11
7291.173548536052
 21
-929.9196353759905
 72
     1
 10
7291.173548536052
 20
-929.9196353759905
 11
7025.462390978225
 21
-1069.64705443657
 72
     1
 10
7025.462390978225
 20
-1069.64705443657
 11
7004.808673620143
 21
-1026.274247984593
 72
     1
 10
7004.808673620143
 20
-1026.274247984593
 11
6960.546490010412
 21
-1049.59803335978
 72
     1
 10
6960.546490010412
 20
-1049.59803335978
 11
6982.799827777838
 21
-1092.0816781885
 72
     1
 10
6982.799827777838
 20
-1092.0816781885
 11
6727.926540649102
 21
-1226.109872282058
 72
     1
 10
6727.926540649102
 20
-1226.109872282058
 11
6704.928365830515
 21
-1184.295008975534
 72
     1
 10
6704.928365830515
 20
-1184.295008975534
 11
6660.66047618298
 21
-1207.621801125133
 72
     1
 10
6660.66047618298
 20
-1207.621801125133
 11
6683.638178641354
 21
-1249.399441958545
 72
     1
 10
6683.638178641354
 20
-1249.399441958545
 11
6423.720342459105
 21
-1386.080373054384
 72
     1
 10
6423.720342459105
 20
-1386.080373054384
 11
6400.86278737825
 21
-1344.521182052331
 72
     1
 10
6400.86278737825
 20
-1344.521182052331
 11
6356.983836729114
 21
-1367.954110009024
 72
     1
 10
6356.983836729114
 20
-1367.954110009024
 11
6379.29161578398
 21
-1409.726181260617
 72
     1
 10
6379.29161578398
 20
-1409.726181260617
 11
6113.942459999062
 21
-1549.544909142861
 72
     1
 10
6113.942459999062
 20
-1549.544909142861
 11
6092.639204987747
 21
-1506.938399120226
 72
     1
 10
6092.639204987747
 20
-1506.938399120226
 11
6048.367049527503
 21
-1530.267439123229
 72
     1
 10
6048.367049527503
 20
-1530.267439123229
 11
6069.427975141302
 21
-1572.389290350816
 72
     1
 10
6069.427975141302
 20
-1572.389290350816
 11
5761.032190051133
 21
-1734.562935958575
 72
     1
 10
5761.032190051133
 20
-1734.562935958575
 11
5738.480963562414
 21
-1693.560705979084
 72
     1
 10
5738.480963562414
 20
-1693.560705979084
 11
5695.860453221434
 21
-1716.019418015047
 72
     1
 10
5695.860453221434
 20
-1716.019418015047
 11
5716.770091542463
 21
-1757.838694657102
 72
     1
 10
5716.770091542463
 20
-1757.838694657102
 11
5452.650933705142
 21
-1896.728941450866
 72
     1
 10
5452.650933705142
 20
-1896.728941450866
 11
5430.242256903881
 21
-1855.985892721305
 72
     1
 10
5430.242256903881
 20
-1855.985892721305
 11
5385.974367256345
 21
-1879.312684870903
 72
     1
 10
5385.974367256345
 20
-1879.312684870903
 11
5408.362571697391
 21
-1920.018511127354
 72
     1
 10
5408.362571697391
 20
-1920.018511127354
 11
5142.656427958574
 21
-2059.743293610698
 72
     1
 10
5142.656427958574
 20
-2059.743293610698
 11
5121.993079614163
 21
-2018.416596921874
 72
     1
 10
5121.993079614163
 20
-2018.416596921874
 11
5077.720924153922
 21
-2041.745636924876
 72
     1
 10
5077.720924153922
 20
-2041.745636924876
 11
5098.365271961567
 21
-2083.034332540161
 72
     1
 10
5098.365271961567
 20
-2083.034332540161
 11
4838.468111299861
 21
-2219.704391163987
 72
     1
 10
4838.468111299861
 20
-2219.704391163987
 11
4817.935257207981
 21
-2178.638682980222
 72
     1
 10
4817.935257207981
 20
-2178.638682980222
 11
4773.666811549465
 21
-2201.965768117645
 72
     1
 10
4773.666811549465
 20
-2201.965768117645
 11
4795.026298252198
 21
-2242.548792852844
 72
     1
 10
4795.026298252198
 20
-2242.548792852844
 11
4520.064882188904
 21
-2387.140571989577
 72
     1
 10
4520.064882188904
 20
-2387.140571989577
 11
4498.828211912857
 21
-2346.790898465079
 72
     1
 10
4498.828211912857
 20
-2346.790898465079
 11
4454.558323553666
 21
-2370.118743828006
 72
     1
 10
4454.558323553666
 20
-2370.118743828006
 11
4475.775211057189
 21
-2410.430830084703
 72
     1
 10
4475.775211057189
 20
-2410.430830084703
 11
4211.690433287539
 21
-2549.30299770495
 72
     1
 10
4211.690433287539
 20
-2549.30299770495
 11
4190.591503965972
 21
-2509.215031993974
 72
     1
 10
4190.591503965972
 20
-2509.215031993974
 11
4146.321615606786
 21
-2532.542877356901
 72
     1
 10
4146.321615606786
 20
-2532.542877356901
 11
4167.400762155826
 21
-2572.593255800077
 72
     1
 10
4167.400762155826
 20
-2572.593255800077
 11
3902.504060042288
 21
-2711.892383635643
 72
     1
 10
3902.504060042288
 20
-2711.892383635643
 11
3882.372726727421
 21
-2671.629717005908
 72
     1
 10
3882.372726727421
 20
-2671.629717005908
 11
3838.100571267178
 21
-2694.95875700891
 72
     1
 10
3838.100571267178
 20
-2694.95875700891
 11
3858.212904045278
 21
-2735.183422565104
 72
     1
 10
3858.212904045278
 20
-2735.183422565104
 11
3593.315310149582
 21
-2874.483019355083
 72
     1
 10
3593.315310149582
 20
-2874.483019355083
 11
3574.158931965178
 21
-2834.04177652134
 72
     1
 10
3574.158931965178
 20
-2834.04177652134
 11
3529.884459087393
 21
-2857.372037678496
 72
     1
 10
3529.884459087393
 20
-2857.372037678496
 11
3549.022636386155
 21
-2897.77485642033
 72
     1
 10
3549.022636386155
 20
-2897.77485642033
 11
3439.536127545237
 21
-2955.349658483227
 72
     1
 10
3439.536127545237
 20
-2955.349658483227
 11
3460.644306964761
 21
-2993.344381438376
 72
     1
 10
3460.644306964761
 20
-2993.344381438376
 11
7561.963568178483
 21
-844.5317165307251
 72
     1
 10
7561.963568178483
 20
-844.5317165307251
 11
7561.963568178483
 21
-924.7427983249179
 72
     1
 10
7561.963568178483
 20
-924.7427983249179
 11
7642.084034620984
 21
-924.7427983249179
 72
     1
 10
7642.084034620984
 20
-924.7427983249179
 11
7642.084034620984
 21
-857.123682884579
 72
     1
 10
7642.084034620984
 20
-857.123682884579
 11
9579.173823281717
 21
-2416.394166429621
 72
     1
 10
9579.173823281717
 20
-2416.394166429621
 11
9529.245890078215
 21
-2478.304803601962
 72
     1
 10
9529.245890078215
 20
-2478.304803601962
 11
9607.346153930462
 21
-2539.518523918586
 72
     1
 10
9607.346153930462
 20
-2539.518523918586
 11
9657.445474868552
 21
-2479.399338792875
 72
     1
 10
9657.445474868552
 20
-2479.399338792875
 11
11133.0608757282
 21
-3667.203617713633
 72
     1
 10
11133.0608757282
 20
-3667.203617713633
 11
11082.80789535526
 21
-3730.0198431798
 72
     1
 10
11082.80789535526
 20
-3730.0198431798
 11
11160.9081592075
 21
-3791.233563496422
 72
     1
 10
11160.9081592075
 20
-3791.233563496422
 11
11211.3798770226
 21
-3730.246904469854
 72
     1
 10
11211.3798770226
 20
-3730.246904469854
 11
11646.39628585658
 21
-4080.415621543914
 97
        0
 75
     0
 76
     1
 98
        1
 10
0.0
 20
0.0
450
        0
451
        0
460
0.0
461
0.0
452
        0
462
0.0
453
        0
470

1001
REVIT
1002
{
1070
     1
1000
22426687
1002
}
1002
{
1070
     5
1000
383807
1002
}
1002
{
1070
     2
1000
-2002000
1002
}
  0
HATCH
  5
299
330
70
100
AcDbEntity
  8
A-JAN-___-___-EXI
 62
    33
420
 12688002
100
AcDbHatch
 10
0.0
 20
0.0
 30
0.0
210
0.0
220
0.0
230
1.0
  2
SOLID
 70
     1
 71
     0
 91
        7
 92
        1
 93
        4
 72
     1
 10
526.5167522990883
 20
-7483.048325971127
 11
678.4956441196701
 21
-7483.048325971127
 72
     1
 10
678.4956441196701
 20
-7483.048325971127
 11
678.4956441196701
 21
-7381.729064757405
 72
     1
 10
678.4956441196701
 20
-7381.729064757405
 11
526.5167522990883
 21
-7381.729064757405
 72
     1
 10
526.5167522990883
 20
-7381.729064757405
 11
526.5167522990883
 21
-7483.048325971127
 97
        0
 92
        1
 93
        4
 72
     1
 10
2466.35844095344
 20
-5258.246215153187
 11
2466.35844095344
 21
-5159.037771881418
 72
     1
 10
2466.35844095344
 20
-5159.037771881418
 11
2417.809628288534
 21
-5159.037771881418
 72
     1
 10
2417.809628288534
 20
-5159.037771881418
 11
2417.809628288534
 21
-5258.246215153187
 72
     1
 10
2417.809628288534
 20
-5258.246215153187
 11
2466.35844095344
 21
-5258.246215153187
 97
        0
 92
        1
 93
        4
 72
     1
 10
1320.18429847323
 20
-5258.246215153187
 11
1370.843929080087
 21
-5258.246215153187
 72
     1
 10
1370.843929080087
 20
-5258.246215153187
 11
1370.843929080087
 21
-5159.037771881418
 72
     1
 10
1370.843929080087
 20
-5159.037771881418
 11
1320.18429847323
 21
-5159.037771881418
 72
     1
 10
1320.18429847323
 20
-5159.037771881418
 11
1320.18429847323
 21
-5258.246215153187
 97
        0
 92
        1
 93
        4
 72
     1
 10
-6031.794593347353
 20
-4559.565476366905
 11
-6031.794593347353
 21
-4460.357033095134
 72
     1
 10
-6031.794593347353
 20
-4460.357033095134
 11
-6131.003036619116
 21
-4460.357033095134
 72
     1
 10
-6131.003036619116
 20
-4460.357033095134
 11
-6131.003036619116
 21
-4559.565476366905
 72
     1
 10
-6131.003036619116
 20
-4559.565476366905
 11
-6031.794593347353
 21
-4559.565476366905
 97
        0
 92
        1
 93
        4
 72
     1
 10
515.9626625893252
 20
-4559.565476366905
 11
515.9626625893252
 21
-4460.357033095134
 72
     1
 10
515.9626625893252
 20
-4460.357033095134
 11
414.643401375604
 21
-4460.357033095134
 72
     1
 10
414.643401375604
 20
-4460.357033095134
 11
414.643401375604
 21
-4559.565476366905
 72
     1
 10
414.643401375604
 20
-4559.565476366905
 11
515.9626625893252
 21
-4559.565476366905
 97
        0
 92
        1
 93
        4
 72
     1
 10
11734.96002406689
 20
-4297.824051564794
 11
11834.16846733866
 21
-4297.824051564794
 72
     1
 10
11834.16846733866
 20
-4297.824051564794
 11
11834.16846733866
 21
-4196.504790351074
 72
     1
 10
11834.16846733866
 20
-4196.504790351074
 11
11734.96002406689
 21
-4196.504790351074
 72
     1
 10
11734.96002406689
 20
-4196.504790351074
 11
11734.96002406689
 21
-4297.824051564794
 97
        0
 92
        1
 93
        4
 72
     1
 10
4072.6908947793
 20
-2765.370225707277
 11
4174.010155993019
 21
-2765.370225707277
 72
     1
 10
4174.010155993019
 20
-2765.370225707277
 11
4174.010155993019
 21
-2683.048325971129
 72
     1
 10
4174.010155993019
 20
-2683.048325971129
 11
4072.6908947793
 21
-2683.048325971129
 72
     1
 10
4072.6908947793
 20
-2683.048325971129
 11
4072.6908947793
 21
-2765.370225707277
 97
        0
 75
     0
 76
     1
 98
        1
 10
0.0
 20
0.0
450
        0
451
        0
460
0.0
461
0.0
452
        0
462
0.0
453
        0
470

1001
REVIT
1002
{
1070
     1
1000
22429945
1002
}
1002
{
1070
     2
1000
-2002000
1002
}
  0
LINE
  5
39B
330
70
100
AcDbEntity
  8
A-ESC-___-___-EXI
100
AcDbLine
 10
-6150.000398096683
 20
-8549.011386657131
 30
0.0
 11
-5928.364514191669
 21
-8549.011386657131
 31
0.0
1001
REVIT
1002
{
1070
     1
1000
22425916
1002
}
1002
{
1070
     5
1000
383807
1002
}
1002
{
1070
     2
1000
-2000051
1002
}
1002
{
1070
     3
1000
-2000042
1002
}
  0
LINE
  5
39C
330
70
100
AcDbEntity
  8
A-ALV-___-___-EXI
100
AcDbLine
 10
-5928.364514191669
 20
-8209.169698002778
 30
0.0
 11
-5928.364514191669
 21
-7512.599777158452
 31
0.0
1001
REVIT
1002
{
1070
     1
1000
22425916
1002
}
1002
{
1070
     5
1000
383807
1002
}
1002
{
1070
     2
1000
-2000051
1002
}
1002
{
1070
     3
1000
-2000042
1002
}
  0
LINE
  5
39D
330
70
100
AcDbEntity
  8
A-ALV-___-___-EXI
100
AcDbLine
 10
-3994.855279363177
 20
-7293.074711195394
 30
0.0
 11
-3994.855279363177
 21
-4998.61560829302
 31
0.0
1001
REVIT
1002
{
1070
     1
1000
22425916
1002
}
1002
{
1070
     5
1000
383807
1002
}
1002
{
1070
     2
1000
-2000051
1002
}
1002
{
1070
     3
1000
-2000042
1002
}
  0
LINE
  5
39E
330
70
100
AcDbEntity
  8
A-ALV-___-___-EXI
100
AcDbLine
 10
-4134.169263532041
 20
-4998.61560829302
 30
0.0
 11
-4134.169263532041
 21
-7293.074711195394
 31
0.0
1001
REVIT
1002
{
1070
     1
1000
22425916
1002
}
1002
{
1070
     5
1000
383807
1002
}
1002
{
1070
     2
1000
-2000051
1002
}
1002
{
1070
     3
1000
-2000042
1002
}
  0
LINE
  5
39F
330
70
100
AcDbEntity
  8
A-ALV-___-___-EXI
100
AcDbLine
 10
-4214.380345326236
 20
-7512.599777158452
 30
0.0
 11
-4214.380345326236
 21
-8209.169698002778
 31
0.0
1001
REVIT
1002
{
1070
     1
1000
22425916
1002
}
1002
{
1070
     5
1000
383807
1002
}
1002
{
1070
     2
1000
-2000051
1002
}
1002
{
1070
     3
1000
-2000042
1002
}
  0
LINE
  5
3A1
330
70
100
AcDbEntity
  8
A-ALV-___-___-EXI
100
AcDbLine
 10
-3915.253417381496
 20
-8209.169698002778
 30
0.0
 11
-3915.253417381496
 21
-7512.599777158452
 31
0.0
1001
REVIT
1002
{
1070
     1
1000
22425916
1002
}
1002
{
1070
     5
1000
383807
1002
}
1002
{
1070
     2
1000
-2000051
1002
}
1002
{
1070
     3
1000
-2000042
1002
}
  0
LINE
  5
3A2
330
70
100
AcDbEntity
  8
A-ESC-___-___-EXI
100
AcDbLine
 10
446.3056705048916
 20
-7381.729064757397
 30
0.0
 11
404.089311665842
 21
-7381.729064757397
 31
0.0
1001
REVIT
1002
{
1070
     1
1000
22425916
1002
}
1002
{
1070
     5
1000
383807
1002
}
1002
{
1070
     2
1000
-2000051
1002
}
1002
{
1070
     3
1000
-2000042
1002
}
  0
LINE
  5
3A3
330
70
100
AcDbEntity
  8
A-ALV-___-___-EXI
100
AcDbLine
 10
323.878229871647
 20
-7512.599777158452
 30
0.0
 11
323.878229871647
 21
-8209.169698002778
 31
0.0
1001
REVIT
1002
{
1070
     1
1000
22425916
1002
}
1002
{
1070
     5
1000
383807
1002
}
1002
{
1070
     2
1000
-2000051
1002
}
1002
{
1070
     3
1000
-2000042
1002
}
  0
LINE
  5
3A4
330
70
100
AcDbEntity
  8
A-ESC-___-___-EXI
100
AcDbLine
 10
323.878229871647
 20
-8551.122204599085
 30
0.0
 11
606.7278340932822
 21
-8551.122204599085
 31
0.0
1001
REVIT
1002
{
1070
     1
1000
22425916
1002
}
1002
{
1070
     5
1000
383807
1002
}
1002
{
1070
     2
1000
-2000051
1002
}
1002
{
1070
     3
1000
-2000042
1002
}
  0
LINE
  5
3A5
330
70
100
AcDbEntity
  8
A-ALV-___-___-EXI
100
AcDbLine
 10
606.7278340932822
 20
-8209.169698002778
 30
0.0
 11
606.7278340932822
 21
-7611.808220430223
 31
0.0
1001
REVIT
1002
{
1070
     1
1000
22425916
1002
}
1002
{
1070
     5
1000
383807
1002
}
1002
{
1070
     2
1000
-2000051
1002
}
1002
{
1070
     3
1000
-2000042
1002
}
  0
LINE
  5
3A6
330
70
100
AcDbEntity
  8
A-ESC-___-___-EXI
100
AcDbLine
 10
11758.17902142836
 20
-7512.599777158452
 30
0.0
 11
11758.17902142836
 21
-8209.169698002778
 31
0.0
1001
REVIT
1002
{
1070
     1
1000
22425916
1002
}
1002
{
1070
     5
1000
383807
1002
}
1002
{
1070
     2
1000
-2000051
1002
}
1002
{
1070
     3
1000
-2000042
1002
}
  0
LINE
  5
3A7
330
70
100
AcDbEntity
  8
A-ESC-___-___-EXI
100
AcDbLine
 10
11758.17902142836
 20
-8551.122204599085
 30
0.0
 11
12032.58535388218
 21
-8551.122204599085
 31
0.0
1001
REVIT
1002
{
1070
     1
1000
22425916
1002
}
1002
{
1070
     5
1000
383807
1002
}
1002
{
1070
     2
1000
-2000051
1002
}
1002
{
1070
     3
1000
-2000042
1002
}
  0
LINE
  5
3B0
330
70
100
AcDbEntity
  8
A-ESC-___-___-EXI
100
AcDbLine
 10
8347.097227233112
 20
-4800.198721749483
 30
0.0
 11
8207.783243064248
 21
-4800.198721749483
 31
0.0
1001
REVIT
1002
{
1070
     1
1000
22425916
1002
}
1002
{
1070
     5
1000
383807
1002
}
1002
{
1070
     2
1000
-2000051
1002
}
1002
{
1070
     3
1000
-2000042
1002
}
  0
LINE
  5
3B5
330
70
100
AcDbEntity
  8
A-ESC-___-___-EXI
100
AcDbLine
 10
4074.801712721244
 20
-2765.370225707272
 30
0.0
 11
4074.801712721244
 21
-3872.869911597455
 31
0.0
1001
REVIT
1002
{
1070
     1
1000
22425916
1002
}
1002
{
1070
     5
1000
383807
1002
}
1002
{
1070
     2
1000
-2000051
1002
}
1002
{
1070
     3
1000
-2000042
1002
}
  0
LINE
  5
3B6
330
70
100
AcDbEntity
  8
A-ESC-___-___-EXI
100
AcDbLine
 10
4074.801712721244
 20
-3889.756455133075
 30
0.0
 11
4074.801712721244
 21
-3923.526558161096
 31
0.0
1001
REVIT
1002
{
1070
     1
1000
22425916
1002
}
1002
{
1070
     5
1000
383807
1002
}
1002
{
1070
     2
1000
-2000051
1002
}
1002
{
1070
     3
1000
-2000042
1002
}
  0
LINE
  5
3C8
330
70
100
AcDbEntity
  8
A-ALV-___-___-EXI
100
AcDbLine
 10
526.5167522990871
 20
-5437.665740219142
 30
0.0
 11
526.5167522990871
 21
-5289.908484282467
 31
0.0
1001
REVIT
1002
{
1070
     1
1000
22425916
1002
}
1002
{
1070
     5
1000
383807
1002
}
1002
{
1070
     2
1000
-2000051
1002
}
1002
{
1070
     3
1000
-2000042
1002
}
  0
LINE
  5
3C9
330
70
100
AcDbEntity
  8
A-ALV-___-___-EXI
100
AcDbLine
 10
526.5167522990871
 20
-5258.246215153181
 30
0.0
 11
526.5167522990871
 21
-5125.264684810169
 31
0.0
1001
REVIT
1002
{
1070
     1
1000
22425916
1002
}
1002
{
1070
     5
1000
383807
1002
}
1002
{
1070
     2
1000
-2000051
1002
}
1002
{
1070
     3
1000
-2000042
1002
}
  0
LINE
  5
3CA
330
70
100
AcDbEntity
  8
A-ALV-___-___-EXI
100
AcDbLine
 10
526.5167522990871
 20
-5071.668755673347
 30
0.0
 11
526.5167522990871
 21
-5032.388695364262
 31
0.0
1001
REVIT
1002
{
1070
     1
1000
22425916
1002
}
1002
{
1070
     5
1000
383807
1002
}
1002
{
1070
     2
1000
-2000051
1002
}
1002
{
1070
     3
1000
-2000042
1002
}
  0
HATCH
  5
3E4
330
70
100
AcDbEntity
  8
A-JAN-___-___-EXI
 62
     8
100
AcDbHatch
 10
0.0
 20
0.0
 30
0.0
210
0.0
220
0.0
230
1.0
  2
FP_1
 70
     0
 71
     0
 91
        1
 92
        1
 93
        4
 72
     1
 10
526.5167522990883
 20
-7381.729064757405
 11
526.5167522990883
 21
-5437.665740219149
 72
     1
 10
526.5167522990883
 20
-5437.665740219149
 11
446.3056705048911
 21
-5437.665740219149
 72
     1
 10
446.3056705048911
 20
-5437.665740219149
 11
446.3056705048911
 21
-7381.729064757405
 72
     1
 10
446.3056705048911
 20
-7381.729064757405
 11
526.5167522990883
 21
-7381.729064757405
 97
        0
 75
     0
 76
     2
 52
0.0
 41
1.0
 77
     0
 78
     1
 53
45.0
 43
0.0
 44
0.0
 45
-141.4213562373095
 46
141.4213562373095
 79
     0
 98
        1
 10
0.0
 20
0.0
1001
REVIT
1002
{
1070
     1
1000
22426067
1002
}
1002
{
1070
     5
1000
383807
1002
}
1002
{
1070
     2
1000
-2002000
1002
}
  0
LINE
  5
3F5
330
70
100
AcDbEntity
  8
A-ESC-___-___-EXI
100
AcDbLine
 10
-6031.794593347346
 20
-4460.357033095131
 30
0.0
 11
414.6434013756029
 21
-4460.357033095131
 31
0.0
1001
REVIT
1002
{
1070
     1
1000
22426076
1002
}
1002
{
1070
     5
1000
383807
1002
}
1002
{
1070
     2
1000
-2000051
1002
}
1002
{
1070
     3
1000
-2000042
1002
}
  0
LINE
  5
4AE
330
70
100
AcDbEntity
  8
A-ESC-___-___-EXI
100
AcDbLine
 10
2417.809628288531
 20
-5258.246215153181
 30
0.0
 11
1370.843929080085
 21
-5258.246215153181
 31
0.0
1001
REVIT
1002
{
1070
     1
1000
22426076
1002
}
1002
{
1070
     5
1000
383807
1002
}
1002
{
1070
     2
1000
-2000051
1002
}
1002
{
1070
     3
1000
-2000042
1002
}
  0
LWPOLYLINE
  5
5E1
330
70
100
AcDbEntity
  8
A-ESC-___-___-EXI
100
AcDbPolyline
 90
        4
 70
     1
 43
0.0
 10
526.5167522990871
 20
-7483.048325971118
 10
678.4956441196684
 20
-7483.048325971118
 10
678.4956441196684
 20
-7381.729064757397
 10
526.5167522990871
 20
-7381.729064757397
1001
REVIT
1002
{
1070
     1
1000
22429945
1002
}
1002
{
1070
     2
1000
-2000051
1002
}
1002
{
1070
     3
1000
-2000042
1002
}
  0
LWPOLYLINE
  5
5E2
330
70
100
AcDbEntity
  8
A-ESC-___-___-EXI
100
AcDbPolyline
 90
        4
 70
     1
 43
0.0
 10
1320.184298473228
 20
-5258.246215153181
 10
1370.843929080087
 20
-5258.246215153181
 10
1370.843929080087
 20
-5159.037771881412
 10
1320.184298473228
 20
-5159.037771881412
1001
REVIT
1002
{
1070
     1
1000
22429945
1002
}
1002
{
1070
     2
1000
-2000051
1002
}
1002
{
1070
     3
1000
-2000042
1002
}
  0
LWPOLYLINE
  5
5E3
330
70
100
AcDbEntity
  8
A-ESC-___-___-EXI
100
AcDbPolyline
 90
        4
 70
     1
 43
0.0
 10
2417.80962828853
 20
-5258.246215153181
 10
2466.358440953438
 20
-5258.246215153181
 10
2466.358440953438
 20
-5159.037771881412
 10
2417.80962828853
 20
-5159.037771881412
1001
REVIT
1002
{
1070
     1
1000
22429945
1002
}
1002
{
1070
     2
1000
-2000051
1002
}
1002
{
1070
     3
1000
-2000042
1002
}
  0
LWPOLYLINE
  5
5E4
330
70
100
AcDbEntity
  8
A-ESC-___-___-EXI
100
AcDbPolyline
 90
        4
 70
     1
 43
0.0
 10
-6131.003036619109
 20
-4559.5654763669
 10
-6031.794593347344
 20
-4559.5654763669
 10
-6031.794593347344
 20
-4460.357033095131
 10
-6131.003036619109
 20
-4460.357033095131
1001
REVIT
1002
{
1070
     1
1000
22429945
1002
}
1002
{
1070
     2
1000
-2000051
1002
}
1002
{
1070
     3
1000
-2000042
1002
}
  0
LWPOLYLINE
  5
5E5
330
70
100
AcDbEntity
  8
A-ESC-___-___-EXI
100
AcDbPolyline
 90
        4
 70
     1
 43
0.0
 10
515.962662589323
 20
-4559.5654763669
 10
515.962662589323
 20
-4460.357033095131
 10
414.643401375604
 20
-4460.357033095131
 10
414.643401375604
 20
-4559.5654763669
1001
REVIT
1002
{
1070
     1
1000
22429945
1002
}
1002
{
1070
     2
1000
-2000051
1002
}
1002
{
1070
     3
1000
-2000042
1002
}
  0
LWPOLYLINE
  5
5E6
330
70
100
AcDbEntity
  8
A-ESC-___-___-EXI
100
AcDbPolyline
 90
        4
 70
     1
 43
0.0
 10
11834.16846733865
 20
-4297.82405156479
 10
11834.16846733865
 20
-4196.504790351069
 10
11734.96002406688
 20
-4196.504790351069
 10
11734.96002406688
 20
-4297.82405156479
1001
REVIT
1002
{
1070
     1
1000
22429945
1002
}
1002
{
1070
     2
1000
-2000051
1002
}
1002
{
1070
     3
1000
-2000042
1002
}
  0
LWPOLYLINE
  5
5E7
330
70
100
AcDbEntity
  8
A-ESC-___-___-EXI
100
AcDbPolyline
 90
        4
 70
     1
 43
0.0
 10
4174.010155993012
 20
-2765.370225707272
 10
4174.010155993012
 20
-2683.048325971127
 10
4072.690894779294
 20
-2683.048325971127
 10
4072.690894779294
 20
-2765.370225707272
1001
REVIT
1002
{
1070
     1
1000
22429945
1002
}
1002
{
1070
     2
1000
-2000051
1002
}
1002
{
1070
     3
1000
-2000042
1002
}
  0
LWPOLYLINE
  5
5E8
330
70
100
AcDbEntity
  8
A-ESC-___-___-EXI
100
AcDbPolyline
 90
      129
 70
     1
 43
0.0
 10
7561.963568178473
 20
-844.5317165307246
 10
7561.963568178473
 20
-924.7427983249174
 10
7642.084034620975
 20
-924.7427983249174
 10
7642.084034620975
 20
-857.1236828845783
 10
9579.173823281704
 20
-2416.394166429619
 10
9529.245890078206
 20
-2478.304803601959
 10
9607.34615393045
 20
-2539.518523918584
 10
9657.445474868543
 20
-2479.399338792874
 10
11133.06087572818
 20
-3667.20361771363
 10
11082.80789535524
 20
-3730.019843179796
 10
11160.90815920749
 20
-3791.233563496418
 10
11211.37987702258
 20
-3730.24690446985
 10
11646.39628585656
 20
-4080.415621543911
 10
11673.83691910195
 20
-4046.642534472673
 10
11567.54963420074
 20
-3961.017629995493
 10
11595.61908521525
 20
-3926.470613362246
 10
11555.81309501396
 20
-3894.425667941094
 10
11528.77610911365
 20
-3929.781726426114
 10
11296.21007642218
 20
-3742.426819841071
 10
11324.20348399292
 20
-3707.973395138626
 10
11285.68049386938
 20
-3676.961300985818
 10
11257.69787941747
 20
-3711.401441849716
 10
11023.8339584758
 20
-3523.000958105104
 10
11051.14562622596
 20
-3489.386597797211
 10
11013.15090327082
 20
-3457.724328667922
 10
10986.33473278029
 20
-3492.791628540141
 10
10752.73360688981
 20
-3304.60285216181
 10
10780.96092965604
 20
-3269.86153183415
 10
10740.85538875894
 20
-3238.199262704863
 10
10713.96154877155
 20
-3273.368130380685
 10
10481.38788784222
 20
-3086.007078496716
 10
10508.66541514416
 20
-3050.336465871091
 10
10468.55987424707
 20
-3018.674196741802
 10
10442.91098038147
 20
-3055.01012971807
 10
10213.62468720174
 20
-2870.297377203144
 10
10240.5915365162
 20
-2835.033035791933
 10
10202.59681356105
 20
-2805.481584604598
 10
10173.92942259412
 20
-2840.764527333129
 10
9940.855388758947
 20
-2651.391874842066
 10
9970.406839946278
 20
-2617.618787770829
 10
9930.301299049181
 20
-2585.956518641538
 10
9902.473268628568
 20
-2620.206402236139
 10
9670.670692189021
 20
-2431.866808879008
 10
9698.111325434405
 20
-2398.093721807765
 10
9658.005784537309
 20
-2366.431452678478
 10
9630.378151323853
 20
-2400.434693556572
 10
9359.010603780225
 20
-2181.821334882231
 10
9385.710270025432
 20
-2146.906386715419
 10
9347.715547070286
 20
-2117.354935528083
 10
9320.526396540584
 20
-2150.818505410795
 10
9087.94358172582
 20
-1963.450079168109
 10
9115.525573455512
 20
-1927.381320752358
 10
9075.420032558417
 20
-1897.829869565023
 10
9048.150278594201
 20
-1931.392643674829
 10
8820.1867770694
 20
-1747.745530471334
 10
8847.451694827546
 20
-1714.188708615154
 10
8809.456971872402
 20
-1682.526439485867
 10
8781.674580064686
 20
-1716.720152479979
 10
8547.810659123015
 20
-1528.319668735367
 10
8575.156180315673
 20
-1494.663642652093
 10
8537.161457360527
 20
-1463.001373522806
 10
8509.2984621183
 20
-1497.294290744011
 10
8315.222504541749
 20
-1340.946940783429
 10
8342.966206700898
 20
-1306.800845818321
 10
8302.860665803802
 20
-1275.138576689034
 10
8275.434541176627
 20
-1308.893806999397
 10
8043.859181868318
 20
-1122.336985659265
 10
8070.670692189024
 20
-1087.275779855262
 10
8032.67596923388
 20
-1055.613510725975
 10
8004.102903000337
 20
-1090.309376866708
 10
7810.027918929709
 20
-933.962811161289
 10
7838.48071857425
 20
-899.4129830214903
 10
7798.375177677153
 20
-867.7507138922011
 10
7771.485997859571
 20
-902.9134874998073
 10
7602.069109075568
 20
-766.4314526784807
 10
7335.463359695286
 20
-906.6293036456981
 10
7313.053086316473
 20
-863.8460544679578
 10
7268.782984165854
 20
-887.1740124874461
 10
7291.173548536043
 20
-929.9196353759896
 10
7025.462390978217
 20
-1069.64705443657
 10
7004.808673620131
 20
-1026.274247984592
 10
6960.546490010402
 20
-1049.598033359779
 10
6982.799827777829
 20
-1092.081678188498
 10
6727.926540649093
 20
-1226.109872282058
 10
6704.928365830507
 20
-1184.295008975532
 10
6660.660476182973
 20
-1207.621801125132
 10
6683.638178641349
 20
-1249.399441958545
 10
6423.720342459097
 20
-1386.080373054383
 10
6400.862787378241
 20
-1344.52118205233
 10
6356.983836729106
 20
-1367.954110009023
 10
6379.291615783975
 20
-1409.726181260615
 10
6113.942459999053
 20
-1549.544909142859
 10
6092.639204987738
 20
-1506.938399120225
 10
6048.367049527496
 20
-1530.267439123227
 10
6069.427975141294
 20
-1572.389290350815
 10
5761.032190051126
 20
-1734.562935958575
 10
5738.480963562408
 20
-1693.560705979081
 10
5695.860453221428
 20
-1716.019418015047
 10
5716.770091542456
 20
-1757.8386946571
 10
5452.650933705135
 20
-1896.728941450864
 10
5430.242256903875
 20
-1855.985892721302
 10
5385.97436725634
 20
-1879.312684870902
 10
5408.362571697387
 20
-1920.018511127352
 10
5142.656427958568
 20
-2059.743293610696
 10
5121.993079614156
 20
-2018.416596921873
 10
5077.720924153916
 20
-2041.745636924873
 10
5098.365271961558
 20
-2083.034332540158
 10
4838.468111299857
 20
-2219.704391163983
 10
4817.935257207974
 20
-2178.638682980221
 10
4773.666811549456
 20
-2201.965768117643
 10
4795.026298252193
 20
-2242.548792852842
 10
4520.064882188898
 20
-2387.140571989574
 10
4498.82821191285
 20
-2346.790898465076
 10
4454.55832355366
 20
-2370.118743828003
 10
4475.775211057183
 20
-2410.4308300847
 10
4211.690433287532
 20
-2549.302997704946
 10
4190.591503965968
 20
-2509.215031993973
 10
4146.321615606781
 20
-2532.542877356898
 10
4167.40076215582
 20
-2572.593255800072
 10
3902.504060042282
 20
-2711.892383635639
 10
3882.372726727414
 20
-2671.629717005905
 10
3838.100571267174
 20
-2694.958757008906
 10
3858.212904045273
 20
-2735.183422565101
 10
3593.315310149578
 20
-2874.483019355079
 10
3574.158931965174
 20
-2834.041776521337
 10
3529.884459087388
 20
-2857.372037678494
 10
3549.022636386152
 20
-2897.774856420328
 10
3439.536127545232
 20
-2955.349658483226
 10
3460.644306964758
 20
-2993.344381438373
1001
REVIT
1002
{
1070
     1
1000
22426687
1002
}
1002
{
1070
     5
1000
383807
1002
}
1002
{
1070
     2
1000
-2000051
1002
}
1002
{
1070
     3
1000
-2000042
1002
}
  0
LWPOLYLINE
  5
5E9
330
70
100
AcDbEntity
  8
A-ESC-___-___-EXI
100
AcDbPolyline
 90
        4
 70
     1
 43
0.0
 10
832.5145210653563
 20
-4973.044961412323
 10
821.9840045351626
 20
-4937.241205209669
 10
1248.323160109238
 20
-4799.949846182539
 10
1261.010839509969
 20
-4833.783657917823
1001
REVIT
1002
{
1070
     1
1000
22426076
1002
}
1002
{
1070
     5
1000
383807
1002
}
1002
{
1070
     2
1000
-2000051
1002
}
1002
{
1070
     3
1000
-2000042
1002
}
  0
LWPOLYLINE
  5
5EA
330
70
100
AcDbEntity
  8
A-ESC-___-___-EXI
100
AcDbPolyline
 90
        4
 70
     1
 43
0.0
 10
1307.341539198909
 20
-4818.626958034728
 10
1296.642453344729
 20
-4784.389883301349
 10
1722.977227176389
 20
-4647.099935299606
 10
1734.138819625446
 20
-4680.584712646769
1001
REVIT
1002
{
1070
     1
1000
22426076
1002
}
1002
{
1070
     5
1000
383807
1002
}
1002
{
1070
     2
1000
-2000051
1002
}
1002
{
1070
     3
1000
-2000042
1002
}
  0
LWPOLYLINE
  5
5EB
330
70
100
AcDbEntity
  8
A-ESC-___-___-EXI
100
AcDbPolyline
 90
        4
 70
     1
 43
0.0
 10
1782.411305008105
 20
-4664.971580655816
 10
1771.902905429706
 20
-4631.344702004936
 10
2198.258877199253
 20
-4494.047927762481
 10
2208.596212191789
 20
-4527.127399738593
1001
REVIT
1002
{
1070
     1
1000
22426076
1002
}
1002
{
1070
     5
1000
383807
1002
}
1002
{
1070
     2
1000
-2000051
1002
}
1002
{
1070
     3
1000
-2000042
1002
}
  0
LWPOLYLINE
  5
5EC
330
70
100
AcDbEntity
  8
A-ESC-___-___-EXI
100
AcDbPolyline
 90
        4
 70
     1
 43
0.0
 10
2257.486703907566
 20
-4511.314381324271
 10
2246.54782266173
 20
-4478.497737586766
 10
2672.90203330574
 20
-4341.201530468665
 10
2683.659556278082
 20
-4373.474099385682
1001
REVIT
1002
{
1070
     1
1000
22426076
1002
}
1002
{
1070
     5
1000
383807
1002
}
1002
{
1070
     2
1000
-2000051
1002
}
1002
{
1070
     3
1000
-2000042
1002
}
  0
LWPOLYLINE
  5
5ED
330
70
100
AcDbEntity
  8
A-ESC-___-___-EXI
100
AcDbPolyline
 90
        4
 70
     1
 43
0.0
 10
2730.024113987524
 20
-4358.478062751484
 10
2719.234038585202
 20
-4324.603223259951
 10
3148.556120648059
 20
-4187.852239140958
 10
3158.737490068163
 20
-4219.816080175453
1001
REVIT
1002
{
1070
     1
1000
22426076
1002
}
1002
{
1070
     5
1000
383807
1002
}
1002
{
1070
     2
1000
-2000051
1002
}
1002
{
1070
     3
1000
-2000042
1002
}
  0
LWPOLYLINE
  5
5EE
330
70
100
AcDbEntity
  8
A-ESC-___-___-EXI
100
AcDbPolyline
 90
        4
 70
     1
 43
0.0
 10
3205.102047777606
 20
-4204.820043541256
 10
3194.566425166741
 20
-4173.213175708665
 10
3622.527579902511
 20
-4034.125800419539
 10
3631.860326305473
 20
-4066.790412829898
1001
REVIT
1002
{
1070
     1
1000
22426076
1002
}
1002
{
1070
     5
1000
383807
1002
}
1002
{
1070
     2
1000
-2000051
1002
}
1002
{
1070
     3
1000
-2000042
1002
}
  0
LWPOLYLINE
  5
5EF
330
70
100
AcDbEntity
  8
A-ESC-___-___-EXI
100
AcDbPolyline
 90
       14
 70
     1
 43
0.0
 10
3996.701448869002
 20
-3953.760727026532
 10
4074.801712721244
 20
-3953.760727026532
 10
4074.801712721244
 20
-3923.526558161097
 10
3680.186463143949
 20
-4051.159927946252
 10
3669.191041922823
 20
-4020.372748527091
 10
4074.801712721244
 20
-3889.756455133077
 10
4074.801712721245
 20
-3872.869911597457
 10
526.5167522990871
 20
-5015.502151828639
 10
526.5167522990871
 20
-5032.388695364262
 10
774.9946633135017
 20
-4952.372891876883
 10
786.1473591592455
 20
-4988.061518583259
 10
526.516752299087
 20
-5071.668755673346
 10
526.5167522990866
 20
-5125.264684810169
 10
3996.701448869002
 20
-3997.454658424945
1001
REVIT
1002
{
1070
     1
1000
22426076
1002
}
1002
{
1070
     5
1000
383807
1002
}
1002
{
1070
     2
1000
-2000051
1002
}
1002
{
1070
     3
1000
-2000042
1002
}
  0
LWPOLYLINE
  5
5F0
330
70
100
AcDbEntity
  8
A-ESC-___-___-EXI
100
AcDbPolyline
 90
       46
 70
     0
 43
0.0
 10
526.5167522990871
 20
-7483.048325971118
 10
526.5167522990871
 20
-7512.599777158452
 10
606.6176870950588
 20
-7512.599777158452
 10
606.6176870950588
 20
-7611.808220430223
 10
807.1453915805443
 20
-7611.808220430223
 10
807.1453915805443
 20
-7512.599777158452
 10
1807.783243064256
 20
-7512.599777158452
 10
1807.783243064256
 20
-7611.808220430223
 10
2006.200129607792
 20
-7611.808220430223
 10
2006.200129607792
 20
-7512.599777158452
 10
3004.617016151327
 20
-7512.599777158452
 10
3004.617016151327
 20
-7611.808220430223
 10
3203.03390269486
 20
-7611.808220430223
 10
3203.03390269486
 20
-7512.599777158452
 10
4201.450789238394
 20
-7512.599777158452
 10
4201.450789238394
 20
-7611.808220430223
 10
4399.867675781931
 20
-7611.808220430223
 10
4399.867675781931
 20
-7512.599777158452
 10
5398.284562325467
 20
-7512.599777158452
 10
5398.284562325467
 20
-7611.808220430223
 10
5596.701448868999
 20
-7611.808220430223
 10
5596.701448868999
 20
-7512.599777158452
 10
6595.118335412535
 20
-7512.599777158452
 10
6595.118335412535
 20
-7611.808220430223
 10
6793.535221956069
 20
-7611.808220430223
 10
6793.535221956069
 20
-7512.599777158452
 10
7791.952108499602
 20
-7512.599777158452
 10
7791.952108499602
 20
-7611.808220430223
 10
7992.479812985094
 20
-7611.808220430223
 10
7992.479812985094
 20
-7512.599777158452
 10
8988.785881586675
 20
-7512.599777158452
 10
8988.785881586675
 20
-7611.808220430223
 10
9189.313586072159
 20
-7611.808220430223
 10
9189.313586072159
 20
-7512.599777158452
 10
10185.61965467374
 20
-7512.599777158452
 10
10185.61965467374
 20
-7611.808220430223
 10
10386.14735915923
 20
-7611.808220430223
 10
10386.14735915923
 20
-7512.599777158452
 10
11382.45342776081
 20
-7512.599777158452
 10
11382.45342776081
 20
-7611.808220430223
 10
11580.87031430434
 20
-7611.808220430223
 10
11580.87031430434
 20
-7512.599777158452
 10
11838.39010322256
 20
-7512.599777158452
 10
11838.39010322256
 20
-7483.048325971118
 10
4558.850130792384
 20
-7483.048325971118
 10
678.4956441196684
 20
-7483.048325971118
1001
REVIT
1002
{
1070
     1
1000
22426076
1002
}
1002
{
1070
     5
1000
383807
1002
}
1002
{
1070
     2
1000
-2000051
1002
}
1002
{
1070
     3
1000
-2000042
1002
}
  0
LWPOLYLINE
  5
5F1
330
70
100
AcDbEntity
  8
A-ESC-___-___-EXI
100
AcDbPolyline
 90
        7
 70
     1
 43
0.0
 10
404.089311665842
 20
-4998.615608293022
 10
404.089311665842
 20
-4977.507428873496
 10
-5987.467416566339
 20
-4977.507428873496
 10
-5987.467416566339
 20
-4907.850436789064
 10
-6010.686413927817
 20
-4907.850436789064
 10
-6010.686413927817
 20
-4977.507428873496
 10
-6010.686413927817
 20
-4998.615608293022
1001
REVIT
1002
{
1070
     1
1000
22426076
1002
}
1002
{
1070
     5
1000
383807
1002
}
1002
{
1070
     2
1000
-2000051
1002
}
1002
{
1070
     3
1000
-2000042
1002
}
  0
LWPOLYLINE
  5
5F2
330
70
100
AcDbEntity
  8
A-ESC-___-___-EXI
100
AcDbPolyline
 90
        6
 70
     0
 43
0.0
 10
1320.184298473228
 20
-5258.246215153181
 10
526.5167522990871
 20
-5258.246215153181
 10
526.5167522990871
 20
-5289.908484282467
 10
4072.690894779294
 20
-5289.908484282467
 10
4072.690894779294
 20
-5258.246215153181
 10
2466.358440953437
 20
-5258.246215153181
1001
REVIT
1002
{
1070
     1
1000
22426076
1002
}
1002
{
1070
     5
1000
383807
1002
}
1002
{
1070
     2
1000
-2000051
1002
}
1002
{
1070
     3
1000
-2000042
1002
}
  0
LWPOLYLINE
  5
5F3
330
70
100
AcDbEntity
  8
A-ESC-___-___-EXI
100
AcDbPolyline
 90
        4
 70
     1
 43
0.0
 10
8207.783243064248
 20
-4829.75017293682
 10
8207.783243064248
 20
-4800.198721749483
 10
6447.783243064248
 20
-4800.198721749483
 10
6447.783243064248
 20
-4829.75017293682
1001
REVIT
1002
{
1070
     1
1000
22426076
1002
}
1002
{
1070
     5
1000
383807
1002
}
1002
{
1070
     2
1000
-2000051
1002
}
1002
{
1070
     3
1000
-2000042
1002
}
  0
LWPOLYLINE
  5
5F4
330
70
100
AcDbEntity
  8
A-ESC-___-___-EXI
100
AcDbPolyline
 90
        4
 70
     1
 43
0.0
 10
11730.73838818297
 20
-4829.75017293682
 10
11730.73838818297
 20
-4800.198721749483
 10
8347.097227233112
 20
-4800.198721749483
 10
8347.097227233112
 20
-4829.75017293682
1001
REVIT
1002
{
1070
     1
1000
22426076
1002
}
1002
{
1070
     5
1000
383807
1002
}
1002
{
1070
     2
1000
-2000051
1002
}
1002
{
1070
     3
1000
-2000042
1002
}
  0
LWPOLYLINE
  5
5F5
330
70
100
AcDbEntity
  8
A-ESC-___-___-EXI
100
AcDbPolyline
 90
       36
 70
     1
 43
0.0
 10
6536.015433037866
 20
-4568.008748134713
 10
6736.543137523351
 20
-4568.008748134713
 10
6736.543137523351
 20
-4468.800304862944
 10
7732.849206124936
 20
-4468.800304862944
 10
7732.849206124936
 20
-4568.008748134713
 10
7933.376910610421
 20
-4568.008748134713
 10
7933.376910610421
 20
-4468.800304862944
 10
8929.682979212005
 20
-4468.800304862944
 10
8929.682979212005
 20
-4568.008748134713
 10
9130.210683697491
 20
-4568.008748134713
 10
9130.210683697491
 20
-4468.800304862944
 10
10126.51675229907
 20
-4468.800304862944
 10
10126.51675229907
 20
-4568.008748134713
 10
10327.04445678456
 20
-4568.008748134713
 10
10327.04445678456
 20
-4468.800304862944
 10
11530.21068369749
 20
-4468.800304862944
 10
11530.21068369749
 20
-4568.008748134713
 10
11730.73838818297
 20
-4568.008748134713
 10
11730.73838818297
 20
-4437.138035733655
 10
11013.06028791912
 20
-4437.138035733655
 10
11013.06028791912
 20
-3776.452019902523
 10
9406.468886167308
 20
-2482.520621485637
 10
5432.937156872526
 20
-2482.520621485636
 10
4214.11569689011
 20
-2866.689486920993
 10
4214.11569689011
 20
-2898.685043093747
 10
5438.390103222637
 20
-2512.072072672949
 10
9396.17374438348
 20
-2512.072072672949
 10
9496.648678420443
 20
-2594.816135997509
 10
9440.500921164511
 20
-2674.605054203313
 10
9496.150887544983
 20
-2722.010581120013
 10
9556.400043770585
 20
-2640.674220215454
 10
10994.06292644155
 20
-3798.552410151052
 10
10994.06292644155
 20
-4437.138035733655
 10
6403.033902694859
 20
-4437.138035733655
 10
6403.033902694859
 20
-4468.800304862944
 10
6536.015433037866
 20
-4468.800304862944
1001
REVIT
1002
{
1070
     1
1000
22426076
1002
}
1002
{
1070
     5
1000
383807
1002
}
1002
{
1070
     2
1000
-2000051
1002
}
1002
{
1070
     3
1000
-2000042
1002
}
  0
LWPOLYLINE
  5
5F6
330
70
100
AcDbEntity
  8
A-ESC-___-___-EXI
100
AcDbPolyline
 90
        4
 70
     1
 43
0.0
 10
404.089311665842
 20
-7293.074711195394
 10
-3994.855279363177
 20
-7293.074711195394
 10
-3994.855279363177
 20
-7512.599777158452
 10
404.089311665842
 20
-7512.599777158452
1001
REVIT
1002
{
1070
     1
1000
22426076
1002
}
1002
{
1070
     5
1000
383807
1002
}
1002
{
1070
     2
1000
-2000051
1002
}
1002
{
1070
     3
1000
-2000042
1002
}
  0
LWPOLYLINE
  5
5F7
330
70
100
AcDbEntity
  8
A-ESC-___-___-EXI
100
AcDbPolyline
 90
        4
 70
     1
 43
0.0
 10
-6010.686413927817
 20
-7293.074711195394
 10
-6010.686413927817
 20
-7512.599777158452
 10
-4134.169263532041
 20
-7512.599777158452
 10
-4134.169263532041
 20
-7293.074711195394
1001
REVIT
1002
{
1070
     1
1000
22426076
1002
}
1002
{
1070
     5
1000
383807
1002
}
1002
{
1070
     2
1000
-2000051
1002
}
1002
{
1070
     3
1000
-2000042
1002
}
  0
LWPOLYLINE
  5
5F8
330
70
100
AcDbEntity
  8
A-ESC-___-___-EXI
100
AcDbPolyline
 90
        4
 70
     1
 43
0.0
 10
-6439.182456144175
 20
-4299.934869506744
 10
-6249.208841368449
 20
-4299.934869506744
 10
-6249.208841368449
 20
-4361.148589823365
 10
-6439.182456144175
 20
-4361.148589823365
1001
REVIT
1002
{
1070
     1
1000
22426076
1002
}
1002
{
1070
     5
1000
383807
1002
}
1002
{
1070
     2
1000
-2000051
1002
}
1002
{
1070
     3
1000
-2000042
1002
}
  0
LWPOLYLINE
  5
5F9
330
70
100
AcDbEntity
  8
A-ESC-___-___-EXI
100
AcDbPolyline
 90
        4
 70
     1
 43
0.0
 10
-6213.324936355257
 20
-4299.934869506744
 10
-6023.351321579532
 20
-4299.934869506744
 10
-6023.351321579532
 20
-4361.148589823365
 10
-6213.324936355257
 20
-4361.148589823365
1001
REVIT
1002
{
1070
     1
1000
22426076
1002
}
1002
{
1070
     5
1000
383807
1002
}
1002
{
1070
     2
1000
-2000051
1002
}
1002
{
1070
     3
1000
-2000042
1002
}
  0
LWPOLYLINE
  5
5FA
330
70
100
AcDbEntity
  8
A-ESC-___-___-EXI
100
AcDbPolyline
 90
        4
 70
     1
 43
0.0
 10
-5987.467416566339
 20
-4299.934869506744
 10
-5797.493801790614
 20
-4299.934869506744
 10
-5797.493801790614
 20
-4361.148589823365
 10
-5987.467416566339
 20
-4361.148589823365
1001
REVIT
1002
{
1070
     1
1000
22426076
1002
}
1002
{
1070
     5
1000
383807
1002
}
1002
{
1070
     2
1000
-2000051
1002
}
1002
{
1070
     3
1000
-2000042
1002
}
  0
LWPOLYLINE
  5
5FB
330
70
100
AcDbEntity
  8
A-ESC-___-___-EXI
100
AcDbPolyline
 90
        4
 70
     1
 43
0.0
 10
-5761.609896777422
 20
-4299.934869506744
 10
-5571.636282001697
 20
-4299.934869506744
 10
-5571.636282001697
 20
-4361.148589823365
 10
-5761.609896777422
 20
-4361.148589823365
1001
REVIT
1002
{
1070
     1
1000
22426076
1002
}
1002
{
1070
     5
1000
383807
1002
}
1002
{
1070
     2
1000
-2000051
1002
}
1002
{
1070
     3
1000
-2000042
1002
}
  0
LWPOLYLINE
  5
5FC
330
70
100
AcDbEntity
  8
A-ESC-___-___-EXI
100
AcDbPolyline
 90
        4
 70
     1
 43
0.0
 10
-5533.641559046552
 20
-4299.934869506744
 10
-5345.778762212778
 20
-4299.934869506744
 10
-5345.778762212778
 20
-4361.148589823365
 10
-5533.641559046552
 20
-4361.148589823365
1001
REVIT
1002
{
1070
     1
1000
22426076
1002
}
1002
{
1070
     5
1000
383807
1002
}
1002
{
1070
     2
1000
-2000051
1002
}
1002
{
1070
     3
1000
-2000042
1002
}
  0
LWPOLYLINE
  5
5FD
330
70
100
AcDbEntity
  8
A-ESC-___-___-EXI
100
AcDbPolyline
 90
        4
 70
     1
 43
0.0
 10
-5307.784039257633
 20
-4299.934869506744
 10
-5119.921242423862
 20
-4299.934869506744
 10
-5119.921242423862
 20
-4361.148589823365
 10
-5307.784039257633
 20
-4361.148589823365
1001
REVIT
1002
{
1070
     1
1000
22426076
1002
}
1002
{
1070
     5
1000
383807
1002
}
1002
{
1070
     2
1000
-2000051
1002
}
1002
{
1070
     3
1000
-2000042
1002
}
  0
LWPOLYLINE
  5
5FE
330
70
100
AcDbEntity
  8
A-ESC-___-___-EXI
100
AcDbPolyline
 90
        4
 70
     1
 43
0.0
 10
-5081.926519468715
 20
-4299.934869506744
 10
-4894.063722634942
 20
-4299.934869506744
 10
-4894.063722634942
 20
-4361.148589823365
 10
-5081.926519468715
 20
-4361.148589823365
1001
REVIT
1002
{
1070
     1
1000
22426076
1002
}
1002
{
1070
     5
1000
383807
1002
}
1002
{
1070
     2
1000
-2000051
1002
}
1002
{
1070
     3
1000
-2000042
1002
}
  0
LWPOLYLINE
  5
5FF
330
70
100
AcDbEntity
  8
A-ESC-___-___-EXI
100
AcDbPolyline
 90
        4
 70
     1
 43
0.0
 10
-4856.068999679798
 20
-4299.934869506744
 10
-4668.206202846024
 20
-4299.934869506744
 10
-4668.206202846024
 20
-4361.148589823365
 10
-4856.068999679798
 20
-4361.148589823365
1001
REVIT
1002
{
1070
     1
1000
22426076
1002
}
1002
{
1070
     5
1000
383807
1002
}
1002
{
1070
     2
1000
-2000051
1002
}
1002
{
1070
     3
1000
-2000042
1002
}
  0
LWPOLYLINE
  5
600
330
70
100
AcDbEntity
  8
A-ESC-___-___-EXI
100
AcDbPolyline
 90
        4
 70
     1
 43
0.0
 10
-4630.211479890879
 20
-4299.934869506744
 10
-4442.348683057107
 20
-4299.934869506744
 10
-4442.348683057107
 20
-4361.148589823365
 10
-4630.211479890879
 20
-4361.148589823365
1001
REVIT
1002
{
1070
     1
1000
22426076
1002
}
1002
{
1070
     5
1000
383807
1002
}
1002
{
1070
     2
1000
-2000051
1002
}
1002
{
1070
     3
1000
-2000042
1002
}
  0
LWPOLYLINE
  5
601
330
70
100
AcDbEntity
  8
A-ESC-___-___-EXI
100
AcDbPolyline
 90
        4
 70
     1
 43
0.0
 10
-4404.353960101961
 20
-4299.934869506744
 10
-4216.49116326819
 20
-4299.934869506744
 10
-4216.49116326819
 20
-4361.148589823365
 10
-4404.353960101961
 20
-4361.148589823365
1001
REVIT
1002
{
1070
     1
1000
22426076
1002
}
1002
{
1070
     5
1000
383807
1002
}
1002
{
1070
     2
1000
-2000051
1002
}
1002
{
1070
     3
1000
-2000042
1002
}
  0
LWPOLYLINE
  5
602
330
70
100
AcDbEntity
  8
A-ESC-___-___-EXI
100
AcDbPolyline
 90
        4
 70
     1
 43
0.0
 10
-4178.496440313043
 20
-4299.934869506744
 10
-3990.63364347927
 20
-4299.934869506744
 10
-3990.63364347927
 20
-4361.148589823365
 10
-4178.496440313043
 20
-4361.148589823365
1001
REVIT
1002
{
1070
     1
1000
22426076
1002
}
1002
{
1070
     5
1000
383807
1002
}
1002
{
1070
     2
1000
-2000051
1002
}
1002
{
1070
     3
1000
-2000042
1002
}
  0
LWPOLYLINE
  5
603
330
70
100
AcDbEntity
  8
A-ESC-___-___-EXI
100
AcDbPolyline
 90
        4
 70
     1
 43
0.0
 10
-3952.638920524126
 20
-4299.934869506744
 10
-3764.776123690353
 20
-4299.934869506744
 10
-3764.776123690353
 20
-4361.148589823365
 10
-3952.638920524126
 20
-4361.148589823365
1001
REVIT
1002
{
1070
     1
1000
22426076
1002
}
1002
{
1070
     5
1000
383807
1002
}
1002
{
1070
     2
1000
-2000051
1002
}
1002
{
1070
     3
1000
-2000042
1002
}
  0
LWPOLYLINE
  5
604
330
70
100
AcDbEntity
  8
A-ESC-___-___-EXI
100
AcDbPolyline
 90
        4
 70
     1
 43
0.0
 10
-3726.781400735208
 20
-4299.934869506744
 10
-3536.807785959483
 20
-4299.934869506744
 10
-3536.807785959483
 20
-4361.148589823365
 10
-3726.781400735208
 20
-4361.148589823365
1001
REVIT
1002
{
1070
     1
1000
22426076
1002
}
1002
{
1070
     5
1000
383807
1002
}
1002
{
1070
     2
1000
-2000051
1002
}
1002
{
1070
     3
1000
-2000042
1002
}
  0
LWPOLYLINE
  5
605
330
70
100
AcDbEntity
  8
A-ESC-___-___-EXI
100
AcDbPolyline
 90
        4
 70
     1
 43
0.0
 10
-3500.923880946289
 20
-4299.934869506744
 10
-3310.950266170566
 20
-4299.934869506744
 10
-3310.950266170566
 20
-4361.148589823365
 10
-3500.923880946289
 20
-4361.148589823365
1001
REVIT
1002
{
1070
     1
1000
22426076
1002
}
1002
{
1070
     5
1000
383807
1002
}
1002
{
1070
     2
1000
-2000051
1002
}
1002
{
1070
     3
1000
-2000042
1002
}
  0
LWPOLYLINE
  5
606
330
70
100
AcDbEntity
  8
A-ESC-___-___-EXI
100
AcDbPolyline
 90
        4
 70
     1
 43
0.0
 10
-3275.066361157373
 20
-4299.934869506744
 10
-3085.092746381647
 20
-4299.934869506744
 10
-3085.092746381647
 20
-4361.148589823365
 10
-3275.066361157373
 20
-4361.148589823365
1001
REVIT
1002
{
1070
     1
1000
22426076
1002
}
1002
{
1070
     5
1000
383807
1002
}
1002
{
1070
     2
1000
-2000051
1002
}
1002
{
1070
     3
1000
-2000042
1002
}
  0
LWPOLYLINE
  5
607
330
70
100
AcDbEntity
  8
A-ESC-___-___-EXI
100
AcDbPolyline
 90
        4
 70
     1
 43
0.0
 10
-3049.208841368455
 20
-4299.934869506744
 10
-2859.235226592729
 20
-4299.934869506744
 10
-2859.235226592729
 20
-4361.148589823365
 10
-3049.208841368455
 20
-4361.148589823365
1001
REVIT
1002
{
1070
     1
1000
22426076
1002
}
1002
{
1070
     5
1000
383807
1002
}
1002
{
1070
     2
1000
-2000051
1002
}
1002
{
1070
     3
1000
-2000042
1002
}
  0
LWPOLYLINE
  5
608
330
70
100
AcDbEntity
  8
A-ESC-___-___-EXI
100
AcDbPolyline
 90
        4
 70
     1
 43
0.0
 10
-2823.351321579536
 20
-4299.934869506744
 10
-2633.377706803811
 20
-4299.934869506744
 10
-2633.377706803811
 20
-4361.148589823365
 10
-2823.351321579536
 20
-4361.148589823365
1001
REVIT
1002
{
1070
     1
1000
22426076
1002
}
1002
{
1070
     5
1000
383807
1002
}
1002
{
1070
     2
1000
-2000051
1002
}
1002
{
1070
     3
1000
-2000042
1002
}
  0
LWPOLYLINE
  5
609
330
70
100
AcDbEntity
  8
A-ESC-___-___-EXI
100
AcDbPolyline
 90
        4
 70
     1
 43
0.0
 10
-2597.493801790619
 20
-4299.934869506744
 10
-2407.520187014893
 20
-4299.934869506744
 10
-2407.520187014893
 20
-4361.148589823365
 10
-2597.493801790619
 20
-4361.148589823365
1001
REVIT
1002
{
1070
     1
1000
22426076
1002
}
1002
{
1070
     5
1000
383807
1002
}
1002
{
1070
     2
1000
-2000051
1002
}
1002
{
1070
     3
1000
-2000042
1002
}
  0
LWPOLYLINE
  5
60A
330
70
100
AcDbEntity
  8
A-ESC-___-___-EXI
100
AcDbPolyline
 90
        4
 70
     1
 43
0.0
 10
-2371.636282001701
 20
-4299.934869506744
 10
-2181.662667225976
 20
-4299.934869506744
 10
-2181.662667225976
 20
-4361.148589823365
 10
-2371.636282001701
 20
-4361.148589823365
1001
REVIT
1002
{
1070
     1
1000
22426076
1002
}
1002
{
1070
     5
1000
383807
1002
}
1002
{
1070
     2
1000
-2000051
1002
}
1002
{
1070
     3
1000
-2000042
1002
}
  0
LWPOLYLINE
  5
60B
330
70
100
AcDbEntity
  8
A-ESC-___-___-EXI
100
AcDbPolyline
 90
        4
 70
     1
 43
0.0
 10
-2145.778762212783
 20
-4299.934869506744
 10
-1955.805147437057
 20
-4299.934869506744
 10
-1955.805147437057
 20
-4361.148589823365
 10
-2145.778762212783
 20
-4361.148589823365
1001
REVIT
1002
{
1070
     1
1000
22426076
1002
}
1002
{
1070
     5
1000
383807
1002
}
1002
{
1070
     2
1000
-2000051
1002
}
1002
{
1070
     3
1000
-2000042
1002
}
  0
LWPOLYLINE
  5
60C
330
70
100
AcDbEntity
  8
A-ESC-___-___-EXI
100
AcDbPolyline
 90
        4
 70
     1
 43
0.0
 10
-1919.921242423865
 20
-4299.934869506744
 10
-1729.947627648139
 20
-4299.934869506744
 10
-1729.947627648139
 20
-4361.148589823365
 10
-1919.921242423865
 20
-4361.148589823365
1001
REVIT
1002
{
1070
     1
1000
22426076
1002
}
1002
{
1070
     5
1000
383807
1002
}
1002
{
1070
     2
1000
-2000051
1002
}
1002
{
1070
     3
1000
-2000042
1002
}
  0
LWPOLYLINE
  5
60D
330
70
100
AcDbEntity
  8
A-ESC-___-___-EXI
100
AcDbPolyline
 90
        4
 70
     1
 43
0.0
 10
-1694.063722634946
 20
-4299.934869506744
 10
-1504.090107859222
 20
-4299.934869506744
 10
-1504.090107859222
 20
-4361.148589823365
 10
-1694.063722634946
 20
-4361.148589823365
1001
REVIT
1002
{
1070
     1
1000
22426076
1002
}
1002
{
1070
     5
1000
383807
1002
}
1002
{
1070
     2
1000
-2000051
1002
}
1002
{
1070
     3
1000
-2000042
1002
}
  0
LWPOLYLINE
  5
60E
330
70
100
AcDbEntity
  8
A-ESC-___-___-EXI
100
AcDbPolyline
 90
        4
 70
     1
 43
0.0
 10
-1468.206202846029
 20
-4299.934869506744
 10
-1278.232588070303
 20
-4299.934869506744
 10
-1278.232588070303
 20
-4361.148589823365
 10
-1468.206202846029
 20
-4361.148589823365
1001
REVIT
1002
{
1070
     1
1000
22426076
1002
}
1002
{
1070
     5
1000
383807
1002
}
1002
{
1070
     2
1000
-2000051
1002
}
1002
{
1070
     3
1000
-2000042
1002
}
  0
LWPOLYLINE
  5
60F
330
70
100
AcDbEntity
  8
A-ESC-___-___-EXI
100
AcDbPolyline
 90
        4
 70
     1
 43
0.0
 10
-1242.348683057111
 20
-4299.934869506744
 10
-1052.375068281385
 20
-4299.934869506744
 10
-1052.375068281385
 20
-4361.148589823365
 10
-1242.348683057111
 20
-4361.148589823365
1001
REVIT
1002
{
1070
     1
1000
22426076
1002
}
1002
{
1070
     5
1000
383807
1002
}
1002
{
1070
     2
1000
-2000051
1002
}
1002
{
1070
     3
1000
-2000042
1002
}
  0
LWPOLYLINE
  5
610
330
70
100
AcDbEntity
  8
A-ESC-___-___-EXI
100
AcDbPolyline
 90
        4
 70
     1
 43
0.0
 10
-1016.491163268193
 20
-4299.934869506744
 10
-826.5175484924677
 20
-4299.934869506744
 10
-826.5175484924677
 20
-4361.148589823365
 10
-1016.491163268193
 20
-4361.148589823365
1001
REVIT
1002
{
1070
     1
1000
22426076
1002
}
1002
{
1070
     5
1000
383807
1002
}
1002
{
1070
     2
1000
-2000051
1002
}
1002
{
1070
     3
1000
-2000042
1002
}
  0
LWPOLYLINE
  5
611
330
70
100
AcDbEntity
  8
A-ESC-___-___-EXI
100
AcDbPolyline
 90
        4
 70
     1
 43
0.0
 10
-790.6336434792754
 20
-4299.934869506744
 10
-600.6600287035487
 20
-4299.934869506744
 10
-600.6600287035487
 20
-4361.148589823365
 10
-790.6336434792754
 20
-4361.148589823365
1001
REVIT
1002
{
1070
     1
1000
22426076
1002
}
1002
{
1070
     5
1000
383807
1002
}
1002
{
1070
     2
1000
-2000051
1002
}
1002
{
1070
     3
1000
-2000042
1002
}
  0
LWPOLYLINE
  5
612
330
70
100
AcDbEntity
  8
A-ESC-___-___-EXI
100
AcDbPolyline
 90
        4
 70
     1
 43
0.0
 10
-564.7761236903575
 20
-4299.934869506744
 10
-374.802508914633
 20
-4299.934869506744
 10
-374.802508914633
 20
-4361.148589823365
 10
-564.7761236903575
 20
-4361.148589823365
1001
REVIT
1002
{
1070
     1
1000
22426076
1002
}
1002
{
1070
     5
1000
383807
1002
}
1002
{
1070
     2
1000
-2000051
1002
}
1002
{
1070
     3
1000
-2000042
1002
}
  0
LWPOLYLINE
  5
613
330
70
100
AcDbEntity
  8
A-ESC-___-___-EXI
100
AcDbPolyline
 90
        4
 70
     1
 43
0.0
 10
-338.9186039014396
 20
-4299.934869506744
 10
-148.9449891257128
 20
-4299.934869506744
 10
-148.9449891257128
 20
-4361.148589823365
 10
-338.9186039014396
 20
-4361.148589823365
1001
REVIT
1002
{
1070
     1
1000
22426076
1002
}
1002
{
1070
     5
1000
383807
1002
}
1002
{
1070
     2
1000
-2000051
1002
}
1002
{
1070
     3
1000
-2000042
1002
}
  0
LWPOLYLINE
  5
614
330
70
100
AcDbEntity
  8
A-ESC-___-___-EXI
100
AcDbPolyline
 90
        4
 70
     1
 43
0.0
 10
-113.0610841125205
 20
-4299.934869506744
 10
76.9125306632029
 20
-4299.934869506744
 10
76.9125306632029
 20
-4361.148589823365
 10
-113.0610841125205
 20
-4361.148589823365
1001
REVIT
1002
{
1070
     1
1000
22426076
1002
}
1002
{
1070
     5
1000
383807
1002
}
1002
{
1070
     2
1000
-2000051
1002
}
1002
{
1070
     3
1000
-2000042
1002
}
  0
LWPOLYLINE
  5
615
330
70
100
AcDbEntity
  8
A-ESC-___-___-EXI
100
AcDbPolyline
 90
        4
 70
     1
 43
0.0
 10
112.7964356763952
 20
-4299.934869506744
 10
330.2106836975037
 20
-4299.934869506744
 10
330.2106836975037
 20
-4361.148589823365
 10
112.7964356763952
 20
-4361.148589823365
1001
REVIT
1002
{
1070
     1
1000
22426076
1002
}
1002
{
1070
     5
1000
383807
1002
}
1002
{
1070
     2
1000
-2000051
1002
}
1002
{
1070
     3
1000
-2000042
1002
}
  0
LWPOLYLINE
  5
616
330
70
100
AcDbEntity
  8
A-ESC-___-___-EXI
100
AcDbPolyline
 90
        4
 70
     1
 43
0.0
 10
366.0945887106971
 20
-4299.934869506744
 10
556.0682034864217
 20
-4299.934869506744
 10
556.0682034864217
 20
-4361.148589823365
 10
366.0945887106971
 20
-4361.148589823365
1001
REVIT
1002
{
1070
     1
1000
22426076
1002
}
1002
{
1070
     5
1000
383807
1002
}
1002
{
1070
     2
1000
-2000051
1002
}
1002
{
1070
     3
1000
-2000042
1002
}
  0
LWPOLYLINE
  5
617
330
70
100
AcDbEntity
  8
A-ESC-___-___-EXI
100
AcDbPolyline
 90
        4
 70
     1
 43
0.0
 10
591.9521084996139
 20
-4299.934869506744
 10
781.9257232753395
 20
-4299.934869506744
 10
781.9257232753395
 20
-4361.148589823365
 10
591.9521084996139
 20
-4361.148589823365
1001
REVIT
1002
{
1070
     1
1000
22426076
1002
}
1002
{
1070
     5
1000
383807
1002
}
1002
{
1070
     2
1000
-2000051
1002
}
1002
{
1070
     3
1000
-2000042
1002
}
  0
LWPOLYLINE
  5
618
330
70
100
AcDbEntity
  8
A-BAS-___-___-EXI
100
AcDbPolyline
 90
        4
 70
     1
 43
0.0
 10
12032.58535388218
 20
-8551.122204599085
 10
12667.94155440989
 20
-8551.122204599085
 10
12667.94155440989
 20
-7932.652547607002
 10
12032.58535388218
 20
-7932.652547607002
1001
REVIT
1002
{
1070
     1
1000
22426026
1002
}
1002
{
1070
     5
1000
383807
1002
}
1002
{
1070
     2
1000
-2000051
1002
}
1002
{
1070
     3
1000
-2000042
1002
}
  0
LWPOLYLINE
  5
619
330
70
100
AcDbEntity
  8
A-BAS-___-___-EXI
100
AcDbPolyline
 90
        4
 70
     1
 43
0.0
 10
606.7278340932822
 20
-8209.169698002778
 10
606.7278340932812
 20
-8551.122204599085
 10
11758.17902142836
 20
-8551.122204599085
 10
11758.17902142836
 20
-8209.169698002778
1001
REVIT
1002
{
1070
     1
1000
22426026
1002
}
1002
{
1070
     5
1000
383807
1002
}
1002
{
1070
     2
1000
-2000051
1002
}
1002
{
1070
     3
1000
-2000042
1002
}
  0
LWPOLYLINE
  5
61A
330
70
100
AcDbEntity
  8
A-BAS-___-___-EXI
100
AcDbPolyline
 90
        4
 70
     1
 43
0.0
 10
-3915.253417381496
 20
-8209.169698002778
 10
-3915.253417381496
 20
-8551.122204599085
 10
323.878229871647
 20
-8551.122204599085
 10
323.878229871647
 20
-8209.169698002778
1001
REVIT
1002
{
1070
     1
1000
22426026
1002
}
1002
{
1070
     5
1000
383807
1002
}
1002
{
1070
     2
1000
-2000051
1002
}
1002
{
1070
     3
1000
-2000042
1002
}
  0
LWPOLYLINE
  5
61B
330
70
100
AcDbEntity
  8
A-BAS-___-___-EXI
100
AcDbPolyline
 90
        4
 70
     1
 43
0.0
 10
-5928.364514191669
 20
-8549.011386657131
 10
-4214.380345326236
 20
-8549.011386657131
 10
-4214.380345326236
 20
-8209.169698002778
 10
-5928.364514191669
 20
-8209.169698002778
1001
REVIT
1002
{
1070
     1
1000
22426026
1002
}
1002
{
1070
     5
1000
383807
1002
}
1002
{
1070
     2
1000
-2000051
1002
}
1002
{
1070
     3
1000
-2000042
1002
}
  0
LWPOLYLINE
  5
61C
330
70
100
AcDbEntity
  8
A-BAS-___-___-EXI
100
AcDbPolyline
 90
        4
 70
     1
 43
0.0
 10
-6150.000398096683
 20
-7290.96389325344
 10
-6821.240503637577
 20
-7290.96389325344
 10
-6821.240503637577
 20
-8551.122204599085
 10
-6150.000398096683
 20
-8551.122204599085
1001
REVIT
1002
{
1070
     1
1000
22426026
1002
}
1002
{
1070
     5
1000
383807
1002
}
1002
{
1070
     2
1000
-2000051
1002
}
1002
{
1070
     3
1000
-2000042
1002
}
  0
LWPOLYLINE
  5
61D
330
70
100
AcDbEntity
  8
A-ALV-___-___-EXI
100
AcDbPolyline
 90
        3
 70
     0
 43
0.0
 10
526.5167522990871
 20
-5015.502151828639
 10
526.5167522990871
 20
-4559.5654763669
 10
515.9626625893232
 20
-4559.5654763669
1001
REVIT
1002
{
1070
     1
1000
22425916
1002
}
1002
{
1070
     5
1000
383807
1002
}
1002
{
1070
     2
1000
-2000051
1002
}
1002
{
1070
     3
1000
-2000042
1002
}
  0
LWPOLYLINE
  5
61E
330
70
100
AcDbEntity
  8
A-ALV-___-___-EXI
100
AcDbPolyline
 90
        7
 70
     0
 43
0.0
 10
404.089311665842
 20
-4998.615608293022
 10
404.089311665842
 20
-5437.665740219142
 10
446.3056705048916
 20
-5437.665740219142
 10
526.5167522990871
 20
-5437.665740219142
 10
526.5167522990871
 20
-7381.729064757397
 10
446.3056705048911
 20
-7381.729064757397
 10
446.3056705048911
 20
-5437.665740219142
1001
REVIT
1002
{
1070
     1
1000
22425916
1002
}
1002
{
1070
     5
1000
383807
1002
}
1002
{
1070
     2
1000
-2000051
1002
}
1002
{
1070
     3
1000
-2000042
1002
}
  0
LWPOLYLINE
  5
61F
330
70
100
AcDbEntity
  8
A-ESC-___-___-EXI
100
AcDbPolyline
 90
        3
 70
     0
 43
0.0
 10
-6010.686413927817
 20
-4907.850436789066
 10
-6010.686413927817
 20
-4559.5654763669
 10
-6031.794593347346
 20
-4559.5654763669
1001
REVIT
1002
{
1070
     1
1000
22425916
1002
}
1002
{
1070
     5
1000
383807
1002
}
1002
{
1070
     2
1000
-2000051
1002
}
1002
{
1070
     3
1000
-2000042
1002
}
  0
LWPOLYLINE
  5
620
330
70
100
AcDbEntity
  8
A-ESC-___-___-EXI
100
AcDbPolyline
 90
        3
 70
     0
 43
0.0
 10
4214.11569689011
 20
-2866.689486920992
 10
4214.11569689011
 20
-2765.370225707272
 10
4174.010155993014
 20
-2765.370225707272
1001
REVIT
1002
{
1070
     1
1000
22425916
1002
}
1002
{
1070
     5
1000
383807
1002
}
1002
{
1070
     2
1000
-2000051
1002
}
1002
{
1070
     3
1000
-2000042
1002
}
  0
LWPOLYLINE
  5
621
330
70
100
AcDbEntity
  8
A-ALV-___-___-EXI
100
AcDbPolyline
 90
        6
 70
     0
 43
0.0
 10
11834.16846733865
 20
-4297.82405156479
 10
11834.16846733865
 20
-5188.589223068746
 10
12030.47453594023
 20
-5188.589223068746
 10
12030.47453594023
 20
-3660.357033095131
 10
11834.16846733865
 20
-3660.357033095131
 10
11834.16846733865
 20
-4196.504790351069
1001
REVIT
1002
{
1070
     1
1000
22425916
1002
}
1002
{
1070
     5
1000
383807
1002
}
1002
{
1070
     2
1000
-2000051
1002
}
1002
{
1070
     3
1000
-2000042
1002
}
  0
LWPOLYLINE
  5
622
330
70
100
AcDbEntity
  8
A-ALV-___-___-EXI
100
AcDbPolyline
 90
        4
 70
     0
 43
0.0
 10
-6010.686413927817
 20
-7293.074711195394
 10
-6010.686413927817
 20
-5693.074711195396
 10
-6150.000398096683
 20
-5693.074711195396
 10
-6150.000398096683
 20
-7290.96389325344
1001
REVIT
1002
{
1070
     1
1000
22425916
1002
}
1002
{
1070
     5
1000
383807
1002
}
1002
{
1070
     2
1000
-2000051
1002
}
1002
{
1070
     3
1000
-2000042
1002
}
  0
LWPOLYLINE
  5
632
330
70
100
AcDbEntity
  8
A-ESC-___-___-EXI
100
AcDbPolyline
 90
       14
 70
     0
 43
0.0
 10
515.962662589323
 20
-4460.357033095131
 10
1024.669786599877
 20
-4460.357033095131
 10
1024.669786599877
 20
-4361.148589823365
 10
817.8096282885318
 20
-4361.148589823365
 10
817.8096282885318
 20
-4299.934869506744
 10
1024.669786599877
 20
-4299.934869506744
 10
1024.669786599877
 20
-4280.937508029172
 10
-6650.264250339425
 20
-4280.937508029172
 10
-6650.264250339425
 20
-4299.934869506744
 10
-6475.066361157367
 20
-4299.934869506744
 10
-6475.066361157367
 20
-4361.148589823365
 10
-6650.264250339425
 20
-4361.148589823365
 10
-6650.264250339425
 20
-4460.357033095131
 10
-6131.003036619109
 20
-4460.357033095131
1001
REVIT
1002
{
1070
     1
1000
22426076
1002
}
1002
{
1070
     5
1000
383807
1002
}
1002
{
1070
     2
1000
-2000051
1002
}
1002
{
1070
     3
1000
-2000042
1002
}
  0
LWPOLYLINE
  5
633
330
70
100
AcDbEntity
  8
A-ALV-___-___-EXI
100
AcDbPolyline
 90
        3
 70
     0
 43
0.0
 10
414.6434013756039
 20
-4559.5654763669
 10
404.089311665842
 20
-4559.5654763669
 10
404.089311665842
 20
-4977.507428873497
1001
REVIT
1002
{
1070
     1
1000
22425916
1002
}
1002
{
1070
     5
1000
383807
1002
}
1002
{
1070
     2
1000
-2000051
1002
}
1002
{
1070
     3
1000
-2000042
1002
}
  0
LWPOLYLINE
  5
634
330
70
100
AcDbEntity
  8
A-ESC-___-___-EXI
100
AcDbPolyline
 90
        6
 70
     0
 43
0.0
 10
3996.701448869002
 20
-3997.454658424945
 10
3996.701448869002
 20
-4143.734341802256
 10
4144.458704805678
 20
-4143.734341802256
 10
4144.458704805678
 20
-3953.760727026533
 10
4214.11569689011
 20
-3953.760727026533
 10
4214.11569689011
 20
-2898.685043093747
1001
REVIT
1002
{
1070
     1
1000
22425916
1002
}
1002
{
1070
     5
1000
383807
1002
}
1002
{
1070
     2
1000
-2000051
1002
}
1002
{
1070
     3
1000
-2000042
1002
}
  0
LWPOLYLINE
  5
635
330
70
100
AcDbEntity
  8
A-ALV-___-___-EXI
100
AcDbPolyline
 90
        4
 70
     0
 43
0.0
 10
12032.58535388218
 20
-7932.652547607
 10
12032.58535388218
 20
-6385.422996155814
 10
11838.39010322256
 20
-6385.422996155814
 10
11838.39010322256
 20
-7483.048325971118
1001
REVIT
1002
{
1070
     1
1000
22425916
1002
}
1002
{
1070
     5
1000
383807
1002
}
1002
{
1070
     2
1000
-2000051
1002
}
1002
{
1070
     3
1000
-2000042
1002
}
  0
HATCH
  5
644
330
70
100
AcDbEntity
  8
A-COB-___-___-EXI
 62
   252
370
     9
100
AcDbHatch
 10
0.0
 20
0.0
 30
0.0
210
0.0
220
0.0
230
1.0
  2
SOLID
 70
     1
 71
     0
 91
        1
 92
        1
 93
        3
 72
     1
 10
9497.493005597249
 20
-2723.153866868212
 11
9531.26609266849
 21
-2674.605054203303
 72
     1
 10
9531.26609266849
 20
-2674.605054203305
 11
9496.150887545001
 21
-2722.010581120005
 72
     1
 10
9496.150887545001
 20
-2722.010581120005
 11
9497.493005597249
 21
-2723.153866868213
 97
        0
 75
     0
 76
     1
 98
        1
 10
-9035.488524745755
 20
-20808.64199351728
450
        0
451
        0
460
0.0
461
0.0
452
        0
462
0.0
453
        0
470

1001
REVIT
1002
{
1070
     1
1000
22425903
1002
}
1002
{
1070
     5
1000
22389725
1002
}
1002
{
1070
     3
1000
22389728
1002
}
  0
HATCH
  5
645
330
70
100
AcDbEntity
  8
A-ALV-___-___-EXI
 62
   252
370
     9
100
AcDbHatch
 10
0.0
 20
0.0
 30
0.0
210
0.0
220
0.0
230
1.0
  2
SOLID
 70
     1
 71
     0
 91
        1
 92
        1
 93
        3
 72
     1
 10
-3915.253417381498
 20
-8209.169698002776
 11
-3914.644197568982
 21
-8209.169698002776
 72
     1
 10
-3914.644197568982
 20
-8209.169698002776
 11
-3915.253417381498
 21
-7512.599777158449
 72
     1
 10
-3915.253417381498
 20
-7512.599777158449
 11
-3915.253417381498
 21
-8209.169698002778
 97
        0
 75
     0
 76
     1
 98
        1
 10
-9035.488524745755
 20
-20808.64199351728
450
        0
451
        0
460
0.0
461
0.0
452
        0
462
0.0
453
        0
470

1001
REVIT
1002
{
1070
     1
1000
22425903
1002
}
1002
{
1070
     5
1000
22389725
1002
}
1002
{
1070
     3
1000
22389728
1002
}
  0
HATCH
  5
646
330
70
100
AcDbEntity
  8
A-ALV-___-___-EXI
 62
   252
370
     9
100
AcDbHatch
 10
0.0
 20
0.0
 30
0.0
210
0.0
220
0.0
230
1.0
  2
SOLID
 70
     1
 71
     0
 91
        1
 92
        1
 93
        3
 72
     1
 10
446.3056705048966
 20
-5577.853166294985
 11
446.3056705048966
 21
-5437.665740219141
 72
     1
 10
446.3056705048966
 20
-5437.665740219141
 11
440.4937543416367
 21
-5437.665740219141
 72
     1
 10
440.4937543416362
 20
-5437.665740219141
 11
446.3056705048962
 21
-5577.853166294985
 97
        0
 75
     0
 76
     1
 98
        1
 10
-9035.488524745755
 20
-20808.64199351728
450
        0
451
        0
460
0.0
461
0.0
452
        0
462
0.0
453
        0
470

1001
REVIT
1002
{
1070
     1
1000
22425903
1002
}
1002
{
1070
     5
1000
22389725
1002
}
1002
{
1070
     3
1000
22389728
1002
}
  0
LWPOLYLINE
  5
647
330
70
100
AcDbEntity
  8
A-POR-___-___-EXI
 62
    18
370
     9
100
AcDbPolyline
 90
        4
 70
   129
 43
0.0
 10
3198.812266810956
 20
-5239.248853675608
 10
3798.284562325467
 20
-5239.248853675608
 10
3798.284562325467
 20
-4641.88737610305
 10
3198.812266810956
 20
-4641.88737610305
1001
REVIT
1002
{
1070
     1
1000
22425903
1002
}
1002
{
1070
     5
1000
22389725
1002
}
1002
{
1070
     3
1000
22389728
1002
}
  0
LWPOLYLINE
  5
648
330
70
100
AcDbEntity
  8
A-JAN-___-___-EXI
 62
    18
370
     9
100
AcDbPolyline
 90
        4
 70
   129
 43
0.0
 10
-151.055807067667
 20
-5796.504790351069
 10
-62.40145350566308
 20
-5796.504790351069
 10
-62.40145350566308
 20
-6195.449381380091
 10
-151.055807067667
 20
-6195.449381380091
1001
REVIT
1002
{
1070
     1
1000
22425903
1002
}
1002
{
1070
     5
1000
22389725
1002
}
1002
{
1070
     3
1000
22389728
1002
}
  0
LWPOLYLINE
  5
649
330
70
100
AcDbEntity
  8
A-JAN-___-___-EXI
 62
    18
370
     9
100
AcDbPolyline
 90
        4
 70
   129
 43
0.0
 10
-4866.623089389561
 20
-5796.504790351069
 10
-4267.150793875049
 20
-5796.504790351069
 10
-4267.150793875049
 20
-5197.03249483656
 10
-4866.623089389561
 20
-5197.03249483656
1001
REVIT
1002
{
1070
     1
1000
22425903
1002
}
1002
{
1070
     5
1000
22389725
1002
}
1002
{
1070
     3
1000
22389728
1002
}
  0
LWPOLYLINE
  5
64A
330
70
100
AcDbEntity
  8
A-JAN-___-___-EXI
 62
    18
370
     9
100
AcDbPolyline
 90
        4
 70
   129
 43
0.0
 10
-4885.620450867133
 20
-5815.502151828641
 10
-4248.153432397476
 20
-5815.502151828641
 10
-4248.153432397476
 20
-5178.035133358986
 10
-4885.620450867133
 20
-5178.035133358986
1001
REVIT
1002
{
1070
     1
1000
22425903
1002
}
1002
{
1070
     5
1000
22389725
1002
}
1002
{
1070
     3
1000
22389728
1002
}
  0
LWPOLYLINE
  5
64B
330
70
100
AcDbEntity
  8
A-POR-___-___-EXI
 62
    18
370
     9
100
AcDbPolyline
 90
        4
 70
   129
 43
0.0
 10
3249.471897417816
 20
-4931.069434150543
 10
3198.812266810956
 20
-4931.069434150543
 10
3198.812266810956
 20
-4939.512705918352
 10
3249.471897417816
 20
-4939.512705918352
1001
REVIT
1002
{
1070
     1
1000
22425903
1002
}
1002
{
1070
     5
1000
22389725
1002
}
1002
{
1070
     3
1000
22389728
1002
}
  0
LINE
  5
64C
330
70
100
AcDbEntity
  8
A-JAN-___-___-EXI
 62
    18
370
     9
100
AcDbLine
 10
-4267.150793875049
 20
-5408.114289031807
 30
0.0
 11
-4866.623089389561
 21
-5408.114289031807
 31
0.0
1001
REVIT
1002
{
1070
     1
1000
22425903
1002
}
1002
{
1070
     5
1000
22389725
1002
}
1002
{
1070
     3
1000
22389728
1002
}
  0
LWPOLYLINE
  5
64D
330
70
100
AcDbEntity
  8
A-POR-___-___-EXI
 62
    18
370
     9
100
AcDbPolyline
 90
        4
 70
   128
 43
0.0
 10
7665.303031982452
 20
-4437.138035733655
 10
7665.303031982452
 20
-2642.942785074029
 10
6867.413849924408
 20
-2642.942785074029
 10
6867.413849924408
 20
-3440.831967132075
1001
REVIT
1002
{
1070
     1
1000
22425903
1002
}
1002
{
1070
     5
1000
22389725
1002
}
1002
{
1070
     3
1000
22389728
1002
}
  0
LINE
  5
64E
330
70
100
AcDbEntity
  8
A-POR-___-___-EXI
 62
    18
370
     9
100
AcDbLine
 10
6867.413849924408
 20
-3470.383418319408
 30
0.0
 11
6867.413849924408
 21
-4437.138035733655
 31
0.0
1001
REVIT
1002
{
1070
     1
1000
22425903
1002
}
1002
{
1070
     5
1000
22389725
1002
}
1002
{
1070
     3
1000
22389728
1002
}
  0
LINE
  5
64F
330
70
100
AcDbEntity
  8
A-POR-___-___-EXI
 62
    18
370
     9
100
AcDbLine
 10
6867.413849924408
 20
-4407.586584546323
 30
0.0
 11
7665.303031982452
 21
-4407.586584546323
 31
0.0
1001
REVIT
1002
{
1070
     1
1000
22425903
1002
}
1002
{
1070
     5
1000
22389725
1002
}
1002
{
1070
     3
1000
22389728
1002
}
  0
LWPOLYLINE
  5
650
330
70
100
AcDbEntity
  8
A-POR-___-___-EXI
 62
    18
370
     9
100
AcDbPolyline
 90
        4
 70
   129
 43
0.0
 10
6833.640762853168
 20
-3440.831967132075
 10
6833.640762853168
 20
-3470.383418319408
 10
6903.2977549376
 20
-3470.383418319408
 10
6903.2977549376
 20
-3440.831967132075
1001
REVIT
1002
{
1070
     1
1000
22425903
1002
}
1002
{
1070
     5
1000
22389725
1002
}
1002
{
1070
     3
1000
22389728
1002
}
  0
LWPOLYLINE
  5
651
330
70
100
AcDbEntity
  8
A-JAN-___-___-EXI
 62
    18
370
     9
100
AcDbPolyline
 90
        4
 70
   129
 43
0.0
 10
-860.2906355637086
 20
-5716.293708556875
 10
-860.2906355637086
 20
-5866.161782435503
 10
-161.6098967774305
 20
-5866.161782435503
 10
-161.6098967774305
 20
-5716.293708556875
1001
REVIT
1002
{
1070
     1
1000
22425903
1002
}
1002
{
1070
     5
1000
22389725
1002
}
1002
{
1070
     3
1000
22389728
1002
}
  0
LWPOLYLINE
  5
652
330
70
100
AcDbEntity
  8
A-JAN-___-___-EXI
 62
    18
370
     9
100
AcDbPolyline
 90
        4
 70
   129
 43
0.0
 10
-1658.179817621755
 20
-6035.027217791701
 10
-959.4990788354753
 20
-6035.027217791701
 10
-959.4990788354753
 20
-6195.449381380091
 10
-1658.179817621755
 20
-6195.449381380091
1001
REVIT
1002
{
1070
     1
1000
22425903
1002
}
1002
{
1070
     5
1000
22389725
1002
}
1002
{
1070
     3
1000
22389728
1002
}
  0
LWPOLYLINE
  5
653
330
70
100
AcDbEntity
  8
A-JAN-___-___-EXI
 62
    18
370
     9
100
AcDbPolyline
 90
        4
 70
   129
 43
0.0
 10
-2466.623089389564
 20
-5397.560199322047
 10
-2466.623089389564
 20
-5796.504790351069
 10
-2555.277442951569
 20
-5796.504790351069
 10
-2555.277442951569
 20
-5397.560199322047
1001
REVIT
1002
{
1070
     1
1000
22425903
1002
}
1002
{
1070
     5
1000
22389725
1002
}
1002
{
1070
     3
1000
22389728
1002
}
  0
LWPOLYLINE
  5
654
330
70
100
AcDbEntity
  8
A-JAN-___-___-EXI
 62
    18
370
     9
100
AcDbPolyline
 90
        4
 70
   129
 43
0.0
 10
-2555.277442951569
 20
-5807.058880060833
 10
-2466.623089389564
 20
-5807.058880060833
 10
-2466.623089389564
 20
-6195.449381380091
 10
-2555.277442951569
 20
-6195.449381380091
1001
REVIT
1002
{
1070
     1
1000
22425903
1002
}
1002
{
1070
     5
1000
22389725
1002
}
1002
{
1070
     3
1000
22389728
1002
}
  0
LWPOLYLINE
  5
655
330
70
100
AcDbEntity
  8
A-JAN-___-___-EXI
 62
    18
370
     9
100
AcDbPolyline
 90
        4
 70
   129
 43
0.0
 10
-1757.388260893523
 20
-5547.428273200674
 10
-2456.068999679801
 20
-5547.428273200674
 10
-2456.068999679801
 20
-5397.560199322047
 10
-1757.388260893523
 20
-5397.560199322047
1001
REVIT
1002
{
1070
     1
1000
22425903
1002
}
1002
{
1070
     5
1000
22389725
1002
}
1002
{
1070
     3
1000
22389728
1002
}
  0
LWPOLYLINE
  5
656
330
70
100
AcDbEntity
  8
A-JAN-___-___-EXI
 62
    18
370
     9
100
AcDbPolyline
 90
        4
 70
   129
 43
0.0
 10
-2456.068999679801
 20
-5705.73961884711
 10
-2456.068999679801
 20
-5557.982362910436
 10
-1757.388260893523
 20
-5557.982362910436
 10
-1757.388260893523
 20
-5705.73961884711
1001
REVIT
1002
{
1070
     1
1000
22425903
1002
}
1002
{
1070
     5
1000
22389725
1002
}
1002
{
1070
     3
1000
22389728
1002
}
  0
LWPOLYLINE
  5
657
330
70
100
AcDbEntity
  8
A-JAN-___-___-EXI
 62
    18
370
     9
100
AcDbPolyline
 90
        4
 70
   129
 43
0.0
 10
-1757.388260893523
 20
-5866.161782435503
 10
-2456.068999679801
 20
-5866.161782435503
 10
-2456.068999679801
 20
-5716.293708556875
 10
-1757.388260893523
 20
-5716.293708556875
1001
REVIT
1002
{
1070
     1
1000
22425903
1002
}
1002
{
1070
     5
1000
22389725
1002
}
1002
{
1070
     3
1000
22389728
1002
}
  0
LWPOLYLINE
  5
658
330
70
100
AcDbEntity
  8
A-JAN-___-___-EXI
 62
    18
370
     9
100
AcDbPolyline
 90
        4
 70
   129
 43
0.0
 10
-2456.068999679801
 20
-6026.583946023893
 10
-2456.068999679801
 20
-5876.715872145265
 10
-1757.388260893523
 20
-5876.715872145265
 10
-1757.388260893523
 20
-6026.583946023893
1001
REVIT
1002
{
1070
     1
1000
22425903
1002
}
1002
{
1070
     5
1000
22389725
1002
}
1002
{
1070
     3
1000
22389728
1002
}
  0
LWPOLYLINE
  5
659
330
70
100
AcDbEntity
  8
A-JAN-___-___-EXI
 62
    18
370
     9
100
AcDbPolyline
 90
        4
 70
   129
 43
0.0
 10
-2456.068999679801
 20
-6195.449381380091
 10
-2456.068999679801
 20
-6035.027217791701
 10
-1757.388260893523
 20
-6035.027217791701
 10
-1757.388260893523
 20
-6195.449381380091
1001
REVIT
1002
{
1070
     1
1000
22425903
1002
}
1002
{
1070
     5
1000
22389725
1002
}
1002
{
1070
     3
1000
22389728
1002
}
  0
LWPOLYLINE
  5
65A
330
70
100
AcDbEntity
  8
A-JAN-___-___-EXI
 62
    18
370
     9
100
AcDbPolyline
 90
        4
 70
   129
 43
0.0
 10
-1668.733907331517
 20
-5785.950700641308
 10
-1746.834171183761
 20
-5785.950700641308
 10
-1746.834171183761
 20
-5397.560199322047
 10
-1668.733907331517
 20
-5397.560199322047
1001
REVIT
1002
{
1070
     1
1000
22425903
1002
}
1002
{
1070
     5
1000
22389725
1002
}
1002
{
1070
     3
1000
22389728
1002
}
  0
LWPOLYLINE
  5
65B
330
70
100
AcDbEntity
  8
A-JAN-___-___-EXI
 62
    18
370
     9
100
AcDbPolyline
 90
        4
 70
   129
 43
0.0
 10
-1746.834171183761
 20
-6195.449381380091
 10
-1746.834171183761
 20
-5796.504790351069
 10
-1668.733907331517
 20
-5796.504790351069
 10
-1668.733907331517
 20
-6195.449381380091
1001
REVIT
1002
{
1070
     1
1000
22425903
1002
}
1002
{
1070
     5
1000
22389725
1002
}
1002
{
1070
     3
1000
22389728
1002
}
  0
LWPOLYLINE
  5
65C
330
70
100
AcDbEntity
  8
A-JAN-___-___-EXI
 62
    18
370
     9
100
AcDbPolyline
 90
        4
 70
   129
 43
0.0
 10
-959.4990788354753
 20
-5547.428273200674
 10
-1658.179817621755
 20
-5547.428273200674
 10
-1658.179817621755
 20
-5397.560199322047
 10
-959.4990788354753
 20
-5397.560199322047
1001
REVIT
1002
{
1070
     1
1000
22425903
1002
}
1002
{
1070
     5
1000
22389725
1002
}
1002
{
1070
     3
1000
22389728
1002
}
  0
LWPOLYLINE
  5
65D
330
70
100
AcDbEntity
  8
A-JAN-___-___-EXI
 62
    18
370
     9
100
AcDbPolyline
 90
        4
 70
   129
 43
0.0
 10
-1658.179817621755
 20
-5705.73961884711
 10
-1658.179817621755
 20
-5557.982362910436
 10
-959.4990788354753
 20
-5557.982362910436
 10
-959.4990788354753
 20
-5705.73961884711
1001
REVIT
1002
{
1070
     1
1000
22425903
1002
}
1002
{
1070
     5
1000
22389725
1002
}
1002
{
1070
     3
1000
22389728
1002
}
  0
LWPOLYLINE
  5
65E
330
70
100
AcDbEntity
  8
A-JAN-___-___-EXI
 62
    18
370
     9
100
AcDbPolyline
 90
        4
 70
   129
 43
0.0
 10
-959.4990788354753
 20
-5866.161782435503
 10
-1658.179817621755
 20
-5866.161782435503
 10
-1658.179817621755
 20
-5716.293708556875
 10
-959.4990788354753
 20
-5716.293708556875
1001
REVIT
1002
{
1070
     1
1000
22425903
1002
}
1002
{
1070
     5
1000
22389725
1002
}
1002
{
1070
     3
1000
22389728
1002
}
  0
LWPOLYLINE
  5
65F
330
70
100
AcDbEntity
  8
A-JAN-___-___-EXI
 62
    18
370
     9
100
AcDbPolyline
 90
        4
 70
   129
 43
0.0
 10
-1658.179817621755
 20
-6026.583946023893
 10
-1658.179817621755
 20
-5876.715872145265
 10
-959.4990788354753
 20
-5876.715872145265
 10
-959.4990788354753
 20
-6026.583946023893
1001
REVIT
1002
{
1070
     1
1000
22425903
1002
}
1002
{
1070
     5
1000
22389725
1002
}
1002
{
1070
     3
1000
22389728
1002
}
  0
LWPOLYLINE
  5
660
330
70
100
AcDbEntity
  8
A-JAN-___-___-EXI
 62
    18
370
     9
100
AcDbPolyline
 90
        4
 70
   129
 43
0.0
 10
-870.8447252734712
 20
-5785.950700641308
 10
-948.9449891257118
 20
-5785.950700641308
 10
-948.9449891257118
 20
-5397.560199322047
 10
-870.8447252734712
 20
-5397.560199322047
1001
REVIT
1002
{
1070
     1
1000
22425903
1002
}
1002
{
1070
     5
1000
22389725
1002
}
1002
{
1070
     3
1000
22389728
1002
}
  0
LWPOLYLINE
  5
661
330
70
100
AcDbEntity
  8
A-JAN-___-___-EXI
 62
    18
370
     9
100
AcDbPolyline
 90
        4
 70
   129
 43
0.0
 10
-948.9449891257118
 20
-6195.449381380091
 10
-948.9449891257118
 20
-5796.504790351069
 10
-870.8447252734712
 20
-5796.504790351069
 10
-870.8447252734712
 20
-6195.449381380091
1001
REVIT
1002
{
1070
     1
1000
22425903
1002
}
1002
{
1070
     5
1000
22389725
1002
}
1002
{
1070
     3
1000
22389728
1002
}
  0
LWPOLYLINE
  5
662
330
70
100
AcDbEntity
  8
A-JAN-___-___-EXI
 62
    18
370
     9
100
AcDbPolyline
 90
        4
 70
   129
 43
0.0
 10
-161.6098967774305
 20
-5547.428273200674
 10
-860.2906355637086
 20
-5547.428273200674
 10
-860.2906355637086
 20
-5397.560199322047
 10
-161.6098967774305
 20
-5397.560199322047
1001
REVIT
1002
{
1070
     1
1000
22425903
1002
}
1002
{
1070
     5
1000
22389725
1002
}
1002
{
1070
     3
1000
22389728
1002
}
  0
LWPOLYLINE
  5
663
330
70
100
AcDbEntity
  8
A-JAN-___-___-EXI
 62
    18
370
     9
100
AcDbPolyline
 90
        4
 70
   129
 43
0.0
 10
-860.2906355637086
 20
-5705.73961884711
 10
-860.2906355637086
 20
-5557.982362910436
 10
-161.6098967774305
 20
-5557.982362910436
 10
-161.6098967774305
 20
-5705.73961884711
1001
REVIT
1002
{
1070
     1
1000
22425903
1002
}
1002
{
1070
     5
1000
22389725
1002
}
1002
{
1070
     3
1000
22389728
1002
}
  0
LWPOLYLINE
  5
664
330
70
100
AcDbEntity
  8
A-JAN-___-___-EXI
 62
    18
370
     9
100
AcDbPolyline
 90
        4
 70
   129
 43
0.0
 10
-860.2906355637086
 20
-6026.583946023893
 10
-860.2906355637086
 20
-5876.715872145265
 10
-161.6098967774305
 20
-5876.715872145265
 10
-161.6098967774305
 20
-6026.583946023893
1001
REVIT
1002
{
1070
     1
1000
22425903
1002
}
1002
{
1070
     5
1000
22389725
1002
}
1002
{
1070
     3
1000
22389728
1002
}
  0
LWPOLYLINE
  5
665
330
70
100
AcDbEntity
  8
A-JAN-___-___-EXI
 62
    18
370
     9
100
AcDbPolyline
 90
        4
 70
   129
 43
0.0
 10
-860.2906355637086
 20
-6195.449381380091
 10
-860.2906355637086
 20
-6035.027217791701
 10
-161.6098967774305
 20
-6035.027217791701
 10
-161.6098967774305
 20
-6195.449381380091
1001
REVIT
1002
{
1070
     1
1000
22425903
1002
}
1002
{
1070
     5
1000
22389725
1002
}
1002
{
1070
     3
1000
22389728
1002
}
  0
LWPOLYLINE
  5
666
330
70
100
AcDbEntity
  8
A-JAN-___-___-EXI
 62
    18
370
     9
100
AcDbPolyline
 90
        4
 70
   129
 43
0.0
 10
-62.40145350566308
 20
-5785.950700641308
 10
-62.40145350566308
 20
-5397.560199322047
 10
-151.055807067667
 20
-5397.560199322047
 10
-151.055807067667
 20
-5785.950700641308
1001
REVIT
1002
{
1070
     1
1000
22425903
1002
}
1002
{
1070
     5
1000
22389725
1002
}
1002
{
1070
     3
1000
22389728
1002
}
  0
LINE
  5
667
330
70
100
AcDbEntity
  8
A-JAN-___-___-EXI
 62
    18
370
     9
100
AcDbLine
 10
-4267.150793875049
 20
-5397.560199322047
 30
0.0
 11
-4866.623089389561
 21
-5397.560199322047
 31
0.0
1001
REVIT
1002
{
1070
     1
1000
22425903
1002
}
1002
{
1070
     5
1000
22389725
1002
}
1002
{
1070
     3
1000
22389728
1002
}
  0
LINE
  5
668
330
70
100
AcDbEntity
  8
A-JAN-___-___-EXI
 62
    18
370
     9
100
AcDbLine
 10
-4866.623089389561
 20
-5595.977085865583
 30
0.0
 11
-4267.150793875049
 21
-5595.977085865583
 31
0.0
1001
REVIT
1002
{
1070
     1
1000
22425903
1002
}
1002
{
1070
     5
1000
22389725
1002
}
1002
{
1070
     3
1000
22389728
1002
}
  0
LINE
  5
669
330
70
100
AcDbEntity
  8
A-JAN-___-___-EXI
 62
    18
370
     9
100
AcDbLine
 10
-4866.623089389561
 20
-5606.531175575344
 30
0.0
 11
-4267.150793875049
 21
-5606.531175575344
 31
0.0
1001
REVIT
1002
{
1070
     1
1000
22425903
1002
}
1002
{
1070
     5
1000
22389725
1002
}
1002
{
1070
     3
1000
22389728
1002
}
  0
LWPOLYLINE
  5
66A
330
70
100
AcDbEntity
  8
A-JAN-___-___-EXI
 62
    18
370
     9
100
AcDbPolyline
 90
        4
 70
   129
 43
0.0
 10
-41.29327408613607
 20
-6214.446742857664
 10
-2574.274804429142
 20
-6214.446742857664
 10
-2574.274804429142
 20
-5378.562837844473
 10
-41.29327408613607
 20
-5378.562837844473
1001
REVIT
1002
{
1070
     1
1000
22425903
1002
}
1002
{
1070
     5
1000
22389725
1002
}
1002
{
1070
     3
1000
22389728
1002
}
  0
LWPOLYLINE
  5
66B
330
70
100
AcDbEntity
  8
A-COB-___-___-EXI
 62
    18
370
     9
100
AcDbPolyline
 90
        8
 70
   129
 43
0.0
 10
11266.35844095342
 20
-3685.686848398564
 10
11264.24762301147
 20
-3683.576030456614
 10
11262.13680506952
 20
-3681.46521251466
 10
11260.02598712756
 20
-3683.576030456614
 10
11257.91516918561
 20
-3685.686848398564
 10
11260.02598712756
 20
-3687.797666340517
 10
11262.13680506952
 20
-3689.908484282471
 10
11264.24762301147
 20
-3687.797666340517
1001
REVIT
1002
{
1070
     1
1000
22425903
1002
}
1002
{
1070
     5
1000
22389725
1002
}
1002
{
1070
     3
1000
22389728
1002
}
  0
LWPOLYLINE
  5
66C
330
70
100
AcDbEntity
  8
A-ALV-___-___-EXI
 62
    18
370
     9
100
AcDbPolyline
 90
        8
 70
   129
 43
0.0
 10
11266.35844095342
 20
-5481.992917000147
 10
11264.24762301147
 20
-5479.882099058194
 10
11262.13680506952
 20
-5477.771281116242
 10
11260.02598712756
 20
-5479.882099058194
 10
11257.91516918561
 20
-5481.992917000147
 10
11260.02598712756
 20
-5484.103734942095
 10
11262.13680506952
 20
-5486.214552884052
 10
11264.24762301147
 20
-5484.103734942095
1001
REVIT
1002
{
1070
     1
1000
22425903
1002
}
1002
{
1070
     5
1000
22389725
1002
}
1002
{
1070
     3
1000
22389728
1002
}
  0
LWPOLYLINE
  5
66D
330
70
100
AcDbEntity
  8
A-ALV-___-___-EXI
 62
    18
370
     9
100
AcDbPolyline
 90
        8
 70
   129
 43
0.0
 10
11268.46925889538
 20
-7278.298985601726
 10
11266.35844095342
 20
-7276.188167659775
 10
11264.24762301147
 20
-7274.077349717821
 10
11262.13680506952
 20
-7276.188167659775
 10
11260.02598712756
 20
-7278.298985601726
 10
11262.13680506952
 20
-7280.409803543678
 10
11264.24762301147
 20
-7282.520621485632
 10
11266.35844095342
 20
-7280.409803543678
1001
REVIT
1002
{
1070
     1
1000
22425903
1002
}
1002
{
1070
     5
1000
22389725
1002
}
1002
{
1070
     3
1000
22389728
1002
}
  0
LWPOLYLINE
  5
66E
330
70
100
AcDbEntity
  8
A-ALV-___-___-EXI
 62
    18
370
     9
100
AcDbPolyline
 90
        8
 70
   129
 43
0.0
 10
81.13416654710817
 20
-3732.124843121521
 10
79.02334860515657
 20
-3730.014025179567
 10
76.91253066320314
 20
-3727.903207237618
 10
74.80171272124971
 20
-3730.014025179567
 10
72.6908947792981
 20
-3732.124843121521
 10
74.80171272124971
 20
-3734.235661063475
 10
76.91253066320314
 20
-3736.346479005428
 10
79.02334860515657
 20
-3734.235661063475
1001
REVIT
1002
{
1070
     1
1000
22425903
1002
}
1002
{
1070
     5
1000
22389725
1002
}
1002
{
1070
     3
1000
22389728
1002
}
  0
LWPOLYLINE
  5
66F
330
70
100
AcDbEntity
  8
A-JAN-___-___-EXI
 62
    18
370
     9
100
AcDbPolyline
 90
        8
 70
   129
 43
0.0
 10
81.13416654710817
 20
-5526.320093781151
 10
79.02334860515657
 20
-5524.209275839195
 10
76.91253066320314
 20
-5522.098457897242
 10
74.80171272124971
 20
-5524.209275839195
 10
72.6908947792981
 20
-5526.320093781151
 10
74.80171272124971
 20
-5528.430911723098
 10
76.91253066320314
 20
-5530.541729665053
 10
79.02334860515657
 20
-5528.430911723098
1001
REVIT
1002
{
1070
     1
1000
22425903
1002
}
1002
{
1070
     5
1000
22389725
1002
}
1002
{
1070
     3
1000
22389728
1002
}
  0
LINE
  5
670
330
70
100
AcDbEntity
  8
A-ESC-___-___-EXI
 62
   251
370
    15
100
AcDbLine
 10
2327.044456784571
 20
-7483.04832597112
 30
0.0
 11
6447.783243064248
 21
-4828.482184378889
 31
0.0
1001
REVIT
1002
{
1070
     1
1000
22425903
1002
}
1002
{
1070
     5
1000
22389725
1002
}
1002
{
1070
     3
1000
22389728
1002
}
  0
LINE
  5
674
330
70
100
AcDbEntity
  8
A-JAN-___-___-EXI
 62
    18
370
     9
100
AcDbLine
 10
11838.39010322255
 20
-6366.425634678246
 30
0.0
 11
12030.47453594023
 21
-6366.425634678246
 31
0.0
1001
REVIT
1002
{
1070
     1
1000
22425903
1002
}
1002
{
1070
     5
1000
22389725
1002
}
1002
{
1070
     3
1000
22389728
1002
}
  0
LINE
  5
675
330
70
100
AcDbEntity
  8
A-JAN-___-___-EXI
 62
    18
370
     9
100
AcDbLine
 10
12030.47453594025
 20
-6385.422996155813
 30
0.0
 11
12030.47453594025
 21
-5188.58922306874
 31
0.0
1001
REVIT
1002
{
1070
     1
1000
22425903
1002
}
1002
{
1070
     5
1000
22389725
1002
}
1002
{
1070
     3
1000
22389728
1002
}
  0
LINE
  5
676
330
70
100
AcDbEntity
  8
A-JAN-___-___-EXI
 62
    18
370
     9
100
AcDbLine
 10
11834.16846733867
 20
-5188.58922306874
 30
0.0
 11
11838.39010322258
 21
-6385.422996155813
 31
0.0
1001
REVIT
1002
{
1070
     1
1000
22425903
1002
}
1002
{
1070
     5
1000
22389725
1002
}
1002
{
1070
     3
1000
22389728
1002
}
  0
LINE
  5
677
330
70
100
AcDbEntity
  8
A-JAN-___-___-EXI
 62
    18
370
     9
100
AcDbLine
 10
12030.47453594023
 20
-5207.586584546321
 30
0.0
 11
11834.16846733865
 21
-5207.586584546321
 31
0.0
1001
REVIT
1002
{
1070
     1
1000
22425903
1002
}
1002
{
1070
     5
1000
22389725
1002
}
1002
{
1070
     3
1000
22389728
1002
}
  0
LINE
  5
678
330
70
100
AcDbEntity
  8
A-JAN-___-___-EXI
 62
    18
370
     9
100
AcDbLine
 10
-6150.000398096686
 20
-5152.705318055554
 30
0.0
 11
-6150.000398096686
 21
-5693.074711195393
 31
0.0
1001
REVIT
1002
{
1070
     1
1000
22425903
1002
}
1002
{
1070
     5
1000
22389725
1002
}
1002
{
1070
     3
1000
22389728
1002
}
  0
LINE
  5
679
330
70
100
AcDbEntity
  8
A-JAN-___-___-EXI
 62
    18
370
     9
100
AcDbLine
 10
-6010.686413927822
 20
-5693.074711195393
 30
0.0
 11
-6010.686413927822
 21
-5152.705318055554
 31
0.0
1001
REVIT
1002
{
1070
     1
1000
22425903
1002
}
1002
{
1070
     5
1000
22389725
1002
}
1002
{
1070
     3
1000
22389728
1002
}
  0
LINE
  5
67A
330
70
100
AcDbEntity
  8
A-JAN-___-___-EXI
 62
    18
370
     9
100
AcDbLine
 10
-6150.000398096683
 20
-5671.966531775872
 30
0.0
 11
-6010.686413927817
 21
-5671.966531775872
 31
0.0
1001
REVIT
1002
{
1070
     1
1000
22425903
1002
}
1002
{
1070
     5
1000
22389725
1002
}
1002
{
1070
     3
1000
22389728
1002
}
  0
LINE
  5
67B
330
70
100
AcDbEntity
  8
A-JAN-___-___-EXI
 62
    18
370
     9
100
AcDbLine
 10
-6010.686413927817
 20
-5173.813497475081
 30
0.0
 11
-6150.000398096683
 21
-5173.813497475081
 31
0.0
1001
REVIT
1002
{
1070
     1
1000
22425903
1002
}
1002
{
1070
     5
1000
22389725
1002
}
1002
{
1070
     3
1000
22389728
1002
}
  0
LWPOLYLINE
  5
67C
330
70
100
AcDbEntity
  8
A-POR-___-___-EXI
 62
    18
370
     9
100
AcDbPolyline
 90
        4
 70
   128
 43
0.0
 10
-3901.979289917266
 20
-7293.074711195394
 10
-3901.979289917266
 20
-5298.351756050275
 10
-3203.298551130988
 20
-5298.351756050275
 10
-3203.298551130988
 20
-7293.074711195394
1001
REVIT
1002
{
1070
     1
1000
22425903
1002
}
1002
{
1070
     5
1000
22389725
1002
}
1002
{
1070
     3
1000
22389728
1002
}
  0
LWPOLYLINE
  5
67D
330
70
100
AcDbEntity
  8
A-POR-___-___-EXI
 62
    18
370
     9
100
AcDbPolyline
 90
        4
 70
   128
 43
0.0
 10
-3931.530741104601
 20
-7293.074711195394
 10
-3931.530741104601
 20
-5268.800304862943
 10
-3173.747099943653
 20
-5268.800304862943
 10
-3173.747099943653
 20
-7293.074711195394
1001
REVIT
1002
{
1070
     1
1000
22425903
1002
}
1002
{
1070
     5
1000
22389725
1002
}
1002
{
1070
     3
1000
22389728
1002
}
  0
SPLINE
  5
67F
330
70
100
AcDbEntity
  8
A-COB-___-___-EXI
 62
    18
370
     9
100
AcDbSpline
210
0.0
220
0.0
230
1.0
 70
     8
 71
     3
 72
    11
 73
     7
 74
     0
 42
0.000000001
 43
0.0000000001
 40
0.0
 40
0.0
 40
0.0
 40
0.0
 40
1.0
 40
1.0
 40
1.0
 40
2.0
 40
2.0
 40
2.0
 40
2.0
 10
11680.07875757611
 20
-4115.133170957931
 30
0.0
 10
11680.02310124366
 20
-4155.354147211229
 30
0.0
 10
11712.57587169221
 20
-4188.003800905163
 30
0.0
 10
11752.79684794551
 20
-4188.061518583261
 30
0.0
 10
11793.01576285316
 20
-4188.120266934183
 30
0.0
 10
11825.66953923838
 20
-4155.563373794342
 30
0.0
 10
11825.72519557083
 20
-4115.344458886691
 30
0.0
1001
REVIT
1002
{
1070
     1
1000
22425903
1002
}
1002
{
1070
     5
1000
22389725
1002
}
1002
{
1070
     3
1000
22389728
1002
}
  0
SPLINE
  5
681
330
70
100
AcDbEntity
  8
A-COB-___-___-EXI
 62
    18
370
     9
100
AcDbSpline
210
0.0
220
0.0
230
1.0
 70
     8
 71
     3
 72
    11
 73
     7
 74
     0
 42
0.000000001
 43
0.0000000001
 40
0.0
 40
0.0
 40
0.0
 40
0.0
 40
1.0
 40
1.0
 40
1.0
 40
2.0
 40
2.0
 40
2.0
 40
2.0
 10
11671.6354858083
 20
-4115.473292989594
 30
0.0
 10
11671.76535058403
 20
-4160.353941076664
 30
0.0
 10
11708.25322987163
 20
-4196.634655126792
 30
0.0
 10
11753.13284728587
 20
-4196.504790351071
 30
0.0
 10
11798.01864873706
 20
-4196.374925575343
 30
0.0
 10
11834.29627076872
 20
-4159.888076960571
 30
0.0
 10
11834.16846733865
 20
-4115.004336855029
 30
0.0
1001
REVIT
1002
{
1070
     1
1000
22425903
1002
}
1002
{
1070
     5
1000
22389725
1002
}
1002
{
1070
     3
1000
22389728
1002
}
  0
SPLINE
  5
684
330
70
100
AcDbEntity
  8
A-COB-___-___-EXI
 62
    18
370
     9
100
AcDbSpline
210
0.0
220
0.0
230
1.0
 70
     8
 71
     3
 72
    14
 73
    10
 74
     0
 42
0.000000001
 43
0.0000000001
 40
0.0
 40
0.0
 40
0.0
 40
0.0
 40
1.0
 40
1.0
 40
1.0
 40
2.0
 40
2.0
 40
2.0
 40
3.0
 40
3.0
 40
3.0
 40
3.0
 10
7739.214641481138
 20
-762.3462316439509
 30
0.0
 10
7748.294869053693
 20
-709.3531577653229
 30
0.0
 10
7727.218640491685
 20
-655.6942692428965
 30
0.0
 10
7684.498282642083
 20
-623.0466768946098
 30
0.0
 10
7641.776894119661
 20
-590.3970232006795
 30
0.0
 10
7584.469423803033
 20
-584.151145891974
 30
0.0
 10
7535.717568591952
 20
-606.8300706940826
 30
0.0
 10
7486.964682708046
 20
-629.508995496195
 30
0.0
 10
7454.824181388786
 20
-677.3651960238967
 30
0.0
 10
7452.272235478495
 20
-731.0694341505477
 30
0.0
1001
REVIT
1002
{
1070
     1
1000
22425903
1002
}
1002
{
1070
     5
1000
22389725
1002
}
1002
{
1070
     3
1000
22389728
1002
}
  0
SPLINE
  5
687
330
70
100
AcDbEntity
  8
A-COB-___-___-EXI
 62
    18
370
     9
100
AcDbSpline
210
0.0
220
0.0
230
1.0
 70
     8
 71
     3
 72
    14
 73
    10
 74
     0
 42
0.000000001
 43
0.0000000001
 40
0.0
 40
0.0
 40
0.0
 40
0.0
 40
1.0
 40
1.0
 40
1.0
 40
2.0
 40
2.0
 40
2.0
 40
3.0
 40
3.0
 40
3.0
 40
3.0
 10
7729.648967008839
 20
-754.9872276861679
 30
0.0
 10
7735.813421164511
 20
-706.9290152851135
 30
0.0
 10
7715.563792206727
 20
-659.2851333589933
 30
0.0
 10
7676.683721296436
 20
-630.3726993220553
 30
0.0
 10
7637.803650386146
 20
-601.4623266307571
 30
0.0
 10
7586.346279014115
 20
-595.7812580291756
 30
0.0
 10
7542.098464040503
 20
-615.518642593819
 30
0.0
 10
7497.84961839406
 20
-635.2560271584661
 30
0.0
 10
7467.695223605142
 20
-677.3383985304972
 30
0.0
 10
7463.234471626254
 20
-725.5841933853771
 30
0.0
1001
REVIT
1002
{
1070
     1
1000
22425903
1002
}
1002
{
1070
     5
1000
22389725
1002
}
1002
{
1070
     3
1000
22389728
1002
}
  0
LWPOLYLINE
  5
688
330
70
100
AcDbEntity
  8
A-ALV-___-___-EXI
 62
    18
370
     9
100
AcDbPolyline
 90
        4
 70
   128
 43
0.0
 10
1024.669786599885
 20
-4280.937508029168
 10
1024.669786599885
 20
-4259.829328609641
 10
-6650.264250339431
 20
-4259.829328609641
 10
-6650.264250339431
 20
-4280.937508029168
1001
REVIT
1002
{
1070
     1
1000
22425903
1002
}
1002
{
1070
     5
1000
22389725
1002
}
1002
{
1070
     3
1000
22389728
1002
}
  0
LINE
  5
68A
330
70
100
AcDbEntity
  8
A-COB-___-___-EXI
 62
    18
370
     9
100
AcDbLine
 10
7601.978493723878
 20
-924.7427983249181
 30
0.0
 11
7601.978493723878
 21
-926.8477982666444
 31
0.0
1001
REVIT
1002
{
1070
     1
1000
22425903
1002
}
1002
{
1070
     5
1000
22389725
1002
}
1002
{
1070
     3
1000
22389728
1002
}
  0
LWPOLYLINE
  5
68B
330
70
100
AcDbEntity
  8
A-COB-___-___-EXI
 62
    18
370
     9
100
AcDbPolyline
 90
        4
 70
   128
 43
0.0
 10
5689.577438314909
 20
-1826.056241538412
 10
5729.682979212007
 20
-1902.045687448703
 10
5818.337332774014
 20
-1855.607692725745
 10
5778.231791876915
 20
-1779.618246815451
1001
REVIT
1002
{
1070
     1
1000
22425903
1002
}
1002
{
1070
     5
1000
22389725
1002
}
1002
{
1070
     3
1000
22389728
1002
}
  0
LINE
  5
68D
330
70
100
AcDbEntity
  8
A-COB-___-___-EXI
 62
    18
370
     9
100
AcDbLine
 10
11825.72519557083
 20
-4116.293708556877
 30
0.0
 11
11834.16846733865
 21
-4114.18289061492
 31
0.0
1001
REVIT
1002
{
1070
     1
1000
22425903
1002
}
1002
{
1070
     5
1000
22389725
1002
}
1002
{
1070
     3
1000
22389728
1002
}
  0
LINE
  5
68F
330
70
100
AcDbEntity
  8
A-COB-___-___-EXI
 62
    18
370
     9
100
AcDbLine
 10
7291.06411296588
 20
-929.9771833913327
 30
0.0
 11
7266.358440953429
 21
-886.7422573695439
 31
0.0
1001
REVIT
1002
{
1070
     1
1000
22425903
1002
}
1002
{
1070
     5
1000
22389725
1002
}
1002
{
1070
     3
1000
22389728
1002
}
  0
LINE
  5
690
330
70
100
AcDbEntity
  8
A-COB-___-___-EXI
 62
    18
370
     9
100
AcDbLine
 10
7310.685617734432
 20
-863.5232600080671
 30
0.0
 11
7311.33023963616
 21
-864.7539018204588
 31
0.0
1001
REVIT
1002
{
1070
     1
1000
22425903
1002
}
1002
{
1070
     5
1000
22389725
1002
}
1002
{
1070
     3
1000
22389728
1002
}
  0
LINE
  5
691
330
70
100
AcDbEntity
  8
A-COB-___-___-EXI
 62
    18
370
     9
100
AcDbLine
 10
6981.076214087763
 20
-1092.988061249656
 30
0.0
 11
6958.179021428364
 21
-1049.275238899888
 31
0.0
1001
REVIT
1002
{
1070
     1
1000
22425903
1002
}
1002
{
1070
     5
1000
22389725
1002
}
1002
{
1070
     3
1000
22389728
1002
}
  0
LINE
  5
692
330
70
100
AcDbEntity
  8
A-COB-___-___-EXI
 62
    18
370
     9
100
AcDbLine
 10
6681.056087605135
 20
-1250.757265693104
 30
0.0
 11
6658.442873671109
 21
-1207.586584546327
 31
0.0
1001
REVIT
1002
{
1070
     1
1000
22425903
1002
}
1002
{
1070
     5
1000
22389725
1002
}
1002
{
1070
     3
1000
22389728
1002
}
  0
LINE
  5
693
330
70
100
AcDbEntity
  8
A-COB-___-___-EXI
 62
    18
370
     9
100
AcDbLine
 10
6377.704087391427
 20
-1410.225106973765
 30
0.0
 11
6356.5959079719
 21
-1368.008748134718
 31
0.0
1001
REVIT
1002
{
1070
     1
1000
22425903
1002
}
1002
{
1070
     5
1000
22389725
1002
}
1002
{
1070
     3
1000
22389728
1002
}
  0
LINE
  5
694
330
70
100
AcDbEntity
  8
A-COB-___-___-EXI
 62
    18
370
     9
100
AcDbLine
 10
6069.345641700489
 20
-1572.43258638434
 30
0.0
 11
6046.305670504882
 21
-1530.541729665059
 31
0.0
1001
REVIT
1002
{
1070
     1
1000
22425903
1002
}
1002
{
1070
     5
1000
22389725
1002
}
1002
{
1070
     3
1000
22389728
1002
}
  0
LINE
  5
695
330
70
100
AcDbEntity
  8
A-COB-___-___-EXI
 62
    18
370
     9
100
AcDbLine
 10
5716.676023346745
 20
-1757.888161553117
 30
0.0
 11
5693.799074198816
 21
-1716.293708556881
 31
0.0
1001
REVIT
1002
{
1070
     1
1000
22425903
1002
}
1002
{
1070
     5
1000
22389725
1002
}
1002
{
1070
     3
1000
22389728
1002
}
  0
LINE
  5
696
330
70
100
AcDbEntity
  8
A-COB-___-___-EXI
 62
    18
370
     9
100
AcDbLine
 10
5406.679350224893
 20
-1920.946081189515
 30
0.0
 11
5385.619654673749
 21
-1878.826690087219
 31
0.0
1001
REVIT
1002
{
1070
     1
1000
22425903
1002
}
1002
{
1070
     5
1000
22389725
1002
}
1002
{
1070
     3
1000
22389728
1002
}
  0
LINE
  5
697
330
70
100
AcDbEntity
  8
A-COB-___-___-EXI
 62
    18
370
     9
100
AcDbLine
 10
5098.286387750448
 20
-2083.078179502867
 30
0.0
 11
5077.440235148684
 21
-2043.470489559517
 31
0.0
1001
REVIT
1002
{
1070
     1
1000
22425903
1002
}
1002
{
1070
     5
1000
22389725
1002
}
1002
{
1070
     3
1000
22389728
1002
}
  0
LINE
  5
698
330
70
100
AcDbEntity
  8
A-COB-___-___-EXI
 62
    18
370
     9
100
AcDbLine
 10
5119.656593987734
 20
-2018.140674256087
 30
0.0
 11
5120.299256017314
 21
-2019.309150673507
 31
0.0
1001
REVIT
1002
{
1070
     1
1000
22425903
1002
}
1002
{
1070
     5
1000
22389725
1002
}
1002
{
1070
     3
1000
22389728
1002
}
  0
LINE
  5
699
330
70
100
AcDbEntity
  8
A-COB-___-___-EXI
 62
    18
370
     9
100
AcDbLine
 10
4794.120699724002
 20
-2243.058331638909
 30
0.0
 11
4773.482451507523
 21
-2201.781835205955
 31
0.0
1001
REVIT
1002
{
1070
     1
1000
22425903
1002
}
1002
{
1070
     5
1000
22389725
1002
}
1002
{
1070
     3
1000
22389728
1002
}
  0
LINE
  5
69A
330
70
100
AcDbEntity
  8
A-COB-___-___-EXI
 62
    18
370
     9
100
AcDbLine
 10
4475.707977411309
 20
-2410.469437325526
 30
0.0
 11
4454.748942272696
 21
-2370.647270562157
 31
0.0
1001
REVIT
1002
{
1070
     1
1000
22425903
1002
}
1002
{
1070
     5
1000
22389725
1002
}
1002
{
1070
     3
1000
22389728
1002
}
  0
LINE
  5
69B
330
70
100
AcDbEntity
  8
A-COB-___-___-EXI
 62
    18
370
     9
100
AcDbLine
 10
4167.334097075443
 20
-2572.632943315344
 30
0.0
 11
4146.569522747628
 21
-2533.180252092498
 31
0.0
1001
REVIT
1002
{
1070
     1
1000
22425903
1002
}
1002
{
1070
     5
1000
22389725
1002
}
1002
{
1070
     3
1000
22389728
1002
}
  0
LINE
  5
69C
330
70
100
AcDbEntity
  8
A-COB-___-___-EXI
 62
    18
370
     9
100
AcDbLine
 10
3857.348492659468
 20
-2735.744727642665
 30
0.0
 11
3836.279285280611
 21
-2695.713233622839
 31
0.0
1001
REVIT
1002
{
1070
     1
1000
22425903
1002
}
1002
{
1070
     5
1000
22389725
1002
}
1002
{
1070
     3
1000
22389728
1002
}
  0
LINE
  5
69D
330
70
100
AcDbEntity
  8
A-COB-___-___-EXI
 62
    18
370
     9
100
AcDbLine
 10
3548.947294158221
 20
-2897.856329118262
 30
0.0
 11
3528.099865755545
 21
-2858.246215153183
 31
0.0
1001
REVIT
1002
{
1070
     1
1000
22425903
1002
}
1002
{
1070
     5
1000
22389725
1002
}
1002
{
1070
     3
1000
22389728
1002
}
  0
LWPOLYLINE
  5
69E
330
70
100
AcDbEntity
  8
A-COB-___-___-EXI
 62
    18
370
     9
100
AcDbPolyline
 90
        3
 70
   128
 43
0.0
 10
7561.872952826796
 20
-844.5258985304826
 10
3460.553691613075
 20
-2995.449381380087
 10
3439.445512193555
 20
-2955.343840482987
1001
REVIT
1002
{
1070
     1
1000
22425903
1002
}
1002
{
1070
     5
1000
22389725
1002
}
1002
{
1070
     3
1000
22389728
1002
}
  0
LINE
  5
69F
330
70
100
AcDbEntity
  8
A-COB-___-___-EXI
 62
    18
370
     9
100
AcDbLine
 10
10098.6749402952
 20
-2779.620260465232
 30
0.0
 11
10174.18819880833
 21
-2840.446033531043
 31
0.0
1001
REVIT
1002
{
1070
     1
1000
22425903
1002
}
1002
{
1070
     5
1000
22389725
1002
}
1002
{
1070
     3
1000
22389728
1002
}
  0
LINE
  5
6A0
330
70
100
AcDbEntity
  8
A-COB-___-___-EXI
 62
    18
370
     9
100
AcDbLine
 10
11644.19485256295
 20
-4080.409803543676
 30
0.0
 11
11210.59402343595
 21
-3731.196477553731
 31
0.0
1001
REVIT
1002
{
1070
     1
1000
22425903
1002
}
1002
{
1070
     5
1000
22389725
1002
}
1002
{
1070
     3
1000
22389728
1002
}
  0
LINE
  5
6A1
330
70
100
AcDbEntity
  8
A-COB-___-___-EXI
 62
    18
370
     9
100
AcDbLine
 10
11132.30713035814
 20
-3668.145799426202
 30
0.0
 11
9656.985335625961
 21
-2479.951505883986
 31
0.0
1001
REVIT
1002
{
1070
     1
1000
22425903
1002
}
1002
{
1070
     5
1000
22389725
1002
}
1002
{
1070
     3
1000
22389728
1002
}
  0
LINE
  5
6A2
330
70
100
AcDbEntity
  8
A-COB-___-___-EXI
 62
    18
370
     9
100
AcDbLine
 10
9578.73892930027
 20
-2416.933434966625
 30
0.0
 11
7642.08403462099
 21
-857.1908061822032
 31
0.0
1001
REVIT
1002
{
1070
     1
1000
22425903
1002
}
1002
{
1070
     5
1000
22389725
1002
}
1002
{
1070
     3
1000
22389728
1002
}
  0
LWPOLYLINE
  5
6A3
330
70
100
AcDbEntity
  8
A-COB-___-___-EXI
 62
    18
370
     9
100
AcDbPolyline
 90
        4
 70
   128
 43
0.0
 10
9607.037436493657
 20
-2539.276556197834
 10
9605.144720636827
 20
-2541.623523860297
 10
9527.044456784585
 20
-2478.298985601723
 10
9578.886718858049
 20
-2416.088271113564
1001
REVIT
1002
{
1070
     1
1000
22425903
1002
}
1002
{
1070
     5
1000
22389725
1002
}
1002
{
1070
     3
1000
22389728
1002
}
  0
LINE
  5
6A4
330
70
100
AcDbEntity
  8
A-COB-___-___-EXI
 62
    18
370
     9
100
AcDbLine
 10
8030.474535940257
 20
-1057.718510667688
 30
0.0
 11
8004.031714048922
 21
-1090.263522226254
 31
0.0
1001
REVIT
1002
{
1070
     1
1000
22425903
1002
}
1002
{
1070
     5
1000
22389725
1002
}
1002
{
1070
     3
1000
22389728
1002
}
  0
LWPOLYLINE
  5
6A5
330
70
100
AcDbEntity
  8
A-COB-___-___-EXI
 62
    18
370
     9
100
AcDbPolyline
 90
        4
 70
   128
 43
0.0
 10
7601.978493723892
 20
-654.5522837547614
 10
11741.29247789276
 20
-3989.644632039715
 10
11713.85184464738
 20
-4025.528537052912
 10
11593.76922210439
 20
-3928.747367960252
1001
REVIT
1002
{
1070
     1
1000
22425903
1002
}
1002
{
1070
     5
1000
22389725
1002
}
1002
{
1070
     3
1000
22389728
1002
}
  0
LINE
  5
6A6
330
70
100
AcDbEntity
  8
A-COB-___-___-EXI
 62
    18
370
     9
100
AcDbLine
 10
11554.0480055739
 20
-3896.733861824283
 30
0.0
 11
11322.477101177
 21
-3710.098173989005
 31
0.0
1001
REVIT
1002
{
1070
     1
1000
22425903
1002
}
1002
{
1070
     5
1000
22389725
1002
}
1002
{
1070
     3
1000
22389728
1002
}
  0
LINE
  5
6A7
330
70
100
AcDbEntity
  8
A-COB-___-___-EXI
 62
    18
370
     9
100
AcDbLine
 10
11283.97163705477
 20
-3679.064509373042
 30
0.0
 11
11050.14860129809
 21
-3490.61370540076
 31
0.0
1001
REVIT
1002
{
1070
     1
1000
22425903
1002
}
1002
{
1070
     5
1000
22389725
1002
}
1002
{
1070
     3
1000
22389728
1002
}
  0
LINE
  5
6A8
330
70
100
AcDbEntity
  8
A-COB-___-___-EXI
 62
    18
370
     9
100
AcDbLine
 10
11011.69801010403
 20
-3459.624265886039
 30
0.0
 11
10779.09564474413
 21
-3272.157267110353
 31
0.0
1001
REVIT
1002
{
1070
     1
1000
22425903
1002
}
1002
{
1070
     5
1000
22389725
1002
}
1002
{
1070
     3
1000
22389728
1002
}
  0
LINE
  5
6A9
330
70
100
AcDbEntity
  8
A-COB-___-___-EXI
 62
    18
370
     9
100
AcDbLine
 10
10739.37071067901
 20
-3240.140764809407
 30
0.0
 11
10506.83622961849
 21
-3052.728477712383
 31
0.0
1001
REVIT
1002
{
1070
     1
1000
22425903
1002
}
1002
{
1070
     5
1000
22389725
1002
}
1002
{
1070
     3
1000
22389728
1002
}
  0
LINE
  5
6AA
330
70
100
AcDbEntity
  8
A-COB-___-___-EXI
 62
    18
370
     9
100
AcDbLine
 10
10467.11776290728
 20
-3020.717187806524
 30
0.0
 11
10239.11813695383
 21
-2836.959789065812
 31
0.0
1001
REVIT
1002
{
1070
     1
1000
22425903
1002
}
1002
{
1070
     5
1000
22389725
1002
}
1002
{
1070
     3
1000
22389728
1002
}
  0
LINE
  5
6AB
330
70
100
AcDbEntity
  8
A-COB-___-___-EXI
 62
    18
370
     9
100
AcDbLine
 10
10201.59340436859
 20
-2806.716549764566
 30
0.0
 11
9968.984519650303
 21
-2619.244296680525
 31
0.0
1001
REVIT
1002
{
1070
     1
1000
22425903
1002
}
1002
{
1070
     5
1000
22389725
1002
}
1002
{
1070
     3
1000
22389728
1002
}
  0
LINE
  5
6AC
330
70
100
AcDbEntity
  8
A-COB-___-___-EXI
 62
    18
370
     9
100
AcDbLine
 10
9929.264904489677
 20
-2587.232081176324
 30
0.0
 11
9696.71741205795
 21
-2399.809307501884
 31
0.0
1001
REVIT
1002
{
1070
     1
1000
22425903
1002
}
1002
{
1070
     5
1000
22389725
1002
}
1002
{
1070
     3
1000
22389728
1002
}
  0
LINE
  5
6AD
330
70
100
AcDbEntity
  8
A-COB-___-___-EXI
 62
    18
370
     9
100
AcDbLine
 10
9656.936404610764
 20
-2367.747612588082
 30
0.0
 11
9384.648023694451
 21
-2148.295478071341
 31
0.0
1001
REVIT
1002
{
1070
     1
1000
22425903
1002
}
1002
{
1070
     5
1000
22389725
1002
}
1002
{
1070
     3
1000
22389728
1002
}
  0
LINE
  5
6AE
330
70
100
AcDbEntity
  8
A-COB-___-___-EXI
 62
    18
370
     9
100
AcDbLine
 10
9347.138819561152
 20
-2118.064754000872
 30
0.0
 11
9113.626666184861
 21
-1929.864507183225
 31
0.0
1001
REVIT
1002
{
1070
     1
1000
22425903
1002
}
1002
{
1070
     5
1000
22389725
1002
}
1002
{
1070
     3
1000
22389728
1002
}
  0
LINE
  5
6AF
330
70
100
AcDbEntity
  8
A-COB-___-___-EXI
 62
    18
370
     9
100
AcDbLine
 10
9074.810319682242
 20
-1898.58028541263
 30
0.0
 11
8846.88667180349
 21
-1714.884121567848
 31
0.0
1001
REVIT
1002
{
1070
     1
1000
22425903
1002
}
1002
{
1070
     5
1000
22389725
1002
}
1002
{
1070
     3
1000
22389728
1002
}
  0
LINE
  5
6B0
330
70
100
AcDbEntity
  8
A-COB-___-___-EXI
 62
    18
370
     9
100
AcDbLine
 10
8808.381207681273
 20
-1683.850456951888
 30
0.0
 11
8574.558171924577
 21
-1495.399652979606
 31
0.0
1001
REVIT
1002
{
1070
     1
1000
22425903
1002
}
1002
{
1070
     5
1000
22389725
1002
}
1002
{
1070
     3
1000
22389728
1002
}
  0
LINE
  5
6B1
330
70
100
AcDbEntity
  8
A-COB-___-___-EXI
 62
    18
370
     9
100
AcDbLine
 10
8536.052707802353
 20
-1464.365988363643
 30
0.0
 11
8342.010679492849
 21
-1307.976879305162
 31
0.0
1001
REVIT
1002
{
1070
     1
1000
22425903
1002
}
1002
{
1070
     5
1000
22389725
1002
}
1002
{
1070
     3
1000
22389728
1002
}
  0
LINE
  5
6B2
330
70
100
AcDbEntity
  8
A-COB-___-___-EXI
 62
    18
370
     9
100
AcDbLine
 10
8302.229672045667
 20
-1275.915184391364
 30
0.0
 11
8069.718155074387
 21
-1088.521405312873
 31
0.0
1001
REVIT
1002
{
1070
     1
1000
22425903
1002
}
1002
{
1070
     5
1000
22389725
1002
}
1002
{
1070
     3
1000
22389728
1002
}
  0
LINE
  5
6B3
330
70
100
AcDbEntity
  8
A-COB-___-___-EXI
 62
    18
370
     9
100
AcDbLine
 10
8031.164482802941
 20
-1057.448887106417
 30
0.0
 11
7837.123704662942
 21
-901.0607856280802
 31
0.0
1001
REVIT
1002
{
1070
     1
1000
22425903
1002
}
1002
{
1070
     5
1000
22389725
1002
}
1002
{
1070
     3
1000
22389728
1002
}
  0
LWPOLYLINE
  5
6B4
330
70
100
AcDbEntity
  8
A-COB-___-___-EXI
 62
    18
370
     9
100
AcDbPolyline
 90
        3
 70
   128
 43
0.0
 10
7797.390855649368
 20
-869.0379042362364
 10
7601.978493723892
 20
-711.5443681874749
 10
7313.053086316483
 20
-863.8606552845448
1001
REVIT
1002
{
1070
     1
1000
22425903
1002
}
1002
{
1070
     5
1000
22389725
1002
}
1002
{
1070
     3
1000
22389728
1002
}
  0
LINE
  5
6B5
330
70
100
AcDbEntity
  8
A-COB-___-___-EXI
 62
    18
370
     9
100
AcDbLine
 10
7268.782984165871
 20
-887.1990582636971
 30
0.0
 11
7004.841913460007
 21
-1026.344051648284
 31
0.0
1001
REVIT
1002
{
1070
     1
1000
22425903
1002
}
1002
{
1070
     5
1000
22389725
1002
}
1002
{
1070
     3
1000
22389728
1002
}
  0
LINE
  5
6B6
330
70
100
AcDbEntity
  8
A-COB-___-___-EXI
 62
    18
370
     9
100
AcDbLine
 10
6960.663436079307
 20
-1049.634151693877
 30
0.0
 11
6704.865902698313
 21
-1184.486018418913
 31
0.0
1001
REVIT
1002
{
1070
     1
1000
22425903
1002
}
1002
{
1070
     5
1000
22389725
1002
}
1002
{
1070
     3
1000
22389728
1002
}
  0
LINE
  5
6B7
330
70
100
AcDbEntity
  8
A-COB-___-___-EXI
 62
    18
370
     9
100
AcDbLine
 10
6660.732330466213
 20
-1207.752445276437
 30
0.0
 11
6400.770697242022
 21
-1344.799550671931
 31
0.0
1001
REVIT
1002
{
1070
     1
1000
22425903
1002
}
1002
{
1070
     5
1000
22389725
1002
}
1002
{
1070
     3
1000
22389728
1002
}
  0
LINE
  5
6B8
330
70
100
AcDbEntity
  8
A-COB-___-___-EXI
 62
    18
370
     9
100
AcDbLine
 10
6367.330467780821
 20
-1362.428639220805
 30
0.0
 11
6092.758920040832
 21
-1507.177829226377
 31
0.0
1001
REVIT
1002
{
1070
     1
1000
22425903
1002
}
1002
{
1070
     5
1000
22389725
1002
}
1002
{
1070
     3
1000
22389728
1002
}
  0
LINE
  5
6B9
330
70
100
AcDbEntity
  8
A-COB-___-___-EXI
 62
    18
370
     9
100
AcDbLine
 10
6048.490897818299
 20
-1530.51513570479
 30
0.0
 11
5738.645586548362
 21
-1693.860020498963
 31
0.0
1001
REVIT
1002
{
1070
     1
1000
22425903
1002
}
1002
{
1070
     5
1000
22389725
1002
}
1002
{
1070
     3
1000
22389728
1002
}
  0
LINE
  5
6BA
330
70
100
AcDbEntity
  8
A-COB-___-___-EXI
 62
    18
370
     9
100
AcDbLine
 10
5696.017211442647
 20
-1716.332934457437
 30
0.0
 11
5430.437887849295
 21
-1856.341585349295
 31
0.0
1001
REVIT
1002
{
1070
     1
1000
22425903
1002
}
1002
{
1070
     5
1000
22389725
1002
}
1002
{
1070
     3
1000
22389728
1002
}
  0
LINE
  5
6BB
330
70
100
AcDbEntity
  8
A-COB-___-___-EXI
 62
    18
370
     9
100
AcDbLine
 10
5386.174451428743
 20
-1879.676474275242
 30
0.0
 11
5122.20341395432
 21
-2018.83726560216
 31
0.0
1001
REVIT
1002
{
1070
     1
1000
22425903
1002
}
1002
{
1070
     5
1000
22389725
1002
}
1002
{
1070
     3
1000
22389728
1002
}
  0
LINE
  5
6BC
330
70
100
AcDbEntity
  8
A-COB-___-___-EXI
 62
    18
370
     9
100
AcDbLine
 10
5077.935391731785
 20
-2042.17457208057
 30
0.0
 11
4818.173978312756
 21
-2179.116125189754
 31
0.0
1001
REVIT
1002
{
1070
     1
1000
22425903
1002
}
1002
{
1070
     5
1000
22389725
1002
}
1002
{
1070
     3
1000
22389728
1002
}
  0
LINE
  5
6BD
330
70
100
AcDbEntity
  8
A-COB-___-___-EXI
 62
    18
370
     9
100
AcDbLine
 10
4773.919671140227
 20
-2202.446201340066
 30
0.0
 11
4499.107787514977
 21
-2347.322092109084
 31
0.0
1001
REVIT
1002
{
1070
     1
1000
22425903
1002
}
1002
{
1070
     5
1000
22389725
1002
}
1002
{
1070
     3
1000
22389728
1002
}
  0
LINE
  5
6BE
330
70
100
AcDbEntity
  8
A-COB-___-___-EXI
 62
    18
370
     9
100
AcDbLine
 10
4454.842202462681
 20
-2370.658113755108
 30
0.0
 11
4190.901042082103
 21
-2509.803154414593
 31
0.0
1001
REVIT
1002
{
1070
     1
1000
22425903
1002
}
1002
{
1070
     5
1000
22389725
1002
}
1002
{
1070
     3
1000
22389728
1002
}
  0
LINE
  5
6BF
330
70
100
AcDbEntity
  8
A-COB-___-___-EXI
 62
    18
370
     9
100
AcDbLine
 10
4146.635457029808
 20
-2533.139176060621
 30
0.0
 11
3882.698791723348
 21
-2672.281846997739
 31
0.0
1001
REVIT
1002
{
1070
     1
1000
22425903
1002
}
1002
{
1070
     5
1000
22389725
1002
}
1002
{
1070
     3
1000
22389728
1002
}
  0
LINE
  5
6C0
330
70
100
AcDbEntity
  8
A-COB-___-___-EXI
 62
    18
370
     9
100
AcDbLine
 10
3838.430769500814
 20
-2695.61915347615
 30
0.0
 11
3574.498827731155
 21
-2834.759334249484
 31
0.0
1001
REVIT
1002
{
1070
     1
1000
22425903
1002
}
1002
{
1070
     5
1000
22389725
1002
}
1002
{
1070
     3
1000
22389728
1002
}
  0
LWPOLYLINE
  5
6C1
330
70
100
AcDbEntity
  8
A-COB-___-___-EXI
 62
    18
370
     9
100
AcDbPolyline
 90
        5
 70
   128
 43
0.0
 10
3530.228314227958
 20
-2858.097954086334
 10
3369.788520109123
 20
-2942.678932831274
 10
3350.791158631548
 20
-2902.573391934176
 10
7601.978493723892
 20
-654.5522837547614
 10
7601.978493723892
 20
-766.6079141528134
1001
REVIT
1002
{
1070
     1
1000
22425903
1002
}
1002
{
1070
     5
1000
22389725
1002
}
1002
{
1070
     3
1000
22389728
1002
}
  0
LWPOLYLINE
  5
6C2
330
70
100
AcDbEntity
  8
A-COB-___-___-EXI
 62
    18
370
     9
100
AcDbPolyline
 90
        3
 70
   128
 43
0.0
 10
8536.304057668747
 20
-1464.056634681918
 10
8534.960024066908
 20
-1462.995555522564
 10
8508.936120946035
 20
-1497.026813449862
1001
REVIT
1002
{
1070
     1
1000
22425903
1002
}
1002
{
1070
     5
1000
22389725
1002
}
1002
{
1070
     3
1000
22389728
1002
}
  0
LWPOLYLINE
  5
6C3
330
70
100
AcDbEntity
  8
A-COB-___-___-EXI
 62
    18
370
     9
100
AcDbPolyline
 90
        3
 70
   128
 43
0.0
 10
8808.571013114232
 20
-1683.616850265167
 10
8807.255538578781
 20
-1682.520621485626
 10
8780.341189253469
 20
-1715.645974501396
1001
REVIT
1002
{
1070
     1
1000
22425903
1002
}
1002
{
1070
     5
1000
22389725
1002
}
1002
{
1070
     3
1000
22389728
1002
}
  0
LINE
  5
6C4
330
70
100
AcDbEntity
  8
A-COB-___-___-EXI
 62
    18
370
     9
100
AcDbLine
 10
9075.329417206742
 20
-1897.824051564781
 30
0.0
 11
9048.092654143388
 21
-1931.346221488922
 31
0.0
1001
REVIT
1002
{
1070
     1
1000
22425903
1002
}
1002
{
1070
     5
1000
22389725
1002
}
1002
{
1070
     3
1000
22389728
1002
}
  0
LINE
  5
6C5
330
70
100
AcDbEntity
  8
A-COB-___-___-EXI
 62
    18
370
     9
100
AcDbLine
 10
9358.961571740888
 20
-2181.821334882221
 30
0.0
 11
9385.619654673766
 21
-2149.01138665713
 31
0.0
1001
REVIT
1002
{
1070
     1
1000
22425903
1002
}
1002
{
1070
     5
1000
22389725
1002
}
1002
{
1070
     3
1000
22389728
1002
}
  0
LWPOLYLINE
  5
6C6
330
70
100
AcDbEntity
  8
A-COB-___-___-EXI
 62
    18
370
     9
100
AcDbPolyline
 90
        3
 70
   128
 43
0.0
 10
9346.858147378517
 20
-2118.4101966872
 10
9345.514113776664
 20
-2117.349117527843
 10
9319.193005729371
 20
-2149.744327432214
1001
REVIT
1002
{
1070
     1
1000
22425903
1002
}
1002
{
1070
     5
1000
22389725
1002
}
1002
{
1070
     3
1000
22389728
1002
}
  0
LINE
  5
6C7
330
70
100
AcDbEntity
  8
A-COB-___-___-EXI
 62
    18
370
     9
100
AcDbLine
 10
9657.915169185642
 20
-2366.425634678242
 30
0.0
 11
9656.389689555728
 21
-2368.420492655827
 31
0.0
1001
REVIT
1002
{
1070
     1
1000
22425903
1002
}
1002
{
1070
     5
1000
22389725
1002
}
1002
{
1070
     3
1000
22389728
1002
}
  0
LINE
  5
6C8
330
70
100
AcDbEntity
  8
A-COB-___-___-EXI
 62
    18
370
     9
100
AcDbLine
 10
9930.210683697513
 20
-2585.950700641304
 30
0.0
 11
9900.985188951977
 21
-2619.351266064768
 31
0.0
1001
REVIT
1002
{
1070
     1
1000
22425903
1002
}
1002
{
1070
     5
1000
22389725
1002
}
1002
{
1070
     3
1000
22389728
1002
}
  0
LINE
  5
6C9
330
70
100
AcDbEntity
  8
A-COB-___-___-EXI
 62
    18
370
     9
100
AcDbLine
 10
10214.67638290086
 20
-2868.922082827398
 30
0.0
 11
10240.50092116453
 21
-2837.13803573365
 31
0.0
1001
REVIT
1002
{
1070
     1
1000
22425903
1002
}
1002
{
1070
     5
1000
22389725
1002
}
1002
{
1070
     3
1000
22389728
1002
}
  0
LWPOLYLINE
  5
6CA
330
70
100
AcDbEntity
  8
A-COB-___-___-EXI
 62
    18
370
     9
100
AcDbPolyline
 90
        4
 70
   128
 43
0.0
 10
10201.73941386929
 20
-2806.536845763716
 10
10200.39538026743
 20
-2805.475766604359
 10
10172.95474702205
 20
-2839.248853675599
 10
10174.2987806239
 20
-2840.309932834956
1001
REVIT
1002
{
1070
     1
1000
22425903
1002
}
1002
{
1070
     5
1000
22389725
1002
}
1002
{
1070
     3
1000
22389728
1002
}
  0
LINE
  5
6CB
330
70
100
AcDbEntity
  8
A-COB-___-___-EXI
 62
    18
370
     9
100
AcDbLine
 10
10457.83636240622
 20
-3033.865838516347
 30
0.0
 11
10441.49796614997
 21
-3053.974633908656
 31
0.0
1001
REVIT
1002
{
1070
     1
1000
22425903
1002
}
1002
{
1070
     5
1000
22389725
1002
}
1002
{
1070
     3
1000
22389728
1002
}
  0
LWPOLYLINE
  5
6CC
330
70
100
AcDbEntity
  8
A-COB-___-___-EXI
 62
    18
370
     9
100
AcDbPolyline
 90
        3
 70
   128
 43
0.0
 10
11012.32495260249
 20
-3458.804418003445
 10
11010.9494699772
 20
-3457.718510667688
 10
10984.96974551755
 20
-3491.691996499529
1001
REVIT
1002
{
1070
     1
1000
22425903
1002
}
1002
{
1070
     5
1000
22389725
1002
}
1002
{
1070
     3
1000
22389728
1002
}
  0
LWPOLYLINE
  5
6CD
330
70
100
AcDbEntity
  8
A-COB-___-___-EXI
 62
    18
370
     9
100
AcDbPolyline
 90
        3
 70
   128
 43
0.0
 10
11284.56045902452
 20
-3678.339805410288
 10
11283.24498448907
 20
-3677.243576630746
 10
11257.24663095506
 20
-3711.241423559844
1001
REVIT
1002
{
1070
     1
1000
22425903
1002
}
1002
{
1070
     5
1000
22389725
1002
}
1002
{
1070
     3
1000
22389728
1002
}
  0
LINE
  5
6CE
330
70
100
AcDbEntity
  8
A-COB-___-___-EXI
 62
    18
370
     9
100
AcDbLine
 10
8302.77005045213
 20
-1275.132758688793
 30
0.0
 11
8301.244570822126
 21
-1277.127616666494
 31
0.0
1001
REVIT
1002
{
1070
     1
1000
22425903
1002
}
1002
{
1070
     5
1000
22389725
1002
}
1002
{
1070
     3
1000
22389728
1002
}
  0
LINE
  5
6CF
330
70
100
AcDbEntity
  8
A-JAN-___-___-EXI
 62
    18
370
     9
100
AcDbLine
 10
11924.9336388426
 20
-5207.586584546321
 30
0.0
 11
11924.9336388426
 21
-6366.425634678246
 31
0.0
1001
REVIT
1002
{
1070
     1
1000
22425903
1002
}
1002
{
1070
     5
1000
22389725
1002
}
1002
{
1070
     3
1000
22389728
1002
}
  0
LINE
  5
6D0
330
70
100
AcDbEntity
  8
A-JAN-___-___-EXI
 62
    18
370
     9
100
AcDbLine
 10
11943.93100032018
 20
-5207.586584546321
 30
0.0
 11
11943.93100032018
 21
-6366.425634678246
 31
0.0
1001
REVIT
1002
{
1070
     1
1000
22425903
1002
}
1002
{
1070
     5
1000
22389725
1002
}
1002
{
1070
     3
1000
22389728
1002
}
  0
LINE
  5
6D1
330
70
100
AcDbEntity
  8
A-JAN-___-___-EXI
 62
    18
370
     9
100
AcDbLine
 10
-6090.897495722012
 20
-5173.813497475081
 30
0.0
 11
-6090.897495722012
 21
-5671.966531775872
 31
0.0
1001
REVIT
1002
{
1070
     1
1000
22425903
1002
}
1002
{
1070
     5
1000
22389725
1002
}
1002
{
1070
     3
1000
22389728
1002
}
  0
LINE
  5
6D2
330
70
100
AcDbEntity
  8
A-JAN-___-___-EXI
 62
    18
370
     9
100
AcDbLine
 10
-6069.789316302487
 20
-5173.813497475081
 30
0.0
 11
-6069.789316302487
 21
-5671.966531775872
 31
0.0
1001
REVIT
1002
{
1070
     1
1000
22425903
1002
}
1002
{
1070
     5
1000
22389725
1002
}
1002
{
1070
     3
1000
22389728
1002
}
  0
LWPOLYLINE
  5
6D3
330
70
100
AcDbEntity
  8
A-ALV-___-___-EXI
 62
    18
370
     9
100
AcDbPolyline
 90
        3
 70
   128
 43
0.0
 10
-4214.380345326238
 20
-8549.011386657133
 10
-4214.380345326238
 20
-8551.122204599089
 10
-3915.253417381498
 20
-8551.122204599089
1001
REVIT
1002
{
1070
     1
1000
22425903
1002
}
1002
{
1070
     5
1000
22389725
1002
}
1002
{
1070
     3
1000
22389728
1002
}
  0
LINE
  5
6D5
330
70
100
AcDbEntity
  8
A-ALV-___-___-EXI
 62
    18
370
     9
100
AcDbLine
 10
-6010.686413927816
 20
-4850.858352356349
 30
0.0
 11
404.0893116658407
 21
-4850.858352356349
 31
0.0
1001
REVIT
1002
{
1070
     1
1000
22425903
1002
}
1002
{
1070
     5
1000
22389725
1002
}
1002
{
1070
     3
1000
22389728
1002
}
  0
LINE
  5
6DD
330
70
100
AcDbEntity
  8
A-ALV-___-___-EXI
 62
    18
370
     9
100
AcDbLine
 10
2776.648678420456
 20
-5258.246215153182
 30
0.0
 11
2776.648678420456
 21
-4394.921676894607
 31
0.0
1001
REVIT
1002
{
1070
     1
1000
22425903
1002
}
1002
{
1070
     5
1000
22389725
1002
}
1002
{
1070
     3
1000
22389728
1002
}
  0
LINE
  5
6DE
330
70
100
AcDbEntity
  8
A-ALV-___-___-EXI
 62
    18
370
     9
100
AcDbLine
 10
2747.09722723312
 20
-5258.246215153182
 30
0.0
 11
2747.09722723312
 21
-4405.475766604366
 31
0.0
1001
REVIT
1002
{
1070
     1
1000
22425903
1002
}
1002
{
1070
     5
1000
22389725
1002
}
1002
{
1070
     3
1000
22389728
1002
}
  0
LINE
  5
6DF
330
70
100
AcDbEntity
  8
A-ALV-___-___-EXI
 62
    18
370
     9
100
AcDbLine
 10
404.0893116658499
 20
-5437.665740219141
 30
0.0
 11
404.0893116658499
 21
-7293.074711195394
 31
0.0
1001
REVIT
1002
{
1070
     1
1000
22425903
1002
}
1002
{
1070
     5
1000
22389725
1002
}
1002
{
1070
     3
1000
22389728
1002
}
  0
LWPOLYLINE
  5
6E0
330
70
100
AcDbEntity
  8
A-ALV-___-___-EXI
 62
    18
370
     9
100
AcDbPolyline
 90
        6
 70
   128
 43
0.0
 10
8005.144720636804
 20
-2512.072072672952
 10
8005.144720636831
 20
-4437.138035733648
 10
8005.144720636831
 20
-2642.942785074025
 10
8026.252900056354
 20
-2642.942785074025
 10
8026.252900056354
 20
-4437.138035733648
 10
8026.252900056332
 20
-2512.072072672952
1001
REVIT
1002
{
1070
     1
1000
22425903
1002
}
1002
{
1070
     5
1000
22389725
1002
}
1002
{
1070
     3
1000
22389728
1002
}
  0
LINE
  5
6E1
330
70
100
AcDbEntity
  8
A-COB-___-___-EXI
 62
    18
370
     9
100
AcDbLine
 10
4093.799074198818
 20
-2683.048325971125
 30
0.0
 11
4093.799074198818
 21
-2664.050964493552
 31
0.0
1001
REVIT
1002
{
1070
     1
1000
22425903
1002
}
1002
{
1070
     5
1000
22389725
1002
}
1002
{
1070
     3
1000
22389728
1002
}
  0
LINE
  5
6E2
330
70
100
AcDbEntity
  8
A-COB-___-___-EXI
 62
    18
370
     9
100
AcDbLine
 10
4152.901976573488
 20
-2683.048325971125
 30
0.0
 11
4152.901976573488
 21
-2632.388695364269
 31
0.0
1001
REVIT
1002
{
1070
     1
1000
22425903
1002
}
1002
{
1070
     5
1000
22389725
1002
}
1002
{
1070
     3
1000
22389728
1002
}
  0
LINE
  5
6E3
330
70
100
AcDbEntity
  8
A-COB-___-___-EXI
 62
    18
370
     9
100
AcDbLine
 10
7561.872952826796
 20
-844.5565597515379
 30
0.0
 11
7561.872952826796
 21
-924.7369803246801
 31
0.0
1001
REVIT
1002
{
1070
     1
1000
22425903
1002
}
1002
{
1070
     5
1000
22389725
1002
}
1002
{
1070
     3
1000
22389728
1002
}
  0
LWPOLYLINE
  5
6E4
330
70
100
AcDbEntity
  8
A-COB-___-___-EXI
 62
    18
370
     9
100
AcDbPolyline
 90
        4
 70
   128
 43
0.0
 10
11131.26609266848
 20
-3668.80030486294
 10
11082.71728000358
 20
-3730.01402517956
 10
11158.70672591387
 20
-3793.338563438137
 10
11160.81013039415
 20
-3790.796949691136
1001
REVIT
1002
{
1070
     1
1000
22425903
1002
}
1002
{
1070
     5
1000
22389725
1002
}
1002
{
1070
     3
1000
22389728
1002
}
  0
LINE
  5
6E5
330
70
100
AcDbEntity
  8
A-ALV-___-___-EXI
 62
    18
370
     9
100
AcDbLine
 10
4072.690894779303
 20
-5258.246215153178
 30
0.0
 11
4072.690894779303
 21
-4143.734341802246
 31
0.0
1001
REVIT
1002
{
1070
     1
1000
22425903
1002
}
1002
{
1070
     5
1000
22389725
1002
}
1002
{
1070
     3
1000
22389728
1002
}
  0
LINE
  5
6E7
330
70
100
AcDbEntity
  8
A-ALV-___-___-EXI
 62
    18
370
     9
100
AcDbLine
 10
2719.718890205313
 20
-4326.125387859934
 30
0.0
 11
3148.607356166162
 21
-4188.013090190401
 31
0.0
1001
REVIT
1002
{
1070
     1
1000
22425903
1002
}
1002
{
1070
     5
1000
22389725
1002
}
1002
{
1070
     3
1000
22389728
1002
}
  0
LINE
  5
6E8
330
70
100
AcDbEntity
  8
A-ALV-___-___-EXI
 62
    18
370
     9
100
AcDbLine
 10
3194.566425166739
 20
-4173.213175708668
 30
0.0
 11
3622.860831074239
 21
-4035.292179520598
 31
0.0
1001
REVIT
1002
{
1070
     1
1000
22425903
1002
}
1002
{
1070
     5
1000
22389725
1002
}
1002
{
1070
     3
1000
22389728
1002
}
  0
LINE
  5
6E9
330
70
100
AcDbEntity
  8
A-ALV-___-___-EXI
 62
    18
370
     9
100
AcDbLine
 10
1470.052372351854
 20
-5258.246215153182
 30
0.0
 11
1470.052372351854
 21
-4819.196083227059
 31
0.0
1001
REVIT
1002
{
1070
     1
1000
22425903
1002
}
1002
{
1070
     5
1000
22389725
1002
}
1002
{
1070
     3
1000
22389728
1002
}
  0
LINE
  5
6EA
330
70
100
AcDbEntity
  8
A-ALV-___-___-EXI
 62
    18
370
     9
100
AcDbLine
 10
2567.677702167157
 20
-5258.246215153182
 30
0.0
 11
2567.677702167157
 21
-4464.578668979038
 31
0.0
1001
REVIT
1002
{
1070
     1
1000
22425903
1002
}
1002
{
1070
     5
1000
22389725
1002
}
1002
{
1070
     3
1000
22389728
1002
}
  0
LWPOLYLINE
  5
6EB
330
70
100
AcDbEntity
  8
A-ALV-___-___-EXI
 62
    18
370
     9
100
AcDbPolyline
 90
        4
 70
   128
 43
0.0
 10
2466.370102931029
 20
-5258.246215153178
 10
2470.580076837354
 20
-4496.240938108323
 10
1370.843929080094
 20
-4850.858352356343
 10
1370.843929080094
 20
-5159.037771881407
1001
REVIT
1002
{
1070
     1
1000
22425903
1002
}
1002
{
1070
     5
1000
22389725
1002
}
1002
{
1070
     3
1000
22389728
1002
}
  0
LWPOLYLINE
  5
6EC
330
70
100
AcDbEntity
  8
A-ALV-___-___-EXI
 62
    18
370
     9
100
AcDbPolyline
 90
        3
 70
   128
 43
0.0
 10
1569.260815623624
 20
-4787.533814097773
 10
1569.260815623624
 20
-5030.27787742231
 10
1470.052372351854
 20
-5030.27787742231
1001
REVIT
1002
{
1070
     1
1000
22425903
1002
}
1002
{
1070
     5
1000
22389725
1002
}
1002
{
1070
     3
1000
22389728
1002
}
  0
LINE
  5
6ED
330
70
100
AcDbEntity
  8
A-ALV-___-___-EXI
 62
    18
370
     9
100
AcDbLine
 10
3148.152636204109
 20
-4188.061518583257
 30
0.0
 11
3158.706725913872
 21
-4219.723787712541
 31
0.0
1001
REVIT
1002
{
1070
     1
1000
22425903
1002
}
1002
{
1070
     5
1000
22389725
1002
}
1002
{
1070
     3
1000
22389728
1002
}
  0
LWPOLYLINE
  5
6EE
330
70
100
AcDbEntity
  8
A-ALV-___-___-EXI
 62
    18
370
     9
100
AcDbPolyline
 90
        3
 70
   128
 43
0.0
 10
2470.580076837341
 20
-4496.240938108329
 10
3563.983770768741
 20
-4141.623523860304
 10
3996.701448869
 20
-4000.198721749486
1001
REVIT
1002
{
1070
     1
1000
22425903
1002
}
1002
{
1070
     5
1000
22389725
1002
}
1002
{
1070
     3
1000
22389728
1002
}
  0
LINE
  5
6F0
330
70
100
AcDbEntity
  8
A-ALV-___-___-EXI
 62
    28
370
    15
100
AcDbLine
 10
4074.801712721244
 20
-7483.04832597112
 30
0.0
 11
4072.690894779293
 21
-6357.982362910436
 31
0.0
1001
REVIT
1002
{
1070
     1
1000
22425903
1002
}
1002
{
1070
     5
1000
22389725
1002
}
1002
{
1070
     3
1000
22389728
1002
}
  0
LWPOLYLINE
  5
6F1
330
70
100
AcDbEntity
  8
A-COB-___-___-EXI
 62
    28
370
    15
100
AcDbPolyline
 90
        3
 70
   128
 43
0.0
 10
4174.010155993012
 20
-2712.599777158463
 10
7601.978493723878
 20
-926.8477982666444
 10
11734.96002406688
 20
-4255.607692725742
1001
REVIT
1002
{
1070
     1
1000
22425903
1002
}
1002
{
1070
     5
1000
22389725
1002
}
1002
{
1070
     3
1000
22389728
1002
}
  0
LINE
  5
6F2
330
70
100
AcDbEntity
  8
A-COB-___-___-EXI
 62
    28
370
    15
100
AcDbLine
 10
9759.234430399336
 20
-2391.755449981683
 30
0.0
 11
9759.234430399336
 21
-2343.206637316773
 31
0.0
1001
REVIT
1002
{
1070
     1
1000
22425903
1002
}
1002
{
1070
     5
1000
22389725
1002
}
1002
{
1070
     3
1000
22389728
1002
}
  0
LINE
  5
6F3
330
70
100
AcDbEntity
  8
A-COB-___-___-EXI
 62
    28
370
    15
100
AcDbLine
 10
9839.445512193535
 20
-2457.190806182211
 30
0.0
 11
9839.445512193535
 21
-2343.206637316773
 31
0.0
1001
REVIT
1002
{
1070
     1
1000
22425903
1002
}
1002
{
1070
     5
1000
22389725
1002
}
1002
{
1070
     3
1000
22389728
1002
}
  0
LINE
  5
6F4
330
70
100
AcDbEntity
  8
A-COB-___-___-EXI
 62
    28
370
    15
100
AcDbLine
 10
9917.545776045775
 20
-2520.515344440781
 30
0.0
 11
9917.545776045775
 21
-2343.206637316773
 31
0.0
1001
REVIT
1002
{
1070
     1
1000
22425903
1002
}
1002
{
1070
     5
1000
22389725
1002
}
1002
{
1070
     3
1000
22389728
1002
}
  0
LINE
  5
6F5
330
70
100
AcDbEntity
  8
A-COB-___-___-EXI
 62
    28
370
    15
100
AcDbLine
 10
9997.756857839972
 20
-2585.950700641312
 30
0.0
 11
9997.756857839972
 21
-2343.206637316773
 31
0.0
1001
REVIT
1002
{
1070
     1
1000
22425903
1002
}
1002
{
1070
     5
1000
22389725
1002
}
1002
{
1070
     3
1000
22389728
1002
}
  0
LINE
  5
6F6
330
70
100
AcDbEntity
  8
A-COB-___-___-EXI
 62
    28
370
    15
100
AcDbLine
 10
10077.96793963416
 20
-2649.275238899885
 30
0.0
 11
10077.96793963416
 21
-2343.206637316773
 31
0.0
1001
REVIT
1002
{
1070
     1
1000
22425903
1002
}
1002
{
1070
     5
1000
22389725
1002
}
1002
{
1070
     3
1000
22389728
1002
}
  0
LINE
  5
6F7
330
70
100
AcDbEntity
  8
A-COB-___-___-EXI
 62
    28
370
    15
100
AcDbLine
 10
10158.17902142836
 20
-2714.710595100413
 30
0.0
 11
10158.17902142836
 21
-2343.206637316773
 31
0.0
1001
REVIT
1002
{
1070
     1
1000
22425903
1002
}
1002
{
1070
     5
1000
22389725
1002
}
1002
{
1070
     3
1000
22389728
1002
}
  0
LINE
  5
6F8
330
70
100
AcDbEntity
  8
A-COB-___-___-EXI
 62
    28
370
    15
100
AcDbLine
 10
10238.39010322255
 20
-2778.03513335899
 30
0.0
 11
10238.39010322255
 21
-2343.206637316773
 31
0.0
1001
REVIT
1002
{
1070
     1
1000
22425903
1002
}
1002
{
1070
     5
1000
22389725
1002
}
1002
{
1070
     3
1000
22389728
1002
}
  0
LINE
  5
6F9
330
70
100
AcDbEntity
  8
A-COB-___-___-EXI
 62
    28
370
    15
100
AcDbLine
 10
10316.4903670748
 20
-2788.58922306875
 30
0.0
 11
10316.4903670748
 21
-2343.206637316773
 31
0.0
1001
REVIT
1002
{
1070
     1
1000
22425903
1002
}
1002
{
1070
     5
1000
22389725
1002
}
1002
{
1070
     3
1000
22389728
1002
}
  0
LINE
  5
6FA
330
70
100
AcDbEntity
  8
A-COB-___-___-EXI
 62
    28
370
    15
100
AcDbLine
 10
10396.70144886899
 20
-2788.58922306875
 30
0.0
 11
10396.70144886899
 21
-2343.206637316773
 31
0.0
1001
REVIT
1002
{
1070
     1
1000
22425903
1002
}
1002
{
1070
     5
1000
22389725
1002
}
1002
{
1070
     3
1000
22389728
1002
}
  0
LINE
  5
6FB
330
70
100
AcDbEntity
  8
A-COB-___-___-EXI
 62
    28
370
    15
100
AcDbLine
 10
10476.91253066318
 20
-2788.58922306875
 30
0.0
 11
10476.91253066318
 21
-2343.206637316773
 31
0.0
1001
REVIT
1002
{
1070
     1
1000
22425903
1002
}
1002
{
1070
     5
1000
22389725
1002
}
1002
{
1070
     3
1000
22389728
1002
}
  0
LINE
  5
6FC
330
70
100
AcDbEntity
  8
A-COB-___-___-EXI
 62
    28
370
    15
100
AcDbLine
 10
10557.12361245738
 20
-2788.58922306875
 30
0.0
 11
10557.12361245738
 21
-2343.206637316773
 31
0.0
1001
REVIT
1002
{
1070
     1
1000
22425903
1002
}
1002
{
1070
     5
1000
22389725
1002
}
1002
{
1070
     3
1000
22389728
1002
}
  0
LINE
  5
6FD
330
70
100
AcDbEntity
  8
A-COB-___-___-EXI
 62
    28
370
    15
100
AcDbLine
 10
10637.33469425157
 20
-2788.58922306875
 30
0.0
 11
10637.33469425157
 21
-2343.206637316773
 31
0.0
1001
REVIT
1002
{
1070
     1
1000
22425903
1002
}
1002
{
1070
     5
1000
22389725
1002
}
1002
{
1070
     3
1000
22389728
1002
}
  0
LINE
  5
6FE
330
70
100
AcDbEntity
  8
A-COB-___-___-EXI
 62
    28
370
    15
100
AcDbLine
 10
10715.43495810382
 20
-2788.58922306875
 30
0.0
 11
10715.43495810382
 21
-2343.206637316773
 31
0.0
1001
REVIT
1002
{
1070
     1
1000
22425903
1002
}
1002
{
1070
     5
1000
22389725
1002
}
1002
{
1070
     3
1000
22389728
1002
}
  0
LINE
  5
6FF
330
70
100
AcDbEntity
  8
A-COB-___-___-EXI
 62
    28
370
    15
100
AcDbLine
 10
10795.64603989801
 20
-2788.58922306875
 30
0.0
 11
10795.64603989801
 21
-2343.206637316773
 31
0.0
1001
REVIT
1002
{
1070
     1
1000
22425903
1002
}
1002
{
1070
     5
1000
22389725
1002
}
1002
{
1070
     3
1000
22389728
1002
}
  0
LINE
  5
700
330
70
100
AcDbEntity
  8
A-COB-___-___-EXI
 62
    28
370
    15
100
AcDbLine
 10
10875.85712169221
 20
-2788.58922306875
 30
0.0
 11
10875.85712169221
 21
-2343.206637316773
 31
0.0
1001
REVIT
1002
{
1070
     1
1000
22425903
1002
}
1002
{
1070
     5
1000
22389725
1002
}
1002
{
1070
     3
1000
22389728
1002
}
  0
LINE
  5
701
330
70
100
AcDbEntity
  8
A-COB-___-___-EXI
 62
    28
370
    15
100
AcDbLine
 10
10956.0682034864
 20
-2788.58922306875
 30
0.0
 11
10956.0682034864
 21
-2343.206637316773
 31
0.0
1001
REVIT
1002
{
1070
     1
1000
22425903
1002
}
1002
{
1070
     5
1000
22389725
1002
}
1002
{
1070
     3
1000
22389728
1002
}
  0
LINE
  5
702
330
70
100
AcDbEntity
  8
A-COB-___-___-EXI
 62
    28
370
    15
100
AcDbLine
 10
11036.2792852806
 20
-2788.58922306875
 30
0.0
 11
11036.2792852806
 21
-2343.206637316773
 31
0.0
1001
REVIT
1002
{
1070
     1
1000
22425903
1002
}
1002
{
1070
     5
1000
22389725
1002
}
1002
{
1070
     3
1000
22389728
1002
}
  0
LINE
  5
703
330
70
100
AcDbEntity
  8
A-COB-___-___-EXI
 62
    28
370
    15
100
AcDbLine
 10
11114.37954913284
 20
-2788.58922306875
 30
0.0
 11
11114.37954913284
 21
-2343.206637316773
 31
0.0
1001
REVIT
1002
{
1070
     1
1000
22425903
1002
}
1002
{
1070
     5
1000
22389725
1002
}
1002
{
1070
     3
1000
22389728
1002
}
  0
LINE
  5
704
330
70
100
AcDbEntity
  8
A-ALV-___-___-EXI
 62
    28
370
    15
100
AcDbLine
 10
807.2555385787763
 20
-7611.808220430223
 30
0.0
 11
807.2555385787763
 21
-7512.599777158449
 31
0.0
1001
REVIT
1002
{
1070
     1
1000
22425903
1002
}
1002
{
1070
     5
1000
22389725
1002
}
1002
{
1070
     3
1000
22389728
1002
}
  0
LINE
  5
705
330
70
100
AcDbEntity
  8
A-POR-___-___-EXI
 62
    28
370
    15
100
AcDbLine
 10
8207.783243064247
 20
-5467.217191406477
 30
0.0
 11
8207.783243064247
 21
-7483.04832597112
 31
0.0
1001
REVIT
1002
{
1070
     1
1000
22425903
1002
}
1002
{
1070
     5
1000
22389725
1002
}
1002
{
1070
     3
1000
22389728
1002
}
  0
LINE
  5
706
330
70
100
AcDbEntity
  8
A-POR-___-___-EXI
 62
    28
370
    15
100
AcDbLine
 10
8347.097227233112
 20
-5467.217191406477
 30
0.0
 11
8347.097227233112
 21
-7483.04832597112
 31
0.0
1001
REVIT
1002
{
1070
     1
1000
22425903
1002
}
1002
{
1070
     5
1000
22389725
1002
}
1002
{
1070
     3
1000
22389728
1002
}
  0
LINE
  5
707
330
70
100
AcDbEntity
  8
A-ALV-___-___-EXI
 62
    28
370
    15
100
AcDbLine
 10
9653.693533301716
 20
-4829.750172936821
 30
0.0
 11
9653.693533301716
 21
-7483.04832597112
 31
0.0
1001
REVIT
1002
{
1070
     1
1000
22425903
1002
}
1002
{
1070
     5
1000
22389725
1002
}
1002
{
1070
     3
1000
22389728
1002
}
  0
LINE
  5
708
330
70
100
AcDbEntity
  8
A-ALV-___-___-EXI
 62
    28
370
    15
100
AcDbLine
 10
10531.79379715395
 20
-4829.750172936821
 30
0.0
 11
10531.79379715395
 21
-7483.04832597112
 31
0.0
1001
REVIT
1002
{
1070
     1
1000
22425903
1002
}
1002
{
1070
     5
1000
22389725
1002
}
1002
{
1070
     3
1000
22389728
1002
}
  0
LWPOLYLINE
  5
709
330
70
100
AcDbEntity
  8
A-COB-___-___-EXI
 62
    28
370
    15
100
AcDbPolyline
 90
        3
 70
   128
 43
0.0
 10
9695.909892140763
 20
-2343.206637316773
 10
11192.47981298509
 20
-2343.206637316773
 10
11192.47981298509
 20
-2887.797666340521
1001
REVIT
1002
{
1070
     1
1000
22425903
1002
}
1002
{
1070
     5
1000
22389725
1002
}
1002
{
1070
     3
1000
22389728
1002
}
  0
LINE
  5
70A
330
70
100
AcDbEntity
  8
A-COB-___-___-EXI
 62
    28
370
    15
100
AcDbLine
 10
10994.06292644155
 20
-3388.061518583261
 30
0.0
 11
10994.06292644155
 21
-2887.797666340521
 31
0.0
1001
REVIT
1002
{
1070
     1
1000
22425903
1002
}
1002
{
1070
     5
1000
22389725
1002
}
1002
{
1070
     3
1000
22389728
1002
}
  0
LINE
  5
70B
330
70
100
AcDbEntity
  8
A-COB-___-___-EXI
 62
    28
370
    15
100
AcDbLine
 10
11192.47981298509
 20
-2788.58922306875
 30
0.0
 11
10251.05501087427
 21
-2788.58922306875
 31
0.0
1001
REVIT
1002
{
1070
     1
1000
22425903
1002
}
1002
{
1070
     5
1000
22389725
1002
}
1002
{
1070
     3
1000
22389728
1002
}
  0
LINE
  5
70C
330
70
100
AcDbEntity
  8
A-COB-___-___-EXI
 62
    28
370
    15
100
AcDbLine
 10
11192.47981298509
 20
-2839.24885367561
 30
0.0
 11
10312.26873119089
 21
-2839.24885367561
 31
0.0
1001
REVIT
1002
{
1070
     1
1000
22425903
1002
}
1002
{
1070
     5
1000
22389725
1002
}
1002
{
1070
     3
1000
22389728
1002
}
  0
LWPOLYLINE
  5
70D
330
70
100
AcDbEntity
  8
A-COB-___-___-EXI
 62
    28
370
    15
100
AcDbPolyline
 90
        4
 70
   128
 43
0.0
 10
11093.27136971332
 20
-2839.24885367561
 10
11093.27136971332
 20
-2887.797666340521
 10
11192.47981298509
 20
-2887.797666340521
 10
10373.48245150751
 20
-2887.797666340521
1001
REVIT
1002
{
1070
     1
1000
22425903
1002
}
1002
{
1070
     5
1000
22389725
1002
}
1002
{
1070
     3
1000
22389728
1002
}
  0
LINE
  5
70E
330
70
100
AcDbEntity
  8
A-COB-___-___-EXI
 62
    28
370
    15
100
AcDbLine
 10
11042.61173910646
 20
-2839.24885367561
 30
0.0
 11
11042.61173910646
 21
-2887.797666340521
 31
0.0
1001
REVIT
1002
{
1070
     1
1000
22425903
1002
}
1002
{
1070
     5
1000
22389725
1002
}
1002
{
1070
     3
1000
22389728
1002
}
  0
LINE
  5
70F
330
70
100
AcDbEntity
  8
A-COB-___-___-EXI
 62
    28
370
    15
100
AcDbLine
 10
10943.40329583469
 20
-2887.797666340521
 30
0.0
 11
10943.40329583469
 21
-2839.24885367561
 31
0.0
1001
REVIT
1002
{
1070
     1
1000
22425903
1002
}
1002
{
1070
     5
1000
22389725
1002
}
1002
{
1070
     3
1000
22389728
1002
}
  0
LINE
  5
710
330
70
100
AcDbEntity
  8
A-COB-___-___-EXI
 62
    28
370
    15
100
AcDbLine
 10
10894.85448316978
 20
-2839.24885367561
 30
0.0
 11
10894.85448316978
 21
-2887.797666340521
 31
0.0
1001
REVIT
1002
{
1070
     1
1000
22425903
1002
}
1002
{
1070
     5
1000
22389725
1002
}
1002
{
1070
     3
1000
22389728
1002
}
  0
LINE
  5
711
330
70
100
AcDbEntity
  8
A-COB-___-___-EXI
 62
    28
370
    15
100
AcDbLine
 10
10793.53522195606
 20
-2887.797666340521
 30
0.0
 11
10793.53522195606
 21
-2839.24885367561
 31
0.0
1001
REVIT
1002
{
1070
     1
1000
22425903
1002
}
1002
{
1070
     5
1000
22389725
1002
}
1002
{
1070
     3
1000
22389728
1002
}
  0
LINE
  5
712
330
70
100
AcDbEntity
  8
A-COB-___-___-EXI
 62
    28
370
    15
100
AcDbLine
 10
10744.98640929115
 20
-2839.24885367561
 30
0.0
 11
10744.98640929115
 21
-2887.797666340521
 31
0.0
1001
REVIT
1002
{
1070
     1
1000
22425903
1002
}
1002
{
1070
     5
1000
22389725
1002
}
1002
{
1070
     3
1000
22389728
1002
}
  0
LINE
  5
713
330
70
100
AcDbEntity
  8
A-COB-___-___-EXI
 62
    28
370
    15
100
AcDbLine
 10
10643.66714807744
 20
-2887.797666340521
 30
0.0
 11
10643.66714807744
 21
-2839.24885367561
 31
0.0
1001
REVIT
1002
{
1070
     1
1000
22425903
1002
}
1002
{
1070
     5
1000
22389725
1002
}
1002
{
1070
     3
1000
22389728
1002
}
  0
LINE
  5
714
330
70
100
AcDbEntity
  8
A-COB-___-___-EXI
 62
    28
370
    15
100
AcDbLine
 10
10595.11833541252
 20
-2839.24885367561
 30
0.0
 11
10595.11833541252
 21
-2887.797666340521
 31
0.0
1001
REVIT
1002
{
1070
     1
1000
22425903
1002
}
1002
{
1070
     5
1000
22389725
1002
}
1002
{
1070
     3
1000
22389728
1002
}
  0
LINE
  5
715
330
70
100
AcDbEntity
  8
A-COB-___-___-EXI
 62
    28
370
    15
100
AcDbLine
 10
10495.90989214076
 20
-2887.797666340521
 30
0.0
 11
10495.90989214076
 21
-2839.24885367561
 31
0.0
1001
REVIT
1002
{
1070
     1
1000
22425903
1002
}
1002
{
1070
     5
1000
22389725
1002
}
1002
{
1070
     3
1000
22389728
1002
}
  0
LINE
  5
716
330
70
100
AcDbEntity
  8
A-COB-___-___-EXI
 62
    28
370
    15
100
AcDbLine
 10
10445.2502615339
 20
-2839.24885367561
 30
0.0
 11
10445.2502615339
 21
-2887.797666340521
 31
0.0
1001
REVIT
1002
{
1070
     1
1000
22425903
1002
}
1002
{
1070
     5
1000
22389725
1002
}
1002
{
1070
     3
1000
22389728
1002
}
  0
LINE
  5
718
330
70
100
AcDbEntity
  8
A-ALV-___-___-EXI
 62
    28
370
    15
100
AcDbLine
 10
4214.11569689011
 20
-3964.314816736296
 30
0.0
 11
4214.11569689011
 21
-5946.372864229697
 31
0.0
1001
REVIT
1002
{
1070
     1
1000
22425903
1002
}
1002
{
1070
     5
1000
22389725
1002
}
1002
{
1070
     3
1000
22389728
1002
}
  0
LINE
  5
719
330
70
100
AcDbEntity
  8
A-ALV-___-___-EXI
 62
    28
370
    15
100
AcDbLine
 10
4214.11569689011
 20
-6265.106373464525
 30
0.0
 11
4214.11569689011
 21
-7483.04832597112
 31
0.0
1001
REVIT
1002
{
1070
     1
1000
22425903
1002
}
1002
{
1070
     5
1000
22389725
1002
}
1002
{
1070
     3
1000
22389728
1002
}
  0
LWPOLYLINE
  5
71A
330
70
100
AcDbEntity
  8
A-ESC-___-___-EXI
 62
    28
370
    15
100
AcDbPolyline
 90
       34
 70
   128
 43
0.0
 10
1763.456066283259
 20
-7483.048325971116
 10
1763.456066283259
 20
-7442.94278507402
 10
2042.084034620994
 20
-7442.94278507402
 10
2042.084034620994
 20
-7271.966531775866
 10
2337.598546494342
 20
-7271.966531775866
 10
2337.598546494342
 20
-7084.103734942093
 10
2631.002240425744
 20
-7084.103734942093
 10
2631.002240425744
 20
-6894.130120166368
 10
2924.405934357141
 20
-6894.130120166368
 10
2924.405934357141
 20
-6704.156505390644
 10
3217.809628288542
 20
-6704.156505390644
 10
3217.809628288542
 20
-6514.182890614917
 10
3506.991686336031
 20
-6514.182890614917
 10
3506.991686336031
 20
-6324.209275839192
 10
3798.284562325478
 20
-6324.209275839192
 10
3798.284562325478
 20
-6136.346479005418
 10
4087.466620372976
 20
-6136.346479005418
 10
4087.466620372976
 20
-5946.372864229692
 10
4376.648678420466
 20
-5946.372864229692
 10
4376.648678420466
 20
-5756.399249453966
 10
4665.830736467962
 20
-5756.399249453966
 10
4665.830736467962
 20
-5566.425634678239
 10
4950.791158631548
 20
-5566.425634678239
 10
4950.791158631548
 20
-5380.673655786416
 10
5242.084034620996
 20
-5380.673655786416
 10
5242.084034620996
 20
-5194.921676894598
 10
5535.487728552391
 20
-5194.921676894598
 10
5535.487728552391
 20
-5007.058880060825
 10
5824.669786599884
 20
-5007.058880060825
 10
5824.669786599884
 20
-4817.085265285099
 10
6113.851844647381
 20
-4817.085265285099
 10
6113.851844647381
 20
-4633.444104335234
 10
6403.033902694874
 20
-4633.444104335234
 10
6403.033902694874
 20
-4468.800304862938
1001
REVIT
1002
{
1070
     1
1000
22425903
1002
}
1002
{
1070
     5
1000
22389725
1002
}
1002
{
1070
     3
1000
22389728
1002
}
  0
LWPOLYLINE
  5
71B
330
70
100
AcDbEntity
  8
A-ALV-___-___-EXI
 62
    28
370
    15
100
AcDbPolyline
 90
        3
 70
   128
 43
0.0
 10
12110.68561773445
 20
-7932.652547607
 10
12110.68561773445
 20
-7721.57075341175
 10
12032.58535388221
 20
-7721.57075341175
1001
REVIT
1002
{
1070
     1
1000
22425903
1002
}
1002
{
1070
     5
1000
22389725
1002
}
1002
{
1070
     3
1000
22389728
1002
}
  0
LINE
  5
71C
330
70
100
AcDbEntity
  8
A-ALV-___-___-EXI
 62
    28
370
    15
100
AcDbLine
 10
4072.690894779293
 20
-5289.908484282467
 30
0.0
 11
4072.690894779293
 21
-6136.346479005425
 31
0.0
1001
REVIT
1002
{
1070
     1
1000
22425903
1002
}
1002
{
1070
     5
1000
22389725
1002
}
1002
{
1070
     3
1000
22389728
1002
}
  0
LWPOLYLINE
  5
71D
330
70
100
AcDbEntity
  8
A-ALV-___-___-EXI
 62
    28
370
    15
100
AcDbPolyline
 90
        3
 70
   128
 43
0.0
 10
404.0893116658499
 20
-7293.074711195394
 10
404.0893116658499
 20
-5456.663101696709
 10
446.3056705048966
 20
-5456.663101696709
1001
REVIT
1002
{
1070
     1
1000
22425903
1002
}
1002
{
1070
     5
1000
22389725
1002
}
1002
{
1070
     3
1000
22389728
1002
}
  0
LINE
  5
71E
330
70
100
AcDbEntity
  8
A-ALV-___-___-EXI
 62
    28
370
    15
100
AcDbLine
 10
11730.738388183
 20
-7483.048325971116
 30
0.0
 11
11730.738388183
 21
-4829.750172936815
 31
0.0
1001
REVIT
1002
{
1070
     1
1000
22425903
1002
}
1002
{
1070
     5
1000
22389725
1002
}
1002
{
1070
     3
1000
22389728
1002
}
  0
LINE
  5
71F
330
70
100
AcDbEntity
  8
A-ALV-___-___-EXI
 62
    28
370
    15
100
AcDbLine
 10
11730.738388183
 20
-4800.198721749475
 30
0.0
 11
11730.738388183
 21
-4568.008748134707
 31
0.0
1001
REVIT
1002
{
1070
     1
1000
22425903
1002
}
1002
{
1070
     5
1000
22389725
1002
}
1002
{
1070
     3
1000
22389728
1002
}
  0
LWPOLYLINE
  5
720
330
70
100
AcDbEntity
  8
A-ALV-___-___-EXI
 62
    28
370
    15
100
AcDbPolyline
 90
        3
 70
   128
 43
0.0
 10
11730.738388183
 20
-4437.138035733648
 10
11730.738388183
 20
-4297.824051564784
 10
11734.9600240669
 20
-4297.824051564784
1001
REVIT
1002
{
1070
     1
1000
22425903
1002
}
1002
{
1070
     5
1000
22389725
1002
}
1002
{
1070
     3
1000
22389728
1002
}
  0
LWPOLYLINE
  5
723
330
70
100
AcDbEntity
  8
A-COB-___-___-EXI
 62
   252
370
     9
100
AcDbPolyline
 90
        8
 70
   128
 43
0.0
 10
11013.06028791915
 20
-3776.452019902514
 10
9406.727834093292
 20
-2482.520621485627
 10
9444.722557048432
 20
-2512.072072672967
 10
9443.146604360865
 20
-2512.060460390007
 10
9444.722557048432
 20
-2512.072072672967
 10
9443.161022585808
 20
-2512.072072672967
 10
9444.722557048432
 20
-2512.072072672967
 10
9473.90517057429
 20
-2536.833078088836
1001
REVIT
1002
{
1070
     1
1000
22425903
1002
}
1002
{
1070
     5
1000
22389725
1002
}
1002
{
1070
     3
1000
22389728
1002
}
  0
LWPOLYLINE
  5
726
330
70
100
AcDbEntity
  8
A-COB-___-___-EXI
 62
   252
370
     9
100
AcDbPolyline
 90
        5
 70
   128
 43
0.0
 10
9531.26609266849
 20
-2674.605054203305
 10
9497.493005597249
 20
-2723.153866868212
 10
9496.150887545001
 20
-2722.010581120005
 10
9497.493005597249
 20
-2723.153866868212
 10
9556.706377393537
 20
-2640.913072706699
1001
REVIT
1002
{
1070
     1
1000
22425903
1002
}
1002
{
1070
     5
1000
22389725
1002
}
1002
{
1070
     3
1000
22389728
1002
}
  0
LWPOLYLINE
  5
729
330
70
100
AcDbEntity
  8
A-ALV-___-___-EXI
 62
   252
370
     9
100
AcDbPolyline
 90
       13
 70
   128
 43
0.0
 10
-6150.000398096686
 20
-8551.122204599089
 10
-5932.586150075579
 20
-8551.122204599089
 10
-6150.000398096686
 20
-8551.122204599089
 10
-5932.586150075579
 20
-8551.122204599089
 10
-5933.028048953671
 20
-8549.011386657133
 10
-5932.586150075579
 20
-8551.122204599089
 10
-5932.586150075579
 20
-8549.011386657133
 10
-5932.586150075579
 20
-8551.122204599089
 10
-6150.000398096686
 20
-8551.122204599089
 10
-3915.253417381498
 20
-8551.122204599089
 10
-4214.380345326238
 20
-8551.122204599089
 10
-4214.380345326238
 20
-8549.011386657133
 10
-3915.253417381496
 20
-8549.011386657131
1001
REVIT
1002
{
1070
     1
1000
22425903
1002
}
1002
{
1070
     5
1000
22389725
1002
}
1002
{
1070
     3
1000
22389728
1002
}
  0
LINE
  5
72C
330
70
100
AcDbEntity
  8
A-ALV-___-___-EXI
 62
   252
370
     9
100
AcDbLine
 10
404.0893116658499
 20
-7293.074711195394
 30
0.0
 11
404.0893116658499
 21
-5437.665740219141
 31
0.0
1001
REVIT
1002
{
1070
     1
1000
22425903
1002
}
1002
{
1070
     5
1000
22389725
1002
}
1002
{
1070
     3
1000
22389728
1002
}
  0
LWPOLYLINE
  5
730
330
70
100
AcDbEntity
  8
A-ALV-___-___-EXI
 62
   252
370
     9
100
AcDbPolyline
 90
        2
 70
   129
 43
0.0
 10
6447.783243064264
 20
-4829.750172936815
 10
6445.250261533921
 20
-4829.750172936815
1001
REVIT
1002
{
1070
     1
1000
22425903
1002
}
1002
{
1070
     5
1000
22389725
1002
}
1002
{
1070
     3
1000
22389728
1002
}
  0
LWPOLYLINE
  5
731
330
70
100
AcDbEntity
  8
A-ALV-___-___-EXI
 62
   252
370
     9
100
AcDbPolyline
 90
        4
 70
   128
 43
0.0
 10
6445.250261533906
 20
-4829.750172936821
 10
6447.783243064264
 20
-4829.750172936815
 10
6445.250261533921
 20
-4829.750172936815
 10
6447.783243064264
 20
-4828.138275599325
1001
REVIT
1002
{
1070
     1
1000
22425903
1002
}
1002
{
1070
     5
1000
22389725
1002
}
1002
{
1070
     3
1000
22389728
1002
}
  0
LWPOLYLINE
  5
733
330
70
100
AcDbEntity
  8
A-ALV-___-___-EXI
 62
   252
370
     9
100
AcDbPolyline
 90
        6
 70
   129
 43
0.0
 10
4214.115696890121
 20
-3953.760727026529
 10
4214.115696890121
 20
-3964.314816736289
 10
4144.458704805689
 20
-3953.760727026529
 10
4214.115696890121
 20
-3964.314816736289
 10
4144.458704805689
 20
-3964.314816736289
 10
4214.115696890121
 20
-3964.314816736289
1001
REVIT
1002
{
1070
     1
1000
22425903
1002
}
1002
{
1070
     5
1000
22389725
1002
}
1002
{
1070
     3
1000
22389728
1002
}
  0
LWPOLYLINE
  5
76B
330
70
100
AcDbEntity
  8
A-ESC-___-___-EXI
100
AcDbPolyline
 90
        5
 70
     0
 43
0.0
 10
-6131.003036619109
 20
-4559.5654763669
 10
-6150.000398096683
 20
-4559.5654763669
 10
-6150.000398096683
 20
-5152.705318055555
 10
-6010.686413927817
 20
-5152.705318055555
 10
-6010.686413927817
 20
-4998.615608293022
1001
REVIT
1002
{
1070
     1
1000
22425916
1002
}
1002
{
1070
     5
1000
383807
1002
}
1002
{
1070
     2
1000
-2000051
1002
}
1002
{
1070
     3
1000
-2000042
1002
}
  0
LWPOLYLINE
  5
76C
330
70
100
AcDbEntity
  8
A-ALV-___-___-EXI
100
AcDbPolyline
 90
        4
 70
     0
 43
0.0
 10
8207.783243064248
 20
-4829.750172936821
 10
8207.783243064248
 20
-5467.217191406475
 10
8347.097227233112
 20
-5467.217191406475
 10
8347.097227233112
 20
-4829.750172936821
1001
REVIT
1002
{
1070
     1
1000
22425916
1002
}
1002
{
1070
     5
1000
383807
1002
}
1002
{
1070
     2
1000
-2000051
1002
}
1002
{
1070
     3
1000
-2000042
1002
}
  0
LWPOLYLINE
  5
76D
330
70
100
AcDbEntity
  8
A-ALV-___-___-EXI
 62
   252
370
     9
100
AcDbPolyline
 90
        2
 70
     1
 43
0.0
 10
440.4937543416362
 20
-5437.665740219141
 10
446.3056705048966
 20
-5577.85316629499
1001
REVIT
1002
{
1070
     1
1000
22425903
1002
}
1002
{
1070
     5
1000
22389725
1002
}
1002
{
1070
     3
1000
22389728
1002
}
  0
LWPOLYLINE
  5
76E
330
70
100
AcDbEntity
  8
A-ALV-___-___-EXI
 62
   252
370
     9
100
AcDbPolyline
 90
        2
 70
     1
 43
0.0
 10
-3914.644197568982
 20
-8209.169698002776
 10
-3914.644197568982
 20
-7512.599777158449
1001
REVIT
1002
{
1070
     1
1000
22425903
1002
}
1002
{
1070
     5
1000
22389725
1002
}
1002
{
1070
     3
1000
22389728
1002
}
  0
LWPOLYLINE
  5
76F
330
70
100
AcDbEntity
  8
A-COB-___-___-EXI
 62
   252
370
     9
100
AcDbPolyline
 90
        3
 70
     0
 43
0.0
 10
9556.595907971916
 20
-2640.831967132068
 10
10994.06292644157
 20
-3799.671017263995
 10
10966.62229319619
 20
-3776.452019902514
1001
REVIT
1002
{
1070
     1
1000
22425903
1002
}
1002
{
1070
     5
1000
22389725
1002
}
1002
{
1070
     3
1000
22389728
1002
}
  0
LWPOLYLINE
  5
770
330
70
100
AcDbEntity
  8
A-COB-___-___-EXI
 62
   252
370
     9
100
AcDbPolyline
 90
        3
 70
     0
 43
0.0
 10
9559.219523492959
 20
-2605.544338373638
 10
9546.041818262152
 20
-2594.393972409111
 10
9538.586713342573
 20
-2588.926895468088
1001
REVIT
1002
{
1070
     1
1000
22425903
1002
}
1002
{
1070
     5
1000
22389725
1002
}
1002
{
1070
     3
1000
22389728
1002
}
  0
LWPOLYLINE
  5
771
330
70
100
AcDbEntity
  8
A-COB-___-___-EXI
 62
    18
370
     9
100
AcDbPolyline
 90
        6
 70
     0
 43
0.0
 10
11671.55001712382
 20
-4049.457183061163
 10
11669.52466786635
 20
-4116.293708556877
 10
11680.07875757611
 20
-4114.18289061492
 10
11680.07875757611
 20
-4044.52589853049
 10
11637.86239873706
 20
-4008.6419935173
 10
11633.95039449743
 20
-4014.50999987678
1001
REVIT
1002
{
1070
     1
1000
22425903
1002
}
1002
{
1070
     5
1000
22389725
1002
}
1002
{
1070
     3
1000
22389728
1002
}
  0
VIEWPORT
  5
745
102
{ACAD_XDICTIONARY
360
746
102
}
330
74
100
AcDbEntity
 67
     1
  8
0
100
AcDbViewport
 10
176.4993075542984
 20
95.54307661814641
 30
0.0
 40
681.2567698359464
 41
270.942307212214
 68
     1
 69
     1
 12
176.4993075542984
 22
95.54307661814641
 13
0.0
 23
0.0
 14
10.0
 24
10.0
 15
10.0
 25
10.0
 16
0.0
 26
0.0
 36
1.0
 17
0.0
 27
0.0
 37
0.0
 42
50.0
 43
0.0
 44
0.0
 45
270.942307212214
 50
0.0
 51
0.0
 72
   100
 90
   819232
  1

281
     0
 71
     1
 74
     0
110
0.0
120
0.0
130
0.0
111
1.0
121
0.0
131
0.0
112
0.0
122
1.0
132
0.0
 79
     0
146
0.0
170
     0
 61
     5
348
2F
292
     1
282
     1
141
0.0
142
0.0
 63
   250
421
  3355443
  0
VIEWPORT
  5
749
102
{ACAD_XDICTIONARY
360
74A
102
}
330
74
100
AcDbEntity
 67
     1
  8
0
100
AcDbViewport
 10
148.5
 20
104.9443283081054
 30
0.0
 40
237.6
 41
167.9109252929687
 68
     2
 69
     2
 12
2923.350525386159
 22
-4572.254095532655
 13
0.0
 23
0.0
 14
1.0
 24
1.0
 15
0.0
 25
0.0
 16
0.0
 26
0.0
 36
1.0
 17
0.0
 27
0.0
 37
0.0
 42
50.0
 43
0.0
 44
0.0
 45
13874.19486476509
 50
0.0
 51
0.0
 72
  1000
 90
   819232
  1

281
     0
 71
     1
 74
     0
110
0.0
120
0.0
130
0.0
111
1.0
121
0.0
131
0.0
112
0.0
122
1.0
132
0.0
 79
     0
146
0.0
170
     0
 61
     5
348
2F
292
     1
282
     1
141
0.0
142
0.0
 63
   250
421
  3355443
  0
ENDSEC
  0
SECTION
  2
OBJECTS
  0
DICTIONARY
  5
C
330
0
100
AcDbDictionary
281
     1
  3
ACAD_CIP_PREVIOUS_PRODUCT_INFO
350
79
  3
ACAD_COLOR
350
63
  3
ACAD_DETAILVIEWSTYLE
350
6A
  3
ACAD_GROUP
350
D
  3
ACAD_IMAGE_VARS
350
7A
  3
ACAD_LAYOUT
350
62
  3
ACAD_MATERIAL
350
10
  3
ACAD_MLEADERSTYLE
350
66
  3
ACAD_MLINESTYLE
350
5F
  3
ACAD_PLOTSETTINGS
350
61
  3
ACAD_PLOTSTYLENAME
350
E
  3
ACAD_RENDER_ACTIVE_RAPIDRT_SETTINGS
350
5D7
  3
ACAD_RENDER_RAPIDRT_SETTINGS
350
5D0
  3
ACAD_SCALELIST
350
42
  3
ACAD_SECTIONVIEWSTYLE
350
68
  3
ACAD_TABLESTYLE
350
64
  3
ACAD_VISUALSTYLE
350
29
  3
ACDB_RECOMPOSE_DATA
350
78C
  3
AcDbVariableDictionary
350
5C0
  3
REVIT_DICTIONARY
350
5B8
  0
SUN
  5
5BF
330
57
100
AcDbSun
 90
        1
290
     1
 63
     7
421
 16777215
 40
0.3
291
     1
 91
  2460364
 92
 44122000
292
     0
 70
     1
 71
   128
280
     1
  0
DICTIONARY
  5
5DC
330
2
100
AcDbDictionary
280
     1
281
     1
  3
ACAD_LAYERSTATES
360
5DD
  0
DICTIONARY
  5
5BD
330
70
100
AcDbDictionary
280
     1
281
     1
  3
ACAD_SORTENTS
360
5BE
  0
DICTIONARY
  5
746
330
745
100
AcDbDictionary
280
     1
281
     1
  3
ASDK_XREC_ANNOTATION_SCALE_INFO
360
747
  0
DICTIONARY
  5
74A
330
749
100
AcDbDictionary
280
     1
281
     1
  3
ASDK_XREC_ANNOTATION_SCALE_INFO
360
74B
  0
XRECORD
  5
79
102
{ACAD_REACTORS
330
C
102
}
330
C
100
AcDbXrecord
280
     1
300
ACD
300
2022
300

  0
DICTIONARY
  5
63
102
{ACAD_REACTORS
330
C
102
}
330
C
100
AcDbDictionary
281
     1
  0
DICTIONARY
  5
6A
102
{ACAD_REACTORS
330
C
102
}
330
C
100
AcDbDictionary
281
     1
  3
Imperial24
350
6B
  3
Metric50
350
5C8
  0
DICTIONARY
  5
D
102
{ACAD_REACTORS
330
C
102
}
330
C
100
AcDbDictionary
281
     1
  0
RASTERVARIABLES
  5
7A
102
{ACAD_REACTORS
330
C
102
}
330
C
100
AcDbRasterVariables
 90
        0
 70
     0
 71
     1
 72
     1
  0
DICTIONARY
  5
62
102
{ACAD_REACTORS
330
C
102
}
330
C
100
AcDbDictionary
281
     1
  3
Layout2
350
77
  3
Model
350
73
  0
DICTIONARY
  5
10
102
{ACAD_REACTORS
330
C
102
}
330
C
100
AcDbDictionary
281
     1
  3
ByBlock
350
19
  3
ByLayer
350
11
  3
Global
350
21
  0
DICTIONARY
  5
66
102
{ACAD_REACTORS
330
C
102
}
330
C
100
AcDbDictionary
281
     1
  3
Standard
350
67
  0
DICTIONARY
  5
5F
102
{ACAD_REACTORS
330
C
102
}
330
C
100
AcDbDictionary
281
     1
  3
Standard
350
60
  0
DICTIONARY
  5
61
102
{ACAD_REACTORS
330
C
102
}
330
C
100
AcDbDictionary
281
     1
  0
ACDBDICTIONARYWDFLT
  5
E
102
{ACAD_REACTORS
330
C
102
}
330
C
100
AcDbDictionary
281
     1
  3
Normal
350
F
100
AcDbDictionaryWithDefault
340
F
  0
RAPIDRTRENDERSETTINGS
  5
5D7
102
{ACAD_REACTORS
330
C
102
}
330
C
100
AcDbRenderSettings
 90
        2
  1
Médio
290
     1
290
     0
290
     1
290
     1
  1

  1
Aplica 5 níveis de renderização
 90
        0
100
AcDbRapidRTRenderSettings
 90
        3
 70
     0
 90
        5
 90
        1
 70
     1
 70
     2
 40
3.0
 40
3.0
290
     1
  0
DICTIONARY
  5
5D0
102
{ACAD_REACTORS
330
C
102
}
330
C
100
AcDbDictionary
281
     1
  3
Alto
350
5D3
  3
Baixo
350
5D1
  3
Médio
350
5D2
  3
Qualidade de curta duração
350
5D4
  3
Qualidade de longa duração
350
5D6
  3
Qualidade de média duração
350
5D5
  0
DICTIONARY
  5
42
102
{ACAD_REACTORS
330
C
102
}
330
C
100
AcDbDictionary
281
     1
  3
A0
350
43
  3
A1
350
44
  3
A2
350
45
  3
A3
350
46
  3
A4
350
47
  3
A5
350
48
  3
A6
350
49
  3
A7
350
4A
  3
A8
350
4B
  3
A9
350
4C
  3
B0
350
4D
  3
B1
350
4E
  3
B2
350
4F
  3
B3
350
50
  3
B4
350
51
  3
B5
350
52
  3
B6
350
53
  0
DICTIONARY
  5
68
102
{ACAD_REACTORS
330
C
102
}
330
C
100
AcDbDictionary
281
     1
  3
Imperial24
350
69
  3
Metric50
350
5C7
  0
DICTIONARY
  5
64
102
{ACAD_REACTORS
330
C
102
}
330
C
100
AcDbDictionary
281
     1
  3
Standard
350
65
  0
DICTIONARY
  5
29
102
{ACAD_REACTORS
330
C
102
}
330
C
100
AcDbDictionary
281
     1
  3
2dWireframe
350
2F
  3
Basic
350
2E
  3
Brighten
350
35
  3
ColorChange
350
39
  3
Conceptual
350
32
  3
Dim
350
34
  3
EdgeColorOff
350
41
  3
Facepattern
350
38
  3
Flat
350
2A
  3
FlatWithEdges
350
2B
  3
Gouraud
350
2C
  3
GouraudWithEdges
350
2D
  3
Hidden
350
31
  3
JitterOff
350
3F
  3
Linepattern
350
37
  3
OverhangOff
350
40
  3
Realistic
350
33
  3
Shaded
350
3E
  3
Shaded with edges
350
3D
  3
Shades of Gray
350
3A
  3
Sketchy
350
3B
  3
Thicken
350
36
  3
Wireframe
350
30
  3
X-Ray
350
3C
  0
XRECORD
  5
78C
102
{ACAD_REACTORS
330
C
102
}
330
C
100
AcDbXrecord
280
     1
 90
        1
330
65
  0
DICTIONARY
  5
5C0
102
{ACAD_REACTORS
330
C
102
}
330
C
100
AcDbDictionary
281
     1
  3
CANNOSCALE
350
5C5
  3
CMLEADERSTYLE
350
5C2
  3
CTABLESTYLE
350
5C1
  3
CVIEWDETAILSTYLE
350
5C3
  3
CVIEWSECTIONSTYLE
350
5C4
  0
DICTIONARY
  5
5B8
102
{ACAD_REACTORS
330
C
102
}
330
C
100
AcDbDictionary
281
     1
  3
DRAWING_TOOL
350
5BC
  3
REVIT_CATEGORY_MAPPING
350
5BA
  3
REVIT_SUB_CATEGORY_MAPPING
350
5BB
  3
REVIT_TYPE_MAPPING
350
5B9
  0
DICTIONARY
  5
5DD
102
{ACAD_REACTORS
330
5DC
102
}
330
5DC
100
AcDbDictionary
281
     1
  0
SORTENTSTABLE
  5
5BE
102
{ACAD_REACTORS
330
5BD
102
}
330
5BD
100
AcDbSortentsTable
330
70
331
39B
  5
6D1
331
39C
  5
6D2
331
39D
  5
6D3
331
39E
  5
6D4
331
39F
  5
6D5
331
3A1
  5
6D7
331
3A2
  5
6D8
331
3A3
  5
6D9
331
3A4
  5
6DA
331
3A5
  5
6DB
331
3A6
  5
6DC
331
3A7
  5
6DD
331
3B0
  5
6DE
331
3B5
  5
6E2
331
3B6
  5
6E3
331
3C8
  5
6E8
331
3C9
  5
6E9
331
3CA
  5
6EA
331
3E4
  5
6EB
331
3F5
  5
6EC
331
4AE
  5
6ED
331
5E1
  5
6EE
331
5E2
  5
6EF
331
5E3
  5
6F0
331
5E4
  5
6F1
331
5E5
  5
6F2
331
5E6
  5
6F3
331
5E7
  5
6F4
331
5E8
  5
6F5
331
5E9
  5
6F6
331
5EA
  5
6F7
331
5EB
  5
6F8
331
5EC
  5
6F9
331
5ED
  5
6FA
331
5EE
  5
6FB
331
5EF
  5
6FC
331
5F0
  5
6FD
331
5F1
  5
6FE
331
5F2
  5
6FF
331
5F3
  5
700
331
5F4
  5
701
331
5F5
  5
702
331
5F6
  5
703
331
5F7
  5
704
331
5F8
  5
705
331
5F9
  5
706
331
5FA
  5
707
331
5FB
  5
708
331
5FC
  5
709
331
5FD
  5
70A
331
5FE
  5
70B
331
5FF
  5
70C
331
600
  5
70D
331
601
  5
70E
331
602
  5
70F
331
603
  5
710
331
604
  5
711
331
605
  5
712
331
606
  5
713
331
607
  5
714
331
608
  5
715
331
609
  5
716
331
60A
  5
717
331
60B
  5
718
331
60C
  5
719
331
60D
  5
71A
331
60E
  5
71B
331
60F
  5
71C
331
610
  5
71D
331
611
  5
71E
331
612
  5
71F
331
613
  5
720
331
614
  5
721
331
615
  5
722
331
616
  5
723
331
617
  5
724
331
618
  5
725
331
619
  5
726
331
61A
  5
727
331
61B
  5
728
331
61C
  5
729
331
61D
  5
72A
331
61E
  5
72B
331
61F
  5
72C
331
620
  5
72D
331
621
  5
72E
331
622
  5
72F
331
632
  5
730
331
633
  5
731
331
634
  5
732
331
635
  5
733
331
644
  5
39B
331
645
  5
39C
331
646
  5
39D
331
647
  5
39E
331
648
  5
39F
331
649
  5
3A0
331
64A
  5
3A1
331
64B
  5
3A2
331
64C
  5
3A3
331
64D
  5
3A4
331
64E
  5
3A5
331
64F
  5
3A6
331
650
  5
3A7
331
651
  5
3B0
331
652
  5
3B1
331
653
  5
3B2
331
654
  5
3B3
331
655
  5
3B5
331
656
  5
3B6
331
657
  5
3BE
331
658
  5
3BF
331
659
  5
3C0
331
65A
  5
3C1
331
65B
  5
3C8
331
65C
  5
3C9
331
65D
  5
3CA
331
65E
  5
3E4
331
65F
  5
3F5
331
660
  5
4AE
331
661
  5
5E1
331
662
  5
5E2
331
663
  5
5E3
331
664
  5
5E4
331
665
  5
5E5
331
666
  5
5E6
331
667
  5
5E7
331
668
  5
5E8
331
669
  5
5E9
331
66A
  5
5EA
331
66B
  5
5EB
331
66C
  5
5EC
331
66D
  5
5ED
331
66E
  5
5EE
331
66F
  5
5EF
331
670
  5
5F0
331
674
  5
5F4
331
675
  5
5F5
331
676
  5
5F6
331
677
  5
5F7
331
678
  5
5F8
331
679
  5
5F9
331
67A
  5
5FA
331
67B
  5
5FB
331
67C
  5
5FC
331
67D
  5
5FD
331
67F
  5
5FF
331
681
  5
601
331
684
  5
604
331
687
  5
607
331
688
  5
608
331
68A
  5
60A
331
68B
  5
60B
331
68D
  5
60D
331
68F
  5
60F
331
690
  5
610
331
691
  5
611
331
692
  5
612
331
693
  5
613
331
694
  5
614
331
695
  5
615
331
696
  5
616
331
697
  5
617
331
698
  5
618
331
699
  5
619
331
69A
  5
61A
331
69B
  5
61B
331
69C
  5
61C
331
69D
  5
61D
331
69E
  5
61E
331
69F
  5
61F
331
6A0
  5
620
331
6A1
  5
621
331
6A2
  5
622
331
6A3
  5
632
331
6A4
  5
633
331
6A5
  5
634
331
6A6
  5
635
331
6A7
  5
644
331
6A8
  5
645
331
6A9
  5
646
331
6AA
  5
647
331
6AB
  5
648
331
6AC
  5
649
331
6AD
  5
64A
331
6AE
  5
64B
331
6AF
  5
64C
331
6B0
  5
64D
331
6B1
  5
64E
331
6B2
  5
64F
331
6B3
  5
650
331
6B4
  5
651
331
6B5
  5
652
331
6B6
  5
653
331
6B7
  5
654
331
6B8
  5
655
331
6B9
  5
656
331
6BA
  5
657
331
6BB
  5
658
331
6BC
  5
659
331
6BD
  5
65A
331
6BE
  5
65B
331
6BF
  5
65C
331
6C0
  5
65D
331
6C1
  5
65E
331
6C2
  5
65F
331
6C3
  5
660
331
6C4
  5
661
331
6C5
  5
662
331
6C6
  5
663
331
6C7
  5
664
331
6C8
  5
665
331
6C9
  5
666
331
6CA
  5
667
331
6CB
  5
668
331
6CC
  5
669
331
6CD
  5
66A
331
6CE
  5
66B
331
6CF
  5
66C
331
6D0
  5
66D
331
6D1
  5
66E
331
6D2
  5
66F
331
6D3
  5
670
331
6D5
  5
672
331
6DD
  5
67A
331
6DE
  5
67B
331
6DF
  5
67C
331
6E0
  5
67D
331
6E1
  5
67E
331
6E2
  5
67F
331
6E3
  5
680
331
6E4
  5
681
331
6E5
  5
682
331
6E7
  5
684
331
6E8
  5
685
331
6E9
  5
686
331
6EA
  5
687
331
6EB
  5
688
331
6EC
  5
689
331
6ED
  5
68A
331
6EE
  5
68B
331
6F0
  5
68D
331
6F1
  5
68E
331
6F2
  5
68F
331
6F3
  5
690
331
6F4
  5
691
331
6F5
  5
692
331
6F6
  5
693
331
6F7
  5
694
331
6F8
  5
695
331
6F9
  5
696
331
6FA
  5
697
331
6FB
  5
698
331
6FC
  5
699
331
6FD
  5
69A
331
6FE
  5
69B
331
6FF
  5
69C
331
700
  5
69D
331
701
  5
69E
331
702
  5
69F
331
703
  5
6A0
331
704
  5
6A1
331
705
  5
6A2
331
706
  5
6A3
331
707
  5
6A4
331
708
  5
6A5
331
709
  5
6A6
331
70A
  5
6A7
331
70B
  5
6A8
331
70C
  5
6A9
331
70D
  5
6AA
331
70E
  5
6AB
331
70F
  5
6AC
331
710
  5
6AD
331
711
  5
6AE
331
712
  5
6AF
331
713
  5
6B0
331
714
  5
6B1
331
715
  5
6B2
331
716
  5
6B3
331
718
  5
6B5
331
719
  5
6B6
331
71A
  5
6B7
331
71B
  5
6B8
331
71C
  5
6B9
331
71D
  5
6BA
331
71E
  5
6BB
331
71F
  5
6BC
331
720
  5
6BD
331
723
  5
6C0
331
726
  5
6C3
331
729
  5
6C6
331
72C
  5
6C9
331
730
  5
6CD
331
731
  5
6CE
331
733
  5
6D0
  0
XRECORD
  5
747
102
{ACAD_REACTORS
330
746
102
}
330
746
100
AcDbXrecord
280
     1
 90
        1
340
43
  0
XRECORD
  5
74B
102
{ACAD_REACTORS
330
74A
102
}
330
74A
100
AcDbXrecord
280
     1
 90
        1
340
43
  0
ACDBDETAILVIEWSTYLE
  5
6B
102
{ACAD_REACTORS
330
6A
102
}
330
6A
100
AcDbModelDocViewStyle
 70
     0
  3
Imperial24
290
     1
300
Imperial24
 90
        0
100
AcDbDetailViewStyle
 70
     0
 71
     0
 90
        3
 71
     1
340
55
 62
   256
 40
0.24
340
0
 62
   256
 40
0.24
300

 40
0.36
280
     3
 71
     2
340
5D
 90
       25
 62
   256
 71
     3
340
55
 62
   256
 40
0.24
 90
        1
 40
0.75
 90
        1
300
%<\AcVar ViewType \f "%tc1">% %<\AcVar ViewDetailId>%\PSCALE %<\AcVar ViewScale \f "%sn">%
 71
     4
340
5D
 90
       25
 62
   256
340
5D
 90
       25
 62
   256
280
     0
  0
ACDBDETAILVIEWSTYLE
  5
5C8
102
{ACAD_REACTORS
330
6A
102
}
330
6A
100
AcDbModelDocViewStyle
 70
     0
  3
Metric50
290
     1
300
Metric50
 90
        0
100
AcDbDetailViewStyle
 70
     0
 71
     0
 90
        3
 71
     1
340
55
 62
   256
 40
5.0
340
0
 62
   256
 40
5.0
300

 40
0.0
280
     1
 71
     2
340
5D
 90
       25
 62
   256
 71
     3
340
55
 62
   256
 40
5.0
 90
        0
 40
15.0
 90
        1
300
%<\AcVar ViewDetailId>% (%<\AcVar ViewScale \f "%sn">%)
 71
     4
340
5D
 90
       25
 62
   256
340
5D
 90
       25
 62
   256
280
     0
  0
LAYOUT
  5
77
102
{ACAD_REACTORS
330
62
102
}
330
62
100
AcDbPlotSettings
  1

  2
PDF24
  4
A4
  6

 40
0.0
 41
0.0
 42
0.1113433837890625
 43
0.0
 44
210.0
 45
297.0
 46
0.0
 47
0.0
 48
0.0
 49
0.0
140
0.0
141
0.0
142
1.0
143
1.0
 70
   688
 72
     1
 73
     1
 74
     5
  7

 75
    16
147
1.0
 76
     0
 77
     2
 78
   300
148
0.0
149
0.0
100
AcDbLayout
  1
Layout2
 70
     1
 71
     1
 10
0.0
 20
0.0
 11
297.0
 21
210.0
 12
0.0
 22
0.0
 32
0.0
 14
29.69999999999999
 24
20.98886566162111
 34
0.0
 15
267.3
 25
188.8997909545898
 35
0.0
146
0.0
 13
0.0
 23
0.0
 33
0.0
 16
1.0
 26
0.0
 36
0.0
 17
0.0
 27
1.0
 37
0.0
 76
     0
330
74
331
745
1001
ACAD_PSEXT
1000
PDF24
1000
PDF24
1000
\\.\pipe\PDFPrint
1000
PDF24 Printer
1070
     0
  0
LAYOUT
  5
73
102
{ACAD_REACTORS
330
62
102
}
330
62
100
AcDbPlotSettings
  1

  2

  4

  6

 40
0.0
 41
0.0
 42
0.0
 43
0.0
 44
0.0
 45
0.0
 46
0.0
 47
0.0
 48
0.0
 49
0.0
140
0.0
141
0.0
142
1.0
143
1.0
 70
  1712
 72
     0
 73
     0
 74
     0
  7

 75
     0
147
1.0
 76
     0
 77
     2
 78
   300
148
0.0
149
0.0
100
AcDbLayout
  1
Model
 70
     1
 71
     0
 10
0.0
 20
0.0
 11
12.0
 21
9.0
 12
0.0
 22
0.0
 32
0.0
 14
0.0
 24
0.0
 34
0.0
 15
0.0
 25
0.0
 35
0.0
146
0.0
 13
0.0
 23
0.0
 33
0.0
 16
1.0
 26
0.0
 36
0.0
 17
0.0
 27
1.0
 37
0.0
 76
     0
330
70
331
57
  0
MATERIAL
  5
19
102
{ACAD_XDICTIONARY
360
1A
102
}
102
{ACAD_REACTORS
330
10
102
}
330
10
100
AcDbMaterial
  1
ByBlock
 72
     0
 43
0.0208333333333333
 43
0.0
 43
0.0
 43
0.0
 43
0.0
 43
0.0208333333333333
 43
0.0
 43
0.0
 43
0.0
 43
0.0
 43
1.0
 43
0.0
 43
0.0
 43
0.0
 43
0.0
 43
1.0
 77
     0
 47
0.0208333333333333
 47
0.0
 47
0.0
 47
0.0
 47
0.0
 47
0.0208333333333333
 47
0.0
 47
0.0
 47
0.0
 47
0.0
 47
1.0
 47
0.0
 47
0.0
 47
0.0
 47
0.0
 47
1.0
171
     0
 49
0.0208333333333333
 49
0.0
 49
0.0
 49
0.0
 49
0.0
 49
0.0208333333333333
 49
0.0
 49
0.0
 49
0.0
 49
0.0
 49
1.0
 49
0.0
 49
0.0
 49
0.0
 49
0.0
 49
1.0
175
     0
142
0.0208333333333333
142
0.0
142
0.0
142
0.0
142
0.0
142
0.0208333333333333
142
0.0
142
0.0
142
0.0
142
0.0
142
1.0
142
0.0
142
0.0
142
0.0
142
0.0
142
1.0
179
     0
144
0.0208333333333333
144
0.0
144
0.0
144
0.0
144
0.0
144
0.0208333333333333
144
0.0
144
0.0
144
0.0
144
0.0
144
1.0
144
0.0
144
0.0
144
0.0
144
0.0
144
1.0
147
0.0208333333333333
147
0.0
147
0.0
147
0.0
147
0.0
147
0.0208333333333333
147
0.0
147
0.0
147
0.0
147
0.0
147
1.0
147
0.0
147
0.0
147
0.0
147
0.0
147
1.0
  0
MATERIAL
  5
11
102
{ACAD_XDICTIONARY
360
12
102
}
102
{ACAD_REACTORS
330
10
102
}
330
10
100
AcDbMaterial
  1
ByLayer
 72
     0
 43
0.0208333333333333
 43
0.0
 43
0.0
 43
0.0
 43
0.0
 43
0.0208333333333333
 43
0.0
 43
0.0
 43
0.0
 43
0.0
 43
1.0
 43
0.0
 43
0.0
 43
0.0
 43
0.0
 43
1.0
 77
     0
 47
0.0208333333333333
 47
0.0
 47
0.0
 47
0.0
 47
0.0
 47
0.0208333333333333
 47
0.0
 47
0.0
 47
0.0
 47
0.0
 47
1.0
 47
0.0
 47
0.0
 47
0.0
 47
0.0
 47
1.0
171
     0
 49
0.0208333333333333
 49
0.0
 49
0.0
 49
0.0
 49
0.0
 49
0.0208333333333333
 49
0.0
 49
0.0
 49
0.0
 49
0.0
 49
1.0
 49
0.0
 49
0.0
 49
0.0
 49
0.0
 49
1.0
175
     0
142
0.0208333333333333
142
0.0
142
0.0
142
0.0
142
0.0
142
0.0208333333333333
142
0.0
142
0.0
142
0.0
142
0.0
142
1.0
142
0.0
142
0.0
142
0.0
142
0.0
142
1.0
179
     0
144
0.0208333333333333
144
0.0
144
0.0
144
0.0
144
0.0
144
0.0208333333333333
144
0.0
144
0.0
144
0.0
144
0.0
144
1.0
144
0.0
144
0.0
144
0.0
144
0.0
144
1.0
147
0.0208333333333333
147
0.0
147
0.0
147
0.0
147
0.0
147
0.0208333333333333
147
0.0
147
0.0
147
0.0
147
0.0
147
1.0
147
0.0
147
0.0
147
0.0
147
0.0
147
1.0
  0
MATERIAL
  5
21
102
{ACAD_XDICTIONARY
360
22
102
}
102
{ACAD_REACTORS
330
10
102
}
330
10
100
AcDbMaterial
  1
Global
 72
     0
 43
0.0208333333333333
 43
0.0
 43
0.0
 43
0.0
 43
0.0
 43
0.0208333333333333
 43
0.0
 43
0.0
 43
0.0
 43
0.0
 43
1.0
 43
0.0
 43
0.0
 43
0.0
 43
0.0
 43
1.0
 77
     0
 47
0.0208333333333333
 47
0.0
 47
0.0
 47
0.0
 47
0.0
 47
0.0208333333333333
 47
0.0
 47
0.0
 47
0.0
 47
0.0
 47
1.0
 47
0.0
 47
0.0
 47
0.0
 47
0.0
 47
1.0
171
     0
 49
0.0208333333333333
 49
0.0
 49
0.0
 49
0.0
 49
0.0
 49
0.0208333333333333
 49
0.0
 49
0.0
 49
0.0
 49
0.0
 49
1.0
 49
0.0
 49
0.0
 49
0.0
 49
0.0
 49
1.0
175
     0
142
0.0208333333333333
142
0.0
142
0.0
142
0.0
142
0.0
142
0.0208333333333333
142
0.0
142
0.0
142
0.0
142
0.0
142
1.0
142
0.0
142
0.0
142
0.0
142
0.0
142
1.0
179
     0
144
0.0208333333333333
144
0.0
144
0.0
144
0.0
144
0.0
144
0.0208333333333333
144
0.0
144
0.0
144
0.0
144
0.0
144
1.0
144
0.0
144
0.0
144
0.0
144
0.0
144
1.0
147
0.0208333333333333
147
0.0
147
0.0
147
0.0
147
0.0
147
0.0208333333333333
147
0.0
147
0.0
147
0.0
147
0.0
147
1.0
147
0.0
147
0.0
147
0.0
147
0.0
147
1.0
  0
MLEADERSTYLE
  5
67
102
{ACAD_REACTORS
330
66
102
}
330
66
100
AcDbMLeaderStyle
179
     2
170
     2
171
     1
172
     0
 90
        2
 40
0.0
 41
0.0
173
     1
 91
-1056964608
340
5B
 92
       -2
290
     1
 42
0.09
291
     1
 43
0.36
  3
Standard
 44
0.18
300

342
55
174
     1
178
     6
175
     1
176
     0
 93
-1056964608
 45
0.18
292
     0
297
     0
 46
0.18
 94
-1056964608
 47
1.0
 49
1.0
140
1.0
293
     1
141
0.0
294
     1
177
     0
142
1.0
295
     1
296
     0
143
0.125
271
     0
272
     9
273
     9
298
     1
  0
MLINESTYLE
  5
60
102
{ACAD_REACTORS
330
5F
102
}
330
5F
100
AcDbMlineStyle
  2
STANDARD
 70
     0
  3

 62
   256
 51
90.0
 52
90.0
 71
     2
 49
0.5
 62
   256
  6
BYLAYER
 49
-0.5
 62
   256
  6
BYLAYER
  0
ACDBPLACEHOLDER
  5
F
102
{ACAD_REACTORS
330
E
102
}
330
E
  0
RAPIDRTRENDERSETTINGS
  5
5D3
102
{ACAD_REACTORS
330
5D0
102
}
330
5D0
100
AcDbRenderSettings
 90
        2
  1
Alto
290
     1
290
     0
290
     1
290
     1
  1

  1
Aplica 10 níveis de renderização
 90
        2
100
AcDbRapidRTRenderSettings
 90
        3
 70
     0
 90
       10
 90
        1
 70
     2
 70
     2
 40
3.0
 40
3.0
290
     1
  0
RAPIDRTRENDERSETTINGS
  5
5D1
102
{ACAD_REACTORS
330
5D0
102
}
330
5D0
100
AcDbRenderSettings
 90
        2
  1
Baixo
290
     1
290
     0
290
     1
290
     1
  1

  1
Aplica 1 nível de renderização
 90
        0
100
AcDbRapidRTRenderSettings
 90
        3
 70
     0
 90
        1
 90
        1
 70
     0
 70
     2
 40
3.0
 40
3.0
290
     1
  0
RAPIDRTRENDERSETTINGS
  5
5D2
102
{ACAD_REACTORS
330
5D0
102
}
330
5D0
100
AcDbRenderSettings
 90
        2
  1
Médio
290
     1
290
     0
290
     1
290
     1
  1

  1
Aplica 5 níveis de renderização
 90
        1
100
AcDbRapidRTRenderSettings
 90
        3
 70
     0
 90
        5
 90
        1
 70
     1
 70
     2
 40
3.0
 40
3.0
290
     1
  0
RAPIDRTRENDERSETTINGS
  5
5D4
102
{ACAD_REACTORS
330
5D0
102
}
330
5D0
100
AcDbRenderSettings
 90
        2
  1
Qualidade de curta duração
290
     1
290
     0
290
     1
290
     1
  1

  1
Renderiza por 10 minutos
 90
        3
100
AcDbRapidRTRenderSettings
 90
        3
 70
     1
 90
        1
 90
       10
 70
     1
 70
     2
 40
3.0
 40
3.0
290
     1
  0
RAPIDRTRENDERSETTINGS
  5
5D6
102
{ACAD_REACTORS
330
5D0
102
}
330
5D0
100
AcDbRenderSettings
 90
        2
  1
Qualidade de longa duração
290
     1
290
     0
290
     1
290
     1
  1

  1
Renderiza por 12 horas
 90
        5
100
AcDbRapidRTRenderSettings
 90
        3
 70
     1
 90
        1
 90
      720
 70
     2
 70
     2
 40
3.0
 40
3.0
290
     1
  0
RAPIDRTRENDERSETTINGS
  5
5D5
102
{ACAD_REACTORS
330
5D0
102
}
330
5D0
100
AcDbRenderSettings
 90
        2
  1
Qualidade de média duração
290
     1
290
     0
290
     1
290
     1
  1

  1
Renderiza por 60 minutos
 90
        4
100
AcDbRapidRTRenderSettings
 90
        3
 70
     1
 90
        1
 90
       60
 70
     2
 70
     2
 40
3.0
 40
3.0
290
     1
  0
SCALE
  5
43
102
{ACAD_REACTORS
330
42
102
}
330
42
100
AcDbScale
 70
     0
300
1:1
140
1.0
141
1.0
290
     1
  0
SCALE
  5
44
102
{ACAD_REACTORS
330
42
102
}
330
42
100
AcDbScale
 70
     0
300
1/128" = 1'-0"
140
0.0078125
141
12.0
290
     0
  0
SCALE
  5
45
102
{ACAD_REACTORS
330
42
102
}
330
42
100
AcDbScale
 70
     0
300
1/64" = 1'-0"
140
0.015625
141
12.0
290
     0
  0
SCALE
  5
46
102
{ACAD_REACTORS
330
42
102
}
330
42
100
AcDbScale
 70
     0
300
1/32" = 1'-0"
140
0.03125
141
12.0
290
     0
  0
SCALE
  5
47
102
{ACAD_REACTORS
330
42
102
}
330
42
100
AcDbScale
 70
     0
300
1/16" = 1'-0"
140
0.0625
141
12.0
290
     0
  0
SCALE
  5
48
102
{ACAD_REACTORS
330
42
102
}
330
42
100
AcDbScale
 70
     0
300
3/32" = 1'-0"
140
0.09375
141
12.0
290
     0
  0
SCALE
  5
49
102
{ACAD_REACTORS
330
42
102
}
330
42
100
AcDbScale
 70
     0
300
1/8" = 1'-0"
140
0.125
141
12.0
290
     0
  0
SCALE
  5
4A
102
{ACAD_REACTORS
330
42
102
}
330
42
100
AcDbScale
 70
     0
300
3/16" = 1'-0"
140
0.1875
141
12.0
290
     0
  0
SCALE
  5
4B
102
{ACAD_REACTORS
330
42
102
}
330
42
100
AcDbScale
 70
     0
300
1/4" = 1'-0"
140
0.25
141
12.0
290
     0
  0
SCALE
  5
4C
102
{ACAD_REACTORS
330
42
102
}
330
42
100
AcDbScale
 70
     0
300
3/8" = 1'-0"
140
0.375
141
12.0
290
     0
  0
SCALE
  5
4D
102
{ACAD_REACTORS
330
42
102
}
330
42
100
AcDbScale
 70
     0
300
1/2" = 1'-0"
140
0.5
141
12.0
290
     0
  0
SCALE
  5
4E
102
{ACAD_REACTORS
330
42
102
}
330
42
100
AcDbScale
 70
     0
300
3/4" = 1'-0"
140
0.75
141
12.0
290
     0
  0
SCALE
  5
4F
102
{ACAD_REACTORS
330
42
102
}
330
42
100
AcDbScale
 70
     0
300
1" = 1'-0"
140
1.0
141
12.0
290
     0
  0
SCALE
  5
50
102
{ACAD_REACTORS
330
42
102
}
330
42
100
AcDbScale
 70
     0
300
1-1/2" = 1'-0"
140
1.5
141
12.0
290
     0
  0
SCALE
  5
51
102
{ACAD_REACTORS
330
42
102
}
330
42
100
AcDbScale
 70
     0
300
3" = 1'-0"
140
3.0
141
12.0
290
     0
  0
SCALE
  5
52
102
{ACAD_REACTORS
330
42
102
}
330
42
100
AcDbScale
 70
     0
300
6" = 1'-0"
140
6.0
141
12.0
290
     0
  0
SCALE
  5
53
102
{ACAD_REACTORS
330
42
102
}
330
42
100
AcDbScale
 70
     0
300
1'-0" = 1'-0"
140
12.0
141
12.0
290
     0
  0
ACDBSECTIONVIEWSTYLE
  5
69
102
{ACAD_REACTORS
330
68
102
}
330
68
100
AcDbModelDocViewStyle
 70
     0
  3
Imperial24
290
     1
300
Imperial24
 90
        0
100
AcDbSectionViewStyle
 70
     0
 71
     0
 90
       78
 71
     1
340
55
 62
   256
 40
0.24
340
0
340
0
 62
   256
 40
0.24
300
I, O, Q, S, X, Z
 40
0.48
 90
        3
 40
0.18
 90
        1
 71
     2
340
5D
 90
       25
 62
   256
340
5D
 90
       50
 62
   256
 40
0.24
 40
0.0
 40
0.24
 71
     3
340
55
 62
   256
 40
0.24
 90
        1
 40
0.75
 90
        1
300
%<\AcVar ViewType \f "%tc1">% %<\AcVar ViewSectionStartId>%-%<\AcVar ViewSectionEndId>%\PSCALE %<\AcVar ViewScale \f "%sn">%
 71
     4
 62
   256
 62
   257
300
ANSI31
 40
1.0
 90
        0
290
     0
290
     0
 90
        6
 40
0.0
 40
1.570796326794896
 40
0.2617993877991494
 40
1.308996938995747
 40
-0.2617993877991494
 40
1.832595714594046
  0
ACDBSECTIONVIEWSTYLE
  5
5C7
102
{ACAD_REACTORS
330
68
102
}
330
68
100
AcDbModelDocViewStyle
 70
     0
  3
Metric50
290
     1
300
Metric50
 90
        0
100
AcDbSectionViewStyle
 70
     0
 71
     0
 90
      102
 71
     1
340
55
 62
   256
 40
5.0
340
0
340
0
 62
   256
 40
5.0
300
I, O, Q, S, X, Z
 40
10.0
 90
        0
 40
2.5
 90
        0
 71
     2
340
5D
 90
       25
 62
   256
340
5D
 90
       50
 62
   256
 40
5.0
 40
2.5
 40
5.0
 71
     3
340
55
 62
   256
 40
5.0
 90
        0
 40
15.0
 90
        1
300
%<\AcVar ViewSectionStartId>%-%<\AcVar ViewSectionEndId>% (%<\AcVar ViewScale \f "%sn">%)
 71
     4
 62
   256
 62
   257
300
ANSI31
 40
1.0
 90
        0
290
     0
290
     0
 90
        6
 40
0.0
 40
1.570796326794896
 40
0.2617993877991494
 40
1.308996938995747
 40
-0.2617993877991494
 40
1.832595714594046
  0
TABLESTYLE
  5
65
102
{ACAD_XDICTIONARY
360
78A
102
}
102
{ACAD_REACTORS
330
64
102
}
330
64
100
AcDbTableStyle
280
     0
  3
Standard
 70
     0
 71
     0
 40
0.06
 41
0.06
280
     0
281
     0
  7
Standard
140
0.18
170
     2
 62
     0
 63
     7
283
     0
 90
      512
 91
        0
  1

274
    -2
284
     1
 64
     0
275
    -2
285
     1
 65
     0
276
    -2
286
     1
 66
     0
277
    -2
287
     1
 67
     0
278
    -2
288
     1
 68
     0
279
    -2
289
     1
 69
     0
  7
Standard
140
0.25
170
     5
 62
     0
 63
     7
283
     0
 90
      512
 91
        0
  1

274
    -2
284
     1
 64
     0
275
    -2
285
     1
 65
     0
276
    -2
286
     1
 66
     0
277
    -2
287
     1
 67
     0
278
    -2
288
     1
 68
     0
279
    -2
289
     1
 69
     0
  7
Standard
140
0.18
170
     5
 62
     0
 63
     7
283
     0
 90
      512
 91
        0
  1

274
    -2
284
     1
 64
     0
275
    -2
285
     1
 65
     0
276
    -2
286
     1
 66
     0
277
    -2
287
     1
 67
     0
278
    -2
288
     1
 68
     0
279
    -2
289
     1
 69
     0
  0
VISUALSTYLE
  5
2F
102
{ACAD_REACTORS
330
29
102
}
330
29
100
AcDbVisualStyle
  2
2dWireframe
 70
     4
177
     3
291
     0
 70
    58
 90
        0
176
     1
 90
        2
176
     1
 90
        0
176
     1
 90
        0
176
     1
 40
0.6
176
     1
 40
30.0
176
     1
 62
     7
420
 16777215
176
     1
 90
        1
176
     1
 90
        4
176
     1
 62
     7
176
     1
 62
   257
176
     1
 90
        1
176
     1
 90
        1
176
     1
 40
1.0
176
     1
 90
        0
176
     1
 62
   257
176
     1
 40
1.0
176
     1
 90
        1
176
     1
 90
        6
176
     1
 90
        2
176
     1
 62
     7
176
     1
 90
        5
176
     1
 90
        0
176
     1
 90
        0
176
     1
290
     0
176
     1
 90
        1
176
     1
 40
0.0
176
     1
 90
        0
176
     1
290
     1
176
     1
290
     1
176
     1
290
     0
176
     1
290
     0
176
     1
290
     0
176
     1
290
     0
176
     1
290
     0
176
     1
290
     0
176
     1
290
     0
176
     1
 90
       50
176
     1
 40
0.0
176
     1
 40
1.0
176
     1
 90
        0
176
     1
 62
    18
420
        0
176
     1
 90
       50
176
     1
 90
        3
176
     1
 62
     5
420
      255
176
     1
290
     0
176
     1
 90
       50
176
     1
 90
       50
176
     1
 90
       50
176
     1
290
     0
176
     1
 90
       50
176
     1
 62
   256
176
     0
 40
1.0
176
     0
 90
        2
176
     1
  1
strokes_ogs.tif
176
     1
290
     0
176
     1
 40
1.0
176
     1
 40
1.0
176
     1
  0
VISUALSTYLE
  5
2E
102
{ACAD_REACTORS
330
29
102
}
330
29
100
AcDbVisualStyle
  2
Basic
 70
     7
177
     3
291
     1
 70
    58
 90
        1
176
     1
 90
        0
176
     1
 90
        1
176
     1
 90
        0
176
     1
 40
0.6
176
     1
 40
30.0
176
     1
 62
     7
420
 16777215
176
     1
 90
        0
176
     1
 90
        4
176
     1
 62
     7
176
     1
 62
   257
176
     1
 90
        1
176
     1
 90
        1
176
     1
 40
1.0
176
     1
 90
        8
176
     1
 62
     7
176
     1
 40
1.0
176
     1
 90
        1
176
     1
 90
        6
176
     1
 90
        2
176
     1
 62
     7
176
     1
 90
        5
176
     1
 90
        0
176
     1
 90
        0
176
     1
290
     0
176
     1
 90
        1
176
     1
 40
0.0
176
     1
 90
        0
176
     1
290
     0
176
     1
290
     1
176
     1
290
     1
176
     1
290
     0
176
     1
290
     0
176
     1
290
     0
176
     1
290
     0
176
     1
290
     0
176
     1
290
     0
176
     1
 90
       50
176
     1
 40
0.0
176
     1
 40
1.0
176
     1
 90
        0
176
     1
 62
    18
420
        0
176
     1
 90
       50
176
     1
 90
        3
176
     1
 62
     5
420
      255
176
     1
290
     0
176
     1
 90
       50
176
     1
 90
       50
176
     1
 90
       50
176
     1
290
     0
176
     1
 90
       50
176
     1
 62
   256
176
     0
 40
1.0
176
     0
 90
        2
176
     1
  1
strokes_ogs.tif
176
     1
290
     0
176
     1
 40
1.0
176
     1
 40
1.0
176
     1
  0
VISUALSTYLE
  5
35
102
{ACAD_REACTORS
330
29
102
}
330
29
100
AcDbVisualStyle
  2
Brighten
 70
    12
177
     3
291
     1
 70
    58
 90
        2
176
     1
 90
        2
176
     1
 90
        0
176
     1
 90
        0
176
     1
 40
0.6
176
     1
 40
30.0
176
     1
 62
     7
420
 16777215
176
     1
 90
        1
176
     1
 90
        4
176
     1
 62
     7
176
     1
 62
   257
176
     1
 90
        1
176
     1
 90
        1
176
     1
 40
1.0
176
     1
 90
        8
176
     1
 62
     7
176
     1
 40
1.0
176
     1
 90
        1
176
     1
 90
        6
176
     1
 90
        2
176
     1
 62
     7
176
     1
 90
        5
176
     1
 90
        0
176
     1
 90
        0
176
     1
290
     0
176
     1
 90
        1
176
     1
 40
50.0
176
     1
 90
        0
176
     1
290
     0
176
     1
290
     1
176
     1
290
     1
176
     1
290
     0
176
     1
290
     0
176
     1
290
     0
176
     1
290
     0
176
     1
290
     0
176
     1
290
     0
176
     1
 90
       50
176
     1
 40
0.0
176
     1
 40
1.0
176
     1
 90
        0
176
     1
 62
    18
420
        0
176
     1
 90
       50
176
     1
 90
        3
176
     1
 62
     5
420
      255
176
     1
290
     0
176
     1
 90
       50
176
     1
 90
       50
176
     1
 90
       50
176
     1
290
     0
176
     1
 90
       50
176
     1
 62
   256
176
     0
 40
1.0
176
     0
 90
        2
176
     1
  1
strokes_ogs.tif
176
     1
290
     0
176
     1
 40
1.0
176
     1
 40
1.0
176
     1
  0
VISUALSTYLE
  5
39
102
{ACAD_REACTORS
330
29
102
}
330
29
100
AcDbVisualStyle
  2
ColorChange
 70
    16
177
     3
291
     1
 70
    58
 90
        2
176
     1
 90
        2
176
     1
 90
        3
176
     1
 90
        0
176
     1
 40
0.6
176
     1
 40
30.0
176
     1
 62
     8
420
  8421504
176
     1
 90
        1
176
     1
 90
        4
176
     1
 62
     7
176
     1
 62
   257
176
     1
 90
        1
176
     1
 90
        1
176
     1
 40
1.0
176
     1
 90
        8
176
     1
 62
     8
420
  8421504
176
     1
 40
1.0
176
     1
 90
        1
176
     1
 90
        6
176
     1
 90
        2
176
     1
 62
     7
176
     1
 90
        5
176
     1
 90
        0
176
     1
 90
        0
176
     1
290
     0
176
     1
 90
        1
176
     1
 40
0.0
176
     1
 90
        0
176
     1
290
     0
176
     1
290
     1
176
     1
290
     1
176
     1
290
     0
176
     1
290
     0
176
     1
290
     0
176
     1
290
     0
176
     1
290
     0
176
     1
290
     0
176
     1
 90
       50
176
     1
 40
0.0
176
     1
 40
1.0
176
     1
 90
        0
176
     1
 62
    18
420
        0
176
     1
 90
       50
176
     1
 90
        3
176
     1
 62
     5
420
      255
176
     1
290
     0
176
     1
 90
       50
176
     1
 90
       50
176
     1
 90
       50
176
     1
290
     0
176
     1
 90
       50
176
     1
 62
   256
176
     0
 40
1.0
176
     0
 90
        2
176
     1
  1
strokes_ogs.tif
176
     1
290
     0
176
     1
 40
1.0
176
     1
 40
1.0
176
     1
  0
VISUALSTYLE
  5
32
102
{ACAD_REACTORS
330
29
102
}
330
29
100
AcDbVisualStyle
  2
Conceptual
 70
     9
177
     3
291
     0
 70
    58
 90
        3
176
     1
 90
        2
176
     1
 90
        0
176
     1
 90
        0
176
     1
 40
0.6
176
     1
 40
30.0
176
     1
 62
     7
420
 16777215
176
     1
 90
        2
176
     1
 90
        2
176
     1
 62
     7
176
     1
 62
   257
176
     1
 90
        1
176
     1
 90
        1
176
     1
 40
179.0
176
     1
 90
        8
176
     1
 62
     7
176
     1
 40
1.0
176
     1
 90
        1
176
     1
 90
        6
176
     1
 90
        2
176
     1
 62
     7
176
     1
 90
        3
176
     1
 90
        0
176
     1
 90
        0
176
     1
290
     0
176
     1
 90
        1
176
     1
 40
0.0
176
     1
 90
        0
176
     1
290
     0
176
     1
290
     1
176
     1
290
     1
176
     1
290
     0
176
     1
290
     0
176
     1
290
     0
176
     1
290
     0
176
     1
290
     0
176
     1
290
     0
176
     1
 90
       50
176
     1
 40
0.0
176
     1
 40
1.0
176
     1
 90
        0
176
     1
 62
    18
420
        0
176
     1
 90
       50
176
     1
 90
        3
176
     1
 62
     5
420
      255
176
     1
290
     0
176
     1
 90
       50
176
     1
 90
       50
176
     1
 90
       50
176
     1
290
     0
176
     1
 90
       50
176
     1
 62
   256
176
     0
 40
1.0
176
     0
 90
        2
176
     1
  1
strokes_ogs.tif
176
     1
290
     0
176
     1
 40
1.0
176
     1
 40
1.0
176
     1
  0
VISUALSTYLE
  5
34
102
{ACAD_REACTORS
330
29
102
}
330
29
100
AcDbVisualStyle
  2
Dim
 70
    11
177
     3
291
     1
 70
    58
 90
        2
176
     1
 90
        2
176
     1
 90
        0
176
     1
 90
        0
176
     1
 40
0.6
176
     1
 40
30.0
176
     1
 62
     7
420
 16777215
176
     1
 90
        1
176
     1
 90
        4
176
     1
 62
     7
176
     1
 62
   257
176
     1
 90
        1
176
     1
 90
        1
176
     1
 40
1.0
176
     1
 90
        8
176
     1
 62
     7
176
     1
 40
1.0
176
     1
 90
        1
176
     1
 90
        6
176
     1
 90
        2
176
     1
 62
     7
176
     1
 90
        5
176
     1
 90
        0
176
     1
 90
        0
176
     1
290
     0
176
     1
 90
        1
176
     1
 40
-50.0
176
     1
 90
        0
176
     1
290
     0
176
     1
290
     1
176
     1
290
     1
176
     1
290
     0
176
     1
290
     0
176
     1
290
     0
176
     1
290
     0
176
     1
290
     0
176
     1
290
     0
176
     1
 90
       50
176
     1
 40
0.0
176
     1
 40
1.0
176
     1
 90
        0
176
     1
 62
    18
420
        0
176
     1
 90
       50
176
     1
 90
        3
176
     1
 62
     5
420
      255
176
     1
290
     0
176
     1
 90
       50
176
     1
 90
       50
176
     1
 90
       50
176
     1
290
     0
176
     1
 90
       50
176
     1
 62
   256
176
     0
 40
1.0
176
     0
 90
        2
176
     1
  1
strokes_ogs.tif
176
     1
290
     0
176
     1
 40
1.0
176
     1
 40
1.0
176
     1
  0
VISUALSTYLE
  5
41
102
{ACAD_REACTORS
330
29
102
}
330
29
100
AcDbVisualStyle
  2
EdgeColorOff
 70
    22
177
     3
291
     1
 70
    58
 90
        2
176
     0
 90
        2
176
     0
 90
        0
176
     0
 90
        0
176
     0
 40
0.6
176
     0
 40
30.0
176
     0
 62
     7
420
 16777215
176
     0
 90
        1
176
     0
 90
        4
176
     0
 62
     7
176
     0
 62
   257
176
     0
 90
        1
176
     0
 90
        1
176
     0
 40
1.0
176
     0
 90
        8
176
     2
 62
     7
176
     0
 40
1.0
176
     0
 90
        1
176
     0
 90
        6
176
     0
 90
        2
176
     0
 62
     7
176
     0
 90
        5
176
     0
 90
        0
176
     0
 90
        0
176
     0
290
     0
176
     0
 90
        1
176
     0
 40
0.0
176
     0
 90
        0
176
     0
290
     0
176
     0
290
     1
176
     0
290
     1
176
     0
290
     0
176
     0
290
     0
176
     0
290
     0
176
     0
290
     0
176
     0
290
     0
176
     0
290
     0
176
     0
 90
       50
176
     0
 40
0.0
176
     0
 40
1.0
176
     0
 90
        0
176
     0
 62
    18
420
        0
176
     0
 90
       50
176
     0
 90
        3
176
     0
 62
     5
420
      255
176
     0
290
     0
176
     0
 90
       50
176
     0
 90
       50
176
     0
 90
       50
176
     0
290
     0
176
     0
 90
       50
176
     0
 62
   256
176
     0
 40
1.0
176
     0
 90
        2
176
     0
  1
strokes_ogs.tif
176
     0
290
     0
176
     0
 40
1.0
176
     0
 40
1.0
176
     0
  0
VISUALSTYLE
  5
38
102
{ACAD_REACTORS
330
29
102
}
330
29
100
AcDbVisualStyle
  2
Facepattern
 70
    15
177
     3
291
     1
 70
    58
 90
        2
176
     1
 90
        2
176
     1
 90
        0
176
     1
 90
        0
176
     1
 40
0.6
176
     1
 40
30.0
176
     1
 62
     7
420
 16777215
176
     1
 90
        1
176
     1
 90
        4
176
     1
 62
     7
176
     1
 62
   257
176
     1
 90
        1
176
     1
 90
        1
176
     1
 40
1.0
176
     1
 90
        8
176
     1
 62
     7
176
     1
 40
1.0
176
     1
 90
        1
176
     1
 90
        6
176
     1
 90
        2
176
     1
 62
     7
176
     1
 90
        5
176
     1
 90
        0
176
     1
 90
        0
176
     1
290
     0
176
     1
 90
        1
176
     1
 40
0.0
176
     1
 90
        0
176
     1
290
     0
176
     1
290
     1
176
     1
290
     1
176
     1
290
     0
176
     1
290
     0
176
     1
290
     0
176
     1
290
     0
176
     1
290
     0
176
     1
290
     0
176
     1
 90
       50
176
     1
 40
0.0
176
     1
 40
1.0
176
     1
 90
        0
176
     1
 62
    18
420
        0
176
     1
 90
       50
176
     1
 90
        3
176
     1
 62
     5
420
      255
176
     1
290
     0
176
     1
 90
       50
176
     1
 90
       50
176
     1
 90
       50
176
     1
290
     0
176
     1
 90
       50
176
     1
 62
   256
176
     0
 40
1.0
176
     0
 90
        2
176
     1
  1
strokes_ogs.tif
176
     1
290
     0
176
     1
 40
1.0
176
     1
 40
1.0
176
     1
  0
VISUALSTYLE
  5
2A
102
{ACAD_REACTORS
330
29
102
}
330
29
100
AcDbVisualStyle
  2
Flat
 70
     0
177
     3
291
     1
 70
    58
 90
        2
176
     1
 90
        1
176
     1
 90
        1
176
     1
 90
        2
176
     1
 40
0.6
176
     1
 40
30.0
176
     1
 62
     7
420
 16777215
176
     1
 90
        0
176
     1
 90
        0
176
     1
 62
     7
176
     1
 62
   257
176
     1
 90
        1
176
     1
 90
        1
176
     1
 40
1.0
176
     1
 90
        8
176
     1
 62
     7
176
     1
 40
1.0
176
     1
 90
        1
176
     1
 90
        6
176
     1
 90
        2
176
     1
 62
     7
176
     1
 90
        5
176
     1
 90
        0
176
     1
 90
        0
176
     1
290
     0
176
     1
 90
       13
176
     1
 40
0.0
176
     1
 90
        0
176
     1
290
     0
176
     1
290
     1
176
     1
290
     1
176
     1
290
     0
176
     1
290
     0
176
     1
290
     0
176
     1
290
     0
176
     1
290
     0
176
     1
290
     0
176
     1
 90
       50
176
     1
 40
0.0
176
     1
 40
1.0
176
     1
 90
        0
176
     1
 62
    18
420
        0
176
     1
 90
       50
176
     1
 90
        3
176
     1
 62
     5
420
      255
176
     1
290
     0
176
     1
 90
       50
176
     1
 90
       50
176
     1
 90
       50
176
     1
290
     0
176
     1
 90
       50
176
     1
 62
   256
176
     0
 40
1.0
176
     0
 90
        2
176
     1
  1
strokes_ogs.tif
176
     1
290
     0
176
     1
 40
1.0
176
     1
 40
1.0
176
     1
  0
VISUALSTYLE
  5
2B
102
{ACAD_REACTORS
330
29
102
}
330
29
100
AcDbVisualStyle
  2
FlatWithEdges
 70
     1
177
     3
291
     1
 70
    58
 90
        2
176
     1
 90
        1
176
     1
 90
        1
176
     1
 90
        2
176
     1
 40
0.6
176
     1
 40
30.0
176
     1
 62
     7
420
 16777215
176
     1
 90
        1
176
     1
 90
        0
176
     1
 62
     7
176
     1
 62
   257
176
     1
 90
        1
176
     1
 90
        1
176
     1
 40
1.0
176
     1
 90
        0
176
     1
 62
   257
176
     1
 40
1.0
176
     1
 90
        1
176
     1
 90
        6
176
     1
 90
        2
176
     1
 62
     7
176
     1
 90
        5
176
     1
 90
        0
176
     1
 90
        0
176
     1
290
     0
176
     1
 90
       13
176
     1
 40
0.0
176
     1
 90
        0
176
     1
290
     0
176
     1
290
     1
176
     1
290
     1
176
     1
290
     0
176
     1
290
     0
176
     1
290
     0
176
     1
290
     0
176
     1
290
     0
176
     1
290
     0
176
     1
 90
       50
176
     1
 40
0.0
176
     1
 40
1.0
176
     1
 90
        0
176
     1
 62
    18
420
        0
176
     1
 90
       50
176
     1
 90
        3
176
     1
 62
     5
420
      255
176
     1
290
     0
176
     1
 90
       50
176
     1
 90
       50
176
     1
 90
       50
176
     1
290
     0
176
     1
 90
       50
176
     1
 62
   256
176
     0
 40
1.0
176
     0
 90
        2
176
     1
  1
strokes_ogs.tif
176
     1
290
     0
176
     1
 40
1.0
176
     1
 40
1.0
176
     1
  0
VISUALSTYLE
  5
2C
102
{ACAD_REACTORS
330
29
102
}
330
29
100
AcDbVisualStyle
  2
Gouraud
 70
     2
177
     3
291
     1
 70
    58
 90
        2
176
     1
 90
        2
176
     1
 90
        1
176
     1
 90
        2
176
     1
 40
0.6
176
     1
 40
30.0
176
     1
 62
     7
420
 16777215
176
     1
 90
        0
176
     1
 90
        0
176
     1
 62
     7
176
     1
 62
   257
176
     1
 90
        1
176
     1
 90
        1
176
     1
 40
1.0
176
     1
 90
        0
176
     1
 62
     7
176
     1
 40
1.0
176
     1
 90
        1
176
     1
 90
        6
176
     1
 90
        2
176
     1
 62
     7
176
     1
 90
        5
176
     1
 90
        0
176
     1
 90
        0
176
     1
290
     0
176
     1
 90
       13
176
     1
 40
0.0
176
     1
 90
        0
176
     1
290
     0
176
     1
290
     1
176
     1
290
     1
176
     1
290
     0
176
     1
290
     0
176
     1
290
     0
176
     1
290
     0
176
     1
290
     0
176
     1
290
     0
176
     1
 90
       50
176
     1
 40
0.0
176
     1
 40
1.0
176
     1
 90
        0
176
     1
 62
    18
420
        0
176
     1
 90
       50
176
     1
 90
        3
176
     1
 62
     5
420
      255
176
     1
290
     0
176
     1
 90
       50
176
     1
 90
       50
176
     1
 90
       50
176
     1
290
     0
176
     1
 90
       50
176
     1
 62
   256
176
     0
 40
1.0
176
     0
 90
        2
176
     1
  1
strokes_ogs.tif
176
     1
290
     0
176
     1
 40
1.0
176
     1
 40
1.0
176
     1
  0
VISUALSTYLE
  5
2D
102
{ACAD_REACTORS
330
29
102
}
330
29
100
AcDbVisualStyle
  2
GouraudWithEdges
 70
     3
177
     3
291
     1
 70
    58
 90
        2
176
     1
 90
        2
176
     1
 90
        1
176
     1
 90
        2
176
     1
 40
0.6
176
     1
 40
30.0
176
     1
 62
     7
420
 16777215
176
     1
 90
        1
176
     1
 90
        0
176
     1
 62
     7
176
     1
 62
   257
176
     1
 90
        1
176
     1
 90
        1
176
     1
 40
1.0
176
     1
 90
        0
176
     1
 62
   257
176
     1
 40
1.0
176
     1
 90
        1
176
     1
 90
        6
176
     1
 90
        2
176
     1
 62
     7
176
     1
 90
        5
176
     1
 90
        0
176
     1
 90
        0
176
     1
290
     0
176
     1
 90
       13
176
     1
 40
0.0
176
     1
 90
        0
176
     1
290
     0
176
     1
290
     1
176
     1
290
     1
176
     1
290
     0
176
     1
290
     0
176
     1
290
     0
176
     1
290
     0
176
     1
290
     0
176
     1
290
     0
176
     1
 90
       50
176
     1
 40
0.0
176
     1
 40
1.0
176
     1
 90
        0
176
     1
 62
    18
420
        0
176
     1
 90
       50
176
     1
 90
        3
176
     1
 62
     5
420
      255
176
     1
290
     0
176
     1
 90
       50
176
     1
 90
       50
176
     1
 90
       50
176
     1
290
     0
176
     1
 90
       50
176
     1
 62
   256
176
     0
 40
1.0
176
     0
 90
        2
176
     1
  1
strokes_ogs.tif
176
     1
290
     0
176
     1
 40
1.0
176
     1
 40
1.0
176
     1
  0
VISUALSTYLE
  5
31
102
{ACAD_REACTORS
330
29
102
}
330
29
100
AcDbVisualStyle
  2
Hidden
 70
     6
177
     3
291
     0
 70
    58
 90
        1
176
     1
 90
        2
176
     1
 90
        2
176
     1
 90
        0
176
     1
 40
0.6
176
     1
 40
30.0
176
     1
 62
     7
420
 16777215
176
     1
 90
        2
176
     1
 90
        2
176
     1
 62
     7
176
     1
 62
   257
176
     1
 90
        2
176
     1
 90
        1
176
     1
 40
40.0
176
     1
 90
        0
176
     1
 62
   257
176
     1
 40
1.0
176
     1
 90
        1
176
     1
 90
        6
176
     1
 90
        2
176
     1
 62
     7
176
     1
 90
        3
176
     1
 90
        0
176
     1
 90
        0
176
     1
290
     0
176
     1
 90
        1
176
     1
 40
0.0
176
     1
 90
        0
176
     1
290
     0
176
     1
290
     1
176
     1
290
     1
176
     1
290
     0
176
     1
290
     0
176
     1
290
     0
176
     1
290
     0
176
     1
290
     0
176
     1
290
     0
176
     1
 90
       50
176
     1
 40
0.0
176
     1
 40
1.0
176
     1
 90
        0
176
     1
 62
    18
420
        0
176
     1
 90
       50
176
     1
 90
        3
176
     1
 62
     5
420
      255
176
     1
290
     0
176
     1
 90
       50
176
     1
 90
       50
176
     1
 90
       50
176
     1
290
     0
176
     1
 90
       50
176
     1
 62
   256
176
     0
 40
1.0
176
     0
 90
        2
176
     1
  1
strokes_ogs.tif
176
     1
290
     0
176
     1
 40
1.0
176
     1
 40
1.0
176
     1
  0
VISUALSTYLE
  5
3F
102
{ACAD_REACTORS
330
29
102
}
330
29
100
AcDbVisualStyle
  2
JitterOff
 70
    20
177
     3
291
     1
 70
    58
 90
        2
176
     0
 90
        2
176
     0
 90
        0
176
     0
 90
        0
176
     0
 40
0.6
176
     0
 40
30.0
176
     0
 62
     7
420
 16777215
176
     0
 90
        1
176
     0
 90
        4
176
     0
 62
     7
176
     0
 62
   257
176
     0
 90
        1
176
     0
 90
        1
176
     0
 40
1.0
176
     0
 90
       10
176
     2
 62
     7
176
     0
 40
1.0
176
     0
 90
        1
176
     0
 90
        6
176
     0
 90
        2
176
     0
 62
     7
176
     0
 90
        5
176
     0
 90
        0
176
     0
 90
        0
176
     0
290
     0
176
     0
 90
        1
176
     0
 40
0.0
176
     0
 90
        0
176
     0
290
     0
176
     0
290
     1
176
     0
290
     1
176
     0
290
     0
176
     0
290
     0
176
     0
290
     0
176
     0
290
     0
176
     0
290
     0
176
     0
290
     0
176
     0
 90
       50
176
     0
 40
0.0
176
     0
 40
1.0
176
     0
 90
        0
176
     0
 62
    18
420
        0
176
     0
 90
       50
176
     0
 90
        3
176
     0
 62
     5
420
      255
176
     0
290
     0
176
     0
 90
       50
176
     0
 90
       50
176
     0
 90
       50
176
     0
290
     0
176
     0
 90
       50
176
     0
 62
   256
176
     0
 40
1.0
176
     0
 90
        2
176
     0
  1
strokes_ogs.tif
176
     0
290
     0
176
     0
 40
1.0
176
     0
 40
1.0
176
     0
  0
VISUALSTYLE
  5
37
102
{ACAD_REACTORS
330
29
102
}
330
29
100
AcDbVisualStyle
  2
Linepattern
 70
    14
177
     3
291
     1
 70
    58
 90
        2
176
     1
 90
        2
176
     1
 90
        0
176
     1
 90
        0
176
     1
 40
0.6
176
     1
 40
30.0
176
     1
 62
     7
420
 16777215
176
     1
 90
        1
176
     1
 90
        4
176
     1
 62
     7
176
     1
 62
   257
176
     1
 90
        7
176
     1
 90
        7
176
     1
 40
1.0
176
     1
 90
        8
176
     1
 62
     7
176
     1
 40
1.0
176
     1
 90
        1
176
     1
 90
        6
176
     1
 90
        2
176
     1
 62
     7
176
     1
 90
        5
176
     1
 90
        0
176
     1
 90
        0
176
     1
290
     0
176
     1
 90
        1
176
     1
 40
0.0
176
     1
 90
        0
176
     1
290
     0
176
     1
290
     1
176
     1
290
     1
176
     1
290
     0
176
     1
290
     0
176
     1
290
     0
176
     1
290
     0
176
     1
290
     0
176
     1
290
     0
176
     1
 90
       50
176
     1
 40
0.0
176
     1
 40
1.0
176
     1
 90
        0
176
     1
 62
    18
420
        0
176
     1
 90
       50
176
     1
 90
        3
176
     1
 62
     5
420
      255
176
     1
290
     0
176
     1
 90
       50
176
     1
 90
       50
176
     1
 90
       50
176
     1
290
     0
176
     1
 90
       50
176
     1
 62
   256
176
     0
 40
1.0
176
     0
 90
        2
176
     1
  1
strokes_ogs.tif
176
     1
290
     0
176
     1
 40
1.0
176
     1
 40
1.0
176
     1
  0
VISUALSTYLE
  5
40
102
{ACAD_REACTORS
330
29
102
}
330
29
100
AcDbVisualStyle
  2
OverhangOff
 70
    21
177
     3
291
     1
 70
    58
 90
        2
176
     0
 90
        2
176
     0
 90
        0
176
     0
 90
        0
176
     0
 40
0.6
176
     0
 40
30.0
176
     0
 62
     7
420
 16777215
176
     0
 90
        1
176
     0
 90
        4
176
     0
 62
     7
176
     0
 62
   257
176
     0
 90
        1
176
     0
 90
        1
176
     0
 40
1.0
176
     0
 90
        9
176
     2
 62
     7
176
     0
 40
1.0
176
     0
 90
        1
176
     0
 90
        6
176
     0
 90
        2
176
     0
 62
     7
176
     0
 90
        5
176
     0
 90
        0
176
     0
 90
        0
176
     0
290
     0
176
     0
 90
        1
176
     0
 40
0.0
176
     0
 90
        0
176
     0
290
     0
176
     0
290
     1
176
     0
290
     1
176
     0
290
     0
176
     0
290
     0
176
     0
290
     0
176
     0
290
     0
176
     0
290
     0
176
     0
290
     0
176
     0
 90
       50
176
     0
 40
0.0
176
     0
 40
1.0
176
     0
 90
        0
176
     0
 62
    18
420
        0
176
     0
 90
       50
176
     0
 90
        3
176
     0
 62
     5
420
      255
176
     0
290
     0
176
     0
 90
       50
176
     0
 90
       50
176
     0
 90
       50
176
     0
290
     0
176
     0
 90
       50
176
     0
 62
   256
176
     0
 40
1.0
176
     0
 90
        2
176
     0
  1
strokes_ogs.tif
176
     0
290
     0
176
     0
 40
1.0
176
     0
 40
1.0
176
     0
  0
VISUALSTYLE
  5
33
102
{ACAD_REACTORS
330
29
102
}
330
29
100
AcDbVisualStyle
  2
Realistic
 70
     8
177
     3
291
     0
 70
    58
 90
        2
176
     1
 90
        3
176
     1
 90
        0
176
     1
 90
        2
176
     1
 40
0.6
176
     1
 40
30.0
176
     1
 62
     7
420
 16777215
176
     1
 90
        0
176
     1
 90
        0
176
     1
 62
     7
176
     1
 62
   257
176
     1
 90
        1
176
     1
 90
        1
176
     1
 40
1.0
176
     1
 90
        8
176
     1
 62
   257
176
     1
 40
1.0
176
     1
 90
        1
176
     1
 90
        6
176
     1
 90
        2
176
     1
 62
     7
176
     1
 90
        3
176
     1
 90
        0
176
     1
 90
        0
176
     1
290
     0
176
     1
 90
       13
176
     1
 40
0.0
176
     1
 90
        0
176
     1
290
     0
176
     1
290
     1
176
     1
290
     1
176
     1
290
     0
176
     1
290
     0
176
     1
290
     0
176
     1
290
     0
176
     1
290
     0
176
     1
290
     0
176
     1
 90
       50
176
     1
 40
0.0
176
     1
 40
1.0
176
     1
 90
        0
176
     1
 62
    18
420
        0
176
     1
 90
       50
176
     1
 90
        3
176
     1
 62
     5
420
      255
176
     1
290
     0
176
     1
 90
       50
176
     1
 90
       50
176
     1
 90
       50
176
     1
290
     0
176
     1
 90
       50
176
     1
 62
   256
176
     0
 40
1.0
176
     0
 90
        2
176
     1
  1
strokes_ogs.tif
176
     1
290
     0
176
     1
 40
1.0
176
     1
 40
1.0
176
     1
  0
VISUALSTYLE
  5
3E
102
{ACAD_REACTORS
330
29
102
}
330
29
100
AcDbVisualStyle
  2
Shaded
 70
    27
177
     3
291
     0
 70
    58
 90
        2
176
     1
 90
        2
176
     1
 90
        1
176
     1
 90
        2
176
     1
 40
0.6
176
     1
 40
30.0
176
     1
 62
     7
420
 16777215
176
     1
 90
        0
176
     1
 90
        4
176
     1
 62
     7
176
     1
 62
   257
176
     1
 90
        1
176
     1
 90
        1
176
     1
 40
1.0
176
     1
 90
        8
176
     1
 62
   257
176
     1
 40
1.0
176
     1
 90
        1
176
     1
 90
        6
176
     1
 90
        2
176
     1
 62
     8
420
  7895160
176
     1
 90
        3
176
     1
 90
        0
176
     1
 90
        0
176
     1
290
     0
176
     1
 90
        5
176
     1
 40
0.0
176
     1
 90
        0
176
     1
290
     0
176
     1
290
     1
176
     1
290
     1
176
     1
290
     0
176
     1
290
     0
176
     1
290
     0
176
     1
290
     0
176
     1
290
     0
176
     1
290
     0
176
     1
 90
       50
176
     1
 40
0.0
176
     1
 40
1.0
176
     1
 90
        0
176
     1
 62
    18
420
        0
176
     1
 90
       50
176
     1
 90
        3
176
     1
 62
     5
420
      255
176
     1
290
     0
176
     1
 90
       50
176
     1
 90
       50
176
     1
 90
       50
176
     1
290
     0
176
     1
 90
       50
176
     1
 62
   256
176
     0
 40
1.0
176
     0
 90
        2
176
     1
  1
strokes_ogs.tif
176
     1
290
     0
176
     1
 40
1.0
176
     1
 40
1.0
176
     1
  0
VISUALSTYLE
  5
3D
102
{ACAD_REACTORS
330
29
102
}
330
29
100
AcDbVisualStyle
  2
Shaded with edges
 70
    26
177
     3
291
     0
 70
    58
 90
        2
176
     1
 90
        2
176
     1
 90
        1
176
     1
 90
        2
176
     1
 40
0.6
176
     1
 40
30.0
176
     1
 62
     7
420
 16777215
176
     1
 90
        1
176
     1
 90
        2
176
     1
 62
     7
176
     1
 62
   257
176
     1
 90
        2
176
     1
 90
        1
176
     1
 40
1.0
176
     1
 90
        8
176
     1
 62
   257
176
     1
 40
1.0
176
     1
 90
        1
176
     1
 90
        6
176
     1
 90
        2
176
     1
 62
     7
176
     1
 90
        3
176
     1
 90
        0
176
     1
 90
        0
176
     1
290
     0
176
     1
 90
        5
176
     1
 40
0.0
176
     1
 90
        0
176
     1
290
     0
176
     1
290
     1
176
     1
290
     1
176
     1
290
     0
176
     1
290
     0
176
     1
290
     0
176
     1
290
     0
176
     1
290
     0
176
     1
290
     0
176
     1
 90
       50
176
     1
 40
0.0
176
     1
 40
1.0
176
     1
 90
        0
176
     1
 62
    18
420
        0
176
     1
 90
       50
176
     1
 90
        3
176
     1
 62
     5
420
      255
176
     1
290
     0
176
     1
 90
       50
176
     1
 90
       50
176
     1
 90
       50
176
     1
290
     0
176
     1
 90
       50
176
     1
 62
   256
176
     0
 40
1.0
176
     0
 90
        2
176
     1
  1
strokes_ogs.tif
176
     1
290
     0
176
     1
 40
1.0
176
     1
 40
1.0
176
     1
  0
VISUALSTYLE
  5
3A
102
{ACAD_REACTORS
330
29
102
}
330
29
100
AcDbVisualStyle
  2
Shades of Gray
 70
    23
177
     3
291
     0
 70
    58
 90
        2
176
     1
 90
        2
176
     1
 90
        3
176
     1
 90
        0
176
     1
 40
0.6
176
     1
 40
30.0
176
     1
 62
     7
420
 16777215
176
     1
 90
        2
176
     1
 90
        2
176
     1
 62
     7
176
     1
 62
     7
176
     1
 90
        1
176
     1
 90
        1
176
     1
 40
40.0
176
     1
 90
        8
176
     1
 62
     7
176
     1
 40
1.0
176
     1
 90
        1
176
     1
 90
        6
176
     1
 90
        2
176
     1
 62
     7
176
     1
 90
        3
176
     1
 90
        0
176
     1
 90
        0
176
     1
290
     0
176
     1
 90
        1
176
     1
 40
0.0
176
     1
 90
        0
176
     1
290
     0
176
     1
290
     1
176
     1
290
     1
176
     1
290
     0
176
     1
290
     0
176
     1
290
     0
176
     1
290
     0
176
     1
290
     0
176
     1
290
     0
176
     1
 90
       50
176
     1
 40
0.0
176
     1
 40
1.0
176
     1
 90
        0
176
     1
 62
    18
420
        0
176
     1
 90
       50
176
     1
 90
        3
176
     1
 62
     5
420
      255
176
     1
290
     0
176
     1
 90
       50
176
     1
 90
       50
176
     1
 90
       50
176
     1
290
     0
176
     1
 90
       50
176
     1
 62
   256
176
     0
 40
1.0
176
     0
 90
        2
176
     1
  1
strokes_ogs.tif
176
     1
290
     0
176
     1
 40
1.0
176
     1
 40
1.0
176
     1
  0
VISUALSTYLE
  5
3B
102
{ACAD_REACTORS
330
29
102
}
330
29
100
AcDbVisualStyle
  2
Sketchy
 70
    24
177
     3
291
     0
 70
    58
 90
        1
176
     1
 90
        2
176
     1
 90
        2
176
     1
 90
        0
176
     1
 40
0.6
176
     1
 40
30.0
176
     1
 62
     7
420
 16777215
176
     1
 90
        2
176
     1
 90
        2
176
     1
 62
     7
176
     1
 62
     7
176
     1
 90
        1
176
     1
 90
        1
176
     1
 40
40.0
176
     1
 90
       11
176
     1
 62
     7
176
     1
 40
1.0
176
     1
 90
        1
176
     1
 90
        6
176
     1
 90
        2
176
     1
 62
     7
176
     1
 90
        6
176
     1
 90
        0
176
     1
 90
        0
176
     1
290
     0
176
     1
 90
        1
176
     1
 40
0.0
176
     1
 90
        0
176
     1
290
     0
176
     1
290
     1
176
     1
290
     1
176
     1
290
     0
176
     1
290
     0
176
     1
290
     0
176
     1
290
     0
176
     1
290
     0
176
     1
290
     0
176
     1
 90
       50
176
     1
 40
0.0
176
     1
 40
1.0
176
     1
 90
        0
176
     1
 62
    18
420
        0
176
     1
 90
       50
176
     1
 90
        3
176
     1
 62
     5
420
      255
176
     1
290
     0
176
     1
 90
       50
176
     1
 90
       50
176
     1
 90
       50
176
     1
290
     0
176
     1
 90
       50
176
     1
 62
   256
176
     0
 40
1.0
176
     0
 90
        2
176
     1
  1
strokes_ogs.tif
176
     1
290
     0
176
     1
 40
1.0
176
     1
 40
1.0
176
     1
  0
VISUALSTYLE
  5
36
102
{ACAD_REACTORS
330
29
102
}
330
29
100
AcDbVisualStyle
  2
Thicken
 70
    13
177
     3
291
     1
 70
    58
 90
        2
176
     1
 90
        2
176
     1
 90
        0
176
     1
 90
        0
176
     1
 40
0.6
176
     1
 40
30.0
176
     1
 62
     7
420
 16777215
176
     1
 90
        1
176
     1
 90
        4
176
     1
 62
     7
176
     1
 62
   257
176
     1
 90
        1
176
     1
 90
        1
176
     1
 40
1.0
176
     1
 90
       12
176
     1
 62
     7
176
     1
 40
1.0
176
     1
 90
        1
176
     1
 90
        6
176
     1
 90
        2
176
     1
 62
     7
176
     1
 90
        5
176
     1
 90
        0
176
     1
 90
        0
176
     1
290
     0
176
     1
 90
        1
176
     1
 40
0.0
176
     1
 90
        0
176
     1
290
     0
176
     1
290
     1
176
     1
290
     1
176
     1
290
     0
176
     1
290
     0
176
     1
290
     0
176
     1
290
     0
176
     1
290
     0
176
     1
290
     0
176
     1
 90
       50
176
     1
 40
0.0
176
     1
 40
1.0
176
     1
 90
        0
176
     1
 62
    18
420
        0
176
     1
 90
       50
176
     1
 90
        3
176
     1
 62
     5
420
      255
176
     1
290
     0
176
     1
 90
       50
176
     1
 90
       50
176
     1
 90
       50
176
     1
290
     0
176
     1
 90
       50
176
     1
 62
   256
176
     0
 40
1.0
176
     0
 90
        2
176
     1
  1
strokes_ogs.tif
176
     1
290
     0
176
     1
 40
1.0
176
     1
 40
1.0
176
     1
  0
VISUALSTYLE
  5
30
102
{ACAD_REACTORS
330
29
102
}
330
29
100
AcDbVisualStyle
  2
Wireframe
 70
     5
177
     3
291
     0
 70
    58
 90
        0
176
     1
 90
        2
176
     1
 90
        0
176
     1
 90
        0
176
     1
 40
0.6
176
     1
 40
30.0
176
     1
 62
     7
420
 16777215
176
     1
 90
        1
176
     1
 90
        4
176
     1
 62
     7
176
     1
 62
   257
176
     1
 90
        1
176
     1
 90
        1
176
     1
 40
1.0
176
     1
 90
        0
176
     1
 62
   257
176
     1
 40
1.0
176
     1
 90
        1
176
     1
 90
        6
176
     1
 90
        2
176
     1
 62
     7
176
     1
 90
        3
176
     1
 90
        0
176
     1
 90
        0
176
     1
290
     0
176
     1
 90
        1
176
     1
 40
0.0
176
     1
 90
        0
176
     1
290
     0
176
     1
290
     1
176
     1
290
     1
176
     1
290
     0
176
     1
290
     0
176
     1
290
     0
176
     1
290
     0
176
     1
290
     0
176
     1
290
     0
176
     1
 90
       50
176
     1
 40
0.0
176
     1
 40
1.0
176
     1
 90
        0
176
     1
 62
    18
420
        0
176
     1
 90
       50
176
     1
 90
        3
176
     1
 62
     5
420
      255
176
     1
290
     0
176
     1
 90
       50
176
     1
 90
       50
176
     1
 90
       50
176
     1
290
     0
176
     1
 90
       50
176
     1
 62
   256
176
     0
 40
1.0
176
     0
 90
        2
176
     1
  1
strokes_ogs.tif
176
     1
290
     0
176
     1
 40
1.0
176
     1
 40
1.0
176
     1
  0
VISUALSTYLE
  5
3C
102
{ACAD_REACTORS
330
29
102
}
330
29
100
AcDbVisualStyle
  2
X-Ray
 70
    25
177
     3
291
     0
 70
    58
 90
        2
176
     1
 90
        2
176
     1
 90
        1
176
     1
 90
        1
176
     1
 40
0.5
176
     1
 40
30.0
176
     1
 62
     7
420
 16777215
176
     1
 90
        1
176
     1
 90
        0
176
     1
 62
     7
176
     1
 62
   257
176
     1
 90
        1
176
     1
 90
        1
176
     1
 40
1.0
176
     1
 90
        8
176
     1
 62
     7
176
     1
 40
1.0
176
     1
 90
        1
176
     1
 90
        6
176
     1
 90
        2
176
     1
 62
     7
176
     1
 90
        3
176
     1
 90
        0
176
     1
 90
        0
176
     1
290
     0
176
     1
 90
       13
176
     1
 40
0.0
176
     1
 90
        0
176
     1
290
     0
176
     1
290
     1
176
     1
290
     1
176
     1
290
     0
176
     1
290
     0
176
     1
290
     0
176
     1
290
     0
176
     1
290
     0
176
     1
290
     0
176
     1
 90
       50
176
     1
 40
0.0
176
     1
 40
1.0
176
     1
 90
        0
176
     1
 62
    18
420
        0
176
     1
 90
       50
176
     1
 90
        3
176
     1
 62
     5
420
      255
176
     1
290
     0
176
     1
 90
       50
176
     1
 90
       50
176
     1
 90
       50
176
     1
290
     0
176
     1
 90
       50
176
     1
 62
   256
176
     0
 40
1.0
176
     0
 90
        2
176
     1
  1
strokes_ogs.tif
176
     1
290
     0
176
     1
 40
1.0
176
     1
 40
1.0
176
     1
  0
DICTIONARYVAR
  5
5C5
102
{ACAD_REACTORS
330
5C0
102
}
330
5C0
100
DictionaryVariables
280
     0
  1
1:1
  0
DICTIONARYVAR
  5
5C2
102
{ACAD_REACTORS
330
5C0
102
}
330
5C0
100
DictionaryVariables
280
     0
  1
STANDARD
  0
DICTIONARYVAR
  5
5C1
102
{ACAD_REACTORS
330
5C0
102
}
330
5C0
100
DictionaryVariables
280
     0
  1
STANDARD
  0
DICTIONARYVAR
  5
5C3
102
{ACAD_REACTORS
330
5C0
102
}
330
5C0
100
DictionaryVariables
280
     0
  1
Imperial24
  0
DICTIONARYVAR
  5
5C4
102
{ACAD_REACTORS
330
5C0
102
}
330
5C0
100
DictionaryVariables
280
     0
  1
Imperial24
  0
XRECORD
  5
5BC
102
{ACAD_REACTORS
330
5B8
102
}
330
5B8
100
AcDbXrecord
280
     1
  1
BUILDING_ID
  1
Casa na Travessa Luiz Nery, 76 - Centro Histórico de Laguna
  1
FLOOR_ID
  1
22434145
  0
XRECORD
  5
5BA
102
{ACAD_REACTORS
330
5B8
102
}
330
5B8
100
AcDbXrecord
280
     1
  1
-2000051
  1
Linhas
  1
-2000280
  1
Blocos de margens e carimbo
  1
-2002000
  1
Itens de detalhe
  1
22389726
  1
1.dwg
  0
XRECORD
  5
5BB
102
{ACAD_REACTORS
330
5B8
102
}
330
5B8
100
AcDbXrecord
280
     1
  1
-2000042
  1
<Linhas finas>
  1
-2000281
  1
<Linhas finas>
  1
22389728
  1
0
  0
XRECORD
  5
5B9
102
{ACAD_REACTORS
330
5B8
102
}
330
5B8
100
AcDbXrecord
280
     1
  1
22389725
  1
Símbolo de importação : 1.dwg
  1
22435574
  1
A4 HORIZONTAL : A4
  1
383807
  1
Região preenchida : Marcenaria corte
  0
DICTIONARY
  5
1A
330
19
100
AcDbDictionary
280
     1
281
     1
  3
BUMPTILE
360
1C
  3
DIFFUSETILE
360
1B
  3
OPACITYTILE
360
1F
  3
REFLECTIONTILE
360
1E
  3
REFRACTIONTILE
360
20
  3
SPECULARTILE
360
1D
  0
DICTIONARY
  5
12
330
11
100
AcDbDictionary
280
     1
281
     1
  3
BUMPTILE
360
14
  3
DIFFUSETILE
360
13
  3
OPACITYTILE
360
17
  3
REFLECTIONTILE
360
16
  3
REFRACTIONTILE
360
18
  3
SPECULARTILE
360
15
  0
DICTIONARY
  5
22
330
21
100
AcDbDictionary
280
     1
281
     1
  3
BUMPTILE
360
24
  3
DIFFUSETILE
360
23
  3
OPACITYTILE
360
27
  3
REFLECTIONTILE
360
26
  3
REFRACTIONTILE
360
28
  3
SPECULARTILE
360
25
  0
DICTIONARY
  5
78A
330
65
100
AcDbDictionary
280
     1
281
     1
  3
ACAD_ROUNDTRIP_2008_TABLESTYLE_CELLSTYLEMAP
360
78B
  0
XRECORD
  5
1C
102
{ACAD_REACTORS
330
1A
102
}
330
1A
100
AcDbXrecord
280
     1
270
     1
271
     1
  0
XRECORD
  5
1B
102
{ACAD_REACTORS
330
1A
102
}
330
1A
100
AcDbXrecord
280
     1
270
     1
271
     1
  0
XRECORD
  5
1F
102
{ACAD_REACTORS
330
1A
102
}
330
1A
100
AcDbXrecord
280
     1
270
     1
271
     1
  0
XRECORD
  5
1E
102
{ACAD_REACTORS
330
1A
102
}
330
1A
100
AcDbXrecord
280
     1
270
     1
271
     1
  0
XRECORD
  5
20
102
{ACAD_REACTORS
330
1A
102
}
330
1A
100
AcDbXrecord
280
     1
270
     1
271
     1
  0
XRECORD
  5
1D
102
{ACAD_REACTORS
330
1A
102
}
330
1A
100
AcDbXrecord
280
     1
270
     1
271
     1
  0
XRECORD
  5
14
102
{ACAD_REACTORS
330
12
102
}
330
12
100
AcDbXrecord
280
     1
270
     1
271
     1
  0
XRECORD
  5
13
102
{ACAD_REACTORS
330
12
102
}
330
12
100
AcDbXrecord
280
     1
270
     1
271
     1
  0
XRECORD
  5
17
102
{ACAD_REACTORS
330
12
102
}
330
12
100
AcDbXrecord
280
     1
270
     1
271
     1
  0
XRECORD
  5
16
102
{ACAD_REACTORS
330
12
102
}
330
12
100
AcDbXrecord
280
     1
270
     1
271
     1
  0
XRECORD
  5
18
102
{ACAD_REACTORS
330
12
102
}
330
12
100
AcDbXrecord
280
     1
270
     1
271
     1
  0
XRECORD
  5
15
102
{ACAD_REACTORS
330
12
102
}
330
12
100
AcDbXrecord
280
     1
270
     1
271
     1
  0
XRECORD
  5
24
102
{ACAD_REACTORS
330
22
102
}
330
22
100
AcDbXrecord
280
     1
270
     1
271
     1
  0
XRECORD
  5
23
102
{ACAD_REACTORS
330
22
102
}
330
22
100
AcDbXrecord
280
     1
270
     1
271
     1
  0
XRECORD
  5
27
102
{ACAD_REACTORS
330
22
102
}
330
22
100
AcDbXrecord
280
     1
270
     1
271
     1
  0
XRECORD
  5
26
102
{ACAD_REACTORS
330
22
102
}
330
22
100
AcDbXrecord
280
     1
270
     1
271
     1
  0
XRECORD
  5
28
102
{ACAD_REACTORS
330
22
102
}
330
22
100
AcDbXrecord
280
     1
270
     1
271
     1
  0
XRECORD
  5
25
102
{ACAD_REACTORS
330
22
102
}
330
22
100
AcDbXrecord
280
     1
270
     1
271
     1
  0
CELLSTYLEMAP
  5
78B
102
{ACAD_REACTORS
330
78A
102
}
330
78A
100
AcDbCellStyleMap
 90
        3
300
CELLSTYLE
  1
TABLEFORMAT_BEGIN
 90
        5
170
     1
 91
        0
 92
    32768
 62
   257
 93
        1
300
CONTENTFORMAT
  1
CONTENTFORMAT_BEGIN
 90
        0
 91
        0
 92
      512
 93
        0
300

 40
0.0
140
1.0
 94
        5
 62
     0
340
55
144
0.25
309
CONTENTFORMAT_END
171
     0
 94
        0
309
TABLEFORMAT_END
  1
CELLSTYLE_BEGIN
 90
        1
 91
        1
300
_TITLE
309
CELLSTYLE_END
300
CELLSTYLE
  1
TABLEFORMAT_BEGIN
 90
        5
170
     1
 91
        0
 92
        0
 62
   257
 93
        1
300
CONTENTFORMAT
  1
CONTENTFORMAT_BEGIN
 90
        0
 91
        0
 92
      512
 93
        0
300

 40
0.0
140
1.0
 94
        5
 62
     0
340
55
144
0.18
309
CONTENTFORMAT_END
171
     0
 94
        0
309
TABLEFORMAT_END
  1
CELLSTYLE_BEGIN
 90
        2
 91
        1
300
_HEADER
309
CELLSTYLE_END
300
CELLSTYLE
  1
TABLEFORMAT_BEGIN
 90
        5
170
     1
 91
        0
 92
        0
 62
   257
 93
        1
300
CONTENTFORMAT
  1
CONTENTFORMAT_BEGIN
 90
        0
 91
        0
 92
      512
 93
        0
300

 40
0.0
140
1.0
 94
        2
 62
     0
340
55
144
0.18
309
CONTENTFORMAT_END
171
     0
 94
        0
309
TABLEFORMAT_END
  1
CELLSTYLE_BEGIN
 90
        3
 91
        2
300
_DATA
309
CELLSTYLE_END
  0
ENDSEC
  0
SECTION
  2
ACDSDATA
 70
     2
 71
     8
  0
ACDSSCHEMA
 90
        0
  1
AcDb_Thumbnail_Schema
  2
AcDbDs::ID
280
    10
 91
        8
  2
Thumbnail_Data
280
    15
 91
        0
101
ACDSRECORD
 95
        0
 90
        1
  2
AcDbDs::TreatedAsObjectData
280
     1
291
     1
101
ACDSRECORD
 95
        0
 90
        2
  2
AcDbDs::Legacy
280
     1
291
     1
101
ACDSRECORD
  1
AcDbDs::ID
 90
        3
  2
AcDs:Indexable
280
     1
291
     1
101
ACDSRECORD
  1
AcDbDs::ID
 90
        4
  2
AcDbDs::HandleAttribute
280
     7
282
     1
  0
ACDSSCHEMA
 90
        1
  1
AcDbDs::TreatedAsObjectDataSchema
  2
AcDbDs::TreatedAsObjectData
280
     1
 91
        0
  0
ACDSSCHEMA
 90
        2
  1
AcDbDs::LegacySchema
  2
AcDbDs::Legacy
280
     1
 91
        0
  0
ACDSSCHEMA
 90
        3
  1
AcDbDs::IndexedPropertySchema
  2
AcDs:Indexable
280
     1
 91
        0
  0
ACDSSCHEMA
 90
        4
  1
AcDbDs::HandleAttributeSchema
  2
AcDbDs::HandleAttribute
280
     7
 91
        1
284
     1
  0
ACDSRECORD
 90
        0
  2
AcDbDs::ID
280
    10
320
77
  2
Thumbnail_Data
280
    15
 94
     1942
310
89504E470D0A1A0A0000000D4948445200000100000000B5080300000087DCD12600000300504C5445FFFFFFFFFFFFFFFFFF0000000000000000000000000000000000000000000000000000330000660000990000CC0000FF0033000033330033660033990033CC0033FF0066000066330066660066990066CC0066FF0099
310
000099330099660099990099CC0099FF00CC0000CC3300CC6600CC9900CCCC00CCFF00FF0000FF3300FF6600FF9900FFCC00FFFF3300003300333300663300993300CC3300FF3333003333333333663333993333CC3333FF3366003366333366663366993366CC3366FF3399003399333399663399993399CC3399FF33CC00
310
33CC3333CC6633CC9933CCCC33CCFF33FF0033FF3333FF6633FF9933FFCC33FFFF6600006600336600666600996600CC6600FF6633006633336633666633996633CC6633FF6666006666336666666666996666CC6666FF6699006699336699666699996699CC6699FF66CC0066CC3366CC6666CC9966CCCC66CCFF66FF0066
310
FF3366FF6666FF9966FFCC66FFFF9900009900339900669900999900CC9900FF9933009933339933669933999933CC9933FF9966009966339966669966999966CC9966FF9999009999339999669999999999CC9999FF99CC0099CC3399CC6699CC9999CCCC99CCFF99FF0099FF3399FF6699FF9999FFCC99FFFFCC0000CC00
310
33CC0066CC0099CC00CCCC00FFCC3300CC3333CC3366CC3399CC33CCCC33FFCC6600CC6633CC6666CC6699CC66CCCC66FFCC9900CC9933CC9966CC9999CC99CCCC99FFCCCC00CCCC33CCCC66CCCC99CCCCCCCCCCFFCCFF00CCFF33CCFF66CCFF99CCFFCCCCFFFFFF0000FF0033FF0066FF0099FF00CCFF00FFFF3300FF3333
310
FF3366FF3399FF33CCFF33FFFF6600FF6633FF6666FF6699FF66CCFF66FFFF9900FF9933FF9966FF9999FF99CCFF99FFFFCC00FFCC33FFCC66FFCC99FFCCCCFFCCFFFFFF00FFFF33FFFF66FFFF99FFFFCCFFFFFF0000000D0D0D1A1A1A2828283535354343435050505D5D5D6B6B6B787878868686939393A1A1A1AEAEAEBB
310
BBBBC9C9C9D6D6D6E4E4E4F1F1F1FFFFFF000000000000000000000000000000000000000000000000000000000000AD4AB4E4000004044944415478DAEDDD5B92A32014066056F46F3D1B711554E561AA7A11A3E28DABA068C4F3F332DD1993C8C7E170D174D49FF0A208A004170210800004200001084000021080000420
310
0001086017FDA2720CE03D0D4D000210800004200001084000021080000420000108400002108000042000010840000210800004680B00000124032071B3830080BEFA1FAD34840200F30D2F900880B9EAD0E5DDA07D806DCBA33C11B40E0027F0D1A7022D07A0AFBE72FA3D0A1341CB0026F52114131200C2D59FFE237F4E
310
D42A005283DE20A05F0D106DFDF244D02480DEAD60BE408300A6F5917114DE0880DC096FA640630025F3FD614E847701A06C96937574430007567B2381535A05008E2C7603026D0258A9AFE40331BE408B009B713FF4319F6DE5E03F1536417B00D376CFDCF28103363F20B4596009B406601677BA4B7CC22B01301A0C41D0
310
2CC0B4C53300C48F4902CC3DA8D508306FD503A8C30046405B87B6360A9C0318BB8106E4021881FEB4C5022C89E09D00C800E805825B657200860E10984D8BE902732270057E0B805B01B6E3E132AB921401E3894FABAAE505DB580CE97A005322680860EF2F3D9402287C8601A11580A9F2C9BD9042806179D946046CEE79
310
A80A307683B30097FF2D13FB8E0FA8AA00EAF100EE636980C48E5004004F0608DDED83F82AE760A992038EDD98E6D520502338358E0258F7C4B88EB137A907D05500E8B4DB9C667A8F4D70470070ECDEC82A5DA03A80DD156680B5FD11CE7E3FEE029D77DDA5B89833711341068069FE60D5EE04385FBACDD6B5078008C014
310
FCDFEFEEB201C185D7955DA0B05FAC1BDE2180580498DFBE19EBA66B01ACE46AC57411C0BC56DDAEDC130089E6CF07A8B21CB6933016DBC8167C2A0276A70970DE2852FD5C80E5EC6A022C1100EB2D131930BBC7AC1130377FEED6C12300C2FF9A1FF226531B8064F3FB2FE801E03A80B50BE446407FC4BF1280DDE6F7278D
310
8F8F803280BDE6BF19C01905CA23A008C03C61A7FA370374FA74122C00507BD1FF6380350B5FD005329BFFA100152220B3F95F1A01F9CDFFD2081867C579D57F2240BAEC02980D916FF6CEC7FB0086CE0F5519A0CE62E87A80A9F7ABFA005D2300D3CC4F26C0D8FC26F70B0558877E7900D834BF4C007BE6270CC09FF94903
310
F056FD8F03485D83E8CE5D189E877E751100AA00986F65ED5FE5E395E083F1E25C068FEC783F2E021680F311D0FDE6CB652A01049240F04195DAC58E5DC8CEBBDA7DE8D9EB493E0140DD5F8693040108201BE0D4576DBD0160AAC35980C000D335300CD603F0BEB33EF860BCE8A2A36B150210E02400BF70F1358500042000
310
0108400002108000042000010840000210800004200001084000021080000420000108C0CBE34A7021000108400002108000042000010840000210402A80F0221EE03F09DF13FEB5F167730000000049454E44AE42608282000000000000000000000000000000000000000040F4562F8A43002D0400000000000000000000
310
000000000000000000AD02341ECD03FC03DD9E0036FC89D7370000000049454E44AE426082
  0
ACDSRECORD
 90
        0
  2
AcDbDs::ID
280
    10
320
73
  2
Thumbnail_Data
280
    15
 94
     1413
310
89504E470D0A1A0A0000000D494844520000010000000065080300000095E2CD0900000300504C5445FFFFFFFFFFFFFFFFFF0000000000000000000000000000000000000000000000000000330000660000990000CC0000FF0033000033330033660033990033CC0033FF0066000066330066660066990066CC0066FF0099
310
000099330099660099990099CC0099FF00CC0000CC3300CC6600CC9900CCCC00CCFF00FF0000FF3300FF6600FF9900FFCC00FFFF3300003300333300663300993300CC3300FF3333003333333333663333993333CC3333FF3366003366333366663366993366CC3366FF3399003399333399663399993399CC3399FF33CC00
310
33CC3333CC6633CC9933CCCC33CCFF33FF0033FF3333FF6633FF9933FFCC33FFFF6600006600336600666600996600CC6600FF6633006633336633666633996633CC6633FF6666006666336666666666996666CC6666FF6699006699336699666699996699CC6699FF66CC0066CC3366CC6666CC9966CCCC66CCFF66FF0066
310
FF3366FF6666FF9966FFCC66FFFF9900009900339900669900999900CC9900FF9933009933339933669933999933CC9933FF9966009966339966669966999966CC9966FF9999009999339999669999999999CC9999FF99CC0099CC3399CC6699CC9999CCCC99CCFF99FF0099FF3399FF6699FF9999FFCC99FFFFCC0000CC00
310
33CC0066CC0099CC00CCCC00FFCC3300CC3333CC3366CC3399CC33CCCC33FFCC6600CC6633CC6666CC6699CC66CCCC66FFCC9900CC9933CC9966CC9999CC99CCCC99FFCCCC00CCCC33CCCC66CCCC99CCCCCCCCCCFFCCFF00CCFF33CCFF66CCFF99CCFFCCCCFFFFFF0000FF0033FF0066FF0099FF00CCFF00FFFF3300FF3333
310
FF3366FF3399FF33CCFF33FFFF6600FF6633FF6666FF6699FF66CCFF66FFFF9900FF9933FF9966FF9999FF99CCFF99FFFFCC00FFCC33FFCC66FFCC99FFCCCCFFCCFFFFFF00FFFF33FFFF66FFFF99FFFFCCFFFFFF0000000D0D0D1A1A1A2828283535354343435050505D5D5D6B6B6B787878868686939393A1A1A1AEAEAEBB
310
BBBBC9C9C9D6D6D6E4E4E4F1F1F1FFFFFF000000000000000000000000000000000000000000000000000000000000AD4AB4E4000002364944415478DAED9B5DB283200C46B3A2EC7F11AE22333E38D34554052A5440B09D16C8771E6E6FBDFDCB3109C1E9250200000040B330B3EAF86543F1E9DFE317561CFE5A004C3A73
310
C086BFB70185497084EFEE290EDF1C60C5E16FC7F4348258F88A1A41227C2D65C0D9557F2D03561CBE2903F6186EE8B7E14B9E4105B8F02FA297C533305AF872DAF9B0FD79842AE419182B7E8A6CFBCE02569657198CB4E9DD4B3FD2F623028C011A6F3D281640CB32E416B95C009946A041002704D08839509301AE155277
310
DB64FE9680DDC03A3B4E324E02D4095813605B38C71060A7BC4A01FBFCF07F01728758F4370490742FC0BBFBBEAE95BD52CF02DE64F42AC04DB295AB9D0D7E9FE8CD601F0A281BF55B590582CB1417B84D9F1161049842E730FCAE32A01E1BAECD8050C076709EE3330207E304375602EE145FAFF7EE4112CB80F597393524
310
B529804301D9DD7A26295E2F32CF542A409A14E08E9D3BC036C226AF8AA4C24F08B0EDB32F019C17B0577F524EBB02C4FB745719206901E7E69715400D0A2828819C008A9EFE8E04B86DDA5D01F34C6A05A4AABF6F0185D73D4CF8B950061760AAFF968046E6804F05D0D6FCEF0998FA17E09A9F520147F35329C01F7D740A
310
F0469F4E057C7245301C7DAA05701B021E2BE72F31FC8C5604F847A625FB84E9753124792BC16DE681D4A7806FBE3D04FCFB1F0AFE2F607BFFB69AE0B45CB4ADEF36C136043C0ECC674A72F1E74A1A1010FD2ADFAF2100000000000000000000000000000000000000000000000080134FF9B860FC82B93D7C000000004945
310
4E44AE426082000049454E44AE426082
  0
ENDSEC
  0
EOF
