  0
SECTION
  2
HEADER
  9
$ACADVER
  1
AC1032
  9
$ACADMAINTVER
 90
      204
  9
$DWGCODEPAGE
  3
ANSI_1252
  9
$LASTSAVEDBY
  1
duda-
  9
$REQUIREDVERSIONS
160
                 0
  9
$INSBASE
 10
0.0
 20
0.0
 30
0.0
  9
$EXTMIN
 10
-8169.248687039567
 20
-10479.14835215719
 30
0.0
  9
$EXTMAX
 10
-3304.328766927466
 20
8285.454720938606
 30
0.0
  9
$LIMMIN
 10
0.0
 20
0.0
  9
$LIMMAX
 10
12.0
 20
9.0
  9
$ORTHOMODE
 70
     0
  9
$REGENMODE
 70
     1
  9
$FILLMODE
 70
     1
  9
$QTEXTMODE
 70
     0
  9
$MIRRTEXT
 70
     0
  9
$LTSCALE
 40
1.0
  9
$ATTMODE
 70
     1
  9
$TEXTSIZE
 40
0.2
  9
$TRACEWID
 40
0.05
  9
$TEXTSTYLE
  7
Standard
  9
$CLAYER
  8
A-CDA-___-___-EXI
  9
$CELTYPE
  6
ByLayer
  9
$CECOLOR
 62
   256
  9
$CELTSCALE
 40
1.0
  9
$DISPSILH
 70
     0
  9
$DIMSCALE
 40
1.0
  9
$DIMASZ
 40
0.18
  9
$DIMEXO
 40
0.0625
  9
$DIMDLI
 40
0.38
  9
$DIMRND
 40
0.0
  9
$DIMDLE
 40
0.0
  9
$DIMEXE
 40
0.18
  9
$DIMTP
 40
0.0
  9
$DIMTM
 40
0.0
  9
$DIMTXT
 40
0.18
  9
$DIMCEN
 40
0.09
  9
$DIMTSZ
 40
0.0
  9
$DIMTOL
 70
     0
  9
$DIMLIM
 70
     0
  9
$DIMTIH
 70
     1
  9
$DIMTOH
 70
     1
  9
$DIMSE1
 70
     0
  9
$DIMSE2
 70
     0
  9
$DIMTAD
 70
     0
  9
$DIMZIN
 70
     0
  9
$DIMBLK
  1

  9
$DIMASO
 70
     1
  9
$DIMSHO
 70
     1
  9
$DIMPOST
  1

  9
$DIMAPOST
  1

  9
$DIMALT
 70
     0
  9
$DIMALTD
 70
     2
  9
$DIMALTF
 40
25.4
  9
$DIMLFAC
 40
1.0
  9
$DIMTOFL
 70
     0
  9
$DIMTVP
 40
0.0
  9
$DIMTIX
 70
     0
  9
$DIMSOXD
 70
     0
  9
$DIMSAH
 70
     0
  9
$DIMBLK1
  1

  9
$DIMBLK2
  1

  9
$DIMSTYLE
  2
Standard
  9
$DIMCLRD
 70
     0
  9
$DIMCLRE
 70
     0
  9
$DIMCLRT
 70
     0
  9
$DIMTFAC
 40
1.0
  9
$DIMGAP
 40
0.09
  9
$DIMJUST
 70
     0
  9
$DIMSD1
 70
     0
  9
$DIMSD2
 70
     0
  9
$DIMTOLJ
 70
     1
  9
$DIMTZIN
 70
     0
  9
$DIMALTZ
 70
     0
  9
$DIMALTTZ
 70
     0
  9
$DIMUPT
 70
     0
  9
$DIMDEC
 70
     4
  9
$DIMTDEC
 70
     4
  9
$DIMALTU
 70
     2
  9
$DIMALTTD
 70
     2
  9
$DIMTXSTY
  7
Standard
  9
$DIMAUNIT
 70
     0
  9
$DIMADEC
 70
     0
  9
$DIMALTRND
 40
0.0
  9
$DIMAZIN
 70
     0
  9
$DIMDSEP
 70
    46
  9
$DIMATFIT
 70
     3
  9
$DIMFRAC
 70
     0
  9
$DIMLDRBLK
  1

  9
$DIMLUNIT
 70
     2
  9
$DIMLWD
 70
    -2
  9
$DIMLWE
 70
    -2
  9
$DIMTMOVE
 70
     0
  9
$DIMFXL
 40
1.0
  9
$DIMFXLON
 70
     0
  9
$DIMJOGANG
 40
0.7853981633974483
  9
$DIMTFILL
 70
     0
  9
$DIMTFILLCLR
 70
     0
  9
$DIMARCSYM
 70
     0
  9
$DIMLTYPE
  6

  9
$DIMLTEX1
  6

  9
$DIMLTEX2
  6

  9
$DIMTXTDIRECTION
 70
     0
  9
$LUNITS
 70
     2
  9
$LUPREC
 70
     4
  9
$SKETCHINC
 40
0.1
  9
$FILLETRAD
 40
0.0
  9
$AUNITS
 70
     0
  9
$AUPREC
 70
     0
  9
$MENU
  1
.
  9
$ELEVATION
 40
0.0
  9
$PELEVATION
 40
0.0
  9
$THICKNESS
 40
0.0
  9
$LIMCHECK
 70
     0
  9
$CHAMFERA
 40
0.0
  9
$CHAMFERB
 40
0.0
  9
$CHAMFERC
 40
0.0
  9
$CHAMFERD
 40
0.0
  9
$SKPOLY
 70
     0
  9
$TDCREATE
 40
2460730.510914352
  9
$TDUCREATE
 40
2460730.635914352
  9
$TDUPDATE
 40
2460738.914814815
  9
$TDUUPDATE
 40
2460739.039814815
  9
$TDINDWG
 40
0.0497916667
  9
$TDUSRTIMER
 40
0.0497916667
  9
$USRTIMER
 70
     1
  9
$ANGBASE
 50
0.0
  9
$ANGDIR
 70
     0
  9
$PDMODE
 70
     0
  9
$PDSIZE
 40
0.0
  9
$PLINEWID
 40
0.0
  9
$SPLFRAME
 70
     0
  9
$SPLINETYPE
 70
     6
  9
$SPLINESEGS
 70
     8
  9
$HANDSEED
  5
1D4
  9
$SURFTAB1
 70
     6
  9
$SURFTAB2
 70
     6
  9
$SURFTYPE
 70
     6
  9
$SURFU
 70
     6
  9
$SURFV
 70
     6
  9
$UCSBASE
  2

  9
$UCSNAME
  2

  9
$UCSORG
 10
0.0
 20
0.0
 30
0.0
  9
$UCSXDIR
 10
1.0
 20
0.0
 30
0.0
  9
$UCSYDIR
 10
0.0
 20
1.0
 30
0.0
  9
$UCSORTHOREF
  2

  9
$UCSORTHOVIEW
 70
     0
  9
$UCSORGTOP
 10
0.0
 20
0.0
 30
0.0
  9
$UCSORGBOTTOM
 10
0.0
 20
0.0
 30
0.0
  9
$UCSORGLEFT
 10
0.0
 20
0.0
 30
0.0
  9
$UCSORGRIGHT
 10
0.0
 20
0.0
 30
0.0
  9
$UCSORGFRONT
 10
0.0
 20
0.0
 30
0.0
  9
$UCSORGBACK
 10
0.0
 20
0.0
 30
0.0
  9
$PUCSBASE
  2

  9
$PUCSNAME
  2

  9
$PUCSORG
 10
0.0
 20
0.0
 30
0.0
  9
$PUCSXDIR
 10
1.0
 20
0.0
 30
0.0
  9
$PUCSYDIR
 10
0.0
 20
1.0
 30
0.0
  9
$PUCSORTHOREF
  2

  9
$PUCSORTHOVIEW
 70
     0
  9
$PUCSORGTOP
 10
0.0
 20
0.0
 30
0.0
  9
$PUCSORGBOTTOM
 10
0.0
 20
0.0
 30
0.0
  9
$PUCSORGLEFT
 10
0.0
 20
0.0
 30
0.0
  9
$PUCSORGRIGHT
 10
0.0
 20
0.0
 30
0.0
  9
$PUCSORGFRONT
 10
0.0
 20
0.0
 30
0.0
  9
$PUCSORGBACK
 10
0.0
 20
0.0
 30
0.0
  9
$USERI1
 70
     0
  9
$USERI2
 70
     0
  9
$USERI3
 70
     0
  9
$USERI4
 70
     0
  9
$USERI5
 70
     0
  9
$USERR1
 40
0.0
  9
$USERR2
 40
0.0
  9
$USERR3
 40
0.0
  9
$USERR4
 40
0.0
  9
$USERR5
 40
0.0
  9
$WORLDVIEW
 70
     1
  9
$SHADEDGE
 70
     3
  9
$SHADEDIF
 70
    70
  9
$TILEMODE
 70
     0
  9
$MAXACTVP
 70
    64
  9
$PINSBASE
 10
0.0
 20
0.0
 30
0.0
  9
$PLIMCHECK
 70
     0
  9
$PEXTMIN
 10
64.29285070883699
 20
59.49999999998593
 30
0.0
  9
$PEXTMAX
 10
274.292850708837
 20
356.4999999999859
 30
0.0
  9
$PLIMMIN
 10
64.27901684485153
 20
59.47287840171589
  9
$PLIMMAX
 10
484.5984757423225
 20
356.6684553999278
  9
$UNITMODE
 70
     0
  9
$VISRETAIN
 70
     1
  9
$PLINEGEN
 70
     0
  9
$PSLTSCALE
 70
     0
  9
$TREEDEPTH
 70
  3020
  9
$CMLSTYLE
  2
Standard
  9
$CMLJUST
 70
     0
  9
$CMLSCALE
 40
1.0
  9
$PROXYGRAPHICS
 70
     1
  9
$MEASUREMENT
 70
     1
  9
$CELWEIGHT
370
    -1
  9
$ENDCAPS
280
     0
  9
$JOINSTYLE
280
     0
  9
$LWDISPLAY
290
     0
  9
$INSUNITS
 70
     4
  9
$HYPERLINKBASE
  1

  9
$STYLESHEET
  1

  9
$XEDIT
290
     1
  9
$CEPSNTYPE
380
     0
  9
$PSTYLEMODE
290
     1
  9
$FINGERPRINTGUID
  2
{877873B2-A6E6-A94F-899C-E9A7F0F1593A}
  9
$VERSIONGUID
  2
{78C33EBD-8FF8-5A47-AAD5-F4C7E13ED8E1}
  9
$EXTNAMES
290
     1
  9
$PSVPSCALE
 40
0.0
  9
$OLESTARTUP
290
     0
  9
$SORTENTS
280
   127
  9
$INDEXCTL
280
     0
  9
$HIDETEXT
280
     1
  9
$XCLIPFRAME
280
     2
  9
$HALOGAP
280
     0
  9
$OBSCOLOR
 70
   257
  9
$OBSLTYPE
280
     0
  9
$INTERSECTIONDISPLAY
280
     0
  9
$INTERSECTIONCOLOR
 70
   257
  9
$DIMASSOC
280
     2
  9
$PROJECTNAME
  1

  9
$CAMERADISPLAY
290
     0
  9
$LENSLENGTH
 40
50.0
  9
$CAMERAHEIGHT
 40
0.0
  9
$STEPSPERSEC
 40
2.0
  9
$STEPSIZE
 40
6.0
  9
$3DDWFPREC
 40
2.0
  9
$PSOLWIDTH
 40
0.25
  9
$PSOLHEIGHT
 40
4.0
  9
$LOFTANG1
 40
1.570796326794896
  9
$LOFTANG2
 40
1.570796326794896
  9
$LOFTMAG1
 40
0.0
  9
$LOFTMAG2
 40
0.0
  9
$LOFTPARAM
 70
     7
  9
$LOFTNORMALS
280
     1
  9
$LATITUDE
 40
0.0
  9
$LONGITUDE
 40
0.0
  9
$NORTHDIRECTION
 40
0.0
  9
$TIMEZONE
 70
     0
  9
$LIGHTGLYPHDISPLAY
280
     1
  9
$TILEMODELIGHTSYNCH
280
     1
  9
$CMATERIAL
347
11
  9
$SOLIDHIST
280
     0
  9
$SHOWHIST
280
     1
  9
$DWFFRAME
280
     2
  9
$DGNFRAME
280
     0
  9
$REALWORLDSCALE
290
     1
  9
$INTERFERECOLOR
 62
     1
  9
$INTERFEREOBJVS
345
33
  9
$INTERFEREVPVS
346
30
  9
$CSHADOW
280
     0
  9
$SHADOWPLANELOCATION
 40
0.0
  0
ENDSEC
  0
SECTION
  2
CLASSES
  0
CLASS
  1
ACDBDICTIONARYWDFLT
  2
AcDbDictionaryWithDefault
  3
ObjectDBX Classes
 90
        0
 91
        1
280
     0
281
     0
  0
CLASS
  1
MATERIAL
  2
AcDbMaterial
  3
ObjectDBX Classes
 90
     1153
 91
        3
280
     0
281
     0
  0
CLASS
  1
VISUALSTYLE
  2
AcDbVisualStyle
  3
ObjectDBX Classes
 90
     4095
 91
       24
280
     0
281
     0
  0
CLASS
  1
SCALE
  2
AcDbScale
  3
ObjectDBX Classes
 90
     1153
 91
       17
280
     0
281
     0
  0
CLASS
  1
TABLESTYLE
  2
AcDbTableStyle
  3
ObjectDBX Classes
 90
     4095
 91
        1
280
     0
281
     0
  0
CLASS
  1
MLEADERSTYLE
  2
AcDbMLeaderStyle
  3
ACDB_MLEADERSTYLE_CLASS
 90
     4095
 91
        1
280
     0
281
     0
  0
CLASS
  1
ACDBSECTIONVIEWSTYLE
  2
AcDbSectionViewStyle
  3
ObjectDBX Classes
 90
     1025
 91
        2
280
     0
281
     0
  0
CLASS
  1
ACDBDETAILVIEWSTYLE
  2
AcDbDetailViewStyle
  3
ObjectDBX Classes
 90
     1025
 91
        2
280
     0
281
     0
  0
CLASS
  1
RASTERVARIABLES
  2
AcDbRasterVariables
  3
ISM
 90
        0
 91
        1
280
     0
281
     0
  0
CLASS
  1
DICTIONARYVAR
  2
AcDbDictionaryVar
  3
ObjectDBX Classes
 90
        0
 91
        5
280
     0
281
     0
  0
CLASS
  1
SORTENTSTABLE
  2
AcDbSortentsTable
  3
ObjectDBX Classes
 90
        0
 91
        1
280
     0
281
     0
  0
CLASS
  1
SUN
  2
AcDbSun
  3
SCENEOE
 90
     1153
 91
        1
280
     0
281
     0
  0
CLASS
  1
RAPIDRTRENDERSETTINGS
  2
AcDbRapidRTRenderSettings
  3
ObjectDBX Classes
 90
     1024
 91
        7
280
     0
281
     0
  0
CLASS
  1
CELLSTYLEMAP
  2
AcDbCellStyleMap
  3
ObjectDBX Classes
 90
     1152
 91
        1
280
     0
281
     0
  0
ENDSEC
  0
SECTION
  2
TABLES
  0
TABLE
  2
VPORT
  5
8
330
0
100
AcDbSymbolTable
 70
     1
  0
VPORT
  5
57
330
8
100
AcDbSymbolTableRecord
100
AcDbViewportTableRecord
  2
*Active
 70
     0
 10
0.0
 20
0.0
 11
1.0
 21
1.0
 12
-10239.18871964353
 22
-6796.884539248785
 13
0.0
 23
0.0
 14
1.0
 24
1.0
 15
0.0
 25
0.0
 16
0.0
 26
0.0
 36
1.0
 17
0.0
 27
0.0
 37
0.0
 40
49256.1611949759
 41
2.514397905759162
 42
50.0
 43
0.0
 44
0.0
 50
0.0
 51
0.0
 71
     0
 72
  1000
 73
     1
 74
     1
 75
     0
 76
     0
 77
     0
 78
     0
281
     0
 65
     1
110
0.0
120
0.0
130
0.0
111
1.0
121
0.0
131
0.0
112
0.0
122
1.0
132
0.0
 79
     0
146
0.0
348
2F
 60
     3
 61
     5
292
     1
282
     1
141
0.0
142
0.0
 63
   250
421
  3355443
361
149
1001
ACAD_NAV_VCDISPLAY
1070
     3
  0
ENDTAB
  0
TABLE
  2
LTYPE
  5
5
330
0
100
AcDbSymbolTable
 70
     2
  0
LTYPE
  5
5B
330
5
100
AcDbSymbolTableRecord
100
AcDbLinetypeTableRecord
  2
ByBlock
 70
     0
  3

 72
    65
 73
     0
 40
0.0
  0
LTYPE
  5
5C
330
5
100
AcDbSymbolTableRecord
100
AcDbLinetypeTableRecord
  2
ByLayer
 70
     0
  3

 72
    65
 73
     0
 40
0.0
  0
LTYPE
  5
5D
330
5
100
AcDbSymbolTableRecord
100
AcDbLinetypeTableRecord
  2
Continuous
 70
     0
  3
Solid line
 72
    65
 73
     0
 40
0.0
  0
LTYPE
  5
8A
330
5
100
AcDbSymbolTableRecord
100
AcDbLinetypeTableRecord
  2
Projeção
 70
     0
  3

 72
    65
 73
     2
 40
396.875
 49
238.125
 74
     0
 49
-158.7499999999999
 74
     0
  0
ENDTAB
  0
TABLE
  2
LAYER
  5
2
102
{ACAD_XDICTIONARY
360
166
102
}
330
0
100
AcDbSymbolTable
 70
     7
  0
LAYER
  5
54
330
2
100
AcDbSymbolTableRecord
100
AcDbLayerTableRecord
  2
0
 70
     0
 62
   250
  6
Continuous
370
    25
390
F
347
21
348
0
  0
LAYER
  5
83
330
2
100
AcDbSymbolTableRecord
100
AcDbLayerTableRecord
  2
A-ESC-___-___-EXI
 70
     0
 62
   250
  6
Continuous
370
    25
390
F
347
21
348
0
  0
LAYER
  5
84
330
2
100
AcDbSymbolTableRecord
100
AcDbLayerTableRecord
  2
A-JAN-___-___-EXI
 70
     0
 62
   250
  6
Continuous
370
    25
390
F
347
21
348
0
  0
LAYER
  5
11A
330
2
100
AcDbSymbolTableRecord
100
AcDbLayerTableRecord
  2
A-CDA-___-___-EXI
 70
     0
 62
   250
  6
Continuous
370
    25
390
F
347
21
348
0
  0
LAYER
  5
132
330
2
100
AcDbSymbolTableRecord
100
AcDbLayerTableRecord
  2
A-COB-___-___-EXI
 70
     0
 62
   250
  6
Continuous
370
    25
390
F
347
21
348
0
  0
LAYER
  5
138
330
2
100
AcDbSymbolTableRecord
100
AcDbLayerTableRecord
  2
A-ALV-___-___-EXI
 70
     0
 62
   250
  6
Continuous
370
    35
390
F
347
21
348
0
  0
LAYER
  5
13A
330
2
100
AcDbSymbolTableRecord
100
AcDbLayerTableRecord
  2
A-POR-___-___-EXI
 70
     0
 62
   250
  6
Continuous
370
    25
390
F
347
21
348
0
  0
ENDTAB
  0
TABLE
  2
STYLE
  5
3
330
0
100
AcDbSymbolTable
 70
     2
  0
STYLE
  5
55
330
3
100
AcDbSymbolTableRecord
100
AcDbTextStyleTableRecord
  2
Standard
 70
     0
 40
0.0
 41
1.0
 50
0.0
 71
     0
 42
0.2
  3
txt
  4

  0
STYLE
  5
5A
330
3
100
AcDbSymbolTableRecord
100
AcDbTextStyleTableRecord
  2
Annotative
 70
     0
 40
0.0
 41
1.0
 50
0.0
 71
     0
 42
0.2
  3
txt
  4

1001
AcadAnnotative
1000
AnnotativeData
1002
{
1070
     1
1070
     1
1002
}
  0
ENDTAB
  0
TABLE
  2
VIEW
  5
6
330
0
100
AcDbSymbolTable
 70
     0
  0
ENDTAB
  0
TABLE
  2
UCS
  5
7
330
0
100
AcDbSymbolTable
 70
     0
  0
ENDTAB
  0
TABLE
  2
APPID
  5
9
330
0
100
AcDbSymbolTable
 70
     8
  0
APPID
  5
56
330
9
100
AcDbSymbolTableRecord
100
AcDbRegAppTableRecord
  2
ACAD
 70
     0
  0
APPID
  5
5E
330
9
100
AcDbSymbolTableRecord
100
AcDbRegAppTableRecord
  2
AcadAnnotative
 70
     0
  0
APPID
  5
78
330
9
100
AcDbSymbolTableRecord
100
AcDbRegAppTableRecord
  2
REVIT
 70
     0
  0
APPID
  5
159
330
9
100
AcDbSymbolTableRecord
100
AcDbRegAppTableRecord
  2
ACAD_PSEXT
 70
     0
  0
APPID
  5
185
330
9
100
AcDbSymbolTableRecord
100
AcDbRegAppTableRecord
  2
ACAD_NAV_VCDISPLAY
 70
     0
  0
APPID
  5
196
330
9
100
AcDbSymbolTableRecord
100
AcDbRegAppTableRecord
  2
AcAecLayerStandard
 70
     0
  0
APPID
  5
197
330
9
100
AcDbSymbolTableRecord
100
AcDbRegAppTableRecord
  2
AcCmTransparency
 70
     0
  0
APPID
  5
198
330
9
100
AcDbSymbolTableRecord
100
AcDbRegAppTableRecord
  2
ACAD_EXEMPT_FROM_CAD_STANDARDS
 70
     0
  0
ENDTAB
  0
TABLE
  2
DIMSTYLE
  5
A
330
0
100
AcDbSymbolTable
 70
     2
100
AcDbDimStyleTable
 71
     0
  0
DIMSTYLE
105
58
330
A
100
AcDbSymbolTableRecord
100
AcDbDimStyleTableRecord
  2
Standard
 70
     0
340
55
  0
DIMSTYLE
105
59
330
A
100
AcDbSymbolTableRecord
100
AcDbDimStyleTableRecord
  2
Annotative
 70
     0
340
55
1001
AcadAnnotative
1000
AnnotativeData
1002
{
1070
     1
1070
     1
1002
}
  0
ENDTAB
  0
TABLE
  2
BLOCK_RECORD
  5
1
330
0
100
AcDbSymbolTable
 70
     6
  0
BLOCK_RECORD
  5
70
102
{ACAD_XDICTIONARY
360
147
102
}
330
1
100
AcDbSymbolTableRecord
100
AcDbBlockTableRecord
  2
*Model_Space
340
73
 70
     0
280
     1
281
     0
  0
BLOCK_RECORD
  5
6C
330
1
100
AcDbSymbolTableRecord
100
AcDbBlockTableRecord
  2
*Paper_Space
340
6F
 70
     0
280
     1
281
     0
  0
BLOCK_RECORD
  5
D4
330
1
100
AcDbSymbolTableRecord
100
AcDbBlockTableRecord
  2
Tipo de corrimão superior - Corrimão superior_Interno_-22137037-Planta baixa - Sótão_
340
0
102
{BLKREFS
331
DA
102
}
 70
     0
280
     1
281
     0
  0
BLOCK_RECORD
  5
DB
330
1
100
AcDbSymbolTableRecord
100
AcDbBlockTableRecord
  2
Tipo de corrimão superior - Corrimão superior_Interno_-V1-Planta baixa - Sótão_
340
0
102
{BLKREFS
331
E1
102
}
 70
     0
280
     1
281
     0
  0
BLOCK_RECORD
  5
E2
330
1
100
AcDbSymbolTableRecord
100
AcDbBlockTableRecord
  2
Tipo de corrimão superior - Corrimão superior_Interno_-22137048-Planta baixa - Sótão_
340
0
102
{BLKREFS
331
E8
102
}
 70
     0
280
     1
281
     0
  0
BLOCK_RECORD
  5
E9
330
1
100
AcDbSymbolTableRecord
100
AcDbBlockTableRecord
  2
Tipo de corrimão superior - Corrimão superior_Interno_-V2-Planta baixa - Sótão_
340
0
102
{BLKREFS
331
EF
102
}
 70
     0
280
     1
281
     0
  0
BLOCK_RECORD
  5
F0
330
1
100
AcDbSymbolTableRecord
100
AcDbBlockTableRecord
  2
000_PORTA_DESLIZANTE_DUAS_FOLHAS_MODULOSREVIT - Com caixilho-22309391-Planta baixa - Sótão_
340
0
102
{BLKREFS
331
F3
102
}
 70
     0
280
     1
281
     0
  0
BLOCK_RECORD
  5
139
330
1
100
AcDbSymbolTableRecord
100
AcDbBlockTableRecord
  2
SVG - A4-22434141-Não nomeada
340
0
102
{BLKREFS
331
141
102
}
 70
     0
280
     1
281
     0
  0
ENDTAB
  0
ENDSEC
  0
SECTION
  2
BLOCKS
  0
BLOCK
  5
71
330
70
100
AcDbEntity
  8
0
100
AcDbBlockBegin
  2
*Model_Space
 70
     0
 10
0.0
 20
0.0
 30
0.0
  3
*Model_Space
  1

  0
ENDBLK
  5
72
330
70
100
AcDbEntity
  8
0
100
AcDbBlockEnd
  0
BLOCK
  5
6D
330
6C
100
AcDbEntity
 67
     1
  8
0
100
AcDbBlockBegin
  2
*Paper_Space
 70
     0
 10
0.0
 20
0.0
 30
0.0
  3
*Paper_Space
  1

  0
ENDBLK
  5
6E
330
6C
100
AcDbEntity
 67
     1
  8
0
100
AcDbBlockEnd
  0
BLOCK
  5
D8
330
D4
100
AcDbEntity
  8
0
100
AcDbBlockBegin
  2
Tipo de corrimão superior - Corrimão superior_Interno_-22137037-Planta baixa - Sótão_
 70
     0
 10
0.0
 20
0.0
 30
0.0
  3
Tipo de corrimão superior - Corrimão superior_Interno_-22137037-Planta baixa - Sótão_
  1

  0
LINE
  5
D5
330
D4
100
AcDbEntity
  8
A-ESC-___-___-EXI
100
AcDbLine
 10
2010.78119801837
 20
2947.686443297727
 30
0.0
 11
2010.781198018369
 21
2997.686443297729
 31
0.0
1001
REVIT
1002
{
1070
     1
1000
22137036
1002
}
1002
{
1070
     5
1000
141548
1002
}
  0
LINE
  5
D6
330
D4
100
AcDbEntity
  8
A-ESC-___-___-EXI
100
AcDbLine
 10
4209.489291582978
 20
2947.686443297721
 30
0.0
 11
2010.78119801837
 21
2947.686443297727
 31
0.0
1001
REVIT
1002
{
1070
     1
1000
22137036
1002
}
1002
{
1070
     5
1000
141548
1002
}
  0
LINE
  5
D7
330
D4
100
AcDbEntity
  8
A-ESC-___-___-EXI
100
AcDbLine
 10
2010.781198018369
 20
2997.686443297729
 30
0.0
 11
4208.304743716842
 21
2997.68644329772
 31
0.0
1001
REVIT
1002
{
1070
     1
1000
22137036
1002
}
1002
{
1070
     5
1000
141548
1002
}
  0
ENDBLK
  5
D9
330
D4
100
AcDbEntity
  8
0
100
AcDbBlockEnd
  0
BLOCK
  5
DF
330
DB
100
AcDbEntity
  8
0
100
AcDbBlockBegin
  2
Tipo de corrimão superior - Corrimão superior_Interno_-V1-Planta baixa - Sótão_
 70
     0
 10
0.0
 20
0.0
 30
0.0
  3
Tipo de corrimão superior - Corrimão superior_Interno_-V1-Planta baixa - Sótão_
  1

  0
LINE
  5
DC
330
DB
100
AcDbEntity
  8
A-ESC-___-___-EXI
100
AcDbLine
 10
2010.78119801837
 20
2947.686443297727
 30
0.0
 11
2010.781198018369
 21
2997.686443297729
 31
0.0
1001
REVIT
1002
{
1070
     1
1000
22137036
1002
}
1002
{
1070
     5
1000
141548
1002
}
  0
LINE
  5
DD
330
DB
100
AcDbEntity
  8
A-ESC-___-___-EXI
100
AcDbLine
 10
4208.304743716841
 20
2997.68644329772
 30
0.0
 11
2010.781198018369
 21
2997.686443297729
 31
0.0
1001
REVIT
1002
{
1070
     1
1000
22137036
1002
}
1002
{
1070
     5
1000
141548
1002
}
  0
LINE
  5
DE
330
DB
100
AcDbEntity
  8
A-ESC-___-___-EXI
100
AcDbLine
 10
4209.489291582978
 20
2947.686443297721
 30
0.0
 11
2010.78119801837
 21
2947.686443297727
 31
0.0
1001
REVIT
1002
{
1070
     1
1000
22137036
1002
}
1002
{
1070
     5
1000
141548
1002
}
  0
ENDBLK
  5
E0
330
DB
100
AcDbEntity
  8
0
100
AcDbBlockEnd
  0
BLOCK
  5
E6
330
E2
100
AcDbEntity
  8
0
100
AcDbBlockBegin
  2
Tipo de corrimão superior - Corrimão superior_Interno_-22137048-Planta baixa - Sótão_
 70
     0
 10
0.0
 20
0.0
 30
0.0
  3
Tipo de corrimão superior - Corrimão superior_Interno_-22137048-Planta baixa - Sótão_
  1

  0
LINE
  5
E3
330
E2
100
AcDbEntity
  8
A-ESC-___-___-EXI
100
AcDbLine
 10
2010.781198018368
 20
2298.486443297727
 30
0.0
 11
2010.781198018367
 21
2348.486443297728
 31
0.0
1001
REVIT
1002
{
1070
     1
1000
22137047
1002
}
1002
{
1070
     5
1000
141548
1002
}
  0
LINE
  5
E4
330
E2
100
AcDbEntity
  8
A-ESC-___-___-EXI
100
AcDbLine
 10
4224.869461076825
 20
2298.48644329772
 30
0.0
 11
2010.781198018368
 21
2298.486443297727
 31
0.0
1001
REVIT
1002
{
1070
     1
1000
22137047
1002
}
1002
{
1070
     5
1000
141548
1002
}
  0
LINE
  5
E5
330
E2
100
AcDbEntity
  8
A-ESC-___-___-EXI
100
AcDbLine
 10
2010.781198018367
 20
2348.486443297728
 30
0.0
 11
4223.684913210695
 21
2348.486443297719
 31
0.0
1001
REVIT
1002
{
1070
     1
1000
22137047
1002
}
1002
{
1070
     5
1000
141548
1002
}
  0
ENDBLK
  5
E7
330
E2
100
AcDbEntity
  8
0
100
AcDbBlockEnd
  0
BLOCK
  5
ED
330
E9
100
AcDbEntity
  8
0
100
AcDbBlockBegin
  2
Tipo de corrimão superior - Corrimão superior_Interno_-V2-Planta baixa - Sótão_
 70
     0
 10
0.0
 20
0.0
 30
0.0
  3
Tipo de corrimão superior - Corrimão superior_Interno_-V2-Planta baixa - Sótão_
  1

  0
LINE
  5
EA
330
E9
100
AcDbEntity
  8
A-ESC-___-___-EXI
100
AcDbLine
 10
2010.781198018368
 20
2298.486443297727
 30
0.0
 11
2010.781198018367
 21
2348.486443297728
 31
0.0
1001
REVIT
1002
{
1070
     1
1000
22137047
1002
}
1002
{
1070
     5
1000
141548
1002
}
  0
LINE
  5
EB
330
E9
100
AcDbEntity
  8
A-ESC-___-___-EXI
100
AcDbLine
 10
4223.684913210695
 20
2348.486443297719
 30
0.0
 11
2010.781198018367
 21
2348.486443297728
 31
0.0
1001
REVIT
1002
{
1070
     1
1000
22137047
1002
}
1002
{
1070
     5
1000
141548
1002
}
  0
LINE
  5
EC
330
E9
100
AcDbEntity
  8
A-ESC-___-___-EXI
100
AcDbLine
 10
4224.869461076825
 20
2298.48644329772
 30
0.0
 11
2010.781198018368
 21
2298.486443297727
 31
0.0
1001
REVIT
1002
{
1070
     1
1000
22137047
1002
}
1002
{
1070
     5
1000
141548
1002
}
  0
ENDBLK
  5
EE
330
E9
100
AcDbEntity
  8
0
100
AcDbBlockEnd
  0
BLOCK
  5
F1
330
F0
100
AcDbEntity
  8
0
100
AcDbBlockBegin
  2
000_PORTA_DESLIZANTE_DUAS_FOLHAS_MODULOSREVIT - Com caixilho-22309391-Planta baixa - Sótão_
 70
     0
 10
0.0
 20
0.0
 30
0.0
  3
000_PORTA_DESLIZANTE_DUAS_FOLHAS_MODULOSREVIT - Com caixilho-22309391-Planta baixa - Sótão_
  1

  0
ENDBLK
  5
F2
330
F0
100
AcDbEntity
  8
0
100
AcDbBlockEnd
  0
BLOCK
  5
13F
330
139
100
AcDbEntity
  8
0
100
AcDbBlockBegin
  2
SVG - A4-22434141-Não nomeada
 70
     0
 10
0.0
 20
0.0
 30
0.0
  3
SVG - A4-22434141-Não nomeada
  1

  0
LINE
  5
13B
330
139
100
AcDbEntity
  8
A-POR-___-___-EXI
100
AcDbLine
 10
64.29285070883699
 20
356.4999999999859
 30
0.0
 11
64.29285070883699
 21
59.49999999998593
 31
0.0
1001
REVIT
1002
{
1070
     1
1000
22434186
1002
}
1002
{
1070
     5
1000
22434141
1002
}
1002
{
1070
     3
1000
-2000281
1002
}
  0
LINE
  5
13C
330
139
100
AcDbEntity
  8
A-POR-___-___-EXI
100
AcDbLine
 10
64.29285070883699
 20
59.49999999998593
 30
0.0
 11
274.292850708837
 21
59.49999999998593
 31
0.0
1001
REVIT
1002
{
1070
     1
1000
22434186
1002
}
1002
{
1070
     5
1000
22434141
1002
}
1002
{
1070
     3
1000
-2000281
1002
}
  0
LINE
  5
13D
330
139
100
AcDbEntity
  8
A-POR-___-___-EXI
100
AcDbLine
 10
274.292850708837
 20
59.49999999998593
 30
0.0
 11
274.292850708837
 21
356.4999999999859
 31
0.0
1001
REVIT
1002
{
1070
     1
1000
22434186
1002
}
1002
{
1070
     5
1000
22434141
1002
}
1002
{
1070
     3
1000
-2000281
1002
}
  0
LINE
  5
13E
330
139
100
AcDbEntity
  8
A-POR-___-___-EXI
100
AcDbLine
 10
274.292850708837
 20
356.4999999999859
 30
0.0
 11
64.29285070883699
 21
356.4999999999859
 31
0.0
1001
REVIT
1002
{
1070
     1
1000
22434186
1002
}
1002
{
1070
     5
1000
22434141
1002
}
1002
{
1070
     3
1000
-2000281
1002
}
  0
ENDBLK
  5
140
330
139
100
AcDbEntity
  8
0
100
AcDbBlockEnd
  0
ENDSEC
  0
SECTION
  2
ENTITIES
  0
HATCH
  5
91
330
70
100
AcDbEntity
  8
A-ALV-___-___-EXI
 62
     9
100
AcDbHatch
 10
0.0
 20
0.0
 30
0.0
210
0.0
220
0.0
230
1.0
  2
SOLID
 70
     1
 71
     0
 91
        1
 92
        1
 93
        5
 72
     1
 10
-6678.985350248351
 20
-6406.253649960667
 11
-6658.984914032926
 21
-6406.253649960667
 72
     1
 10
-6658.984914032926
 20
-6406.253649960667
 11
-6684.105961771152
 21
-2602.740940559602
 72
     1
 10
-6684.105961771152
 20
-2602.740940559602
 11
-6704.103268976179
 21
-2603.21469591116
 72
     1
 10
-6704.103268976179
 20
-2603.21469591116
 11
-6695.457603958127
 21
-3912.232421606984
 72
     1
 10
-6695.457603958127
 20
-3912.232421606984
 11
-6678.985350248351
 21
-6406.253649960667
 97
        0
 75
     0
 76
     1
 98
        1
 10
0.0
 20
0.0
450
        0
451
        0
460
0.0
461
0.0
452
        0
462
0.0
453
        0
470

1001
REVIT
1002
{
1070
     1
1000
22371550
1002
}
1002
{
1070
     5
1000
3306710
1002
}
1002
{
1070
     2
1000
-2000011
1002
}
1002
{
1070
     3
1000
-2000588
1002
}
  0
HATCH
  5
96
330
70
100
AcDbEntity
  8
A-ALV-___-___-EXI
 62
     9
100
AcDbHatch
 10
0.0
 20
0.0
 30
0.0
210
0.0
220
0.0
230
1.0
  2
SOLID
 70
     1
 71
     0
 91
        1
 92
        1
 93
        4
 72
     1
 10
-7825.614671838211
 20
-6426.253649960671
 11
-3524.32876692749
 21
-6426.253649960658
 72
     1
 10
-3524.32876692749
 20
-6426.253649960658
 11
-3524.328766927489
 21
-6406.253649960658
 72
     1
 10
-3524.328766927489
 20
-6406.253649960658
 11
-7825.746765771677
 21
-6406.253649960675
 72
     1
 10
-7825.746765771679
 20
-6406.253649960675
 11
-7825.614671838211
 21
-6426.253649960671
 97
        0
 75
     0
 76
     1
 98
        1
 10
0.0
 20
0.0
450
        0
451
        0
460
0.0
461
0.0
452
        0
462
0.0
453
        0
470

1001
REVIT
1002
{
1070
     1
1000
22371674
1002
}
1002
{
1070
     5
1000
3306710
1002
}
1002
{
1070
     2
1000
-2000011
1002
}
1002
{
1070
     3
1000
-2000588
1002
}
  0
HATCH
  5
9C
330
70
100
AcDbEntity
  8
A-ALV-___-___-EXI
 62
    11
100
AcDbHatch
 10
0.0
 20
0.0
 30
0.0
210
0.0
220
0.0
230
1.0
  2
SOLID
 70
     1
 71
     0
 91
        1
 92
        1
 93
        5
 72
     1
 10
-8018.851330051498
 20
-10479.14835215719
 11
-7798.846531681832
 21
-10479.14835215719
 72
     1
 10
-7798.846531681832
 20
-10479.14835215719
 11
-7850.685276993059
 21
-2630.378321329996
 72
     1
 10
-7850.685276993059
 20
-2630.378321329996
 11
-8070.655656248389
 21
-2635.589630197176
 72
     1
 10
-8070.655656248389
 20
-2635.589630197176
 11
-8043.632300695948
 21
-6727.12583384141
 72
     1
 10
-8043.632300695948
 20
-6727.12583384141
 11
-8018.851330051498
 21
-10479.14835215719
 97
        0
 75
     0
 76
     1
 98
        1
 10
0.0
 20
0.0
450
        0
451
        0
460
0.0
461
0.0
452
        0
462
0.0
453
        0
470

1001
REVIT
1002
{
1070
     1
1000
22371715
1002
}
1002
{
1070
     5
1000
17583107
1002
}
1002
{
1070
     2
1000
-2000011
1002
}
1002
{
1070
     3
1000
-2000588
1002
}
  0
HATCH
  5
A1
330
70
100
AcDbEntity
  8
A-ALV-___-___-EXI
 62
    11
100
AcDbHatch
 10
0.0
 20
0.0
 30
0.0
210
0.0
220
0.0
230
1.0
  2
SOLID
 70
     1
 71
     0
 91
        1
 92
        1
 93
        4
 72
     1
 10
-7798.846531681832
 20
-10479.14835215719
 11
-3304.328766927466
 21
-10479.14835215717
 72
     1
 10
-3304.328766927466
 20
-10479.14835215717
 11
-3304.328766927468
 21
-10259.14835215717
 72
     1
 10
-3304.328766927468
 20
-10259.14835215717
 11
-7800.299564949931
 21
-10259.14835215718
 72
     1
 10
-7800.299564949931
 20
-10259.14835215718
 11
-7798.846531681832
 21
-10479.14835215719
 97
        0
 75
     0
 76
     1
 98
        1
 10
0.0
 20
0.0
450
        0
451
        0
460
0.0
461
0.0
452
        0
462
0.0
453
        0
470

1001
REVIT
1002
{
1070
     1
1000
22371716
1002
}
1002
{
1070
     5
1000
17583107
1002
}
1002
{
1070
     2
1000
-2000011
1002
}
1002
{
1070
     3
1000
-2000588
1002
}
  0
HATCH
  5
A6
330
70
100
AcDbEntity
  8
A-ALV-___-___-EXI
 62
    11
100
AcDbHatch
 10
0.0
 20
0.0
 30
0.0
210
0.0
220
0.0
230
1.0
  2
SOLID
 70
     1
 71
     0
 91
        1
 92
        1
 93
        4
 72
     1
 10
-3304.32876692747
 20
-10259.14835215717
 11
-3304.32876692751
 21
-2302.609053176537
 72
     1
 10
-3304.32876692751
 20
-2302.609053176537
 11
-3524.328766927508
 21
-2307.821063787517
 72
     1
 10
-3524.328766927508
 20
-2307.821063787517
 11
-3524.32876692747
 21
-10259.14835215717
 72
     1
 10
-3524.32876692747
 20
-10259.14835215717
 11
-3304.32876692747
 21
-10259.14835215717
 97
        0
 75
     0
 76
     1
 98
        1
 10
0.0
 20
0.0
450
        0
451
        0
460
0.0
461
0.0
452
        0
462
0.0
453
        0
470

1001
REVIT
1002
{
1070
     1
1000
22371717
1002
}
1002
{
1070
     5
1000
17583107
1002
}
1002
{
1070
     2
1000
-2000011
1002
}
1002
{
1070
     3
1000
-2000588
1002
}
  0
HATCH
  5
AB
330
70
100
AcDbEntity
  8
A-ALV-___-___-EXI
 62
    11
100
AcDbHatch
 10
0.0
 20
0.0
 30
0.0
210
0.0
220
0.0
230
1.0
  2
SOLID
 70
     1
 71
     0
 91
        1
 92
        1
 93
        4
 72
     1
 10
-8070.655656248389
 20
-2635.589630197176
 11
-3524.328766927509
 21
-2527.882793887525
 72
     1
 10
-3524.328766927509
 20
-2527.882793887525
 11
-3524.328766927508
 21
-2307.821063787517
 72
     1
 10
-3524.328766927508
 20
-2307.821063787517
 11
-8072.108869838439
 21
-2415.562328118307
 72
     1
 10
-8072.108869838441
 20
-2415.562328118307
 11
-8070.655656248389
 21
-2635.589630197176
 97
        0
 75
     0
 76
     1
 98
        1
 10
0.0
 20
0.0
450
        0
451
        0
460
0.0
461
0.0
452
        0
462
0.0
453
        0
470

1001
REVIT
1002
{
1070
     1
1000
22371718
1002
}
1002
{
1070
     5
1000
17583107
1002
}
1002
{
1070
     2
1000
-2000011
1002
}
1002
{
1070
     3
1000
-2000588
1002
}
  0
HATCH
  5
B0
330
70
100
AcDbEntity
  8
A-ALV-___-___-EXI
 62
     9
100
AcDbHatch
 10
0.0
 20
0.0
 30
0.0
210
0.0
220
0.0
230
1.0
  2
SOLID
 70
     1
 71
     0
 91
        1
 92
        1
 93
        4
 72
     1
 10
-7805.109552519515
 20
-9530.880604584606
 11
-3524.328766927474
 21
-9428.975868780803
 72
     1
 10
-3524.328766927474
 20
-9428.975868780803
 11
-3524.328766927476
 21
-9408.970202719837
 72
     1
 10
-3524.328766927476
 20
-9408.970202719837
 11
-7805.241663104379
 21
-9510.878083439235
 72
     1
 10
-7805.241663104379
 20
-9510.878083439235
 11
-7805.109552519515
 21
-9530.880604584606
 97
        0
 75
     0
 76
     1
 98
        1
 10
0.0
 20
0.0
450
        0
451
        0
460
0.0
461
0.0
452
        0
462
0.0
453
        0
470

1001
REVIT
1002
{
1070
     1
1000
22371878
1002
}
1002
{
1070
     5
1000
3306710
1002
}
1002
{
1070
     2
1000
-2000011
1002
}
1002
{
1070
     3
1000
-2000588
1002
}
  0
INSERT
  5
DA
330
70
100
AcDbEntity
  8
A-ESC-___-___-EXI
100
AcDbBlockReference
  2
Tipo de corrimão superior - Corrimão superior_Interno_-22137037-Planta baixa - Sótão_
 10
-4639.941911374243
 20
-6833.635542592816
 30
0.0
 50
90.0000000000003
1001
REVIT
1002
{
1070
     1
1000
22137036
1002
}
1002
{
1070
     5
1000
141548
1002
}
1002
{
1070
     2
1000
-2000126
1002
}
1002
{
1070
     3
1000
-2000946
1002
}
  0
INSERT
  5
E1
330
70
100
AcDbEntity
  8
A-ESC-___-___-EXI
100
AcDbBlockReference
  2
Tipo de corrimão superior - Corrimão superior_Interno_-V1-Planta baixa - Sótão_
 10
-4639.941911374243
 20
-6833.635542592816
 30
0.0
 50
90.0000000000003
1001
REVIT
1002
{
1070
     1
1000
22137036
1002
}
1002
{
1070
     5
1000
141548
1002
}
1002
{
1070
     2
1000
-2000126
1002
}
1002
{
1070
     3
1000
-2000946
1002
}
  0
INSERT
  5
E8
330
70
100
AcDbEntity
  8
A-ESC-___-___-EXI
100
AcDbBlockReference
  2
Tipo de corrimão superior - Corrimão superior_Interno_-22137048-Planta baixa - Sótão_
 10
-4639.941911374243
 20
-6833.635542592816
 30
0.0
 50
90.0000000000003
1001
REVIT
1002
{
1070
     1
1000
22137047
1002
}
1002
{
1070
     5
1000
141548
1002
}
1002
{
1070
     2
1000
-2000126
1002
}
1002
{
1070
     3
1000
-2000946
1002
}
  0
INSERT
  5
EF
330
70
100
AcDbEntity
  8
A-ESC-___-___-EXI
100
AcDbBlockReference
  2
Tipo de corrimão superior - Corrimão superior_Interno_-V2-Planta baixa - Sótão_
 10
-4639.941911374243
 20
-6833.635542592816
 30
0.0
 50
90.0000000000003
1001
REVIT
1002
{
1070
     1
1000
22137047
1002
}
1002
{
1070
     5
1000
141548
1002
}
1002
{
1070
     2
1000
-2000126
1002
}
1002
{
1070
     3
1000
-2000946
1002
}
  0
INSERT
  5
F3
330
70
100
AcDbEntity
  8
A-JAN-___-___-EXI
100
AcDbBlockReference
  2
000_PORTA_DESLIZANTE_DUAS_FOLHAS_MODULOSREVIT - Com caixilho-22309391-Planta baixa - Sótão_
 10
-6482.98112337116
 20
-6684.148352157169
 30
0.0
1001
REVIT
1002
{
1070
     1
1000
22263051
1002
}
1002
{
1070
     5
1000
22263023
1002
}
1002
{
1070
     2
1000
-2000023
1002
}
  0
LINE
  5
F4
330
70
100
AcDbEntity
  8
A-ESC-___-___-EXI
 62
   253
100
AcDbLine
 10
-6888.028354671991
 20
-2607.572057266941
 30
0.0
 11
-6888.02835467198
 21
-4726.60103060216
 31
0.0
1001
REVIT
1002
{
1070
     1
1000
22371329
1002
}
1002
{
1070
     5
1000
3311039
1002
}
1002
{
1070
     2
1000
-2000032
1002
}
  0
LINE
  5
F6
330
70
100
AcDbEntity
  8
A-ESC-___-___-EXI
 62
   253
100
AcDbLine
 10
-7688.028354671979
 20
-4726.601030602165
 30
0.0
 11
-7688.028354671991
 21
-2626.524823125046
 31
0.0
1001
REVIT
1002
{
1070
     1
1000
22371329
1002
}
1002
{
1070
     5
1000
3311039
1002
}
1002
{
1070
     2
1000
-2000032
1002
}
  0
ARC
  5
115
330
70
100
AcDbEntity
  8
A-POR-___-___-EXI
100
AcDbCircle
 10
-6669.45123842971
 20
-5526.239349602556
 30
0.0
 40
704.6647416434129
100
AcDbArc
 50
0.0000000000002226
 51
90.00000000000021
1001
REVIT
1002
{
1070
     1
1000
22372202
1002
}
1002
{
1070
     2
1000
-2000051
1002
}
1002
{
1070
     3
1000
-2000042
1002
}
  0
LINE
  5
117
330
70
100
AcDbEntity
  8
A-POR-___-___-EXI
100
AcDbLine
 10
-7609.809094127101
 20
-6433.831867197312
 30
0.0
 11
-7605.169524249124
 21
-7136.297113907004
 31
0.0
1001
REVIT
1002
{
1070
     1
1000
22372274
1002
}
1002
{
1070
     2
1000
-2000051
1002
}
1002
{
1070
     3
1000
-2000042
1002
}
  0
HATCH
  5
121
330
70
100
AcDbEntity
  8
A-COB-___-___-EXI
100
AcDbHatch
 10
0.0
 20
0.0
 30
0.0
210
0.0
220
0.0
230
1.0
  2
FP_1
 70
     0
 71
     0
 91
        1
 92
        1
 93
        6
 72
     1
 10
-8072.637162909439
 20
-2415.574843886906
 11
-7141.627645823986
 21
-2393.518337150668
 72
     1
 10
-7141.627645823986
 20
-2393.518337150668
 11
-3304.32876692751
 21
-2244.921341840302
 72
     1
 10
-3304.32876692751
 20
-2244.921341840302
 11
-3304.328766927533
 21
1850.807697587672
 72
     1
 10
-3304.328766927533
 20
1850.807697587672
 11
-8169.248687039567
 21
1662.41672118239
 72
     1
 10
-8169.248687039567
 20
1662.41672118239
 11
-8072.637459419977
 21
-2415.562328118307
 72
     1
 10
-8072.637459419977
 20
-2415.562328118307
 11
-8072.637162909439
 21
-2415.574843886906
 97
        0
 75
     0
 76
     2
 52
0.0
 41
1.0
 77
     0
 78
     1
 53
272.218
 43
-4675.983
 44
-5982.94
 45
299.775242163981
 46
11.61052046751401
 79
     0
 98
        1
 10
0.0
 20
0.0
1001
REVIT
1002
{
1070
     1
1000
22374984
1002
}
1002
{
1070
     5
1000
4951941
1002
}
1002
{
1070
     2
1000
-2000035
1002
}
1002
{
1070
     3
1000
-2000542
1002
}
  0
HATCH
  5
12E
330
70
100
AcDbEntity
  8
A-COB-___-___-EXI
100
AcDbHatch
 10
0.0
 20
0.0
 30
0.0
210
0.0
220
0.0
230
1.0
  2
FP_2
 70
     0
 71
     0
 91
        1
 92
        1
 93
        5
 72
     1
 10
-8099.060635987443
 20
1665.134709491926
 11
-5040.871766349365
 21
1783.561157746726
 72
     1
 10
-5040.871766349365
 20
1783.561157746726
 11
-5040.871766349377
 21
8285.454720938606
 72
     1
 10
-5040.871766349377
 20
8285.454720938606
 11
-8142.785841542531
 21
8285.454720938599
 72
     1
 10
-8142.785841542531
 20
8285.454720938599
 11
-8100.286949754218
 21
1850.807697587672
 72
     1
 10
-8100.286949754218
 20
1850.807697587672
 11
-8099.060635987443
 21
1665.134709491926
 97
        0
 75
     0
 76
     2
 52
0.0
 41
1.0
 77
     0
 78
     1
 53
180.0
 43
-4679.635
 44
-6833.636
 45
0.0000000000000367
 46
-300.0
 79
     0
 98
        1
 10
0.0
 20
0.0
1001
REVIT
1002
{
1070
     1
1000
22375109
1002
}
1002
{
1070
     5
1000
4951941
1002
}
1002
{
1070
     2
1000
-2000035
1002
}
1002
{
1070
     3
1000
-2000542
1002
}
  0
LWPOLYLINE
  5
16B
330
70
100
AcDbEntity
  8
A-COB-___-___-EXI
100
AcDbPolyline
 90
        4
 70
     0
 43
0.0
 10
-5040.871766349368
 20
1783.561157746726
 10
-5040.871766349379
 20
8285.454720938602
 10
-8142.785841542528
 20
8285.454720938593
 10
-8099.06063598744
 20
1665.134709491929
1001
REVIT
1002
{
1070
     1
1000
22375109
1002
}
1002
{
1070
     5
1000
4951941
1002
}
1002
{
1070
     2
1000
-2000035
1002
}
  0
LWPOLYLINE
  5
16D
330
70
100
AcDbEntity
  8
0
100
AcDbPolyline
 90
        8
 70
     0
 43
0.0
 10
-3304.328766927514
 20
-2302.60905317653
 10
-3304.328766927473
 20
-10479.14835215715
 10
-8018.851330051498
 20
-10479.14835215717
 10
-8072.108869838441
 20
-2415.5623281183
 10
-7141.627645823986
 20
-2393.518337150661
 10
-3304.328766927515
 20
-2302.609053176531
 10
-3304.328766927515
 20
-2244.921341840293
 10
-7141.627645823986
 20
-2393.518337150661
1001
REVIT
1002
{
1070
     1
1000
22374984
1002
}
1002
{
1070
     5
1000
4951941
1002
}
1002
{
1070
     2
1000
-2000035
1002
}
  0
LWPOLYLINE
  5
16E
330
70
100
AcDbEntity
  8
A-POR-___-___-EXI
100
AcDbPolyline
 90
        4
 70
     0
 43
0.0
 10
-7624.719913043107
 20
-6433.930348633403
 10
-7620.080343165129
 20
-7136.395595343093
 10
-7605.169524249132
 20
-7136.297113907004
 42
0.4088187494381542
 10
-6909.811673625783
 20
-6429.208596562929
1001
REVIT
1002
{
1070
     1
1000
22372380
1002
}
1002
{
1070
     2
1000
-2000051
1002
}
1002
{
1070
     3
1000
-2000042
1002
}
  0
LWPOLYLINE
  5
16F
330
70
100
AcDbEntity
  8
A-POR-___-___-EXI
100
AcDbPolyline
 90
        4
 70
     0
 43
0.0
 10
-6664.855438079074
 20
-5517.412824039498
 10
-5964.875327855388
 20
-5512.789667734202
 10
-5964.7768464193
 20
-5527.700486650211
 10
-6664.756956642988
 20
-5532.323642955504
1001
REVIT
1002
{
1070
     1
1000
22372098
1002
}
1002
{
1070
     2
1000
-2000051
1002
}
1002
{
1070
     3
1000
-2000042
1002
}
  0
LWPOLYLINE
  5
170
330
70
100
AcDbEntity
  8
A-ALV-___-___-EXI
 62
     8
370
    15
100
AcDbPolyline
 90
        4
 70
     1
 43
0.0
 10
-7805.109552519514
 20
-9530.880604584591
 10
-3524.328766927477
 20
-9428.975868780787
 10
-3524.328766927474
 20
-10259.14835215715
 10
-7800.299564949931
 20
-10259.14835215717
1001
REVIT
1002
{
1070
     1
1000
22371878
1002
}
1002
{
1070
     5
1000
3306710
1002
}
1002
{
1070
     2
1000
-2000011
1002
}
  0
LWPOLYLINE
  5
171
330
70
100
AcDbEntity
  8
A-ALV-___-___-EXI
 62
     8
370
    15
100
AcDbPolyline
 90
        4
 70
     1
 43
0.0
 10
-3524.328766927493
 20
-6426.253649960646
 10
-3524.328766927478
 20
-9408.970202719819
 10
-7805.241663104379
 20
-9510.878083439214
 10
-7825.614671838211
 20
-6426.253649960661
1001
REVIT
1002
{
1070
     1
1000
22371878
1002
}
1002
{
1070
     5
1000
3306710
1002
}
1002
{
1070
     2
1000
-2000011
1002
}
  0
LWPOLYLINE
  5
172
330
70
100
AcDbEntity
  8
A-ALV-___-___-EXI
 62
   250
370
    35
100
AcDbPolyline
 90
        4
 70
     1
 43
0.0
 10
-6684.105961771152
 20
-2602.740940559594
 10
-3524.328766927514
 20
-2527.882793887519
 10
-3524.328766927493
 20
-6406.253649960645
 10
-6658.984914032927
 20
-6406.253649960653
1001
REVIT
1002
{
1070
     1
1000
22371718
1002
}
1002
{
1070
     5
1000
17583107
1002
}
1002
{
1070
     2
1000
-2000011
1002
}
  0
LWPOLYLINE
  5
173
330
70
100
AcDbEntity
  8
A-ALV-___-___-EXI
 62
   250
370
    35
100
AcDbPolyline
 90
        4
 70
     1
 43
0.0
 10
-6678.985350248351
 20
-6406.253649960653
 10
-7825.746765771675
 20
-6406.25364996066
 10
-7850.685276993059
 20
-2630.378321329985
 10
-6704.103268976182
 20
-2603.214695911156
1001
REVIT
1002
{
1070
     1
1000
22371718
1002
}
1002
{
1070
     5
1000
17583107
1002
}
1002
{
1070
     2
1000
-2000011
1002
}
  0
LWPOLYLINE
  5
174
330
70
100
AcDbEntity
  8
A-ESC-___-___-EXI
 62
   253
100
AcDbPolyline
 90
        2
 70
     1
 43
0.0
 10
-6988.428354671981
 20
-4822.854344574462
 10
-7587.628354671981
 20
-4822.854344574462
1001
REVIT
1002
{
1070
     1
1000
22371329
1002
}
1002
{
1070
     5
1000
3311039
1002
}
1002
{
1070
     2
1000
-2000032
1002
}
  0
LWPOLYLINE
  5
175
330
70
100
AcDbEntity
  8
A-ESC-___-___-EXI
100
AcDbPolyline
 90
        2
 70
     1
 43
0.0
 10
-6988.428354671983
 20
-2792.854344574461
 10
-7587.628354671984
 20
-2792.854344574462
1001
REVIT
1002
{
1070
     1
1000
22136342
1002
}
1002
{
1070
     5
1000
141734
1002
}
1002
{
1070
     2
1000
-2000120
1002
}
1002
{
1070
     3
1000
-2000932
1002
}
  0
LWPOLYLINE
  5
176
330
70
100
AcDbEntity
  8
A-ESC-___-___-EXI
100
AcDbPolyline
 90
        2
 70
     1
 43
0.0
 10
-6988.428354671984
 20
-3082.854344574462
 10
-7587.628354671984
 20
-3082.854344574462
1001
REVIT
1002
{
1070
     1
1000
22136342
1002
}
1002
{
1070
     5
1000
141734
1002
}
1002
{
1070
     2
1000
-2000120
1002
}
1002
{
1070
     3
1000
-2000932
1002
}
  0
LWPOLYLINE
  5
177
330
70
100
AcDbEntity
  8
A-ESC-___-___-EXI
100
AcDbPolyline
 90
        2
 70
     1
 43
0.0
 10
-6988.428354671983
 20
-3372.854344574461
 10
-7587.628354671984
 20
-3372.854344574461
1001
REVIT
1002
{
1070
     1
1000
22136342
1002
}
1002
{
1070
     5
1000
141734
1002
}
1002
{
1070
     2
1000
-2000120
1002
}
1002
{
1070
     3
1000
-2000932
1002
}
  0
LWPOLYLINE
  5
178
330
70
100
AcDbEntity
  8
A-ESC-___-___-EXI
100
AcDbPolyline
 90
        2
 70
     1
 43
0.0
 10
-6988.428354671981
 20
-3662.854344574461
 10
-7587.628354671982
 20
-3662.854344574461
1001
REVIT
1002
{
1070
     1
1000
22136342
1002
}
1002
{
1070
     5
1000
141734
1002
}
1002
{
1070
     2
1000
-2000120
1002
}
1002
{
1070
     3
1000
-2000932
1002
}
  0
LWPOLYLINE
  5
179
330
70
100
AcDbEntity
  8
A-ESC-___-___-EXI
100
AcDbPolyline
 90
        2
 70
     1
 43
0.0
 10
-6988.428354671981
 20
-3952.85434457446
 10
-7587.628354671982
 20
-3952.854344574461
1001
REVIT
1002
{
1070
     1
1000
22136342
1002
}
1002
{
1070
     5
1000
141734
1002
}
1002
{
1070
     2
1000
-2000120
1002
}
1002
{
1070
     3
1000
-2000932
1002
}
  0
LWPOLYLINE
  5
17A
330
70
100
AcDbEntity
  8
A-ESC-___-___-EXI
100
AcDbPolyline
 90
        2
 70
     1
 43
0.0
 10
-6988.428354671981
 20
-4242.85434457446
 10
-7587.628354671982
 20
-4242.85434457446
1001
REVIT
1002
{
1070
     1
1000
22136342
1002
}
1002
{
1070
     5
1000
141734
1002
}
1002
{
1070
     2
1000
-2000120
1002
}
1002
{
1070
     3
1000
-2000932
1002
}
  0
LWPOLYLINE
  5
17B
330
70
100
AcDbEntity
  8
A-ESC-___-___-EXI
100
AcDbPolyline
 90
        2
 70
     1
 43
0.0
 10
-6988.42835467198
 20
-4532.85434457446
 10
-7587.628354671981
 20
-4532.85434457446
1001
REVIT
1002
{
1070
     1
1000
22136342
1002
}
1002
{
1070
     5
1000
141734
1002
}
1002
{
1070
     2
1000
-2000120
1002
}
1002
{
1070
     3
1000
-2000932
1002
}
  0
LWPOLYLINE
  5
17C
330
70
100
AcDbEntity
  8
A-ESC-___-___-EXI
100
AcDbPolyline
 90
       11
 70
     0
 43
0.0
 10
-6888.02835467198
 20
-4726.601029600391
 10
-6888.02835467198
 20
-4822.85434457446
 10
-6938.028354671981
 20
-4822.85434457446
 10
-6938.028354671981
 20
-4532.85434457446
 10
-6938.028354671981
 20
-4242.854344574459
 10
-6938.028354671982
 20
-3952.85434457446
 10
-6938.028354671982
 20
-3662.85434457446
 10
-6938.028354671982
 20
-3372.854344574459
 10
-6938.028354671984
 20
-3082.85434457446
 10
-6938.028354671984
 20
-2792.85434457446
 10
-6938.028354671985
 20
-2608.75660513307
1001
REVIT
1002
{
1070
     1
1000
22136342
1002
}
1002
{
1070
     5
1000
141734
1002
}
1002
{
1070
     2
1000
-2000120
1002
}
1002
{
1070
     3
1000
-2000952
1002
}
  0
LWPOLYLINE
  5
17D
330
70
100
AcDbEntity
  8
A-ESC-___-___-EXI
100
AcDbPolyline
 90
       11
 70
     0
 43
0.0
 10
-7638.028354671985
 20
-2625.340275258916
 10
-7638.028354671984
 20
-2792.854344574463
 10
-7638.028354671984
 20
-3082.854344574462
 10
-7638.028354671984
 20
-3372.854344574462
 10
-7638.028354671982
 20
-3662.854344574462
 10
-7638.028354671984
 20
-3952.854344574463
 10
-7638.02835467198
 20
-4242.854344574461
 10
-7638.02835467198
 20
-4532.854344574462
 10
-7638.02835467198
 20
-4822.854344574462
 10
-7688.028354671981
 20
-4822.85434457446
 10
-7688.028354671981
 20
-4726.601029600391
1001
REVIT
1002
{
1070
     1
1000
22136342
1002
}
1002
{
1070
     5
1000
141734
1002
}
1002
{
1070
     2
1000
-2000120
1002
}
1002
{
1070
     3
1000
-2000952
1002
}
  0
LWPOLYLINE
  5
19F
330
70
100
AcDbEntity
  8
A-COB-___-___-EXI
100
AcDbPolyline
 90
        4
 70
     0
 43
0.0
 10
-8072.637162909439
 20
-2415.574843886895
 10
-8169.248687039567
 20
1662.416721182394
 10
-3304.328766927536
 20
1850.807697587676
 10
-3304.328766927515
 20
-2244.921341840293
1001
REVIT
1002
{
1070
     1
1000
22374984
1002
}
1002
{
1070
     5
1000
4951941
1002
}
1002
{
1070
     2
1000
-2000035
1002
}
  0
VIEWPORT
  5
133
330
6C
100
AcDbEntity
 67
     1
  8
A-COB-___-___-EXI
100
AcDbViewport
 10
170.310248694645
 20
206.1076454510935
 30
0.0
 40
58.37903904134442
 41
225.1752368771492
 68
     2
 69
     2
 12
-5736.788726983537
 22
-1096.846815609281
 13
0.0
 23
0.0
 14
0.0
 24
0.0
 15
0.0
 25
0.0
 16
0.0
 26
0.0
 36
1.0
 17
0.0
 27
0.0
 37
0.0
 42
0.0
 43
0.0
 44
0.0
 45
22517.52368771492
 50
0.0
 51
0.0
 72
  1000
 90
    32768
  1

281
     0
 71
     1
 74
     1
110
0.0
120
0.0
130
0.0
111
1.0
121
0.0
131
0.0
112
0.0
122
1.0
132
0.0
 79
     0
146
0.0
170
     0
 61
     5
348
2F
292
     1
282
     1
141
0.0
142
0.0
 63
   250
421
  3355443
  0
VIEWPORT
  5
135
330
6C
100
AcDbEntity
 67
     1
  8
0
100
AcDbViewport
 10
171.8092434298731
 20
207.9999999999859
 30
0.0
 40
758.0776149713123
 41
299.4923631025175
 68
     1
 69
     1
 12
171.8092434298731
 22
207.9999999999859
 13
0.0
 23
0.0
 14
0.0
 24
0.0
 15
0.0
 25
0.0
 16
0.0
 26
0.0
 36
1.0
 17
0.0
 27
0.0
 37
0.0
 42
50.0
 43
0.0
 44
0.0
 45
299.4923631025175
 50
0.0
 51
0.0
 72
   100
 90
    32800
  1

281
     0
 71
     1
 74
     1
110
0.0
120
0.0
130
0.0
111
1.0
121
0.0
131
0.0
112
0.0
122
1.0
132
0.0
 79
     0
146
0.0
170
     0
 61
     5
348
2F
292
     1
282
     1
141
0.0
142
0.0
 63
   250
421
  3355443
  0
INSERT
  5
141
330
6C
100
AcDbEntity
 67
     1
  8
A-ALV-___-___-EXI
100
AcDbBlockReference
  2
SVG - A4-22434141-Não nomeada
 10
0.0
 20
0.0
 30
0.0
1001
REVIT
1002
{
1070
     1
1000
22434186
1002
}
1002
{
1070
     5
1000
22434141
1002
}
1002
{
1070
     2
1000
-2000280
1002
}
  0
ENDSEC
  0
SECTION
  2
OBJECTS
  0
DICTIONARY
  5
C
330
0
100
AcDbDictionary
281
     1
  3
ACAD_CIP_PREVIOUS_PRODUCT_INFO
350
79
  3
ACAD_COLOR
350
63
  3
ACAD_DETAILVIEWSTYLE
350
6A
  3
ACAD_GROUP
350
D
  3
ACAD_IMAGE_VARS
350
7A
  3
ACAD_LAYOUT
350
62
  3
ACAD_MATERIAL
350
10
  3
ACAD_MLEADERSTYLE
350
66
  3
ACAD_MLINESTYLE
350
5F
  3
ACAD_PLOTSETTINGS
350
61
  3
ACAD_PLOTSTYLENAME
350
E
  3
ACAD_RENDER_ACTIVE_RAPIDRT_SETTINGS
350
161
  3
ACAD_RENDER_RAPIDRT_SETTINGS
350
15A
  3
ACAD_SCALELIST
350
42
  3
ACAD_SECTIONVIEWSTYLE
350
68
  3
ACAD_TABLESTYLE
350
64
  3
ACAD_VISUALSTYLE
350
29
  3
ACDB_RECOMPOSE_DATA
350
1D3
  3
AcDbVariableDictionary
350
14A
  3
REVIT_DICTIONARY
350
142
  0
SUN
  5
149
330
57
100
AcDbSun
 90
        1
290
     1
 63
     7
421
 16777215
 40
0.3
291
     1
 91
  2460364
 92
 44143000
292
     0
 70
     1
 71
   128
280
     1
  0
DICTIONARY
  5
166
330
2
100
AcDbDictionary
280
     1
281
     1
  3
ACAD_LAYERSTATES
360
167
  0
DICTIONARY
  5
147
330
70
100
AcDbDictionary
280
     1
281
     1
  3
ACAD_SORTENTS
360
148
  0
XRECORD
  5
79
102
{ACAD_REACTORS
330
C
102
}
330
C
100
AcDbXrecord
280
     1
300
ACD
300
2022
300

  0
DICTIONARY
  5
63
102
{ACAD_REACTORS
330
C
102
}
330
C
100
AcDbDictionary
281
     1
  0
DICTIONARY
  5
6A
102
{ACAD_REACTORS
330
C
102
}
330
C
100
AcDbDictionary
281
     1
  3
Imperial24
350
6B
  3
Metric50
350
152
  0
DICTIONARY
  5
D
102
{ACAD_REACTORS
330
C
102
}
330
C
100
AcDbDictionary
281
     1
  0
RASTERVARIABLES
  5
7A
102
{ACAD_REACTORS
330
C
102
}
330
C
100
AcDbRasterVariables
 90
        0
 70
     0
 71
     1
 72
     1
  0
DICTIONARY
  5
62
102
{ACAD_REACTORS
330
C
102
}
330
C
100
AcDbDictionary
281
     1
  3
Layout1
350
6F
  3
Model
350
73
  0
DICTIONARY
  5
10
102
{ACAD_REACTORS
330
C
102
}
330
C
100
AcDbDictionary
281
     1
  3
ByBlock
350
19
  3
ByLayer
350
11
  3
Global
350
21
  0
DICTIONARY
  5
66
102
{ACAD_REACTORS
330
C
102
}
330
C
100
AcDbDictionary
281
     1
  3
Standard
350
67
  0
DICTIONARY
  5
5F
102
{ACAD_REACTORS
330
C
102
}
330
C
100
AcDbDictionary
281
     1
  3
Standard
350
60
  0
DICTIONARY
  5
61
102
{ACAD_REACTORS
330
C
102
}
330
C
100
AcDbDictionary
281
     1
  0
ACDBDICTIONARYWDFLT
  5
E
102
{ACAD_REACTORS
330
C
102
}
330
C
100
AcDbDictionary
281
     1
  3
Normal
350
F
100
AcDbDictionaryWithDefault
340
F
  0
RAPIDRTRENDERSETTINGS
  5
161
102
{ACAD_REACTORS
330
C
102
}
330
C
100
AcDbRenderSettings
 90
        2
  1
Médio
290
     1
290
     0
290
     1
290
     1
  1

  1
Aplica 5 níveis de renderização
 90
        0
100
AcDbRapidRTRenderSettings
 90
        3
 70
     0
 90
        5
 90
        1
 70
     1
 70
     2
 40
3.0
 40
3.0
290
     1
  0
DICTIONARY
  5
15A
102
{ACAD_REACTORS
330
C
102
}
330
C
100
AcDbDictionary
281
     1
  3
Alto
350
15D
  3
Baixo
350
15B
  3
Médio
350
15C
  3
Qualidade de curta duração
350
15E
  3
Qualidade de longa duração
350
160
  3
Qualidade de média duração
350
15F
  0
DICTIONARY
  5
42
102
{ACAD_REACTORS
330
C
102
}
330
C
100
AcDbDictionary
281
     1
  3
A0
350
43
  3
A1
350
44
  3
A2
350
45
  3
A3
350
46
  3
A4
350
47
  3
A5
350
48
  3
A6
350
49
  3
A7
350
4A
  3
A8
350
4B
  3
A9
350
4C
  3
B0
350
4D
  3
B1
350
4E
  3
B2
350
4F
  3
B3
350
50
  3
B4
350
51
  3
B5
350
52
  3
B6
350
53
  0
DICTIONARY
  5
68
102
{ACAD_REACTORS
330
C
102
}
330
C
100
AcDbDictionary
281
     1
  3
Imperial24
350
69
  3
Metric50
350
151
  0
DICTIONARY
  5
64
102
{ACAD_REACTORS
330
C
102
}
330
C
100
AcDbDictionary
281
     1
  3
Standard
350
65
  0
DICTIONARY
  5
29
102
{ACAD_REACTORS
330
C
102
}
330
C
100
AcDbDictionary
281
     1
  3
2dWireframe
350
2F
  3
Basic
350
2E
  3
Brighten
350
35
  3
ColorChange
350
39
  3
Conceptual
350
32
  3
Dim
350
34
  3
EdgeColorOff
350
41
  3
Facepattern
350
38
  3
Flat
350
2A
  3
FlatWithEdges
350
2B
  3
Gouraud
350
2C
  3
GouraudWithEdges
350
2D
  3
Hidden
350
31
  3
JitterOff
350
3F
  3
Linepattern
350
37
  3
OverhangOff
350
40
  3
Realistic
350
33
  3
Shaded
350
3E
  3
Shaded with edges
350
3D
  3
Shades of Gray
350
3A
  3
Sketchy
350
3B
  3
Thicken
350
36
  3
Wireframe
350
30
  3
X-Ray
350
3C
  0
XRECORD
  5
1D3
102
{ACAD_REACTORS
330
C
102
}
330
C
100
AcDbXrecord
280
     1
 90
        1
330
65
  0
DICTIONARY
  5
14A
102
{ACAD_REACTORS
330
C
102
}
330
C
100
AcDbDictionary
281
     1
  3
CANNOSCALE
350
14F
  3
CMLEADERSTYLE
350
14C
  3
CTABLESTYLE
350
14B
  3
CVIEWDETAILSTYLE
350
14D
  3
CVIEWSECTIONSTYLE
350
14E
  0
DICTIONARY
  5
142
102
{ACAD_REACTORS
330
C
102
}
330
C
100
AcDbDictionary
281
     1
  3
DRAWING_TOOL
350
146
  3
REVIT_CATEGORY_MAPPING
350
144
  3
REVIT_SUB_CATEGORY_MAPPING
350
145
  3
REVIT_TYPE_MAPPING
350
143
  0
DICTIONARY
  5
167
102
{ACAD_REACTORS
330
166
102
}
330
166
100
AcDbDictionary
281
     1
  0
SORTENTSTABLE
  5
148
102
{ACAD_REACTORS
330
147
102
}
330
147
100
AcDbSortentsTable
330
70
331
16D
  5
175
331
16E
  5
176
331
16F
  5
177
331
170
  5
178
331
171
  5
179
331
172
  5
17A
331
173
  5
17B
331
174
  5
17C
331
175
  5
17D
331
176
  5
18D
331
177
  5
18E
331
178
  5
18F
331
179
  5
190
331
17A
  5
191
331
17B
  5
192
331
17C
  5
193
331
17D
  5
194
  0
ACDBDETAILVIEWSTYLE
  5
6B
102
{ACAD_REACTORS
330
6A
102
}
330
6A
100
AcDbModelDocViewStyle
 70
     0
  3
Imperial24
290
     1
300
Imperial24
 90
        0
100
AcDbDetailViewStyle
 70
     0
 71
     0
 90
        3
 71
     1
340
55
 62
   256
 40
0.24
340
0
 62
   256
 40
0.24
300

 40
0.36
280
     3
 71
     2
340
5D
 90
       25
 62
   256
 71
     3
340
55
 62
   256
 40
0.24
 90
        1
 40
0.75
 90
        1
300
%<\AcVar ViewType \f "%tc1">% %<\AcVar ViewDetailId>%\PSCALE %<\AcVar ViewScale \f "%sn">%
 71
     4
340
5D
 90
       25
 62
   256
340
5D
 90
       25
 62
   256
280
     0
  0
ACDBDETAILVIEWSTYLE
  5
152
102
{ACAD_REACTORS
330
6A
102
}
330
6A
100
AcDbModelDocViewStyle
 70
     0
  3
Metric50
290
     1
300
Metric50
 90
        0
100
AcDbDetailViewStyle
 70
     0
 71
     0
 90
        3
 71
     1
340
55
 62
   256
 40
5.0
340
0
 62
   256
 40
5.0
300

 40
0.0
280
     1
 71
     2
340
5D
 90
       25
 62
   256
 71
     3
340
55
 62
   256
 40
5.0
 90
        0
 40
15.0
 90
        1
300
%<\AcVar ViewDetailId>% (%<\AcVar ViewScale \f "%sn">%)
 71
     4
340
5D
 90
       25
 62
   256
340
5D
 90
       25
 62
   256
280
     0
  0
LAYOUT
  5
6F
102
{ACAD_REACTORS
330
62
102
}
330
62
100
AcDbPlotSettings
  1

  2
PDF24
  4
A4
  6

 40
0.0
 41
0.0
 42
0.1113433837890625
 43
0.0
 44
210.0
 45
297.0
 46
0.0
 47
0.0
 48
0.0
 49
0.0
140
0.0
141
0.0
142
1.0
143
1.415217033324818
 70
   688
 72
     1
 73
     1
 74
     1
  7

 75
     0
147
0.7066054014702363
 76
     0
 77
     2
 78
   300
148
-64.27901684485153
149
-59.47287840171589
100
AcDbLayout
  1
Layout1
 70
     0
 71
     1
 10
64.27901684485153
 20
59.47287840171589
 11
484.5984757423225
 21
356.6684553999278
 12
0.0
 22
0.0
 32
0.0
 14
64.29285070883699
 24
59.49999999998593
 34
0.0
 15
274.292850708837
 25
356.4999999999859
 35
0.0
146
0.0
 13
0.0
 23
0.0
 33
0.0
 16
1.0
 26
0.0
 36
0.0
 17
0.0
 27
1.0
 37
0.0
 76
     0
330
6C
331
135
1001
ACAD_PSEXT
1000
PDF24
1000
PDF24
1000
\\.\pipe\PDFPrint
1000
PDF24 Printer
1070
     0
  0
LAYOUT
  5
73
102
{ACAD_REACTORS
330
62
102
}
330
62
100
AcDbPlotSettings
  1

  2

  4

  6

 40
0.0
 41
0.0
 42
0.0
 43
0.0
 44
0.0
 45
0.0
 46
0.0
 47
0.0
 48
0.0
 49
0.0
140
0.0
141
0.0
142
1.0
143
1.0
 70
  1712
 72
     0
 73
     0
 74
     0
  7

 75
     0
147
1.0
 76
     0
 77
     2
 78
   300
148
0.0
149
0.0
100
AcDbLayout
  1
Model
 70
     1
 71
     0
 10
0.0
 20
0.0
 11
12.0
 21
9.0
 12
0.0
 22
0.0
 32
0.0
 14
0.0
 24
0.0
 34
0.0
 15
0.0
 25
0.0
 35
0.0
146
0.0
 13
0.0
 23
0.0
 33
0.0
 16
1.0
 26
0.0
 36
0.0
 17
0.0
 27
1.0
 37
0.0
 76
     0
330
70
331
57
  0
MATERIAL
  5
19
102
{ACAD_XDICTIONARY
360
1A
102
}
102
{ACAD_REACTORS
330
10
102
}
330
10
100
AcDbMaterial
  1
ByBlock
 72
     0
 43
0.0208333333333333
 43
0.0
 43
0.0
 43
0.0
 43
0.0
 43
0.0208333333333333
 43
0.0
 43
0.0
 43
0.0
 43
0.0
 43
1.0
 43
0.0
 43
0.0
 43
0.0
 43
0.0
 43
1.0
 77
     0
 47
0.0208333333333333
 47
0.0
 47
0.0
 47
0.0
 47
0.0
 47
0.0208333333333333
 47
0.0
 47
0.0
 47
0.0
 47
0.0
 47
1.0
 47
0.0
 47
0.0
 47
0.0
 47
0.0
 47
1.0
171
     0
 49
0.0208333333333333
 49
0.0
 49
0.0
 49
0.0
 49
0.0
 49
0.0208333333333333
 49
0.0
 49
0.0
 49
0.0
 49
0.0
 49
1.0
 49
0.0
 49
0.0
 49
0.0
 49
0.0
 49
1.0
175
     0
142
0.0208333333333333
142
0.0
142
0.0
142
0.0
142
0.0
142
0.0208333333333333
142
0.0
142
0.0
142
0.0
142
0.0
142
1.0
142
0.0
142
0.0
142
0.0
142
0.0
142
1.0
179
     0
144
0.0208333333333333
144
0.0
144
0.0
144
0.0
144
0.0
144
0.0208333333333333
144
0.0
144
0.0
144
0.0
144
0.0
144
1.0
144
0.0
144
0.0
144
0.0
144
0.0
144
1.0
147
0.0208333333333333
147
0.0
147
0.0
147
0.0
147
0.0
147
0.0208333333333333
147
0.0
147
0.0
147
0.0
147
0.0
147
1.0
147
0.0
147
0.0
147
0.0
147
0.0
147
1.0
  0
MATERIAL
  5
11
102
{ACAD_XDICTIONARY
360
12
102
}
102
{ACAD_REACTORS
330
10
102
}
330
10
100
AcDbMaterial
  1
ByLayer
 72
     0
 43
0.0208333333333333
 43
0.0
 43
0.0
 43
0.0
 43
0.0
 43
0.0208333333333333
 43
0.0
 43
0.0
 43
0.0
 43
0.0
 43
1.0
 43
0.0
 43
0.0
 43
0.0
 43
0.0
 43
1.0
 77
     0
 47
0.0208333333333333
 47
0.0
 47
0.0
 47
0.0
 47
0.0
 47
0.0208333333333333
 47
0.0
 47
0.0
 47
0.0
 47
0.0
 47
1.0
 47
0.0
 47
0.0
 47
0.0
 47
0.0
 47
1.0
171
     0
 49
0.0208333333333333
 49
0.0
 49
0.0
 49
0.0
 49
0.0
 49
0.0208333333333333
 49
0.0
 49
0.0
 49
0.0
 49
0.0
 49
1.0
 49
0.0
 49
0.0
 49
0.0
 49
0.0
 49
1.0
175
     0
142
0.0208333333333333
142
0.0
142
0.0
142
0.0
142
0.0
142
0.0208333333333333
142
0.0
142
0.0
142
0.0
142
0.0
142
1.0
142
0.0
142
0.0
142
0.0
142
0.0
142
1.0
179
     0
144
0.0208333333333333
144
0.0
144
0.0
144
0.0
144
0.0
144
0.0208333333333333
144
0.0
144
0.0
144
0.0
144
0.0
144
1.0
144
0.0
144
0.0
144
0.0
144
0.0
144
1.0
147
0.0208333333333333
147
0.0
147
0.0
147
0.0
147
0.0
147
0.0208333333333333
147
0.0
147
0.0
147
0.0
147
0.0
147
1.0
147
0.0
147
0.0
147
0.0
147
0.0
147
1.0
  0
MATERIAL
  5
21
102
{ACAD_XDICTIONARY
360
22
102
}
102
{ACAD_REACTORS
330
10
102
}
330
10
100
AcDbMaterial
  1
Global
 72
     0
 43
0.0208333333333333
 43
0.0
 43
0.0
 43
0.0
 43
0.0
 43
0.0208333333333333
 43
0.0
 43
0.0
 43
0.0
 43
0.0
 43
1.0
 43
0.0
 43
0.0
 43
0.0
 43
0.0
 43
1.0
 77
     0
 47
0.0208333333333333
 47
0.0
 47
0.0
 47
0.0
 47
0.0
 47
0.0208333333333333
 47
0.0
 47
0.0
 47
0.0
 47
0.0
 47
1.0
 47
0.0
 47
0.0
 47
0.0
 47
0.0
 47
1.0
171
     0
 49
0.0208333333333333
 49
0.0
 49
0.0
 49
0.0
 49
0.0
 49
0.0208333333333333
 49
0.0
 49
0.0
 49
0.0
 49
0.0
 49
1.0
 49
0.0
 49
0.0
 49
0.0
 49
0.0
 49
1.0
175
     0
142
0.0208333333333333
142
0.0
142
0.0
142
0.0
142
0.0
142
0.0208333333333333
142
0.0
142
0.0
142
0.0
142
0.0
142
1.0
142
0.0
142
0.0
142
0.0
142
0.0
142
1.0
179
     0
144
0.0208333333333333
144
0.0
144
0.0
144
0.0
144
0.0
144
0.0208333333333333
144
0.0
144
0.0
144
0.0
144
0.0
144
1.0
144
0.0
144
0.0
144
0.0
144
0.0
144
1.0
147
0.0208333333333333
147
0.0
147
0.0
147
0.0
147
0.0
147
0.0208333333333333
147
0.0
147
0.0
147
0.0
147
0.0
147
1.0
147
0.0
147
0.0
147
0.0
147
0.0
147
1.0
  0
MLEADERSTYLE
  5
67
102
{ACAD_REACTORS
330
66
102
}
330
66
100
AcDbMLeaderStyle
179
     2
170
     2
171
     1
172
     0
 90
        2
 40
0.0
 41
0.0
173
     1
 91
-1056964608
340
5B
 92
       -2
290
     1
 42
0.09
291
     1
 43
0.36
  3
Standard
 44
0.18
300

342
55
174
     1
178
     6
175
     1
176
     0
 93
-1056964608
 45
0.18
292
     0
297
     0
 46
0.18
 94
-1056964608
 47
1.0
 49
1.0
140
1.0
293
     1
141
0.0
294
     1
177
     0
142
1.0
295
     1
296
     0
143
0.125
271
     0
272
     9
273
     9
298
     1
  0
MLINESTYLE
  5
60
102
{ACAD_REACTORS
330
5F
102
}
330
5F
100
AcDbMlineStyle
  2
STANDARD
 70
     0
  3

 62
   256
 51
90.0
 52
90.0
 71
     2
 49
0.5
 62
   256
  6
BYLAYER
 49
-0.5
 62
   256
  6
BYLAYER
  0
ACDBPLACEHOLDER
  5
F
102
{ACAD_REACTORS
330
E
102
}
330
E
  0
RAPIDRTRENDERSETTINGS
  5
15D
102
{ACAD_REACTORS
330
15A
102
}
330
15A
100
AcDbRenderSettings
 90
        2
  1
Alto
290
     1
290
     0
290
     1
290
     1
  1

  1
Aplica 10 níveis de renderização
 90
        2
100
AcDbRapidRTRenderSettings
 90
        3
 70
     0
 90
       10
 90
        1
 70
     2
 70
     2
 40
3.0
 40
3.0
290
     1
  0
RAPIDRTRENDERSETTINGS
  5
15B
102
{ACAD_REACTORS
330
15A
102
}
330
15A
100
AcDbRenderSettings
 90
        2
  1
Baixo
290
     1
290
     0
290
     1
290
     1
  1

  1
Aplica 1 nível de renderização
 90
        0
100
AcDbRapidRTRenderSettings
 90
        3
 70
     0
 90
        1
 90
        1
 70
     0
 70
     2
 40
3.0
 40
3.0
290
     1
  0
RAPIDRTRENDERSETTINGS
  5
15C
102
{ACAD_REACTORS
330
15A
102
}
330
15A
100
AcDbRenderSettings
 90
        2
  1
Médio
290
     1
290
     0
290
     1
290
     1
  1

  1
Aplica 5 níveis de renderização
 90
        1
100
AcDbRapidRTRenderSettings
 90
        3
 70
     0
 90
        5
 90
        1
 70
     1
 70
     2
 40
3.0
 40
3.0
290
     1
  0
RAPIDRTRENDERSETTINGS
  5
15E
102
{ACAD_REACTORS
330
15A
102
}
330
15A
100
AcDbRenderSettings
 90
        2
  1
Qualidade de curta duração
290
     1
290
     0
290
     1
290
     1
  1

  1
Renderiza por 10 minutos
 90
        3
100
AcDbRapidRTRenderSettings
 90
        3
 70
     1
 90
        1
 90
       10
 70
     1
 70
     2
 40
3.0
 40
3.0
290
     1
  0
RAPIDRTRENDERSETTINGS
  5
160
102
{ACAD_REACTORS
330
15A
102
}
330
15A
100
AcDbRenderSettings
 90
        2
  1
Qualidade de longa duração
290
     1
290
     0
290
     1
290
     1
  1

  1
Renderiza por 12 horas
 90
        5
100
AcDbRapidRTRenderSettings
 90
        3
 70
     1
 90
        1
 90
      720
 70
     2
 70
     2
 40
3.0
 40
3.0
290
     1
  0
RAPIDRTRENDERSETTINGS
  5
15F
102
{ACAD_REACTORS
330
15A
102
}
330
15A
100
AcDbRenderSettings
 90
        2
  1
Qualidade de média duração
290
     1
290
     0
290
     1
290
     1
  1

  1
Renderiza por 60 minutos
 90
        4
100
AcDbRapidRTRenderSettings
 90
        3
 70
     1
 90
        1
 90
       60
 70
     2
 70
     2
 40
3.0
 40
3.0
290
     1
  0
SCALE
  5
43
102
{ACAD_REACTORS
330
42
102
}
330
42
100
AcDbScale
 70
     0
300
1:1
140
1.0
141
1.0
290
     1
  0
SCALE
  5
44
102
{ACAD_REACTORS
330
42
102
}
330
42
100
AcDbScale
 70
     0
300
1/128" = 1'-0"
140
0.0078125
141
12.0
290
     0
  0
SCALE
  5
45
102
{ACAD_REACTORS
330
42
102
}
330
42
100
AcDbScale
 70
     0
300
1/64" = 1'-0"
140
0.015625
141
12.0
290
     0
  0
SCALE
  5
46
102
{ACAD_REACTORS
330
42
102
}
330
42
100
AcDbScale
 70
     0
300
1/32" = 1'-0"
140
0.03125
141
12.0
290
     0
  0
SCALE
  5
47
102
{ACAD_REACTORS
330
42
102
}
330
42
100
AcDbScale
 70
     0
300
1/16" = 1'-0"
140
0.0625
141
12.0
290
     0
  0
SCALE
  5
48
102
{ACAD_REACTORS
330
42
102
}
330
42
100
AcDbScale
 70
     0
300
3/32" = 1'-0"
140
0.09375
141
12.0
290
     0
  0
SCALE
  5
49
102
{ACAD_REACTORS
330
42
102
}
330
42
100
AcDbScale
 70
     0
300
1/8" = 1'-0"
140
0.125
141
12.0
290
     0
  0
SCALE
  5
4A
102
{ACAD_REACTORS
330
42
102
}
330
42
100
AcDbScale
 70
     0
300
3/16" = 1'-0"
140
0.1875
141
12.0
290
     0
  0
SCALE
  5
4B
102
{ACAD_REACTORS
330
42
102
}
330
42
100
AcDbScale
 70
     0
300
1/4" = 1'-0"
140
0.25
141
12.0
290
     0
  0
SCALE
  5
4C
102
{ACAD_REACTORS
330
42
102
}
330
42
100
AcDbScale
 70
     0
300
3/8" = 1'-0"
140
0.375
141
12.0
290
     0
  0
SCALE
  5
4D
102
{ACAD_REACTORS
330
42
102
}
330
42
100
AcDbScale
 70
     0
300
1/2" = 1'-0"
140
0.5
141
12.0
290
     0
  0
SCALE
  5
4E
102
{ACAD_REACTORS
330
42
102
}
330
42
100
AcDbScale
 70
     0
300
3/4" = 1'-0"
140
0.75
141
12.0
290
     0
  0
SCALE
  5
4F
102
{ACAD_REACTORS
330
42
102
}
330
42
100
AcDbScale
 70
     0
300
1" = 1'-0"
140
1.0
141
12.0
290
     0
  0
SCALE
  5
50
102
{ACAD_REACTORS
330
42
102
}
330
42
100
AcDbScale
 70
     0
300
1-1/2" = 1'-0"
140
1.5
141
12.0
290
     0
  0
SCALE
  5
51
102
{ACAD_REACTORS
330
42
102
}
330
42
100
AcDbScale
 70
     0
300
3" = 1'-0"
140
3.0
141
12.0
290
     0
  0
SCALE
  5
52
102
{ACAD_REACTORS
330
42
102
}
330
42
100
AcDbScale
 70
     0
300
6" = 1'-0"
140
6.0
141
12.0
290
     0
  0
SCALE
  5
53
102
{ACAD_REACTORS
330
42
102
}
330
42
100
AcDbScale
 70
     0
300
1'-0" = 1'-0"
140
12.0
141
12.0
290
     0
  0
ACDBSECTIONVIEWSTYLE
  5
69
102
{ACAD_REACTORS
330
68
102
}
330
68
100
AcDbModelDocViewStyle
 70
     0
  3
Imperial24
290
     1
300
Imperial24
 90
        0
100
AcDbSectionViewStyle
 70
     0
 71
     0
 90
       78
 71
     1
340
55
 62
   256
 40
0.24
340
0
340
0
 62
   256
 40
0.24
300
I, O, Q, S, X, Z
 40
0.48
 90
        3
 40
0.18
 90
        1
 71
     2
340
5D
 90
       25
 62
   256
340
5D
 90
       50
 62
   256
 40
0.24
 40
0.0
 40
0.24
 71
     3
340
55
 62
   256
 40
0.24
 90
        1
 40
0.75
 90
        1
300
%<\AcVar ViewType \f "%tc1">% %<\AcVar ViewSectionStartId>%-%<\AcVar ViewSectionEndId>%\PSCALE %<\AcVar ViewScale \f "%sn">%
 71
     4
 62
   256
 62
   257
300
ANSI31
 40
1.0
 90
        0
290
     0
290
     0
 90
        6
 40
0.0
 40
1.570796326794896
 40
0.2617993877991494
 40
1.308996938995747
 40
-0.2617993877991494
 40
1.832595714594046
  0
ACDBSECTIONVIEWSTYLE
  5
151
102
{ACAD_REACTORS
330
68
102
}
330
68
100
AcDbModelDocViewStyle
 70
     0
  3
Metric50
290
     1
300
Metric50
 90
        0
100
AcDbSectionViewStyle
 70
     0
 71
     0
 90
      102
 71
     1
340
55
 62
   256
 40
5.0
340
0
340
0
 62
   256
 40
5.0
300
I, O, Q, S, X, Z
 40
10.0
 90
        0
 40
2.5
 90
        0
 71
     2
340
5D
 90
       25
 62
   256
340
5D
 90
       50
 62
   256
 40
5.0
 40
2.5
 40
5.0
 71
     3
340
55
 62
   256
 40
5.0
 90
        0
 40
15.0
 90
        1
300
%<\AcVar ViewSectionStartId>%-%<\AcVar ViewSectionEndId>% (%<\AcVar ViewScale \f "%sn">%)
 71
     4
 62
   256
 62
   257
300
ANSI31
 40
1.0
 90
        0
290
     0
290
     0
 90
        6
 40
0.0
 40
1.570796326794896
 40
0.2617993877991494
 40
1.308996938995747
 40
-0.2617993877991494
 40
1.832595714594046
  0
TABLESTYLE
  5
65
102
{ACAD_XDICTIONARY
360
1D1
102
}
102
{ACAD_REACTORS
330
64
102
}
330
64
100
AcDbTableStyle
280
     0
  3
Standard
 70
     0
 71
     0
 40
0.06
 41
0.06
280
     0
281
     0
  7
Standard
140
0.18
170
     2
 62
     0
 63
     7
283
     0
 90
      512
 91
        0
  1

274
    -2
284
     1
 64
     0
275
    -2
285
     1
 65
     0
276
    -2
286
     1
 66
     0
277
    -2
287
     1
 67
     0
278
    -2
288
     1
 68
     0
279
    -2
289
     1
 69
     0
  7
Standard
140
0.25
170
     5
 62
     0
 63
     7
283
     0
 90
      512
 91
        0
  1

274
    -2
284
     1
 64
     0
275
    -2
285
     1
 65
     0
276
    -2
286
     1
 66
     0
277
    -2
287
     1
 67
     0
278
    -2
288
     1
 68
     0
279
    -2
289
     1
 69
     0
  7
Standard
140
0.18
170
     5
 62
     0
 63
     7
283
     0
 90
      512
 91
        0
  1

274
    -2
284
     1
 64
     0
275
    -2
285
     1
 65
     0
276
    -2
286
     1
 66
     0
277
    -2
287
     1
 67
     0
278
    -2
288
     1
 68
     0
279
    -2
289
     1
 69
     0
  0
VISUALSTYLE
  5
2F
102
{ACAD_REACTORS
330
29
102
}
330
29
100
AcDbVisualStyle
  2
2dWireframe
 70
     4
177
     3
291
     0
 70
    58
 90
        0
176
     1
 90
        2
176
     1
 90
        0
176
     1
 90
        0
176
     1
 40
0.6
176
     1
 40
30.0
176
     1
 62
     7
420
 16777215
176
     1
 90
        1
176
     1
 90
        4
176
     1
 62
     7
176
     1
 62
   257
176
     1
 90
        1
176
     1
 90
        1
176
     1
 40
1.0
176
     1
 90
        0
176
     1
 62
   257
176
     1
 40
1.0
176
     1
 90
        1
176
     1
 90
        6
176
     1
 90
        2
176
     1
 62
     7
176
     1
 90
        5
176
     1
 90
        0
176
     1
 90
        0
176
     1
290
     0
176
     1
 90
        1
176
     1
 40
0.0
176
     1
 90
        0
176
     1
290
     1
176
     1
290
     1
176
     1
290
     0
176
     1
290
     0
176
     1
290
     0
176
     1
290
     0
176
     1
290
     0
176
     1
290
     0
176
     1
290
     0
176
     1
 90
       50
176
     1
 40
0.0
176
     1
 40
1.0
176
     1
 90
        0
176
     1
 62
    18
420
        0
176
     1
 90
       50
176
     1
 90
        3
176
     1
 62
     5
420
      255
176
     1
290
     0
176
     1
 90
       50
176
     1
 90
       50
176
     1
 90
       50
176
     1
290
     0
176
     1
 90
       50
176
     1
 62
   256
176
     0
 40
1.0
176
     0
 90
        2
176
     1
  1
strokes_ogs.tif
176
     1
290
     0
176
     1
 40
1.0
176
     1
 40
1.0
176
     1
  0
VISUALSTYLE
  5
2E
102
{ACAD_REACTORS
330
29
102
}
330
29
100
AcDbVisualStyle
  2
Basic
 70
     7
177
     3
291
     1
 70
    58
 90
        1
176
     1
 90
        0
176
     1
 90
        1
176
     1
 90
        0
176
     1
 40
0.6
176
     1
 40
30.0
176
     1
 62
     7
420
 16777215
176
     1
 90
        0
176
     1
 90
        4
176
     1
 62
     7
176
     1
 62
   257
176
     1
 90
        1
176
     1
 90
        1
176
     1
 40
1.0
176
     1
 90
        8
176
     1
 62
     7
176
     1
 40
1.0
176
     1
 90
        1
176
     1
 90
        6
176
     1
 90
        2
176
     1
 62
     7
176
     1
 90
        5
176
     1
 90
        0
176
     1
 90
        0
176
     1
290
     0
176
     1
 90
        1
176
     1
 40
0.0
176
     1
 90
        0
176
     1
290
     0
176
     1
290
     1
176
     1
290
     1
176
     1
290
     0
176
     1
290
     0
176
     1
290
     0
176
     1
290
     0
176
     1
290
     0
176
     1
290
     0
176
     1
 90
       50
176
     1
 40
0.0
176
     1
 40
1.0
176
     1
 90
        0
176
     1
 62
    18
420
        0
176
     1
 90
       50
176
     1
 90
        3
176
     1
 62
     5
420
      255
176
     1
290
     0
176
     1
 90
       50
176
     1
 90
       50
176
     1
 90
       50
176
     1
290
     0
176
     1
 90
       50
176
     1
 62
   256
176
     0
 40
1.0
176
     0
 90
        2
176
     1
  1
strokes_ogs.tif
176
     1
290
     0
176
     1
 40
1.0
176
     1
 40
1.0
176
     1
  0
VISUALSTYLE
  5
35
102
{ACAD_REACTORS
330
29
102
}
330
29
100
AcDbVisualStyle
  2
Brighten
 70
    12
177
     3
291
     1
 70
    58
 90
        2
176
     1
 90
        2
176
     1
 90
        0
176
     1
 90
        0
176
     1
 40
0.6
176
     1
 40
30.0
176
     1
 62
     7
420
 16777215
176
     1
 90
        1
176
     1
 90
        4
176
     1
 62
     7
176
     1
 62
   257
176
     1
 90
        1
176
     1
 90
        1
176
     1
 40
1.0
176
     1
 90
        8
176
     1
 62
     7
176
     1
 40
1.0
176
     1
 90
        1
176
     1
 90
        6
176
     1
 90
        2
176
     1
 62
     7
176
     1
 90
        5
176
     1
 90
        0
176
     1
 90
        0
176
     1
290
     0
176
     1
 90
        1
176
     1
 40
50.0
176
     1
 90
        0
176
     1
290
     0
176
     1
290
     1
176
     1
290
     1
176
     1
290
     0
176
     1
290
     0
176
     1
290
     0
176
     1
290
     0
176
     1
290
     0
176
     1
290
     0
176
     1
 90
       50
176
     1
 40
0.0
176
     1
 40
1.0
176
     1
 90
        0
176
     1
 62
    18
420
        0
176
     1
 90
       50
176
     1
 90
        3
176
     1
 62
     5
420
      255
176
     1
290
     0
176
     1
 90
       50
176
     1
 90
       50
176
     1
 90
       50
176
     1
290
     0
176
     1
 90
       50
176
     1
 62
   256
176
     0
 40
1.0
176
     0
 90
        2
176
     1
  1
strokes_ogs.tif
176
     1
290
     0
176
     1
 40
1.0
176
     1
 40
1.0
176
     1
  0
VISUALSTYLE
  5
39
102
{ACAD_REACTORS
330
29
102
}
330
29
100
AcDbVisualStyle
  2
ColorChange
 70
    16
177
     3
291
     1
 70
    58
 90
        2
176
     1
 90
        2
176
     1
 90
        3
176
     1
 90
        0
176
     1
 40
0.6
176
     1
 40
30.0
176
     1
 62
     8
420
  8421504
176
     1
 90
        1
176
     1
 90
        4
176
     1
 62
     7
176
     1
 62
   257
176
     1
 90
        1
176
     1
 90
        1
176
     1
 40
1.0
176
     1
 90
        8
176
     1
 62
     8
420
  8421504
176
     1
 40
1.0
176
     1
 90
        1
176
     1
 90
        6
176
     1
 90
        2
176
     1
 62
     7
176
     1
 90
        5
176
     1
 90
        0
176
     1
 90
        0
176
     1
290
     0
176
     1
 90
        1
176
     1
 40
0.0
176
     1
 90
        0
176
     1
290
     0
176
     1
290
     1
176
     1
290
     1
176
     1
290
     0
176
     1
290
     0
176
     1
290
     0
176
     1
290
     0
176
     1
290
     0
176
     1
290
     0
176
     1
 90
       50
176
     1
 40
0.0
176
     1
 40
1.0
176
     1
 90
        0
176
     1
 62
    18
420
        0
176
     1
 90
       50
176
     1
 90
        3
176
     1
 62
     5
420
      255
176
     1
290
     0
176
     1
 90
       50
176
     1
 90
       50
176
     1
 90
       50
176
     1
290
     0
176
     1
 90
       50
176
     1
 62
   256
176
     0
 40
1.0
176
     0
 90
        2
176
     1
  1
strokes_ogs.tif
176
     1
290
     0
176
     1
 40
1.0
176
     1
 40
1.0
176
     1
  0
VISUALSTYLE
  5
32
102
{ACAD_REACTORS
330
29
102
}
330
29
100
AcDbVisualStyle
  2
Conceptual
 70
     9
177
     3
291
     0
 70
    58
 90
        3
176
     1
 90
        2
176
     1
 90
        0
176
     1
 90
        0
176
     1
 40
0.6
176
     1
 40
30.0
176
     1
 62
     7
420
 16777215
176
     1
 90
        2
176
     1
 90
        2
176
     1
 62
     7
176
     1
 62
   257
176
     1
 90
        1
176
     1
 90
        1
176
     1
 40
179.0
176
     1
 90
        8
176
     1
 62
     7
176
     1
 40
1.0
176
     1
 90
        1
176
     1
 90
        6
176
     1
 90
        2
176
     1
 62
     7
176
     1
 90
        3
176
     1
 90
        0
176
     1
 90
        0
176
     1
290
     0
176
     1
 90
        1
176
     1
 40
0.0
176
     1
 90
        0
176
     1
290
     0
176
     1
290
     1
176
     1
290
     1
176
     1
290
     0
176
     1
290
     0
176
     1
290
     0
176
     1
290
     0
176
     1
290
     0
176
     1
290
     0
176
     1
 90
       50
176
     1
 40
0.0
176
     1
 40
1.0
176
     1
 90
        0
176
     1
 62
    18
420
        0
176
     1
 90
       50
176
     1
 90
        3
176
     1
 62
     5
420
      255
176
     1
290
     0
176
     1
 90
       50
176
     1
 90
       50
176
     1
 90
       50
176
     1
290
     0
176
     1
 90
       50
176
     1
 62
   256
176
     0
 40
1.0
176
     0
 90
        2
176
     1
  1
strokes_ogs.tif
176
     1
290
     0
176
     1
 40
1.0
176
     1
 40
1.0
176
     1
  0
VISUALSTYLE
  5
34
102
{ACAD_REACTORS
330
29
102
}
330
29
100
AcDbVisualStyle
  2
Dim
 70
    11
177
     3
291
     1
 70
    58
 90
        2
176
     1
 90
        2
176
     1
 90
        0
176
     1
 90
        0
176
     1
 40
0.6
176
     1
 40
30.0
176
     1
 62
     7
420
 16777215
176
     1
 90
        1
176
     1
 90
        4
176
     1
 62
     7
176
     1
 62
   257
176
     1
 90
        1
176
     1
 90
        1
176
     1
 40
1.0
176
     1
 90
        8
176
     1
 62
     7
176
     1
 40
1.0
176
     1
 90
        1
176
     1
 90
        6
176
     1
 90
        2
176
     1
 62
     7
176
     1
 90
        5
176
     1
 90
        0
176
     1
 90
        0
176
     1
290
     0
176
     1
 90
        1
176
     1
 40
-50.0
176
     1
 90
        0
176
     1
290
     0
176
     1
290
     1
176
     1
290
     1
176
     1
290
     0
176
     1
290
     0
176
     1
290
     0
176
     1
290
     0
176
     1
290
     0
176
     1
290
     0
176
     1
 90
       50
176
     1
 40
0.0
176
     1
 40
1.0
176
     1
 90
        0
176
     1
 62
    18
420
        0
176
     1
 90
       50
176
     1
 90
        3
176
     1
 62
     5
420
      255
176
     1
290
     0
176
     1
 90
       50
176
     1
 90
       50
176
     1
 90
       50
176
     1
290
     0
176
     1
 90
       50
176
     1
 62
   256
176
     0
 40
1.0
176
     0
 90
        2
176
     1
  1
strokes_ogs.tif
176
     1
290
     0
176
     1
 40
1.0
176
     1
 40
1.0
176
     1
  0
VISUALSTYLE
  5
41
102
{ACAD_REACTORS
330
29
102
}
330
29
100
AcDbVisualStyle
  2
EdgeColorOff
 70
    22
177
     3
291
     1
 70
    58
 90
        2
176
     0
 90
        2
176
     0
 90
        0
176
     0
 90
        0
176
     0
 40
0.6
176
     0
 40
30.0
176
     0
 62
     7
420
 16777215
176
     0
 90
        1
176
     0
 90
        4
176
     0
 62
     7
176
     0
 62
   257
176
     0
 90
        1
176
     0
 90
        1
176
     0
 40
1.0
176
     0
 90
        8
176
     2
 62
     7
176
     0
 40
1.0
176
     0
 90
        1
176
     0
 90
        6
176
     0
 90
        2
176
     0
 62
     7
176
     0
 90
        5
176
     0
 90
        0
176
     0
 90
        0
176
     0
290
     0
176
     0
 90
        1
176
     0
 40
0.0
176
     0
 90
        0
176
     0
290
     0
176
     0
290
     1
176
     0
290
     1
176
     0
290
     0
176
     0
290
     0
176
     0
290
     0
176
     0
290
     0
176
     0
290
     0
176
     0
290
     0
176
     0
 90
       50
176
     0
 40
0.0
176
     0
 40
1.0
176
     0
 90
        0
176
     0
 62
    18
420
        0
176
     0
 90
       50
176
     0
 90
        3
176
     0
 62
     5
420
      255
176
     0
290
     0
176
     0
 90
       50
176
     0
 90
       50
176
     0
 90
       50
176
     0
290
     0
176
     0
 90
       50
176
     0
 62
   256
176
     0
 40
1.0
176
     0
 90
        2
176
     0
  1
strokes_ogs.tif
176
     0
290
     0
176
     0
 40
1.0
176
     0
 40
1.0
176
     0
  0
VISUALSTYLE
  5
38
102
{ACAD_REACTORS
330
29
102
}
330
29
100
AcDbVisualStyle
  2
Facepattern
 70
    15
177
     3
291
     1
 70
    58
 90
        2
176
     1
 90
        2
176
     1
 90
        0
176
     1
 90
        0
176
     1
 40
0.6
176
     1
 40
30.0
176
     1
 62
     7
420
 16777215
176
     1
 90
        1
176
     1
 90
        4
176
     1
 62
     7
176
     1
 62
   257
176
     1
 90
        1
176
     1
 90
        1
176
     1
 40
1.0
176
     1
 90
        8
176
     1
 62
     7
176
     1
 40
1.0
176
     1
 90
        1
176
     1
 90
        6
176
     1
 90
        2
176
     1
 62
     7
176
     1
 90
        5
176
     1
 90
        0
176
     1
 90
        0
176
     1
290
     0
176
     1
 90
        1
176
     1
 40
0.0
176
     1
 90
        0
176
     1
290
     0
176
     1
290
     1
176
     1
290
     1
176
     1
290
     0
176
     1
290
     0
176
     1
290
     0
176
     1
290
     0
176
     1
290
     0
176
     1
290
     0
176
     1
 90
       50
176
     1
 40
0.0
176
     1
 40
1.0
176
     1
 90
        0
176
     1
 62
    18
420
        0
176
     1
 90
       50
176
     1
 90
        3
176
     1
 62
     5
420
      255
176
     1
290
     0
176
     1
 90
       50
176
     1
 90
       50
176
     1
 90
       50
176
     1
290
     0
176
     1
 90
       50
176
     1
 62
   256
176
     0
 40
1.0
176
     0
 90
        2
176
     1
  1
strokes_ogs.tif
176
     1
290
     0
176
     1
 40
1.0
176
     1
 40
1.0
176
     1
  0
VISUALSTYLE
  5
2A
102
{ACAD_REACTORS
330
29
102
}
330
29
100
AcDbVisualStyle
  2
Flat
 70
     0
177
     3
291
     1
 70
    58
 90
        2
176
     1
 90
        1
176
     1
 90
        1
176
     1
 90
        2
176
     1
 40
0.6
176
     1
 40
30.0
176
     1
 62
     7
420
 16777215
176
     1
 90
        0
176
     1
 90
        0
176
     1
 62
     7
176
     1
 62
   257
176
     1
 90
        1
176
     1
 90
        1
176
     1
 40
1.0
176
     1
 90
        8
176
     1
 62
     7
176
     1
 40
1.0
176
     1
 90
        1
176
     1
 90
        6
176
     1
 90
        2
176
     1
 62
     7
176
     1
 90
        5
176
     1
 90
        0
176
     1
 90
        0
176
     1
290
     0
176
     1
 90
       13
176
     1
 40
0.0
176
     1
 90
        0
176
     1
290
     0
176
     1
290
     1
176
     1
290
     1
176
     1
290
     0
176
     1
290
     0
176
     1
290
     0
176
     1
290
     0
176
     1
290
     0
176
     1
290
     0
176
     1
 90
       50
176
     1
 40
0.0
176
     1
 40
1.0
176
     1
 90
        0
176
     1
 62
    18
420
        0
176
     1
 90
       50
176
     1
 90
        3
176
     1
 62
     5
420
      255
176
     1
290
     0
176
     1
 90
       50
176
     1
 90
       50
176
     1
 90
       50
176
     1
290
     0
176
     1
 90
       50
176
     1
 62
   256
176
     0
 40
1.0
176
     0
 90
        2
176
     1
  1
strokes_ogs.tif
176
     1
290
     0
176
     1
 40
1.0
176
     1
 40
1.0
176
     1
  0
VISUALSTYLE
  5
2B
102
{ACAD_REACTORS
330
29
102
}
330
29
100
AcDbVisualStyle
  2
FlatWithEdges
 70
     1
177
     3
291
     1
 70
    58
 90
        2
176
     1
 90
        1
176
     1
 90
        1
176
     1
 90
        2
176
     1
 40
0.6
176
     1
 40
30.0
176
     1
 62
     7
420
 16777215
176
     1
 90
        1
176
     1
 90
        0
176
     1
 62
     7
176
     1
 62
   257
176
     1
 90
        1
176
     1
 90
        1
176
     1
 40
1.0
176
     1
 90
        0
176
     1
 62
   257
176
     1
 40
1.0
176
     1
 90
        1
176
     1
 90
        6
176
     1
 90
        2
176
     1
 62
     7
176
     1
 90
        5
176
     1
 90
        0
176
     1
 90
        0
176
     1
290
     0
176
     1
 90
       13
176
     1
 40
0.0
176
     1
 90
        0
176
     1
290
     0
176
     1
290
     1
176
     1
290
     1
176
     1
290
     0
176
     1
290
     0
176
     1
290
     0
176
     1
290
     0
176
     1
290
     0
176
     1
290
     0
176
     1
 90
       50
176
     1
 40
0.0
176
     1
 40
1.0
176
     1
 90
        0
176
     1
 62
    18
420
        0
176
     1
 90
       50
176
     1
 90
        3
176
     1
 62
     5
420
      255
176
     1
290
     0
176
     1
 90
       50
176
     1
 90
       50
176
     1
 90
       50
176
     1
290
     0
176
     1
 90
       50
176
     1
 62
   256
176
     0
 40
1.0
176
     0
 90
        2
176
     1
  1
strokes_ogs.tif
176
     1
290
     0
176
     1
 40
1.0
176
     1
 40
1.0
176
     1
  0
VISUALSTYLE
  5
2C
102
{ACAD_REACTORS
330
29
102
}
330
29
100
AcDbVisualStyle
  2
Gouraud
 70
     2
177
     3
291
     1
 70
    58
 90
        2
176
     1
 90
        2
176
     1
 90
        1
176
     1
 90
        2
176
     1
 40
0.6
176
     1
 40
30.0
176
     1
 62
     7
420
 16777215
176
     1
 90
        0
176
     1
 90
        0
176
     1
 62
     7
176
     1
 62
   257
176
     1
 90
        1
176
     1
 90
        1
176
     1
 40
1.0
176
     1
 90
        0
176
     1
 62
     7
176
     1
 40
1.0
176
     1
 90
        1
176
     1
 90
        6
176
     1
 90
        2
176
     1
 62
     7
176
     1
 90
        5
176
     1
 90
        0
176
     1
 90
        0
176
     1
290
     0
176
     1
 90
       13
176
     1
 40
0.0
176
     1
 90
        0
176
     1
290
     0
176
     1
290
     1
176
     1
290
     1
176
     1
290
     0
176
     1
290
     0
176
     1
290
     0
176
     1
290
     0
176
     1
290
     0
176
     1
290
     0
176
     1
 90
       50
176
     1
 40
0.0
176
     1
 40
1.0
176
     1
 90
        0
176
     1
 62
    18
420
        0
176
     1
 90
       50
176
     1
 90
        3
176
     1
 62
     5
420
      255
176
     1
290
     0
176
     1
 90
       50
176
     1
 90
       50
176
     1
 90
       50
176
     1
290
     0
176
     1
 90
       50
176
     1
 62
   256
176
     0
 40
1.0
176
     0
 90
        2
176
     1
  1
strokes_ogs.tif
176
     1
290
     0
176
     1
 40
1.0
176
     1
 40
1.0
176
     1
  0
VISUALSTYLE
  5
2D
102
{ACAD_REACTORS
330
29
102
}
330
29
100
AcDbVisualStyle
  2
GouraudWithEdges
 70
     3
177
     3
291
     1
 70
    58
 90
        2
176
     1
 90
        2
176
     1
 90
        1
176
     1
 90
        2
176
     1
 40
0.6
176
     1
 40
30.0
176
     1
 62
     7
420
 16777215
176
     1
 90
        1
176
     1
 90
        0
176
     1
 62
     7
176
     1
 62
   257
176
     1
 90
        1
176
     1
 90
        1
176
     1
 40
1.0
176
     1
 90
        0
176
     1
 62
   257
176
     1
 40
1.0
176
     1
 90
        1
176
     1
 90
        6
176
     1
 90
        2
176
     1
 62
     7
176
     1
 90
        5
176
     1
 90
        0
176
     1
 90
        0
176
     1
290
     0
176
     1
 90
       13
176
     1
 40
0.0
176
     1
 90
        0
176
     1
290
     0
176
     1
290
     1
176
     1
290
     1
176
     1
290
     0
176
     1
290
     0
176
     1
290
     0
176
     1
290
     0
176
     1
290
     0
176
     1
290
     0
176
     1
 90
       50
176
     1
 40
0.0
176
     1
 40
1.0
176
     1
 90
        0
176
     1
 62
    18
420
        0
176
     1
 90
       50
176
     1
 90
        3
176
     1
 62
     5
420
      255
176
     1
290
     0
176
     1
 90
       50
176
     1
 90
       50
176
     1
 90
       50
176
     1
290
     0
176
     1
 90
       50
176
     1
 62
   256
176
     0
 40
1.0
176
     0
 90
        2
176
     1
  1
strokes_ogs.tif
176
     1
290
     0
176
     1
 40
1.0
176
     1
 40
1.0
176
     1
  0
VISUALSTYLE
  5
31
102
{ACAD_REACTORS
330
29
102
}
330
29
100
AcDbVisualStyle
  2
Hidden
 70
     6
177
     3
291
     0
 70
    58
 90
        1
176
     1
 90
        2
176
     1
 90
        2
176
     1
 90
        0
176
     1
 40
0.6
176
     1
 40
30.0
176
     1
 62
     7
420
 16777215
176
     1
 90
        2
176
     1
 90
        2
176
     1
 62
     7
176
     1
 62
   257
176
     1
 90
        2
176
     1
 90
        1
176
     1
 40
40.0
176
     1
 90
        0
176
     1
 62
   257
176
     1
 40
1.0
176
     1
 90
        1
176
     1
 90
        6
176
     1
 90
        2
176
     1
 62
     7
176
     1
 90
        3
176
     1
 90
        0
176
     1
 90
        0
176
     1
290
     0
176
     1
 90
        1
176
     1
 40
0.0
176
     1
 90
        0
176
     1
290
     0
176
     1
290
     1
176
     1
290
     1
176
     1
290
     0
176
     1
290
     0
176
     1
290
     0
176
     1
290
     0
176
     1
290
     0
176
     1
290
     0
176
     1
 90
       50
176
     1
 40
0.0
176
     1
 40
1.0
176
     1
 90
        0
176
     1
 62
    18
420
        0
176
     1
 90
       50
176
     1
 90
        3
176
     1
 62
     5
420
      255
176
     1
290
     0
176
     1
 90
       50
176
     1
 90
       50
176
     1
 90
       50
176
     1
290
     0
176
     1
 90
       50
176
     1
 62
   256
176
     0
 40
1.0
176
     0
 90
        2
176
     1
  1
strokes_ogs.tif
176
     1
290
     0
176
     1
 40
1.0
176
     1
 40
1.0
176
     1
  0
VISUALSTYLE
  5
3F
102
{ACAD_REACTORS
330
29
102
}
330
29
100
AcDbVisualStyle
  2
JitterOff
 70
    20
177
     3
291
     1
 70
    58
 90
        2
176
     0
 90
        2
176
     0
 90
        0
176
     0
 90
        0
176
     0
 40
0.6
176
     0
 40
30.0
176
     0
 62
     7
420
 16777215
176
     0
 90
        1
176
     0
 90
        4
176
     0
 62
     7
176
     0
 62
   257
176
     0
 90
        1
176
     0
 90
        1
176
     0
 40
1.0
176
     0
 90
       10
176
     2
 62
     7
176
     0
 40
1.0
176
     0
 90
        1
176
     0
 90
        6
176
     0
 90
        2
176
     0
 62
     7
176
     0
 90
        5
176
     0
 90
        0
176
     0
 90
        0
176
     0
290
     0
176
     0
 90
        1
176
     0
 40
0.0
176
     0
 90
        0
176
     0
290
     0
176
     0
290
     1
176
     0
290
     1
176
     0
290
     0
176
     0
290
     0
176
     0
290
     0
176
     0
290
     0
176
     0
290
     0
176
     0
290
     0
176
     0
 90
       50
176
     0
 40
0.0
176
     0
 40
1.0
176
     0
 90
        0
176
     0
 62
    18
420
        0
176
     0
 90
       50
176
     0
 90
        3
176
     0
 62
     5
420
      255
176
     0
290
     0
176
     0
 90
       50
176
     0
 90
       50
176
     0
 90
       50
176
     0
290
     0
176
     0
 90
       50
176
     0
 62
   256
176
     0
 40
1.0
176
     0
 90
        2
176
     0
  1
strokes_ogs.tif
176
     0
290
     0
176
     0
 40
1.0
176
     0
 40
1.0
176
     0
  0
VISUALSTYLE
  5
37
102
{ACAD_REACTORS
330
29
102
}
330
29
100
AcDbVisualStyle
  2
Linepattern
 70
    14
177
     3
291
     1
 70
    58
 90
        2
176
     1
 90
        2
176
     1
 90
        0
176
     1
 90
        0
176
     1
 40
0.6
176
     1
 40
30.0
176
     1
 62
     7
420
 16777215
176
     1
 90
        1
176
     1
 90
        4
176
     1
 62
     7
176
     1
 62
   257
176
     1
 90
        7
176
     1
 90
        7
176
     1
 40
1.0
176
     1
 90
        8
176
     1
 62
     7
176
     1
 40
1.0
176
     1
 90
        1
176
     1
 90
        6
176
     1
 90
        2
176
     1
 62
     7
176
     1
 90
        5
176
     1
 90
        0
176
     1
 90
        0
176
     1
290
     0
176
     1
 90
        1
176
     1
 40
0.0
176
     1
 90
        0
176
     1
290
     0
176
     1
290
     1
176
     1
290
     1
176
     1
290
     0
176
     1
290
     0
176
     1
290
     0
176
     1
290
     0
176
     1
290
     0
176
     1
290
     0
176
     1
 90
       50
176
     1
 40
0.0
176
     1
 40
1.0
176
     1
 90
        0
176
     1
 62
    18
420
        0
176
     1
 90
       50
176
     1
 90
        3
176
     1
 62
     5
420
      255
176
     1
290
     0
176
     1
 90
       50
176
     1
 90
       50
176
     1
 90
       50
176
     1
290
     0
176
     1
 90
       50
176
     1
 62
   256
176
     0
 40
1.0
176
     0
 90
        2
176
     1
  1
strokes_ogs.tif
176
     1
290
     0
176
     1
 40
1.0
176
     1
 40
1.0
176
     1
  0
VISUALSTYLE
  5
40
102
{ACAD_REACTORS
330
29
102
}
330
29
100
AcDbVisualStyle
  2
OverhangOff
 70
    21
177
     3
291
     1
 70
    58
 90
        2
176
     0
 90
        2
176
     0
 90
        0
176
     0
 90
        0
176
     0
 40
0.6
176
     0
 40
30.0
176
     0
 62
     7
420
 16777215
176
     0
 90
        1
176
     0
 90
        4
176
     0
 62
     7
176
     0
 62
   257
176
     0
 90
        1
176
     0
 90
        1
176
     0
 40
1.0
176
     0
 90
        9
176
     2
 62
     7
176
     0
 40
1.0
176
     0
 90
        1
176
     0
 90
        6
176
     0
 90
        2
176
     0
 62
     7
176
     0
 90
        5
176
     0
 90
        0
176
     0
 90
        0
176
     0
290
     0
176
     0
 90
        1
176
     0
 40
0.0
176
     0
 90
        0
176
     0
290
     0
176
     0
290
     1
176
     0
290
     1
176
     0
290
     0
176
     0
290
     0
176
     0
290
     0
176
     0
290
     0
176
     0
290
     0
176
     0
290
     0
176
     0
 90
       50
176
     0
 40
0.0
176
     0
 40
1.0
176
     0
 90
        0
176
     0
 62
    18
420
        0
176
     0
 90
       50
176
     0
 90
        3
176
     0
 62
     5
420
      255
176
     0
290
     0
176
     0
 90
       50
176
     0
 90
       50
176
     0
 90
       50
176
     0
290
     0
176
     0
 90
       50
176
     0
 62
   256
176
     0
 40
1.0
176
     0
 90
        2
176
     0
  1
strokes_ogs.tif
176
     0
290
     0
176
     0
 40
1.0
176
     0
 40
1.0
176
     0
  0
VISUALSTYLE
  5
33
102
{ACAD_REACTORS
330
29
102
}
330
29
100
AcDbVisualStyle
  2
Realistic
 70
     8
177
     3
291
     0
 70
    58
 90
        2
176
     1
 90
        3
176
     1
 90
        0
176
     1
 90
        2
176
     1
 40
0.6
176
     1
 40
30.0
176
     1
 62
     7
420
 16777215
176
     1
 90
        0
176
     1
 90
        0
176
     1
 62
     7
176
     1
 62
   257
176
     1
 90
        1
176
     1
 90
        1
176
     1
 40
1.0
176
     1
 90
        8
176
     1
 62
   257
176
     1
 40
1.0
176
     1
 90
        1
176
     1
 90
        6
176
     1
 90
        2
176
     1
 62
     7
176
     1
 90
        3
176
     1
 90
        0
176
     1
 90
        0
176
     1
290
     0
176
     1
 90
       13
176
     1
 40
0.0
176
     1
 90
        0
176
     1
290
     0
176
     1
290
     1
176
     1
290
     1
176
     1
290
     0
176
     1
290
     0
176
     1
290
     0
176
     1
290
     0
176
     1
290
     0
176
     1
290
     0
176
     1
 90
       50
176
     1
 40
0.0
176
     1
 40
1.0
176
     1
 90
        0
176
     1
 62
    18
420
        0
176
     1
 90
       50
176
     1
 90
        3
176
     1
 62
     5
420
      255
176
     1
290
     0
176
     1
 90
       50
176
     1
 90
       50
176
     1
 90
       50
176
     1
290
     0
176
     1
 90
       50
176
     1
 62
   256
176
     0
 40
1.0
176
     0
 90
        2
176
     1
  1
strokes_ogs.tif
176
     1
290
     0
176
     1
 40
1.0
176
     1
 40
1.0
176
     1
  0
VISUALSTYLE
  5
3E
102
{ACAD_REACTORS
330
29
102
}
330
29
100
AcDbVisualStyle
  2
Shaded
 70
    27
177
     3
291
     0
 70
    58
 90
        2
176
     1
 90
        2
176
     1
 90
        1
176
     1
 90
        2
176
     1
 40
0.6
176
     1
 40
30.0
176
     1
 62
     7
420
 16777215
176
     1
 90
        0
176
     1
 90
        4
176
     1
 62
     7
176
     1
 62
   257
176
     1
 90
        1
176
     1
 90
        1
176
     1
 40
1.0
176
     1
 90
        8
176
     1
 62
   257
176
     1
 40
1.0
176
     1
 90
        1
176
     1
 90
        6
176
     1
 90
        2
176
     1
 62
     8
420
  7895160
176
     1
 90
        3
176
     1
 90
        0
176
     1
 90
        0
176
     1
290
     0
176
     1
 90
        5
176
     1
 40
0.0
176
     1
 90
        0
176
     1
290
     0
176
     1
290
     1
176
     1
290
     1
176
     1
290
     0
176
     1
290
     0
176
     1
290
     0
176
     1
290
     0
176
     1
290
     0
176
     1
290
     0
176
     1
 90
       50
176
     1
 40
0.0
176
     1
 40
1.0
176
     1
 90
        0
176
     1
 62
    18
420
        0
176
     1
 90
       50
176
     1
 90
        3
176
     1
 62
     5
420
      255
176
     1
290
     0
176
     1
 90
       50
176
     1
 90
       50
176
     1
 90
       50
176
     1
290
     0
176
     1
 90
       50
176
     1
 62
   256
176
     0
 40
1.0
176
     0
 90
        2
176
     1
  1
strokes_ogs.tif
176
     1
290
     0
176
     1
 40
1.0
176
     1
 40
1.0
176
     1
  0
VISUALSTYLE
  5
3D
102
{ACAD_REACTORS
330
29
102
}
330
29
100
AcDbVisualStyle
  2
Shaded with edges
 70
    26
177
     3
291
     0
 70
    58
 90
        2
176
     1
 90
        2
176
     1
 90
        1
176
     1
 90
        2
176
     1
 40
0.6
176
     1
 40
30.0
176
     1
 62
     7
420
 16777215
176
     1
 90
        1
176
     1
 90
        2
176
     1
 62
     7
176
     1
 62
   257
176
     1
 90
        2
176
     1
 90
        1
176
     1
 40
1.0
176
     1
 90
        8
176
     1
 62
   257
176
     1
 40
1.0
176
     1
 90
        1
176
     1
 90
        6
176
     1
 90
        2
176
     1
 62
     7
176
     1
 90
        3
176
     1
 90
        0
176
     1
 90
        0
176
     1
290
     0
176
     1
 90
        5
176
     1
 40
0.0
176
     1
 90
        0
176
     1
290
     0
176
     1
290
     1
176
     1
290
     1
176
     1
290
     0
176
     1
290
     0
176
     1
290
     0
176
     1
290
     0
176
     1
290
     0
176
     1
290
     0
176
     1
 90
       50
176
     1
 40
0.0
176
     1
 40
1.0
176
     1
 90
        0
176
     1
 62
    18
420
        0
176
     1
 90
       50
176
     1
 90
        3
176
     1
 62
     5
420
      255
176
     1
290
     0
176
     1
 90
       50
176
     1
 90
       50
176
     1
 90
       50
176
     1
290
     0
176
     1
 90
       50
176
     1
 62
   256
176
     0
 40
1.0
176
     0
 90
        2
176
     1
  1
strokes_ogs.tif
176
     1
290
     0
176
     1
 40
1.0
176
     1
 40
1.0
176
     1
  0
VISUALSTYLE
  5
3A
102
{ACAD_REACTORS
330
29
102
}
330
29
100
AcDbVisualStyle
  2
Shades of Gray
 70
    23
177
     3
291
     0
 70
    58
 90
        2
176
     1
 90
        2
176
     1
 90
        3
176
     1
 90
        0
176
     1
 40
0.6
176
     1
 40
30.0
176
     1
 62
     7
420
 16777215
176
     1
 90
        2
176
     1
 90
        2
176
     1
 62
     7
176
     1
 62
     7
176
     1
 90
        1
176
     1
 90
        1
176
     1
 40
40.0
176
     1
 90
        8
176
     1
 62
     7
176
     1
 40
1.0
176
     1
 90
        1
176
     1
 90
        6
176
     1
 90
        2
176
     1
 62
     7
176
     1
 90
        3
176
     1
 90
        0
176
     1
 90
        0
176
     1
290
     0
176
     1
 90
        1
176
     1
 40
0.0
176
     1
 90
        0
176
     1
290
     0
176
     1
290
     1
176
     1
290
     1
176
     1
290
     0
176
     1
290
     0
176
     1
290
     0
176
     1
290
     0
176
     1
290
     0
176
     1
290
     0
176
     1
 90
       50
176
     1
 40
0.0
176
     1
 40
1.0
176
     1
 90
        0
176
     1
 62
    18
420
        0
176
     1
 90
       50
176
     1
 90
        3
176
     1
 62
     5
420
      255
176
     1
290
     0
176
     1
 90
       50
176
     1
 90
       50
176
     1
 90
       50
176
     1
290
     0
176
     1
 90
       50
176
     1
 62
   256
176
     0
 40
1.0
176
     0
 90
        2
176
     1
  1
strokes_ogs.tif
176
     1
290
     0
176
     1
 40
1.0
176
     1
 40
1.0
176
     1
  0
VISUALSTYLE
  5
3B
102
{ACAD_REACTORS
330
29
102
}
330
29
100
AcDbVisualStyle
  2
Sketchy
 70
    24
177
     3
291
     0
 70
    58
 90
        1
176
     1
 90
        2
176
     1
 90
        2
176
     1
 90
        0
176
     1
 40
0.6
176
     1
 40
30.0
176
     1
 62
     7
420
 16777215
176
     1
 90
        2
176
     1
 90
        2
176
     1
 62
     7
176
     1
 62
     7
176
     1
 90
        1
176
     1
 90
        1
176
     1
 40
40.0
176
     1
 90
       11
176
     1
 62
     7
176
     1
 40
1.0
176
     1
 90
        1
176
     1
 90
        6
176
     1
 90
        2
176
     1
 62
     7
176
     1
 90
        6
176
     1
 90
        0
176
     1
 90
        0
176
     1
290
     0
176
     1
 90
        1
176
     1
 40
0.0
176
     1
 90
        0
176
     1
290
     0
176
     1
290
     1
176
     1
290
     1
176
     1
290
     0
176
     1
290
     0
176
     1
290
     0
176
     1
290
     0
176
     1
290
     0
176
     1
290
     0
176
     1
 90
       50
176
     1
 40
0.0
176
     1
 40
1.0
176
     1
 90
        0
176
     1
 62
    18
420
        0
176
     1
 90
       50
176
     1
 90
        3
176
     1
 62
     5
420
      255
176
     1
290
     0
176
     1
 90
       50
176
     1
 90
       50
176
     1
 90
       50
176
     1
290
     0
176
     1
 90
       50
176
     1
 62
   256
176
     0
 40
1.0
176
     0
 90
        2
176
     1
  1
strokes_ogs.tif
176
     1
290
     0
176
     1
 40
1.0
176
     1
 40
1.0
176
     1
  0
VISUALSTYLE
  5
36
102
{ACAD_REACTORS
330
29
102
}
330
29
100
AcDbVisualStyle
  2
Thicken
 70
    13
177
     3
291
     1
 70
    58
 90
        2
176
     1
 90
        2
176
     1
 90
        0
176
     1
 90
        0
176
     1
 40
0.6
176
     1
 40
30.0
176
     1
 62
     7
420
 16777215
176
     1
 90
        1
176
     1
 90
        4
176
     1
 62
     7
176
     1
 62
   257
176
     1
 90
        1
176
     1
 90
        1
176
     1
 40
1.0
176
     1
 90
       12
176
     1
 62
     7
176
     1
 40
1.0
176
     1
 90
        1
176
     1
 90
        6
176
     1
 90
        2
176
     1
 62
     7
176
     1
 90
        5
176
     1
 90
        0
176
     1
 90
        0
176
     1
290
     0
176
     1
 90
        1
176
     1
 40
0.0
176
     1
 90
        0
176
     1
290
     0
176
     1
290
     1
176
     1
290
     1
176
     1
290
     0
176
     1
290
     0
176
     1
290
     0
176
     1
290
     0
176
     1
290
     0
176
     1
290
     0
176
     1
 90
       50
176
     1
 40
0.0
176
     1
 40
1.0
176
     1
 90
        0
176
     1
 62
    18
420
        0
176
     1
 90
       50
176
     1
 90
        3
176
     1
 62
     5
420
      255
176
     1
290
     0
176
     1
 90
       50
176
     1
 90
       50
176
     1
 90
       50
176
     1
290
     0
176
     1
 90
       50
176
     1
 62
   256
176
     0
 40
1.0
176
     0
 90
        2
176
     1
  1
strokes_ogs.tif
176
     1
290
     0
176
     1
 40
1.0
176
     1
 40
1.0
176
     1
  0
VISUALSTYLE
  5
30
102
{ACAD_REACTORS
330
29
102
}
330
29
100
AcDbVisualStyle
  2
Wireframe
 70
     5
177
     3
291
     0
 70
    58
 90
        0
176
     1
 90
        2
176
     1
 90
        0
176
     1
 90
        0
176
     1
 40
0.6
176
     1
 40
30.0
176
     1
 62
     7
420
 16777215
176
     1
 90
        1
176
     1
 90
        4
176
     1
 62
     7
176
     1
 62
   257
176
     1
 90
        1
176
     1
 90
        1
176
     1
 40
1.0
176
     1
 90
        0
176
     1
 62
   257
176
     1
 40
1.0
176
     1
 90
        1
176
     1
 90
        6
176
     1
 90
        2
176
     1
 62
     7
176
     1
 90
        3
176
     1
 90
        0
176
     1
 90
        0
176
     1
290
     0
176
     1
 90
        1
176
     1
 40
0.0
176
     1
 90
        0
176
     1
290
     0
176
     1
290
     1
176
     1
290
     1
176
     1
290
     0
176
     1
290
     0
176
     1
290
     0
176
     1
290
     0
176
     1
290
     0
176
     1
290
     0
176
     1
 90
       50
176
     1
 40
0.0
176
     1
 40
1.0
176
     1
 90
        0
176
     1
 62
    18
420
        0
176
     1
 90
       50
176
     1
 90
        3
176
     1
 62
     5
420
      255
176
     1
290
     0
176
     1
 90
       50
176
     1
 90
       50
176
     1
 90
       50
176
     1
290
     0
176
     1
 90
       50
176
     1
 62
   256
176
     0
 40
1.0
176
     0
 90
        2
176
     1
  1
strokes_ogs.tif
176
     1
290
     0
176
     1
 40
1.0
176
     1
 40
1.0
176
     1
  0
VISUALSTYLE
  5
3C
102
{ACAD_REACTORS
330
29
102
}
330
29
100
AcDbVisualStyle
  2
X-Ray
 70
    25
177
     3
291
     0
 70
    58
 90
        2
176
     1
 90
        2
176
     1
 90
        1
176
     1
 90
        1
176
     1
 40
0.5
176
     1
 40
30.0
176
     1
 62
     7
420
 16777215
176
     1
 90
        1
176
     1
 90
        0
176
     1
 62
     7
176
     1
 62
   257
176
     1
 90
        1
176
     1
 90
        1
176
     1
 40
1.0
176
     1
 90
        8
176
     1
 62
     7
176
     1
 40
1.0
176
     1
 90
        1
176
     1
 90
        6
176
     1
 90
        2
176
     1
 62
     7
176
     1
 90
        3
176
     1
 90
        0
176
     1
 90
        0
176
     1
290
     0
176
     1
 90
       13
176
     1
 40
0.0
176
     1
 90
        0
176
     1
290
     0
176
     1
290
     1
176
     1
290
     1
176
     1
290
     0
176
     1
290
     0
176
     1
290
     0
176
     1
290
     0
176
     1
290
     0
176
     1
290
     0
176
     1
 90
       50
176
     1
 40
0.0
176
     1
 40
1.0
176
     1
 90
        0
176
     1
 62
    18
420
        0
176
     1
 90
       50
176
     1
 90
        3
176
     1
 62
     5
420
      255
176
     1
290
     0
176
     1
 90
       50
176
     1
 90
       50
176
     1
 90
       50
176
     1
290
     0
176
     1
 90
       50
176
     1
 62
   256
176
     0
 40
1.0
176
     0
 90
        2
176
     1
  1
strokes_ogs.tif
176
     1
290
     0
176
     1
 40
1.0
176
     1
 40
1.0
176
     1
  0
DICTIONARYVAR
  5
14F
102
{ACAD_REACTORS
330
14A
102
}
330
14A
100
DictionaryVariables
280
     0
  1
1:1
  0
DICTIONARYVAR
  5
14C
102
{ACAD_REACTORS
330
14A
102
}
330
14A
100
DictionaryVariables
280
     0
  1
STANDARD
  0
DICTIONARYVAR
  5
14B
102
{ACAD_REACTORS
330
14A
102
}
330
14A
100
DictionaryVariables
280
     0
  1
STANDARD
  0
DICTIONARYVAR
  5
14D
102
{ACAD_REACTORS
330
14A
102
}
330
14A
100
DictionaryVariables
280
     0
  1
Imperial24
  0
DICTIONARYVAR
  5
14E
102
{ACAD_REACTORS
330
14A
102
}
330
14A
100
DictionaryVariables
280
     0
  1
Imperial24
  0
XRECORD
  5
146
102
{ACAD_REACTORS
330
142
102
}
330
142
100
AcDbXrecord
280
     1
  1
BUILDING_ID
  1
Casa na Travessa Luiz Nery, 76 - Centro Histórico de Laguna
  1
FLOOR_ID
  1
22434181
  0
XRECORD
  5
144
102
{ACAD_REACTORS
330
142
102
}
330
142
100
AcDbXrecord
280
     1
  1
-2000011
  1
Paredes
  1
-2000023
  1
Portas
  1
-2000032
  1
Pisos
  1
-2000035
  1
Telhados
  1
-2000051
  1
Linhas
  1
-2000120
  1
Escadas
  1
-2000126
  1
Guarda-corpos
  1
-2000280
  1
Blocos de margens e carimbo
  0
XRECORD
  5
145
102
{ACAD_REACTORS
330
142
102
}
330
142
100
AcDbXrecord
280
     1
  1
-2000042
  1
<Linhas finas>
  1
-2000281
  1
<Linhas finas>
  1
-2000542
  1
Padrão de superfície
  1
-2000588
  1
Padrão de corte
  1
-2000932
  1
Linhas de bocel
  1
-2000934
  1
Contornos
  1
-2000936
  1
Linhas do espelho
  1
-2000946
  1
Corrimãos superiores
  1
-2000952
  1
Suportes
  0
XRECORD
  5
143
102
{ACAD_REACTORS
330
142
102
}
330
142
100
AcDbXrecord
280
     1
  1
141548
  1
Tipo de corrimão superior : Retangular - 50x50 mm
  1
141734
  1
Escada montada : Espelho máximo de 190 mm a 250 mm
  1
17583107
  1
Parede básica : 00_PAREDE_GENERICA_22cm : 00_PAREDE_GENERICA_22cm
  1
22263023
  1
000_PORTA_DESLIZANTE_DUAS_FOLHAS@MODULOSREVIT : Com caixilho
  1
22434141
  1
SVG : A4
  1
3306710
  1
Parede básica : 01_parede interna 2cm : 01_parede interna 2cm
  1
3311039
  1
Piso : laje de concreto 10cm
  1
4951941
  1
Telhado básico : fibrocimento 5cm
  0
DICTIONARY
  5
1A
330
19
100
AcDbDictionary
280
     1
281
     1
  3
BUMPTILE
360
1C
  3
DIFFUSETILE
360
1B
  3
OPACITYTILE
360
1F
  3
REFLECTIONTILE
360
1E
  3
REFRACTIONTILE
360
20
  3
SPECULARTILE
360
1D
  0
DICTIONARY
  5
12
330
11
100
AcDbDictionary
280
     1
281
     1
  3
BUMPTILE
360
14
  3
DIFFUSETILE
360
13
  3
OPACITYTILE
360
17
  3
REFLECTIONTILE
360
16
  3
REFRACTIONTILE
360
18
  3
SPECULARTILE
360
15
  0
DICTIONARY
  5
22
330
21
100
AcDbDictionary
280
     1
281
     1
  3
BUMPTILE
360
24
  3
DIFFUSETILE
360
23
  3
OPACITYTILE
360
27
  3
REFLECTIONTILE
360
26
  3
REFRACTIONTILE
360
28
  3
SPECULARTILE
360
25
  0
DICTIONARY
  5
1D1
330
65
100
AcDbDictionary
280
     1
281
     1
  3
ACAD_ROUNDTRIP_2008_TABLESTYLE_CELLSTYLEMAP
360
1D2
  0
XRECORD
  5
1C
102
{ACAD_REACTORS
330
1A
102
}
330
1A
100
AcDbXrecord
280
     1
270
     1
271
     1
  0
XRECORD
  5
1B
102
{ACAD_REACTORS
330
1A
102
}
330
1A
100
AcDbXrecord
280
     1
270
     1
271
     1
  0
XRECORD
  5
1F
102
{ACAD_REACTORS
330
1A
102
}
330
1A
100
AcDbXrecord
280
     1
270
     1
271
     1
  0
XRECORD
  5
1E
102
{ACAD_REACTORS
330
1A
102
}
330
1A
100
AcDbXrecord
280
     1
270
     1
271
     1
  0
XRECORD
  5
20
102
{ACAD_REACTORS
330
1A
102
}
330
1A
100
AcDbXrecord
280
     1
270
     1
271
     1
  0
XRECORD
  5
1D
102
{ACAD_REACTORS
330
1A
102
}
330
1A
100
AcDbXrecord
280
     1
270
     1
271
     1
  0
XRECORD
  5
14
102
{ACAD_REACTORS
330
12
102
}
330
12
100
AcDbXrecord
280
     1
270
     1
271
     1
  0
XRECORD
  5
13
102
{ACAD_REACTORS
330
12
102
}
330
12
100
AcDbXrecord
280
     1
270
     1
271
     1
  0
XRECORD
  5
17
102
{ACAD_REACTORS
330
12
102
}
330
12
100
AcDbXrecord
280
     1
270
     1
271
     1
  0
XRECORD
  5
16
102
{ACAD_REACTORS
330
12
102
}
330
12
100
AcDbXrecord
280
     1
270
     1
271
     1
  0
XRECORD
  5
18
102
{ACAD_REACTORS
330
12
102
}
330
12
100
AcDbXrecord
280
     1
270
     1
271
     1
  0
XRECORD
  5
15
102
{ACAD_REACTORS
330
12
102
}
330
12
100
AcDbXrecord
280
     1
270
     1
271
     1
  0
XRECORD
  5
24
102
{ACAD_REACTORS
330
22
102
}
330
22
100
AcDbXrecord
280
     1
270
     1
271
     1
  0
XRECORD
  5
23
102
{ACAD_REACTORS
330
22
102
}
330
22
100
AcDbXrecord
280
     1
270
     1
271
     1
  0
XRECORD
  5
27
102
{ACAD_REACTORS
330
22
102
}
330
22
100
AcDbXrecord
280
     1
270
     1
271
     1
  0
XRECORD
  5
26
102
{ACAD_REACTORS
330
22
102
}
330
22
100
AcDbXrecord
280
     1
270
     1
271
     1
  0
XRECORD
  5
28
102
{ACAD_REACTORS
330
22
102
}
330
22
100
AcDbXrecord
280
     1
270
     1
271
     1
  0
XRECORD
  5
25
102
{ACAD_REACTORS
330
22
102
}
330
22
100
AcDbXrecord
280
     1
270
     1
271
     1
  0
CELLSTYLEMAP
  5
1D2
102
{ACAD_REACTORS
330
1D1
102
}
330
1D1
100
AcDbCellStyleMap
 90
        3
300
CELLSTYLE
  1
TABLEFORMAT_BEGIN
 90
        5
170
     1
 91
        0
 92
    32768
 62
   257
 93
        1
300
CONTENTFORMAT
  1
CONTENTFORMAT_BEGIN
 90
        0
 91
        0
 92
      512
 93
        0
300

 40
0.0
140
1.0
 94
        5
 62
     0
340
55
144
0.25
309
CONTENTFORMAT_END
171
     0
 94
        0
309
TABLEFORMAT_END
  1
CELLSTYLE_BEGIN
 90
        1
 91
        1
300
_TITLE
309
CELLSTYLE_END
300
CELLSTYLE
  1
TABLEFORMAT_BEGIN
 90
        5
170
     1
 91
        0
 92
        0
 62
   257
 93
        1
300
CONTENTFORMAT
  1
CONTENTFORMAT_BEGIN
 90
        0
 91
        0
 92
      512
 93
        0
300

 40
0.0
140
1.0
 94
        5
 62
     0
340
55
144
0.18
309
CONTENTFORMAT_END
171
     0
 94
        0
309
TABLEFORMAT_END
  1
CELLSTYLE_BEGIN
 90
        2
 91
        1
300
_HEADER
309
CELLSTYLE_END
300
CELLSTYLE
  1
TABLEFORMAT_BEGIN
 90
        5
170
     1
 91
        0
 92
        0
 62
   257
 93
        1
300
CONTENTFORMAT
  1
CONTENTFORMAT_BEGIN
 90
        0
 91
        0
 92
      512
 93
        0
300

 40
0.0
140
1.0
 94
        2
 62
     0
340
55
144
0.18
309
CONTENTFORMAT_END
171
     0
 94
        0
309
TABLEFORMAT_END
  1
CELLSTYLE_BEGIN
 90
        3
 91
        2
300
_DATA
309
CELLSTYLE_END
  0
ENDSEC
  0
SECTION
  2
ACDSDATA
 70
     2
 71
     8
  0
ACDSSCHEMA
 90
        0
  1
AcDb_Thumbnail_Schema
  2
AcDbDs::ID
280
    10
 91
        8
  2
Thumbnail_Data
280
    15
 91
        0
101
ACDSRECORD
 95
        0
 90
        1
  2
AcDbDs::TreatedAsObjectData
280
     1
291
     1
101
ACDSRECORD
 95
        0
 90
        2
  2
AcDbDs::Legacy
280
     1
291
     1
101
ACDSRECORD
  1
AcDbDs::ID
 90
        3
  2
AcDs:Indexable
280
     1
291
     1
101
ACDSRECORD
  1
AcDbDs::ID
 90
        4
  2
AcDbDs::HandleAttribute
280
     7
282
     1
  0
ACDSSCHEMA
 90
        1
  1
AcDbDs::TreatedAsObjectDataSchema
  2
AcDbDs::TreatedAsObjectData
280
     1
 91
        0
  0
ACDSSCHEMA
 90
        2
  1
AcDbDs::LegacySchema
  2
AcDbDs::Legacy
280
     1
 91
        0
  0
ACDSSCHEMA
 90
        3
  1
AcDbDs::IndexedPropertySchema
  2
AcDs:Indexable
280
     1
 91
        0
  0
ACDSSCHEMA
 90
        4
  1
AcDbDs::HandleAttributeSchema
  2
AcDbDs::HandleAttribute
280
     7
 91
        1
284
     1
  0
ACDSRECORD
 90
        0
  2
AcDbDs::ID
280
    10
320
6F
  2
Thumbnail_Data
280
    15
 94
     1259
310
89504E470D0A1A0A0000000D4948445200000100000000B5080300000087DCD12600000300504C5445FFFFFFFFFFFFFFFFFF0000000000000000000000000000000000000000000000000000330000660000990000CC0000FF0033000033330033660033990033CC0033FF0066000066330066660066990066CC0066FF0099
310
000099330099660099990099CC0099FF00CC0000CC3300CC6600CC9900CCCC00CCFF00FF0000FF3300FF6600FF9900FFCC00FFFF3300003300333300663300993300CC3300FF3333003333333333663333993333CC3333FF3366003366333366663366993366CC3366FF3399003399333399663399993399CC3399FF33CC00
310
33CC3333CC6633CC9933CCCC33CCFF33FF0033FF3333FF6633FF9933FFCC33FFFF6600006600336600666600996600CC6600FF6633006633336633666633996633CC6633FF6666006666336666666666996666CC6666FF6699006699336699666699996699CC6699FF66CC0066CC3366CC6666CC9966CCCC66CCFF66FF0066
310
FF3366FF6666FF9966FFCC66FFFF9900009900339900669900999900CC9900FF9933009933339933669933999933CC9933FF9966009966339966669966999966CC9966FF9999009999339999669999999999CC9999FF99CC0099CC3399CC6699CC9999CCCC99CCFF99FF0099FF3399FF6699FF9999FFCC99FFFFCC0000CC00
310
33CC0066CC0099CC00CCCC00FFCC3300CC3333CC3366CC3399CC33CCCC33FFCC6600CC6633CC6666CC6699CC66CCCC66FFCC9900CC9933CC9966CC9999CC99CCCC99FFCCCC00CCCC33CCCC66CCCC99CCCCCCCCCCFFCCFF00CCFF33CCFF66CCFF99CCFFCCCCFFFFFF0000FF0033FF0066FF0099FF00CCFF00FFFF3300FF3333
310
FF3366FF3399FF33CCFF33FFFF6600FF6633FF6666FF6699FF66CCFF66FFFF9900FF9933FF9966FF9999FF99CCFF99FFFFCC00FFCC33FFCC66FFCC99FFCCCCFFCCFFFFFF00FFFF33FFFF66FFFF99FFFFCCFFFFFF0000000D0D0D1A1A1A2828283535354343435050505D5D5D6B6B6B787878868686939393A1A1A1AEAEAEBB
310
BBBBC9C9C9D6D6D6E4E4E4F1F1F1FFFFFF000000000000000000000000000000000000000000000000000000000000AD4AB4E40000018D4944415478DAEDDD41AE82301885D1EE7F6DAC82318B50893128141810ABBDE77F0E9CF09493AF446DA2650A9F32B69D1F00282DA7EDA31700000000000000000000000000000000
310
0000000000003878C227A66F808BCF090000000000000000000080FF01387AF90FA07B8083D35000004B40010A50800214A0000500B00414A000052840010A5000004B40010A50800214A0000500B00414A000052840010AE8AE80650B7100E5F537DF12009E275BDEEF00000000000000000000001004B01688783BBC9700
310
000000000000000000802880EC7D81BC8D9161356900F5BDD12880696B97144008C0E39E0214A0000528008025A080D802C66480FB819BDFA29D02B0F870241CE0F368005900EBAB405E0105000000A92F8563F70586BD9FCB0E01186B4F1D400EC0F6613100B55F534A01A8FF430000000000000040D7000500000000C201
310
B23F11520000002E82E117C1F08D914BCF09000000000000000000C0DF009C98AE01AE1E0000000000000000000000000000000000000000BE0F30B59CB68F3ECD006DA739C00D008B05A292A25CC70000000049454E44AE4260822F3D7C3E01424278F6AEB8254C0000000049454E44AE426082
  0
ACDSRECORD
 90
        0
  2
AcDbDs::ID
280
    10
320
73
  2
Thumbnail_Data
280
    15
 94
      970
310
89504E470D0A1A0A0000000D494844520000010000000065080300000095E2CD0900000300504C5445FFFFFFFFFFFFFFFFFF0000000000000000000000000000000000000000000000000000330000660000990000CC0000FF0033000033330033660033990033CC0033FF0066000066330066660066990066CC0066FF0099
310
000099330099660099990099CC0099FF00CC0000CC3300CC6600CC9900CCCC00CCFF00FF0000FF3300FF6600FF9900FFCC00FFFF3300003300333300663300993300CC3300FF3333003333333333663333993333CC3333FF3366003366333366663366993366CC3366FF3399003399333399663399993399CC3399FF33CC00
310
33CC3333CC6633CC9933CCCC33CCFF33FF0033FF3333FF6633FF9933FFCC33FFFF6600006600336600666600996600CC6600FF6633006633336633666633996633CC6633FF6666006666336666666666996666CC6666FF6699006699336699666699996699CC6699FF66CC0066CC3366CC6666CC9966CCCC66CCFF66FF0066
310
FF3366FF6666FF9966FFCC66FFFF9900009900339900669900999900CC9900FF9933009933339933669933999933CC9933FF9966009966339966669966999966CC9966FF9999009999339999669999999999CC9999FF99CC0099CC3399CC6699CC9999CCCC99CCFF99FF0099FF3399FF6699FF9999FFCC99FFFFCC0000CC00
310
33CC0066CC0099CC00CCCC00FFCC3300CC3333CC3366CC3399CC33CCCC33FFCC6600CC6633CC6666CC6699CC66CCCC66FFCC9900CC9933CC9966CC9999CC99CCCC99FFCCCC00CCCC33CCCC66CCCC99CCCCCCCCCCFFCCFF00CCFF33CCFF66CCFF99CCFFCCCCFFFFFF0000FF0033FF0066FF0099FF00CCFF00FFFF3300FF3333
310
FF3366FF3399FF33CCFF33FFFF6600FF6633FF6666FF6699FF66CCFF66FFFF9900FF9933FF9966FF9999FF99CCFF99FFFFCC00FFCC33FFCC66FFCC99FFCCCCFFCCFFFFFF00FFFF33FFFF66FFFF99FFFFCCFFFFFF0000000D0D0D1A1A1A2828283535354343435050505D5D5D6B6B6B787878868686939393A1A1A1AEAEAEBB
310
BBBBC9C9C9D6D6D6E4E4E4F1F1F1FFFFFF000000000000000000000000000000000000000000000000000000000000AD4AB4E4000000854944415478DAEDD9B109C0300C4541ED3F9BA770AD219260B48149F3EF2AB77AD860501500000000F0B77D0820800002082080000208208000024406C88D20800002082080000208
310
101D609D436E80124080EC003B3AC08C9E1CC01348FE07F40CDEB1012A3CC00A0FB05B0001AA3FB1015ED93760046F8700000000000000000000E0AE07CBF509E82BED86F70000000049454E44AE426082
  0
ENDSEC
  0
EOF
