  0
SECTION
  2
HEADER
  9
$ACADVER
  1
AC1032
  9
$ACADMAINTVER
 90
      204
  9
$DWGCODEPAGE
  3
ANSI_1252
  9
$LASTSAVEDBY
  1
duda-
  9
$REQUIREDVERSIONS
160
                 0
  9
$INSBASE
 10
0.0
 20
0.0
 30
0.0
  9
$EXTMIN
 10
54494.94691674799
 20
-26186.99034882561
 30
0.0
  9
$EXTMAX
 10
63814.94691674807
 20
-2736.261364934572
 30
0.0
  9
$LIMMIN
 10
0.0
 20
0.0
  9
$LIMMAX
 10
12.0
 20
9.0
  9
$ORTHOMODE
 70
     0
  9
$REGENMODE
 70
     1
  9
$FILLMODE
 70
     1
  9
$QTEXTMODE
 70
     0
  9
$MIRRTEXT
 70
     0
  9
$LTSCALE
 40
1.0
  9
$ATTMODE
 70
     1
  9
$TEXTSIZE
 40
0.2
  9
$TRACEWID
 40
0.05
  9
$TEXTSTYLE
  7
Standard
  9
$CLAYER
  8
0
  9
$CELTYPE
  6
ByLayer
  9
$CECOLOR
 62
   256
  9
$CELTSCALE
 40
1.0
  9
$DISPSILH
 70
     0
  9
$DIMSCALE
 40
1.0
  9
$DIMASZ
 40
0.18
  9
$DIMEXO
 40
0.0625
  9
$DIMDLI
 40
0.38
  9
$DIMRND
 40
0.0
  9
$DIMDLE
 40
0.0
  9
$DIMEXE
 40
0.18
  9
$DIMTP
 40
0.0
  9
$DIMTM
 40
0.0
  9
$DIMTXT
 40
0.18
  9
$DIMCEN
 40
0.09
  9
$DIMTSZ
 40
0.0
  9
$DIMTOL
 70
     0
  9
$DIMLIM
 70
     0
  9
$DIMTIH
 70
     1
  9
$DIMTOH
 70
     1
  9
$DIMSE1
 70
     0
  9
$DIMSE2
 70
     0
  9
$DIMTAD
 70
     0
  9
$DIMZIN
 70
     0
  9
$DIMBLK
  1

  9
$DIMASO
 70
     1
  9
$DIMSHO
 70
     1
  9
$DIMPOST
  1

  9
$DIMAPOST
  1

  9
$DIMALT
 70
     0
  9
$DIMALTD
 70
     2
  9
$DIMALTF
 40
25.4
  9
$DIMLFAC
 40
1.0
  9
$DIMTOFL
 70
     0
  9
$DIMTVP
 40
0.0
  9
$DIMTIX
 70
     0
  9
$DIMSOXD
 70
     0
  9
$DIMSAH
 70
     0
  9
$DIMBLK1
  1

  9
$DIMBLK2
  1

  9
$DIMSTYLE
  2
Standard
  9
$DIMCLRD
 70
     0
  9
$DIMCLRE
 70
     0
  9
$DIMCLRT
 70
     0
  9
$DIMTFAC
 40
1.0
  9
$DIMGAP
 40
0.09
  9
$DIMJUST
 70
     0
  9
$DIMSD1
 70
     0
  9
$DIMSD2
 70
     0
  9
$DIMTOLJ
 70
     1
  9
$DIMTZIN
 70
     0
  9
$DIMALTZ
 70
     0
  9
$DIMALTTZ
 70
     0
  9
$DIMUPT
 70
     0
  9
$DIMDEC
 70
     4
  9
$DIMTDEC
 70
     4
  9
$DIMALTU
 70
     2
  9
$DIMALTTD
 70
     2
  9
$DIMTXSTY
  7
Standard
  9
$DIMAUNIT
 70
     0
  9
$DIMADEC
 70
     0
  9
$DIMALTRND
 40
0.0
  9
$DIMAZIN
 70
     0
  9
$DIMDSEP
 70
    46
  9
$DIMATFIT
 70
     3
  9
$DIMFRAC
 70
     0
  9
$DIMLDRBLK
  1

  9
$DIMLUNIT
 70
     2
  9
$DIMLWD
 70
    -2
  9
$DIMLWE
 70
    -2
  9
$DIMTMOVE
 70
     0
  9
$DIMFXL
 40
1.0
  9
$DIMFXLON
 70
     0
  9
$DIMJOGANG
 40
0.7853981633974483
  9
$DIMTFILL
 70
     0
  9
$DIMTFILLCLR
 70
     0
  9
$DIMARCSYM
 70
     0
  9
$DIMLTYPE
  6

  9
$DIMLTEX1
  6

  9
$DIMLTEX2
  6

  9
$DIMTXTDIRECTION
 70
     0
  9
$LUNITS
 70
     2
  9
$LUPREC
 70
     4
  9
$SKETCHINC
 40
0.1
  9
$FILLETRAD
 40
0.0
  9
$AUNITS
 70
     0
  9
$AUPREC
 70
     0
  9
$MENU
  1
.
  9
$ELEVATION
 40
0.0
  9
$PELEVATION
 40
0.0
  9
$THICKNESS
 40
0.0
  9
$LIMCHECK
 70
     0
  9
$CHAMFERA
 40
0.0
  9
$CHAMFERB
 40
0.0
  9
$CHAMFERC
 40
0.0
  9
$CHAMFERD
 40
0.0
  9
$SKPOLY
 70
     0
  9
$TDCREATE
 40
2460730.623680556
  9
$TDUCREATE
 40
2460730.748680556
  9
$TDUPDATE
 40
2460739.011828704
  9
$TDUUPDATE
 40
2460739.136828704
  9
$TDINDWG
 40
0.0226388889
  9
$TDUSRTIMER
 40
0.0226388889
  9
$USRTIMER
 70
     1
  9
$ANGBASE
 50
0.0
  9
$ANGDIR
 70
     0
  9
$PDMODE
 70
     0
  9
$PDSIZE
 40
0.0
  9
$PLINEWID
 40
0.0
  9
$SPLFRAME
 70
     0
  9
$SPLINETYPE
 70
     6
  9
$SPLINESEGS
 70
     8
  9
$HANDSEED
  5
394
  9
$SURFTAB1
 70
     6
  9
$SURFTAB2
 70
     6
  9
$SURFTYPE
 70
     6
  9
$SURFU
 70
     6
  9
$SURFV
 70
     6
  9
$UCSBASE
  2

  9
$UCSNAME
  2

  9
$UCSORG
 10
0.0
 20
0.0
 30
0.0
  9
$UCSXDIR
 10
1.0
 20
0.0
 30
0.0
  9
$UCSYDIR
 10
0.0
 20
1.0
 30
0.0
  9
$UCSORTHOREF
  2

  9
$UCSORTHOVIEW
 70
     0
  9
$UCSORGTOP
 10
0.0
 20
0.0
 30
0.0
  9
$UCSORGBOTTOM
 10
0.0
 20
0.0
 30
0.0
  9
$UCSORGLEFT
 10
0.0
 20
0.0
 30
0.0
  9
$UCSORGRIGHT
 10
0.0
 20
0.0
 30
0.0
  9
$UCSORGFRONT
 10
0.0
 20
0.0
 30
0.0
  9
$UCSORGBACK
 10
0.0
 20
0.0
 30
0.0
  9
$PUCSBASE
  2

  9
$PUCSNAME
  2

  9
$PUCSORG
 10
0.0
 20
0.0
 30
0.0
  9
$PUCSXDIR
 10
1.0
 20
0.0
 30
0.0
  9
$PUCSYDIR
 10
0.0
 20
1.0
 30
0.0
  9
$PUCSORTHOREF
  2

  9
$PUCSORTHOVIEW
 70
     0
  9
$PUCSORGTOP
 10
0.0
 20
0.0
 30
0.0
  9
$PUCSORGBOTTOM
 10
0.0
 20
0.0
 30
0.0
  9
$PUCSORGLEFT
 10
0.0
 20
0.0
 30
0.0
  9
$PUCSORGRIGHT
 10
0.0
 20
0.0
 30
0.0
  9
$PUCSORGFRONT
 10
0.0
 20
0.0
 30
0.0
  9
$PUCSORGBACK
 10
0.0
 20
0.0
 30
0.0
  9
$USERI1
 70
     0
  9
$USERI2
 70
     0
  9
$USERI3
 70
     0
  9
$USERI4
 70
     0
  9
$USERI5
 70
     0
  9
$USERR1
 40
0.0
  9
$USERR2
 40
0.0
  9
$USERR3
 40
0.0
  9
$USERR4
 40
0.0
  9
$USERR5
 40
0.0
  9
$WORLDVIEW
 70
     1
  9
$SHADEDGE
 70
     3
  9
$SHADEDIF
 70
    70
  9
$TILEMODE
 70
     1
  9
$MAXACTVP
 70
    64
  9
$PINSBASE
 10
0.0
 20
0.0
 30
0.0
  9
$PLIMCHECK
 70
     0
  9
$PEXTMIN
 10
64.27901684485153
 20
59.47287840171589
 30
-0.0015258207003583
  9
$PEXTMAX
 10
274.3012221009852
 20
356.5108803466415
 30
0.0000000349246037
  9
$PLIMMIN
 10
64.27901684485153
 20
59.47287840171589
  9
$PLIMMAX
 10
484.5984757423225
 20
356.6684553999278
  9
$UNITMODE
 70
     0
  9
$VISRETAIN
 70
     1
  9
$PLINEGEN
 70
     0
  9
$PSLTSCALE
 70
     0
  9
$TREEDEPTH
 70
  3020
  9
$CMLSTYLE
  2
Standard
  9
$CMLJUST
 70
     0
  9
$CMLSCALE
 40
1.0
  9
$PROXYGRAPHICS
 70
     1
  9
$MEASUREMENT
 70
     1
  9
$CELWEIGHT
370
    -1
  9
$ENDCAPS
280
     0
  9
$JOINSTYLE
280
     0
  9
$LWDISPLAY
290
     0
  9
$INSUNITS
 70
     4
  9
$HYPERLINKBASE
  1

  9
$STYLESHEET
  1

  9
$XEDIT
290
     1
  9
$CEPSNTYPE
380
     0
  9
$PSTYLEMODE
290
     1
  9
$FINGERPRINTGUID
  2
{F78385C5-FCC1-4B4F-9659-C41E155FE6AB}
  9
$VERSIONGUID
  2
{30695347-2E19-7A4F-9BE2-6D371A830511}
  9
$EXTNAMES
290
     1
  9
$PSVPSCALE
 40
0.0
  9
$OLESTARTUP
290
     0
  9
$SORTENTS
280
   127
  9
$INDEXCTL
280
     0
  9
$HIDETEXT
280
     1
  9
$XCLIPFRAME
280
     2
  9
$HALOGAP
280
     0
  9
$OBSCOLOR
 70
   257
  9
$OBSLTYPE
280
     0
  9
$INTERSECTIONDISPLAY
280
     0
  9
$INTERSECTIONCOLOR
 70
   257
  9
$DIMASSOC
280
     2
  9
$PROJECTNAME
  1

  9
$CAMERADISPLAY
290
     0
  9
$LENSLENGTH
 40
50.0
  9
$CAMERAHEIGHT
 40
0.0
  9
$STEPSPERSEC
 40
2.0
  9
$STEPSIZE
 40
6.0
  9
$3DDWFPREC
 40
2.0
  9
$PSOLWIDTH
 40
0.25
  9
$PSOLHEIGHT
 40
4.0
  9
$LOFTANG1
 40
1.570796326794896
  9
$LOFTANG2
 40
1.570796326794896
  9
$LOFTMAG1
 40
0.0
  9
$LOFTMAG2
 40
0.0
  9
$LOFTPARAM
 70
     7
  9
$LOFTNORMALS
280
     1
  9
$LATITUDE
 40
0.0
  9
$LONGITUDE
 40
0.0
  9
$NORTHDIRECTION
 40
0.0
  9
$TIMEZONE
 70
     0
  9
$LIGHTGLYPHDISPLAY
280
     1
  9
$TILEMODELIGHTSYNCH
280
     1
  9
$CMATERIAL
347
11
  9
$SOLIDHIST
280
     0
  9
$SHOWHIST
280
     1
  9
$DWFFRAME
280
     2
  9
$DGNFRAME
280
     0
  9
$REALWORLDSCALE
290
     1
  9
$INTERFERECOLOR
 62
     1
  9
$INTERFEREOBJVS
345
33
  9
$INTERFEREVPVS
346
30
  9
$CSHADOW
280
     0
  9
$SHADOWPLANELOCATION
 40
0.0
  0
ENDSEC
  0
SECTION
  2
CLASSES
  0
CLASS
  1
ACDBDICTIONARYWDFLT
  2
AcDbDictionaryWithDefault
  3
ObjectDBX Classes
 90
        0
 91
        1
280
     0
281
     0
  0
CLASS
  1
MATERIAL
  2
AcDbMaterial
  3
ObjectDBX Classes
 90
     1153
 91
        3
280
     0
281
     0
  0
CLASS
  1
VISUALSTYLE
  2
AcDbVisualStyle
  3
ObjectDBX Classes
 90
     4095
 91
       24
280
     0
281
     0
  0
CLASS
  1
SCALE
  2
AcDbScale
  3
ObjectDBX Classes
 90
     1153
 91
       17
280
     0
281
     0
  0
CLASS
  1
TABLESTYLE
  2
AcDbTableStyle
  3
ObjectDBX Classes
 90
     4095
 91
        1
280
     0
281
     0
  0
CLASS
  1
MLEADERSTYLE
  2
AcDbMLeaderStyle
  3
ACDB_MLEADERSTYLE_CLASS
 90
     4095
 91
        1
280
     0
281
     0
  0
CLASS
  1
ACDBSECTIONVIEWSTYLE
  2
AcDbSectionViewStyle
  3
ObjectDBX Classes
 90
     1025
 91
        2
280
     0
281
     0
  0
CLASS
  1
ACDBDETAILVIEWSTYLE
  2
AcDbDetailViewStyle
  3
ObjectDBX Classes
 90
     1025
 91
        2
280
     0
281
     0
  0
CLASS
  1
RASTERVARIABLES
  2
AcDbRasterVariables
  3
ISM
 90
        0
 91
        1
280
     0
281
     0
  0
CLASS
  1
DICTIONARYVAR
  2
AcDbDictionaryVar
  3
ObjectDBX Classes
 90
        0
 91
        5
280
     0
281
     0
  0
CLASS
  1
SORTENTSTABLE
  2
AcDbSortentsTable
  3
ObjectDBX Classes
 90
        0
 91
        1
280
     0
281
     0
  0
CLASS
  1
SUN
  2
AcDbSun
  3
SCENEOE
 90
     1153
 91
        1
280
     0
281
     0
  0
CLASS
  1
RAPIDRTRENDERSETTINGS
  2
AcDbRapidRTRenderSettings
  3
ObjectDBX Classes
 90
     1024
 91
        7
280
     0
281
     0
  0
CLASS
  1
CELLSTYLEMAP
  2
AcDbCellStyleMap
  3
ObjectDBX Classes
 90
     1152
 91
        1
280
     0
281
     0
  0
ENDSEC
  0
SECTION
  2
TABLES
  0
TABLE
  2
VPORT
  5
8
330
0
100
AcDbSymbolTable
 70
     1
  0
VPORT
  5
57
330
8
100
AcDbSymbolTableRecord
100
AcDbViewportTableRecord
  2
*Active
 70
     0
 10
0.0
 20
0.0
 11
1.0
 21
1.0
 12
67169.94485972435
 22
-16509.72638678519
 13
0.0
 23
0.0
 14
1.0
 24
1.0
 15
0.0
 25
0.0
 16
0.0
 26
0.0
 36
1.0
 17
0.0
 27
0.0
 37
0.0
 40
38191.76827003729
 41
2.531208499335989
 42
50.0
 43
0.0
 44
0.0
 50
0.0
 51
0.0
 71
     0
 72
  1000
 73
     1
 74
     1
 75
     0
 76
     0
 77
     0
 78
     0
281
     0
 65
     1
110
0.0
120
0.0
130
0.0
111
1.0
121
0.0
131
0.0
112
0.0
122
1.0
132
0.0
 79
     0
146
0.0
348
2F
 60
     3
 61
     5
292
     1
282
     1
141
0.0
142
0.0
 63
   250
421
  3355443
361
284
1001
ACAD_NAV_VCDISPLAY
1070
     3
  0
ENDTAB
  0
TABLE
  2
LTYPE
  5
5
330
0
100
AcDbSymbolTable
 70
     1
  0
LTYPE
  5
5B
330
5
100
AcDbSymbolTableRecord
100
AcDbLinetypeTableRecord
  2
ByBlock
 70
     0
  3

 72
    65
 73
     0
 40
0.0
  0
LTYPE
  5
5C
330
5
100
AcDbSymbolTableRecord
100
AcDbLinetypeTableRecord
  2
ByLayer
 70
     0
  3

 72
    65
 73
     0
 40
0.0
  0
LTYPE
  5
5D
330
5
100
AcDbSymbolTableRecord
100
AcDbLinetypeTableRecord
  2
Continuous
 70
     0
  3
Solid line
 72
    65
 73
     0
 40
0.0
  0
ENDTAB
  0
TABLE
  2
LAYER
  5
2
102
{ACAD_XDICTIONARY
360
2A1
102
}
330
0
100
AcDbSymbolTable
 70
     8
  0
LAYER
  5
54
330
2
100
AcDbSymbolTableRecord
100
AcDbLayerTableRecord
  2
0
 70
     0
 62
   250
  6
Continuous
370
    25
390
F
347
21
348
0
  0
LAYER
  5
84
330
2
100
AcDbSymbolTableRecord
100
AcDbLayerTableRecord
  2
A-POR-___-___-EXI
 70
     0
 62
   250
  6
Continuous
370
    25
390
F
347
21
348
0
  0
LAYER
  5
154
330
2
100
AcDbSymbolTableRecord
100
AcDbLayerTableRecord
  2
A-JAN-___-___-EXI
 70
     0
 62
   250
  6
Continuous
370
    25
390
F
347
21
348
0
  0
LAYER
  5
1EB
330
2
100
AcDbSymbolTableRecord
100
AcDbLayerTableRecord
  2
A-ESC-___-___-EXI
 70
     0
 62
   250
  6
Continuous
370
    25
390
F
347
21
348
0
  0
LAYER
  5
1FC
330
2
100
AcDbSymbolTableRecord
100
AcDbLayerTableRecord
  2
A-ALV-___-___-EXI
 70
     0
 62
   250
  6
Continuous
370
    35
390
F
347
21
348
0
  0
LAYER
  5
26D
330
2
100
AcDbSymbolTableRecord
100
AcDbLayerTableRecord
  2
A-PIL-___-___-EXI
 70
     0
 62
   250
  6
Continuous
370
    25
390
F
347
21
348
0
  0
LAYER
  5
273
330
2
100
AcDbSymbolTableRecord
100
AcDbLayerTableRecord
  2
A-PIS-___-___-EXI
 70
     0
 62
   250
  6
Continuous
370
    25
390
F
347
21
348
0
  0
LAYER
  5
275
330
2
100
AcDbSymbolTableRecord
100
AcDbLayerTableRecord
  2
A-COB-___-___-EXI
 70
     0
 62
   250
  6
Continuous
370
    25
390
F
347
21
348
0
  0
ENDTAB
  0
TABLE
  2
STYLE
  5
3
330
0
100
AcDbSymbolTable
 70
     2
  0
STYLE
  5
55
330
3
100
AcDbSymbolTableRecord
100
AcDbTextStyleTableRecord
  2
Standard
 70
     0
 40
0.0
 41
1.0
 50
0.0
 71
     0
 42
0.2
  3
txt
  4

  0
STYLE
  5
5A
330
3
100
AcDbSymbolTableRecord
100
AcDbTextStyleTableRecord
  2
Annotative
 70
     0
 40
0.0
 41
1.0
 50
0.0
 71
     0
 42
0.2
  3
txt
  4

1001
AcadAnnotative
1000
AnnotativeData
1002
{
1070
     1
1070
     1
1002
}
  0
ENDTAB
  0
TABLE
  2
VIEW
  5
6
330
0
100
AcDbSymbolTable
 70
     0
  0
ENDTAB
  0
TABLE
  2
UCS
  5
7
330
0
100
AcDbSymbolTable
 70
     0
  0
ENDTAB
  0
TABLE
  2
APPID
  5
9
330
0
100
AcDbSymbolTable
 70
     6
  0
APPID
  5
56
330
9
100
AcDbSymbolTableRecord
100
AcDbRegAppTableRecord
  2
ACAD
 70
     0
  0
APPID
  5
5E
330
9
100
AcDbSymbolTableRecord
100
AcDbRegAppTableRecord
  2
AcadAnnotative
 70
     0
  0
APPID
  5
78
330
9
100
AcDbSymbolTableRecord
100
AcDbRegAppTableRecord
  2
REVIT
 70
     0
  0
APPID
  5
294
330
9
100
AcDbSymbolTableRecord
100
AcDbRegAppTableRecord
  2
ACAD_PSEXT
 70
     0
  0
APPID
  5
2CF
330
9
100
AcDbSymbolTableRecord
100
AcDbRegAppTableRecord
  2
ACAD_NAV_VCDISPLAY
 70
     0
  0
APPID
  5
2E8
330
9
100
AcDbSymbolTableRecord
100
AcDbRegAppTableRecord
  2
ACAD_EXEMPT_FROM_CAD_STANDARDS
 70
     0
  0
ENDTAB
  0
TABLE
  2
DIMSTYLE
  5
A
330
0
100
AcDbSymbolTable
 70
     2
100
AcDbDimStyleTable
 71
     0
  0
DIMSTYLE
105
58
330
A
100
AcDbSymbolTableRecord
100
AcDbDimStyleTableRecord
  2
Standard
 70
     0
340
55
  0
DIMSTYLE
105
59
330
A
100
AcDbSymbolTableRecord
100
AcDbDimStyleTableRecord
  2
Annotative
 70
     0
340
55
1001
AcadAnnotative
1000
AnnotativeData
1002
{
1070
     1
1070
     1
1002
}
  0
ENDTAB
  0
TABLE
  2
BLOCK_RECORD
  5
1
330
0
100
AcDbSymbolTable
 70
     1
  0
BLOCK_RECORD
  5
70
102
{ACAD_XDICTIONARY
360
282
102
}
330
1
100
AcDbSymbolTableRecord
100
AcDbBlockTableRecord
  2
*Model_Space
340
73
 70
     0
280
     1
281
     0
  0
BLOCK_RECORD
  5
6C
330
1
100
AcDbSymbolTableRecord
100
AcDbBlockTableRecord
  2
*Paper_Space
340
6F
 70
     0
280
     1
281
     0
  0
BLOCK_RECORD
  5
274
330
1
100
AcDbSymbolTableRecord
100
AcDbBlockTableRecord
  2
SVG - A4-23055967-Não nomeada
340
0
102
{BLKREFS
331
27C
102
}
 70
     0
280
     1
281
     0
  0
ENDTAB
  0
ENDSEC
  0
SECTION
  2
BLOCKS
  0
BLOCK
  5
71
330
70
100
AcDbEntity
  8
0
100
AcDbBlockBegin
  2
*Model_Space
 70
     0
 10
0.0
 20
0.0
 30
0.0
  3
*Model_Space
  1

  0
ENDBLK
  5
72
330
70
100
AcDbEntity
  8
0
100
AcDbBlockEnd
  0
BLOCK
  5
6D
330
6C
100
AcDbEntity
 67
     1
  8
0
100
AcDbBlockBegin
  2
*Paper_Space
 70
     0
 10
0.0
 20
0.0
 30
0.0
  3
*Paper_Space
  1

  0
ENDBLK
  5
6E
330
6C
100
AcDbEntity
 67
     1
  8
0
100
AcDbBlockEnd
  0
BLOCK
  5
27A
330
274
100
AcDbEntity
  8
0
100
AcDbBlockBegin
  2
SVG - A4-23055967-Não nomeada
 70
     0
 10
0.0
 20
0.0
 30
0.0
  3
SVG - A4-23055967-Não nomeada
  1

  0
LINE
  5
276
330
274
100
AcDbEntity
  8
A-COB-___-___-EXI
100
AcDbLine
 10
64.29285070883699
 20
356.4999999999859
 30
0.0
 11
64.29285070883699
 21
59.49999999998593
 31
0.0
1001
REVIT
1002
{
1070
     1
1000
23056000
1002
}
1002
{
1070
     5
1000
23055967
1002
}
1002
{
1070
     3
1000
-2000281
1002
}
  0
LINE
  5
277
330
274
100
AcDbEntity
  8
A-COB-___-___-EXI
100
AcDbLine
 10
64.29285070883699
 20
59.49999999998593
 30
0.0
 11
274.292850708837
 21
59.49999999998593
 31
0.0
1001
REVIT
1002
{
1070
     1
1000
23056000
1002
}
1002
{
1070
     5
1000
23055967
1002
}
1002
{
1070
     3
1000
-2000281
1002
}
  0
LINE
  5
278
330
274
100
AcDbEntity
  8
A-COB-___-___-EXI
100
AcDbLine
 10
274.292850708837
 20
59.49999999998593
 30
0.0
 11
274.292850708837
 21
356.4999999999859
 31
0.0
1001
REVIT
1002
{
1070
     1
1000
23056000
1002
}
1002
{
1070
     5
1000
23055967
1002
}
1002
{
1070
     3
1000
-2000281
1002
}
  0
LINE
  5
279
330
274
100
AcDbEntity
  8
A-COB-___-___-EXI
100
AcDbLine
 10
274.292850708837
 20
356.4999999999859
 30
0.0
 11
64.29285070883699
 21
356.4999999999859
 31
0.0
1001
REVIT
1002
{
1070
     1
1000
23056000
1002
}
1002
{
1070
     5
1000
23055967
1002
}
1002
{
1070
     3
1000
-2000281
1002
}
  0
ENDBLK
  5
27B
330
274
100
AcDbEntity
  8
0
100
AcDbBlockEnd
  0
ENDSEC
  0
SECTION
  2
ENTITIES
  0
HATCH
  5
89
330
70
100
AcDbEntity
  8
A-ALV-___-___-EXI
 62
    11
100
AcDbHatch
 10
0.0
 20
0.0
 30
0.0
210
0.0
220
0.0
230
1.0
  2
SOLID
 70
     1
 71
     0
 91
        1
 92
        1
 93
        4
 72
     1
 10
54494.94691674806
 20
-26031.89412206891
 11
55294.94691674806
 21
-26031.89412206891
 72
     1
 10
55294.94691674806
 20
-26031.89412206891
 11
55294.94691674806
 21
-25831.89412206891
 72
     1
 10
55294.94691674806
 20
-25831.89412206891
 11
54494.94691674806
 21
-25831.89412206891
 72
     1
 10
54494.94691674806
 20
-25831.89412206891
 11
54494.94691674806
 21
-26031.89412206891
 97
        0
 75
     0
 76
     1
 98
        1
 10
0.0
 20
0.0
450
        0
451
        0
460
0.0
461
0.0
452
        0
462
0.0
453
        0
470

1001
REVIT
1002
{
1070
     1
1000
22991148
1002
}
1002
{
1070
     5
1000
22554474
1002
}
1002
{
1070
     2
1000
-2000011
1002
}
1002
{
1070
     3
1000
-2000588
1002
}
  0
HATCH
  5
8E
330
70
100
AcDbEntity
  8
A-ALV-___-___-EXI
 62
    11
100
AcDbHatch
 10
0.0
 20
0.0
 30
0.0
210
0.0
220
0.0
230
1.0
  2
SOLID
 70
     1
 71
     0
 91
        1
 92
        1
 93
        4
 72
     1
 10
63814.94691674805
 20
-25831.89412206893
 11
63814.94691674807
 21
-11371.8941220689
 72
     1
 10
63814.94691674807
 20
-11371.8941220689
 11
63614.94691674808
 21
-11371.8941220689
 72
     1
 10
63614.94691674808
 20
-11371.8941220689
 11
63614.94691674805
 21
-25831.89412206893
 72
     1
 10
63614.94691674805
 20
-25831.89412206893
 11
63814.94691674805
 21
-25831.89412206893
 97
        0
 75
     0
 76
     1
 98
        1
 10
0.0
 20
0.0
450
        0
451
        0
460
0.0
461
0.0
452
        0
462
0.0
453
        0
470

1001
REVIT
1002
{
1070
     1
1000
22991156
1002
}
1002
{
1070
     5
1000
22554474
1002
}
1002
{
1070
     2
1000
-2000011
1002
}
1002
{
1070
     3
1000
-2000588
1002
}
  0
HATCH
  5
93
330
70
100
AcDbEntity
  8
A-ALV-___-___-EXI
 62
    11
100
AcDbHatch
 10
0.0
 20
0.0
 30
0.0
210
0.0
220
0.0
230
1.0
  2
SOLID
 70
     1
 71
     0
 91
        1
 92
        1
 93
        4
 72
     1
 10
60116.19464136901
 20
-25831.89412206893
 11
60116.19464136901
 21
-24771.89412206892
 72
     1
 10
60116.19464136901
 20
-24771.89412206892
 11
59966.19464136902
 21
-24771.89412206892
 72
     1
 10
59966.19464136902
 20
-24771.89412206892
 11
59966.19464136902
 21
-25831.89412206892
 72
     1
 10
59966.19464136902
 20
-25831.89412206892
 11
60116.19464136901
 21
-25831.89412206893
 97
        0
 75
     0
 76
     1
 98
        1
 10
0.0
 20
0.0
450
        0
451
        0
460
0.0
461
0.0
452
        0
462
0.0
453
        0
470

1001
REVIT
1002
{
1070
     1
1000
22991157
1002
}
1002
{
1070
     5
1000
3324767
1002
}
1002
{
1070
     2
1000
-2000011
1002
}
1002
{
1070
     3
1000
-2000588
1002
}
  0
HATCH
  5
99
330
70
100
AcDbEntity
  8
A-ALV-___-___-EXI
 62
    11
100
AcDbHatch
 10
0.0
 20
0.0
 30
0.0
210
0.0
220
0.0
230
1.0
  2
SOLID
 70
     1
 71
     0
 91
        1
 92
        1
 93
        5
 72
     1
 10
56684.94691674808
 20
-11571.89412206888
 11
56684.94691674808
 21
-11371.89412206888
 72
     1
 10
56684.94691674808
 20
-11371.89412206888
 11
54794.94691674809
 21
-11371.89412206887
 72
     1
 10
54794.94691674809
 20
-11371.89412206887
 11
54794.94691674809
 21
-11571.89412206887
 72
     1
 10
54794.94691674809
 20
-11571.89412206887
 11
54994.9469167481
 21
-11571.89412206888
 72
     1
 10
54994.9469167481
 20
-11571.89412206888
 11
56684.94691674808
 21
-11571.89412206888
 97
        0
 75
     0
 76
     1
 98
        1
 10
0.0
 20
0.0
450
        0
451
        0
460
0.0
461
0.0
452
        0
462
0.0
453
        0
470

1001
REVIT
1002
{
1070
     1
1000
22991162
1002
}
1002
{
1070
     5
1000
22554474
1002
}
1002
{
1070
     2
1000
-2000011
1002
}
1002
{
1070
     3
1000
-2000588
1002
}
  0
HATCH
  5
9F
330
70
100
AcDbEntity
  8
A-ALV-___-___-EXI
 62
    11
100
AcDbHatch
 10
0.0
 20
0.0
 30
0.0
210
0.0
220
0.0
230
1.0
  2
SOLID
 70
     1
 71
     0
 91
        1
 92
        1
 93
        5
 72
     1
 10
58414.94691674812
 20
-2936.26136493459
 11
58564.94691674812
 21
-2936.26136493459
 72
     1
 10
58564.94691674812
 20
-2936.26136493459
 11
58564.94691674812
 21
-2736.26136493459
 72
     1
 10
58564.94691674812
 20
-2736.26136493459
 11
56844.94691674812
 21
-2736.261364934584
 72
     1
 10
56844.94691674812
 20
-2736.261364934584
 11
56844.94691674812
 21
-2936.261364934586
 72
     1
 10
56844.94691674812
 20
-2936.261364934586
 11
58414.94691674812
 21
-2936.26136493459
 97
        0
 75
     0
 76
     1
 98
        1
 10
0.0
 20
0.0
450
        0
451
        0
460
0.0
461
0.0
452
        0
462
0.0
453
        0
470

1001
REVIT
1002
{
1070
     1
1000
22991165
1002
}
1002
{
1070
     5
1000
22554474
1002
}
1002
{
1070
     2
1000
-2000011
1002
}
1002
{
1070
     3
1000
-2000588
1002
}
  0
HATCH
  5
A4
330
70
100
AcDbEntity
  8
A-ALV-___-___-EXI
 62
    11
100
AcDbHatch
 10
0.0
 20
0.0
 30
0.0
210
0.0
220
0.0
230
1.0
  2
SOLID
 70
     1
 71
     0
 91
        1
 92
        1
 93
        4
 72
     1
 10
58564.94691674811
 20
-11371.89412206888
 11
58564.94691674811
 21
-10651.8941220689
 72
     1
 10
58564.94691674811
 20
-10651.8941220689
 11
58414.9469167481
 21
-10651.8941220689
 72
     1
 10
58414.9469167481
 20
-10651.8941220689
 11
58414.9469167481
 21
-11371.89412206888
 72
     1
 10
58414.9469167481
 20
-11371.89412206888
 11
58564.94691674811
 21
-11371.89412206888
 97
        0
 75
     0
 76
     1
 98
        1
 10
0.0
 20
0.0
450
        0
451
        0
460
0.0
461
0.0
452
        0
462
0.0
453
        0
470

1001
REVIT
1002
{
1070
     1
1000
22991167
1002
}
1002
{
1070
     5
1000
3324767
1002
}
1002
{
1070
     2
1000
-2000011
1002
}
1002
{
1070
     3
1000
-2000588
1002
}
  0
HATCH
  5
A9
330
70
100
AcDbEntity
  8
A-ALV-___-___-EXI
 62
    11
100
AcDbHatch
 10
0.0
 20
0.0
 30
0.0
210
0.0
220
0.0
230
1.0
  2
SOLID
 70
     1
 71
     0
 91
        1
 92
        1
 93
        4
 72
     1
 10
56874.94691674809
 20
-26031.89412206892
 11
56874.94691674809
 21
-25831.89412206892
 72
     1
 10
56874.94691674809
 20
-25831.89412206892
 11
56554.94691674809
 21
-25831.89412206891
 72
     1
 10
56554.94691674809
 20
-25831.89412206891
 11
56554.94691674809
 21
-26031.89412206892
 72
     1
 10
56554.94691674809
 20
-26031.89412206892
 11
56874.94691674809
 21
-26031.89412206892
 97
        0
 75
     0
 76
     1
 98
        1
 10
0.0
 20
0.0
450
        0
451
        0
460
0.0
461
0.0
452
        0
462
0.0
453
        0
470

1001
REVIT
1002
{
1070
     1
1000
22991168
1002
}
1002
{
1070
     5
1000
22554474
1002
}
1002
{
1070
     2
1000
-2000011
1002
}
1002
{
1070
     3
1000
-2000588
1002
}
  0
HATCH
  5
AE
330
70
100
AcDbEntity
  8
A-ALV-___-___-EXI
 62
    11
100
AcDbHatch
 10
0.0
 20
0.0
 30
0.0
210
0.0
220
0.0
230
1.0
  2
SOLID
 70
     1
 71
     0
 91
        1
 92
        1
 93
        4
 72
     1
 10
58551.19464136897
 20
-26031.89412206892
 11
58551.19464136897
 21
-25831.89412206892
 72
     1
 10
58551.19464136897
 20
-25831.89412206892
 11
58131.19464136898
 21
-25831.89412206892
 72
     1
 10
58131.19464136898
 20
-25831.89412206892
 11
58131.19464136898
 21
-26031.89412206892
 72
     1
 10
58131.19464136898
 20
-26031.89412206892
 11
58551.19464136897
 21
-26031.89412206892
 97
        0
 75
     0
 76
     1
 98
        1
 10
0.0
 20
0.0
450
        0
451
        0
460
0.0
461
0.0
452
        0
462
0.0
453
        0
470

1001
REVIT
1002
{
1070
     1
1000
22991169
1002
}
1002
{
1070
     5
1000
22554474
1002
}
1002
{
1070
     2
1000
-2000011
1002
}
1002
{
1070
     3
1000
-2000588
1002
}
  0
HATCH
  5
B3
330
70
100
AcDbEntity
  8
A-ALV-___-___-EXI
 62
    11
100
AcDbHatch
 10
0.0
 20
0.0
 30
0.0
210
0.0
220
0.0
230
1.0
  2
SOLID
 70
     1
 71
     0
 91
        1
 92
        1
 93
        4
 72
     1
 10
61846.194641369
 20
-26031.89412206893
 11
61846.194641369
 21
-25831.89412206893
 72
     1
 10
61846.194641369
 20
-25831.89412206893
 11
61486.19464136902
 21
-25831.89412206893
 72
     1
 10
61486.19464136902
 20
-25831.89412206893
 11
61486.19464136902
 21
-26031.89412206893
 72
     1
 10
61486.19464136902
 20
-26031.89412206893
 11
61846.194641369
 21
-26031.89412206893
 97
        0
 75
     0
 76
     1
 98
        1
 10
0.0
 20
0.0
450
        0
451
        0
460
0.0
461
0.0
452
        0
462
0.0
453
        0
470

1001
REVIT
1002
{
1070
     1
1000
22991171
1002
}
1002
{
1070
     5
1000
22554474
1002
}
1002
{
1070
     2
1000
-2000011
1002
}
1002
{
1070
     3
1000
-2000588
1002
}
  0
HATCH
  5
B8
330
70
100
AcDbEntity
  8
A-ALV-___-___-EXI
 62
    11
100
AcDbHatch
 10
0.0
 20
0.0
 30
0.0
210
0.0
220
0.0
230
1.0
  2
SOLID
 70
     1
 71
     0
 91
        1
 92
        1
 93
        4
 72
     1
 10
63814.94691674805
 20
-26031.89412206894
 11
63814.94691674805
 21
-25831.89412206893
 72
     1
 10
63814.94691674805
 20
-25831.89412206893
 11
63174.94691674806
 21
-25831.89412206893
 72
     1
 10
63174.94691674806
 20
-25831.89412206893
 11
63174.94691674806
 21
-26031.89412206894
 72
     1
 10
63174.94691674806
 20
-26031.89412206894
 11
63814.94691674805
 21
-26031.89412206894
 97
        0
 75
     0
 76
     1
 98
        1
 10
0.0
 20
0.0
450
        0
451
        0
460
0.0
461
0.0
452
        0
462
0.0
453
        0
470

1001
REVIT
1002
{
1070
     1
1000
22991172
1002
}
1002
{
1070
     5
1000
22554474
1002
}
1002
{
1070
     2
1000
-2000011
1002
}
1002
{
1070
     3
1000
-2000588
1002
}
  0
HATCH
  5
BD
330
70
100
AcDbEntity
  8
A-ALV-___-___-EXI
 62
    11
100
AcDbHatch
 10
0.0
 20
0.0
 30
0.0
210
0.0
220
0.0
230
1.0
  2
SOLID
 70
     1
 71
     0
 91
        1
 92
        1
 93
        4
 72
     1
 10
60076.19464136902
 20
-23801.89412206893
 11
60076.19464136904
 21
-19451.89412206892
 72
     1
 10
60076.19464136904
 20
-19451.89412206892
 11
59926.19464136902
 21
-19451.89412206892
 72
     1
 10
59926.19464136902
 20
-19451.89412206892
 11
59926.19464136901
 21
-23801.89412206893
 72
     1
 10
59926.19464136901
 20
-23801.89412206893
 11
60076.19464136902
 21
-23801.89412206893
 97
        0
 75
     0
 76
     1
 98
        1
 10
0.0
 20
0.0
450
        0
451
        0
460
0.0
461
0.0
452
        0
462
0.0
453
        0
470

1001
REVIT
1002
{
1070
     1
1000
22991173
1002
}
1002
{
1070
     5
1000
3324767
1002
}
1002
{
1070
     2
1000
-2000011
1002
}
1002
{
1070
     3
1000
-2000588
1002
}
  0
HATCH
  5
C2
330
70
100
AcDbEntity
  8
A-ALV-___-___-EXI
 62
    11
100
AcDbHatch
 10
0.0
 20
0.0
 30
0.0
210
0.0
220
0.0
230
1.0
  2
SOLID
 70
     1
 71
     0
 91
        1
 92
        1
 93
        4
 72
     1
 10
56583.07077905855
 20
-18111.8941220689
 11
56583.07077905855
 21
-17611.89412206891
 72
     1
 10
56583.07077905855
 20
-17611.89412206891
 11
54994.94691674809
 21
-17611.8941220689
 72
     1
 10
54994.94691674809
 20
-17611.8941220689
 11
54994.94691674809
 21
-18111.8941220689
 72
     1
 10
54994.94691674809
 20
-18111.8941220689
 11
56583.07077905855
 21
-18111.8941220689
 97
        0
 75
     0
 76
     1
 98
        1
 10
0.0
 20
0.0
450
        0
451
        0
460
0.0
461
0.0
452
        0
462
0.0
453
        0
470

1001
REVIT
1002
{
1070
     1
1000
22991175
1002
}
1002
{
1070
     5
1000
22476260
1002
}
1002
{
1070
     2
1000
-2000011
1002
}
1002
{
1070
     3
1000
-2000588
1002
}
  0
HATCH
  5
C8
330
70
100
AcDbEntity
  8
A-ALV-___-___-EXI
 62
    11
100
AcDbHatch
 10
0.0
 20
0.0
 30
0.0
210
0.0
220
0.0
230
1.0
  2
SOLID
 70
     1
 71
     0
 91
        1
 92
        1
 93
        5
 72
     1
 10
62276.19464136903
 20
-19651.89412206893
 11
62476.19464136904
 21
-19651.89412206893
 72
     1
 10
62476.19464136904
 20
-19651.89412206893
 11
62476.19464136904
 21
-19451.89412206893
 72
     1
 10
62476.19464136904
 20
-19451.89412206893
 11
60076.19464136904
 21
-19451.89412206892
 72
     1
 10
60076.19464136904
 20
-19451.89412206892
 11
60076.19464136904
 21
-19651.89412206892
 72
     1
 10
60076.19464136904
 20
-19651.89412206892
 11
62276.19464136903
 21
-19651.89412206893
 97
        0
 75
     0
 76
     1
 98
        1
 10
0.0
 20
0.0
450
        0
451
        0
460
0.0
461
0.0
452
        0
462
0.0
453
        0
470

1001
REVIT
1002
{
1070
     1
1000
22991571
1002
}
1002
{
1070
     5
1000
22554474
1002
}
1002
{
1070
     2
1000
-2000011
1002
}
1002
{
1070
     3
1000
-2000588
1002
}
  0
HATCH
  5
CD
330
70
100
AcDbEntity
  8
A-ALV-___-___-EXI
 62
    11
100
AcDbHatch
 10
0.0
 20
0.0
 30
0.0
210
0.0
220
0.0
230
1.0
  2
SOLID
 70
     1
 71
     0
 91
        1
 92
        1
 93
        4
 72
     1
 10
62476.19464136904
 20
-21551.89412206893
 11
62476.19464136904
 21
-19651.89412206893
 72
     1
 10
62476.19464136904
 20
-19651.89412206893
 11
62276.19464136903
 21
-19651.89412206893
 72
     1
 10
62276.19464136903
 20
-19651.89412206893
 11
62276.19464136903
 21
-21551.89412206893
 72
     1
 10
62276.19464136903
 20
-21551.89412206893
 11
62476.19464136904
 21
-21551.89412206893
 97
        0
 75
     0
 76
     1
 98
        1
 10
0.0
 20
0.0
450
        0
451
        0
460
0.0
461
0.0
452
        0
462
0.0
453
        0
470

1001
REVIT
1002
{
1070
     1
1000
22991617
1002
}
1002
{
1070
     5
1000
22554474
1002
}
1002
{
1070
     2
1000
-2000011
1002
}
1002
{
1070
     3
1000
-2000588
1002
}
  0
HATCH
  5
D2
330
70
100
AcDbEntity
  8
A-ALV-___-___-EXI
 62
    11
100
AcDbHatch
 10
0.0
 20
0.0
 30
0.0
210
0.0
220
0.0
230
1.0
  2
SOLID
 70
     1
 71
     0
 91
        1
 92
        1
 93
        4
 72
     1
 10
62276.19464136903
 20
-21551.89412206893
 11
62276.19464136903
 21
-21351.89412206893
 72
     1
 10
62276.19464136903
 20
-21351.89412206893
 11
61716.19464136901
 21
-21351.89412206893
 72
     1
 10
61716.19464136901
 20
-21351.89412206893
 11
61716.19464136901
 21
-21551.89412206893
 72
     1
 10
61716.19464136901
 20
-21551.89412206893
 11
62276.19464136903
 21
-21551.89412206893
 97
        0
 75
     0
 76
     1
 98
        1
 10
0.0
 20
0.0
450
        0
451
        0
460
0.0
461
0.0
452
        0
462
0.0
453
        0
470

1001
REVIT
1002
{
1070
     1
1000
22991688
1002
}
1002
{
1070
     5
1000
22554474
1002
}
1002
{
1070
     2
1000
-2000011
1002
}
1002
{
1070
     3
1000
-2000588
1002
}
  0
HATCH
  5
D7
330
70
100
AcDbEntity
  8
A-ALV-___-___-EXI
 62
    11
100
AcDbHatch
 10
0.0
 20
0.0
 30
0.0
210
0.0
220
0.0
230
1.0
  2
SOLID
 70
     1
 71
     0
 91
        1
 92
        1
 93
        4
 72
     1
 10
63614.94691674806
 20
-21551.89412206894
 11
63614.94691674806
 21
-21351.89412206894
 72
     1
 10
63614.94691674806
 20
-21351.89412206894
 11
63524.94691674809
 21
-21351.89412206894
 72
     1
 10
63524.94691674809
 20
-21351.89412206894
 11
63524.94691674809
 21
-21551.89412206894
 72
     1
 10
63524.94691674809
 20
-21551.89412206894
 11
63614.94691674806
 21
-21551.89412206894
 97
        0
 75
     0
 76
     1
 98
        1
 10
0.0
 20
0.0
450
        0
451
        0
460
0.0
461
0.0
452
        0
462
0.0
453
        0
470

1001
REVIT
1002
{
1070
     1
1000
22991756
1002
}
1002
{
1070
     5
1000
22554474
1002
}
1002
{
1070
     2
1000
-2000011
1002
}
1002
{
1070
     3
1000
-2000588
1002
}
  0
HATCH
  5
DD
330
70
100
AcDbEntity
  8
A-ALV-___-___-EXI
 62
    11
100
AcDbHatch
 10
0.0
 20
0.0
 30
0.0
210
0.0
220
0.0
230
1.0
  2
SOLID
 70
     1
 71
     0
 91
        1
 92
        1
 93
        5
 72
     1
 10
59926.19464136902
 20
-20251.89412206892
 11
59926.19464136902
 21
-20051.89412206892
 72
     1
 10
59926.19464136902
 20
-20051.89412206892
 11
58901.19464136902
 21
-20051.89412206892
 72
     1
 10
58901.19464136902
 20
-20051.89412206892
 11
58901.19464136902
 21
-20251.89412206892
 72
     1
 10
58901.19464136902
 20
-20251.89412206892
 11
59154.79619179795
 21
-20251.89412206892
 72
     1
 10
59154.79619179795
 20
-20251.89412206892
 11
59926.19464136902
 21
-20251.89412206892
 97
        0
 75
     0
 76
     1
 98
        1
 10
0.0
 20
0.0
450
        0
451
        0
460
0.0
461
0.0
452
        0
462
0.0
453
        0
470

1001
REVIT
1002
{
1070
     1
1000
22991864
1002
}
1002
{
1070
     5
1000
22554474
1002
}
1002
{
1070
     2
1000
-2000011
1002
}
1002
{
1070
     3
1000
-2000588
1002
}
  0
HATCH
  5
E2
330
70
100
AcDbEntity
  8
A-ALV-___-___-EXI
 62
    11
100
AcDbHatch
 10
0.0
 20
0.0
 30
0.0
210
0.0
220
0.0
230
1.0
  2
SOLID
 70
     1
 71
     0
 91
        1
 92
        1
 93
        4
 72
     1
 10
56583.07077905855
 20
-17611.89412206891
 11
56583.07077905855
 21
-16261.89412206891
 72
     1
 10
56583.07077905855
 20
-16261.89412206891
 11
56383.07077905855
 21
-16261.89412206891
 72
     1
 10
56383.07077905855
 20
-16261.89412206891
 11
56383.07077905855
 21
-17611.89412206891
 72
     1
 10
56383.07077905855
 20
-17611.89412206891
 11
56583.07077905855
 21
-17611.89412206891
 97
        0
 75
     0
 76
     1
 98
        1
 10
0.0
 20
0.0
450
        0
451
        0
460
0.0
461
0.0
452
        0
462
0.0
453
        0
470

1001
REVIT
1002
{
1070
     1
1000
22992193
1002
}
1002
{
1070
     5
1000
22554474
1002
}
1002
{
1070
     2
1000
-2000011
1002
}
1002
{
1070
     3
1000
-2000588
1002
}
  0
HATCH
  5
E9
330
70
100
AcDbEntity
  8
A-ALV-___-___-EXI
 62
    11
100
AcDbHatch
 10
0.0
 20
0.0
 30
0.0
210
0.0
220
0.0
230
1.0
  2
SOLID
 70
     1
 71
     0
 91
        1
 92
        1
 93
        6
 72
     1
 10
56583.07077905856
 20
-9051.894122068905
 11
56644.9469167481
 21
-9051.894122068905
 72
     1
 10
56644.9469167481
 20
-9051.894122068905
 11
56644.9469167481
 21
-8851.894122068902
 72
     1
 10
56644.9469167481
 20
-8851.894122068902
 11
54794.94691674809
 21
-8851.894122068896
 72
     1
 10
54794.94691674809
 20
-8851.894122068896
 11
54794.94691674809
 21
-9051.894122068896
 72
     1
 10
54794.94691674809
 20
-9051.894122068896
 11
56383.07077905857
 21
-9051.894122068901
 72
     1
 10
56383.07077905857
 20
-9051.894122068901
 11
56583.07077905856
 21
-9051.894122068905
 97
        0
 75
     0
 76
     1
 98
        1
 10
0.0
 20
0.0
450
        0
451
        0
460
0.0
461
0.0
452
        0
462
0.0
453
        0
470

1001
REVIT
1002
{
1070
     1
1000
22992262
1002
}
1002
{
1070
     5
1000
22554474
1002
}
1002
{
1070
     2
1000
-2000011
1002
}
1002
{
1070
     3
1000
-2000588
1002
}
  0
HATCH
  5
EE
330
70
100
AcDbEntity
  8
A-ALV-___-___-EXI
 62
    11
100
AcDbHatch
 10
0.0
 20
0.0
 30
0.0
210
0.0
220
0.0
230
1.0
  2
SOLID
 70
     1
 71
     0
 91
        1
 92
        1
 93
        4
 72
     1
 10
55864.9469167481
 20
-2936.261364934581
 11
55864.9469167481
 21
-2736.261364934581
 72
     1
 10
55864.9469167481
 20
-2736.261364934581
 11
54794.9469167481
 21
-2736.261364934577
 72
     1
 10
54794.9469167481
 20
-2736.261364934577
 11
54794.9469167481
 21
-2936.261364934578
 72
     1
 10
54794.9469167481
 20
-2936.261364934578
 11
55864.9469167481
 21
-2936.261364934581
 97
        0
 75
     0
 76
     1
 98
        1
 10
0.0
 20
0.0
450
        0
451
        0
460
0.0
461
0.0
452
        0
462
0.0
453
        0
470

1001
REVIT
1002
{
1070
     1
1000
22992572
1002
}
1002
{
1070
     5
1000
22554474
1002
}
1002
{
1070
     2
1000
-2000011
1002
}
1002
{
1070
     3
1000
-2000588
1002
}
  0
HATCH
  5
F3
330
70
100
AcDbEntity
  8
A-ALV-___-___-EXI
 62
    11
100
AcDbHatch
 10
0.0
 20
0.0
 30
0.0
210
0.0
220
0.0
230
1.0
  2
SOLID
 70
     1
 71
     0
 91
        1
 92
        1
 93
        4
 72
     1
 10
54794.94691674809
 20
-11571.89412206887
 11
54794.9469167481
 21
-2736.261364934579
 72
     1
 10
54794.9469167481
 20
-2736.261364934579
 11
54494.94691674809
 21
-2736.261364934576
 72
     1
 10
54494.94691674809
 20
-2736.261364934576
 11
54494.94691674808
 21
-11571.89412206887
 72
     1
 10
54494.94691674808
 20
-11571.89412206887
 11
54794.94691674809
 21
-11571.89412206887
 97
        0
 75
     0
 76
     1
 98
        1
 10
0.0
 20
0.0
450
        0
451
        0
460
0.0
461
0.0
452
        0
462
0.0
453
        0
470

1001
REVIT
1002
{
1070
     1
1000
22992763
1002
}
1002
{
1070
     5
1000
22542561
1002
}
1002
{
1070
     2
1000
-2000011
1002
}
1002
{
1070
     3
1000
-2000588
1002
}
  0
HATCH
  5
F9
330
70
100
AcDbEntity
  8
A-ALV-___-___-EXI
 62
    11
100
AcDbHatch
 10
0.0
 20
0.0
 30
0.0
210
0.0
220
0.0
230
1.0
  2
SOLID
 70
     1
 71
     0
 91
        1
 92
        1
 93
        5
 72
     1
 10
54794.94691674807
 20
-25831.89412206891
 11
54994.94691674808
 21
-25831.89412206891
 72
     1
 10
54994.94691674808
 20
-25831.89412206891
 11
54994.9469167481
 21
-11571.89412206887
 72
     1
 10
54994.9469167481
 20
-11571.89412206887
 11
54794.9469167481
 21
-11571.89412206887
 72
     1
 10
54794.9469167481
 20
-11571.89412206887
 11
54794.94691674809
 21
-13162.85673309708
 72
     1
 10
54794.94691674809
 20
-13162.85673309708
 11
54794.94691674807
 21
-25831.89412206891
 97
        0
 75
     0
 76
     1
 98
        1
 10
0.0
 20
0.0
450
        0
451
        0
460
0.0
461
0.0
452
        0
462
0.0
453
        0
470

1001
REVIT
1002
{
1070
     1
1000
22993600
1002
}
1002
{
1070
     5
1000
22554474
1002
}
1002
{
1070
     2
1000
-2000011
1002
}
1002
{
1070
     3
1000
-2000588
1002
}
  0
HATCH
  5
FE
330
70
100
AcDbEntity
  8
A-ALV-___-___-EXI
 62
    11
100
AcDbHatch
 10
0.0
 20
0.0
 30
0.0
210
0.0
220
0.0
230
1.0
  2
SOLID
 70
     1
 71
     0
 91
        1
 92
        1
 93
        4
 72
     1
 10
60166.19464136901
 20
-26031.89412206893
 11
60166.19464136901
 21
-25831.89412206893
 72
     1
 10
60166.19464136901
 20
-25831.89412206893
 11
59826.19464136901
 21
-25831.89412206892
 72
     1
 10
59826.19464136901
 20
-25831.89412206892
 11
59826.19464136901
 21
-26031.89412206892
 72
     1
 10
59826.19464136901
 20
-26031.89412206892
 11
60166.19464136901
 21
-26031.89412206893
 97
        0
 75
     0
 76
     1
 98
        1
 10
0.0
 20
0.0
450
        0
451
        0
460
0.0
461
0.0
452
        0
462
0.0
453
        0
470

1001
REVIT
1002
{
1070
     1
1000
22994660
1002
}
1002
{
1070
     5
1000
22554474
1002
}
1002
{
1070
     2
1000
-2000011
1002
}
1002
{
1070
     3
1000
-2000588
1002
}
  0
HATCH
  5
103
330
70
100
AcDbEntity
  8
A-ALV-___-___-EXI
 62
    11
100
AcDbHatch
 10
0.0
 20
0.0
 30
0.0
210
0.0
220
0.0
230
1.0
  2
SOLID
 70
     1
 71
     0
 91
        1
 92
        1
 93
        4
 72
     1
 10
60741.19464136903
 20
-21551.89412206893
 11
60741.19464136903
 21
-21351.89412206893
 72
     1
 10
60741.19464136903
 20
-21351.89412206893
 11
60076.19464136904
 21
-21351.89412206893
 72
     1
 10
60076.19464136904
 20
-21351.89412206893
 11
60076.19464136904
 21
-21551.89412206892
 72
     1
 10
60076.19464136904
 20
-21551.89412206892
 11
60741.19464136903
 21
-21551.89412206893
 97
        0
 75
     0
 76
     1
 98
        1
 10
0.0
 20
0.0
450
        0
451
        0
460
0.0
461
0.0
452
        0
462
0.0
453
        0
470

1001
REVIT
1002
{
1070
     1
1000
22995011
1002
}
1002
{
1070
     5
1000
22554474
1002
}
1002
{
1070
     2
1000
-2000011
1002
}
1002
{
1070
     3
1000
-2000588
1002
}
  0
HATCH
  5
108
330
70
100
AcDbEntity
  8
A-ALV-___-___-EXI
 62
    11
100
AcDbHatch
 10
0.0
 20
0.0
 30
0.0
210
0.0
220
0.0
230
1.0
  2
SOLID
 70
     1
 71
     0
 91
        1
 92
        1
 93
        4
 72
     1
 10
55794.94691674808
 20
-20251.89412206891
 11
55794.94691674808
 21
-20051.89412206891
 72
     1
 10
55794.94691674808
 20
-20051.89412206891
 11
54994.94691674808
 21
-20051.8941220689
 72
     1
 10
54994.94691674808
 20
-20051.8941220689
 11
54994.94691674808
 21
-20251.8941220689
 72
     1
 10
54994.94691674808
 20
-20251.8941220689
 11
55794.94691674808
 21
-20251.89412206891
 97
        0
 75
     0
 76
     1
 98
        1
 10
0.0
 20
0.0
450
        0
451
        0
460
0.0
461
0.0
452
        0
462
0.0
453
        0
470

1001
REVIT
1002
{
1070
     1
1000
22995250
1002
}
1002
{
1070
     5
1000
22554474
1002
}
1002
{
1070
     2
1000
-2000011
1002
}
1002
{
1070
     3
1000
-2000588
1002
}
  0
HATCH
  5
10D
330
70
100
AcDbEntity
  8
A-ALV-___-___-EXI
 62
    11
100
AcDbHatch
 10
0.0
 20
0.0
 30
0.0
210
0.0
220
0.0
230
1.0
  2
SOLID
 70
     1
 71
     0
 91
        1
 92
        1
 93
        4
 72
     1
 10
58006.19464136902
 20
-20251.89412206891
 11
58006.19464136902
 21
-20051.89412206891
 72
     1
 10
58006.19464136902
 20
-20051.89412206891
 11
56746.19464136902
 21
-20051.89412206891
 72
     1
 10
56746.19464136902
 20
-20051.89412206891
 11
56746.19464136902
 21
-20251.89412206891
 72
     1
 10
56746.19464136902
 20
-20251.89412206891
 11
58006.19464136902
 21
-20251.89412206891
 97
        0
 75
     0
 76
     1
 98
        1
 10
0.0
 20
0.0
450
        0
451
        0
460
0.0
461
0.0
452
        0
462
0.0
453
        0
470

1001
REVIT
1002
{
1070
     1
1000
22995478
1002
}
1002
{
1070
     5
1000
22554474
1002
}
1002
{
1070
     2
1000
-2000011
1002
}
1002
{
1070
     3
1000
-2000588
1002
}
  0
HATCH
  5
116
330
70
100
AcDbEntity
  8
A-ALV-___-___-EXI
 62
    11
100
AcDbHatch
 10
0.0
 20
0.0
 30
0.0
210
0.0
220
0.0
230
1.0
  2
SOLID
 70
     1
 71
     0
 91
        2
 92
        1
 93
        4
 72
     1
 10
56383.07077905855
 20
-12951.89412206891
 11
56583.07077905855
 21
-12951.89412206891
 72
     1
 10
56583.07077905855
 20
-12951.89412206891
 11
56583.07077905855
 21
-11571.89412206888
 72
     1
 10
56583.07077905855
 20
-11571.89412206888
 11
56383.07077905855
 21
-11571.89412206888
 72
     1
 10
56383.07077905855
 20
-11571.89412206888
 11
56383.07077905855
 21
-12951.89412206891
 97
        0
 92
        1
 93
        4
 72
     1
 10
56583.07077905855
 20
-11371.89412206888
 11
56583.07077905856
 21
-10651.8941220689
 72
     1
 10
56583.07077905856
 20
-10651.8941220689
 11
56383.07077905857
 21
-10651.8941220689
 72
     1
 10
56383.07077905857
 20
-10651.8941220689
 11
56383.07077905855
 21
-11371.89412206888
 72
     1
 10
56383.07077905855
 20
-11371.89412206888
 11
56583.07077905855
 21
-11371.89412206888
 97
        0
 75
     0
 76
     1
 98
        1
 10
0.0
 20
0.0
450
        0
451
        0
460
0.0
461
0.0
452
        0
462
0.0
453
        0
470

1001
REVIT
1002
{
1070
     1
1000
22995857
1002
}
1002
{
1070
     5
1000
22554474
1002
}
1002
{
1070
     2
1000
-2000011
1002
}
1002
{
1070
     3
1000
-2000588
1002
}
  0
HATCH
  5
11B
330
70
100
AcDbEntity
  8
A-ALV-___-___-EXI
 62
    11
100
AcDbHatch
 10
0.0
 20
0.0
 30
0.0
210
0.0
220
0.0
230
1.0
  2
SOLID
 70
     1
 71
     0
 91
        1
 92
        1
 93
        4
 72
     1
 10
56583.07077905855
 20
-15251.89412206891
 11
56583.07077905855
 21
-13951.89412206891
 72
     1
 10
56583.07077905855
 20
-13951.89412206891
 11
56383.07077905855
 21
-13951.89412206891
 72
     1
 10
56383.07077905855
 20
-13951.89412206891
 11
56383.07077905855
 21
-15251.89412206891
 72
     1
 10
56383.07077905855
 20
-15251.89412206891
 11
56583.07077905855
 21
-15251.89412206891
 97
        0
 75
     0
 76
     1
 98
        1
 10
0.0
 20
0.0
450
        0
451
        0
460
0.0
461
0.0
452
        0
462
0.0
453
        0
470

1001
REVIT
1002
{
1070
     1
1000
22996021
1002
}
1002
{
1070
     5
1000
22554474
1002
}
1002
{
1070
     2
1000
-2000011
1002
}
1002
{
1070
     3
1000
-2000588
1002
}
  0
HATCH
  5
120
330
70
100
AcDbEntity
  8
A-ALV-___-___-EXI
 62
    11
100
AcDbHatch
 10
0.0
 20
0.0
 30
0.0
210
0.0
220
0.0
230
1.0
  2
SOLID
 70
     1
 71
     0
 91
        1
 92
        1
 93
        4
 72
     1
 10
63614.94691674808
 20
-11571.8941220689
 11
63614.94691674808
 21
-11371.8941220689
 72
     1
 10
63614.94691674808
 20
-11371.8941220689
 11
63114.94691674808
 21
-11371.8941220689
 72
     1
 10
63114.94691674808
 20
-11371.8941220689
 11
63114.94691674808
 21
-11571.8941220689
 72
     1
 10
63114.94691674808
 20
-11571.8941220689
 11
63614.94691674808
 21
-11571.8941220689
 97
        0
 75
     0
 76
     1
 98
        1
 10
0.0
 20
0.0
450
        0
451
        0
460
0.0
461
0.0
452
        0
462
0.0
453
        0
470

1001
REVIT
1002
{
1070
     1
1000
22996134
1002
}
1002
{
1070
     5
1000
22554474
1002
}
1002
{
1070
     2
1000
-2000011
1002
}
1002
{
1070
     3
1000
-2000588
1002
}
  0
HATCH
  5
125
330
70
100
AcDbEntity
  8
A-ALV-___-___-EXI
 62
    11
100
AcDbHatch
 10
0.0
 20
0.0
 30
0.0
210
0.0
220
0.0
230
1.0
  2
SOLID
 70
     1
 71
     0
 91
        1
 92
        1
 93
        4
 72
     1
 10
62244.9469167481
 20
-11571.8941220689
 11
62244.9469167481
 21
-11371.89412206889
 72
     1
 10
62244.9469167481
 20
-11371.89412206889
 11
61444.94691674809
 21
-11371.89412206889
 72
     1
 10
61444.94691674809
 20
-11371.89412206889
 11
61444.94691674809
 21
-11571.89412206889
 72
     1
 10
61444.94691674809
 20
-11571.89412206889
 11
62244.9469167481
 21
-11571.8941220689
 97
        0
 75
     0
 76
     1
 98
        1
 10
0.0
 20
0.0
450
        0
451
        0
460
0.0
461
0.0
452
        0
462
0.0
453
        0
470

1001
REVIT
1002
{
1070
     1
1000
22996306
1002
}
1002
{
1070
     5
1000
22554474
1002
}
1002
{
1070
     2
1000
-2000011
1002
}
1002
{
1070
     3
1000
-2000588
1002
}
  0
HATCH
  5
12A
330
70
100
AcDbEntity
  8
A-ALV-___-___-EXI
 62
    11
100
AcDbHatch
 10
0.0
 20
0.0
 30
0.0
210
0.0
220
0.0
230
1.0
  2
SOLID
 70
     1
 71
     0
 91
        1
 92
        1
 93
        4
 72
     1
 10
60544.94691674809
 20
-11571.89412206889
 11
60544.94691674809
 21
-11371.89412206889
 72
     1
 10
60544.94691674809
 20
-11371.89412206889
 11
59744.94691674808
 21
-11371.89412206889
 72
     1
 10
59744.94691674808
 20
-11371.89412206889
 11
59744.94691674808
 21
-11571.89412206889
 72
     1
 10
59744.94691674808
 20
-11571.89412206889
 11
60544.94691674809
 21
-11571.89412206889
 97
        0
 75
     0
 76
     1
 98
        1
 10
0.0
 20
0.0
450
        0
451
        0
460
0.0
461
0.0
452
        0
462
0.0
453
        0
470

1001
REVIT
1002
{
1070
     1
1000
22996492
1002
}
1002
{
1070
     5
1000
22554474
1002
}
1002
{
1070
     2
1000
-2000011
1002
}
1002
{
1070
     3
1000
-2000588
1002
}
  0
HATCH
  5
12F
330
70
100
AcDbEntity
  8
A-ALV-___-___-EXI
 62
    11
100
AcDbHatch
 10
0.0
 20
0.0
 30
0.0
210
0.0
220
0.0
230
1.0
  2
SOLID
 70
     1
 71
     0
 91
        1
 92
        1
 93
        4
 72
     1
 10
58744.94691674809
 20
-11571.89412206889
 11
58744.94691674809
 21
-11371.89412206888
 72
     1
 10
58744.94691674809
 20
-11371.89412206888
 11
57684.94691674808
 21
-11371.89412206888
 72
     1
 10
57684.94691674808
 20
-11371.89412206888
 11
57684.94691674808
 21
-11571.89412206888
 72
     1
 10
57684.94691674808
 20
-11571.89412206888
 11
58744.94691674809
 21
-11571.89412206889
 97
        0
 75
     0
 76
     1
 98
        1
 10
0.0
 20
0.0
450
        0
451
        0
460
0.0
461
0.0
452
        0
462
0.0
453
        0
470

1001
REVIT
1002
{
1070
     1
1000
22996850
1002
}
1002
{
1070
     5
1000
22554474
1002
}
1002
{
1070
     2
1000
-2000011
1002
}
1002
{
1070
     3
1000
-2000588
1002
}
  0
HATCH
  5
134
330
70
100
AcDbEntity
  8
A-ALV-___-___-EXI
 62
    11
100
AcDbHatch
 10
0.0
 20
0.0
 30
0.0
210
0.0
220
0.0
230
1.0
  2
SOLID
 70
     1
 71
     0
 91
        1
 92
        1
 93
        4
 72
     1
 10
56583.07077905856
 20
-9751.894122068907
 11
56583.07077905856
 21
-9051.894122068901
 72
     1
 10
56583.07077905856
 20
-9051.894122068901
 11
56383.07077905857
 21
-9051.894122068901
 72
     1
 10
56383.07077905857
 20
-9051.894122068901
 11
56383.07077905857
 21
-9751.894122068907
 72
     1
 10
56383.07077905857
 20
-9751.894122068907
 11
56583.07077905856
 21
-9751.894122068907
 97
        0
 75
     0
 76
     1
 98
        1
 10
0.0
 20
0.0
450
        0
451
        0
460
0.0
461
0.0
452
        0
462
0.0
453
        0
470

1001
REVIT
1002
{
1070
     1
1000
22997076
1002
}
1002
{
1070
     5
1000
22554474
1002
}
1002
{
1070
     2
1000
-2000011
1002
}
1002
{
1070
     3
1000
-2000588
1002
}
  0
HATCH
  5
139
330
70
100
AcDbEntity
  8
A-ALV-___-___-EXI
 62
    11
100
AcDbHatch
 10
0.0
 20
0.0
 30
0.0
210
0.0
220
0.0
230
1.0
  2
SOLID
 70
     1
 71
     0
 91
        1
 92
        1
 93
        4
 72
     1
 10
58414.9469167481
 20
-9051.894122068908
 11
58414.9469167481
 21
-8851.894122068909
 72
     1
 10
58414.9469167481
 20
-8851.894122068909
 11
57689.94691674812
 21
-8851.894122068904
 72
     1
 10
57689.94691674812
 20
-8851.894122068904
 11
57689.94691674812
 21
-9051.894122068906
 72
     1
 10
57689.94691674812
 20
-9051.894122068906
 11
58414.9469167481
 21
-9051.894122068908
 97
        0
 75
     0
 76
     1
 98
        1
 10
0.0
 20
0.0
450
        0
451
        0
460
0.0
461
0.0
452
        0
462
0.0
453
        0
470

1001
REVIT
1002
{
1070
     1
1000
22997260
1002
}
1002
{
1070
     5
1000
22554474
1002
}
1002
{
1070
     2
1000
-2000011
1002
}
1002
{
1070
     3
1000
-2000588
1002
}
  0
HATCH
  5
13F
330
70
100
AcDbEntity
  8
A-ALV-___-___-EXI
 62
    11
100
AcDbHatch
 10
0.0
 20
0.0
 30
0.0
210
0.0
220
0.0
230
1.0
  2
SOLID
 70
     1
 71
     0
 91
        1
 92
        1
 93
        5
 72
     1
 10
58414.9469167481
 20
-9536.261364934592
 11
58564.94691674811
 21
-9536.261364934592
 72
     1
 10
58564.94691674811
 20
-9536.261364934592
 11
58564.94691674812
 21
-8576.261364934591
 72
     1
 10
58564.94691674812
 20
-8576.261364934591
 11
58414.94691674811
 21
-8576.261364934591
 72
     1
 10
58414.94691674811
 20
-8576.261364934591
 11
58414.94691674811
 21
-9051.894122068908
 72
     1
 10
58414.94691674811
 20
-9051.894122068908
 11
58414.9469167481
 21
-9536.261364934592
 97
        0
 75
     0
 76
     1
 98
        1
 10
0.0
 20
0.0
450
        0
451
        0
460
0.0
461
0.0
452
        0
462
0.0
453
        0
470

1001
REVIT
1002
{
1070
     1
1000
22997431
1002
}
1002
{
1070
     5
1000
3324767
1002
}
1002
{
1070
     2
1000
-2000011
1002
}
1002
{
1070
     3
1000
-2000588
1002
}
  0
HATCH
  5
144
330
70
100
AcDbEntity
  8
A-ALV-___-___-EXI
 62
    11
100
AcDbHatch
 10
0.0
 20
0.0
 30
0.0
210
0.0
220
0.0
230
1.0
  2
SOLID
 70
     1
 71
     0
 91
        1
 92
        1
 93
        4
 72
     1
 10
58564.94691674812
 20
-7536.26136493459
 11
58564.94691674812
 21
-6436.261364934589
 72
     1
 10
58564.94691674812
 20
-6436.261364934589
 11
58414.94691674811
 21
-6436.261364934589
 72
     1
 10
58414.94691674811
 20
-6436.261364934589
 11
58414.94691674811
 21
-7536.26136493459
 72
     1
 10
58414.94691674811
 20
-7536.26136493459
 11
58564.94691674812
 21
-7536.26136493459
 97
        0
 75
     0
 76
     1
 98
        1
 10
0.0
 20
0.0
450
        0
451
        0
460
0.0
461
0.0
452
        0
462
0.0
453
        0
470

1001
REVIT
1002
{
1070
     1
1000
22997570
1002
}
1002
{
1070
     5
1000
3324767
1002
}
1002
{
1070
     2
1000
-2000011
1002
}
1002
{
1070
     3
1000
-2000588
1002
}
  0
HATCH
  5
149
330
70
100
AcDbEntity
  8
A-ALV-___-___-EXI
 62
    11
100
AcDbHatch
 10
0.0
 20
0.0
 30
0.0
210
0.0
220
0.0
230
1.0
  2
SOLID
 70
     1
 71
     0
 91
        1
 92
        1
 93
        4
 72
     1
 10
58564.94691674812
 20
-5536.261364934585
 11
58564.94691674812
 21
-4536.261364934584
 72
     1
 10
58564.94691674812
 20
-4536.261364934584
 11
58414.94691674811
 21
-4536.261364934584
 72
     1
 10
58414.94691674811
 20
-4536.261364934584
 11
58414.94691674811
 21
-5536.261364934585
 72
     1
 10
58414.94691674811
 20
-5536.261364934585
 11
58564.94691674812
 21
-5536.261364934585
 97
        0
 75
     0
 76
     1
 98
        1
 10
0.0
 20
0.0
450
        0
451
        0
460
0.0
461
0.0
452
        0
462
0.0
453
        0
470

1001
REVIT
1002
{
1070
     1
1000
22997812
1002
}
1002
{
1070
     5
1000
3324767
1002
}
1002
{
1070
     2
1000
-2000011
1002
}
1002
{
1070
     3
1000
-2000588
1002
}
  0
HATCH
  5
14E
330
70
100
AcDbEntity
  8
A-ALV-___-___-EXI
 62
    11
100
AcDbHatch
 10
0.0
 20
0.0
 30
0.0
210
0.0
220
0.0
230
1.0
  2
SOLID
 70
     1
 71
     0
 91
        1
 92
        1
 93
        4
 72
     1
 10
58564.94691674812
 20
-3536.261364934581
 11
58564.94691674812
 21
-2936.26136493459
 72
     1
 10
58564.94691674812
 20
-2936.26136493459
 11
58414.94691674812
 21
-2936.26136493459
 72
     1
 10
58414.94691674812
 20
-2936.26136493459
 11
58414.94691674811
 21
-3536.261364934581
 72
     1
 10
58414.94691674811
 20
-3536.261364934581
 11
58564.94691674812
 21
-3536.261364934581
 97
        0
 75
     0
 76
     1
 98
        1
 10
0.0
 20
0.0
450
        0
451
        0
460
0.0
461
0.0
452
        0
462
0.0
453
        0
470

1001
REVIT
1002
{
1070
     1
1000
22997943
1002
}
1002
{
1070
     5
1000
3324767
1002
}
1002
{
1070
     2
1000
-2000011
1002
}
1002
{
1070
     3
1000
-2000588
1002
}
  0
HATCH
  5
153
330
70
100
AcDbEntity
  8
A-ALV-___-___-EXI
 62
    11
100
AcDbHatch
 10
0.0
 20
0.0
 30
0.0
210
0.0
220
0.0
230
1.0
  2
SOLID
 70
     1
 71
     0
 91
        1
 92
        1
 93
        4
 72
     1
 10
63614.94691674806
 20
-18111.89412206893
 11
63614.94691674806
 21
-17911.89412206892
 72
     1
 10
63614.94691674806
 20
-17911.89412206892
 11
63434.94691674806
 21
-17911.89412206892
 72
     1
 10
63434.94691674806
 20
-17911.89412206892
 11
63434.94691674806
 21
-18111.89412206893
 72
     1
 10
63434.94691674806
 20
-18111.89412206893
 11
63614.94691674806
 21
-18111.89412206893
 97
        0
 75
     0
 76
     1
 98
        1
 10
0.0
 20
0.0
450
        0
451
        0
460
0.0
461
0.0
452
        0
462
0.0
453
        0
470

1001
REVIT
1002
{
1070
     1
1000
23002593
1002
}
1002
{
1070
     5
1000
22554474
1002
}
1002
{
1070
     2
1000
-2000011
1002
}
1002
{
1070
     3
1000
-2000588
1002
}
  0
LINE
  5
172
330
70
100
AcDbEntity
  8
A-ALV-___-___-EXI
 62
     7
370
    35
100
AcDbLine
 10
58131.19464136891
 20
-26031.89412206889
 30
0.0
 11
58551.19464136891
 21
-26031.89412206889
 31
0.0
1001
REVIT
1002
{
1070
     1
1000
22991169
1002
}
1002
{
1070
     5
1000
22554474
1002
}
1002
{
1070
     2
1000
-2000011
1002
}
  0
LINE
  5
176
330
70
100
AcDbEntity
  8
A-ALV-___-___-EXI
 62
     7
370
    35
100
AcDbLine
 10
61486.19464136894
 20
-26031.8941220689
 30
0.0
 11
61846.19464136893
 21
-26031.8941220689
 31
0.0
1001
REVIT
1002
{
1070
     1
1000
22991171
1002
}
1002
{
1070
     5
1000
22554474
1002
}
1002
{
1070
     2
1000
-2000011
1002
}
  0
LINE
  5
1A9
330
70
100
AcDbEntity
  8
A-ALV-___-___-EXI
 62
     7
370
    35
100
AcDbLine
 10
59826.19464136894
 20
-26031.89412206889
 30
0.0
 11
60166.19464136894
 21
-26031.89412206889
 31
0.0
1001
REVIT
1002
{
1070
     1
1000
22994660
1002
}
1002
{
1070
     5
1000
22554474
1002
}
1002
{
1070
     2
1000
-2000011
1002
}
  0
LINE
  5
1C5
330
70
100
AcDbEntity
  8
A-ALV-___-___-EXI
 62
     7
370
    35
100
AcDbLine
 10
61444.94691674802
 20
-11571.89412206888
 30
0.0
 11
62244.94691674802
 21
-11571.89412206888
 31
0.0
1001
REVIT
1002
{
1070
     1
1000
22996306
1002
}
1002
{
1070
     5
1000
22554474
1002
}
1002
{
1070
     2
1000
-2000011
1002
}
  0
LINE
  5
1C9
330
70
100
AcDbEntity
  8
A-ALV-___-___-EXI
 62
     7
370
    35
100
AcDbLine
 10
59744.94691674802
 20
-11571.89412206887
 30
0.0
 11
60544.94691674801
 21
-11571.89412206888
 31
0.0
1001
REVIT
1002
{
1070
     1
1000
22996492
1002
}
1002
{
1070
     5
1000
22554474
1002
}
1002
{
1070
     2
1000
-2000011
1002
}
  0
LINE
  5
1E1
330
70
100
AcDbEntity
  8
A-ALV-___-___-EXI
 62
     7
370
    35
100
AcDbLine
 10
58564.94691674804
 20
-5536.261364934579
 30
0.0
 11
58564.94691674804
 21
-4536.261364934579
 31
0.0
1001
REVIT
1002
{
1070
     1
1000
22997812
1002
}
1002
{
1070
     5
1000
3324767
1002
}
1002
{
1070
     2
1000
-2000011
1002
}
  0
LINE
  5
1E2
330
70
100
AcDbEntity
  8
A-ALV-___-___-EXI
 62
     7
370
    35
100
AcDbLine
 10
58564.94691674804
 20
-4536.261364934579
 30
0.0
 11
58414.94691674804
 21
-4536.261364934579
 31
0.0
1001
REVIT
1002
{
1070
     1
1000
22997812
1002
}
1002
{
1070
     5
1000
3324767
1002
}
1002
{
1070
     2
1000
-2000011
1002
}
  0
LINE
  5
1E3
330
70
100
AcDbEntity
  8
A-ALV-___-___-EXI
 62
     7
370
    35
100
AcDbLine
 10
58414.94691674804
 20
-4536.261364934579
 30
0.0
 11
58414.94691674804
 21
-5536.261364934579
 31
0.0
1001
REVIT
1002
{
1070
     1
1000
22997812
1002
}
1002
{
1070
     5
1000
3324767
1002
}
1002
{
1070
     2
1000
-2000011
1002
}
  0
LINE
  5
1E4
330
70
100
AcDbEntity
  8
A-ALV-___-___-EXI
 62
     7
370
    35
100
AcDbLine
 10
58414.94691674804
 20
-5536.261364934579
 30
0.0
 11
58564.94691674804
 21
-5536.261364934579
 31
0.0
1001
REVIT
1002
{
1070
     1
1000
22997812
1002
}
1002
{
1070
     5
1000
3324767
1002
}
1002
{
1070
     2
1000
-2000011
1002
}
  0
LINE
  5
23A
330
70
100
AcDbEntity
  8
A-ALV-___-___-EXI
100
AcDbLine
 10
60396.19464136896
 20
-18051.89412206891
 30
0.0
 11
61176.19464136896
 21
-18051.89412206891
 31
0.0
1001
REVIT
1002
{
1070
     1
1000
23052266
1002
}
1002
{
1070
     2
1000
-2000051
1002
}
1002
{
1070
     3
1000
-2000042
1002
}
  0
LINE
  5
24D
330
70
100
AcDbEntity
  8
A-POR-___-___-EXI
100
AcDbLine
 10
56583.07077905848
 20
-17539.34578210949
 30
0.0
 11
57072.47698405828
 21
-17311.13192076952
 31
0.0
1001
REVIT
1002
{
1070
     1
1000
23052285
1002
}
1002
{
1070
     2
1000
-2000051
1002
}
1002
{
1070
     3
1000
-2000044
1002
}
  0
LINE
  5
25A
330
70
100
AcDbEntity
  8
A-ESC-___-___-EXI
100
AcDbLine
 10
62276.19464136895
 20
-19451.89412206891
 30
0.0
 11
62276.19464136895
 21
-18111.89412206891
 31
0.0
1001
REVIT
1002
{
1070
     1
1000
23052298
1002
}
1002
{
1070
     2
1000
-2000051
1002
}
1002
{
1070
     3
1000
-2000044
1002
}
  0
LINE
  5
25B
330
70
100
AcDbEntity
  8
A-ESC-___-___-EXI
100
AcDbLine
 10
61993.33749851181
 20
-19451.8941220689
 30
0.0
 11
61993.33749851181
 21
-18111.89412206891
 31
0.0
1001
REVIT
1002
{
1070
     1
1000
23052300
1002
}
1002
{
1070
     2
1000
-2000051
1002
}
1002
{
1070
     3
1000
-2000044
1002
}
  0
LINE
  5
25C
330
70
100
AcDbEntity
  8
A-ESC-___-___-EXI
100
AcDbLine
 10
61710.48035565467
 20
-19451.89412206891
 30
0.0
 11
61710.48035565467
 21
-18111.89412206891
 31
0.0
1001
REVIT
1002
{
1070
     1
1000
23052306
1002
}
1002
{
1070
     2
1000
-2000051
1002
}
1002
{
1070
     3
1000
-2000044
1002
}
  0
LINE
  5
25D
330
70
100
AcDbEntity
  8
A-ESC-___-___-EXI
100
AcDbLine
 10
61427.62321279752
 20
-19451.89412206891
 30
0.0
 11
61427.62321279752
 21
-18111.89412206891
 31
0.0
1001
REVIT
1002
{
1070
     1
1000
23052308
1002
}
1002
{
1070
     2
1000
-2000051
1002
}
1002
{
1070
     3
1000
-2000044
1002
}
  0
LINE
  5
25E
330
70
100
AcDbEntity
  8
A-ESC-___-___-EXI
100
AcDbLine
 10
61144.76606994038
 20
-19451.89412206891
 30
0.0
 11
61144.76606994038
 21
-18111.89412206891
 31
0.0
1001
REVIT
1002
{
1070
     1
1000
23052310
1002
}
1002
{
1070
     2
1000
-2000051
1002
}
1002
{
1070
     3
1000
-2000044
1002
}
  0
LINE
  5
25F
330
70
100
AcDbEntity
  8
A-ESC-___-___-EXI
100
AcDbLine
 10
60861.90892708324
 20
-19451.89412206891
 30
0.0
 11
60861.90892708324
 21
-18111.89412206891
 31
0.0
1001
REVIT
1002
{
1070
     1
1000
23052312
1002
}
1002
{
1070
     2
1000
-2000051
1002
}
1002
{
1070
     3
1000
-2000044
1002
}
  0
LINE
  5
260
330
70
100
AcDbEntity
  8
A-ESC-___-___-EXI
100
AcDbLine
 10
60579.05178422609
 20
-19451.89412206891
 30
0.0
 11
60579.05178422609
 21
-18111.89412206891
 31
0.0
1001
REVIT
1002
{
1070
     1
1000
23052314
1002
}
1002
{
1070
     2
1000
-2000051
1002
}
1002
{
1070
     3
1000
-2000044
1002
}
  0
LINE
  5
261
330
70
100
AcDbEntity
  8
A-ESC-___-___-EXI
100
AcDbLine
 10
60296.19464136895
 20
-19451.89412206891
 30
0.0
 11
60296.19464136895
 21
-18111.89412206891
 31
0.0
1001
REVIT
1002
{
1070
     1
1000
23052316
1002
}
1002
{
1070
     2
1000
-2000051
1002
}
1002
{
1070
     3
1000
-2000044
1002
}
  0
LINE
  5
264
330
70
100
AcDbEntity
  8
A-ESC-___-___-EXI
100
AcDbLine
 10
58966.19464136895
 20
-19451.89412206889
 30
0.0
 11
58966.19464136895
 21
-18111.89412206889
 31
0.0
1001
REVIT
1002
{
1070
     1
1000
23052321
1002
}
1002
{
1070
     2
1000
-2000051
1002
}
1002
{
1070
     3
1000
-2000044
1002
}
  0
LINE
  5
265
330
70
100
AcDbEntity
  8
A-ESC-___-___-EXI
100
AcDbLine
 10
58706.19464136893
 20
-19451.89412206889
 30
0.0
 11
58706.19464136893
 21
-18111.8941220689
 31
0.0
1001
REVIT
1002
{
1070
     1
1000
23052327
1002
}
1002
{
1070
     2
1000
-2000051
1002
}
1002
{
1070
     3
1000
-2000044
1002
}
  0
LINE
  5
266
330
70
100
AcDbEntity
  8
A-ESC-___-___-EXI
100
AcDbLine
 10
58446.19464136893
 20
-19451.89412206889
 30
0.0
 11
58446.19464136893
 21
-18111.8941220689
 31
0.0
1001
REVIT
1002
{
1070
     1
1000
23052329
1002
}
1002
{
1070
     2
1000
-2000051
1002
}
1002
{
1070
     3
1000
-2000044
1002
}
  0
LINE
  5
267
330
70
100
AcDbEntity
  8
A-ESC-___-___-EXI
100
AcDbLine
 10
58186.19464136892
 20
-19451.89412206889
 30
0.0
 11
58186.19464136892
 21
-18111.8941220689
 31
0.0
1001
REVIT
1002
{
1070
     1
1000
23052331
1002
}
1002
{
1070
     2
1000
-2000051
1002
}
1002
{
1070
     3
1000
-2000044
1002
}
  0
LINE
  5
269
330
70
100
AcDbEntity
  8
A-ESC-___-___-EXI
100
AcDbLine
 10
57666.1946413689
 20
-19451.89412206889
 30
0.0
 11
57666.1946413689
 21
-18111.8941220689
 31
0.0
1001
REVIT
1002
{
1070
     1
1000
23052335
1002
}
1002
{
1070
     2
1000
-2000051
1002
}
1002
{
1070
     3
1000
-2000044
1002
}
  0
LWPOLYLINE
  5
2A6
330
70
100
AcDbEntity
  8
A-ESC-___-___-EXI
100
AcDbPolyline
 90
        5
 70
     0
 43
0.0
 10
57926.1946413689
 20
-19451.89412206889
 10
57926.1946413689
 20
-18111.8941220689
 10
57406.19464136888
 20
-18111.89412206889
 10
57406.19464136888
 20
-19451.89412206889
 10
59426.19464136896
 20
-19451.8941220689
1001
REVIT
1002
{
1070
     1
1000
23052340
1002
}
1002
{
1070
     2
1000
-2000051
1002
}
1002
{
1070
     3
1000
-2000044
1002
}
  0
LWPOLYLINE
  5
2B1
330
70
100
AcDbEntity
  8
A-JAN-___-___-EXI
100
AcDbPolyline
 90
        6
 70
     0
 43
0.0
 10
62327.02725257579
 20
-25551.06151086205
 10
61846.19464136893
 20
-26031.8941220689
 10
61846.19464136893
 20
-26186.99034882561
 10
63174.94691674798
 20
-26186.99034882561
 10
63174.94691674798
 20
-26031.89412206891
 10
62528.77809879047
 20
-25527.05171230186
1001
REVIT
1002
{
1070
     1
1000
23052277
1002
}
1002
{
1070
     2
1000
-2000051
1002
}
1002
{
1070
     3
1000
-2000044
1002
}
  0
LWPOLYLINE
  5
2B2
330
70
100
AcDbEntity
  8
A-JAN-___-___-EXI
100
AcDbPolyline
 90
        6
 70
     0
 43
0.0
 10
60675.31152382326
 20
-25522.77723961459
 10
60166.19464136894
 20
-26031.89412206891
 10
60166.19464136894
 20
-26186.99034882561
 10
61486.19464136894
 20
-26186.99034882561
 10
61486.19464136894
 20
-26031.89412206891
 10
60871.5462535557
 20
-25551.67817131489
1001
REVIT
1002
{
1070
     1
1000
23052275
1002
}
1002
{
1070
     2
1000
-2000051
1002
}
1002
{
1070
     3
1000
-2000044
1002
}
  0
LWPOLYLINE
  5
2B3
330
70
100
AcDbEntity
  8
A-JAN-___-___-EXI
100
AcDbPolyline
 90
        6
 70
     0
 43
0.0
 10
59003.74298132831
 20
-25579.3457821095
 10
58551.19464136891
 20
-26031.89412206889
 10
58551.19464136891
 20
-26186.99034882561
 10
59826.19464136894
 20
-26186.99034882561
 10
59826.19464136894
 20
-26031.89412206888
 10
59258.82689877211
 20
-25588.61785983441
1001
REVIT
1002
{
1070
     1
1000
23052273
1002
}
1002
{
1070
     2
1000
-2000051
1002
}
1002
{
1070
     3
1000
-2000044
1002
}
  0
LWPOLYLINE
  5
2B4
330
70
100
AcDbEntity
  8
A-JAN-___-___-EXI
100
AcDbPolyline
 90
        6
 70
     0
 43
0.0
 10
57411.17802693131
 20
-25581.94279528831
 10
56874.94691674801
 20
-26031.89412206889
 10
56874.94691674801
 20
-26186.99034882561
 10
58131.19464136891
 20
-26186.99034882561
 10
58131.19464136891
 20
-26031.89412206889
 10
57610.28442004801
 20
-25594.79854748204
1001
REVIT
1002
{
1070
     1
1000
23052271
1002
}
1002
{
1070
     2
1000
-2000051
1002
}
1002
{
1070
     3
1000
-2000044
1002
}
  0
LWPOLYLINE
  5
2B5
330
70
100
AcDbEntity
  8
A-JAN-___-___-EXI
100
AcDbPolyline
 90
        6
 70
     0
 43
0.0
 10
55789.92166357858
 20
-25536.9193752383
 10
55294.94691674799
 20
-26031.89412206888
 10
55294.94691674799
 20
-26186.99034882561
 10
56554.94691674802
 20
-26186.99034882561
 10
56554.94691674802
 20
-26031.89412206888
 10
56059.97216991744
 20
-25536.9193752383
1001
REVIT
1002
{
1070
     1
1000
23052269
1002
}
1002
{
1070
     2
1000
-2000051
1002
}
1002
{
1070
     3
1000
-2000044
1002
}
  0
LWPOLYLINE
  5
2B7
330
70
100
AcDbEntity
  8
A-JAN-___-___-EXI
100
AcDbPolyline
 90
        4
 70
     1
 43
0.0
 10
58414.94691674804
 20
-5536.261364934579
 10
58414.94691674804
 20
-6436.261364934582
 10
58564.94691674804
 20
-6436.261364934582
 10
58564.94691674804
 20
-5536.261364934579
1001
REVIT
1002
{
1070
     1
1000
23052217
1002
}
1002
{
1070
     2
1000
-2000051
1002
}
1002
{
1070
     3
1000
-2000042
1002
}
  0
LWPOLYLINE
  5
2B8
330
70
100
AcDbEntity
  8
A-JAN-___-___-EXI
100
AcDbPolyline
 90
        4
 70
     1
 43
0.0
 10
58564.94691674804
 20
-4536.261364934579
 10
58564.94691674804
 20
-3536.261364934578
 10
58414.94691674804
 20
-3536.261364934578
 10
58414.94691674804
 20
-4536.261364934579
1001
REVIT
1002
{
1070
     1
1000
23052213
1002
}
1002
{
1070
     2
1000
-2000051
1002
}
1002
{
1070
     3
1000
-2000042
1002
}
  0
LWPOLYLINE
  5
2B9
330
70
100
AcDbEntity
  8
A-PIS-___-___-EXI
100
AcDbPolyline
 90
        7
 70
     0
 43
0.0
 10
54494.94691674799
 20
-25831.89412206888
 10
54794.94691674801
 20
-25831.89412206888
 10
54794.94691674802
 20
-11571.89412206886
 10
54494.94691674803
 20
-11571.89412206886
 10
54494.94691674799
 20
-25831.89412206888
 10
54494.94691674799
 20
-26031.89412206888
 10
55294.94691674799
 20
-26031.89412206888
1001
REVIT
1002
{
1070
     1
1000
23052168
1002
}
1002
{
1070
     2
1000
-2000051
1002
}
1002
{
1070
     3
1000
-2000044
1002
}
  0
LWPOLYLINE
  5
2BA
330
70
100
AcDbEntity
  8
A-ALV-___-___-EXI
100
AcDbPolyline
 90
        9
 70
     1
 43
0.0
 10
60076.19464136896
 20
-17539.34578210951
 10
59616.19464136895
 20
-17539.34578210951
 10
59616.19464136895
 20
-17919.34578210951
 10
58036.19464136896
 20
-17919.34578210951
 10
58036.19464136896
 20
-17539.3457821095
 10
57576.19464136896
 20
-17539.34578210949
 10
57906.75557956859
 20
-18111.89412206889
 10
60396.19464136896
 20
-18111.8941220689
 10
60396.19464136896
 20
-17971.8941220689
1001
REVIT
1002
{
1070
     1
1000
23052171
1002
}
1002
{
1070
     2
1000
-2000051
1002
}
1002
{
1070
     3
1000
-2000042
1002
}
  0
LWPOLYLINE
  5
2BC
330
70
100
AcDbEntity
  8
A-ALV-___-___-EXI
 62
     7
370
    35
100
AcDbPolyline
 90
        6
 70
     1
 43
0.0
 10
56844.94691674806
 20
-2736.261364934581
 10
56844.94691674806
 20
-2936.261364934582
 10
58414.94691674805
 20
-2936.261364934587
 10
58414.94691674804
 20
-3536.261364934578
 10
58564.94691674804
 20
-3536.261364934578
 10
58564.94691674805
 20
-2736.261364934587
1001
REVIT
1002
{
1070
     1
1000
22997943
1002
}
1002
{
1070
     5
1000
3324767
1002
}
1002
{
1070
     2
1000
-2000011
1002
}
  0
LWPOLYLINE
  5
2BD
330
70
100
AcDbEntity
  8
A-ALV-___-___-EXI
 62
     7
370
    35
100
AcDbPolyline
 90
        4
 70
     1
 43
0.0
 10
58564.94691674804
 20
-6436.261364934582
 10
58414.94691674804
 20
-6436.261364934582
 10
58414.94691674804
 20
-7536.26136493458
 10
58564.94691674804
 20
-7536.26136493458
1001
REVIT
1002
{
1070
     1
1000
22997570
1002
}
1002
{
1070
     5
1000
3324767
1002
}
1002
{
1070
     2
1000
-2000011
1002
}
  0
LWPOLYLINE
  5
2BF
330
70
100
AcDbEntity
  8
A-ALV-___-___-EXI
 62
     7
370
    35
100
AcDbPolyline
 90
       14
 70
     0
 43
0.0
 10
58744.94691674802
 20
-11571.89412206887
 10
58744.94691674802
 20
-11371.89412206887
 10
58564.94691674804
 20
-11371.89412206887
 10
58564.94691674804
 20
-10651.89412206889
 10
58414.94691674804
 20
-10651.89412206889
 10
58564.94691674804
 20
-10651.89412206889
 10
58564.94691674804
 20
-9536.261364934581
 10
58414.94691674804
 20
-9536.261364934581
 10
58414.94691674803
 20
-10651.89412206889
 10
58414.94691674803
 20
-11371.89412206887
 10
57684.94691674802
 20
-11371.89412206887
 10
57684.94691674802
 20
-11571.89412206887
 10
58744.94691674802
 20
-11571.89412206887
 10
63114.94691674801
 20
-11571.89412206887
1001
REVIT
1002
{
1070
     1
1000
22996850
1002
}
1002
{
1070
     5
1000
22554474
1002
}
1002
{
1070
     2
1000
-2000011
1002
}
  0
LWPOLYLINE
  5
2C0
330
70
100
AcDbEntity
  8
A-ALV-___-___-EXI
 62
     7
370
    35
100
AcDbPolyline
 90
        4
 70
     1
 43
0.0
 10
56583.07077905849
 20
-13951.89412206889
 10
56383.07077905849
 20
-13951.89412206889
 10
56383.07077905849
 20
-15251.89412206889
 10
56583.07077905849
 20
-15251.89412206889
1001
REVIT
1002
{
1070
     1
1000
22996021
1002
}
1002
{
1070
     5
1000
22554474
1002
}
1002
{
1070
     2
1000
-2000011
1002
}
  0
LWPOLYLINE
  5
2C7
330
70
100
AcDbEntity
  8
A-ALV-___-___-EXI
 62
     7
370
    35
100
AcDbPolyline
 90
        3
 70
     0
 43
0.0
 10
62476.19464136896
 20
-21551.8941220689
 10
62476.19464136896
 20
-19451.89412206891
 10
59926.19464136896
 20
-19451.8941220689
1001
REVIT
1002
{
1070
     1
1000
22991617
1002
}
1002
{
1070
     5
1000
22554474
1002
}
1002
{
1070
     2
1000
-2000011
1002
}
  0
LINE
  5
2D7
330
70
100
AcDbEntity
  8
A-ESC-___-___-EXI
 62
     7
370
    35
100
AcDbLine
 10
59226.19464136896
 20
-18111.8941220689
 30
0.0
 11
59226.19464136896
 21
-19451.8941220689
 31
0.0
1001
REVIT
1002
{
1070
     1
1000
22995011
1002
}
1002
{
1070
     5
1000
22554474
1002
}
1002
{
1070
     2
1000
-2000011
1002
}
  0
LINE
  5
2D8
330
70
100
AcDbEntity
  8
A-ESC-___-___-EXI
 62
     7
370
    35
100
AcDbLine
 10
59226.19464136896
 20
-19451.8941220689
 30
0.0
 11
59926.19464136896
 21
-19451.8941220689
 31
0.0
1001
REVIT
1002
{
1070
     1
1000
22995011
1002
}
1002
{
1070
     5
1000
22554474
1002
}
1002
{
1070
     2
1000
-2000011
1002
}
  0
LINE
  5
2D9
330
70
100
AcDbEntity
  8
A-ALV-___-___-EXI
 62
     7
370
    35
100
AcDbLine
 10
59926.19464136896
 20
-19451.8941220689
 30
0.0
 11
59926.19464136896
 21
-20051.8941220689
 31
0.0
1001
REVIT
1002
{
1070
     1
1000
22995011
1002
}
1002
{
1070
     5
1000
22554474
1002
}
1002
{
1070
     2
1000
-2000011
1002
}
  0
LINE
  5
2DA
330
70
100
AcDbEntity
  8
A-ALV-___-___-EXI
 62
     7
370
    35
100
AcDbLine
 10
59926.19464136896
 20
-20051.8941220689
 30
0.0
 11
58901.19464136896
 21
-20051.89412206889
 31
0.0
1001
REVIT
1002
{
1070
     1
1000
22995011
1002
}
1002
{
1070
     5
1000
22554474
1002
}
1002
{
1070
     2
1000
-2000011
1002
}
  0
LINE
  5
2DB
330
70
100
AcDbEntity
  8
A-ALV-___-___-EXI
 62
     7
370
    35
100
AcDbLine
 10
58901.19464136896
 20
-20051.89412206889
 30
0.0
 11
58901.19464136896
 21
-20251.8941220689
 31
0.0
1001
REVIT
1002
{
1070
     1
1000
22995011
1002
}
1002
{
1070
     5
1000
22554474
1002
}
1002
{
1070
     2
1000
-2000011
1002
}
  0
LINE
  5
2DC
330
70
100
AcDbEntity
  8
A-ALV-___-___-EXI
 62
     7
370
    35
100
AcDbLine
 10
58901.19464136896
 20
-20251.8941220689
 30
0.0
 11
59926.19464136896
 21
-20251.8941220689
 31
0.0
1001
REVIT
1002
{
1070
     1
1000
22995011
1002
}
1002
{
1070
     5
1000
22554474
1002
}
1002
{
1070
     2
1000
-2000011
1002
}
  0
LINE
  5
2DD
330
70
100
AcDbEntity
  8
A-ALV-___-___-EXI
 62
     7
370
    35
100
AcDbLine
 10
59926.19464136896
 20
-20251.8941220689
 30
0.0
 11
59926.19464136895
 21
-23801.8941220689
 31
0.0
1001
REVIT
1002
{
1070
     1
1000
22995011
1002
}
1002
{
1070
     5
1000
22554474
1002
}
1002
{
1070
     2
1000
-2000011
1002
}
  0
LINE
  5
2DE
330
70
100
AcDbEntity
  8
A-ALV-___-___-EXI
 62
     7
370
    35
100
AcDbLine
 10
59926.19464136895
 20
-23801.8941220689
 30
0.0
 11
60076.19464136895
 21
-23801.8941220689
 31
0.0
1001
REVIT
1002
{
1070
     1
1000
22995011
1002
}
1002
{
1070
     5
1000
22554474
1002
}
1002
{
1070
     2
1000
-2000011
1002
}
  0
LINE
  5
2DF
330
70
100
AcDbEntity
  8
A-ALV-___-___-EXI
 62
     7
370
    35
100
AcDbLine
 10
60076.19464136895
 20
-23801.8941220689
 30
0.0
 11
60076.19464136896
 21
-21551.8941220689
 31
0.0
1001
REVIT
1002
{
1070
     1
1000
22995011
1002
}
1002
{
1070
     5
1000
22554474
1002
}
1002
{
1070
     2
1000
-2000011
1002
}
  0
LINE
  5
2E0
330
70
100
AcDbEntity
  8
A-ALV-___-___-EXI
 62
     7
370
    35
100
AcDbLine
 10
60076.19464136896
 20
-21551.8941220689
 30
0.0
 11
60741.19464136896
 21
-21551.8941220689
 31
0.0
1001
REVIT
1002
{
1070
     1
1000
22995011
1002
}
1002
{
1070
     5
1000
22554474
1002
}
1002
{
1070
     2
1000
-2000011
1002
}
  0
LINE
  5
2E1
330
70
100
AcDbEntity
  8
A-ALV-___-___-EXI
100
AcDbLine
 10
63434.94691674799
 20
-17911.89412206891
 30
0.0
 11
63614.946916748
 21
-17911.89412206891
 31
0.0
1001
REVIT
1002
{
1070
     1
1000
23052293
1002
}
1002
{
1070
     2
1000
-2000051
1002
}
1002
{
1070
     3
1000
-2000044
1002
}
  0
LINE
  5
2E2
330
70
100
AcDbEntity
  8
A-ALV-___-___-EXI
100
AcDbLine
 10
63614.946916748
 20
-17911.89412206891
 30
0.0
 11
63614.946916748
 21
-11571.89412206889
 31
0.0
1001
REVIT
1002
{
1070
     1
1000
23052293
1002
}
1002
{
1070
     2
1000
-2000051
1002
}
1002
{
1070
     3
1000
-2000044
1002
}
  0
LINE
  5
2E3
330
70
100
AcDbEntity
  8
A-ALV-___-___-EXI
100
AcDbLine
 10
63614.946916748
 20
-11571.89412206889
 30
0.0
 11
63114.94691674801
 21
-11571.89412206889
 31
0.0
1001
REVIT
1002
{
1070
     1
1000
23052293
1002
}
1002
{
1070
     2
1000
-2000051
1002
}
1002
{
1070
     3
1000
-2000044
1002
}
  0
LINE
  5
2E4
330
70
100
AcDbEntity
  8
A-ALV-___-___-EXI
100
AcDbLine
 10
63114.94691674801
 20
-11571.89412206889
 30
0.0
 11
63114.94691674801
 21
-11371.89412206889
 31
0.0
1001
REVIT
1002
{
1070
     1
1000
23052293
1002
}
1002
{
1070
     2
1000
-2000051
1002
}
1002
{
1070
     3
1000
-2000044
1002
}
  0
LINE
  5
2E5
330
70
100
AcDbEntity
  8
A-ALV-___-___-EXI
100
AcDbLine
 10
63114.94691674801
 20
-11371.89412206889
 30
0.0
 11
58744.94691674802
 21
-11371.89412206889
 31
0.0
1001
REVIT
1002
{
1070
     1
1000
23052293
1002
}
1002
{
1070
     2
1000
-2000051
1002
}
1002
{
1070
     3
1000
-2000044
1002
}
  0
LINE
  5
2E6
330
70
100
AcDbEntity
  8
A-ALV-___-___-EXI
100
AcDbLine
 10
58744.94691674802
 20
-11371.89412206889
 30
0.0
 11
58744.94691674802
 21
-11571.89412206887
 31
0.0
1001
REVIT
1002
{
1070
     1
1000
23052293
1002
}
1002
{
1070
     2
1000
-2000051
1002
}
1002
{
1070
     3
1000
-2000044
1002
}
  0
LINE
  5
2E7
330
70
100
AcDbEntity
  8
A-JAN-___-___-EXI
100
AcDbLine
 10
58744.94691674802
 20
-11571.89412206887
 30
0.0
 11
59195.28012671592
 21
-11831.89412206888
 31
0.0
1001
REVIT
1002
{
1070
     1
1000
23052293
1002
}
1002
{
1070
     2
1000
-2000051
1002
}
1002
{
1070
     3
1000
-2000044
1002
}
  0
LINE
  5
2EF
330
70
100
AcDbEntity
  8
A-ALV-___-___-EXI
100
AcDbLine
 10
63174.94691674798
 20
-26031.89412206891
 30
0.0
 11
63814.94691674798
 21
-26031.89412206891
 31
0.0
1001
REVIT
1002
{
1070
     1
1000
23052288
1002
}
1002
{
1070
     2
1000
-2000051
1002
}
1002
{
1070
     3
1000
-2000044
1002
}
  0
LINE
  5
2F0
330
70
100
AcDbEntity
  8
A-ALV-___-___-EXI
100
AcDbLine
 10
63814.94691674798
 20
-26031.89412206891
 30
0.0
 11
63814.946916748
 21
-11371.89412206889
 31
0.0
1001
REVIT
1002
{
1070
     1
1000
23052288
1002
}
1002
{
1070
     2
1000
-2000051
1002
}
1002
{
1070
     3
1000
-2000044
1002
}
  0
LINE
  5
2F1
330
70
100
AcDbEntity
  8
A-ALV-___-___-EXI
100
AcDbLine
 10
63814.946916748
 20
-11371.89412206889
 30
0.0
 11
63114.94691674801
 21
-11371.89412206889
 31
0.0
1001
REVIT
1002
{
1070
     1
1000
23052288
1002
}
1002
{
1070
     2
1000
-2000051
1002
}
1002
{
1070
     3
1000
-2000044
1002
}
  0
LINE
  5
2F2
330
70
100
AcDbEntity
  8
A-ALV-___-___-EXI
100
AcDbLine
 10
63114.94691674801
 20
-11371.89412206889
 30
0.0
 11
63114.94691674801
 21
-11571.89412206887
 31
0.0
1001
REVIT
1002
{
1070
     1
1000
23052288
1002
}
1002
{
1070
     2
1000
-2000051
1002
}
1002
{
1070
     3
1000
-2000044
1002
}
  0
LINE
  5
2F3
330
70
100
AcDbEntity
  8
A-JAN-___-___-EXI
100
AcDbLine
 10
63114.94691674801
 20
-11571.89412206887
 30
0.0
 11
62787.28609903241
 21
-11801.32469660929
 31
0.0
1001
REVIT
1002
{
1070
     1
1000
23052288
1002
}
1002
{
1070
     2
1000
-2000051
1002
}
1002
{
1070
     3
1000
-2000044
1002
}
  0
LINE
  5
2F4
330
70
100
AcDbEntity
  8
A-JAN-___-___-EXI
100
AcDbLine
 10
60925.99809441317
 20
-11791.89412206888
 30
0.0
 11
60544.94691674801
 21
-11571.89412206888
 31
0.0
1001
REVIT
1002
{
1070
     1
1000
23052292
1002
}
1002
{
1070
     2
1000
-2000051
1002
}
1002
{
1070
     3
1000
-2000044
1002
}
  0
LINE
  5
2F5
330
70
100
AcDbEntity
  8
A-ALV-___-___-EXI
100
AcDbLine
 10
60544.94691674801
 20
-11571.89412206888
 30
0.0
 11
60544.94691674801
 21
-11371.89412206888
 31
0.0
1001
REVIT
1002
{
1070
     1
1000
23052292
1002
}
1002
{
1070
     2
1000
-2000051
1002
}
1002
{
1070
     3
1000
-2000044
1002
}
  0
LINE
  5
2F6
330
70
100
AcDbEntity
  8
A-ALV-___-___-EXI
100
AcDbLine
 10
60544.94691674801
 20
-11371.89412206888
 30
0.0
 11
59744.94691674802
 21
-11371.89412206887
 31
0.0
1001
REVIT
1002
{
1070
     1
1000
23052292
1002
}
1002
{
1070
     2
1000
-2000051
1002
}
1002
{
1070
     3
1000
-2000044
1002
}
  0
LINE
  5
2F7
330
70
100
AcDbEntity
  8
A-ALV-___-___-EXI
100
AcDbLine
 10
59744.94691674802
 20
-11371.89412206887
 30
0.0
 11
59744.94691674802
 21
-11571.89412206887
 31
0.0
1001
REVIT
1002
{
1070
     1
1000
23052292
1002
}
1002
{
1070
     2
1000
-2000051
1002
}
1002
{
1070
     3
1000
-2000044
1002
}
  0
LINE
  5
2F8
330
70
100
AcDbEntity
  8
A-JAN-___-___-EXI
100
AcDbLine
 10
59744.94691674802
 20
-11571.89412206887
 30
0.0
 11
59335.37089460352
 21
-11858.68234024439
 31
0.0
1001
REVIT
1002
{
1070
     1
1000
23052292
1002
}
1002
{
1070
     2
1000
-2000051
1002
}
1002
{
1070
     3
1000
-2000044
1002
}
  0
LINE
  5
2F9
330
70
100
AcDbEntity
  8
A-JAN-___-___-EXI
100
AcDbLine
 10
62608.67758633748
 20
-11781.89412206889
 30
0.0
 11
62244.94691674802
 21
-11571.89412206888
 31
0.0
1001
REVIT
1002
{
1070
     1
1000
23052290
1002
}
1002
{
1070
     2
1000
-2000051
1002
}
1002
{
1070
     3
1000
-2000044
1002
}
  0
LINE
  5
2FA
330
70
100
AcDbEntity
  8
A-ALV-___-___-EXI
100
AcDbLine
 10
62244.94691674802
 20
-11571.89412206888
 30
0.0
 11
62244.94691674802
 21
-11371.89412206888
 31
0.0
1001
REVIT
1002
{
1070
     1
1000
23052290
1002
}
1002
{
1070
     2
1000
-2000051
1002
}
1002
{
1070
     3
1000
-2000044
1002
}
  0
LINE
  5
2FB
330
70
100
AcDbEntity
  8
A-ALV-___-___-EXI
100
AcDbLine
 10
62244.94691674802
 20
-11371.89412206888
 30
0.0
 11
61444.94691674802
 21
-11371.89412206888
 31
0.0
1001
REVIT
1002
{
1070
     1
1000
23052290
1002
}
1002
{
1070
     2
1000
-2000051
1002
}
1002
{
1070
     3
1000
-2000044
1002
}
  0
LINE
  5
2FC
330
70
100
AcDbEntity
  8
A-ALV-___-___-EXI
100
AcDbLine
 10
61444.94691674802
 20
-11371.89412206888
 30
0.0
 11
61444.94691674804
 21
-11571.89412206887
 31
0.0
1001
REVIT
1002
{
1070
     1
1000
23052290
1002
}
1002
{
1070
     2
1000
-2000051
1002
}
1002
{
1070
     3
1000
-2000044
1002
}
  0
LINE
  5
2FD
330
70
100
AcDbEntity
  8
A-JAN-___-___-EXI
100
AcDbLine
 10
61444.94691674804
 20
-11571.89412206887
 30
0.0
 11
61046.57523100718
 21
-11801.89412206888
 31
0.0
1001
REVIT
1002
{
1070
     1
1000
23052290
1002
}
1002
{
1070
     2
1000
-2000051
1002
}
1002
{
1070
     3
1000
-2000044
1002
}
  0
LINE
  5
2FE
330
70
100
AcDbEntity
  8
A-ALV-___-___-EXI
 62
     7
370
    35
100
AcDbLine
 10
57689.94691674805
 20
-8851.894122068896
 30
0.0
 11
57689.94691674805
 21
-9051.894122068896
 31
0.0
1001
REVIT
1002
{
1070
     1
1000
22992763
1002
}
1002
{
1070
     5
1000
22542561
1002
}
1002
{
1070
     2
1000
-2000011
1002
}
  0
LINE
  5
2FF
330
70
100
AcDbEntity
  8
A-ALV-___-___-EXI
 62
     7
370
    35
100
AcDbLine
 10
57689.94691674805
 20
-9051.894122068896
 30
0.0
 11
58414.94691674804
 21
-9051.894122068899
 31
0.0
1001
REVIT
1002
{
1070
     1
1000
22992763
1002
}
1002
{
1070
     5
1000
22542561
1002
}
1002
{
1070
     2
1000
-2000011
1002
}
  0
LINE
  5
300
330
70
100
AcDbEntity
  8
A-ALV-___-___-EXI
 62
     7
370
    35
100
AcDbLine
 10
58414.94691674804
 20
-9051.894122068899
 30
0.0
 11
58414.94691674803
 21
-9536.261364934581
 31
0.0
1001
REVIT
1002
{
1070
     1
1000
22992763
1002
}
1002
{
1070
     5
1000
22542561
1002
}
1002
{
1070
     2
1000
-2000011
1002
}
  0
LINE
  5
301
330
70
100
AcDbEntity
  8
A-ALV-___-___-EXI
 62
     7
370
    35
100
AcDbLine
 10
58414.94691674803
 20
-9536.261364934581
 30
0.0
 11
58564.94691674804
 21
-9536.261364934581
 31
0.0
1001
REVIT
1002
{
1070
     1
1000
22992763
1002
}
1002
{
1070
     5
1000
22542561
1002
}
1002
{
1070
     2
1000
-2000011
1002
}
  0
LINE
  5
302
330
70
100
AcDbEntity
  8
A-ALV-___-___-EXI
 62
     7
370
    35
100
AcDbLine
 10
58564.94691674804
 20
-9536.261364934581
 30
0.0
 11
58564.94691674804
 21
-8576.261364934582
 31
0.0
1001
REVIT
1002
{
1070
     1
1000
22992763
1002
}
1002
{
1070
     5
1000
22542561
1002
}
1002
{
1070
     2
1000
-2000011
1002
}
  0
LINE
  5
303
330
70
100
AcDbEntity
  8
A-ALV-___-___-EXI
 62
     7
370
    35
100
AcDbLine
 10
58564.94691674804
 20
-8576.261364934582
 30
0.0
 11
58414.94691674804
 21
-8576.261364934582
 31
0.0
1001
REVIT
1002
{
1070
     1
1000
22992763
1002
}
1002
{
1070
     5
1000
22542561
1002
}
1002
{
1070
     2
1000
-2000011
1002
}
  0
LINE
  5
304
330
70
100
AcDbEntity
  8
A-JAN-___-___-EXI
 62
     7
370
    35
100
AcDbLine
 10
58414.94691674804
 20
-8576.261364934582
 30
0.0
 11
58414.94691674804
 21
-7536.26136493458
 31
0.0
1001
REVIT
1002
{
1070
     1
1000
22992763
1002
}
1002
{
1070
     5
1000
22542561
1002
}
1002
{
1070
     2
1000
-2000011
1002
}
  0
LINE
  5
305
330
70
100
AcDbEntity
  8
A-ALV-___-___-EXI
 62
     7
370
    35
100
AcDbLine
 10
58414.94691674804
 20
-7536.26136493458
 30
0.0
 11
58564.94691674804
 21
-7536.26136493458
 31
0.0
1001
REVIT
1002
{
1070
     1
1000
22992763
1002
}
1002
{
1070
     5
1000
22542561
1002
}
1002
{
1070
     2
1000
-2000011
1002
}
  0
LINE
  5
306
330
70
100
AcDbEntity
  8
A-JAN-___-___-EXI
 62
     7
370
    35
100
AcDbLine
 10
58564.94691674804
 20
-7536.26136493458
 30
0.0
 11
58564.94691674804
 21
-8576.261364934582
 31
0.0
1001
REVIT
1002
{
1070
     1
1000
22992763
1002
}
1002
{
1070
     5
1000
22542561
1002
}
1002
{
1070
     2
1000
-2000011
1002
}
  0
LINE
  5
307
330
70
100
AcDbEntity
  8
A-ALV-___-___-EXI
 62
     7
370
    35
100
AcDbLine
 10
58564.94691674804
 20
-8576.261364934582
 30
0.0
 11
58414.94691674804
 21
-8576.261364934582
 31
0.0
1001
REVIT
1002
{
1070
     1
1000
22992763
1002
}
1002
{
1070
     5
1000
22542561
1002
}
1002
{
1070
     2
1000
-2000011
1002
}
  0
LINE
  5
308
330
70
100
AcDbEntity
  8
A-ALV-___-___-EXI
 62
     7
370
    35
100
AcDbLine
 10
58414.94691674804
 20
-8576.261364934582
 30
0.0
 11
58414.94691674804
 21
-8851.8941220689
 31
0.0
1001
REVIT
1002
{
1070
     1
1000
22992763
1002
}
1002
{
1070
     5
1000
22542561
1002
}
1002
{
1070
     2
1000
-2000011
1002
}
  0
LINE
  5
309
330
70
100
AcDbEntity
  8
A-ALV-___-___-EXI
 62
     7
370
    35
100
AcDbLine
 10
58414.94691674804
 20
-8851.8941220689
 30
0.0
 11
57689.94691674805
 21
-8851.894122068896
 31
0.0
1001
REVIT
1002
{
1070
     1
1000
22992763
1002
}
1002
{
1070
     5
1000
22542561
1002
}
1002
{
1070
     2
1000
-2000011
1002
}
  0
LINE
  5
30A
330
70
100
AcDbEntity
  8
A-POR-___-___-EXI
 62
     7
370
    35
100
AcDbLine
 10
57689.94691674805
 20
-8851.894122068896
 30
0.0
 11
57176.21952478488
 21
-8576.261364934582
 31
0.0
1001
REVIT
1002
{
1070
     1
1000
22992763
1002
}
1002
{
1070
     5
1000
22542561
1002
}
1002
{
1070
     2
1000
-2000011
1002
}
  0
LINE
  5
30B
330
70
100
AcDbEntity
  8
A-POR-___-___-EXI
 62
     7
370
    35
100
AcDbLine
 10
57176.21952478488
 20
-8576.261364934582
 30
0.0
 11
56644.94691674803
 21
-8851.894122068895
 31
0.0
1001
REVIT
1002
{
1070
     1
1000
22992763
1002
}
1002
{
1070
     5
1000
22542561
1002
}
1002
{
1070
     2
1000
-2000011
1002
}
  0
LINE
  5
30C
330
70
100
AcDbEntity
  8
A-ALV-___-___-EXI
 62
     7
370
    35
100
AcDbLine
 10
56644.94691674803
 20
-8851.894122068895
 30
0.0
 11
54794.94691674802
 21
-8851.894122068888
 31
0.0
1001
REVIT
1002
{
1070
     1
1000
22992763
1002
}
1002
{
1070
     5
1000
22542561
1002
}
1002
{
1070
     2
1000
-2000011
1002
}
  0
LINE
  5
30D
330
70
100
AcDbEntity
  8
A-ALV-___-___-EXI
 62
     7
370
    35
100
AcDbLine
 10
54794.94691674802
 20
-8851.894122068888
 30
0.0
 11
54794.94691674803
 21
-2936.261364934574
 31
0.0
1001
REVIT
1002
{
1070
     1
1000
22992763
1002
}
1002
{
1070
     5
1000
22542561
1002
}
1002
{
1070
     2
1000
-2000011
1002
}
  0
LINE
  5
30E
330
70
100
AcDbEntity
  8
A-ALV-___-___-EXI
 62
     7
370
    35
100
AcDbLine
 10
54794.94691674803
 20
-2936.261364934574
 30
0.0
 11
55864.94691674804
 21
-2936.261364934578
 31
0.0
1001
REVIT
1002
{
1070
     1
1000
22992763
1002
}
1002
{
1070
     5
1000
22542561
1002
}
1002
{
1070
     2
1000
-2000011
1002
}
  0
LINE
  5
30F
330
70
100
AcDbEntity
  8
A-ALV-___-___-EXI
 62
     7
370
    35
100
AcDbLine
 10
55864.94691674804
 20
-2936.261364934578
 30
0.0
 11
55864.94691674804
 21
-2736.261364934581
 31
0.0
1001
REVIT
1002
{
1070
     1
1000
22992763
1002
}
1002
{
1070
     5
1000
22542561
1002
}
1002
{
1070
     2
1000
-2000011
1002
}
  0
LINE
  5
310
330
70
100
AcDbEntity
  8
A-ALV-___-___-EXI
 62
     7
370
    35
100
AcDbLine
 10
55864.94691674804
 20
-2736.261364934581
 30
0.0
 11
55864.94691674804
 21
-2936.261364934578
 31
0.0
1001
REVIT
1002
{
1070
     1
1000
22992763
1002
}
1002
{
1070
     5
1000
22542561
1002
}
1002
{
1070
     2
1000
-2000011
1002
}
  0
LINE
  5
311
330
70
100
AcDbEntity
  8
A-JAN-___-___-EXI
 62
     7
370
    35
100
AcDbLine
 10
55864.94691674804
 20
-2936.261364934578
 30
0.0
 11
56844.94691674806
 21
-2936.261364934578
 31
0.0
1001
REVIT
1002
{
1070
     1
1000
22992763
1002
}
1002
{
1070
     5
1000
22542561
1002
}
1002
{
1070
     2
1000
-2000011
1002
}
  0
LINE
  5
312
330
70
100
AcDbEntity
  8
A-ALV-___-___-EXI
 62
     7
370
    35
100
AcDbLine
 10
56844.94691674806
 20
-2936.261364934578
 30
0.0
 11
56844.94691674806
 21
-2736.261364934581
 31
0.0
1001
REVIT
1002
{
1070
     1
1000
22992763
1002
}
1002
{
1070
     5
1000
22542561
1002
}
1002
{
1070
     2
1000
-2000011
1002
}
  0
LINE
  5
313
330
70
100
AcDbEntity
  8
A-JAN-___-___-EXI
 62
     7
370
    35
100
AcDbLine
 10
56844.94691674806
 20
-2736.261364934581
 30
0.0
 11
55864.94691674804
 21
-2736.261364934581
 31
0.0
1001
REVIT
1002
{
1070
     1
1000
22992763
1002
}
1002
{
1070
     5
1000
22542561
1002
}
1002
{
1070
     2
1000
-2000011
1002
}
  0
LINE
  5
314
330
70
100
AcDbEntity
  8
A-ALV-___-___-EXI
 62
     7
370
    35
100
AcDbLine
 10
55864.94691674804
 20
-2736.261364934581
 30
0.0
 11
54494.94691674804
 21
-2736.261364934572
 31
0.0
1001
REVIT
1002
{
1070
     1
1000
22992763
1002
}
1002
{
1070
     5
1000
22542561
1002
}
1002
{
1070
     2
1000
-2000011
1002
}
  0
LINE
  5
315
330
70
100
AcDbEntity
  8
A-ALV-___-___-EXI
 62
     7
370
    35
100
AcDbLine
 10
54494.94691674804
 20
-2736.261364934572
 30
0.0
 11
54494.94691674803
 21
-11571.89412206886
 31
0.0
1001
REVIT
1002
{
1070
     1
1000
22992763
1002
}
1002
{
1070
     5
1000
22542561
1002
}
1002
{
1070
     2
1000
-2000011
1002
}
  0
LINE
  5
316
330
70
100
AcDbEntity
  8
A-POR-___-___-EXI
 62
     7
370
    35
100
AcDbLine
 10
56383.07077905849
 20
-9751.894122068897
 30
0.0
 11
56103.07077905851
 21
-10166.9198959496
 31
0.0
1001
REVIT
1002
{
1070
     1
1000
22992262
1002
}
1002
{
1070
     5
1000
22554474
1002
}
1002
{
1070
     2
1000
-2000011
1002
}
  0
LINE
  5
317
330
70
100
AcDbEntity
  8
A-POR-___-___-EXI
 62
     7
370
    35
100
AcDbLine
 10
56103.07077905851
 20
-10166.9198959496
 30
0.0
 11
56383.07077905849
 21
-10651.89412206889
 31
0.0
1001
REVIT
1002
{
1070
     1
1000
22992262
1002
}
1002
{
1070
     5
1000
22554474
1002
}
1002
{
1070
     2
1000
-2000011
1002
}
  0
LINE
  5
318
330
70
100
AcDbEntity
  8
A-ALV-___-___-EXI
 62
     7
370
    35
100
AcDbLine
 10
56383.07077905849
 20
-10651.89412206889
 30
0.0
 11
56383.07077905849
 21
-11371.89412206886
 31
0.0
1001
REVIT
1002
{
1070
     1
1000
22992262
1002
}
1002
{
1070
     5
1000
22554474
1002
}
1002
{
1070
     2
1000
-2000011
1002
}
  0
LINE
  5
319
330
70
100
AcDbEntity
  8
A-ALV-___-___-EXI
 62
     7
370
    35
100
AcDbLine
 10
56383.07077905849
 20
-11371.89412206886
 30
0.0
 11
54794.94691674802
 21
-11371.89412206886
 31
0.0
1001
REVIT
1002
{
1070
     1
1000
22992262
1002
}
1002
{
1070
     5
1000
22554474
1002
}
1002
{
1070
     2
1000
-2000011
1002
}
  0
LINE
  5
31A
330
70
100
AcDbEntity
  8
A-ALV-___-___-EXI
 62
     7
370
    35
100
AcDbLine
 10
54794.94691674802
 20
-11371.89412206886
 30
0.0
 11
54794.94691674802
 21
-9051.894122068887
 31
0.0
1001
REVIT
1002
{
1070
     1
1000
22992262
1002
}
1002
{
1070
     5
1000
22554474
1002
}
1002
{
1070
     2
1000
-2000011
1002
}
  0
LINE
  5
31B
330
70
100
AcDbEntity
  8
A-ALV-___-___-EXI
 62
     7
370
    35
100
AcDbLine
 10
54794.94691674802
 20
-9051.894122068887
 30
0.0
 11
56383.07077905849
 21
-9051.894122068892
 31
0.0
1001
REVIT
1002
{
1070
     1
1000
22992262
1002
}
1002
{
1070
     5
1000
22554474
1002
}
1002
{
1070
     2
1000
-2000011
1002
}
  0
LINE
  5
31C
330
70
100
AcDbEntity
  8
A-ALV-___-___-EXI
 62
     7
370
    35
100
AcDbLine
 10
56383.07077905849
 20
-9051.894122068892
 30
0.0
 11
56383.07077905849
 21
-9751.894122068897
 31
0.0
1001
REVIT
1002
{
1070
     1
1000
22992262
1002
}
1002
{
1070
     5
1000
22554474
1002
}
1002
{
1070
     2
1000
-2000011
1002
}
  0
LINE
  5
31D
330
70
100
AcDbEntity
  8
A-ALV-___-___-EXI
 62
     7
370
    35
100
AcDbLine
 10
56383.07077905849
 20
-9751.894122068897
 30
0.0
 11
56583.0707790585
 21
-9751.894122068897
 31
0.0
1001
REVIT
1002
{
1070
     1
1000
22992262
1002
}
1002
{
1070
     5
1000
22554474
1002
}
1002
{
1070
     2
1000
-2000011
1002
}
  0
LINE
  5
31E
330
70
100
AcDbEntity
  8
A-ALV-___-___-EXI
 62
     7
370
    35
100
AcDbLine
 10
56583.0707790585
 20
-9751.894122068897
 30
0.0
 11
56583.0707790585
 21
-9051.894122068894
 31
0.0
1001
REVIT
1002
{
1070
     1
1000
22992262
1002
}
1002
{
1070
     5
1000
22554474
1002
}
1002
{
1070
     2
1000
-2000011
1002
}
  0
LINE
  5
31F
330
70
100
AcDbEntity
  8
A-ALV-___-___-EXI
 62
     7
370
    35
100
AcDbLine
 10
56583.0707790585
 20
-9051.894122068894
 30
0.0
 11
56644.94691674803
 21
-9051.894122068894
 31
0.0
1001
REVIT
1002
{
1070
     1
1000
22992262
1002
}
1002
{
1070
     5
1000
22554474
1002
}
1002
{
1070
     2
1000
-2000011
1002
}
  0
LINE
  5
320
330
70
100
AcDbEntity
  8
A-ALV-___-___-EXI
 62
     7
370
    35
100
AcDbLine
 10
56644.94691674803
 20
-9051.894122068894
 30
0.0
 11
56644.94691674803
 21
-8851.894122068895
 31
0.0
1001
REVIT
1002
{
1070
     1
1000
22992262
1002
}
1002
{
1070
     5
1000
22554474
1002
}
1002
{
1070
     2
1000
-2000011
1002
}
  0
LINE
  5
321
330
70
100
AcDbEntity
  8
A-POR-___-___-EXI
 62
     7
370
    35
100
AcDbLine
 10
63115.37089460352
 20
-21838.68234024444
 30
0.0
 11
63524.94691674801
 21
-21551.89412206891
 31
0.0
1001
REVIT
1002
{
1070
     1
1000
22995250
1002
}
1002
{
1070
     5
1000
22554474
1002
}
1002
{
1070
     2
1000
-2000011
1002
}
  0
LINE
  5
322
330
70
100
AcDbEntity
  8
A-ALV-___-___-EXI
 62
     7
370
    35
100
AcDbLine
 10
63524.94691674801
 20
-21551.89412206891
 30
0.0
 11
63614.94691674799
 21
-21551.89412206891
 31
0.0
1001
REVIT
1002
{
1070
     1
1000
22995250
1002
}
1002
{
1070
     5
1000
22554474
1002
}
1002
{
1070
     2
1000
-2000011
1002
}
  0
LINE
  5
323
330
70
100
AcDbEntity
  8
A-ALV-___-___-EXI
 62
     7
370
    35
100
AcDbLine
 10
63614.94691674799
 20
-21551.89412206891
 30
0.0
 11
63614.94691674797
 21
-25831.89412206891
 31
0.0
1001
REVIT
1002
{
1070
     1
1000
22995250
1002
}
1002
{
1070
     5
1000
22554474
1002
}
1002
{
1070
     2
1000
-2000011
1002
}
  0
LINE
  5
324
330
70
100
AcDbEntity
  8
A-ALV-___-___-EXI
 62
     7
370
    35
100
AcDbLine
 10
63614.94691674797
 20
-25831.89412206891
 30
0.0
 11
63174.94691674798
 21
-25831.89412206891
 31
0.0
1001
REVIT
1002
{
1070
     1
1000
22995250
1002
}
1002
{
1070
     5
1000
22554474
1002
}
1002
{
1070
     2
1000
-2000011
1002
}
  0
LINE
  5
325
330
70
100
AcDbEntity
  8
A-ALV-___-___-EXI
 62
     7
370
    35
100
AcDbLine
 10
63174.94691674798
 20
-25831.89412206891
 30
0.0
 11
63174.94691674798
 21
-26031.89412206891
 31
0.0
1001
REVIT
1002
{
1070
     1
1000
22995250
1002
}
1002
{
1070
     5
1000
22554474
1002
}
1002
{
1070
     2
1000
-2000011
1002
}
  0
LINE
  5
326
330
70
100
AcDbEntity
  8
A-ALV-___-___-EXI
 62
     7
370
    35
100
AcDbLine
 10
63174.94691674798
 20
-26031.89412206891
 30
0.0
 11
60166.19464136894
 21
-26031.89412206891
 31
0.0
1001
REVIT
1002
{
1070
     1
1000
22995250
1002
}
1002
{
1070
     5
1000
22554474
1002
}
1002
{
1070
     2
1000
-2000011
1002
}
  0
LINE
  5
327
330
70
100
AcDbEntity
  8
A-ALV-___-___-EXI
 62
     7
370
    35
100
AcDbLine
 10
60166.19464136894
 20
-26031.89412206891
 30
0.0
 11
60166.19464136894
 21
-25831.89412206889
 31
0.0
1001
REVIT
1002
{
1070
     1
1000
22995250
1002
}
1002
{
1070
     5
1000
22554474
1002
}
1002
{
1070
     2
1000
-2000011
1002
}
  0
LINE
  5
328
330
70
100
AcDbEntity
  8
A-ALV-___-___-EXI
 62
     7
370
    35
100
AcDbLine
 10
60166.19464136894
 20
-25831.89412206889
 30
0.0
 11
63174.94691674798
 21
-25831.89412206889
 31
0.0
1001
REVIT
1002
{
1070
     1
1000
22995250
1002
}
1002
{
1070
     5
1000
22554474
1002
}
1002
{
1070
     2
1000
-2000011
1002
}
  0
LINE
  5
329
330
70
100
AcDbEntity
  8
A-ALV-___-___-EXI
 62
     7
370
    35
100
AcDbLine
 10
63174.94691674798
 20
-25831.89412206889
 30
0.0
 11
63174.94691674798
 21
-26031.8941220689
 31
0.0
1001
REVIT
1002
{
1070
     1
1000
22995250
1002
}
1002
{
1070
     5
1000
22554474
1002
}
1002
{
1070
     2
1000
-2000011
1002
}
  0
LINE
  5
32A
330
70
100
AcDbEntity
  8
A-ALV-___-___-EXI
 62
     7
370
    35
100
AcDbLine
 10
63174.94691674798
 20
-26031.8941220689
 30
0.0
 11
61846.19464136893
 21
-26031.8941220689
 31
0.0
1001
REVIT
1002
{
1070
     1
1000
22995250
1002
}
1002
{
1070
     5
1000
22554474
1002
}
1002
{
1070
     2
1000
-2000011
1002
}
  0
LINE
  5
32B
330
70
100
AcDbEntity
  8
A-ALV-___-___-EXI
 62
     7
370
    35
100
AcDbLine
 10
61846.19464136893
 20
-26031.8941220689
 30
0.0
 11
61846.19464136893
 21
-25831.8941220689
 31
0.0
1001
REVIT
1002
{
1070
     1
1000
22995250
1002
}
1002
{
1070
     5
1000
22554474
1002
}
1002
{
1070
     2
1000
-2000011
1002
}
  0
LINE
  5
32C
330
70
100
AcDbEntity
  8
A-ALV-___-___-EXI
 62
     7
370
    35
100
AcDbLine
 10
61846.19464136893
 20
-25831.8941220689
 30
0.0
 11
61486.19464136894
 21
-25831.8941220689
 31
0.0
1001
REVIT
1002
{
1070
     1
1000
22995250
1002
}
1002
{
1070
     5
1000
22554474
1002
}
1002
{
1070
     2
1000
-2000011
1002
}
  0
LINE
  5
32D
330
70
100
AcDbEntity
  8
A-ALV-___-___-EXI
 62
     7
370
    35
100
AcDbLine
 10
61486.19464136894
 20
-25831.8941220689
 30
0.0
 11
61486.19464136894
 21
-26031.89412206891
 31
0.0
1001
REVIT
1002
{
1070
     1
1000
22995250
1002
}
1002
{
1070
     5
1000
22554474
1002
}
1002
{
1070
     2
1000
-2000011
1002
}
  0
LINE
  5
32E
330
70
100
AcDbEntity
  8
A-ALV-___-___-EXI
 62
     7
370
    35
100
AcDbLine
 10
61486.19464136894
 20
-26031.89412206891
 30
0.0
 11
60166.19464136894
 21
-26031.89412206891
 31
0.0
1001
REVIT
1002
{
1070
     1
1000
22995250
1002
}
1002
{
1070
     5
1000
22554474
1002
}
1002
{
1070
     2
1000
-2000011
1002
}
  0
LINE
  5
32F
330
70
100
AcDbEntity
  8
A-ALV-___-___-EXI
 62
     7
370
    35
100
AcDbLine
 10
60166.19464136894
 20
-26031.89412206891
 30
0.0
 11
60166.19464136894
 21
-25831.89412206889
 31
0.0
1001
REVIT
1002
{
1070
     1
1000
22995250
1002
}
1002
{
1070
     5
1000
22554474
1002
}
1002
{
1070
     2
1000
-2000011
1002
}
  0
LINE
  5
330
330
70
100
AcDbEntity
  8
A-ALV-___-___-EXI
 62
     7
370
    35
100
AcDbLine
 10
60166.19464136894
 20
-25831.89412206889
 30
0.0
 11
60116.19464136895
 21
-25831.89412206889
 31
0.0
1001
REVIT
1002
{
1070
     1
1000
22995250
1002
}
1002
{
1070
     5
1000
22554474
1002
}
1002
{
1070
     2
1000
-2000011
1002
}
  0
LINE
  5
331
330
70
100
AcDbEntity
  8
A-ALV-___-___-EXI
 62
     7
370
    35
100
AcDbLine
 10
60116.19464136895
 20
-25831.89412206889
 30
0.0
 11
60116.19464136895
 21
-24771.8941220689
 31
0.0
1001
REVIT
1002
{
1070
     1
1000
22995250
1002
}
1002
{
1070
     5
1000
22554474
1002
}
1002
{
1070
     2
1000
-2000011
1002
}
  0
LINE
  5
332
330
70
100
AcDbEntity
  8
A-ALV-___-___-EXI
 62
     7
370
    35
100
AcDbLine
 10
60116.19464136895
 20
-24771.8941220689
 30
0.0
 11
59966.19464136895
 21
-24771.8941220689
 31
0.0
1001
REVIT
1002
{
1070
     1
1000
22995250
1002
}
1002
{
1070
     5
1000
22554474
1002
}
1002
{
1070
     2
1000
-2000011
1002
}
  0
LINE
  5
333
330
70
100
AcDbEntity
  8
A-ALV-___-___-EXI
 62
     7
370
    35
100
AcDbLine
 10
59966.19464136895
 20
-24771.8941220689
 30
0.0
 11
59966.19464136895
 21
-25831.89412206889
 31
0.0
1001
REVIT
1002
{
1070
     1
1000
22995250
1002
}
1002
{
1070
     5
1000
22554474
1002
}
1002
{
1070
     2
1000
-2000011
1002
}
  0
LINE
  5
334
330
70
100
AcDbEntity
  8
A-ALV-___-___-EXI
 62
     7
370
    35
100
AcDbLine
 10
59966.19464136895
 20
-25831.89412206889
 30
0.0
 11
59826.19464136894
 21
-25831.89412206889
 31
0.0
1001
REVIT
1002
{
1070
     1
1000
22995250
1002
}
1002
{
1070
     5
1000
22554474
1002
}
1002
{
1070
     2
1000
-2000011
1002
}
  0
LINE
  5
335
330
70
100
AcDbEntity
  8
A-ALV-___-___-EXI
 62
     7
370
    35
100
AcDbLine
 10
59826.19464136894
 20
-25831.89412206889
 30
0.0
 11
59826.19464136894
 21
-26031.89412206888
 31
0.0
1001
REVIT
1002
{
1070
     1
1000
22995250
1002
}
1002
{
1070
     5
1000
22554474
1002
}
1002
{
1070
     2
1000
-2000011
1002
}
  0
LINE
  5
336
330
70
100
AcDbEntity
  8
A-ALV-___-___-EXI
 62
     7
370
    35
100
AcDbLine
 10
59826.19464136894
 20
-26031.89412206888
 30
0.0
 11
59826.19464136894
 21
-25831.89412206889
 31
0.0
1001
REVIT
1002
{
1070
     1
1000
22995250
1002
}
1002
{
1070
     5
1000
22554474
1002
}
1002
{
1070
     2
1000
-2000011
1002
}
  0
LINE
  5
337
330
70
100
AcDbEntity
  8
A-ALV-___-___-EXI
 62
     7
370
    35
100
AcDbLine
 10
59826.19464136894
 20
-25831.89412206889
 30
0.0
 11
55294.94691674799
 21
-25831.89412206888
 31
0.0
1001
REVIT
1002
{
1070
     1
1000
22995250
1002
}
1002
{
1070
     5
1000
22554474
1002
}
1002
{
1070
     2
1000
-2000011
1002
}
  0
LINE
  5
338
330
70
100
AcDbEntity
  8
A-ALV-___-___-EXI
 62
     7
370
    35
100
AcDbLine
 10
55294.94691674799
 20
-25831.89412206888
 30
0.0
 11
55294.94691674799
 21
-26031.89412206888
 31
0.0
1001
REVIT
1002
{
1070
     1
1000
22995250
1002
}
1002
{
1070
     5
1000
22554474
1002
}
1002
{
1070
     2
1000
-2000011
1002
}
  0
LINE
  5
339
330
70
100
AcDbEntity
  8
A-ALV-___-___-EXI
 62
     7
370
    35
100
AcDbLine
 10
55294.94691674799
 20
-26031.89412206888
 30
0.0
 11
55294.94691674799
 21
-25831.89412206888
 31
0.0
1001
REVIT
1002
{
1070
     1
1000
22995250
1002
}
1002
{
1070
     5
1000
22554474
1002
}
1002
{
1070
     2
1000
-2000011
1002
}
  0
LINE
  5
33A
330
70
100
AcDbEntity
  8
A-ALV-___-___-EXI
 62
     7
370
    35
100
AcDbLine
 10
55294.94691674799
 20
-25831.89412206888
 30
0.0
 11
54994.946916748
 21
-25831.89412206888
 31
0.0
1001
REVIT
1002
{
1070
     1
1000
22995250
1002
}
1002
{
1070
     5
1000
22554474
1002
}
1002
{
1070
     2
1000
-2000011
1002
}
  0
LINE
  5
33B
330
70
100
AcDbEntity
  8
A-ALV-___-___-EXI
 62
     7
370
    35
100
AcDbLine
 10
54994.946916748
 20
-25831.89412206888
 30
0.0
 11
54994.94691674801
 21
-20251.89412206888
 31
0.0
1001
REVIT
1002
{
1070
     1
1000
22995250
1002
}
1002
{
1070
     5
1000
22554474
1002
}
1002
{
1070
     2
1000
-2000011
1002
}
  0
LINE
  5
33C
330
70
100
AcDbEntity
  8
A-ALV-___-___-EXI
 62
     7
370
    35
100
AcDbLine
 10
54994.94691674801
 20
-20251.89412206888
 30
0.0
 11
55794.94691674801
 21
-20251.89412206889
 31
0.0
1001
REVIT
1002
{
1070
     1
1000
22995250
1002
}
1002
{
1070
     5
1000
22554474
1002
}
1002
{
1070
     2
1000
-2000011
1002
}
  0
LINE
  5
33D
330
70
100
AcDbEntity
  8
A-ALV-___-___-EXI
100
AcDbLine
 10
56874.94691674801
 20
-26031.89412206889
 30
0.0
 11
58131.19464136891
 21
-26031.89412206889
 31
0.0
1001
REVIT
1002
{
1070
     1
1000
23052246
1002
}
1002
{
1070
     2
1000
-2000051
1002
}
1002
{
1070
     3
1000
-2000042
1002
}
  0
LINE
  5
33E
330
70
100
AcDbEntity
  8
A-ALV-___-___-EXI
100
AcDbLine
 10
58131.19464136891
 20
-26031.89412206889
 30
0.0
 11
58131.19464136891
 21
-25831.89412206889
 31
0.0
1001
REVIT
1002
{
1070
     1
1000
23052246
1002
}
1002
{
1070
     2
1000
-2000051
1002
}
1002
{
1070
     3
1000
-2000042
1002
}
  0
LINE
  5
33F
330
70
100
AcDbEntity
  8
A-ALV-___-___-EXI
100
AcDbLine
 10
58131.19464136891
 20
-25831.89412206889
 30
0.0
 11
58551.19464136891
 21
-25831.89412206889
 31
0.0
1001
REVIT
1002
{
1070
     1
1000
23052246
1002
}
1002
{
1070
     2
1000
-2000051
1002
}
1002
{
1070
     3
1000
-2000042
1002
}
  0
LINE
  5
340
330
70
100
AcDbEntity
  8
A-ALV-___-___-EXI
100
AcDbLine
 10
58551.19464136891
 20
-25831.89412206889
 30
0.0
 11
58551.19464136891
 21
-26031.89412206889
 31
0.0
1001
REVIT
1002
{
1070
     1
1000
23052246
1002
}
1002
{
1070
     2
1000
-2000051
1002
}
1002
{
1070
     3
1000
-2000042
1002
}
  0
LINE
  5
341
330
70
100
AcDbEntity
  8
A-ALV-___-___-EXI
100
AcDbLine
 10
58551.19464136891
 20
-26031.89412206889
 30
0.0
 11
59826.19464136894
 21
-26031.89412206889
 31
0.0
1001
REVIT
1002
{
1070
     1
1000
23052246
1002
}
1002
{
1070
     2
1000
-2000051
1002
}
1002
{
1070
     3
1000
-2000042
1002
}
  0
LINE
  5
342
330
70
100
AcDbEntity
  8
A-ALV-___-___-EXI
100
AcDbLine
 10
59826.19464136894
 20
-26031.89412206889
 30
0.0
 11
55294.94691674799
 21
-26031.89412206888
 31
0.0
1001
REVIT
1002
{
1070
     1
1000
23052246
1002
}
1002
{
1070
     2
1000
-2000051
1002
}
1002
{
1070
     3
1000
-2000042
1002
}
  0
LINE
  5
343
330
70
100
AcDbEntity
  8
A-ALV-___-___-EXI
100
AcDbLine
 10
55294.94691674799
 20
-26031.89412206888
 30
0.0
 11
56554.94691674802
 21
-26031.89412206888
 31
0.0
1001
REVIT
1002
{
1070
     1
1000
23052246
1002
}
1002
{
1070
     2
1000
-2000051
1002
}
1002
{
1070
     3
1000
-2000042
1002
}
  0
LINE
  5
344
330
70
100
AcDbEntity
  8
A-ALV-___-___-EXI
100
AcDbLine
 10
56554.94691674802
 20
-26031.89412206888
 30
0.0
 11
56554.94691674802
 21
-25831.89412206889
 31
0.0
1001
REVIT
1002
{
1070
     1
1000
23052246
1002
}
1002
{
1070
     2
1000
-2000051
1002
}
1002
{
1070
     3
1000
-2000042
1002
}
  0
LINE
  5
345
330
70
100
AcDbEntity
  8
A-ALV-___-___-EXI
100
AcDbLine
 10
56554.94691674802
 20
-25831.89412206889
 30
0.0
 11
56874.94691674801
 21
-25831.89412206889
 31
0.0
1001
REVIT
1002
{
1070
     1
1000
23052246
1002
}
1002
{
1070
     2
1000
-2000051
1002
}
1002
{
1070
     3
1000
-2000042
1002
}
  0
LINE
  5
346
330
70
100
AcDbEntity
  8
A-ALV-___-___-EXI
100
AcDbLine
 10
56874.94691674801
 20
-25831.89412206889
 30
0.0
 11
56874.94691674801
 21
-26031.89412206889
 31
0.0
1001
REVIT
1002
{
1070
     1
1000
23052246
1002
}
1002
{
1070
     2
1000
-2000051
1002
}
1002
{
1070
     3
1000
-2000042
1002
}
  0
LINE
  5
347
330
70
100
AcDbEntity
  8
A-ALV-___-___-EXI
100
AcDbLine
 10
56874.94691674801
 20
-26031.89412206889
 30
0.0
 11
56554.94691674802
 21
-26031.89412206889
 31
0.0
1001
REVIT
1002
{
1070
     1
1000
23052246
1002
}
1002
{
1070
     2
1000
-2000051
1002
}
1002
{
1070
     3
1000
-2000042
1002
}
  0
LINE
  5
348
330
70
100
AcDbEntity
  8
A-POR-___-___-EXI
100
AcDbLine
 10
62995.80988363962
 20
-21851.8941220689
 30
0.0
 11
62476.19464136896
 21
-21551.8941220689
 31
0.0
1001
REVIT
1002
{
1070
     1
1000
23052280
1002
}
1002
{
1070
     2
1000
-2000051
1002
}
1002
{
1070
     3
1000
-2000044
1002
}
  0
LINE
  5
349
330
70
100
AcDbEntity
  8
A-ALV-___-___-EXI
100
AcDbLine
 10
62476.19464136896
 20
-21551.8941220689
 30
0.0
 11
61716.19464136895
 21
-21551.8941220689
 31
0.0
1001
REVIT
1002
{
1070
     1
1000
23052280
1002
}
1002
{
1070
     2
1000
-2000051
1002
}
1002
{
1070
     3
1000
-2000044
1002
}
  0
LINE
  5
34A
330
70
100
AcDbEntity
  8
A-POR-___-___-EXI
100
AcDbLine
 10
61716.19464136895
 20
-21551.8941220689
 30
0.0
 11
61273.85253745289
 21
-21242.16284643934
 31
0.0
1001
REVIT
1002
{
1070
     1
1000
23052280
1002
}
1002
{
1070
     2
1000
-2000051
1002
}
1002
{
1070
     3
1000
-2000044
1002
}
  0
LINE
  5
34B
330
70
100
AcDbEntity
  8
A-ALV-___-___-EXI
100
AcDbLine
 10
61716.19464136895
 20
-21551.8941220689
 30
0.0
 11
61716.19464136895
 21
-21351.8941220689
 31
0.0
1001
REVIT
1002
{
1070
     1
1000
23052281
1002
}
1002
{
1070
     2
1000
-2000051
1002
}
1002
{
1070
     3
1000
-2000044
1002
}
  0
LINE
  5
34C
330
70
100
AcDbEntity
  8
A-ALV-___-___-EXI
100
AcDbLine
 10
61716.19464136895
 20
-21351.8941220689
 30
0.0
 11
62276.19464136895
 21
-21351.8941220689
 31
0.0
1001
REVIT
1002
{
1070
     1
1000
23052281
1002
}
1002
{
1070
     2
1000
-2000051
1002
}
1002
{
1070
     3
1000
-2000044
1002
}
  0
LINE
  5
34D
330
70
100
AcDbEntity
  8
A-ALV-___-___-EXI
100
AcDbLine
 10
62276.19464136895
 20
-21351.8941220689
 30
0.0
 11
62276.19464136895
 21
-19651.89412206891
 31
0.0
1001
REVIT
1002
{
1070
     1
1000
23052281
1002
}
1002
{
1070
     2
1000
-2000051
1002
}
1002
{
1070
     3
1000
-2000044
1002
}
  0
LINE
  5
34E
330
70
100
AcDbEntity
  8
A-ALV-___-___-EXI
100
AcDbLine
 10
62276.19464136895
 20
-19651.89412206891
 30
0.0
 11
60076.19464136895
 21
-19651.8941220689
 31
0.0
1001
REVIT
1002
{
1070
     1
1000
23052281
1002
}
1002
{
1070
     2
1000
-2000051
1002
}
1002
{
1070
     3
1000
-2000044
1002
}
  0
LINE
  5
34F
330
70
100
AcDbEntity
  8
A-ALV-___-___-EXI
100
AcDbLine
 10
60076.19464136895
 20
-19651.8941220689
 30
0.0
 11
60076.19464136896
 21
-21351.89412206889
 31
0.0
1001
REVIT
1002
{
1070
     1
1000
23052281
1002
}
1002
{
1070
     2
1000
-2000051
1002
}
1002
{
1070
     3
1000
-2000044
1002
}
  0
LINE
  5
350
330
70
100
AcDbEntity
  8
A-ALV-___-___-EXI
100
AcDbLine
 10
60076.19464136896
 20
-21351.89412206889
 30
0.0
 11
60741.19464136896
 21
-21351.8941220689
 31
0.0
1001
REVIT
1002
{
1070
     1
1000
23052281
1002
}
1002
{
1070
     2
1000
-2000051
1002
}
1002
{
1070
     3
1000
-2000044
1002
}
  0
LINE
  5
351
330
70
100
AcDbEntity
  8
A-ALV-___-___-EXI
100
AcDbLine
 10
60741.19464136896
 20
-21351.8941220689
 30
0.0
 11
60741.19464136896
 21
-21551.8941220689
 31
0.0
1001
REVIT
1002
{
1070
     1
1000
23052281
1002
}
1002
{
1070
     2
1000
-2000051
1002
}
1002
{
1070
     3
1000
-2000044
1002
}
  0
LINE
  5
352
330
70
100
AcDbEntity
  8
A-POR-___-___-EXI
100
AcDbLine
 10
60741.19464136896
 20
-21551.8941220689
 30
0.0
 11
61150.77066351346
 21
-21265.10590389338
 31
0.0
1001
REVIT
1002
{
1070
     1
1000
23052281
1002
}
1002
{
1070
     2
1000
-2000051
1002
}
1002
{
1070
     3
1000
-2000044
1002
}
  0
LINE
  5
353
330
70
100
AcDbEntity
  8
A-POR-___-___-EXI
 62
     7
370
    35
100
AcDbLine
 10
56193.31860248886
 20
-20481.89412206889
 30
0.0
 11
55794.94691674801
 21
-20251.89412206889
 31
0.0
1001
REVIT
1002
{
1070
     1
1000
22995857
1002
}
1002
{
1070
     5
1000
22554474
1002
}
1002
{
1070
     2
1000
-2000011
1002
}
  0
LINE
  5
354
330
70
100
AcDbEntity
  8
A-ALV-___-___-EXI
 62
     7
370
    35
100
AcDbLine
 10
55794.94691674801
 20
-20251.89412206889
 30
0.0
 11
55794.94691674801
 21
-20051.89412206888
 31
0.0
1001
REVIT
1002
{
1070
     1
1000
22995857
1002
}
1002
{
1070
     5
1000
22554474
1002
}
1002
{
1070
     2
1000
-2000011
1002
}
  0
LINE
  5
355
330
70
100
AcDbEntity
  8
A-ALV-___-___-EXI
 62
     7
370
    35
100
AcDbLine
 10
55794.94691674801
 20
-20051.89412206888
 30
0.0
 11
54994.94691674801
 21
-20051.89412206888
 31
0.0
1001
REVIT
1002
{
1070
     1
1000
22995857
1002
}
1002
{
1070
     5
1000
22554474
1002
}
1002
{
1070
     2
1000
-2000011
1002
}
  0
LINE
  5
356
330
70
100
AcDbEntity
  8
A-ALV-___-___-EXI
 62
     7
370
    35
100
AcDbLine
 10
54994.94691674801
 20
-20051.89412206888
 30
0.0
 11
54994.94691674803
 21
-18111.89412206888
 31
0.0
1001
REVIT
1002
{
1070
     1
1000
22995857
1002
}
1002
{
1070
     5
1000
22554474
1002
}
1002
{
1070
     2
1000
-2000011
1002
}
  0
LINE
  5
357
330
70
100
AcDbEntity
  8
A-ALV-___-___-EXI
 62
     7
370
    35
100
AcDbLine
 10
54994.94691674803
 20
-18111.89412206888
 30
0.0
 11
56583.07077905848
 21
-18111.89412206889
 31
0.0
1001
REVIT
1002
{
1070
     1
1000
22995857
1002
}
1002
{
1070
     5
1000
22554474
1002
}
1002
{
1070
     2
1000
-2000011
1002
}
  0
LINE
  5
358
330
70
100
AcDbEntity
  8
A-ALV-___-___-EXI
 62
     7
370
    35
100
AcDbLine
 10
56583.07077905848
 20
-18111.89412206889
 30
0.0
 11
56583.07077905848
 21
-16261.89412206889
 31
0.0
1001
REVIT
1002
{
1070
     1
1000
22995857
1002
}
1002
{
1070
     5
1000
22554474
1002
}
1002
{
1070
     2
1000
-2000011
1002
}
  0
LINE
  5
359
330
70
100
AcDbEntity
  8
A-ALV-___-___-EXI
 62
     7
370
    35
100
AcDbLine
 10
56583.07077905848
 20
-16261.89412206889
 30
0.0
 11
56383.07077905849
 21
-16261.89412206889
 31
0.0
1001
REVIT
1002
{
1070
     1
1000
22995857
1002
}
1002
{
1070
     5
1000
22554474
1002
}
1002
{
1070
     2
1000
-2000011
1002
}
  0
LINE
  5
35A
330
70
100
AcDbEntity
  8
A-ALV-___-___-EXI
 62
     7
370
    35
100
AcDbLine
 10
56383.07077905849
 20
-16261.89412206889
 30
0.0
 11
56383.07077905849
 21
-17611.89412206889
 31
0.0
1001
REVIT
1002
{
1070
     1
1000
22995857
1002
}
1002
{
1070
     5
1000
22554474
1002
}
1002
{
1070
     2
1000
-2000011
1002
}
  0
LINE
  5
35B
330
70
100
AcDbEntity
  8
A-ALV-___-___-EXI
 62
     7
370
    35
100
AcDbLine
 10
56383.07077905849
 20
-17611.89412206889
 30
0.0
 11
54994.94691674803
 21
-17611.89412206888
 31
0.0
1001
REVIT
1002
{
1070
     1
1000
22995857
1002
}
1002
{
1070
     5
1000
22554474
1002
}
1002
{
1070
     2
1000
-2000011
1002
}
  0
LINE
  5
35C
330
70
100
AcDbEntity
  8
A-ALV-___-___-EXI
 62
     7
370
    35
100
AcDbLine
 10
54994.94691674803
 20
-17611.89412206888
 30
0.0
 11
54994.94691674803
 21
-11571.89412206886
 31
0.0
1001
REVIT
1002
{
1070
     1
1000
22995857
1002
}
1002
{
1070
     5
1000
22554474
1002
}
1002
{
1070
     2
1000
-2000011
1002
}
  0
LINE
  5
35D
330
70
100
AcDbEntity
  8
A-ALV-___-___-EXI
 62
     7
370
    35
100
AcDbLine
 10
54994.94691674803
 20
-11571.89412206886
 30
0.0
 11
56383.07077905849
 21
-11571.89412206887
 31
0.0
1001
REVIT
1002
{
1070
     1
1000
22995857
1002
}
1002
{
1070
     5
1000
22554474
1002
}
1002
{
1070
     2
1000
-2000011
1002
}
  0
LINE
  5
35E
330
70
100
AcDbEntity
  8
A-ALV-___-___-EXI
 62
     7
370
    35
100
AcDbLine
 10
56383.07077905849
 20
-11571.89412206887
 30
0.0
 11
56383.07077905849
 21
-12951.89412206889
 31
0.0
1001
REVIT
1002
{
1070
     1
1000
22995857
1002
}
1002
{
1070
     5
1000
22554474
1002
}
1002
{
1070
     2
1000
-2000011
1002
}
  0
LINE
  5
35F
330
70
100
AcDbEntity
  8
A-ALV-___-___-EXI
 62
     7
370
    35
100
AcDbLine
 10
56383.07077905849
 20
-12951.89412206889
 30
0.0
 11
56583.07077905849
 21
-12951.89412206889
 31
0.0
1001
REVIT
1002
{
1070
     1
1000
22995857
1002
}
1002
{
1070
     5
1000
22554474
1002
}
1002
{
1070
     2
1000
-2000011
1002
}
  0
LINE
  5
360
330
70
100
AcDbEntity
  8
A-ALV-___-___-EXI
 62
     7
370
    35
100
AcDbLine
 10
56583.07077905849
 20
-12951.89412206889
 30
0.0
 11
56583.07077905849
 21
-11571.89412206887
 31
0.0
1001
REVIT
1002
{
1070
     1
1000
22995857
1002
}
1002
{
1070
     5
1000
22554474
1002
}
1002
{
1070
     2
1000
-2000011
1002
}
  0
LINE
  5
361
330
70
100
AcDbEntity
  8
A-ALV-___-___-EXI
 62
     7
370
    35
100
AcDbLine
 10
56583.07077905849
 20
-11571.89412206887
 30
0.0
 11
56684.94691674801
 21
-11571.89412206887
 31
0.0
1001
REVIT
1002
{
1070
     1
1000
22995857
1002
}
1002
{
1070
     5
1000
22554474
1002
}
1002
{
1070
     2
1000
-2000011
1002
}
  0
LINE
  5
362
330
70
100
AcDbEntity
  8
A-ALV-___-___-EXI
 62
     7
370
    35
100
AcDbLine
 10
56684.94691674801
 20
-11571.89412206887
 30
0.0
 11
56684.94691674801
 21
-11371.89412206887
 31
0.0
1001
REVIT
1002
{
1070
     1
1000
22995857
1002
}
1002
{
1070
     5
1000
22554474
1002
}
1002
{
1070
     2
1000
-2000011
1002
}
  0
LINE
  5
363
330
70
100
AcDbEntity
  8
A-ALV-___-___-EXI
 62
     7
370
    35
100
AcDbLine
 10
56684.94691674801
 20
-11371.89412206887
 30
0.0
 11
56583.07077905849
 21
-11371.89412206887
 31
0.0
1001
REVIT
1002
{
1070
     1
1000
22995857
1002
}
1002
{
1070
     5
1000
22554474
1002
}
1002
{
1070
     2
1000
-2000011
1002
}
  0
LINE
  5
364
330
70
100
AcDbEntity
  8
A-ALV-___-___-EXI
 62
     7
370
    35
100
AcDbLine
 10
56583.07077905849
 20
-11371.89412206887
 30
0.0
 11
56583.0707790585
 21
-10651.89412206889
 31
0.0
1001
REVIT
1002
{
1070
     1
1000
22995857
1002
}
1002
{
1070
     5
1000
22554474
1002
}
1002
{
1070
     2
1000
-2000011
1002
}
  0
LINE
  5
365
330
70
100
AcDbEntity
  8
A-ALV-___-___-EXI
 62
     7
370
    35
100
AcDbLine
 10
56583.0707790585
 20
-10651.89412206889
 30
0.0
 11
56383.07077905849
 21
-10651.89412206889
 31
0.0
1001
REVIT
1002
{
1070
     1
1000
22995857
1002
}
1002
{
1070
     5
1000
22554474
1002
}
1002
{
1070
     2
1000
-2000011
1002
}
  0
LINE
  5
366
330
70
100
AcDbEntity
  8
A-ALV-___-___-EXI
 62
     7
370
    35
100
AcDbLine
 10
56746.19464136894
 20
-20251.89412206889
 30
0.0
 11
58006.19464136895
 21
-20251.89412206889
 31
0.0
1001
REVIT
1002
{
1070
     1
1000
22995478
1002
}
1002
{
1070
     5
1000
22554474
1002
}
1002
{
1070
     2
1000
-2000011
1002
}
  0
LINE
  5
367
330
70
100
AcDbEntity
  8
A-JAN-___-___-EXI
 62
     7
370
    35
100
AcDbLine
 10
58006.19464136895
 20
-20251.89412206889
 30
0.0
 11
58901.19464136896
 21
-20251.89412206889
 31
0.0
1001
REVIT
1002
{
1070
     1
1000
22995478
1002
}
1002
{
1070
     5
1000
22554474
1002
}
1002
{
1070
     2
1000
-2000011
1002
}
  0
LINE
  5
368
330
70
100
AcDbEntity
  8
A-ALV-___-___-EXI
 62
     7
370
    35
100
AcDbLine
 10
58901.19464136896
 20
-20251.89412206889
 30
0.0
 11
58901.19464136896
 21
-20051.89412206889
 31
0.0
1001
REVIT
1002
{
1070
     1
1000
22995478
1002
}
1002
{
1070
     5
1000
22554474
1002
}
1002
{
1070
     2
1000
-2000011
1002
}
  0
LINE
  5
369
330
70
100
AcDbEntity
  8
A-JAN-___-___-EXI
 62
     7
370
    35
100
AcDbLine
 10
58901.19464136896
 20
-20051.89412206889
 30
0.0
 11
58006.19464136895
 21
-20051.89412206889
 31
0.0
1001
REVIT
1002
{
1070
     1
1000
22995478
1002
}
1002
{
1070
     5
1000
22554474
1002
}
1002
{
1070
     2
1000
-2000011
1002
}
  0
LINE
  5
36A
330
70
100
AcDbEntity
  8
A-ALV-___-___-EXI
 62
     7
370
    35
100
AcDbLine
 10
58006.19464136895
 20
-20051.89412206889
 30
0.0
 11
58006.19464136895
 21
-20251.89412206889
 31
0.0
1001
REVIT
1002
{
1070
     1
1000
22995478
1002
}
1002
{
1070
     5
1000
22554474
1002
}
1002
{
1070
     2
1000
-2000011
1002
}
  0
LINE
  5
36B
330
70
100
AcDbEntity
  8
A-ALV-___-___-EXI
 62
     7
370
    35
100
AcDbLine
 10
58006.19464136895
 20
-20251.89412206889
 30
0.0
 11
58006.19464136895
 21
-20051.89412206889
 31
0.0
1001
REVIT
1002
{
1070
     1
1000
22995478
1002
}
1002
{
1070
     5
1000
22554474
1002
}
1002
{
1070
     2
1000
-2000011
1002
}
  0
LINE
  5
36C
330
70
100
AcDbEntity
  8
A-ALV-___-___-EXI
 62
     7
370
    35
100
AcDbLine
 10
58006.19464136895
 20
-20051.89412206889
 30
0.0
 11
56746.19464136894
 21
-20051.89412206888
 31
0.0
1001
REVIT
1002
{
1070
     1
1000
22995478
1002
}
1002
{
1070
     5
1000
22554474
1002
}
1002
{
1070
     2
1000
-2000011
1002
}
  0
LINE
  5
36D
330
70
100
AcDbEntity
  8
A-ALV-___-___-EXI
 62
     7
370
    35
100
AcDbLine
 10
56746.19464136894
 20
-20051.89412206888
 30
0.0
 11
56746.19464136894
 21
-20251.89412206889
 31
0.0
1001
REVIT
1002
{
1070
     1
1000
22995478
1002
}
1002
{
1070
     5
1000
22554474
1002
}
1002
{
1070
     2
1000
-2000011
1002
}
  0
LINE
  5
36E
330
70
100
AcDbEntity
  8
A-POR-___-___-EXI
 62
     7
370
    35
100
AcDbLine
 10
56746.19464136894
 20
-20251.89412206889
 30
0.0
 11
56313.18193947673
 21
-20501.89412206889
 31
0.0
1001
REVIT
1002
{
1070
     1
1000
22995478
1002
}
1002
{
1070
     5
1000
22554474
1002
}
1002
{
1070
     2
1000
-2000011
1002
}
  0
LINE
  5
36F
330
70
100
AcDbEntity
  8
A-ALV-___-___-EXI
100
AcDbLine
 10
63524.94691674801
 20
-21551.89412206891
 30
0.0
 11
63524.94691674801
 21
-21351.89412206891
 31
0.0
1001
REVIT
1002
{
1070
     1
1000
23052287
1002
}
1002
{
1070
     2
1000
-2000051
1002
}
1002
{
1070
     3
1000
-2000044
1002
}
  0
LINE
  5
370
330
70
100
AcDbEntity
  8
A-ALV-___-___-EXI
100
AcDbLine
 10
63524.94691674801
 20
-21351.89412206891
 30
0.0
 11
63614.94691674799
 21
-21351.89412206891
 31
0.0
1001
REVIT
1002
{
1070
     1
1000
23052287
1002
}
1002
{
1070
     2
1000
-2000051
1002
}
1002
{
1070
     3
1000
-2000044
1002
}
  0
LINE
  5
371
330
70
100
AcDbEntity
  8
A-ALV-___-___-EXI
100
AcDbLine
 10
63614.94691674799
 20
-21351.89412206891
 30
0.0
 11
63614.94691674799
 21
-18111.89412206891
 31
0.0
1001
REVIT
1002
{
1070
     1
1000
23052287
1002
}
1002
{
1070
     2
1000
-2000051
1002
}
1002
{
1070
     3
1000
-2000044
1002
}
  0
LINE
  5
372
330
70
100
AcDbEntity
  8
A-ALV-___-___-EXI
100
AcDbLine
 10
63614.94691674799
 20
-18111.89412206891
 30
0.0
 11
63434.94691674799
 21
-18111.89412206891
 31
0.0
1001
REVIT
1002
{
1070
     1
1000
23052287
1002
}
1002
{
1070
     2
1000
-2000051
1002
}
1002
{
1070
     3
1000
-2000044
1002
}
  0
LINE
  5
373
330
70
100
AcDbEntity
  8
A-ALV-___-___-EXI
100
AcDbLine
 10
63434.94691674799
 20
-18111.89412206891
 30
0.0
 11
63434.94691674799
 21
-17911.89412206891
 31
0.0
1001
REVIT
1002
{
1070
     1
1000
23052287
1002
}
1002
{
1070
     2
1000
-2000051
1002
}
1002
{
1070
     3
1000
-2000044
1002
}
  0
LINE
  5
374
330
70
100
AcDbEntity
  8
A-POR-___-___-EXI
100
AcDbLine
 10
63434.94691674799
 20
-17911.89412206891
 30
0.0
 11
63051.25782453811
 21
-17741.06473197707
 31
0.0
1001
REVIT
1002
{
1070
     1
1000
23052287
1002
}
1002
{
1070
     2
1000
-2000051
1002
}
1002
{
1070
     3
1000
-2000044
1002
}
  0
LINE
  5
375
330
70
100
AcDbEntity
  8
A-ALV-___-___-EXI
100
AcDbLine
 10
62276.19464136895
 20
-17539.34578210951
 30
0.0
 11
57576.19464136896
 21
-17539.3457821095
 31
0.0
1001
REVIT
1002
{
1070
     1
1000
23052284
1002
}
1002
{
1070
     2
1000
-2000051
1002
}
1002
{
1070
     3
1000
-2000044
1002
}
  0
LINE
  5
376
330
70
100
AcDbEntity
  8
A-POR-___-___-EXI
100
AcDbLine
 10
57576.19464136896
 20
-17539.3457821095
 30
0.0
 11
57152.37979679668
 21
-17313.99943197227
 31
0.0
1001
REVIT
1002
{
1070
     1
1000
23052284
1002
}
1002
{
1070
     2
1000
-2000051
1002
}
1002
{
1070
     3
1000
-2000044
1002
}
  0
LINE
  5
377
330
70
100
AcDbEntity
  8
A-ALV-___-___-EXI
100
AcDbLine
 10
62551.59974696387
 20
-17974.3735198871
 30
0.0
 11
62348.74298132834
 21
-17539.34578210951
 31
0.0
1001
REVIT
1002
{
1070
     1
1000
23052171
1002
}
1002
{
1070
     2
1000
-2000051
1002
}
1002
{
1070
     3
1000
-2000042
1002
}
  0
LINE
  5
378
330
70
100
AcDbEntity
  8
A-ALV-___-___-EXI
100
AcDbLine
 10
62348.74298132834
 20
-17539.34578210951
 30
0.0
 11
61628.74298132834
 21
-17539.34578210951
 31
0.0
1001
REVIT
1002
{
1070
     1
1000
23052171
1002
}
1002
{
1070
     2
1000
-2000051
1002
}
1002
{
1070
     3
1000
-2000042
1002
}
  0
LINE
  5
379
330
70
100
AcDbEntity
  8
A-ALV-___-___-EXI
100
AcDbLine
 10
61628.74298132834
 20
-17539.34578210951
 30
0.0
 11
61176.19464136896
 21
-17991.89412206891
 31
0.0
1001
REVIT
1002
{
1070
     1
1000
23052171
1002
}
1002
{
1070
     2
1000
-2000051
1002
}
1002
{
1070
     3
1000
-2000042
1002
}
  0
LINE
  5
37A
330
70
100
AcDbEntity
  8
A-ALV-___-___-EXI
100
AcDbLine
 10
61176.19464136896
 20
-17991.89412206891
 30
0.0
 11
60396.19464136896
 21
-17991.89412206891
 31
0.0
1001
REVIT
1002
{
1070
     1
1000
23052171
1002
}
1002
{
1070
     2
1000
-2000051
1002
}
1002
{
1070
     3
1000
-2000042
1002
}
  0
LINE
  5
37B
330
70
100
AcDbEntity
  8
A-ALV-___-___-EXI
100
AcDbLine
 10
60396.19464136896
 20
-17991.89412206891
 30
0.0
 11
60396.19464136896
 21
-18111.89412206891
 31
0.0
1001
REVIT
1002
{
1070
     1
1000
23052171
1002
}
1002
{
1070
     2
1000
-2000051
1002
}
1002
{
1070
     3
1000
-2000042
1002
}
  0
LINE
  5
37C
330
70
100
AcDbEntity
  8
A-ALV-___-___-EXI
100
AcDbLine
 10
60396.19464136896
 20
-18111.89412206891
 30
0.0
 11
61176.19464136896
 21
-18111.89412206891
 31
0.0
1001
REVIT
1002
{
1070
     1
1000
23052171
1002
}
1002
{
1070
     2
1000
-2000051
1002
}
1002
{
1070
     3
1000
-2000042
1002
}
  0
LINE
  5
37D
330
70
100
AcDbEntity
  8
A-ALV-___-___-EXI
100
AcDbLine
 10
61176.19464136896
 20
-18111.89412206891
 30
0.0
 11
61176.19464136896
 21
-17991.89412206891
 31
0.0
1001
REVIT
1002
{
1070
     1
1000
23052171
1002
}
1002
{
1070
     2
1000
-2000051
1002
}
1002
{
1070
     3
1000
-2000042
1002
}
  0
LINE
  5
37E
330
70
100
AcDbEntity
  8
A-ALV-___-___-EXI
100
AcDbLine
 10
61176.19464136896
 20
-17991.89412206891
 30
0.0
 11
61176.19464136896
 21
-18111.89412206891
 31
0.0
1001
REVIT
1002
{
1070
     1
1000
23052171
1002
}
1002
{
1070
     2
1000
-2000051
1002
}
1002
{
1070
     3
1000
-2000042
1002
}
  0
LINE
  5
37F
330
70
100
AcDbEntity
  8
A-ALV-___-___-EXI
100
AcDbLine
 10
61176.19464136896
 20
-18111.89412206891
 30
0.0
 11
62476.19464136896
 21
-18111.89412206891
 31
0.0
1001
REVIT
1002
{
1070
     1
1000
23052171
1002
}
1002
{
1070
     2
1000
-2000051
1002
}
1002
{
1070
     3
1000
-2000042
1002
}
  0
LINE
  5
380
330
70
100
AcDbEntity
  8
A-ALV-___-___-EXI
100
AcDbLine
 10
62476.19464136896
 20
-18111.89412206891
 30
0.0
 11
62551.59974696387
 21
-18111.89412206891
 31
0.0
1001
REVIT
1002
{
1070
     1
1000
23052171
1002
}
1002
{
1070
     2
1000
-2000051
1002
}
1002
{
1070
     3
1000
-2000042
1002
}
  0
LINE
  5
381
330
70
100
AcDbEntity
  8
A-ALV-___-___-EXI
100
AcDbLine
 10
62551.59974696387
 20
-18111.89412206891
 30
0.0
 11
62551.59974696387
 21
-17974.3735198871
 31
0.0
1001
REVIT
1002
{
1070
     1
1000
23052171
1002
}
1002
{
1070
     2
1000
-2000051
1002
}
1002
{
1070
     3
1000
-2000042
1002
}
  0
LINE
  5
382
330
70
100
AcDbEntity
  8
A-POR-___-___-EXI
100
AcDbLine
 10
62551.59974696387
 20
-17974.3735198871
 30
0.0
 11
62967.2919407804
 21
-17734.3735198871
 31
0.0
1001
REVIT
1002
{
1070
     1
1000
23052171
1002
}
1002
{
1070
     2
1000
-2000051
1002
}
1002
{
1070
     3
1000
-2000042
1002
}
  0
VIEWPORT
  5
26E
330
6C
100
AcDbEntity
 67
     1
  8
A-PIL-___-___-EXI
100
AcDbViewport
 10
170.8457018910344
 20
209.8623087621556
 30
0.0
 40
93.20000000000012
 41
234.5072898389104
 68
     2
 69
     2
 12
59154.946916748
 22
-14461.62585688009
 13
0.0
 23
0.0
 14
0.0
 24
0.0
 15
0.0
 25
0.0
 16
0.0
 26
0.0
 36
1.0
 17
0.0
 27
0.0
 37
0.0
 42
0.0
 43
0.0
 44
0.0
 45
23450.72898389104
 50
0.0
 51
0.0
 72
  1000
 90
    32768
  1

281
     0
 71
     1
 74
     1
110
0.0
120
0.0
130
0.0
111
1.0
121
0.0
131
0.0
112
0.0
122
1.0
132
0.0
 79
     0
146
0.0
170
     0
 61
     5
292
     1
282
     1
141
0.0
142
0.0
 63
   250
421
  3355443
  0
VIEWPORT
  5
270
330
6C
100
AcDbEntity
 67
     1
  8
0
100
AcDbViewport
 10
13.18725099601594
 20
4.5
 30
0.0
 40
30.37450199203187
 41
12.0
 68
     1
 69
     1
 12
13.18725099601594
 22
4.5
 13
0.0
 23
0.0
 14
0.0
 24
0.0
 15
0.0
 25
0.0
 16
0.0
 26
0.0
 36
1.0
 17
0.0
 27
0.0
 37
0.0
 42
50.0
 43
0.0
 44
0.0
 45
12.0
 50
0.0
 51
0.0
 72
   100
 90
    32800
  1

281
     0
 71
     1
 74
     1
110
0.0
120
0.0
130
0.0
111
1.0
121
0.0
131
0.0
112
0.0
122
1.0
132
0.0
 79
     0
146
0.0
170
     0
 61
     5
348
2F
292
     1
282
     1
141
0.0
142
0.0
 63
   250
421
  3355443
  0
INSERT
  5
27C
330
6C
100
AcDbEntity
 67
     1
  8
A-PIS-___-___-EXI
100
AcDbBlockReference
  2
SVG - A4-23055967-Não nomeada
 10
0.0
 20
0.0
 30
0.0
1001
REVIT
1002
{
1070
     1
1000
23056000
1002
}
1002
{
1070
     5
1000
23055967
1002
}
1002
{
1070
     2
1000
-2000280
1002
}
  0
ENDSEC
  0
SECTION
  2
OBJECTS
  0
DICTIONARY
  5
C
330
0
100
AcDbDictionary
281
     1
  3
ACAD_CIP_PREVIOUS_PRODUCT_INFO
350
79
  3
ACAD_COLOR
350
63
  3
ACAD_DETAILVIEWSTYLE
350
6A
  3
ACAD_GROUP
350
D
  3
ACAD_IMAGE_VARS
350
7A
  3
ACAD_LAYOUT
350
62
  3
ACAD_MATERIAL
350
10
  3
ACAD_MLEADERSTYLE
350
66
  3
ACAD_MLINESTYLE
350
5F
  3
ACAD_PLOTSETTINGS
350
61
  3
ACAD_PLOTSTYLENAME
350
E
  3
ACAD_RENDER_ACTIVE_RAPIDRT_SETTINGS
350
29C
  3
ACAD_RENDER_RAPIDRT_SETTINGS
350
295
  3
ACAD_SCALELIST
350
42
  3
ACAD_SECTIONVIEWSTYLE
350
68
  3
ACAD_TABLESTYLE
350
64
  3
ACAD_VISUALSTYLE
350
29
  3
ACDB_RECOMPOSE_DATA
350
393
  3
AcDbVariableDictionary
350
285
  3
REVIT_DICTIONARY
350
27D
  0
SUN
  5
284
330
57
100
AcDbSun
 90
        1
290
     1
 63
     7
421
 16777215
 40
0.3
291
     1
 91
  2460364
 92
 53886000
292
     0
 70
     1
 71
   128
280
     1
  0
DICTIONARY
  5
2A1
330
2
100
AcDbDictionary
280
     1
281
     1
  3
ACAD_LAYERSTATES
360
2A2
  0
DICTIONARY
  5
282
330
70
100
AcDbDictionary
280
     1
281
     1
  3
ACAD_SORTENTS
360
283
  0
XRECORD
  5
79
102
{ACAD_REACTORS
330
C
102
}
330
C
100
AcDbXrecord
280
     1
300
ACD
300
2022
300

  0
DICTIONARY
  5
63
102
{ACAD_REACTORS
330
C
102
}
330
C
100
AcDbDictionary
281
     1
  0
DICTIONARY
  5
6A
102
{ACAD_REACTORS
330
C
102
}
330
C
100
AcDbDictionary
281
     1
  3
Imperial24
350
6B
  3
Metric50
350
28D
  0
DICTIONARY
  5
D
102
{ACAD_REACTORS
330
C
102
}
330
C
100
AcDbDictionary
281
     1
  0
RASTERVARIABLES
  5
7A
102
{ACAD_REACTORS
330
C
102
}
330
C
100
AcDbRasterVariables
 90
        0
 70
     0
 71
     1
 72
     1
  0
DICTIONARY
  5
62
102
{ACAD_REACTORS
330
C
102
}
330
C
100
AcDbDictionary
281
     1
  3
Layout1
350
6F
  3
Model
350
73
  0
DICTIONARY
  5
10
102
{ACAD_REACTORS
330
C
102
}
330
C
100
AcDbDictionary
281
     1
  3
ByBlock
350
19
  3
ByLayer
350
11
  3
Global
350
21
  0
DICTIONARY
  5
66
102
{ACAD_REACTORS
330
C
102
}
330
C
100
AcDbDictionary
281
     1
  3
Standard
350
67
  0
DICTIONARY
  5
5F
102
{ACAD_REACTORS
330
C
102
}
330
C
100
AcDbDictionary
281
     1
  3
Standard
350
60
  0
DICTIONARY
  5
61
102
{ACAD_REACTORS
330
C
102
}
330
C
100
AcDbDictionary
281
     1
  0
ACDBDICTIONARYWDFLT
  5
E
102
{ACAD_REACTORS
330
C
102
}
330
C
100
AcDbDictionary
281
     1
  3
Normal
350
F
100
AcDbDictionaryWithDefault
340
F
  0
RAPIDRTRENDERSETTINGS
  5
29C
102
{ACAD_REACTORS
330
C
102
}
330
C
100
AcDbRenderSettings
 90
        2
  1
Médio
290
     1
290
     0
290
     1
290
     1
  1

  1
Aplica 5 níveis de renderização
 90
        0
100
AcDbRapidRTRenderSettings
 90
        3
 70
     0
 90
        5
 90
        1
 70
     1
 70
     2
 40
3.0
 40
3.0
290
     1
  0
DICTIONARY
  5
295
102
{ACAD_REACTORS
330
C
102
}
330
C
100
AcDbDictionary
281
     1
  3
Alto
350
298
  3
Baixo
350
296
  3
Médio
350
297
  3
Qualidade de curta duração
350
299
  3
Qualidade de longa duração
350
29B
  3
Qualidade de média duração
350
29A
  0
DICTIONARY
  5
42
102
{ACAD_REACTORS
330
C
102
}
330
C
100
AcDbDictionary
281
     1
  3
A0
350
43
  3
A1
350
44
  3
A2
350
45
  3
A3
350
46
  3
A4
350
47
  3
A5
350
48
  3
A6
350
49
  3
A7
350
4A
  3
A8
350
4B
  3
A9
350
4C
  3
B0
350
4D
  3
B1
350
4E
  3
B2
350
4F
  3
B3
350
50
  3
B4
350
51
  3
B5
350
52
  3
B6
350
53
  0
DICTIONARY
  5
68
102
{ACAD_REACTORS
330
C
102
}
330
C
100
AcDbDictionary
281
     1
  3
Imperial24
350
69
  3
Metric50
350
28C
  0
DICTIONARY
  5
64
102
{ACAD_REACTORS
330
C
102
}
330
C
100
AcDbDictionary
281
     1
  3
Standard
350
65
  0
DICTIONARY
  5
29
102
{ACAD_REACTORS
330
C
102
}
330
C
100
AcDbDictionary
281
     1
  3
2dWireframe
350
2F
  3
Basic
350
2E
  3
Brighten
350
35
  3
ColorChange
350
39
  3
Conceptual
350
32
  3
Dim
350
34
  3
EdgeColorOff
350
41
  3
Facepattern
350
38
  3
Flat
350
2A
  3
FlatWithEdges
350
2B
  3
Gouraud
350
2C
  3
GouraudWithEdges
350
2D
  3
Hidden
350
31
  3
JitterOff
350
3F
  3
Linepattern
350
37
  3
OverhangOff
350
40
  3
Realistic
350
33
  3
Shaded
350
3E
  3
Shaded with edges
350
3D
  3
Shades of Gray
350
3A
  3
Sketchy
350
3B
  3
Thicken
350
36
  3
Wireframe
350
30
  3
X-Ray
350
3C
  0
XRECORD
  5
393
102
{ACAD_REACTORS
330
C
102
}
330
C
100
AcDbXrecord
280
     1
 90
        1
330
65
  0
DICTIONARY
  5
285
102
{ACAD_REACTORS
330
C
102
}
330
C
100
AcDbDictionary
281
     1
  3
CANNOSCALE
350
28A
  3
CMLEADERSTYLE
350
287
  3
CTABLESTYLE
350
286
  3
CVIEWDETAILSTYLE
350
288
  3
CVIEWSECTIONSTYLE
350
289
  0
DICTIONARY
  5
27D
102
{ACAD_REACTORS
330
C
102
}
330
C
100
AcDbDictionary
281
     1
  3
DRAWING_TOOL
350
281
  3
REVIT_CATEGORY_MAPPING
350
27F
  3
REVIT_SUB_CATEGORY_MAPPING
350
280
  3
REVIT_TYPE_MAPPING
350
27E
  0
DICTIONARY
  5
2A2
102
{ACAD_REACTORS
330
2A1
102
}
330
2A1
100
AcDbDictionary
281
     1
  0
SORTENTSTABLE
  5
283
102
{ACAD_REACTORS
330
282
102
}
330
282
100
AcDbSortentsTable
330
70
331
2B1
  5
2F4
331
2B2
  5
2F5
331
2B3
  5
2F6
331
2B4
  5
2F7
331
2B5
  5
2F8
331
2B7
  5
309
331
2B8
  5
30A
331
2B9
  5
30B
331
2BA
  5
30C
331
2BC
  5
319
331
2BD
  5
31A
331
2BF
  5
31B
331
2C0
  5
31C
331
2C7
  5
382
331
2D7
  5
355
331
2D8
  5
356
331
2D9
  5
357
331
2DA
  5
358
331
2DB
  5
359
331
2DC
  5
35A
331
2DD
  5
35B
331
2DE
  5
35C
331
2DF
  5
35D
331
2E0
  5
35E
331
2E1
  5
2A8
331
2E2
  5
2A9
331
2E3
  5
2AA
331
2E4
  5
2AB
331
2E5
  5
2AC
331
2E6
  5
2AE
331
2E7
  5
2AF
331
2EF
  5
2BF
331
2F0
  5
2C0
331
2F1
  5
2C1
331
2F2
  5
2C2
331
2F3
  5
2C3
331
2F4
  5
2B4
331
2F5
  5
2B5
331
2F6
  5
2B6
331
2F7
  5
2B7
331
2F8
  5
2B8
331
2F9
  5
2B9
331
2FA
  5
2BA
331
2FB
  5
2BB
331
2FC
  5
2BC
331
2FD
  5
2BD
331
2FE
  5
35F
331
2FF
  5
360
331
300
  5
361
331
301
  5
362
331
302
  5
363
331
303
  5
364
331
304
  5
365
331
305
  5
366
331
306
  5
367
331
307
  5
368
331
308
  5
369
331
309
  5
36A
331
30A
  5
36B
331
30B
  5
36C
331
30C
  5
36D
331
30D
  5
36E
331
30E
  5
36F
331
30F
  5
370
331
310
  5
371
331
311
  5
372
331
312
  5
373
331
313
  5
374
331
314
  5
375
331
315
  5
376
331
316
  5
377
331
317
  5
378
331
318
  5
379
331
319
  5
37A
331
31A
  5
37B
331
31B
  5
37C
331
31C
  5
37D
331
31D
  5
37E
331
31E
  5
37F
331
31F
  5
380
331
320
  5
381
331
321
  5
339
331
322
  5
33A
331
323
  5
33B
331
324
  5
33C
331
325
  5
33D
331
326
  5
33E
331
327
  5
33F
331
328
  5
340
331
329
  5
341
331
32A
  5
342
331
32B
  5
343
331
32C
  5
344
331
32D
  5
345
331
32E
  5
346
331
32F
  5
347
331
330
  5
348
331
331
  5
349
331
332
  5
34A
331
333
  5
34B
331
334
  5
34C
331
335
  5
34D
331
336
  5
34E
331
337
  5
34F
331
338
  5
350
331
339
  5
351
331
33A
  5
352
331
33B
  5
353
331
33C
  5
354
331
33D
  5
2F9
331
33E
  5
2FA
331
33F
  5
2FD
331
340
  5
2FE
331
341
  5
2FF
331
342
  5
300
331
343
  5
301
331
344
  5
303
331
345
  5
304
331
346
  5
305
331
347
  5
306
331
348
  5
2F1
331
349
  5
2F2
331
34A
  5
2F3
331
34B
  5
2E1
331
34C
  5
2E2
331
34D
  5
2E3
331
34E
  5
2E4
331
34F
  5
2E5
331
350
  5
2E6
331
351
  5
2E7
331
352
  5
2EF
331
353
  5
31D
331
354
  5
31E
331
355
  5
31F
331
356
  5
320
331
357
  5
321
331
358
  5
322
331
359
  5
323
331
35A
  5
324
331
35B
  5
325
331
35C
  5
326
331
35D
  5
327
331
35E
  5
328
331
35F
  5
329
331
360
  5
32A
331
361
  5
32B
331
362
  5
32C
331
363
  5
32D
331
364
  5
32E
331
365
  5
32F
331
366
  5
330
331
367
  5
331
331
368
  5
332
331
369
  5
333
331
36A
  5
334
331
36B
  5
335
331
36C
  5
336
331
36D
  5
337
331
36E
  5
338
331
36F
  5
2D8
331
370
  5
2D9
331
371
  5
2DA
331
372
  5
2DB
331
373
  5
2DC
331
374
  5
2DE
331
375
  5
2DF
331
376
  5
2E0
331
377
  5
30D
331
378
  5
30E
331
379
  5
30F
331
37A
  5
310
331
37B
  5
311
331
37C
  5
312
331
37D
  5
313
331
37E
  5
314
331
37F
  5
315
331
380
  5
316
331
381
  5
317
331
382
  5
318
  0
ACDBDETAILVIEWSTYLE
  5
6B
102
{ACAD_REACTORS
330
6A
102
}
330
6A
100
AcDbModelDocViewStyle
 70
     0
  3
Imperial24
290
     1
300
Imperial24
 90
        0
100
AcDbDetailViewStyle
 70
     0
 71
     0
 90
        3
 71
     1
340
55
 62
   256
 40
0.24
340
0
 62
   256
 40
0.24
300

 40
0.36
280
     3
 71
     2
340
5D
 90
       25
 62
   256
 71
     3
340
55
 62
   256
 40
0.24
 90
        1
 40
0.75
 90
        1
300
%<\AcVar ViewType \f "%tc1">% %<\AcVar ViewDetailId>%\PSCALE %<\AcVar ViewScale \f "%sn">%
 71
     4
340
5D
 90
       25
 62
   256
340
5D
 90
       25
 62
   256
280
     0
  0
ACDBDETAILVIEWSTYLE
  5
28D
102
{ACAD_REACTORS
330
6A
102
}
330
6A
100
AcDbModelDocViewStyle
 70
     0
  3
Metric50
290
     1
300
Metric50
 90
        0
100
AcDbDetailViewStyle
 70
     0
 71
     0
 90
        3
 71
     1
340
55
 62
   256
 40
5.0
340
0
 62
   256
 40
5.0
300

 40
0.0
280
     1
 71
     2
340
5D
 90
       25
 62
   256
 71
     3
340
55
 62
   256
 40
5.0
 90
        0
 40
15.0
 90
        1
300
%<\AcVar ViewDetailId>% (%<\AcVar ViewScale \f "%sn">%)
 71
     4
340
5D
 90
       25
 62
   256
340
5D
 90
       25
 62
   256
280
     0
  0
LAYOUT
  5
6F
102
{ACAD_REACTORS
330
62
102
}
330
62
100
AcDbPlotSettings
  1

  2
PDF24
  4
A4
  6

 40
0.0
 41
0.0
 42
0.1113433837890625
 43
0.0
 44
210.0
 45
297.0
 46
0.0
 47
0.0
 48
0.0
 49
0.0
140
0.0
141
0.0
142
1.0
143
1.415217033324818
 70
   688
 72
     1
 73
     1
 74
     1
  7

 75
     0
147
0.7066054014702363
 76
     0
 77
     2
 78
   300
148
-64.27901684485153
149
-59.47287840171589
100
AcDbLayout
  1
Layout1
 70
     0
 71
     1
 10
64.27901684485153
 20
59.47287840171589
 11
484.5984757423225
 21
356.6684553999278
 12
0.0
 22
0.0
 32
0.0
 14
64.27901684485153
 24
59.47287840171589
 34
-0.0015258207003583
 15
274.3012221009852
 25
356.5108803466415
 35
0.0000000349246037
146
0.0
 13
0.0
 23
0.0
 33
0.0
 16
1.0
 26
0.0
 36
0.0
 17
0.0
 27
1.0
 37
0.0
 76
     0
330
6C
331
270
1001
ACAD_PSEXT
1000
PDF24
1000
PDF24
1000
\\.\pipe\PDFPrint
1000
PDF24 Printer
1070
     0
  0
LAYOUT
  5
73
102
{ACAD_REACTORS
330
62
102
}
330
62
100
AcDbPlotSettings
  1

  2

  4

  6

 40
0.0
 41
0.0
 42
0.0
 43
0.0
 44
0.0
 45
0.0
 46
0.0
 47
0.0
 48
0.0
 49
0.0
140
0.0
141
0.0
142
1.0
143
1.0
 70
  1712
 72
     0
 73
     0
 74
     0
  7

 75
     0
147
1.0
 76
     0
 77
     2
 78
   300
148
0.0
149
0.0
100
AcDbLayout
  1
Model
 70
     1
 71
     0
 10
0.0
 20
0.0
 11
12.0
 21
9.0
 12
0.0
 22
0.0
 32
0.0
 14
0.0
 24
0.0
 34
0.0
 15
0.0
 25
0.0
 35
0.0
146
0.0
 13
0.0
 23
0.0
 33
0.0
 16
1.0
 26
0.0
 36
0.0
 17
0.0
 27
1.0
 37
0.0
 76
     0
330
70
331
57
  0
MATERIAL
  5
19
102
{ACAD_XDICTIONARY
360
1A
102
}
102
{ACAD_REACTORS
330
10
102
}
330
10
100
AcDbMaterial
  1
ByBlock
 72
     0
 43
0.0208333333333333
 43
0.0
 43
0.0
 43
0.0
 43
0.0
 43
0.0208333333333333
 43
0.0
 43
0.0
 43
0.0
 43
0.0
 43
1.0
 43
0.0
 43
0.0
 43
0.0
 43
0.0
 43
1.0
 77
     0
 47
0.0208333333333333
 47
0.0
 47
0.0
 47
0.0
 47
0.0
 47
0.0208333333333333
 47
0.0
 47
0.0
 47
0.0
 47
0.0
 47
1.0
 47
0.0
 47
0.0
 47
0.0
 47
0.0
 47
1.0
171
     0
 49
0.0208333333333333
 49
0.0
 49
0.0
 49
0.0
 49
0.0
 49
0.0208333333333333
 49
0.0
 49
0.0
 49
0.0
 49
0.0
 49
1.0
 49
0.0
 49
0.0
 49
0.0
 49
0.0
 49
1.0
175
     0
142
0.0208333333333333
142
0.0
142
0.0
142
0.0
142
0.0
142
0.0208333333333333
142
0.0
142
0.0
142
0.0
142
0.0
142
1.0
142
0.0
142
0.0
142
0.0
142
0.0
142
1.0
179
     0
144
0.0208333333333333
144
0.0
144
0.0
144
0.0
144
0.0
144
0.0208333333333333
144
0.0
144
0.0
144
0.0
144
0.0
144
1.0
144
0.0
144
0.0
144
0.0
144
0.0
144
1.0
147
0.0208333333333333
147
0.0
147
0.0
147
0.0
147
0.0
147
0.0208333333333333
147
0.0
147
0.0
147
0.0
147
0.0
147
1.0
147
0.0
147
0.0
147
0.0
147
0.0
147
1.0
  0
MATERIAL
  5
11
102
{ACAD_XDICTIONARY
360
12
102
}
102
{ACAD_REACTORS
330
10
102
}
330
10
100
AcDbMaterial
  1
ByLayer
 72
     0
 43
0.0208333333333333
 43
0.0
 43
0.0
 43
0.0
 43
0.0
 43
0.0208333333333333
 43
0.0
 43
0.0
 43
0.0
 43
0.0
 43
1.0
 43
0.0
 43
0.0
 43
0.0
 43
0.0
 43
1.0
 77
     0
 47
0.0208333333333333
 47
0.0
 47
0.0
 47
0.0
 47
0.0
 47
0.0208333333333333
 47
0.0
 47
0.0
 47
0.0
 47
0.0
 47
1.0
 47
0.0
 47
0.0
 47
0.0
 47
0.0
 47
1.0
171
     0
 49
0.0208333333333333
 49
0.0
 49
0.0
 49
0.0
 49
0.0
 49
0.0208333333333333
 49
0.0
 49
0.0
 49
0.0
 49
0.0
 49
1.0
 49
0.0
 49
0.0
 49
0.0
 49
0.0
 49
1.0
175
     0
142
0.0208333333333333
142
0.0
142
0.0
142
0.0
142
0.0
142
0.0208333333333333
142
0.0
142
0.0
142
0.0
142
0.0
142
1.0
142
0.0
142
0.0
142
0.0
142
0.0
142
1.0
179
     0
144
0.0208333333333333
144
0.0
144
0.0
144
0.0
144
0.0
144
0.0208333333333333
144
0.0
144
0.0
144
0.0
144
0.0
144
1.0
144
0.0
144
0.0
144
0.0
144
0.0
144
1.0
147
0.0208333333333333
147
0.0
147
0.0
147
0.0
147
0.0
147
0.0208333333333333
147
0.0
147
0.0
147
0.0
147
0.0
147
1.0
147
0.0
147
0.0
147
0.0
147
0.0
147
1.0
  0
MATERIAL
  5
21
102
{ACAD_XDICTIONARY
360
22
102
}
102
{ACAD_REACTORS
330
10
102
}
330
10
100
AcDbMaterial
  1
Global
 72
     0
 43
0.0208333333333333
 43
0.0
 43
0.0
 43
0.0
 43
0.0
 43
0.0208333333333333
 43
0.0
 43
0.0
 43
0.0
 43
0.0
 43
1.0
 43
0.0
 43
0.0
 43
0.0
 43
0.0
 43
1.0
 77
     0
 47
0.0208333333333333
 47
0.0
 47
0.0
 47
0.0
 47
0.0
 47
0.0208333333333333
 47
0.0
 47
0.0
 47
0.0
 47
0.0
 47
1.0
 47
0.0
 47
0.0
 47
0.0
 47
0.0
 47
1.0
171
     0
 49
0.0208333333333333
 49
0.0
 49
0.0
 49
0.0
 49
0.0
 49
0.0208333333333333
 49
0.0
 49
0.0
 49
0.0
 49
0.0
 49
1.0
 49
0.0
 49
0.0
 49
0.0
 49
0.0
 49
1.0
175
     0
142
0.0208333333333333
142
0.0
142
0.0
142
0.0
142
0.0
142
0.0208333333333333
142
0.0
142
0.0
142
0.0
142
0.0
142
1.0
142
0.0
142
0.0
142
0.0
142
0.0
142
1.0
179
     0
144
0.0208333333333333
144
0.0
144
0.0
144
0.0
144
0.0
144
0.0208333333333333
144
0.0
144
0.0
144
0.0
144
0.0
144
1.0
144
0.0
144
0.0
144
0.0
144
0.0
144
1.0
147
0.0208333333333333
147
0.0
147
0.0
147
0.0
147
0.0
147
0.0208333333333333
147
0.0
147
0.0
147
0.0
147
0.0
147
1.0
147
0.0
147
0.0
147
0.0
147
0.0
147
1.0
  0
MLEADERSTYLE
  5
67
102
{ACAD_REACTORS
330
66
102
}
330
66
100
AcDbMLeaderStyle
179
     2
170
     2
171
     1
172
     0
 90
        2
 40
0.0
 41
0.0
173
     1
 91
-1056964608
340
5B
 92
       -2
290
     1
 42
0.09
291
     1
 43
0.36
  3
Standard
 44
0.18
300

342
55
174
     1
178
     6
175
     1
176
     0
 93
-1056964608
 45
0.18
292
     0
297
     0
 46
0.18
 94
-1056964608
 47
1.0
 49
1.0
140
1.0
293
     1
141
0.0
294
     1
177
     0
142
1.0
295
     1
296
     0
143
0.125
271
     0
272
     9
273
     9
298
     1
  0
MLINESTYLE
  5
60
102
{ACAD_REACTORS
330
5F
102
}
330
5F
100
AcDbMlineStyle
  2
STANDARD
 70
     0
  3

 62
   256
 51
90.0
 52
90.0
 71
     2
 49
0.5
 62
   256
  6
BYLAYER
 49
-0.5
 62
   256
  6
BYLAYER
  0
ACDBPLACEHOLDER
  5
F
102
{ACAD_REACTORS
330
E
102
}
330
E
  0
RAPIDRTRENDERSETTINGS
  5
298
102
{ACAD_REACTORS
330
295
102
}
330
295
100
AcDbRenderSettings
 90
        2
  1
Alto
290
     1
290
     0
290
     1
290
     1
  1

  1
Aplica 10 níveis de renderização
 90
        2
100
AcDbRapidRTRenderSettings
 90
        3
 70
     0
 90
       10
 90
        1
 70
     2
 70
     2
 40
3.0
 40
3.0
290
     1
  0
RAPIDRTRENDERSETTINGS
  5
296
102
{ACAD_REACTORS
330
295
102
}
330
295
100
AcDbRenderSettings
 90
        2
  1
Baixo
290
     1
290
     0
290
     1
290
     1
  1

  1
Aplica 1 nível de renderização
 90
        0
100
AcDbRapidRTRenderSettings
 90
        3
 70
     0
 90
        1
 90
        1
 70
     0
 70
     2
 40
3.0
 40
3.0
290
     1
  0
RAPIDRTRENDERSETTINGS
  5
297
102
{ACAD_REACTORS
330
295
102
}
330
295
100
AcDbRenderSettings
 90
        2
  1
Médio
290
     1
290
     0
290
     1
290
     1
  1

  1
Aplica 5 níveis de renderização
 90
        1
100
AcDbRapidRTRenderSettings
 90
        3
 70
     0
 90
        5
 90
        1
 70
     1
 70
     2
 40
3.0
 40
3.0
290
     1
  0
RAPIDRTRENDERSETTINGS
  5
299
102
{ACAD_REACTORS
330
295
102
}
330
295
100
AcDbRenderSettings
 90
        2
  1
Qualidade de curta duração
290
     1
290
     0
290
     1
290
     1
  1

  1
Renderiza por 10 minutos
 90
        3
100
AcDbRapidRTRenderSettings
 90
        3
 70
     1
 90
        1
 90
       10
 70
     1
 70
     2
 40
3.0
 40
3.0
290
     1
  0
RAPIDRTRENDERSETTINGS
  5
29B
102
{ACAD_REACTORS
330
295
102
}
330
295
100
AcDbRenderSettings
 90
        2
  1
Qualidade de longa duração
290
     1
290
     0
290
     1
290
     1
  1

  1
Renderiza por 12 horas
 90
        5
100
AcDbRapidRTRenderSettings
 90
        3
 70
     1
 90
        1
 90
      720
 70
     2
 70
     2
 40
3.0
 40
3.0
290
     1
  0
RAPIDRTRENDERSETTINGS
  5
29A
102
{ACAD_REACTORS
330
295
102
}
330
295
100
AcDbRenderSettings
 90
        2
  1
Qualidade de média duração
290
     1
290
     0
290
     1
290
     1
  1

  1
Renderiza por 60 minutos
 90
        4
100
AcDbRapidRTRenderSettings
 90
        3
 70
     1
 90
        1
 90
       60
 70
     2
 70
     2
 40
3.0
 40
3.0
290
     1
  0
SCALE
  5
43
102
{ACAD_REACTORS
330
42
102
}
330
42
100
AcDbScale
 70
     0
300
1:1
140
1.0
141
1.0
290
     1
  0
SCALE
  5
44
102
{ACAD_REACTORS
330
42
102
}
330
42
100
AcDbScale
 70
     0
300
1/128" = 1'-0"
140
0.0078125
141
12.0
290
     0
  0
SCALE
  5
45
102
{ACAD_REACTORS
330
42
102
}
330
42
100
AcDbScale
 70
     0
300
1/64" = 1'-0"
140
0.015625
141
12.0
290
     0
  0
SCALE
  5
46
102
{ACAD_REACTORS
330
42
102
}
330
42
100
AcDbScale
 70
     0
300
1/32" = 1'-0"
140
0.03125
141
12.0
290
     0
  0
SCALE
  5
47
102
{ACAD_REACTORS
330
42
102
}
330
42
100
AcDbScale
 70
     0
300
1/16" = 1'-0"
140
0.0625
141
12.0
290
     0
  0
SCALE
  5
48
102
{ACAD_REACTORS
330
42
102
}
330
42
100
AcDbScale
 70
     0
300
3/32" = 1'-0"
140
0.09375
141
12.0
290
     0
  0
SCALE
  5
49
102
{ACAD_REACTORS
330
42
102
}
330
42
100
AcDbScale
 70
     0
300
1/8" = 1'-0"
140
0.125
141
12.0
290
     0
  0
SCALE
  5
4A
102
{ACAD_REACTORS
330
42
102
}
330
42
100
AcDbScale
 70
     0
300
3/16" = 1'-0"
140
0.1875
141
12.0
290
     0
  0
SCALE
  5
4B
102
{ACAD_REACTORS
330
42
102
}
330
42
100
AcDbScale
 70
     0
300
1/4" = 1'-0"
140
0.25
141
12.0
290
     0
  0
SCALE
  5
4C
102
{ACAD_REACTORS
330
42
102
}
330
42
100
AcDbScale
 70
     0
300
3/8" = 1'-0"
140
0.375
141
12.0
290
     0
  0
SCALE
  5
4D
102
{ACAD_REACTORS
330
42
102
}
330
42
100
AcDbScale
 70
     0
300
1/2" = 1'-0"
140
0.5
141
12.0
290
     0
  0
SCALE
  5
4E
102
{ACAD_REACTORS
330
42
102
}
330
42
100
AcDbScale
 70
     0
300
3/4" = 1'-0"
140
0.75
141
12.0
290
     0
  0
SCALE
  5
4F
102
{ACAD_REACTORS
330
42
102
}
330
42
100
AcDbScale
 70
     0
300
1" = 1'-0"
140
1.0
141
12.0
290
     0
  0
SCALE
  5
50
102
{ACAD_REACTORS
330
42
102
}
330
42
100
AcDbScale
 70
     0
300
1-1/2" = 1'-0"
140
1.5
141
12.0
290
     0
  0
SCALE
  5
51
102
{ACAD_REACTORS
330
42
102
}
330
42
100
AcDbScale
 70
     0
300
3" = 1'-0"
140
3.0
141
12.0
290
     0
  0
SCALE
  5
52
102
{ACAD_REACTORS
330
42
102
}
330
42
100
AcDbScale
 70
     0
300
6" = 1'-0"
140
6.0
141
12.0
290
     0
  0
SCALE
  5
53
102
{ACAD_REACTORS
330
42
102
}
330
42
100
AcDbScale
 70
     0
300
1'-0" = 1'-0"
140
12.0
141
12.0
290
     0
  0
ACDBSECTIONVIEWSTYLE
  5
69
102
{ACAD_REACTORS
330
68
102
}
330
68
100
AcDbModelDocViewStyle
 70
     0
  3
Imperial24
290
     1
300
Imperial24
 90
        0
100
AcDbSectionViewStyle
 70
     0
 71
     0
 90
       78
 71
     1
340
55
 62
   256
 40
0.24
340
0
340
0
 62
   256
 40
0.24
300
I, O, Q, S, X, Z
 40
0.48
 90
        3
 40
0.18
 90
        1
 71
     2
340
5D
 90
       25
 62
   256
340
5D
 90
       50
 62
   256
 40
0.24
 40
0.0
 40
0.24
 71
     3
340
55
 62
   256
 40
0.24
 90
        1
 40
0.75
 90
        1
300
%<\AcVar ViewType \f "%tc1">% %<\AcVar ViewSectionStartId>%-%<\AcVar ViewSectionEndId>%\PSCALE %<\AcVar ViewScale \f "%sn">%
 71
     4
 62
   256
 62
   257
300
ANSI31
 40
1.0
 90
        0
290
     0
290
     0
 90
        6
 40
0.0
 40
1.570796326794896
 40
0.2617993877991494
 40
1.308996938995747
 40
-0.2617993877991494
 40
1.832595714594046
  0
ACDBSECTIONVIEWSTYLE
  5
28C
102
{ACAD_REACTORS
330
68
102
}
330
68
100
AcDbModelDocViewStyle
 70
     0
  3
Metric50
290
     1
300
Metric50
 90
        0
100
AcDbSectionViewStyle
 70
     0
 71
     0
 90
      102
 71
     1
340
55
 62
   256
 40
5.0
340
0
340
0
 62
   256
 40
5.0
300
I, O, Q, S, X, Z
 40
10.0
 90
        0
 40
2.5
 90
        0
 71
     2
340
5D
 90
       25
 62
   256
340
5D
 90
       50
 62
   256
 40
5.0
 40
2.5
 40
5.0
 71
     3
340
55
 62
   256
 40
5.0
 90
        0
 40
15.0
 90
        1
300
%<\AcVar ViewSectionStartId>%-%<\AcVar ViewSectionEndId>% (%<\AcVar ViewScale \f "%sn">%)
 71
     4
 62
   256
 62
   257
300
ANSI31
 40
1.0
 90
        0
290
     0
290
     0
 90
        6
 40
0.0
 40
1.570796326794896
 40
0.2617993877991494
 40
1.308996938995747
 40
-0.2617993877991494
 40
1.832595714594046
  0
TABLESTYLE
  5
65
102
{ACAD_XDICTIONARY
360
391
102
}
102
{ACAD_REACTORS
330
64
102
}
330
64
100
AcDbTableStyle
280
     0
  3
Standard
 70
     0
 71
     0
 40
0.06
 41
0.06
280
     0
281
     0
  7
Standard
140
0.18
170
     2
 62
     0
 63
     7
283
     0
 90
      512
 91
        0
  1

274
    -2
284
     1
 64
     0
275
    -2
285
     1
 65
     0
276
    -2
286
     1
 66
     0
277
    -2
287
     1
 67
     0
278
    -2
288
     1
 68
     0
279
    -2
289
     1
 69
     0
  7
Standard
140
0.25
170
     5
 62
     0
 63
     7
283
     0
 90
      512
 91
        0
  1

274
    -2
284
     1
 64
     0
275
    -2
285
     1
 65
     0
276
    -2
286
     1
 66
     0
277
    -2
287
     1
 67
     0
278
    -2
288
     1
 68
     0
279
    -2
289
     1
 69
     0
  7
Standard
140
0.18
170
     5
 62
     0
 63
     7
283
     0
 90
      512
 91
        0
  1

274
    -2
284
     1
 64
     0
275
    -2
285
     1
 65
     0
276
    -2
286
     1
 66
     0
277
    -2
287
     1
 67
     0
278
    -2
288
     1
 68
     0
279
    -2
289
     1
 69
     0
  0
VISUALSTYLE
  5
2F
102
{ACAD_REACTORS
330
29
102
}
330
29
100
AcDbVisualStyle
  2
2dWireframe
 70
     4
177
     3
291
     0
 70
    58
 90
        0
176
     1
 90
        2
176
     1
 90
        0
176
     1
 90
        0
176
     1
 40
0.6
176
     1
 40
30.0
176
     1
 62
     7
420
 16777215
176
     1
 90
        1
176
     1
 90
        4
176
     1
 62
     7
176
     1
 62
   257
176
     1
 90
        1
176
     1
 90
        1
176
     1
 40
1.0
176
     1
 90
        0
176
     1
 62
   257
176
     1
 40
1.0
176
     1
 90
        1
176
     1
 90
        6
176
     1
 90
        2
176
     1
 62
     7
176
     1
 90
        5
176
     1
 90
        0
176
     1
 90
        0
176
     1
290
     0
176
     1
 90
        1
176
     1
 40
0.0
176
     1
 90
        0
176
     1
290
     1
176
     1
290
     1
176
     1
290
     0
176
     1
290
     0
176
     1
290
     0
176
     1
290
     0
176
     1
290
     0
176
     1
290
     0
176
     1
290
     0
176
     1
 90
       50
176
     1
 40
0.0
176
     1
 40
1.0
176
     1
 90
        0
176
     1
 62
    18
420
        0
176
     1
 90
       50
176
     1
 90
        3
176
     1
 62
     5
420
      255
176
     1
290
     0
176
     1
 90
       50
176
     1
 90
       50
176
     1
 90
       50
176
     1
290
     0
176
     1
 90
       50
176
     1
 62
   256
176
     0
 40
1.0
176
     0
 90
        2
176
     1
  1
strokes_ogs.tif
176
     1
290
     0
176
     1
 40
1.0
176
     1
 40
1.0
176
     1
  0
VISUALSTYLE
  5
2E
102
{ACAD_REACTORS
330
29
102
}
330
29
100
AcDbVisualStyle
  2
Basic
 70
     7
177
     3
291
     1
 70
    58
 90
        1
176
     1
 90
        0
176
     1
 90
        1
176
     1
 90
        0
176
     1
 40
0.6
176
     1
 40
30.0
176
     1
 62
     7
420
 16777215
176
     1
 90
        0
176
     1
 90
        4
176
     1
 62
     7
176
     1
 62
   257
176
     1
 90
        1
176
     1
 90
        1
176
     1
 40
1.0
176
     1
 90
        8
176
     1
 62
     7
176
     1
 40
1.0
176
     1
 90
        1
176
     1
 90
        6
176
     1
 90
        2
176
     1
 62
     7
176
     1
 90
        5
176
     1
 90
        0
176
     1
 90
        0
176
     1
290
     0
176
     1
 90
        1
176
     1
 40
0.0
176
     1
 90
        0
176
     1
290
     0
176
     1
290
     1
176
     1
290
     1
176
     1
290
     0
176
     1
290
     0
176
     1
290
     0
176
     1
290
     0
176
     1
290
     0
176
     1
290
     0
176
     1
 90
       50
176
     1
 40
0.0
176
     1
 40
1.0
176
     1
 90
        0
176
     1
 62
    18
420
        0
176
     1
 90
       50
176
     1
 90
        3
176
     1
 62
     5
420
      255
176
     1
290
     0
176
     1
 90
       50
176
     1
 90
       50
176
     1
 90
       50
176
     1
290
     0
176
     1
 90
       50
176
     1
 62
   256
176
     0
 40
1.0
176
     0
 90
        2
176
     1
  1
strokes_ogs.tif
176
     1
290
     0
176
     1
 40
1.0
176
     1
 40
1.0
176
     1
  0
VISUALSTYLE
  5
35
102
{ACAD_REACTORS
330
29
102
}
330
29
100
AcDbVisualStyle
  2
Brighten
 70
    12
177
     3
291
     1
 70
    58
 90
        2
176
     1
 90
        2
176
     1
 90
        0
176
     1
 90
        0
176
     1
 40
0.6
176
     1
 40
30.0
176
     1
 62
     7
420
 16777215
176
     1
 90
        1
176
     1
 90
        4
176
     1
 62
     7
176
     1
 62
   257
176
     1
 90
        1
176
     1
 90
        1
176
     1
 40
1.0
176
     1
 90
        8
176
     1
 62
     7
176
     1
 40
1.0
176
     1
 90
        1
176
     1
 90
        6
176
     1
 90
        2
176
     1
 62
     7
176
     1
 90
        5
176
     1
 90
        0
176
     1
 90
        0
176
     1
290
     0
176
     1
 90
        1
176
     1
 40
50.0
176
     1
 90
        0
176
     1
290
     0
176
     1
290
     1
176
     1
290
     1
176
     1
290
     0
176
     1
290
     0
176
     1
290
     0
176
     1
290
     0
176
     1
290
     0
176
     1
290
     0
176
     1
 90
       50
176
     1
 40
0.0
176
     1
 40
1.0
176
     1
 90
        0
176
     1
 62
    18
420
        0
176
     1
 90
       50
176
     1
 90
        3
176
     1
 62
     5
420
      255
176
     1
290
     0
176
     1
 90
       50
176
     1
 90
       50
176
     1
 90
       50
176
     1
290
     0
176
     1
 90
       50
176
     1
 62
   256
176
     0
 40
1.0
176
     0
 90
        2
176
     1
  1
strokes_ogs.tif
176
     1
290
     0
176
     1
 40
1.0
176
     1
 40
1.0
176
     1
  0
VISUALSTYLE
  5
39
102
{ACAD_REACTORS
330
29
102
}
330
29
100
AcDbVisualStyle
  2
ColorChange
 70
    16
177
     3
291
     1
 70
    58
 90
        2
176
     1
 90
        2
176
     1
 90
        3
176
     1
 90
        0
176
     1
 40
0.6
176
     1
 40
30.0
176
     1
 62
     8
420
  8421504
176
     1
 90
        1
176
     1
 90
        4
176
     1
 62
     7
176
     1
 62
   257
176
     1
 90
        1
176
     1
 90
        1
176
     1
 40
1.0
176
     1
 90
        8
176
     1
 62
     8
420
  8421504
176
     1
 40
1.0
176
     1
 90
        1
176
     1
 90
        6
176
     1
 90
        2
176
     1
 62
     7
176
     1
 90
        5
176
     1
 90
        0
176
     1
 90
        0
176
     1
290
     0
176
     1
 90
        1
176
     1
 40
0.0
176
     1
 90
        0
176
     1
290
     0
176
     1
290
     1
176
     1
290
     1
176
     1
290
     0
176
     1
290
     0
176
     1
290
     0
176
     1
290
     0
176
     1
290
     0
176
     1
290
     0
176
     1
 90
       50
176
     1
 40
0.0
176
     1
 40
1.0
176
     1
 90
        0
176
     1
 62
    18
420
        0
176
     1
 90
       50
176
     1
 90
        3
176
     1
 62
     5
420
      255
176
     1
290
     0
176
     1
 90
       50
176
     1
 90
       50
176
     1
 90
       50
176
     1
290
     0
176
     1
 90
       50
176
     1
 62
   256
176
     0
 40
1.0
176
     0
 90
        2
176
     1
  1
strokes_ogs.tif
176
     1
290
     0
176
     1
 40
1.0
176
     1
 40
1.0
176
     1
  0
VISUALSTYLE
  5
32
102
{ACAD_REACTORS
330
29
102
}
330
29
100
AcDbVisualStyle
  2
Conceptual
 70
     9
177
     3
291
     0
 70
    58
 90
        3
176
     1
 90
        2
176
     1
 90
        0
176
     1
 90
        0
176
     1
 40
0.6
176
     1
 40
30.0
176
     1
 62
     7
420
 16777215
176
     1
 90
        2
176
     1
 90
        2
176
     1
 62
     7
176
     1
 62
   257
176
     1
 90
        1
176
     1
 90
        1
176
     1
 40
179.0
176
     1
 90
        8
176
     1
 62
     7
176
     1
 40
1.0
176
     1
 90
        1
176
     1
 90
        6
176
     1
 90
        2
176
     1
 62
     7
176
     1
 90
        3
176
     1
 90
        0
176
     1
 90
        0
176
     1
290
     0
176
     1
 90
        1
176
     1
 40
0.0
176
     1
 90
        0
176
     1
290
     0
176
     1
290
     1
176
     1
290
     1
176
     1
290
     0
176
     1
290
     0
176
     1
290
     0
176
     1
290
     0
176
     1
290
     0
176
     1
290
     0
176
     1
 90
       50
176
     1
 40
0.0
176
     1
 40
1.0
176
     1
 90
        0
176
     1
 62
    18
420
        0
176
     1
 90
       50
176
     1
 90
        3
176
     1
 62
     5
420
      255
176
     1
290
     0
176
     1
 90
       50
176
     1
 90
       50
176
     1
 90
       50
176
     1
290
     0
176
     1
 90
       50
176
     1
 62
   256
176
     0
 40
1.0
176
     0
 90
        2
176
     1
  1
strokes_ogs.tif
176
     1
290
     0
176
     1
 40
1.0
176
     1
 40
1.0
176
     1
  0
VISUALSTYLE
  5
34
102
{ACAD_REACTORS
330
29
102
}
330
29
100
AcDbVisualStyle
  2
Dim
 70
    11
177
     3
291
     1
 70
    58
 90
        2
176
     1
 90
        2
176
     1
 90
        0
176
     1
 90
        0
176
     1
 40
0.6
176
     1
 40
30.0
176
     1
 62
     7
420
 16777215
176
     1
 90
        1
176
     1
 90
        4
176
     1
 62
     7
176
     1
 62
   257
176
     1
 90
        1
176
     1
 90
        1
176
     1
 40
1.0
176
     1
 90
        8
176
     1
 62
     7
176
     1
 40
1.0
176
     1
 90
        1
176
     1
 90
        6
176
     1
 90
        2
176
     1
 62
     7
176
     1
 90
        5
176
     1
 90
        0
176
     1
 90
        0
176
     1
290
     0
176
     1
 90
        1
176
     1
 40
-50.0
176
     1
 90
        0
176
     1
290
     0
176
     1
290
     1
176
     1
290
     1
176
     1
290
     0
176
     1
290
     0
176
     1
290
     0
176
     1
290
     0
176
     1
290
     0
176
     1
290
     0
176
     1
 90
       50
176
     1
 40
0.0
176
     1
 40
1.0
176
     1
 90
        0
176
     1
 62
    18
420
        0
176
     1
 90
       50
176
     1
 90
        3
176
     1
 62
     5
420
      255
176
     1
290
     0
176
     1
 90
       50
176
     1
 90
       50
176
     1
 90
       50
176
     1
290
     0
176
     1
 90
       50
176
     1
 62
   256
176
     0
 40
1.0
176
     0
 90
        2
176
     1
  1
strokes_ogs.tif
176
     1
290
     0
176
     1
 40
1.0
176
     1
 40
1.0
176
     1
  0
VISUALSTYLE
  5
41
102
{ACAD_REACTORS
330
29
102
}
330
29
100
AcDbVisualStyle
  2
EdgeColorOff
 70
    22
177
     3
291
     1
 70
    58
 90
        2
176
     0
 90
        2
176
     0
 90
        0
176
     0
 90
        0
176
     0
 40
0.6
176
     0
 40
30.0
176
     0
 62
     7
420
 16777215
176
     0
 90
        1
176
     0
 90
        4
176
     0
 62
     7
176
     0
 62
   257
176
     0
 90
        1
176
     0
 90
        1
176
     0
 40
1.0
176
     0
 90
        8
176
     2
 62
     7
176
     0
 40
1.0
176
     0
 90
        1
176
     0
 90
        6
176
     0
 90
        2
176
     0
 62
     7
176
     0
 90
        5
176
     0
 90
        0
176
     0
 90
        0
176
     0
290
     0
176
     0
 90
        1
176
     0
 40
0.0
176
     0
 90
        0
176
     0
290
     0
176
     0
290
     1
176
     0
290
     1
176
     0
290
     0
176
     0
290
     0
176
     0
290
     0
176
     0
290
     0
176
     0
290
     0
176
     0
290
     0
176
     0
 90
       50
176
     0
 40
0.0
176
     0
 40
1.0
176
     0
 90
        0
176
     0
 62
    18
420
        0
176
     0
 90
       50
176
     0
 90
        3
176
     0
 62
     5
420
      255
176
     0
290
     0
176
     0
 90
       50
176
     0
 90
       50
176
     0
 90
       50
176
     0
290
     0
176
     0
 90
       50
176
     0
 62
   256
176
     0
 40
1.0
176
     0
 90
        2
176
     0
  1
strokes_ogs.tif
176
     0
290
     0
176
     0
 40
1.0
176
     0
 40
1.0
176
     0
  0
VISUALSTYLE
  5
38
102
{ACAD_REACTORS
330
29
102
}
330
29
100
AcDbVisualStyle
  2
Facepattern
 70
    15
177
     3
291
     1
 70
    58
 90
        2
176
     1
 90
        2
176
     1
 90
        0
176
     1
 90
        0
176
     1
 40
0.6
176
     1
 40
30.0
176
     1
 62
     7
420
 16777215
176
     1
 90
        1
176
     1
 90
        4
176
     1
 62
     7
176
     1
 62
   257
176
     1
 90
        1
176
     1
 90
        1
176
     1
 40
1.0
176
     1
 90
        8
176
     1
 62
     7
176
     1
 40
1.0
176
     1
 90
        1
176
     1
 90
        6
176
     1
 90
        2
176
     1
 62
     7
176
     1
 90
        5
176
     1
 90
        0
176
     1
 90
        0
176
     1
290
     0
176
     1
 90
        1
176
     1
 40
0.0
176
     1
 90
        0
176
     1
290
     0
176
     1
290
     1
176
     1
290
     1
176
     1
290
     0
176
     1
290
     0
176
     1
290
     0
176
     1
290
     0
176
     1
290
     0
176
     1
290
     0
176
     1
 90
       50
176
     1
 40
0.0
176
     1
 40
1.0
176
     1
 90
        0
176
     1
 62
    18
420
        0
176
     1
 90
       50
176
     1
 90
        3
176
     1
 62
     5
420
      255
176
     1
290
     0
176
     1
 90
       50
176
     1
 90
       50
176
     1
 90
       50
176
     1
290
     0
176
     1
 90
       50
176
     1
 62
   256
176
     0
 40
1.0
176
     0
 90
        2
176
     1
  1
strokes_ogs.tif
176
     1
290
     0
176
     1
 40
1.0
176
     1
 40
1.0
176
     1
  0
VISUALSTYLE
  5
2A
102
{ACAD_REACTORS
330
29
102
}
330
29
100
AcDbVisualStyle
  2
Flat
 70
     0
177
     3
291
     1
 70
    58
 90
        2
176
     1
 90
        1
176
     1
 90
        1
176
     1
 90
        2
176
     1
 40
0.6
176
     1
 40
30.0
176
     1
 62
     7
420
 16777215
176
     1
 90
        0
176
     1
 90
        0
176
     1
 62
     7
176
     1
 62
   257
176
     1
 90
        1
176
     1
 90
        1
176
     1
 40
1.0
176
     1
 90
        8
176
     1
 62
     7
176
     1
 40
1.0
176
     1
 90
        1
176
     1
 90
        6
176
     1
 90
        2
176
     1
 62
     7
176
     1
 90
        5
176
     1
 90
        0
176
     1
 90
        0
176
     1
290
     0
176
     1
 90
       13
176
     1
 40
0.0
176
     1
 90
        0
176
     1
290
     0
176
     1
290
     1
176
     1
290
     1
176
     1
290
     0
176
     1
290
     0
176
     1
290
     0
176
     1
290
     0
176
     1
290
     0
176
     1
290
     0
176
     1
 90
       50
176
     1
 40
0.0
176
     1
 40
1.0
176
     1
 90
        0
176
     1
 62
    18
420
        0
176
     1
 90
       50
176
     1
 90
        3
176
     1
 62
     5
420
      255
176
     1
290
     0
176
     1
 90
       50
176
     1
 90
       50
176
     1
 90
       50
176
     1
290
     0
176
     1
 90
       50
176
     1
 62
   256
176
     0
 40
1.0
176
     0
 90
        2
176
     1
  1
strokes_ogs.tif
176
     1
290
     0
176
     1
 40
1.0
176
     1
 40
1.0
176
     1
  0
VISUALSTYLE
  5
2B
102
{ACAD_REACTORS
330
29
102
}
330
29
100
AcDbVisualStyle
  2
FlatWithEdges
 70
     1
177
     3
291
     1
 70
    58
 90
        2
176
     1
 90
        1
176
     1
 90
        1
176
     1
 90
        2
176
     1
 40
0.6
176
     1
 40
30.0
176
     1
 62
     7
420
 16777215
176
     1
 90
        1
176
     1
 90
        0
176
     1
 62
     7
176
     1
 62
   257
176
     1
 90
        1
176
     1
 90
        1
176
     1
 40
1.0
176
     1
 90
        0
176
     1
 62
   257
176
     1
 40
1.0
176
     1
 90
        1
176
     1
 90
        6
176
     1
 90
        2
176
     1
 62
     7
176
     1
 90
        5
176
     1
 90
        0
176
     1
 90
        0
176
     1
290
     0
176
     1
 90
       13
176
     1
 40
0.0
176
     1
 90
        0
176
     1
290
     0
176
     1
290
     1
176
     1
290
     1
176
     1
290
     0
176
     1
290
     0
176
     1
290
     0
176
     1
290
     0
176
     1
290
     0
176
     1
290
     0
176
     1
 90
       50
176
     1
 40
0.0
176
     1
 40
1.0
176
     1
 90
        0
176
     1
 62
    18
420
        0
176
     1
 90
       50
176
     1
 90
        3
176
     1
 62
     5
420
      255
176
     1
290
     0
176
     1
 90
       50
176
     1
 90
       50
176
     1
 90
       50
176
     1
290
     0
176
     1
 90
       50
176
     1
 62
   256
176
     0
 40
1.0
176
     0
 90
        2
176
     1
  1
strokes_ogs.tif
176
     1
290
     0
176
     1
 40
1.0
176
     1
 40
1.0
176
     1
  0
VISUALSTYLE
  5
2C
102
{ACAD_REACTORS
330
29
102
}
330
29
100
AcDbVisualStyle
  2
Gouraud
 70
     2
177
     3
291
     1
 70
    58
 90
        2
176
     1
 90
        2
176
     1
 90
        1
176
     1
 90
        2
176
     1
 40
0.6
176
     1
 40
30.0
176
     1
 62
     7
420
 16777215
176
     1
 90
        0
176
     1
 90
        0
176
     1
 62
     7
176
     1
 62
   257
176
     1
 90
        1
176
     1
 90
        1
176
     1
 40
1.0
176
     1
 90
        0
176
     1
 62
     7
176
     1
 40
1.0
176
     1
 90
        1
176
     1
 90
        6
176
     1
 90
        2
176
     1
 62
     7
176
     1
 90
        5
176
     1
 90
        0
176
     1
 90
        0
176
     1
290
     0
176
     1
 90
       13
176
     1
 40
0.0
176
     1
 90
        0
176
     1
290
     0
176
     1
290
     1
176
     1
290
     1
176
     1
290
     0
176
     1
290
     0
176
     1
290
     0
176
     1
290
     0
176
     1
290
     0
176
     1
290
     0
176
     1
 90
       50
176
     1
 40
0.0
176
     1
 40
1.0
176
     1
 90
        0
176
     1
 62
    18
420
        0
176
     1
 90
       50
176
     1
 90
        3
176
     1
 62
     5
420
      255
176
     1
290
     0
176
     1
 90
       50
176
     1
 90
       50
176
     1
 90
       50
176
     1
290
     0
176
     1
 90
       50
176
     1
 62
   256
176
     0
 40
1.0
176
     0
 90
        2
176
     1
  1
strokes_ogs.tif
176
     1
290
     0
176
     1
 40
1.0
176
     1
 40
1.0
176
     1
  0
VISUALSTYLE
  5
2D
102
{ACAD_REACTORS
330
29
102
}
330
29
100
AcDbVisualStyle
  2
GouraudWithEdges
 70
     3
177
     3
291
     1
 70
    58
 90
        2
176
     1
 90
        2
176
     1
 90
        1
176
     1
 90
        2
176
     1
 40
0.6
176
     1
 40
30.0
176
     1
 62
     7
420
 16777215
176
     1
 90
        1
176
     1
 90
        0
176
     1
 62
     7
176
     1
 62
   257
176
     1
 90
        1
176
     1
 90
        1
176
     1
 40
1.0
176
     1
 90
        0
176
     1
 62
   257
176
     1
 40
1.0
176
     1
 90
        1
176
     1
 90
        6
176
     1
 90
        2
176
     1
 62
     7
176
     1
 90
        5
176
     1
 90
        0
176
     1
 90
        0
176
     1
290
     0
176
     1
 90
       13
176
     1
 40
0.0
176
     1
 90
        0
176
     1
290
     0
176
     1
290
     1
176
     1
290
     1
176
     1
290
     0
176
     1
290
     0
176
     1
290
     0
176
     1
290
     0
176
     1
290
     0
176
     1
290
     0
176
     1
 90
       50
176
     1
 40
0.0
176
     1
 40
1.0
176
     1
 90
        0
176
     1
 62
    18
420
        0
176
     1
 90
       50
176
     1
 90
        3
176
     1
 62
     5
420
      255
176
     1
290
     0
176
     1
 90
       50
176
     1
 90
       50
176
     1
 90
       50
176
     1
290
     0
176
     1
 90
       50
176
     1
 62
   256
176
     0
 40
1.0
176
     0
 90
        2
176
     1
  1
strokes_ogs.tif
176
     1
290
     0
176
     1
 40
1.0
176
     1
 40
1.0
176
     1
  0
VISUALSTYLE
  5
31
102
{ACAD_REACTORS
330
29
102
}
330
29
100
AcDbVisualStyle
  2
Hidden
 70
     6
177
     3
291
     0
 70
    58
 90
        1
176
     1
 90
        2
176
     1
 90
        2
176
     1
 90
        0
176
     1
 40
0.6
176
     1
 40
30.0
176
     1
 62
     7
420
 16777215
176
     1
 90
        2
176
     1
 90
        2
176
     1
 62
     7
176
     1
 62
   257
176
     1
 90
        2
176
     1
 90
        1
176
     1
 40
40.0
176
     1
 90
        0
176
     1
 62
   257
176
     1
 40
1.0
176
     1
 90
        1
176
     1
 90
        6
176
     1
 90
        2
176
     1
 62
     7
176
     1
 90
        3
176
     1
 90
        0
176
     1
 90
        0
176
     1
290
     0
176
     1
 90
        1
176
     1
 40
0.0
176
     1
 90
        0
176
     1
290
     0
176
     1
290
     1
176
     1
290
     1
176
     1
290
     0
176
     1
290
     0
176
     1
290
     0
176
     1
290
     0
176
     1
290
     0
176
     1
290
     0
176
     1
 90
       50
176
     1
 40
0.0
176
     1
 40
1.0
176
     1
 90
        0
176
     1
 62
    18
420
        0
176
     1
 90
       50
176
     1
 90
        3
176
     1
 62
     5
420
      255
176
     1
290
     0
176
     1
 90
       50
176
     1
 90
       50
176
     1
 90
       50
176
     1
290
     0
176
     1
 90
       50
176
     1
 62
   256
176
     0
 40
1.0
176
     0
 90
        2
176
     1
  1
strokes_ogs.tif
176
     1
290
     0
176
     1
 40
1.0
176
     1
 40
1.0
176
     1
  0
VISUALSTYLE
  5
3F
102
{ACAD_REACTORS
330
29
102
}
330
29
100
AcDbVisualStyle
  2
JitterOff
 70
    20
177
     3
291
     1
 70
    58
 90
        2
176
     0
 90
        2
176
     0
 90
        0
176
     0
 90
        0
176
     0
 40
0.6
176
     0
 40
30.0
176
     0
 62
     7
420
 16777215
176
     0
 90
        1
176
     0
 90
        4
176
     0
 62
     7
176
     0
 62
   257
176
     0
 90
        1
176
     0
 90
        1
176
     0
 40
1.0
176
     0
 90
       10
176
     2
 62
     7
176
     0
 40
1.0
176
     0
 90
        1
176
     0
 90
        6
176
     0
 90
        2
176
     0
 62
     7
176
     0
 90
        5
176
     0
 90
        0
176
     0
 90
        0
176
     0
290
     0
176
     0
 90
        1
176
     0
 40
0.0
176
     0
 90
        0
176
     0
290
     0
176
     0
290
     1
176
     0
290
     1
176
     0
290
     0
176
     0
290
     0
176
     0
290
     0
176
     0
290
     0
176
     0
290
     0
176
     0
290
     0
176
     0
 90
       50
176
     0
 40
0.0
176
     0
 40
1.0
176
     0
 90
        0
176
     0
 62
    18
420
        0
176
     0
 90
       50
176
     0
 90
        3
176
     0
 62
     5
420
      255
176
     0
290
     0
176
     0
 90
       50
176
     0
 90
       50
176
     0
 90
       50
176
     0
290
     0
176
     0
 90
       50
176
     0
 62
   256
176
     0
 40
1.0
176
     0
 90
        2
176
     0
  1
strokes_ogs.tif
176
     0
290
     0
176
     0
 40
1.0
176
     0
 40
1.0
176
     0
  0
VISUALSTYLE
  5
37
102
{ACAD_REACTORS
330
29
102
}
330
29
100
AcDbVisualStyle
  2
Linepattern
 70
    14
177
     3
291
     1
 70
    58
 90
        2
176
     1
 90
        2
176
     1
 90
        0
176
     1
 90
        0
176
     1
 40
0.6
176
     1
 40
30.0
176
     1
 62
     7
420
 16777215
176
     1
 90
        1
176
     1
 90
        4
176
     1
 62
     7
176
     1
 62
   257
176
     1
 90
        7
176
     1
 90
        7
176
     1
 40
1.0
176
     1
 90
        8
176
     1
 62
     7
176
     1
 40
1.0
176
     1
 90
        1
176
     1
 90
        6
176
     1
 90
        2
176
     1
 62
     7
176
     1
 90
        5
176
     1
 90
        0
176
     1
 90
        0
176
     1
290
     0
176
     1
 90
        1
176
     1
 40
0.0
176
     1
 90
        0
176
     1
290
     0
176
     1
290
     1
176
     1
290
     1
176
     1
290
     0
176
     1
290
     0
176
     1
290
     0
176
     1
290
     0
176
     1
290
     0
176
     1
290
     0
176
     1
 90
       50
176
     1
 40
0.0
176
     1
 40
1.0
176
     1
 90
        0
176
     1
 62
    18
420
        0
176
     1
 90
       50
176
     1
 90
        3
176
     1
 62
     5
420
      255
176
     1
290
     0
176
     1
 90
       50
176
     1
 90
       50
176
     1
 90
       50
176
     1
290
     0
176
     1
 90
       50
176
     1
 62
   256
176
     0
 40
1.0
176
     0
 90
        2
176
     1
  1
strokes_ogs.tif
176
     1
290
     0
176
     1
 40
1.0
176
     1
 40
1.0
176
     1
  0
VISUALSTYLE
  5
40
102
{ACAD_REACTORS
330
29
102
}
330
29
100
AcDbVisualStyle
  2
OverhangOff
 70
    21
177
     3
291
     1
 70
    58
 90
        2
176
     0
 90
        2
176
     0
 90
        0
176
     0
 90
        0
176
     0
 40
0.6
176
     0
 40
30.0
176
     0
 62
     7
420
 16777215
176
     0
 90
        1
176
     0
 90
        4
176
     0
 62
     7
176
     0
 62
   257
176
     0
 90
        1
176
     0
 90
        1
176
     0
 40
1.0
176
     0
 90
        9
176
     2
 62
     7
176
     0
 40
1.0
176
     0
 90
        1
176
     0
 90
        6
176
     0
 90
        2
176
     0
 62
     7
176
     0
 90
        5
176
     0
 90
        0
176
     0
 90
        0
176
     0
290
     0
176
     0
 90
        1
176
     0
 40
0.0
176
     0
 90
        0
176
     0
290
     0
176
     0
290
     1
176
     0
290
     1
176
     0
290
     0
176
     0
290
     0
176
     0
290
     0
176
     0
290
     0
176
     0
290
     0
176
     0
290
     0
176
     0
 90
       50
176
     0
 40
0.0
176
     0
 40
1.0
176
     0
 90
        0
176
     0
 62
    18
420
        0
176
     0
 90
       50
176
     0
 90
        3
176
     0
 62
     5
420
      255
176
     0
290
     0
176
     0
 90
       50
176
     0
 90
       50
176
     0
 90
       50
176
     0
290
     0
176
     0
 90
       50
176
     0
 62
   256
176
     0
 40
1.0
176
     0
 90
        2
176
     0
  1
strokes_ogs.tif
176
     0
290
     0
176
     0
 40
1.0
176
     0
 40
1.0
176
     0
  0
VISUALSTYLE
  5
33
102
{ACAD_REACTORS
330
29
102
}
330
29
100
AcDbVisualStyle
  2
Realistic
 70
     8
177
     3
291
     0
 70
    58
 90
        2
176
     1
 90
        3
176
     1
 90
        0
176
     1
 90
        2
176
     1
 40
0.6
176
     1
 40
30.0
176
     1
 62
     7
420
 16777215
176
     1
 90
        0
176
     1
 90
        0
176
     1
 62
     7
176
     1
 62
   257
176
     1
 90
        1
176
     1
 90
        1
176
     1
 40
1.0
176
     1
 90
        8
176
     1
 62
   257
176
     1
 40
1.0
176
     1
 90
        1
176
     1
 90
        6
176
     1
 90
        2
176
     1
 62
     7
176
     1
 90
        3
176
     1
 90
        0
176
     1
 90
        0
176
     1
290
     0
176
     1
 90
       13
176
     1
 40
0.0
176
     1
 90
        0
176
     1
290
     0
176
     1
290
     1
176
     1
290
     1
176
     1
290
     0
176
     1
290
     0
176
     1
290
     0
176
     1
290
     0
176
     1
290
     0
176
     1
290
     0
176
     1
 90
       50
176
     1
 40
0.0
176
     1
 40
1.0
176
     1
 90
        0
176
     1
 62
    18
420
        0
176
     1
 90
       50
176
     1
 90
        3
176
     1
 62
     5
420
      255
176
     1
290
     0
176
     1
 90
       50
176
     1
 90
       50
176
     1
 90
       50
176
     1
290
     0
176
     1
 90
       50
176
     1
 62
   256
176
     0
 40
1.0
176
     0
 90
        2
176
     1
  1
strokes_ogs.tif
176
     1
290
     0
176
     1
 40
1.0
176
     1
 40
1.0
176
     1
  0
VISUALSTYLE
  5
3E
102
{ACAD_REACTORS
330
29
102
}
330
29
100
AcDbVisualStyle
  2
Shaded
 70
    27
177
     3
291
     0
 70
    58
 90
        2
176
     1
 90
        2
176
     1
 90
        1
176
     1
 90
        2
176
     1
 40
0.6
176
     1
 40
30.0
176
     1
 62
     7
420
 16777215
176
     1
 90
        0
176
     1
 90
        4
176
     1
 62
     7
176
     1
 62
   257
176
     1
 90
        1
176
     1
 90
        1
176
     1
 40
1.0
176
     1
 90
        8
176
     1
 62
   257
176
     1
 40
1.0
176
     1
 90
        1
176
     1
 90
        6
176
     1
 90
        2
176
     1
 62
     8
420
  7895160
176
     1
 90
        3
176
     1
 90
        0
176
     1
 90
        0
176
     1
290
     0
176
     1
 90
        5
176
     1
 40
0.0
176
     1
 90
        0
176
     1
290
     0
176
     1
290
     1
176
     1
290
     1
176
     1
290
     0
176
     1
290
     0
176
     1
290
     0
176
     1
290
     0
176
     1
290
     0
176
     1
290
     0
176
     1
 90
       50
176
     1
 40
0.0
176
     1
 40
1.0
176
     1
 90
        0
176
     1
 62
    18
420
        0
176
     1
 90
       50
176
     1
 90
        3
176
     1
 62
     5
420
      255
176
     1
290
     0
176
     1
 90
       50
176
     1
 90
       50
176
     1
 90
       50
176
     1
290
     0
176
     1
 90
       50
176
     1
 62
   256
176
     0
 40
1.0
176
     0
 90
        2
176
     1
  1
strokes_ogs.tif
176
     1
290
     0
176
     1
 40
1.0
176
     1
 40
1.0
176
     1
  0
VISUALSTYLE
  5
3D
102
{ACAD_REACTORS
330
29
102
}
330
29
100
AcDbVisualStyle
  2
Shaded with edges
 70
    26
177
     3
291
     0
 70
    58
 90
        2
176
     1
 90
        2
176
     1
 90
        1
176
     1
 90
        2
176
     1
 40
0.6
176
     1
 40
30.0
176
     1
 62
     7
420
 16777215
176
     1
 90
        1
176
     1
 90
        2
176
     1
 62
     7
176
     1
 62
   257
176
     1
 90
        2
176
     1
 90
        1
176
     1
 40
1.0
176
     1
 90
        8
176
     1
 62
   257
176
     1
 40
1.0
176
     1
 90
        1
176
     1
 90
        6
176
     1
 90
        2
176
     1
 62
     7
176
     1
 90
        3
176
     1
 90
        0
176
     1
 90
        0
176
     1
290
     0
176
     1
 90
        5
176
     1
 40
0.0
176
     1
 90
        0
176
     1
290
     0
176
     1
290
     1
176
     1
290
     1
176
     1
290
     0
176
     1
290
     0
176
     1
290
     0
176
     1
290
     0
176
     1
290
     0
176
     1
290
     0
176
     1
 90
       50
176
     1
 40
0.0
176
     1
 40
1.0
176
     1
 90
        0
176
     1
 62
    18
420
        0
176
     1
 90
       50
176
     1
 90
        3
176
     1
 62
     5
420
      255
176
     1
290
     0
176
     1
 90
       50
176
     1
 90
       50
176
     1
 90
       50
176
     1
290
     0
176
     1
 90
       50
176
     1
 62
   256
176
     0
 40
1.0
176
     0
 90
        2
176
     1
  1
strokes_ogs.tif
176
     1
290
     0
176
     1
 40
1.0
176
     1
 40
1.0
176
     1
  0
VISUALSTYLE
  5
3A
102
{ACAD_REACTORS
330
29
102
}
330
29
100
AcDbVisualStyle
  2
Shades of Gray
 70
    23
177
     3
291
     0
 70
    58
 90
        2
176
     1
 90
        2
176
     1
 90
        3
176
     1
 90
        0
176
     1
 40
0.6
176
     1
 40
30.0
176
     1
 62
     7
420
 16777215
176
     1
 90
        2
176
     1
 90
        2
176
     1
 62
     7
176
     1
 62
     7
176
     1
 90
        1
176
     1
 90
        1
176
     1
 40
40.0
176
     1
 90
        8
176
     1
 62
     7
176
     1
 40
1.0
176
     1
 90
        1
176
     1
 90
        6
176
     1
 90
        2
176
     1
 62
     7
176
     1
 90
        3
176
     1
 90
        0
176
     1
 90
        0
176
     1
290
     0
176
     1
 90
        1
176
     1
 40
0.0
176
     1
 90
        0
176
     1
290
     0
176
     1
290
     1
176
     1
290
     1
176
     1
290
     0
176
     1
290
     0
176
     1
290
     0
176
     1
290
     0
176
     1
290
     0
176
     1
290
     0
176
     1
 90
       50
176
     1
 40
0.0
176
     1
 40
1.0
176
     1
 90
        0
176
     1
 62
    18
420
        0
176
     1
 90
       50
176
     1
 90
        3
176
     1
 62
     5
420
      255
176
     1
290
     0
176
     1
 90
       50
176
     1
 90
       50
176
     1
 90
       50
176
     1
290
     0
176
     1
 90
       50
176
     1
 62
   256
176
     0
 40
1.0
176
     0
 90
        2
176
     1
  1
strokes_ogs.tif
176
     1
290
     0
176
     1
 40
1.0
176
     1
 40
1.0
176
     1
  0
VISUALSTYLE
  5
3B
102
{ACAD_REACTORS
330
29
102
}
330
29
100
AcDbVisualStyle
  2
Sketchy
 70
    24
177
     3
291
     0
 70
    58
 90
        1
176
     1
 90
        2
176
     1
 90
        2
176
     1
 90
        0
176
     1
 40
0.6
176
     1
 40
30.0
176
     1
 62
     7
420
 16777215
176
     1
 90
        2
176
     1
 90
        2
176
     1
 62
     7
176
     1
 62
     7
176
     1
 90
        1
176
     1
 90
        1
176
     1
 40
40.0
176
     1
 90
       11
176
     1
 62
     7
176
     1
 40
1.0
176
     1
 90
        1
176
     1
 90
        6
176
     1
 90
        2
176
     1
 62
     7
176
     1
 90
        6
176
     1
 90
        0
176
     1
 90
        0
176
     1
290
     0
176
     1
 90
        1
176
     1
 40
0.0
176
     1
 90
        0
176
     1
290
     0
176
     1
290
     1
176
     1
290
     1
176
     1
290
     0
176
     1
290
     0
176
     1
290
     0
176
     1
290
     0
176
     1
290
     0
176
     1
290
     0
176
     1
 90
       50
176
     1
 40
0.0
176
     1
 40
1.0
176
     1
 90
        0
176
     1
 62
    18
420
        0
176
     1
 90
       50
176
     1
 90
        3
176
     1
 62
     5
420
      255
176
     1
290
     0
176
     1
 90
       50
176
     1
 90
       50
176
     1
 90
       50
176
     1
290
     0
176
     1
 90
       50
176
     1
 62
   256
176
     0
 40
1.0
176
     0
 90
        2
176
     1
  1
strokes_ogs.tif
176
     1
290
     0
176
     1
 40
1.0
176
     1
 40
1.0
176
     1
  0
VISUALSTYLE
  5
36
102
{ACAD_REACTORS
330
29
102
}
330
29
100
AcDbVisualStyle
  2
Thicken
 70
    13
177
     3
291
     1
 70
    58
 90
        2
176
     1
 90
        2
176
     1
 90
        0
176
     1
 90
        0
176
     1
 40
0.6
176
     1
 40
30.0
176
     1
 62
     7
420
 16777215
176
     1
 90
        1
176
     1
 90
        4
176
     1
 62
     7
176
     1
 62
   257
176
     1
 90
        1
176
     1
 90
        1
176
     1
 40
1.0
176
     1
 90
       12
176
     1
 62
     7
176
     1
 40
1.0
176
     1
 90
        1
176
     1
 90
        6
176
     1
 90
        2
176
     1
 62
     7
176
     1
 90
        5
176
     1
 90
        0
176
     1
 90
        0
176
     1
290
     0
176
     1
 90
        1
176
     1
 40
0.0
176
     1
 90
        0
176
     1
290
     0
176
     1
290
     1
176
     1
290
     1
176
     1
290
     0
176
     1
290
     0
176
     1
290
     0
176
     1
290
     0
176
     1
290
     0
176
     1
290
     0
176
     1
 90
       50
176
     1
 40
0.0
176
     1
 40
1.0
176
     1
 90
        0
176
     1
 62
    18
420
        0
176
     1
 90
       50
176
     1
 90
        3
176
     1
 62
     5
420
      255
176
     1
290
     0
176
     1
 90
       50
176
     1
 90
       50
176
     1
 90
       50
176
     1
290
     0
176
     1
 90
       50
176
     1
 62
   256
176
     0
 40
1.0
176
     0
 90
        2
176
     1
  1
strokes_ogs.tif
176
     1
290
     0
176
     1
 40
1.0
176
     1
 40
1.0
176
     1
  0
VISUALSTYLE
  5
30
102
{ACAD_REACTORS
330
29
102
}
330
29
100
AcDbVisualStyle
  2
Wireframe
 70
     5
177
     3
291
     0
 70
    58
 90
        0
176
     1
 90
        2
176
     1
 90
        0
176
     1
 90
        0
176
     1
 40
0.6
176
     1
 40
30.0
176
     1
 62
     7
420
 16777215
176
     1
 90
        1
176
     1
 90
        4
176
     1
 62
     7
176
     1
 62
   257
176
     1
 90
        1
176
     1
 90
        1
176
     1
 40
1.0
176
     1
 90
        0
176
     1
 62
   257
176
     1
 40
1.0
176
     1
 90
        1
176
     1
 90
        6
176
     1
 90
        2
176
     1
 62
     7
176
     1
 90
        3
176
     1
 90
        0
176
     1
 90
        0
176
     1
290
     0
176
     1
 90
        1
176
     1
 40
0.0
176
     1
 90
        0
176
     1
290
     0
176
     1
290
     1
176
     1
290
     1
176
     1
290
     0
176
     1
290
     0
176
     1
290
     0
176
     1
290
     0
176
     1
290
     0
176
     1
290
     0
176
     1
 90
       50
176
     1
 40
0.0
176
     1
 40
1.0
176
     1
 90
        0
176
     1
 62
    18
420
        0
176
     1
 90
       50
176
     1
 90
        3
176
     1
 62
     5
420
      255
176
     1
290
     0
176
     1
 90
       50
176
     1
 90
       50
176
     1
 90
       50
176
     1
290
     0
176
     1
 90
       50
176
     1
 62
   256
176
     0
 40
1.0
176
     0
 90
        2
176
     1
  1
strokes_ogs.tif
176
     1
290
     0
176
     1
 40
1.0
176
     1
 40
1.0
176
     1
  0
VISUALSTYLE
  5
3C
102
{ACAD_REACTORS
330
29
102
}
330
29
100
AcDbVisualStyle
  2
X-Ray
 70
    25
177
     3
291
     0
 70
    58
 90
        2
176
     1
 90
        2
176
     1
 90
        1
176
     1
 90
        1
176
     1
 40
0.5
176
     1
 40
30.0
176
     1
 62
     7
420
 16777215
176
     1
 90
        1
176
     1
 90
        0
176
     1
 62
     7
176
     1
 62
   257
176
     1
 90
        1
176
     1
 90
        1
176
     1
 40
1.0
176
     1
 90
        8
176
     1
 62
     7
176
     1
 40
1.0
176
     1
 90
        1
176
     1
 90
        6
176
     1
 90
        2
176
     1
 62
     7
176
     1
 90
        3
176
     1
 90
        0
176
     1
 90
        0
176
     1
290
     0
176
     1
 90
       13
176
     1
 40
0.0
176
     1
 90
        0
176
     1
290
     0
176
     1
290
     1
176
     1
290
     1
176
     1
290
     0
176
     1
290
     0
176
     1
290
     0
176
     1
290
     0
176
     1
290
     0
176
     1
290
     0
176
     1
 90
       50
176
     1
 40
0.0
176
     1
 40
1.0
176
     1
 90
        0
176
     1
 62
    18
420
        0
176
     1
 90
       50
176
     1
 90
        3
176
     1
 62
     5
420
      255
176
     1
290
     0
176
     1
 90
       50
176
     1
 90
       50
176
     1
 90
       50
176
     1
290
     0
176
     1
 90
       50
176
     1
 62
   256
176
     0
 40
1.0
176
     0
 90
        2
176
     1
  1
strokes_ogs.tif
176
     1
290
     0
176
     1
 40
1.0
176
     1
 40
1.0
176
     1
  0
DICTIONARYVAR
  5
28A
102
{ACAD_REACTORS
330
285
102
}
330
285
100
DictionaryVariables
280
     0
  1
1:1
  0
DICTIONARYVAR
  5
287
102
{ACAD_REACTORS
330
285
102
}
330
285
100
DictionaryVariables
280
     0
  1
STANDARD
  0
DICTIONARYVAR
  5
286
102
{ACAD_REACTORS
330
285
102
}
330
285
100
DictionaryVariables
280
     0
  1
STANDARD
  0
DICTIONARYVAR
  5
288
102
{ACAD_REACTORS
330
285
102
}
330
285
100
DictionaryVariables
280
     0
  1
Imperial24
  0
DICTIONARYVAR
  5
289
102
{ACAD_REACTORS
330
285
102
}
330
285
100
DictionaryVariables
280
     0
  1
Imperial24
  0
XRECORD
  5
281
102
{ACAD_REACTORS
330
27D
102
}
330
27D
100
AcDbXrecord
280
     1
  1
BUILDING_ID
  1
sobrado à Praça Osvaldo Cruz, n
  1
FLOOR_ID
  1
23055995
  0
XRECORD
  5
27F
102
{ACAD_REACTORS
330
27D
102
}
330
27D
100
AcDbXrecord
280
     1
  1
-2000011
  1
Paredes
  1
-2000051
  1
Linhas
  1
-2000280
  1
Blocos de margens e carimbo
  0
XRECORD
  5
280
102
{ACAD_REACTORS
330
27D
102
}
330
27D
100
AcDbXrecord
280
     1
  1
-2000042
  1
<Linhas finas>
  1
-2000044
  1
<Linhas grossas>
  1
-2000281
  1
<Linhas finas>
  1
-2000588
  1
Padrão de corte
  0
XRECORD
  5
27E
102
{ACAD_REACTORS
330
27D
102
}
330
27D
100
AcDbXrecord
280
     1
  1
22476260
  1
Parede básica : 50 : 50
  1
22542561
  1
Parede básica : 30 : 30
  1
22554474
  1
Parede básica : 20 : 20
  1
23055967
  1
SVG : A4
  1
3324767
  1
Parede básica : 00_PAREDE_GENERICA_15_CM : 00_PAREDE_GENERICA_15_CM
  0
DICTIONARY
  5
1A
330
19
100
AcDbDictionary
280
     1
281
     1
  3
BUMPTILE
360
1C
  3
DIFFUSETILE
360
1B
  3
OPACITYTILE
360
1F
  3
REFLECTIONTILE
360
1E
  3
REFRACTIONTILE
360
20
  3
SPECULARTILE
360
1D
  0
DICTIONARY
  5
12
330
11
100
AcDbDictionary
280
     1
281
     1
  3
BUMPTILE
360
14
  3
DIFFUSETILE
360
13
  3
OPACITYTILE
360
17
  3
REFLECTIONTILE
360
16
  3
REFRACTIONTILE
360
18
  3
SPECULARTILE
360
15
  0
DICTIONARY
  5
22
330
21
100
AcDbDictionary
280
     1
281
     1
  3
BUMPTILE
360
24
  3
DIFFUSETILE
360
23
  3
OPACITYTILE
360
27
  3
REFLECTIONTILE
360
26
  3
REFRACTIONTILE
360
28
  3
SPECULARTILE
360
25
  0
DICTIONARY
  5
391
330
65
100
AcDbDictionary
280
     1
281
     1
  3
ACAD_ROUNDTRIP_2008_TABLESTYLE_CELLSTYLEMAP
360
392
  0
XRECORD
  5
1C
102
{ACAD_REACTORS
330
1A
102
}
330
1A
100
AcDbXrecord
280
     1
270
     1
271
     1
  0
XRECORD
  5
1B
102
{ACAD_REACTORS
330
1A
102
}
330
1A
100
AcDbXrecord
280
     1
270
     1
271
     1
  0
XRECORD
  5
1F
102
{ACAD_REACTORS
330
1A
102
}
330
1A
100
AcDbXrecord
280
     1
270
     1
271
     1
  0
XRECORD
  5
1E
102
{ACAD_REACTORS
330
1A
102
}
330
1A
100
AcDbXrecord
280
     1
270
     1
271
     1
  0
XRECORD
  5
20
102
{ACAD_REACTORS
330
1A
102
}
330
1A
100
AcDbXrecord
280
     1
270
     1
271
     1
  0
XRECORD
  5
1D
102
{ACAD_REACTORS
330
1A
102
}
330
1A
100
AcDbXrecord
280
     1
270
     1
271
     1
  0
XRECORD
  5
14
102
{ACAD_REACTORS
330
12
102
}
330
12
100
AcDbXrecord
280
     1
270
     1
271
     1
  0
XRECORD
  5
13
102
{ACAD_REACTORS
330
12
102
}
330
12
100
AcDbXrecord
280
     1
270
     1
271
     1
  0
XRECORD
  5
17
102
{ACAD_REACTORS
330
12
102
}
330
12
100
AcDbXrecord
280
     1
270
     1
271
     1
  0
XRECORD
  5
16
102
{ACAD_REACTORS
330
12
102
}
330
12
100
AcDbXrecord
280
     1
270
     1
271
     1
  0
XRECORD
  5
18
102
{ACAD_REACTORS
330
12
102
}
330
12
100
AcDbXrecord
280
     1
270
     1
271
     1
  0
XRECORD
  5
15
102
{ACAD_REACTORS
330
12
102
}
330
12
100
AcDbXrecord
280
     1
270
     1
271
     1
  0
XRECORD
  5
24
102
{ACAD_REACTORS
330
22
102
}
330
22
100
AcDbXrecord
280
     1
270
     1
271
     1
  0
XRECORD
  5
23
102
{ACAD_REACTORS
330
22
102
}
330
22
100
AcDbXrecord
280
     1
270
     1
271
     1
  0
XRECORD
  5
27
102
{ACAD_REACTORS
330
22
102
}
330
22
100
AcDbXrecord
280
     1
270
     1
271
     1
  0
XRECORD
  5
26
102
{ACAD_REACTORS
330
22
102
}
330
22
100
AcDbXrecord
280
     1
270
     1
271
     1
  0
XRECORD
  5
28
102
{ACAD_REACTORS
330
22
102
}
330
22
100
AcDbXrecord
280
     1
270
     1
271
     1
  0
XRECORD
  5
25
102
{ACAD_REACTORS
330
22
102
}
330
22
100
AcDbXrecord
280
     1
270
     1
271
     1
  0
CELLSTYLEMAP
  5
392
102
{ACAD_REACTORS
330
391
102
}
330
391
100
AcDbCellStyleMap
 90
        3
300
CELLSTYLE
  1
TABLEFORMAT_BEGIN
 90
        5
170
     1
 91
        0
 92
    32768
 62
   257
 93
        1
300
CONTENTFORMAT
  1
CONTENTFORMAT_BEGIN
 90
        0
 91
        0
 92
      512
 93
        0
300

 40
0.0
140
1.0
 94
        5
 62
     0
340
55
144
0.25
309
CONTENTFORMAT_END
171
     0
 94
        0
309
TABLEFORMAT_END
  1
CELLSTYLE_BEGIN
 90
        1
 91
        1
300
_TITLE
309
CELLSTYLE_END
300
CELLSTYLE
  1
TABLEFORMAT_BEGIN
 90
        5
170
     1
 91
        0
 92
        0
 62
   257
 93
        1
300
CONTENTFORMAT
  1
CONTENTFORMAT_BEGIN
 90
        0
 91
        0
 92
      512
 93
        0
300

 40
0.0
140
1.0
 94
        5
 62
     0
340
55
144
0.18
309
CONTENTFORMAT_END
171
     0
 94
        0
309
TABLEFORMAT_END
  1
CELLSTYLE_BEGIN
 90
        2
 91
        1
300
_HEADER
309
CELLSTYLE_END
300
CELLSTYLE
  1
TABLEFORMAT_BEGIN
 90
        5
170
     1
 91
        0
 92
        0
 62
   257
 93
        1
300
CONTENTFORMAT
  1
CONTENTFORMAT_BEGIN
 90
        0
 91
        0
 92
      512
 93
        0
300

 40
0.0
140
1.0
 94
        2
 62
     0
340
55
144
0.18
309
CONTENTFORMAT_END
171
     0
 94
        0
309
TABLEFORMAT_END
  1
CELLSTYLE_BEGIN
 90
        3
 91
        2
300
_DATA
309
CELLSTYLE_END
  0
ENDSEC
  0
SECTION
  2
ACDSDATA
 70
     2
 71
     8
  0
ACDSSCHEMA
 90
        0
  1
AcDb_Thumbnail_Schema
  2
AcDbDs::ID
280
    10
 91
        8
  2
Thumbnail_Data
280
    15
 91
        0
101
ACDSRECORD
 95
        0
 90
        1
  2
AcDbDs::TreatedAsObjectData
280
     1
291
     1
101
ACDSRECORD
 95
        0
 90
        2
  2
AcDbDs::Legacy
280
     1
291
     1
101
ACDSRECORD
  1
AcDbDs::ID
 90
        3
  2
AcDs:Indexable
280
     1
291
     1
101
ACDSRECORD
  1
AcDbDs::ID
 90
        4
  2
AcDbDs::HandleAttribute
280
     7
282
     1
  0
ACDSSCHEMA
 90
        1
  1
AcDbDs::TreatedAsObjectDataSchema
  2
AcDbDs::TreatedAsObjectData
280
     1
 91
        0
  0
ACDSSCHEMA
 90
        2
  1
AcDbDs::LegacySchema
  2
AcDbDs::Legacy
280
     1
 91
        0
  0
ACDSSCHEMA
 90
        3
  1
AcDbDs::IndexedPropertySchema
  2
AcDs:Indexable
280
     1
 91
        0
  0
ACDSSCHEMA
 90
        4
  1
AcDbDs::HandleAttributeSchema
  2
AcDbDs::HandleAttribute
280
     7
 91
        1
284
     1
  0
ACDSRECORD
 90
        0
  2
AcDbDs::ID
280
    10
320
6F
  2
Thumbnail_Data
280
    15
 94
     1432
310
89504E470D0A1A0A0000000D4948445200000100000000B5080300000087DCD12600000300504C5445FFFFFFFFFFFFFFFFFF0000000000000000000000000000000000000000000000000000330000660000990000CC0000FF0033000033330033660033990033CC0033FF0066000066330066660066990066CC0066FF0099
310
000099330099660099990099CC0099FF00CC0000CC3300CC6600CC9900CCCC00CCFF00FF0000FF3300FF6600FF9900FFCC00FFFF3300003300333300663300993300CC3300FF3333003333333333663333993333CC3333FF3366003366333366663366993366CC3366FF3399003399333399663399993399CC3399FF33CC00
310
33CC3333CC6633CC9933CCCC33CCFF33FF0033FF3333FF6633FF9933FFCC33FFFF6600006600336600666600996600CC6600FF6633006633336633666633996633CC6633FF6666006666336666666666996666CC6666FF6699006699336699666699996699CC6699FF66CC0066CC3366CC6666CC9966CCCC66CCFF66FF0066
310
FF3366FF6666FF9966FFCC66FFFF9900009900339900669900999900CC9900FF9933009933339933669933999933CC9933FF9966009966339966669966999966CC9966FF9999009999339999669999999999CC9999FF99CC0099CC3399CC6699CC9999CCCC99CCFF99FF0099FF3399FF6699FF9999FFCC99FFFFCC0000CC00
310
33CC0066CC0099CC00CCCC00FFCC3300CC3333CC3366CC3399CC33CCCC33FFCC6600CC6633CC6666CC6699CC66CCCC66FFCC9900CC9933CC9966CC9999CC99CCCC99FFCCCC00CCCC33CCCC66CCCC99CCCCCCCCCCFFCCFF00CCFF33CCFF66CCFF99CCFFCCCCFFFFFF0000FF0033FF0066FF0099FF00CCFF00FFFF3300FF3333
310
FF3366FF3399FF33CCFF33FFFF6600FF6633FF6666FF6699FF66CCFF66FFFF9900FF9933FF9966FF9999FF99CCFF99FFFFCC00FFCC33FFCC66FFCC99FFCCCCFFCCFFFFFF00FFFF33FFFF66FFFF99FFFFCCFFFFFF0000000D0D0D1A1A1A2828283535354343435050505D5D5D6B6B6B787878868686939393A1A1A1AEAEAEBB
310
BBBBC9C9C9D6D6D6E4E4E4F1F1F1FFFFFF000000000000000000000000000000000000000000000000000000000000AD4AB4E4000002534944415478DAEDDDFF6D83301086610F797B78B0AE9229FC67C4108D7F6187006D23B5A8F7BDD7C8852254F909E1303A9C102F8E94EEF7942E6B9710C3A571F1BF0F000000000000
310
000000000000000000000000C0417CBC1D5E00528BF52E4E8FAF7674037003607703000088034400000000000000E03A0000000000802C000000000000006910000000000000D2200000000000008E014C1BC02CBFD4AE0346D4BE9B6491D45419255B24F5D46900D40114B380890398FA85903A80058E0000C802DA005C08
310
01200AB03F1A4CA7F3C3243700968E00ACF435B7B636A5357305308EFCED3D000BFDF6D0E3F79A24EB920440303BDC4F03E024000000000000F006F0930000000000200B0000000000000000000070250800000000401600000000000000807F0E60765214E11FA076DE4EBF3FCB25C06632E538ED19474F626FF351E20AE0
310
D663003CBDE371EE4F2C35C5E61AE065C7F9D8AF35D5E9E6F7236025627DB552C1BCD29A2A911C8F062D587B80742D122C2BADF13F1C060000000000401A601BE9F1339AE41EE065DCB7094180BD3587A3C1F9DD7EFECA1D0D807A2B4014A08FF24CF523D04FFF411B40F824080000DF00305D809225F358607EBA560C604C
310
32D69754CF01355B5A1006A804D200D2691000000000000000000000000064000E580000000000C802000000801B80C30725F2E6ED849A0E014675C0A804AB4BF93992B5E3E6704ED1521162AF13C8F6A66DAC5BDB92A75965A719746B35FC7629EDFDCD11C0DBE104E0170300000000000000000000000000000000000000
310
000000FE1CE0E2B85F1B4B58C4E3138DF12F54939DA8BB0000000049454E44AE426082
  0
ACDSRECORD
 90
        0
  2
AcDbDs::ID
280
    10
320
73
  2
Thumbnail_Data
280
    15
 94
     1096
310
89504E470D0A1A0A0000000D494844520000010000000065080300000095E2CD0900000300504C5445FFFFFFFFFFFFFFFFFF0000000000000000000000000000000000000000000000000000330000660000990000CC0000FF0033000033330033660033990033CC0033FF0066000066330066660066990066CC0066FF0099
310
000099330099660099990099CC0099FF00CC0000CC3300CC6600CC9900CCCC00CCFF00FF0000FF3300FF6600FF9900FFCC00FFFF3300003300333300663300993300CC3300FF3333003333333333663333993333CC3333FF3366003366333366663366993366CC3366FF3399003399333399663399993399CC3399FF33CC00
310
33CC3333CC6633CC9933CCCC33CCFF33FF0033FF3333FF6633FF9933FFCC33FFFF6600006600336600666600996600CC6600FF6633006633336633666633996633CC6633FF6666006666336666666666996666CC6666FF6699006699336699666699996699CC6699FF66CC0066CC3366CC6666CC9966CCCC66CCFF66FF0066
310
FF3366FF6666FF9966FFCC66FFFF9900009900339900669900999900CC9900FF9933009933339933669933999933CC9933FF9966009966339966669966999966CC9966FF9999009999339999669999999999CC9999FF99CC0099CC3399CC6699CC9999CCCC99CCFF99FF0099FF3399FF6699FF9999FFCC99FFFFCC0000CC00
310
33CC0066CC0099CC00CCCC00FFCC3300CC3333CC3366CC3399CC33CCCC33FFCC6600CC6633CC6666CC6699CC66CCCC66FFCC9900CC9933CC9966CC9999CC99CCCC99FFCCCC00CCCC33CCCC66CCCC99CCCCCCCCCCFFCCFF00CCFF33CCFF66CCFF99CCFFCCCCFFFFFF0000FF0033FF0066FF0099FF00CCFF00FFFF3300FF3333
310
FF3366FF3399FF33CCFF33FFFF6600FF6633FF6666FF6699FF66CCFF66FFFF9900FF9933FF9966FF9999FF99CCFF99FFFFCC00FFCC33FFCC66FFCC99FFCCCCFFCCFFFFFF00FFFF33FFFF66FFFF99FFFFCCFFFFFF0000000D0D0D1A1A1A2828283535354343435050505D5D5D6B6B6B787878868686939393A1A1A1AEAEAEBB
310
BBBBC9C9C9D6D6D6E4E4E4F1F1F1FFFFFF000000000000000000000000000000000000000000000000000000000000AD4AB4E4000000DA4944415478DAEDDAC11182300000C1F45F9B5550898EA012CCD7F1717B2F465EEC10482263489224499224E97F6DA70034013E870000000000000000000000000000C072B805F03C
310
E80E81FDDA018401863B0040FC3538BF0F4B2F4500FBC52F4E0000D001589E006008000000C0431080210000406139FCBD14EE00DC1EBDF7038E87627043E47A0B6CB5D7E0BC31149C0700B83E05A333C124C0F4083C7EAC4D842ED39FF210C80364E701F3D2A0F6CFD06A090400000000007A00C31D002008F0DA183E7D2F
310
54DF156E7D3A1DBF7C49922449922449FA7177FD5ED56093C366FF0000000049454E44AE42608206A0AE37A1DD81CBE4244992244992244992BEAF1F9FD97C4337BD17C70000000049454E44AE426082
  0
ENDSEC
  0
EOF
