  0
SECTION
  2
HEADER
  9
$ACADVER
  1
AC1032
  9
$ACADMAINTVER
 90
      204
  9
$DWGCODEPAGE
  3
ANSI_1252
  9
$LASTSAVEDBY
  1
duda-
  9
$REQUIREDVERSIONS
160
                 0
  9
$INSBASE
 10
0.0
 20
0.0
 30
0.0
  9
$EXTMIN
 10
20708.60206312669
 20
-13316.04947473281
 30
0.0
  9
$EXTMAX
 10
34064.22136926571
 20
-7401.934384432744
 30
0.0
  9
$LIMMIN
 10
0.0
 20
0.0
  9
$LIMMAX
 10
12.0
 20
9.0
  9
$ORTHOMODE
 70
     0
  9
$REGENMODE
 70
     1
  9
$FILLMODE
 70
     1
  9
$QTEXTMODE
 70
     0
  9
$MIRRTEXT
 70
     0
  9
$LTSCALE
 40
1.0
  9
$ATTMODE
 70
     1
  9
$TEXTSIZE
 40
0.2
  9
$TRACEWID
 40
0.05
  9
$TEXTSTYLE
  7
Standard
  9
$CLAYER
  8
0
  9
$CELTYPE
  6
ByLayer
  9
$CECOLOR
 62
   256
  9
$CELTSCALE
 40
1.0
  9
$DISPSILH
 70
     0
  9
$DIMSCALE
 40
1.0
  9
$DIMASZ
 40
0.18
  9
$DIMEXO
 40
0.0625
  9
$DIMDLI
 40
0.38
  9
$DIMRND
 40
0.0
  9
$DIMDLE
 40
0.0
  9
$DIMEXE
 40
0.18
  9
$DIMTP
 40
0.0
  9
$DIMTM
 40
0.0
  9
$DIMTXT
 40
0.18
  9
$DIMCEN
 40
0.09
  9
$DIMTSZ
 40
0.0
  9
$DIMTOL
 70
     0
  9
$DIMLIM
 70
     0
  9
$DIMTIH
 70
     1
  9
$DIMTOH
 70
     1
  9
$DIMSE1
 70
     0
  9
$DIMSE2
 70
     0
  9
$DIMTAD
 70
     0
  9
$DIMZIN
 70
     0
  9
$DIMBLK
  1

  9
$DIMASO
 70
     1
  9
$DIMSHO
 70
     1
  9
$DIMPOST
  1

  9
$DIMAPOST
  1

  9
$DIMALT
 70
     0
  9
$DIMALTD
 70
     2
  9
$DIMALTF
 40
25.4
  9
$DIMLFAC
 40
1.0
  9
$DIMTOFL
 70
     0
  9
$DIMTVP
 40
0.0
  9
$DIMTIX
 70
     0
  9
$DIMSOXD
 70
     0
  9
$DIMSAH
 70
     0
  9
$DIMBLK1
  1

  9
$DIMBLK2
  1

  9
$DIMSTYLE
  2
Standard
  9
$DIMCLRD
 70
     0
  9
$DIMCLRE
 70
     0
  9
$DIMCLRT
 70
     0
  9
$DIMTFAC
 40
1.0
  9
$DIMGAP
 40
0.09
  9
$DIMJUST
 70
     0
  9
$DIMSD1
 70
     0
  9
$DIMSD2
 70
     0
  9
$DIMTOLJ
 70
     1
  9
$DIMTZIN
 70
     0
  9
$DIMALTZ
 70
     0
  9
$DIMALTTZ
 70
     0
  9
$DIMUPT
 70
     0
  9
$DIMDEC
 70
     4
  9
$DIMTDEC
 70
     4
  9
$DIMALTU
 70
     2
  9
$DIMALTTD
 70
     2
  9
$DIMTXSTY
  7
Standard
  9
$DIMAUNIT
 70
     0
  9
$DIMADEC
 70
     0
  9
$DIMALTRND
 40
0.0
  9
$DIMAZIN
 70
     0
  9
$DIMDSEP
 70
    46
  9
$DIMATFIT
 70
     3
  9
$DIMFRAC
 70
     0
  9
$DIMLDRBLK
  1

  9
$DIMLUNIT
 70
     2
  9
$DIMLWD
 70
    -2
  9
$DIMLWE
 70
    -2
  9
$DIMTMOVE
 70
     0
  9
$DIMFXL
 40
1.0
  9
$DIMFXLON
 70
     0
  9
$DIMJOGANG
 40
0.7853981633974483
  9
$DIMTFILL
 70
     0
  9
$DIMTFILLCLR
 70
     0
  9
$DIMARCSYM
 70
     0
  9
$DIMLTYPE
  6

  9
$DIMLTEX1
  6

  9
$DIMLTEX2
  6

  9
$DIMTXTDIRECTION
 70
     0
  9
$LUNITS
 70
     2
  9
$LUPREC
 70
     4
  9
$SKETCHINC
 40
0.1
  9
$FILLETRAD
 40
0.0
  9
$AUNITS
 70
     0
  9
$AUPREC
 70
     0
  9
$MENU
  1
.
  9
$ELEVATION
 40
0.0
  9
$PELEVATION
 40
0.0
  9
$THICKNESS
 40
0.0
  9
$LIMCHECK
 70
     0
  9
$CHAMFERA
 40
0.0
  9
$CHAMFERB
 40
0.0
  9
$CHAMFERC
 40
0.0
  9
$CHAMFERD
 40
0.0
  9
$SKPOLY
 70
     0
  9
$TDCREATE
 40
2460730.658993055
  9
$TDUCREATE
 40
2460730.783993056
  9
$TDUPDATE
 40
2460739.044293982
  9
$TDUUPDATE
 40
2460739.169293982
  9
$TDINDWG
 40
0.0081944444
  9
$TDUSRTIMER
 40
0.0081944444
  9
$USRTIMER
 70
     1
  9
$ANGBASE
 50
0.0
  9
$ANGDIR
 70
     0
  9
$PDMODE
 70
     0
  9
$PDSIZE
 40
0.0
  9
$PLINEWID
 40
0.0
  9
$SPLFRAME
 70
     0
  9
$SPLINETYPE
 70
     6
  9
$SPLINESEGS
 70
     8
  9
$HANDSEED
  5
65D
  9
$SURFTAB1
 70
     6
  9
$SURFTAB2
 70
     6
  9
$SURFTYPE
 70
     6
  9
$SURFU
 70
     6
  9
$SURFV
 70
     6
  9
$UCSBASE
  2

  9
$UCSNAME
  2

  9
$UCSORG
 10
0.0
 20
0.0
 30
0.0
  9
$UCSXDIR
 10
1.0
 20
0.0
 30
0.0
  9
$UCSYDIR
 10
0.0
 20
1.0
 30
0.0
  9
$UCSORTHOREF
  2

  9
$UCSORTHOVIEW
 70
     0
  9
$UCSORGTOP
 10
0.0
 20
0.0
 30
0.0
  9
$UCSORGBOTTOM
 10
0.0
 20
0.0
 30
0.0
  9
$UCSORGLEFT
 10
0.0
 20
0.0
 30
0.0
  9
$UCSORGRIGHT
 10
0.0
 20
0.0
 30
0.0
  9
$UCSORGFRONT
 10
0.0
 20
0.0
 30
0.0
  9
$UCSORGBACK
 10
0.0
 20
0.0
 30
0.0
  9
$PUCSBASE
  2

  9
$PUCSNAME
  2

  9
$PUCSORG
 10
0.0
 20
0.0
 30
0.0
  9
$PUCSXDIR
 10
1.0
 20
0.0
 30
0.0
  9
$PUCSYDIR
 10
0.0
 20
1.0
 30
0.0
  9
$PUCSORTHOREF
  2

  9
$PUCSORTHOVIEW
 70
     0
  9
$PUCSORGTOP
 10
0.0
 20
0.0
 30
0.0
  9
$PUCSORGBOTTOM
 10
0.0
 20
0.0
 30
0.0
  9
$PUCSORGLEFT
 10
0.0
 20
0.0
 30
0.0
  9
$PUCSORGRIGHT
 10
0.0
 20
0.0
 30
0.0
  9
$PUCSORGFRONT
 10
0.0
 20
0.0
 30
0.0
  9
$PUCSORGBACK
 10
0.0
 20
0.0
 30
0.0
  9
$USERI1
 70
     0
  9
$USERI2
 70
     0
  9
$USERI3
 70
     0
  9
$USERI4
 70
     0
  9
$USERI5
 70
     0
  9
$USERR1
 40
0.0
  9
$USERR2
 40
0.0
  9
$USERR3
 40
0.0
  9
$USERR4
 40
0.0
  9
$USERR5
 40
0.0
  9
$WORLDVIEW
 70
     1
  9
$SHADEDGE
 70
     3
  9
$SHADEDIF
 70
    70
  9
$TILEMODE
 70
     1
  9
$MAXACTVP
 70
    64
  9
$PINSBASE
 10
0.0
 20
0.0
 30
0.0
  9
$PLIMCHECK
 70
     0
  9
$PEXTMIN
 10
20.76884200533789
 20
102.9849099062627
 30
-0.0015258207003583
  9
$PEXTMAX
 10
317.8025497169167
 20
313.0095527307103
 30
0.0000000349246037
  9
$PLIMMIN
 10
20.76884200533789
 20
102.9849099062627
  9
$PLIMMAX
 10
317.9612673821897
 20
313.1209682535316
  9
$UNITMODE
 70
     0
  9
$VISRETAIN
 70
     1
  9
$PLINEGEN
 70
     0
  9
$PSLTSCALE
 70
     0
  9
$TREEDEPTH
 70
  3020
  9
$CMLSTYLE
  2
Standard
  9
$CMLJUST
 70
     0
  9
$CMLSCALE
 40
1.0
  9
$PROXYGRAPHICS
 70
     1
  9
$MEASUREMENT
 70
     1
  9
$CELWEIGHT
370
    -1
  9
$ENDCAPS
280
     0
  9
$JOINSTYLE
280
     0
  9
$LWDISPLAY
290
     0
  9
$INSUNITS
 70
     4
  9
$HYPERLINKBASE
  1

  9
$STYLESHEET
  1

  9
$XEDIT
290
     1
  9
$CEPSNTYPE
380
     0
  9
$PSTYLEMODE
290
     1
  9
$FINGERPRINTGUID
  2
{8C6462A0-9F49-C144-ADD7-068EB1B65364}
  9
$VERSIONGUID
  2
{6C1FC51B-DFF2-FD46-8748-8F1BBF2D8705}
  9
$EXTNAMES
290
     1
  9
$PSVPSCALE
 40
0.0
  9
$OLESTARTUP
290
     0
  9
$SORTENTS
280
   127
  9
$INDEXCTL
280
     0
  9
$HIDETEXT
280
     1
  9
$XCLIPFRAME
280
     2
  9
$HALOGAP
280
     0
  9
$OBSCOLOR
 70
   257
  9
$OBSLTYPE
280
     0
  9
$INTERSECTIONDISPLAY
280
     0
  9
$INTERSECTIONCOLOR
 70
   257
  9
$DIMASSOC
280
     2
  9
$PROJECTNAME
  1

  9
$CAMERADISPLAY
290
     0
  9
$LENSLENGTH
 40
50.0
  9
$CAMERAHEIGHT
 40
0.0
  9
$STEPSPERSEC
 40
2.0
  9
$STEPSIZE
 40
6.0
  9
$3DDWFPREC
 40
2.0
  9
$PSOLWIDTH
 40
0.25
  9
$PSOLHEIGHT
 40
4.0
  9
$LOFTANG1
 40
1.570796326794896
  9
$LOFTANG2
 40
1.570796326794896
  9
$LOFTMAG1
 40
0.0
  9
$LOFTMAG2
 40
0.0
  9
$LOFTPARAM
 70
     7
  9
$LOFTNORMALS
280
     1
  9
$LATITUDE
 40
0.0
  9
$LONGITUDE
 40
0.0
  9
$NORTHDIRECTION
 40
0.0
  9
$TIMEZONE
 70
     0
  9
$LIGHTGLYPHDISPLAY
280
     1
  9
$TILEMODELIGHTSYNCH
280
     1
  9
$CMATERIAL
347
11
  9
$SOLIDHIST
280
     0
  9
$SHOWHIST
280
     1
  9
$DWFFRAME
280
     2
  9
$DGNFRAME
280
     0
  9
$REALWORLDSCALE
290
     1
  9
$INTERFERECOLOR
 62
     1
  9
$INTERFEREOBJVS
345
33
  9
$INTERFEREVPVS
346
30
  9
$CSHADOW
280
     0
  9
$SHADOWPLANELOCATION
 40
0.0
  0
ENDSEC
  0
SECTION
  2
CLASSES
  0
CLASS
  1
ACDBDICTIONARYWDFLT
  2
AcDbDictionaryWithDefault
  3
ObjectDBX Classes
 90
        0
 91
        1
280
     0
281
     0
  0
CLASS
  1
MATERIAL
  2
AcDbMaterial
  3
ObjectDBX Classes
 90
     1153
 91
        3
280
     0
281
     0
  0
CLASS
  1
VISUALSTYLE
  2
AcDbVisualStyle
  3
ObjectDBX Classes
 90
     4095
 91
       24
280
     0
281
     0
  0
CLASS
  1
SCALE
  2
AcDbScale
  3
ObjectDBX Classes
 90
     1153
 91
       17
280
     0
281
     0
  0
CLASS
  1
TABLESTYLE
  2
AcDbTableStyle
  3
ObjectDBX Classes
 90
     4095
 91
        1
280
     0
281
     0
  0
CLASS
  1
MLEADERSTYLE
  2
AcDbMLeaderStyle
  3
ACDB_MLEADERSTYLE_CLASS
 90
     4095
 91
        1
280
     0
281
     0
  0
CLASS
  1
ACDBSECTIONVIEWSTYLE
  2
AcDbSectionViewStyle
  3
ObjectDBX Classes
 90
     1025
 91
        2
280
     0
281
     0
  0
CLASS
  1
ACDBDETAILVIEWSTYLE
  2
AcDbDetailViewStyle
  3
ObjectDBX Classes
 90
     1025
 91
        2
280
     0
281
     0
  0
CLASS
  1
RASTERVARIABLES
  2
AcDbRasterVariables
  3
ISM
 90
        0
 91
        1
280
     0
281
     0
  0
CLASS
  1
DICTIONARYVAR
  2
AcDbDictionaryVar
  3
ObjectDBX Classes
 90
        0
 91
        5
280
     0
281
     0
  0
CLASS
  1
SORTENTSTABLE
  2
AcDbSortentsTable
  3
ObjectDBX Classes
 90
        0
 91
        1
280
     0
281
     0
  0
CLASS
  1
SUN
  2
AcDbSun
  3
SCENEOE
 90
     1153
 91
        1
280
     0
281
     0
  0
CLASS
  1
RAPIDRTRENDERSETTINGS
  2
AcDbRapidRTRenderSettings
  3
ObjectDBX Classes
 90
     1024
 91
        7
280
     0
281
     0
  0
CLASS
  1
CELLSTYLEMAP
  2
AcDbCellStyleMap
  3
ObjectDBX Classes
 90
     1152
 91
        1
280
     0
281
     0
  0
ENDSEC
  0
SECTION
  2
TABLES
  0
TABLE
  2
VPORT
  5
8
330
0
100
AcDbSymbolTable
 70
     1
  0
VPORT
  5
57
330
8
100
AcDbSymbolTableRecord
100
AcDbViewportTableRecord
  2
*Active
 70
     0
 10
0.0
 20
0.0
 11
1.0
 21
1.0
 12
30703.92292511327
 22
-12604.3041231854
 13
0.0
 23
0.0
 14
1.0
 24
1.0
 15
0.0
 25
0.0
 16
0.0
 26
0.0
 36
1.0
 17
0.0
 27
0.0
 37
0.0
 40
24413.67902463728
 41
2.531208499335989
 42
50.0
 43
0.0
 44
0.0
 50
0.0
 51
0.0
 71
     0
 72
  1000
 73
     1
 74
     1
 75
     0
 76
     0
 77
     0
 78
     0
281
     0
 65
     1
110
0.0
120
0.0
130
0.0
111
1.0
121
0.0
131
0.0
112
0.0
122
1.0
132
0.0
 79
     0
146
0.0
348
2F
 60
     3
 61
     5
292
     1
282
     1
141
0.0
142
0.0
 63
   250
421
  3355443
361
4FB
1001
ACAD_NAV_VCDISPLAY
1070
     3
  0
ENDTAB
  0
TABLE
  2
LTYPE
  5
5
330
0
100
AcDbSymbolTable
 70
     1
  0
LTYPE
  5
5B
330
5
100
AcDbSymbolTableRecord
100
AcDbLinetypeTableRecord
  2
ByBlock
 70
     0
  3

 72
    65
 73
     0
 40
0.0
  0
LTYPE
  5
5C
330
5
100
AcDbSymbolTableRecord
100
AcDbLinetypeTableRecord
  2
ByLayer
 70
     0
  3

 72
    65
 73
     0
 40
0.0
  0
LTYPE
  5
5D
330
5
100
AcDbSymbolTableRecord
100
AcDbLinetypeTableRecord
  2
Continuous
 70
     0
  3
Solid line
 72
    65
 73
     0
 40
0.0
  0
ENDTAB
  0
TABLE
  2
LAYER
  5
2
102
{ACAD_XDICTIONARY
360
518
102
}
330
0
100
AcDbSymbolTable
 70
     9
  0
LAYER
  5
54
330
2
100
AcDbSymbolTableRecord
100
AcDbLayerTableRecord
  2
0
 70
     0
 62
   250
  6
Continuous
370
    25
390
F
347
21
348
0
  0
LAYER
  5
81
330
2
100
AcDbSymbolTableRecord
100
AcDbLayerTableRecord
  2
A-COB-___-___-EXI
 70
     0
 62
   250
  6
Continuous
370
    25
390
F
347
21
348
0
  0
LAYER
  5
82
330
2
100
AcDbSymbolTableRecord
100
AcDbLayerTableRecord
  2
A-BAS-___-___-EXI
 70
     0
 62
   250
  6
Continuous
370
    25
390
F
347
21
348
0
  0
LAYER
  5
102
330
2
100
AcDbSymbolTableRecord
100
AcDbLayerTableRecord
  2
A-CDA-___-___-EXI
 70
     0
 62
   250
  6
Continuous
370
    25
390
F
347
21
348
0
  0
LAYER
  5
4E4
330
2
100
AcDbSymbolTableRecord
100
AcDbLayerTableRecord
  2
A-POR-___-___-EXI
 70
     0
 62
   250
  6
Continuous
370
    25
390
F
347
21
348
0
  0
LAYER
  5
4EA
330
2
100
AcDbSymbolTableRecord
100
AcDbLayerTableRecord
  2
A-JAN-___-___-EXI
 70
     0
 62
   250
  6
Continuous
370
    25
390
F
347
21
348
0
  0
LAYER
  5
4EC
330
2
100
AcDbSymbolTableRecord
100
AcDbLayerTableRecord
  2
A-ALV-___-___-EXI
 70
     0
 62
   250
  6
Continuous
370
    35
390
F
347
21
348
0
  0
LAYER
  5
593
330
2
100
AcDbSymbolTableRecord
100
AcDbLayerTableRecord
  2
E-VIG-___-___-EXI
 70
     0
 62
   250
  6
Continuous
370
    25
390
F
347
21
348
0
1001
AcAecLayerStandard
1000

1000

1001
AcCmTransparency
1071
        0
  0
LAYER
  5
641
330
2
100
AcDbSymbolTableRecord
100
AcDbLayerTableRecord
  2
A-PIS-___-___-EXI
 70
     0
 62
   250
  6
Continuous
370
    25
390
F
347
21
348
0
1001
AcAecLayerStandard
1000

1000

1001
AcCmTransparency
1071
        0
  0
ENDTAB
  0
TABLE
  2
STYLE
  5
3
330
0
100
AcDbSymbolTable
 70
     2
  0
STYLE
  5
55
330
3
100
AcDbSymbolTableRecord
100
AcDbTextStyleTableRecord
  2
Standard
 70
     0
 40
0.0
 41
1.0
 50
0.0
 71
     0
 42
0.2
  3
txt
  4

  0
STYLE
  5
5A
330
3
100
AcDbSymbolTableRecord
100
AcDbTextStyleTableRecord
  2
Annotative
 70
     0
 40
0.0
 41
1.0
 50
0.0
 71
     0
 42
0.2
  3
txt
  4

1001
AcadAnnotative
1000
AnnotativeData
1002
{
1070
     1
1070
     1
1002
}
  0
ENDTAB
  0
TABLE
  2
VIEW
  5
6
330
0
100
AcDbSymbolTable
 70
     0
  0
ENDTAB
  0
TABLE
  2
UCS
  5
7
330
0
100
AcDbSymbolTable
 70
     0
  0
ENDTAB
  0
TABLE
  2
APPID
  5
9
330
0
100
AcDbSymbolTable
 70
     8
  0
APPID
  5
56
330
9
100
AcDbSymbolTableRecord
100
AcDbRegAppTableRecord
  2
ACAD
 70
     0
  0
APPID
  5
5E
330
9
100
AcDbSymbolTableRecord
100
AcDbRegAppTableRecord
  2
AcadAnnotative
 70
     0
  0
APPID
  5
78
330
9
100
AcDbSymbolTableRecord
100
AcDbRegAppTableRecord
  2
REVIT
 70
     0
  0
APPID
  5
50B
330
9
100
AcDbSymbolTableRecord
100
AcDbRegAppTableRecord
  2
ACAD_PSEXT
 70
     0
  0
APPID
  5
58B
330
9
100
AcDbSymbolTableRecord
100
AcDbRegAppTableRecord
  2
ACAD_NAV_VCDISPLAY
 70
     0
  0
APPID
  5
594
330
9
100
AcDbSymbolTableRecord
100
AcDbRegAppTableRecord
  2
AcAecLayerStandard
 70
     0
  0
APPID
  5
595
330
9
100
AcDbSymbolTableRecord
100
AcDbRegAppTableRecord
  2
AcCmTransparency
 70
     0
  0
APPID
  5
596
330
9
100
AcDbSymbolTableRecord
100
AcDbRegAppTableRecord
  2
ACAD_EXEMPT_FROM_CAD_STANDARDS
 70
     0
  0
ENDTAB
  0
TABLE
  2
DIMSTYLE
  5
A
330
0
100
AcDbSymbolTable
 70
     2
100
AcDbDimStyleTable
 71
     0
  0
DIMSTYLE
105
58
330
A
100
AcDbSymbolTableRecord
100
AcDbDimStyleTableRecord
  2
Standard
 70
     0
340
55
  0
DIMSTYLE
105
59
330
A
100
AcDbSymbolTableRecord
100
AcDbDimStyleTableRecord
  2
Annotative
 70
     0
340
55
1001
AcadAnnotative
1000
AnnotativeData
1002
{
1070
     1
1070
     1
1002
}
  0
ENDTAB
  0
TABLE
  2
BLOCK_RECORD
  5
1
330
0
100
AcDbSymbolTable
 70
     1
  0
BLOCK_RECORD
  5
70
102
{ACAD_XDICTIONARY
360
4F9
102
}
330
1
100
AcDbSymbolTableRecord
100
AcDbBlockTableRecord
  2
*Model_Space
340
73
 70
     0
280
     1
281
     0
  0
BLOCK_RECORD
  5
6C
330
1
100
AcDbSymbolTableRecord
100
AcDbBlockTableRecord
  2
*Paper_Space
340
6F
 70
     0
280
     1
281
     0
  0
BLOCK_RECORD
  5
4EB
330
1
100
AcDbSymbolTableRecord
100
AcDbBlockTableRecord
  2
A4 HORIZONTAL - A4-22938602-Não nomeada
340
0
102
{BLKREFS
331
4F3
102
}
 70
     0
280
     1
281
     0
  0
ENDTAB
  0
ENDSEC
  0
SECTION
  2
BLOCKS
  0
BLOCK
  5
71
330
70
100
AcDbEntity
  8
0
100
AcDbBlockBegin
  2
*Model_Space
 70
     0
 10
0.0
 20
0.0
 30
0.0
  3
*Model_Space
  1

  0
ENDBLK
  5
72
330
70
100
AcDbEntity
  8
0
100
AcDbBlockEnd
  0
BLOCK
  5
6D
330
6C
100
AcDbEntity
 67
     1
  8
0
100
AcDbBlockBegin
  2
*Paper_Space
 70
     0
 10
0.0
 20
0.0
 30
0.0
  3
*Paper_Space
  1

  0
ENDBLK
  5
6E
330
6C
100
AcDbEntity
 67
     1
  8
0
100
AcDbBlockEnd
  0
BLOCK
  5
4F1
330
4EB
100
AcDbEntity
  8
0
100
AcDbBlockBegin
  2
A4 HORIZONTAL - A4-22938602-Não nomeada
 70
     0
 10
0.0
 20
0.0
 30
0.0
  3
A4 HORIZONTAL - A4-22938602-Não nomeada
  1

  0
LINE
  5
4ED
330
4EB
100
AcDbEntity
  8
A-ALV-___-___-EXI
100
AcDbLine
 10
317.7928507088368
 20
312.9999999999862
 30
0.0
 11
20.7928507088368
 21
312.9999999999856
 31
0.0
1001
REVIT
1002
{
1070
     1
1000
22937199
1002
}
1002
{
1070
     5
1000
22938602
1002
}
1002
{
1070
     3
1000
-2000281
1002
}
  0
LINE
  5
4EE
330
4EB
100
AcDbEntity
  8
A-ALV-___-___-EXI
100
AcDbLine
 10
20.7928507088368
 20
312.9999999999856
 30
0.0
 11
20.7928507088372
 21
102.9999999999856
 31
0.0
1001
REVIT
1002
{
1070
     1
1000
22937199
1002
}
1002
{
1070
     5
1000
22938602
1002
}
1002
{
1070
     3
1000
-2000281
1002
}
  0
LINE
  5
4EF
330
4EB
100
AcDbEntity
  8
A-ALV-___-___-EXI
100
AcDbLine
 10
20.7928507088372
 20
102.9999999999855
 30
0.0
 11
317.7928507088372
 21
102.9999999999861
 31
0.0
1001
REVIT
1002
{
1070
     1
1000
22937199
1002
}
1002
{
1070
     5
1000
22938602
1002
}
1002
{
1070
     3
1000
-2000281
1002
}
  0
LINE
  5
4F0
330
4EB
100
AcDbEntity
  8
A-ALV-___-___-EXI
100
AcDbLine
 10
317.7928507088372
 20
102.9999999999861
 30
0.0
 11
317.7928507088368
 21
312.9999999999862
 31
0.0
1001
REVIT
1002
{
1070
     1
1000
22937199
1002
}
1002
{
1070
     5
1000
22938602
1002
}
1002
{
1070
     3
1000
-2000281
1002
}
  0
ENDBLK
  5
4F2
330
4EB
100
AcDbEntity
  8
0
100
AcDbBlockEnd
  0
ENDSEC
  0
SECTION
  2
ENTITIES
  0
HATCH
  5
C7
330
70
100
AcDbEntity
  8
A-COB-___-___-EXI
 62
    33
420
 12688002
100
AcDbHatch
 10
0.0
 20
0.0
 30
0.0
210
0.0
220
0.0
230
1.0
  2
SOLID
 70
     1
 71
     0
 91
       17
 92
        1
 93
        4
 72
     1
 10
31724.59863237896
 20
-9800.140027292231
 11
31724.59863237896
 21
-9727.581456195039
 72
     1
 10
31724.59863237896
 20
-9727.581456195039
 11
31677.64887253282
 21
-9727.581456195039
 72
     1
 10
31677.64887253282
 20
-9727.581456195039
 11
31677.64887253282
 21
-9800.140027292231
 72
     1
 10
31677.64887253282
 20
-9800.140027292231
 11
31724.59863237896
 21
-9800.140027292231
 97
        0
 92
        1
 93
        4
 72
     1
 10
30047.21175787604
 20
-9548.319104072559
 11
30047.21175787604
 21
-9475.760532975366
 72
     1
 10
30047.21175787604
 20
-9475.760532975366
 11
29995.99383804389
 21
-9475.760532975366
 72
     1
 10
29995.99383804389
 20
-9475.760532975366
 11
29995.99383804389
 21
-9548.319104072559
 72
     1
 10
29995.99383804389
 20
-9548.319104072559
 11
30047.21175787604
 21
-9548.319104072559
 97
        0
 92
        1
 93
        4
 72
     1
 10
24306.53709770482
 20
-7546.556172038222
 11
24306.53709770482
 21
-7465.461298459008
 72
     1
 10
24306.53709770482
 20
-7465.461298459008
 11
24255.31917787267
 21
-7465.461298459008
 72
     1
 10
24255.31917787267
 20
-7465.461298459008
 11
24255.31917787267
 21
-7546.556172038222
 72
     1
 10
24255.31917787267
 20
-7546.556172038222
 11
24306.53709770482
 21
-7546.556172038222
 97
        0
 92
        1
 93
        4
 72
     1
 10
29236.26136053366
 20
-7546.556172038222
 11
29236.26136053366
 21
-7465.461298459008
 72
     1
 10
29236.26136053366
 20
-7465.461298459008
 11
29185.0434407015
 21
-7465.461298459008
 72
     1
 10
29185.0434407015
 20
-7465.461298459008
 11
29185.0434407015
 21
-7546.556172038222
 72
     1
 10
29185.0434407015
 20
-7546.556172038222
 11
29236.26136053366
 21
-7546.556172038222
 97
        0
 92
        1
 93
        4
 72
     1
 10
24746.15757626411
 20
-7546.556172038222
 11
24797.37549609626
 21
-7546.556172038222
 72
     1
 10
24797.37549609626
 20
-7546.556172038222
 11
24797.37549609626
 21
-7465.461298459008
 72
     1
 10
24797.37549609626
 20
-7465.461298459008
 11
24746.15757626411
 21
-7465.461298459008
 72
     1
 10
24746.15757626411
 20
-7465.461298459008
 11
24746.15757626411
 21
-7546.556172038222
 97
        0
 92
        1
 93
        4
 72
     1
 10
28741.15480215621
 20
-7546.556172038222
 11
28741.15480215621
 21
-7465.461298459008
 72
     1
 10
28741.15480215621
 20
-7465.461298459008
 11
28689.93688232405
 21
-7465.461298459008
 72
     1
 10
28689.93688232405
 20
-7465.461298459008
 11
28689.93688232405
 21
-7546.556172038222
 72
     1
 10
28689.93688232405
 20
-7546.556172038222
 11
28741.15480215621
 21
-7546.556172038222
 97
        0
 92
        1
 93
        4
 72
     1
 10
25241.26413464157
 20
-7546.556172038222
 11
25292.48205447371
 21
-7546.556172038222
 72
     1
 10
25292.48205447371
 20
-7546.556172038222
 11
25292.48205447371
 21
-7465.461298459008
 72
     1
 10
25292.48205447371
 20
-7465.461298459008
 11
25241.26413464157
 21
-7465.461298459008
 72
     1
 10
25241.26413464157
 20
-7465.461298459008
 11
25241.26413464157
 21
-7546.556172038222
 97
        0
 92
        1
 93
        4
 72
     1
 10
28250.31744579601
 20
-7546.556172038222
 11
28250.31744579601
 21
-7465.461298459008
 72
     1
 10
28250.31744579601
 20
-7465.461298459008
 11
28199.09952596386
 21
-7465.461298459008
 72
     1
 10
28199.09952596386
 20
-7465.461298459008
 11
28199.09952596386
 21
-7546.556172038222
 72
     1
 10
28199.09952596386
 20
-7546.556172038222
 11
28250.31744579601
 21
-7546.556172038222
 97
        0
 92
        1
 93
        4
 72
     1
 10
25732.10305404863
 20
-7546.556172038222
 11
25783.32097388078
 21
-7546.556172038222
 72
     1
 10
25783.32097388078
 20
-7546.556172038222
 11
25783.32097388078
 21
-7465.461298459008
 72
     1
 10
25783.32097388078
 20
-7465.461298459008
 11
25732.10305404863
 21
-7465.461298459008
 72
     1
 10
25732.10305404863
 20
-7465.461298459008
 11
25732.10305404863
 21
-7546.556172038222
 97
        0
 92
        1
 93
        4
 72
     1
 10
27755.21088741856
 20
-7546.556172038222
 11
27755.21088741856
 21
-7465.461298459008
 72
     1
 10
27755.21088741856
 20
-7465.461298459008
 11
27703.99296758641
 21
-7465.461298459008
 72
     1
 10
27703.99296758641
 20
-7465.461298459008
 11
27703.99296758641
 21
-7546.556172038222
 72
     1
 10
27703.99296758641
 20
-7546.556172038222
 11
27755.21088741856
 21
-7546.556172038222
 97
        0
 92
        1
 93
        4
 72
     1
 10
26227.20961242607
 20
-7546.556172038222
 11
26278.42753225823
 21
-7546.556172038222
 72
     1
 10
26278.42753225823
 20
-7546.556172038222
 11
26278.42753225823
 21
-7465.461298459008
 72
     1
 10
26278.42753225823
 20
-7465.461298459008
 11
26227.20961242607
 21
-7465.461298459008
 72
     1
 10
26227.20961242607
 20
-7465.461298459008
 11
26227.20961242607
 21
-7546.556172038222
 97
        0
 92
        1
 93
        4
 72
     1
 10
29675.88288112419
 20
-7546.556172038222
 11
29727.10080095634
 21
-7546.556172038222
 72
     1
 10
29727.10080095634
 20
-7546.556172038222
 11
29727.10080095634
 21
-7465.461298459008
 72
     1
 10
29727.10080095634
 20
-7465.461298459008
 11
29675.88288112419
 21
-7465.461298459008
 72
     1
 10
29675.88288112419
 20
-7465.461298459008
 11
29675.88288112419
 21
-7546.556172038222
 97
        0
 92
        1
 93
        4
 72
     1
 10
30145.38047958557
 20
-7546.556172038222
 11
30196.59839941772
 21
-7546.556172038222
 72
     1
 10
30196.59839941772
 20
-7546.556172038222
 11
30196.59839941772
 21
-7465.461298459008
 72
     1
 10
30196.59839941772
 20
-7465.461298459008
 11
30145.38047958557
 21
-7465.461298459008
 72
     1
 10
30145.38047958557
 20
-7465.461298459008
 11
30145.38047958557
 21
-7546.556172038222
 97
        0
 92
        1
 93
        4
 72
     1
 10
23811.43053932737
 20
-7546.556172038222
 11
23811.43053932737
 21
-7465.461298459008
 72
     1
 10
23811.43053932737
 20
-7465.461298459008
 11
23760.21261949522
 21
-7465.461298459008
 72
     1
 10
23760.21261949522
 20
-7465.461298459008
 11
23760.21261949522
 21
-7546.556172038222
 72
     1
 10
23760.21261949522
 20
-7546.556172038222
 11
23811.43053932737
 21
-7546.556172038222
 97
        0
 92
        1
 93
        4
 72
     1
 10
23294.98318101985
 20
-7546.556172038222
 11
23341.93294086599
 21
-7546.556172038222
 72
     1
 10
23341.93294086599
 20
-7546.556172038222
 11
23341.93294086599
 21
-7465.461298459008
 72
     1
 10
23341.93294086599
 20
-7465.461298459008
 11
23294.98318101985
 21
-7465.461298459008
 72
     1
 10
23294.98318101985
 20
-7465.461298459008
 11
23294.98318101985
 21
-7546.556172038222
 97
        0
 92
        1
 93
        4
 72
     1
 10
27264.37144699587
 20
-7546.556172038222
 11
27264.37144699587
 21
-7465.461298459008
 72
     1
 10
27264.37144699587
 20
-7465.461298459008
 11
27213.15352716372
 21
-7465.461298459008
 72
     1
 10
27213.15352716372
 20
-7465.461298459008
 11
27213.15352716372
 21
-7546.556172038222
 72
     1
 10
27213.15352716372
 20
-7546.556172038222
 11
27264.37144699587
 21
-7546.556172038222
 97
        0
 92
        1
 93
        4
 72
     1
 10
26718.04696878627
 20
-7546.556172038222
 11
26769.26488861842
 21
-7546.556172038222
 72
     1
 10
26769.26488861842
 20
-7546.556172038222
 11
26769.26488861842
 21
-7465.461298459008
 72
     1
 10
26769.26488861842
 20
-7465.461298459008
 11
26718.04696878627
 21
-7465.461298459008
 72
     1
 10
26718.04696878627
 20
-7465.461298459008
 11
26718.04696878627
 21
-7546.556172038222
 97
        0
 75
     0
 76
     1
 98
        1
 10
0.0
 20
0.0
450
        0
451
        0
460
0.0
461
0.0
452
        0
462
0.0
453
        0
470

1001
REVIT
1002
{
1070
     1
1000
22907609
1002
}
1002
{
1070
     2
1000
-2002000
1002
}
  0
HATCH
  5
DC
330
70
100
AcDbEntity
  8
A-ALV-___-___-EXI
 62
    11
100
AcDbHatch
 10
0.0
 20
0.0
 30
0.0
210
0.0
220
0.0
230
1.0
  2
SOLID
 70
     1
 71
     0
 91
        5
 92
        1
 93
        4
 72
     1
 10
33145.89590772112
 20
-12139.08690736646
 11
33145.89590772112
 21
-10419.02195723888
 72
     1
 10
33145.89590772112
 20
-10419.02195723888
 11
32996.51135024193
 21
-10419.02195723888
 72
     1
 10
32996.51135024193
 20
-10419.02195723888
 11
32996.51135024193
 21
-12139.08690736646
 72
     1
 10
32996.51135024193
 20
-12139.08690736646
 11
33145.89590772112
 21
-12139.08690736646
 97
        0
 92
        1
 93
        4
 72
     1
 10
31827.03551407449
 20
-11729.34438822938
 11
31827.03551407449
 21
-9800.140027292231
 72
     1
 10
31827.03551407449
 20
-9800.140027292231
 11
31575.21303286852
 21
-9800.140027292231
 72
     1
 10
31575.21303286852
 20
-9800.140027292231
 11
31575.21303286852
 21
-11729.34438822938
 72
     1
 10
31575.21303286852
 20
-11729.34438822938
 11
31827.03551407449
 21
-11729.34438822938
 97
        0
 92
        1
 93
        4
 72
     1
 10
29795.39136073255
 20
-11639.71321216813
 11
29995.99383804389
 21
-11639.71321216813
 72
     1
 10
29995.99383804389
 20
-11639.71321216813
 11
29995.99383804389
 21
-7747.159280365758
 72
     1
 10
29995.99383804389
 20
-7747.159280365758
 11
29795.39136073255
 21
-7747.159280365758
 72
     1
 10
29795.39136073255
 20
-7747.159280365758
 11
29795.39136073255
 21
-11639.71321216813
 97
        0
 92
        1
 93
        4
 72
     1
 10
23495.58670036245
 20
-11579.95909479397
 11
23743.13997955117
 21
-11579.95909479397
 72
     1
 10
23743.13997955117
 20
-11579.95909479397
 11
23743.13997955117
 21
-7747.159280365758
 72
     1
 10
23743.13997955117
 20
-7747.159280365758
 11
23495.58670036245
 21
-7747.159280365758
 72
     1
 10
23495.58670036245
 20
-7747.159280365758
 11
23495.58670036245
 21
-11579.95909479397
 97
        0
 92
        1
 93
        4
 72
     1
 10
26564.39320928982
 20
-9667.827338820877
 11
26764.99777066365
 21
-9667.827338820877
 72
     1
 10
26764.99777066365
 20
-9667.827338820877
 11
26764.99777066365
 21
-7747.159280365758
 72
     1
 10
26764.99777066365
 20
-7747.159280365758
 11
26564.39320928982
 21
-7747.159280365758
 72
     1
 10
26564.39320928982
 20
-7747.159280365758
 11
26564.39320928982
 21
-9667.827338820877
 97
        0
 75
     0
 76
     1
 98
        1
 10
0.0
 20
0.0
450
        0
451
        0
460
0.0
461
0.0
452
        0
462
0.0
453
        0
470

1001
REVIT
1002
{
1070
     1
1000
22907746
1002
}
1002
{
1070
     2
1000
-2002000
1002
}
  0
HATCH
  5
F0
330
70
100
AcDbEntity
  8
A-BAS-___-___-EXI
 62
   253
420
 13342872
100
AcDbHatch
 10
0.0
 20
0.0
 30
0.0
210
0.0
220
0.0
230
1.0
  2
SOLID
 70
     1
 71
     0
 91
        1
 92
        1
 93
       19
 72
     1
 10
34064.22136926571
 20
-13292.07632602616
 11
34064.22136926571
 21
-12139.08690736647
 72
     1
 10
34064.22136926571
 20
-12139.08690736647
 11
31827.03551407449
 21
-12139.08690736646
 72
     1
 10
31827.03551407449
 20
-12139.08690736646
 11
31827.03551407449
 21
-11729.34438822938
 72
     1
 10
31827.03551407449
 20
-11729.34438822938
 11
29995.99383804389
 21
-11729.34438822937
 72
     1
 10
29995.99383804389
 20
-11729.34438822937
 11
29995.99383804389
 21
-12779.30959351817
 72
     1
 10
29995.99383804389
 20
-12779.30959351817
 11
29795.39136073254
 21
-12779.30959351817
 72
     1
 10
29795.39136073254
 20
-12779.30959351817
 11
29795.39136073254
 21
-11737.8806907114
 72
     1
 10
29795.39136073254
 20
-11737.8806907114
 11
26764.99777066365
 21
-11737.88069071139
 72
     1
 10
26764.99777066365
 20
-11737.88069071139
 11
26764.99777066365
 21
-12779.30959351817
 72
     1
 10
26764.99777066365
 20
-12779.30959351817
 11
26564.39320928981
 21
-12779.30959351817
 72
     1
 10
26564.39320928981
 20
-12779.30959351817
 11
26564.39320928981
 21
-11678.12657333712
 72
     1
 10
26564.39320928981
 20
-11678.12657333712
 11
23743.13997955117
 21
-11678.12657333712
 72
     1
 10
23743.13997955117
 20
-11678.12657333712
 11
23743.13997955117
 21
-12779.30959351817
 72
     1
 10
23743.13997955117
 20
-12779.30959351817
 11
23495.58670036245
 21
-12779.30959351817
 72
     1
 10
23495.58670036245
 20
-12779.30959351817
 11
23495.58670036245
 21
-11690.93102706028
 72
     1
 10
23495.58670036245
 20
-11690.93102706028
 11
20708.60206312671
 21
-11690.93102706027
 72
     1
 10
20708.60206312671
 20
-11690.93102706027
 11
20708.60206312671
 21
-13292.07632602612
 72
     1
 10
20708.60206312671
 20
-13292.07632602612
 11
27473.04164028175
 21
-13292.07632602614
 72
     1
 10
27473.04164028175
 20
-13292.07632602614
 11
34064.22136926571
 21
-13292.07632602616
 97
        0
 75
     0
 76
     1
 98
        1
 10
0.0
 20
0.0
450
        0
451
        0
460
0.0
461
0.0
452
        0
462
0.0
453
        0
470

1001
REVIT
1002
{
1070
     1
1000
22907537
1002
}
1002
{
1070
     2
1000
-2002000
1002
}
  0
HATCH
  5
101
330
70
100
AcDbEntity
  8
E-VIG-___-___-EXI
 62
     9
440
 33554636
100
AcDbHatch
 10
0.0
 20
0.0
 30
0.0
210
0.0
220
0.0
230
1.0
  2
SOLID
 70
     1
 71
     0
 91
        4
 92
        1
 93
        4
 72
     1
 10
29795.39136073254
 20
-12779.30959351817
 11
29995.99383804389
 21
-12779.30959351817
 72
     1
 10
29995.99383804389
 20
-12779.30959351817
 11
29995.99383804389
 21
-11639.71321216813
 72
     1
 10
29995.99383804389
 20
-11639.71321216813
 11
29795.39136073254
 21
-11639.71321216813
 72
     1
 10
29795.39136073254
 20
-11639.71321216813
 11
29795.39136073254
 21
-12779.30959351817
 97
        0
 92
        1
 93
        4
 72
     1
 10
26564.39320928982
 20
-12779.30959351817
 11
26764.99777066365
 21
-12779.30959351817
 72
     1
 10
26764.99777066365
 20
-12779.30959351817
 11
26764.99777066365
 21
-11579.95909479397
 72
     1
 10
26764.99777066365
 20
-11579.95909479397
 11
26564.39320928982
 21
-11579.95909479397
 72
     1
 10
26564.39320928982
 20
-11579.95909479397
 11
26564.39320928982
 21
-12779.30959351817
 97
        0
 92
        1
 93
        4
 72
     1
 10
23495.58670036245
 20
-12779.30959351817
 11
23743.13997955117
 21
-12779.30959351817
 72
     1
 10
23743.13997955117
 20
-12779.30959351817
 11
23743.13997955117
 21
-11579.95909479397
 72
     1
 10
23743.13997955117
 20
-11579.95909479397
 11
23495.58670036245
 21
-11579.95909479397
 72
     1
 10
23495.58670036245
 20
-11579.95909479397
 11
23495.58670036245
 21
-12779.30959351817
 97
        0
 92
        1
 93
        4
 72
     1
 10
31827.03551407449
 20
-12139.08690736646
 11
32027.63799138584
 21
-12139.08690736646
 72
     1
 10
32027.63799138584
 20
-12139.08690736646
 11
32027.63799138584
 21
-11729.34438822938
 72
     1
 10
32027.63799138584
 20
-11729.34438822938
 11
31827.03551407449
 21
-11729.34438822938
 72
     1
 10
31827.03551407449
 20
-11729.34438822938
 11
31827.03551407449
 21
-12139.08690736646
 97
        0
 75
     0
 76
     1
 98
        1
 10
0.0
 20
0.0
450
        0
451
        0
460
0.0
461
0.0
452
        0
462
0.0
453
        0
470

1001
REVIT
1002
{
1070
     1
1000
22907576
1002
}
1002
{
1070
     2
1000
-2002000
1002
}
  0
LINE
  5
103
330
70
100
AcDbEntity
  8
A-COB-___-___-EXI
100
AcDbLine
 10
31724.59863237892
 20
-9800.14002729222
 30
0.0
 11
31724.59863237892
 21
-9727.581456195029
 31
0.0
1001
REVIT
1002
{
1070
     1
1000
22907609
1002
}
1002
{
1070
     2
1000
-2000051
1002
}
1002
{
1070
     3
1000
-2000042
1002
}
  0
LINE
  5
104
330
70
100
AcDbEntity
  8
A-COB-___-___-EXI
100
AcDbLine
 10
31724.59863237892
 20
-9727.581456195029
 30
0.0
 11
31677.64887253278
 21
-9727.581456195029
 31
0.0
1001
REVIT
1002
{
1070
     1
1000
22907609
1002
}
1002
{
1070
     2
1000
-2000051
1002
}
1002
{
1070
     3
1000
-2000042
1002
}
  0
LINE
  5
105
330
70
100
AcDbEntity
  8
A-COB-___-___-EXI
100
AcDbLine
 10
31677.64887253278
 20
-9727.581456195029
 30
0.0
 11
31677.64887253278
 21
-9800.14002729222
 31
0.0
1001
REVIT
1002
{
1070
     1
1000
22907609
1002
}
1002
{
1070
     2
1000
-2000051
1002
}
1002
{
1070
     3
1000
-2000042
1002
}
  0
LINE
  5
10D
330
70
100
AcDbEntity
  8
A-COB-___-___-EXI
100
AcDbLine
 10
23811.43053932735
 20
-7546.556172038217
 30
0.0
 11
23811.43053932735
 21
-7465.461298459
 31
0.0
1001
REVIT
1002
{
1070
     1
1000
22907609
1002
}
1002
{
1070
     2
1000
-2000051
1002
}
1002
{
1070
     3
1000
-2000042
1002
}
  0
LINE
  5
10E
330
70
100
AcDbEntity
  8
A-COB-___-___-EXI
100
AcDbLine
 10
23811.43053932735
 20
-7465.461298459
 30
0.0
 11
23760.2126194952
 21
-7465.461298459
 31
0.0
1001
REVIT
1002
{
1070
     1
1000
22907609
1002
}
1002
{
1070
     2
1000
-2000051
1002
}
1002
{
1070
     3
1000
-2000042
1002
}
  0
LINE
  5
10F
330
70
100
AcDbEntity
  8
A-COB-___-___-EXI
100
AcDbLine
 10
23760.2126194952
 20
-7465.461298459
 30
0.0
 11
23760.2126194952
 21
-7546.556172038217
 31
0.0
1001
REVIT
1002
{
1070
     1
1000
22907609
1002
}
1002
{
1070
     2
1000
-2000051
1002
}
1002
{
1070
     3
1000
-2000042
1002
}
  0
LINE
  5
110
330
70
100
AcDbEntity
  8
A-COB-___-___-EXI
100
AcDbLine
 10
23760.2126194952
 20
-7546.556172038217
 30
0.0
 11
23811.43053932735
 21
-7546.556172038217
 31
0.0
1001
REVIT
1002
{
1070
     1
1000
22907609
1002
}
1002
{
1070
     2
1000
-2000051
1002
}
1002
{
1070
     3
1000
-2000042
1002
}
  0
LINE
  5
111
330
70
100
AcDbEntity
  8
A-COB-___-___-EXI
100
AcDbLine
 10
24255.31917787264
 20
-7465.461298459
 30
0.0
 11
24255.31917787264
 21
-7546.556172038217
 31
0.0
1001
REVIT
1002
{
1070
     1
1000
22907609
1002
}
1002
{
1070
     2
1000
-2000051
1002
}
1002
{
1070
     3
1000
-2000042
1002
}
  0
LINE
  5
112
330
70
100
AcDbEntity
  8
A-COB-___-___-EXI
100
AcDbLine
 10
24255.31917787264
 20
-7546.556172038217
 30
0.0
 11
24306.5370977048
 21
-7546.556172038217
 31
0.0
1001
REVIT
1002
{
1070
     1
1000
22907609
1002
}
1002
{
1070
     2
1000
-2000051
1002
}
1002
{
1070
     3
1000
-2000042
1002
}
  0
LINE
  5
113
330
70
100
AcDbEntity
  8
A-COB-___-___-EXI
100
AcDbLine
 10
24306.5370977048
 20
-7546.556172038217
 30
0.0
 11
24306.5370977048
 21
-7465.461298459
 31
0.0
1001
REVIT
1002
{
1070
     1
1000
22907609
1002
}
1002
{
1070
     2
1000
-2000051
1002
}
1002
{
1070
     3
1000
-2000042
1002
}
  0
LINE
  5
114
330
70
100
AcDbEntity
  8
A-COB-___-___-EXI
100
AcDbLine
 10
24306.5370977048
 20
-7465.461298459
 30
0.0
 11
24255.31917787264
 21
-7465.461298459
 31
0.0
1001
REVIT
1002
{
1070
     1
1000
22907609
1002
}
1002
{
1070
     2
1000
-2000051
1002
}
1002
{
1070
     3
1000
-2000042
1002
}
  0
LINE
  5
115
330
70
100
AcDbEntity
  8
A-COB-___-___-EXI
100
AcDbLine
 10
24746.15757626408
 20
-7465.461298459
 30
0.0
 11
24746.15757626408
 21
-7546.556172038217
 31
0.0
1001
REVIT
1002
{
1070
     1
1000
22907609
1002
}
1002
{
1070
     2
1000
-2000051
1002
}
1002
{
1070
     3
1000
-2000042
1002
}
  0
LINE
  5
116
330
70
100
AcDbEntity
  8
A-COB-___-___-EXI
100
AcDbLine
 10
24746.15757626408
 20
-7546.556172038217
 30
0.0
 11
24797.37549609623
 21
-7546.556172038217
 31
0.0
1001
REVIT
1002
{
1070
     1
1000
22907609
1002
}
1002
{
1070
     2
1000
-2000051
1002
}
1002
{
1070
     3
1000
-2000042
1002
}
  0
LINE
  5
117
330
70
100
AcDbEntity
  8
A-COB-___-___-EXI
100
AcDbLine
 10
24797.37549609623
 20
-7546.556172038217
 30
0.0
 11
24797.37549609623
 21
-7465.461298459
 31
0.0
1001
REVIT
1002
{
1070
     1
1000
22907609
1002
}
1002
{
1070
     2
1000
-2000051
1002
}
1002
{
1070
     3
1000
-2000042
1002
}
  0
LINE
  5
118
330
70
100
AcDbEntity
  8
A-COB-___-___-EXI
100
AcDbLine
 10
24797.37549609623
 20
-7465.461298459
 30
0.0
 11
24746.15757626408
 21
-7465.461298459
 31
0.0
1001
REVIT
1002
{
1070
     1
1000
22907609
1002
}
1002
{
1070
     2
1000
-2000051
1002
}
1002
{
1070
     3
1000
-2000042
1002
}
  0
LINE
  5
119
330
70
100
AcDbEntity
  8
A-COB-___-___-EXI
100
AcDbLine
 10
25241.26413464154
 20
-7465.461298459
 30
0.0
 11
25241.26413464154
 21
-7546.556172038217
 31
0.0
1001
REVIT
1002
{
1070
     1
1000
22907609
1002
}
1002
{
1070
     2
1000
-2000051
1002
}
1002
{
1070
     3
1000
-2000042
1002
}
  0
LINE
  5
11A
330
70
100
AcDbEntity
  8
A-COB-___-___-EXI
100
AcDbLine
 10
25241.26413464154
 20
-7546.556172038217
 30
0.0
 11
25292.48205447369
 21
-7546.556172038217
 31
0.0
1001
REVIT
1002
{
1070
     1
1000
22907609
1002
}
1002
{
1070
     2
1000
-2000051
1002
}
1002
{
1070
     3
1000
-2000042
1002
}
  0
LINE
  5
11B
330
70
100
AcDbEntity
  8
A-COB-___-___-EXI
100
AcDbLine
 10
25292.48205447369
 20
-7546.556172038217
 30
0.0
 11
25292.48205447369
 21
-7465.461298459
 31
0.0
1001
REVIT
1002
{
1070
     1
1000
22907609
1002
}
1002
{
1070
     2
1000
-2000051
1002
}
1002
{
1070
     3
1000
-2000042
1002
}
  0
LINE
  5
11C
330
70
100
AcDbEntity
  8
A-COB-___-___-EXI
100
AcDbLine
 10
25292.48205447369
 20
-7465.461298459
 30
0.0
 11
25241.26413464154
 21
-7465.461298459
 31
0.0
1001
REVIT
1002
{
1070
     1
1000
22907609
1002
}
1002
{
1070
     2
1000
-2000051
1002
}
1002
{
1070
     3
1000
-2000042
1002
}
  0
LINE
  5
11D
330
70
100
AcDbEntity
  8
A-COB-___-___-EXI
100
AcDbLine
 10
25783.32097388075
 20
-7465.461298459
 30
0.0
 11
25732.1030540486
 21
-7465.461298459
 31
0.0
1001
REVIT
1002
{
1070
     1
1000
22907609
1002
}
1002
{
1070
     2
1000
-2000051
1002
}
1002
{
1070
     3
1000
-2000042
1002
}
  0
LINE
  5
11E
330
70
100
AcDbEntity
  8
A-COB-___-___-EXI
100
AcDbLine
 10
25732.1030540486
 20
-7465.461298459
 30
0.0
 11
25732.1030540486
 21
-7546.556172038217
 31
0.0
1001
REVIT
1002
{
1070
     1
1000
22907609
1002
}
1002
{
1070
     2
1000
-2000051
1002
}
1002
{
1070
     3
1000
-2000042
1002
}
  0
LINE
  5
11F
330
70
100
AcDbEntity
  8
A-COB-___-___-EXI
100
AcDbLine
 10
25732.1030540486
 20
-7546.556172038217
 30
0.0
 11
25783.32097388075
 21
-7546.556172038217
 31
0.0
1001
REVIT
1002
{
1070
     1
1000
22907609
1002
}
1002
{
1070
     2
1000
-2000051
1002
}
1002
{
1070
     3
1000
-2000042
1002
}
  0
LINE
  5
120
330
70
100
AcDbEntity
  8
A-COB-___-___-EXI
100
AcDbLine
 10
25783.32097388075
 20
-7546.556172038217
 30
0.0
 11
25783.32097388075
 21
-7465.461298459
 31
0.0
1001
REVIT
1002
{
1070
     1
1000
22907609
1002
}
1002
{
1070
     2
1000
-2000051
1002
}
1002
{
1070
     3
1000
-2000042
1002
}
  0
LINE
  5
121
330
70
100
AcDbEntity
  8
A-COB-___-___-EXI
100
AcDbLine
 10
26278.4275322582
 20
-7546.556172038217
 30
0.0
 11
26278.4275322582
 21
-7465.461298459
 31
0.0
1001
REVIT
1002
{
1070
     1
1000
22907609
1002
}
1002
{
1070
     2
1000
-2000051
1002
}
1002
{
1070
     3
1000
-2000042
1002
}
  0
LINE
  5
122
330
70
100
AcDbEntity
  8
A-COB-___-___-EXI
100
AcDbLine
 10
26278.4275322582
 20
-7465.461298459
 30
0.0
 11
26227.20961242605
 21
-7465.461298459
 31
0.0
1001
REVIT
1002
{
1070
     1
1000
22907609
1002
}
1002
{
1070
     2
1000
-2000051
1002
}
1002
{
1070
     3
1000
-2000042
1002
}
  0
LINE
  5
123
330
70
100
AcDbEntity
  8
A-COB-___-___-EXI
100
AcDbLine
 10
26227.20961242605
 20
-7465.461298459
 30
0.0
 11
26227.20961242605
 21
-7546.556172038217
 31
0.0
1001
REVIT
1002
{
1070
     1
1000
22907609
1002
}
1002
{
1070
     2
1000
-2000051
1002
}
1002
{
1070
     3
1000
-2000042
1002
}
  0
LINE
  5
124
330
70
100
AcDbEntity
  8
A-COB-___-___-EXI
100
AcDbLine
 10
26227.20961242605
 20
-7546.556172038217
 30
0.0
 11
26278.4275322582
 21
-7546.556172038217
 31
0.0
1001
REVIT
1002
{
1070
     1
1000
22907609
1002
}
1002
{
1070
     2
1000
-2000051
1002
}
1002
{
1070
     3
1000
-2000042
1002
}
  0
LINE
  5
125
330
70
100
AcDbEntity
  8
A-COB-___-___-EXI
100
AcDbLine
 10
26769.26488861839
 20
-7465.461298459
 30
0.0
 11
26718.04696878624
 21
-7465.461298459
 31
0.0
1001
REVIT
1002
{
1070
     1
1000
22907609
1002
}
1002
{
1070
     2
1000
-2000051
1002
}
1002
{
1070
     3
1000
-2000042
1002
}
  0
LINE
  5
126
330
70
100
AcDbEntity
  8
A-COB-___-___-EXI
100
AcDbLine
 10
26718.04696878624
 20
-7465.461298459
 30
0.0
 11
26718.04696878624
 21
-7546.556172038217
 31
0.0
1001
REVIT
1002
{
1070
     1
1000
22907609
1002
}
1002
{
1070
     2
1000
-2000051
1002
}
1002
{
1070
     3
1000
-2000042
1002
}
  0
LINE
  5
127
330
70
100
AcDbEntity
  8
A-COB-___-___-EXI
100
AcDbLine
 10
26718.04696878624
 20
-7546.556172038217
 30
0.0
 11
26769.26488861839
 21
-7546.556172038217
 31
0.0
1001
REVIT
1002
{
1070
     1
1000
22907609
1002
}
1002
{
1070
     2
1000
-2000051
1002
}
1002
{
1070
     3
1000
-2000042
1002
}
  0
LINE
  5
128
330
70
100
AcDbEntity
  8
A-COB-___-___-EXI
100
AcDbLine
 10
26769.26488861839
 20
-7546.556172038217
 30
0.0
 11
26769.26488861839
 21
-7465.461298459
 31
0.0
1001
REVIT
1002
{
1070
     1
1000
22907609
1002
}
1002
{
1070
     2
1000
-2000051
1002
}
1002
{
1070
     3
1000
-2000042
1002
}
  0
LINE
  5
129
330
70
100
AcDbEntity
  8
A-COB-___-___-EXI
100
AcDbLine
 10
27264.37144699584
 20
-7465.461298459
 30
0.0
 11
27213.1535271637
 21
-7465.461298459
 31
0.0
1001
REVIT
1002
{
1070
     1
1000
22907609
1002
}
1002
{
1070
     2
1000
-2000051
1002
}
1002
{
1070
     3
1000
-2000042
1002
}
  0
LINE
  5
12A
330
70
100
AcDbEntity
  8
A-COB-___-___-EXI
100
AcDbLine
 10
27213.1535271637
 20
-7465.461298459
 30
0.0
 11
27213.1535271637
 21
-7546.556172038217
 31
0.0
1001
REVIT
1002
{
1070
     1
1000
22907609
1002
}
1002
{
1070
     2
1000
-2000051
1002
}
1002
{
1070
     3
1000
-2000042
1002
}
  0
LINE
  5
12B
330
70
100
AcDbEntity
  8
A-COB-___-___-EXI
100
AcDbLine
 10
27213.1535271637
 20
-7546.556172038217
 30
0.0
 11
27264.37144699584
 21
-7546.556172038217
 31
0.0
1001
REVIT
1002
{
1070
     1
1000
22907609
1002
}
1002
{
1070
     2
1000
-2000051
1002
}
1002
{
1070
     3
1000
-2000042
1002
}
  0
LINE
  5
12C
330
70
100
AcDbEntity
  8
A-COB-___-___-EXI
100
AcDbLine
 10
27264.37144699584
 20
-7546.556172038217
 30
0.0
 11
27264.37144699584
 21
-7465.461298459
 31
0.0
1001
REVIT
1002
{
1070
     1
1000
22907609
1002
}
1002
{
1070
     2
1000
-2000051
1002
}
1002
{
1070
     3
1000
-2000042
1002
}
  0
LINE
  5
12D
330
70
100
AcDbEntity
  8
A-COB-___-___-EXI
100
AcDbLine
 10
27703.99296758638
 20
-7465.461298459
 30
0.0
 11
27703.99296758638
 21
-7546.556172038217
 31
0.0
1001
REVIT
1002
{
1070
     1
1000
22907609
1002
}
1002
{
1070
     2
1000
-2000051
1002
}
1002
{
1070
     3
1000
-2000042
1002
}
  0
LINE
  5
12E
330
70
100
AcDbEntity
  8
A-COB-___-___-EXI
100
AcDbLine
 10
27703.99296758638
 20
-7546.556172038217
 30
0.0
 11
27755.21088741853
 21
-7546.556172038217
 31
0.0
1001
REVIT
1002
{
1070
     1
1000
22907609
1002
}
1002
{
1070
     2
1000
-2000051
1002
}
1002
{
1070
     3
1000
-2000042
1002
}
  0
LINE
  5
12F
330
70
100
AcDbEntity
  8
A-COB-___-___-EXI
100
AcDbLine
 10
27755.21088741853
 20
-7546.556172038217
 30
0.0
 11
27755.21088741853
 21
-7465.461298459
 31
0.0
1001
REVIT
1002
{
1070
     1
1000
22907609
1002
}
1002
{
1070
     2
1000
-2000051
1002
}
1002
{
1070
     3
1000
-2000042
1002
}
  0
LINE
  5
130
330
70
100
AcDbEntity
  8
A-COB-___-___-EXI
100
AcDbLine
 10
27755.21088741853
 20
-7465.461298459
 30
0.0
 11
27703.99296758638
 21
-7465.461298459
 31
0.0
1001
REVIT
1002
{
1070
     1
1000
22907609
1002
}
1002
{
1070
     2
1000
-2000051
1002
}
1002
{
1070
     3
1000
-2000042
1002
}
  0
LINE
  5
131
330
70
100
AcDbEntity
  8
A-COB-___-___-EXI
100
AcDbLine
 10
28250.31744579598
 20
-7465.461298459
 30
0.0
 11
28199.09952596383
 21
-7465.461298459
 31
0.0
1001
REVIT
1002
{
1070
     1
1000
22907609
1002
}
1002
{
1070
     2
1000
-2000051
1002
}
1002
{
1070
     3
1000
-2000042
1002
}
  0
LINE
  5
132
330
70
100
AcDbEntity
  8
A-COB-___-___-EXI
100
AcDbLine
 10
28199.09952596383
 20
-7465.461298459
 30
0.0
 11
28199.09952596383
 21
-7546.556172038217
 31
0.0
1001
REVIT
1002
{
1070
     1
1000
22907609
1002
}
1002
{
1070
     2
1000
-2000051
1002
}
1002
{
1070
     3
1000
-2000042
1002
}
  0
LINE
  5
133
330
70
100
AcDbEntity
  8
A-COB-___-___-EXI
100
AcDbLine
 10
28199.09952596383
 20
-7546.556172038217
 30
0.0
 11
28250.31744579598
 21
-7546.556172038217
 31
0.0
1001
REVIT
1002
{
1070
     1
1000
22907609
1002
}
1002
{
1070
     2
1000
-2000051
1002
}
1002
{
1070
     3
1000
-2000042
1002
}
  0
LINE
  5
134
330
70
100
AcDbEntity
  8
A-COB-___-___-EXI
100
AcDbLine
 10
28250.31744579598
 20
-7546.556172038217
 30
0.0
 11
28250.31744579598
 21
-7465.461298459
 31
0.0
1001
REVIT
1002
{
1070
     1
1000
22907609
1002
}
1002
{
1070
     2
1000
-2000051
1002
}
1002
{
1070
     3
1000
-2000042
1002
}
  0
LINE
  5
135
330
70
100
AcDbEntity
  8
A-COB-___-___-EXI
100
AcDbLine
 10
28741.15480215617
 20
-7465.461298459
 30
0.0
 11
28689.93688232402
 21
-7465.461298459
 31
0.0
1001
REVIT
1002
{
1070
     1
1000
22907609
1002
}
1002
{
1070
     2
1000
-2000051
1002
}
1002
{
1070
     3
1000
-2000042
1002
}
  0
LINE
  5
136
330
70
100
AcDbEntity
  8
A-COB-___-___-EXI
100
AcDbLine
 10
28689.93688232402
 20
-7465.461298459
 30
0.0
 11
28689.93688232402
 21
-7546.556172038217
 31
0.0
1001
REVIT
1002
{
1070
     1
1000
22907609
1002
}
1002
{
1070
     2
1000
-2000051
1002
}
1002
{
1070
     3
1000
-2000042
1002
}
  0
LINE
  5
137
330
70
100
AcDbEntity
  8
A-COB-___-___-EXI
100
AcDbLine
 10
28689.93688232402
 20
-7546.556172038217
 30
0.0
 11
28741.15480215617
 21
-7546.556172038217
 31
0.0
1001
REVIT
1002
{
1070
     1
1000
22907609
1002
}
1002
{
1070
     2
1000
-2000051
1002
}
1002
{
1070
     3
1000
-2000042
1002
}
  0
LINE
  5
138
330
70
100
AcDbEntity
  8
A-COB-___-___-EXI
100
AcDbLine
 10
28741.15480215617
 20
-7546.556172038217
 30
0.0
 11
28741.15480215617
 21
-7465.461298459
 31
0.0
1001
REVIT
1002
{
1070
     1
1000
22907609
1002
}
1002
{
1070
     2
1000
-2000051
1002
}
1002
{
1070
     3
1000
-2000042
1002
}
  0
LINE
  5
139
330
70
100
AcDbEntity
  8
A-COB-___-___-EXI
100
AcDbLine
 10
29185.04344070147
 20
-7465.461298459
 30
0.0
 11
29185.04344070147
 21
-7546.556172038217
 31
0.0
1001
REVIT
1002
{
1070
     1
1000
22907609
1002
}
1002
{
1070
     2
1000
-2000051
1002
}
1002
{
1070
     3
1000
-2000042
1002
}
  0
LINE
  5
13A
330
70
100
AcDbEntity
  8
A-COB-___-___-EXI
100
AcDbLine
 10
29185.04344070147
 20
-7546.556172038217
 30
0.0
 11
29236.26136053362
 21
-7546.556172038217
 31
0.0
1001
REVIT
1002
{
1070
     1
1000
22907609
1002
}
1002
{
1070
     2
1000
-2000051
1002
}
1002
{
1070
     3
1000
-2000042
1002
}
  0
LINE
  5
13B
330
70
100
AcDbEntity
  8
A-COB-___-___-EXI
100
AcDbLine
 10
29236.26136053362
 20
-7546.556172038217
 30
0.0
 11
29236.26136053362
 21
-7465.461298459
 31
0.0
1001
REVIT
1002
{
1070
     1
1000
22907609
1002
}
1002
{
1070
     2
1000
-2000051
1002
}
1002
{
1070
     3
1000
-2000042
1002
}
  0
LINE
  5
13C
330
70
100
AcDbEntity
  8
A-COB-___-___-EXI
100
AcDbLine
 10
29236.26136053362
 20
-7465.461298459
 30
0.0
 11
29185.04344070147
 21
-7465.461298459
 31
0.0
1001
REVIT
1002
{
1070
     1
1000
22907609
1002
}
1002
{
1070
     2
1000
-2000051
1002
}
1002
{
1070
     3
1000
-2000042
1002
}
  0
LINE
  5
13D
330
70
100
AcDbEntity
  8
A-COB-___-___-EXI
100
AcDbLine
 10
29727.10080095631
 20
-7465.461298459
 30
0.0
 11
29675.88288112416
 21
-7465.461298459
 31
0.0
1001
REVIT
1002
{
1070
     1
1000
22907609
1002
}
1002
{
1070
     2
1000
-2000051
1002
}
1002
{
1070
     3
1000
-2000042
1002
}
  0
LINE
  5
13E
330
70
100
AcDbEntity
  8
A-COB-___-___-EXI
100
AcDbLine
 10
29675.88288112416
 20
-7465.461298459
 30
0.0
 11
29675.88288112416
 21
-7546.556172038217
 31
0.0
1001
REVIT
1002
{
1070
     1
1000
22907609
1002
}
1002
{
1070
     2
1000
-2000051
1002
}
1002
{
1070
     3
1000
-2000042
1002
}
  0
LINE
  5
13F
330
70
100
AcDbEntity
  8
A-COB-___-___-EXI
100
AcDbLine
 10
29675.88288112416
 20
-7546.556172038217
 30
0.0
 11
29727.10080095631
 21
-7546.556172038217
 31
0.0
1001
REVIT
1002
{
1070
     1
1000
22907609
1002
}
1002
{
1070
     2
1000
-2000051
1002
}
1002
{
1070
     3
1000
-2000042
1002
}
  0
LINE
  5
140
330
70
100
AcDbEntity
  8
A-COB-___-___-EXI
100
AcDbLine
 10
29727.10080095631
 20
-7546.556172038217
 30
0.0
 11
29727.10080095631
 21
-7465.461298459
 31
0.0
1001
REVIT
1002
{
1070
     1
1000
22907609
1002
}
1002
{
1070
     2
1000
-2000051
1002
}
1002
{
1070
     3
1000
-2000042
1002
}
  0
LINE
  5
141
330
70
100
AcDbEntity
  8
A-COB-___-___-EXI
100
AcDbLine
 10
30145.38047958553
 20
-7465.461298459
 30
0.0
 11
30145.38047958553
 21
-7546.556172038217
 31
0.0
1001
REVIT
1002
{
1070
     1
1000
22907609
1002
}
1002
{
1070
     2
1000
-2000051
1002
}
1002
{
1070
     3
1000
-2000042
1002
}
  0
LINE
  5
142
330
70
100
AcDbEntity
  8
A-COB-___-___-EXI
100
AcDbLine
 10
30145.38047958553
 20
-7546.556172038217
 30
0.0
 11
30196.59839941768
 21
-7546.556172038217
 31
0.0
1001
REVIT
1002
{
1070
     1
1000
22907609
1002
}
1002
{
1070
     2
1000
-2000051
1002
}
1002
{
1070
     3
1000
-2000042
1002
}
  0
LINE
  5
143
330
70
100
AcDbEntity
  8
A-COB-___-___-EXI
100
AcDbLine
 10
30196.59839941768
 20
-7546.556172038217
 30
0.0
 11
30196.59839941768
 21
-7465.461298459
 31
0.0
1001
REVIT
1002
{
1070
     1
1000
22907609
1002
}
1002
{
1070
     2
1000
-2000051
1002
}
1002
{
1070
     3
1000
-2000042
1002
}
  0
LINE
  5
144
330
70
100
AcDbEntity
  8
A-COB-___-___-EXI
100
AcDbLine
 10
30196.59839941768
 20
-7465.461298459
 30
0.0
 11
30145.38047958553
 21
-7465.461298459
 31
0.0
1001
REVIT
1002
{
1070
     1
1000
22907609
1002
}
1002
{
1070
     2
1000
-2000051
1002
}
1002
{
1070
     3
1000
-2000042
1002
}
  0
LINE
  5
15D
330
70
100
AcDbEntity
  8
A-COB-___-___-EXI
370
    25
100
AcDbLine
 10
29995.99383804385
 20
-9078.822467561296
 30
0.0
 11
29995.99383804385
 21
-8878.219359233765
 31
0.0
1001
REVIT
1002
{
1070
     1
1000
22908220
1002
}
1002
{
1070
     2
1000
-2000051
1002
}
1002
{
1070
     3
1000
22908212
1002
}
  0
LINE
  5
163
330
70
100
AcDbEntity
  8
A-PIS-___-___-EXI
370
    25
100
AcDbLine
 10
26764.99777066362
 20
-11579.95909479396
 30
0.0
 11
26764.99777066362
 21
-11737.88069071138
 31
0.0
1001
REVIT
1002
{
1070
     1
1000
22908226
1002
}
1002
{
1070
     2
1000
-2000051
1002
}
1002
{
1070
     3
1000
22908212
1002
}
  0
LINE
  5
17B
330
70
100
AcDbEntity
  8
E-VIG-___-___-EXI
370
    25
100
AcDbLine
 10
23495.58670036242
 20
-11780.56220312149
 30
0.0
 11
23743.13997955114
 21
-11780.56220312149
 31
0.0
1001
REVIT
1002
{
1070
     1
1000
22908281
1002
}
1002
{
1070
     2
1000
-2000051
1002
}
1002
{
1070
     3
1000
22908212
1002
}
  0
LINE
  5
17C
330
70
100
AcDbEntity
  8
E-VIG-___-___-EXI
370
    25
100
AcDbLine
 10
26564.39320928979
 20
-11780.56220312149
 30
0.0
 11
26764.99777066362
 21
-11780.56220312149
 31
0.0
1001
REVIT
1002
{
1070
     1
1000
22908285
1002
}
1002
{
1070
     2
1000
-2000051
1002
}
1002
{
1070
     3
1000
22908212
1002
}
  0
LINE
  5
17D
330
70
100
AcDbEntity
  8
E-VIG-___-___-EXI
370
    25
100
AcDbLine
 10
29795.39136073251
 20
-11840.31632049565
 30
0.0
 11
29995.99383804385
 21
-11840.31632049565
 31
0.0
1001
REVIT
1002
{
1070
     1
1000
22908289
1002
}
1002
{
1070
     2
1000
-2000051
1002
}
1002
{
1070
     3
1000
22908212
1002
}
  0
SPLINE
  5
17E
330
70
100
AcDbEntity
  8
A-COB-___-___-EXI
370
    25
100
AcDbSpline
210
0.0
220
0.0
230
1.0
 70
     8
 71
     3
 72
     8
 73
     4
 74
     0
 42
0.000000001
 43
0.0000000001
 40
0.0
 40
0.0
 40
0.0
 40
0.0
 40
1.0
 40
1.0
 40
1.0
 40
1.0
 10
32965.506752531
 20
-9457.95433951676
 30
0.0
 10
32973.77006031641
 20
-9466.627147812401
 30
0.0
 10
32984.57696637475
 20
-9472.498981856126
 30
0.0
 10
32996.30607008631
 20
-9474.75289082446
 30
0.0
1001
REVIT
1002
{
1070
     1
1000
22909556
1002
}
1002
{
1070
     2
1000
-2000051
1002
}
1002
{
1070
     3
1000
22908212
1002
}
  0
SPLINE
  5
180
330
70
100
AcDbEntity
  8
A-COB-___-___-EXI
370
    25
100
AcDbSpline
210
0.0
220
0.0
230
1.0
 70
     8
 71
     3
 72
    11
 73
     7
 74
     0
 42
0.000000001
 43
0.0000000001
 40
0.0
 40
0.0
 40
0.0
 40
0.0
 40
1.0
 40
1.0
 40
1.0
 40
2.0
 40
2.0
 40
2.0
 40
2.0
 10
32950.62029414228
 20
-9434.820251210684
 30
0.0
 10
32942.08397417025
 20
-9425.549318205003
 30
0.0
 10
32930.08185827209
 20
-9420.274566842207
 30
0.0
 10
32917.55039050066
 20
-9420.274566842207
 30
0.0
 10
32904.95014866695
 20
-9420.274566842207
 30
0.0
 10
32892.94803276879
 20
-9425.549318205003
 30
0.0
 10
32884.46277232785
 20
-9434.820251210684
 30
0.0
1001
REVIT
1002
{
1070
     1
1000
22909558
1002
}
1002
{
1070
     2
1000
-2000051
1002
}
1002
{
1070
     3
1000
22908212
1002
}
  0
SPLINE
  5
182
330
70
100
AcDbEntity
  8
A-COB-___-___-EXI
370
    25
100
AcDbSpline
210
0.0
220
0.0
230
1.0
 70
     8
 71
     3
 72
    11
 73
     7
 74
     0
 42
0.000000001
 43
0.0000000001
 40
0.0
 40
0.0
 40
0.0
 40
0.0
 40
1.0
 40
1.0
 40
1.0
 40
2.0
 40
2.0
 40
2.0
 40
2.0
 10
32791.70844497556
 20
-9455.546210239912
 30
0.0
 10
32800.97835494518
 20
-9465.688279582874
 30
0.0
 10
32814.10794865216
 20
-9471.492381734346
 30
0.0
 10
32827.91798876315
 20
-9471.492381734346
 30
0.0
 10
32841.66133887436
 20
-9471.492381734346
 30
0.0
 10
32854.79093258133
 20
-9465.688279582874
 30
0.0
 10
32864.12961661322
 20
-9455.546210239912
 30
0.0
1001
REVIT
1002
{
1070
     1
1000
22909560
1002
}
1002
{
1070
     2
1000
-2000051
1002
}
1002
{
1070
     3
1000
22908212
1002
}
  0
SPLINE
  5
184
330
70
100
AcDbEntity
  8
A-COB-___-___-EXI
370
    25
100
AcDbSpline
210
0.0
220
0.0
230
1.0
 70
     8
 71
     3
 72
    11
 73
     7
 74
     0
 42
0.000000001
 43
0.0000000001
 40
0.0
 40
0.0
 40
0.0
 40
0.0
 40
1.0
 40
1.0
 40
1.0
 40
2.0
 40
2.0
 40
2.0
 40
2.0
 10
32771.35757472975
 20
-9434.820251210684
 30
0.0
 10
32762.82125475773
 20
-9425.549318205003
 30
0.0
 10
32750.81913885957
 20
-9420.274566842207
 30
0.0
 10
32738.28767108813
 20
-9420.274566842207
 30
0.0
 10
32725.68742925443
 20
-9420.274566842207
 30
0.0
 10
32713.68531335626
 20
-9425.549318205003
 30
0.0
 10
32705.20005291532
 20
-9434.820251210684
 30
0.0
1001
REVIT
1002
{
1070
     1
1000
22909562
1002
}
1002
{
1070
     2
1000
-2000051
1002
}
1002
{
1070
     3
1000
22908212
1002
}
  0
SPLINE
  5
186
330
70
100
AcDbEntity
  8
A-COB-___-___-EXI
370
    25
100
AcDbSpline
210
0.0
220
0.0
230
1.0
 70
     8
 71
     3
 72
    11
 73
     7
 74
     0
 42
0.000000001
 43
0.0000000001
 40
0.0
 40
0.0
 40
0.0
 40
0.0
 40
1.0
 40
1.0
 40
1.0
 40
2.0
 40
2.0
 40
2.0
 40
2.0
 10
32616.7128435178
 20
-9455.546210239912
 30
0.0
 10
32625.98379551867
 20
-9465.688279582874
 30
0.0
 10
32639.11338922564
 20
-9471.492381734346
 30
0.0
 10
32652.92447136789
 20
-9471.492381734346
 30
0.0
 10
32666.6678214791
 20
-9471.492381734346
 30
0.0
 10
32679.79637315483
 20
-9465.688279582874
 30
0.0
 10
32689.13609921797
 20
-9455.546210239912
 30
0.0
1001
REVIT
1002
{
1070
     1
1000
22909564
1002
}
1002
{
1070
     2
1000
-2000051
1002
}
1002
{
1070
     3
1000
22908212
1002
}
  0
SPLINE
  5
188
330
70
100
AcDbEntity
  8
A-COB-___-___-EXI
370
    25
100
AcDbSpline
210
0.0
220
0.0
230
1.0
 70
     8
 71
     3
 72
    11
 73
     7
 74
     0
 42
0.000000001
 43
0.0000000001
 40
0.0
 40
0.0
 40
0.0
 40
0.0
 40
1.0
 40
1.0
 40
1.0
 40
2.0
 40
2.0
 40
2.0
 40
2.0
 10
32596.36301530324
 20
-9434.820251210684
 30
0.0
 10
32587.82669533122
 20
-9425.549318205003
 30
0.0
 10
32575.82457943306
 20
-9420.274566842207
 30
0.0
 10
32563.29206963037
 20
-9420.274566842207
 30
0.0
 10
32550.69286982791
 20
-9420.274566842207
 30
0.0
 10
32538.69075392975
 20
-9425.549318205003
 30
0.0
 10
32530.2054934888
 20
-9434.820251210684
 30
0.0
1001
REVIT
1002
{
1070
     1
1000
22909566
1002
}
1002
{
1070
     2
1000
-2000051
1002
}
1002
{
1070
     3
1000
22908212
1002
}
  0
SPLINE
  5
18A
330
70
100
AcDbEntity
  8
A-COB-___-___-EXI
370
    25
100
AcDbSpline
210
0.0
220
0.0
230
1.0
 70
     8
 71
     3
 72
    11
 73
     7
 74
     0
 42
0.000000001
 43
0.0000000001
 40
0.0
 40
0.0
 40
0.0
 40
0.0
 40
1.0
 40
1.0
 40
1.0
 40
2.0
 40
2.0
 40
2.0
 40
2.0
 10
32437.45012410528
 20
-9455.546210239912
 30
0.0
 10
32446.72107610615
 20
-9465.688279582874
 30
0.0
 10
32459.85066981312
 20
-9471.492381734346
 30
0.0
 10
32473.66175195536
 20
-9471.492381734346
 30
0.0
 10
32487.40510206657
 20
-9471.492381734346
 30
0.0
 10
32500.53365374229
 20
-9465.688279582874
 30
0.0
 10
32509.87337980543
 20
-9455.546210239912
 30
0.0
1001
REVIT
1002
{
1070
     1
1000
22909568
1002
}
1002
{
1070
     2
1000
-2000051
1002
}
1002
{
1070
     3
1000
22908212
1002
}
  0
SPLINE
  5
18C
330
70
100
AcDbEntity
  8
A-COB-___-___-EXI
370
    25
100
AcDbSpline
210
0.0
220
0.0
230
1.0
 70
     8
 71
     3
 72
    11
 73
     7
 74
     0
 42
0.000000001
 43
0.0000000001
 40
0.0
 40
0.0
 40
0.0
 40
0.0
 40
1.0
 40
1.0
 40
1.0
 40
2.0
 40
2.0
 40
2.0
 40
2.0
 10
32417.10029589072
 20
-9434.820251210684
 30
0.0
 10
32408.5639759187
 20
-9425.549318205003
 30
0.0
 10
32396.56186002053
 20
-9420.274566842207
 30
0.0
 10
32384.02935021785
 20
-9420.274566842207
 30
0.0
 10
32371.43015041539
 20
-9420.274566842207
 30
0.0
 10
32359.42803451723
 20
-9425.549318205003
 30
0.0
 10
32350.94277407628
 20
-9434.820251210684
 30
0.0
1001
REVIT
1002
{
1070
     1
1000
22909570
1002
}
1002
{
1070
     2
1000
-2000051
1002
}
1002
{
1070
     3
1000
22908212
1002
}
  0
SPLINE
  5
18E
330
70
100
AcDbEntity
  8
A-COB-___-___-EXI
370
    25
100
AcDbSpline
210
0.0
220
0.0
230
1.0
 70
     8
 71
     3
 72
    11
 73
     7
 74
     0
 42
0.000000001
 43
0.0000000001
 40
0.0
 40
0.0
 40
0.0
 40
0.0
 40
1.0
 40
1.0
 40
1.0
 40
2.0
 40
2.0
 40
2.0
 40
2.0
 10
32262.45660671002
 20
-9455.546210239912
 30
0.0
 10
32271.72651667963
 20
-9465.688279582874
 30
0.0
 10
32284.85611038661
 20
-9471.492381734346
 30
0.0
 10
32298.6661504976
 20
-9471.492381734346
 30
0.0
 10
32312.40950060881
 20
-9471.492381734346
 30
0.0
 10
32325.53909431578
 20
-9465.688279582874
 30
0.0
 10
32334.87777834768
 20
-9455.546210239912
 30
0.0
1001
REVIT
1002
{
1070
     1
1000
22909572
1002
}
1002
{
1070
     2
1000
-2000051
1002
}
1002
{
1070
     3
1000
22908212
1002
}
  0
SPLINE
  5
190
330
70
100
AcDbEntity
  8
A-COB-___-___-EXI
370
    25
100
AcDbSpline
210
0.0
220
0.0
230
1.0
 70
     8
 71
     3
 72
    11
 73
     7
 74
     0
 42
0.000000001
 43
0.0000000001
 40
0.0
 40
0.0
 40
0.0
 40
0.0
 40
1.0
 40
1.0
 40
1.0
 40
2.0
 40
2.0
 40
2.0
 40
2.0
 10
32242.1057364642
 20
-9434.820251210684
 30
0.0
 10
32233.56941649218
 20
-9425.549318205003
 30
0.0
 10
32221.56730059402
 20
-9420.274566842207
 30
0.0
 10
32209.03583282258
 20
-9420.274566842207
 30
0.0
 10
32196.43559098887
 20
-9420.274566842207
 30
0.0
 10
32184.43347509071
 20
-9425.549318205003
 30
0.0
 10
32175.94821464977
 20
-9434.820251210684
 30
0.0
1001
REVIT
1002
{
1070
     1
1000
22909574
1002
}
1002
{
1070
     2
1000
-2000051
1002
}
1002
{
1070
     3
1000
22908212
1002
}
  0
SPLINE
  5
192
330
70
100
AcDbEntity
  8
A-COB-___-___-EXI
370
    25
100
AcDbSpline
210
0.0
220
0.0
230
1.0
 70
     8
 71
     3
 72
    11
 73
     7
 74
     0
 42
0.000000001
 43
0.0000000001
 40
0.0
 40
0.0
 40
0.0
 40
0.0
 40
1.0
 40
1.0
 40
1.0
 40
2.0
 40
2.0
 40
2.0
 40
2.0
 10
32083.19388729749
 20
-9455.546210239912
 30
0.0
 10
32092.46379726711
 20
-9465.688279582874
 30
0.0
 10
32105.59339097408
 20
-9471.492381734346
 30
0.0
 10
32119.40343108508
 20
-9471.492381734346
 30
0.0
 10
32133.14678119629
 20
-9471.492381734346
 30
0.0
 10
32146.27637490325
 20
-9465.688279582874
 30
0.0
 10
32155.61505893516
 20
-9455.546210239912
 30
0.0
1001
REVIT
1002
{
1070
     1
1000
22909576
1002
}
1002
{
1070
     2
1000
-2000051
1002
}
1002
{
1070
     3
1000
22908212
1002
}
  0
SPLINE
  5
193
330
70
100
AcDbEntity
  8
A-COB-___-___-EXI
370
    25
100
AcDbSpline
210
0.0
220
0.0
230
1.0
 70
     8
 71
     3
 72
     8
 73
     4
 74
     0
 42
0.000000001
 43
0.0000000001
 40
0.0
 40
0.0
 40
0.0
 40
0.0
 40
1.0
 40
1.0
 40
1.0
 40
1.0
 10
31796.03091636357
 20
-9457.95433951676
 30
0.0
 10
31804.29422414899
 20
-9466.627147812401
 30
0.0
 10
31815.10113020732
 20
-9472.498981856126
 30
0.0
 10
31826.83023391889
 20
-9474.75289082446
 30
0.0
1001
REVIT
1002
{
1070
     1
1000
22909577
1002
}
1002
{
1070
     2
1000
-2000051
1002
}
1002
{
1070
     3
1000
22908212
1002
}
  0
SPLINE
  5
195
330
70
100
AcDbEntity
  8
A-COB-___-___-EXI
370
    25
100
AcDbSpline
210
0.0
220
0.0
230
1.0
 70
     8
 71
     3
 72
    11
 73
     7
 74
     0
 42
0.000000001
 43
0.0000000001
 40
0.0
 40
0.0
 40
0.0
 40
0.0
 40
1.0
 40
1.0
 40
1.0
 40
2.0
 40
2.0
 40
2.0
 40
2.0
 10
31781.14445797486
 20
-9434.820251210684
 30
0.0
 10
31772.60813800284
 20
-9425.549318205003
 30
0.0
 10
31760.60602210466
 20
-9420.274566842207
 30
0.0
 10
31748.07455433323
 20
-9420.274566842207
 30
0.0
 10
31735.47431249953
 20
-9420.274566842207
 30
0.0
 10
31723.47219660136
 20
-9425.549318205003
 30
0.0
 10
31714.98693616042
 20
-9434.820251210684
 30
0.0
1001
REVIT
1002
{
1070
     1
1000
22909579
1002
}
1002
{
1070
     2
1000
-2000051
1002
}
1002
{
1070
     3
1000
22908212
1002
}
  0
SPLINE
  5
197
330
70
100
AcDbEntity
  8
A-COB-___-___-EXI
370
    25
100
AcDbSpline
210
0.0
220
0.0
230
1.0
 70
     8
 71
     3
 72
    11
 73
     7
 74
     0
 42
0.000000001
 43
0.0000000001
 40
0.0
 40
0.0
 40
0.0
 40
0.0
 40
1.0
 40
1.0
 40
1.0
 40
2.0
 40
2.0
 40
2.0
 40
2.0
 10
31622.23260880814
 20
-9455.546210239912
 30
0.0
 10
31631.50251877775
 20
-9465.688279582874
 30
0.0
 10
31644.63211248473
 20
-9471.492381734346
 30
0.0
 10
31658.44215259572
 20
-9471.492381734346
 30
0.0
 10
31672.18550270693
 20
-9471.492381734346
 30
0.0
 10
31685.3150964139
 20
-9465.688279582874
 30
0.0
 10
31694.6537804458
 20
-9455.546210239912
 30
0.0
1001
REVIT
1002
{
1070
     1
1000
22909581
1002
}
1002
{
1070
     2
1000
-2000051
1002
}
1002
{
1070
     3
1000
22908212
1002
}
  0
SPLINE
  5
199
330
70
100
AcDbEntity
  8
A-COB-___-___-EXI
370
    25
100
AcDbSpline
210
0.0
220
0.0
230
1.0
 70
     8
 71
     3
 72
    11
 73
     7
 74
     0
 42
0.000000001
 43
0.0000000001
 40
0.0
 40
0.0
 40
0.0
 40
0.0
 40
1.0
 40
1.0
 40
1.0
 40
2.0
 40
2.0
 40
2.0
 40
2.0
 10
31601.88173856234
 20
-9434.820251210684
 30
0.0
 10
31593.3454185903
 20
-9425.549318205003
 30
0.0
 10
31581.34330269214
 20
-9420.274566842207
 30
0.0
 10
31568.81183492071
 20
-9420.274566842207
 30
0.0
 10
31556.211593087
 20
-9420.274566842207
 30
0.0
 10
31544.20947718883
 20
-9425.549318205003
 30
0.0
 10
31535.72421674789
 20
-9434.820251210684
 30
0.0
1001
REVIT
1002
{
1070
     1
1000
22909583
1002
}
1002
{
1070
     2
1000
-2000051
1002
}
1002
{
1070
     3
1000
22908212
1002
}
  0
SPLINE
  5
19B
330
70
100
AcDbEntity
  8
A-COB-___-___-EXI
370
    25
100
AcDbSpline
210
0.0
220
0.0
230
1.0
 70
     8
 71
     3
 72
    11
 73
     7
 74
     0
 42
0.000000001
 43
0.0000000001
 40
0.0
 40
0.0
 40
0.0
 40
0.0
 40
1.0
 40
1.0
 40
1.0
 40
2.0
 40
2.0
 40
2.0
 40
2.0
 10
31442.96988939561
 20
-9455.546210239912
 30
0.0
 10
31452.23979936523
 20
-9465.688279582874
 30
0.0
 10
31465.36939307221
 20
-9471.492381734346
 30
0.0
 10
31479.17943318319
 20
-9471.492381734346
 30
0.0
 10
31492.92278329441
 20
-9471.492381734346
 30
0.0
 10
31506.05237700138
 20
-9465.688279582874
 30
0.0
 10
31515.39106103327
 20
-9455.546210239912
 30
0.0
1001
REVIT
1002
{
1070
     1
1000
22909585
1002
}
1002
{
1070
     2
1000
-2000051
1002
}
1002
{
1070
     3
1000
22908212
1002
}
  0
SPLINE
  5
19D
330
70
100
AcDbEntity
  8
A-COB-___-___-EXI
370
    25
100
AcDbSpline
210
0.0
220
0.0
230
1.0
 70
     8
 71
     3
 72
    11
 73
     7
 74
     0
 42
0.000000001
 43
0.0000000001
 40
0.0
 40
0.0
 40
0.0
 40
0.0
 40
1.0
 40
1.0
 40
1.0
 40
2.0
 40
2.0
 40
2.0
 40
2.0
 10
31426.88717913582
 20
-9434.820251210684
 30
0.0
 10
31418.3508591638
 20
-9425.549318205003
 30
0.0
 10
31406.34874326562
 20
-9420.274566842207
 30
0.0
 10
31393.81623346295
 20
-9420.274566842207
 30
0.0
 10
31381.21703366049
 20
-9420.274566842207
 30
0.0
 10
31369.21491776232
 20
-9425.549318205003
 30
0.0
 10
31360.72965732138
 20
-9434.820251210684
 30
0.0
1001
REVIT
1002
{
1070
     1
1000
22909587
1002
}
1002
{
1070
     2
1000
-2000051
1002
}
1002
{
1070
     3
1000
22908212
1002
}
  0
SPLINE
  5
19F
330
70
100
AcDbEntity
  8
A-COB-___-___-EXI
370
    25
100
AcDbSpline
210
0.0
220
0.0
230
1.0
 70
     8
 71
     3
 72
    11
 73
     7
 74
     0
 42
0.000000001
 43
0.0000000001
 40
0.0
 40
0.0
 40
0.0
 40
0.0
 40
1.0
 40
1.0
 40
1.0
 40
2.0
 40
2.0
 40
2.0
 40
2.0
 10
31267.97428793785
 20
-9455.546210239912
 30
0.0
 10
31277.24523993872
 20
-9465.688279582874
 30
0.0
 10
31290.37483364569
 20
-9471.492381734346
 30
0.0
 10
31304.18591578793
 20
-9471.492381734346
 30
0.0
 10
31317.92926589914
 20
-9471.492381734346
 30
0.0
 10
31331.05781757486
 20
-9465.688279582874
 30
0.0
 10
31340.39754363801
 20
-9455.546210239912
 30
0.0
1001
REVIT
1002
{
1070
     1
1000
22909589
1002
}
1002
{
1070
     2
1000
-2000051
1002
}
1002
{
1070
     3
1000
22908212
1002
}
  0
SPLINE
  5
1A1
330
70
100
AcDbEntity
  8
A-COB-___-___-EXI
370
    25
100
AcDbSpline
210
0.0
220
0.0
230
1.0
 70
     8
 71
     3
 72
    11
 73
     7
 74
     0
 42
0.000000001
 43
0.0000000001
 40
0.0
 40
0.0
 40
0.0
 40
0.0
 40
1.0
 40
1.0
 40
1.0
 40
2.0
 40
2.0
 40
2.0
 40
2.0
 10
31247.6244597233
 20
-9434.820251210684
 30
0.0
 10
31239.08813975126
 20
-9425.549318205003
 30
0.0
 10
31227.0860238531
 20
-9420.274566842207
 30
0.0
 10
31214.55351405042
 20
-9420.274566842207
 30
0.0
 10
31201.95431424796
 20
-9420.274566842207
 30
0.0
 10
31189.95219834979
 20
-9425.549318205003
 30
0.0
 10
31181.46693790885
 20
-9434.820251210684
 30
0.0
1001
REVIT
1002
{
1070
     1
1000
22909591
1002
}
1002
{
1070
     2
1000
-2000051
1002
}
1002
{
1070
     3
1000
22908212
1002
}
  0
SPLINE
  5
1A3
330
70
100
AcDbEntity
  8
A-COB-___-___-EXI
370
    25
100
AcDbSpline
210
0.0
220
0.0
230
1.0
 70
     8
 71
     3
 72
    11
 73
     7
 74
     0
 42
0.000000001
 43
0.0000000001
 40
0.0
 40
0.0
 40
0.0
 40
0.0
 40
1.0
 40
1.0
 40
1.0
 40
2.0
 40
2.0
 40
2.0
 40
2.0
 10
31092.98077054259
 20
-9455.546210239912
 30
0.0
 10
31102.2506805122
 20
-9465.688279582874
 30
0.0
 10
31115.38027421918
 20
-9471.492381734346
 30
0.0
 10
31129.19031433017
 20
-9471.492381734346
 30
0.0
 10
31142.93366444138
 20
-9471.492381734346
 30
0.0
 10
31156.06325814835
 20
-9465.688279582874
 30
0.0
 10
31165.40194218025
 20
-9455.546210239912
 30
0.0
1001
REVIT
1002
{
1070
     1
1000
22909593
1002
}
1002
{
1070
     2
1000
-2000051
1002
}
1002
{
1070
     3
1000
22908212
1002
}
  0
SPLINE
  5
1A5
330
70
100
AcDbEntity
  8
A-COB-___-___-EXI
370
    25
100
AcDbSpline
210
0.0
220
0.0
230
1.0
 70
     8
 71
     3
 72
    11
 73
     7
 74
     0
 42
0.000000001
 43
0.0000000001
 40
0.0
 40
0.0
 40
0.0
 40
0.0
 40
1.0
 40
1.0
 40
1.0
 40
2.0
 40
2.0
 40
2.0
 40
2.0
 10
31072.62990029678
 20
-9434.820251210684
 30
0.0
 10
31064.09358032475
 20
-9425.549318205003
 30
0.0
 10
31052.09146442658
 20
-9420.274566842207
 30
0.0
 10
31039.55999665516
 20
-9420.274566842207
 30
0.0
 10
31026.95975482145
 20
-9420.274566842207
 30
0.0
 10
31014.95763892328
 20
-9425.549318205003
 30
0.0
 10
31006.47237848234
 20
-9434.820251210684
 30
0.0
1001
REVIT
1002
{
1070
     1
1000
22909595
1002
}
1002
{
1070
     2
1000
-2000051
1002
}
1002
{
1070
     3
1000
22908212
1002
}
  0
SPLINE
  5
1A8
330
70
100
AcDbEntity
  8
A-COB-___-___-EXI
370
    25
100
AcDbSpline
210
0.0
220
0.0
230
1.0
 70
     8
 71
     3
 72
    11
 73
     7
 74
     0
 42
0.000000001
 43
0.0000000001
 40
0.0
 40
0.0
 40
0.0
 40
0.0
 40
1.0
 40
1.0
 40
1.0
 40
2.0
 40
2.0
 40
2.0
 40
2.0
 10
30718.37262145774
 20
-9434.820251210684
 30
0.0
 10
30709.83630148571
 20
-9425.549318205003
 30
0.0
 10
30697.83418558755
 20
-9420.274566842207
 30
0.0
 10
30685.30167578487
 20
-9420.274566842207
 30
0.0
 10
30672.70247598241
 20
-9420.274566842207
 30
0.0
 10
30660.70036008424
 20
-9425.549318205003
 30
0.0
 10
30652.2150996433
 20
-9434.820251210684
 30
0.0
1001
REVIT
1002
{
1070
     1
1000
22909599
1002
}
1002
{
1070
     2
1000
-2000051
1002
}
1002
{
1070
     3
1000
22908212
1002
}
  0
SPLINE
  5
1AA
330
70
100
AcDbEntity
  8
A-COB-___-___-EXI
370
    25
100
AcDbSpline
210
0.0
220
0.0
230
1.0
 70
     8
 71
     3
 72
    11
 73
     7
 74
     0
 42
0.000000001
 43
0.0000000001
 40
0.0
 40
0.0
 40
0.0
 40
0.0
 40
1.0
 40
1.0
 40
1.0
 40
2.0
 40
2.0
 40
2.0
 40
2.0
 10
30738.7224496723
 20
-9455.546210239912
 30
0.0
 10
30747.99340167317
 20
-9465.688279582874
 30
0.0
 10
30761.12299538014
 20
-9471.492381734346
 30
0.0
 10
30774.93407752238
 20
-9471.492381734346
 30
0.0
 10
30788.67742763359
 20
-9471.492381734346
 30
0.0
 10
30801.80597930932
 20
-9465.688279582874
 30
0.0
 10
30811.14570537246
 20
-9455.546210239912
 30
0.0
1001
REVIT
1002
{
1070
     1
1000
22909601
1002
}
1002
{
1070
     2
1000
-2000051
1002
}
1002
{
1070
     3
1000
22908212
1002
}
  0
SPLINE
  5
1AC
330
70
100
AcDbEntity
  8
A-COB-___-___-EXI
370
    25
100
AcDbSpline
210
0.0
220
0.0
230
1.0
 70
     8
 71
     3
 72
    11
 73
     7
 74
     0
 42
0.000000001
 43
0.0000000001
 40
0.0
 40
0.0
 40
0.0
 40
0.0
 40
1.0
 40
1.0
 40
1.0
 40
2.0
 40
2.0
 40
2.0
 40
2.0
 10
30893.36718088425
 20
-9434.820251210684
 30
0.0
 10
30884.83086091223
 20
-9425.549318205003
 30
0.0
 10
30872.82874501406
 20
-9420.274566842207
 30
0.0
 10
30860.29727724263
 20
-9420.274566842207
 30
0.0
 10
30847.69703540892
 20
-9420.274566842207
 30
0.0
 10
30835.69491951076
 20
-9425.549318205003
 30
0.0
 10
30827.20965906982
 20
-9434.820251210684
 30
0.0
1001
REVIT
1002
{
1070
     1
1000
22909603
1002
}
1002
{
1070
     2
1000
-2000051
1002
}
1002
{
1070
     3
1000
22908212
1002
}
  0
SPLINE
  5
1AD
330
70
100
AcDbEntity
  8
A-COB-___-___-EXI
370
    25
100
AcDbSpline
210
0.0
220
0.0
230
1.0
 70
     8
 71
     3
 72
    11
 73
     7
 74
     0
 42
0.000000001
 43
0.0000000001
 40
0.0
 40
0.0
 40
0.0
 40
0.0
 40
1.0
 40
1.0
 40
1.0
 40
2.0
 40
2.0
 40
2.0
 40
2.0
 10
30913.71805113006
 20
-9455.546210239912
 30
0.0
 10
30922.98796109968
 20
-9465.688279582874
 30
0.0
 10
30936.11755480665
 20
-9471.492381734346
 30
0.0
 10
30949.92759491764
 20
-9471.492381734346
 30
0.0
 10
30963.67094502885
 20
-9471.492381734346
 30
0.0
 10
30976.80053873583
 20
-9465.688279582874
 30
0.0
 10
30986.13922276773
 20
-9455.546210239912
 30
0.0
1001
REVIT
1002
{
1070
     1
1000
22909604
1002
}
1002
{
1070
     2
1000
-2000051
1002
}
1002
{
1070
     3
1000
22908212
1002
}
  0
SPLINE
  5
1B2
330
70
100
AcDbEntity
  8
A-COB-___-___-EXI
370
    25
100
AcDbSpline
210
0.0
220
0.0
230
1.0
 70
     9
 71
     3
 72
    17
 73
    13
 74
     0
 42
0.000000001
 43
0.0000000001
 40
0.0
 40
0.0
 40
0.0
 40
0.0
 40
1.0
 40
1.0
 40
1.0
 40
2.0
 40
2.0
 40
2.0
 40
3.0
 40
3.0
 40
3.0
 40
4.0
 40
4.0
 40
4.0
 40
4.0
 10
29315.75271417937
 20
-7410.573457035896
 30
0.0
 10
29331.49259615904
 20
-7401.303566059325
 30
0.0
 10
29350.3752443784
 20
-7398.963168674727
 30
0.0
 10
29367.90846213344
 20
-7404.101414223903
 30
0.0
 10
29350.3752443784
 20
-7398.963168674727
 30
0.0
 10
29331.49259615904
 20
-7401.303566059325
 30
0.0
 10
29315.75271417937
 20
-7410.573457035896
 30
0.0
 10
29300.01179016845
 20
-7419.843348012467
 30
0.0
 10
29288.81099629891
 20
-7435.243496252436
 30
0.0
 10
29284.81689053075
 20
-7453.049689711029
 30
0.0
 10
29288.81099629891
 20
-7435.243496252436
 30
0.0
 10
29300.01179016845
 20
-7419.843348012467
 30
0.0
 10
29315.75271417937
 20
-7410.573457035896
 30
0.0
1001
REVIT
1002
{
1070
     1
1000
22909610
1002
}
1002
{
1070
     2
1000
-2000051
1002
}
1002
{
1070
     3
1000
22908212
1002
}
  0
SPLINE
  5
1B3
330
70
100
AcDbEntity
  8
A-COB-___-___-EXI
370
    25
100
AcDbSpline
210
0.0
220
0.0
230
1.0
 70
     9
 71
     3
 72
    11
 73
     7
 74
     0
 42
0.000000001
 43
0.0000000001
 40
0.0
 40
0.0
 40
0.0
 40
0.0
 40
1.0
 40
1.0
 40
1.0
 40
2.0
 40
2.0
 40
2.0
 40
2.0
 10
29369.03593994225
 20
-7404.443199772501
 30
0.0
 10
29391.38438408775
 20
-7411.375819451809
 30
0.0
 10
29408.38824996953
 20
-7429.710321669971
 30
0.0
 10
29413.7828457331
 20
-7452.521380951459
 30
0.0
 10
29408.38824996953
 20
-7429.710321669971
 30
0.0
 10
29391.38438408775
 20
-7411.375819451809
 30
0.0
 10
29369.03593994225
 20
-7404.443199772501
 30
0.0
1001
REVIT
1002
{
1070
     1
1000
22909611
1002
}
1002
{
1070
     2
1000
-2000051
1002
}
1002
{
1070
     3
1000
22908212
1002
}
  0
SPLINE
  5
1B8
330
70
100
AcDbEntity
  8
A-COB-___-___-EXI
370
    25
100
AcDbSpline
210
0.0
220
0.0
230
1.0
 70
     9
 71
     3
 72
    17
 73
    13
 74
     0
 42
0.000000001
 43
0.0000000001
 40
0.0
 40
0.0
 40
0.0
 40
0.0
 40
1.0
 40
1.0
 40
1.0
 40
2.0
 40
2.0
 40
2.0
 40
3.0
 40
3.0
 40
3.0
 40
4.0
 40
4.0
 40
4.0
 40
4.0
 10
29153.56263471089
 20
-7410.573457035896
 30
0.0
 10
29169.30251669056
 20
-7401.303566059325
 30
0.0
 10
29188.18516490992
 20
-7398.963168674727
 30
0.0
 10
29205.71838266497
 20
-7404.101414223903
 30
0.0
 10
29188.18516490992
 20
-7398.963168674727
 30
0.0
 10
29169.30251669056
 20
-7401.303566059325
 30
0.0
 10
29153.56263471089
 20
-7410.573457035896
 30
0.0
 10
29137.82171069998
 20
-7419.843348012467
 30
0.0
 10
29126.62091683043
 20
-7435.243496252436
 30
0.0
 10
29122.62681106227
 20
-7453.049689711029
 30
0.0
 10
29126.62091683043
 20
-7435.243496252436
 30
0.0
 10
29137.82171069998
 20
-7419.843348012467
 30
0.0
 10
29153.56263471089
 20
-7410.573457035896
 30
0.0
1001
REVIT
1002
{
1070
     1
1000
22909617
1002
}
1002
{
1070
     2
1000
-2000051
1002
}
1002
{
1070
     3
1000
22908212
1002
}
  0
SPLINE
  5
1B9
330
70
100
AcDbEntity
  8
A-COB-___-___-EXI
370
    25
100
AcDbSpline
210
0.0
220
0.0
230
1.0
 70
     9
 71
     3
 72
    11
 73
     7
 74
     0
 42
0.000000001
 43
0.0000000001
 40
0.0
 40
0.0
 40
0.0
 40
0.0
 40
1.0
 40
1.0
 40
1.0
 40
2.0
 40
2.0
 40
2.0
 40
2.0
 10
29206.84586047377
 20
-7404.443199772501
 30
0.0
 10
29229.19430461928
 20
-7411.375819451809
 30
0.0
 10
29246.19817050106
 20
-7429.710321669971
 30
0.0
 10
29251.59276626463
 20
-7452.521380951459
 30
0.0
 10
29246.19817050106
 20
-7429.710321669971
 30
0.0
 10
29229.19430461928
 20
-7411.375819451809
 30
0.0
 10
29206.84586047377
 20
-7404.443199772501
 30
0.0
1001
REVIT
1002
{
1070
     1
1000
22909618
1002
}
1002
{
1070
     2
1000
-2000051
1002
}
1002
{
1070
     3
1000
22908212
1002
}
  0
SPLINE
  5
1BE
330
70
100
AcDbEntity
  8
A-COB-___-___-EXI
370
    25
100
AcDbSpline
210
0.0
220
0.0
230
1.0
 70
     9
 71
     3
 72
    17
 73
    13
 74
     0
 42
0.000000001
 43
0.0000000001
 40
0.0
 40
0.0
 40
0.0
 40
0.0
 40
1.0
 40
1.0
 40
1.0
 40
2.0
 40
2.0
 40
2.0
 40
3.0
 40
3.0
 40
3.0
 40
4.0
 40
4.0
 40
4.0
 40
4.0
 10
28991.37255524242
 20
-7410.573457035896
 30
0.0
 10
29007.11243722208
 20
-7401.303566059325
 30
0.0
 10
29025.99508544145
 20
-7398.963168674727
 30
0.0
 10
29043.52830319649
 20
-7404.101414223903
 30
0.0
 10
29025.99508544145
 20
-7398.963168674727
 30
0.0
 10
29007.11243722208
 20
-7401.303566059325
 30
0.0
 10
28991.37255524242
 20
-7410.573457035896
 30
0.0
 10
28975.6316312315
 20
-7419.843348012467
 30
0.0
 10
28964.43083736195
 20
-7435.243496252436
 30
0.0
 10
28960.43673159379
 20
-7453.049689711029
 30
0.0
 10
28964.43083736195
 20
-7435.243496252436
 30
0.0
 10
28975.6316312315
 20
-7419.843348012467
 30
0.0
 10
28991.37255524242
 20
-7410.573457035896
 30
0.0
1001
REVIT
1002
{
1070
     1
1000
22909624
1002
}
1002
{
1070
     2
1000
-2000051
1002
}
1002
{
1070
     3
1000
22908212
1002
}
  0
SPLINE
  5
1BF
330
70
100
AcDbEntity
  8
A-COB-___-___-EXI
370
    25
100
AcDbSpline
210
0.0
220
0.0
230
1.0
 70
     9
 71
     3
 72
    11
 73
     7
 74
     0
 42
0.000000001
 43
0.0000000001
 40
0.0
 40
0.0
 40
0.0
 40
0.0
 40
1.0
 40
1.0
 40
1.0
 40
2.0
 40
2.0
 40
2.0
 40
2.0
 10
29044.6557810053
 20
-7404.443199772501
 30
0.0
 10
29067.00422515081
 20
-7411.375819451809
 30
0.0
 10
29084.00809103259
 20
-7429.710321669971
 30
0.0
 10
29089.40268679615
 20
-7452.521380951459
 30
0.0
 10
29084.00809103259
 20
-7429.710321669971
 30
0.0
 10
29067.00422515081
 20
-7411.375819451809
 30
0.0
 10
29044.6557810053
 20
-7404.443199772501
 30
0.0
1001
REVIT
1002
{
1070
     1
1000
22909625
1002
}
1002
{
1070
     2
1000
-2000051
1002
}
1002
{
1070
     3
1000
22908212
1002
}
  0
SPLINE
  5
1C4
330
70
100
AcDbEntity
  8
A-COB-___-___-EXI
370
    25
100
AcDbSpline
210
0.0
220
0.0
230
1.0
 70
     9
 71
     3
 72
    17
 73
    13
 74
     0
 42
0.000000001
 43
0.0000000001
 40
0.0
 40
0.0
 40
0.0
 40
0.0
 40
1.0
 40
1.0
 40
1.0
 40
2.0
 40
2.0
 40
2.0
 40
3.0
 40
3.0
 40
3.0
 40
4.0
 40
4.0
 40
4.0
 40
4.0
 10
28829.18247577394
 20
-7410.573457035896
 30
0.0
 10
28844.92235775361
 20
-7401.303566059325
 30
0.0
 10
28863.80500597298
 20
-7398.963168674727
 30
0.0
 10
28881.33822372802
 20
-7404.101414223903
 30
0.0
 10
28863.80500597298
 20
-7398.963168674727
 30
0.0
 10
28844.92235775361
 20
-7401.303566059325
 30
0.0
 10
28829.18247577394
 20
-7410.573457035896
 30
0.0
 10
28813.44155176303
 20
-7419.843348012467
 30
0.0
 10
28802.24075789348
 20
-7435.243496252436
 30
0.0
 10
28798.24665212532
 20
-7453.049689711029
 30
0.0
 10
28802.24075789348
 20
-7435.243496252436
 30
0.0
 10
28813.44155176303
 20
-7419.843348012467
 30
0.0
 10
28829.18247577394
 20
-7410.573457035896
 30
0.0
1001
REVIT
1002
{
1070
     1
1000
22909631
1002
}
1002
{
1070
     2
1000
-2000051
1002
}
1002
{
1070
     3
1000
22908212
1002
}
  0
SPLINE
  5
1C5
330
70
100
AcDbEntity
  8
A-COB-___-___-EXI
370
    25
100
AcDbSpline
210
0.0
220
0.0
230
1.0
 70
     9
 71
     3
 72
    11
 73
     7
 74
     0
 42
0.000000001
 43
0.0000000001
 40
0.0
 40
0.0
 40
0.0
 40
0.0
 40
1.0
 40
1.0
 40
1.0
 40
2.0
 40
2.0
 40
2.0
 40
2.0
 10
28882.46570153682
 20
-7404.443199772501
 30
0.0
 10
28904.81414568233
 20
-7411.375819451809
 30
0.0
 10
28921.81801156411
 20
-7429.710321669971
 30
0.0
 10
28927.21260732768
 20
-7452.521380951459
 30
0.0
 10
28921.81801156411
 20
-7429.710321669971
 30
0.0
 10
28904.81414568233
 20
-7411.375819451809
 30
0.0
 10
28882.46570153682
 20
-7404.443199772501
 30
0.0
1001
REVIT
1002
{
1070
     1
1000
22909632
1002
}
1002
{
1070
     2
1000
-2000051
1002
}
1002
{
1070
     3
1000
22908212
1002
}
  0
SPLINE
  5
1CA
330
70
100
AcDbEntity
  8
A-COB-___-___-EXI
370
    25
100
AcDbSpline
210
0.0
220
0.0
230
1.0
 70
     9
 71
     3
 72
    17
 73
    13
 74
     0
 42
0.000000001
 43
0.0000000001
 40
0.0
 40
0.0
 40
0.0
 40
0.0
 40
1.0
 40
1.0
 40
1.0
 40
2.0
 40
2.0
 40
2.0
 40
3.0
 40
3.0
 40
3.0
 40
4.0
 40
4.0
 40
4.0
 40
4.0
 10
28666.99239630547
 20
-7410.573457035896
 30
0.0
 10
28682.73227828514
 20
-7401.303566059325
 30
0.0
 10
28701.6149265045
 20
-7398.963168674727
 30
0.0
 10
28719.14814425954
 20
-7404.101414223903
 30
0.0
 10
28701.6149265045
 20
-7398.963168674727
 30
0.0
 10
28682.73227828514
 20
-7401.303566059325
 30
0.0
 10
28666.99239630547
 20
-7410.573457035896
 30
0.0
 10
28651.25147229455
 20
-7419.843348012467
 30
0.0
 10
28640.05067842501
 20
-7435.243496252436
 30
0.0
 10
28636.05657265685
 20
-7453.049689711029
 30
0.0
 10
28640.05067842501
 20
-7435.243496252436
 30
0.0
 10
28651.25147229455
 20
-7419.843348012467
 30
0.0
 10
28666.99239630547
 20
-7410.573457035896
 30
0.0
1001
REVIT
1002
{
1070
     1
1000
22909638
1002
}
1002
{
1070
     2
1000
-2000051
1002
}
1002
{
1070
     3
1000
22908212
1002
}
  0
SPLINE
  5
1CB
330
70
100
AcDbEntity
  8
A-COB-___-___-EXI
370
    25
100
AcDbSpline
210
0.0
220
0.0
230
1.0
 70
     9
 71
     3
 72
    11
 73
     7
 74
     0
 42
0.000000001
 43
0.0000000001
 40
0.0
 40
0.0
 40
0.0
 40
0.0
 40
1.0
 40
1.0
 40
1.0
 40
2.0
 40
2.0
 40
2.0
 40
2.0
 10
28720.27562206835
 20
-7404.443199772501
 30
0.0
 10
28742.62406621386
 20
-7411.375819451809
 30
0.0
 10
28759.62793209563
 20
-7429.710321669971
 30
0.0
 10
28765.0225278592
 20
-7452.521380951459
 30
0.0
 10
28759.62793209563
 20
-7429.710321669971
 30
0.0
 10
28742.62406621386
 20
-7411.375819451809
 30
0.0
 10
28720.27562206835
 20
-7404.443199772501
 30
0.0
1001
REVIT
1002
{
1070
     1
1000
22909639
1002
}
1002
{
1070
     2
1000
-2000051
1002
}
1002
{
1070
     3
1000
22908212
1002
}
  0
SPLINE
  5
1D0
330
70
100
AcDbEntity
  8
A-COB-___-___-EXI
370
    25
100
AcDbSpline
210
0.0
220
0.0
230
1.0
 70
     9
 71
     3
 72
    17
 73
    13
 74
     0
 42
0.000000001
 43
0.0000000001
 40
0.0
 40
0.0
 40
0.0
 40
0.0
 40
1.0
 40
1.0
 40
1.0
 40
2.0
 40
2.0
 40
2.0
 40
3.0
 40
3.0
 40
3.0
 40
4.0
 40
4.0
 40
4.0
 40
4.0
 10
28504.80231683699
 20
-7410.573457035896
 30
0.0
 10
28520.54219881665
 20
-7401.303566059325
 30
0.0
 10
28539.42484703603
 20
-7398.963168674727
 30
0.0
 10
28556.95806479106
 20
-7404.101414223903
 30
0.0
 10
28539.42484703603
 20
-7398.963168674727
 30
0.0
 10
28520.54219881665
 20
-7401.303566059325
 30
0.0
 10
28504.80231683699
 20
-7410.573457035896
 30
0.0
 10
28489.06139282607
 20
-7419.843348012467
 30
0.0
 10
28477.86059895653
 20
-7435.243496252436
 30
0.0
 10
28473.86649318838
 20
-7453.049689711029
 30
0.0
 10
28477.86059895653
 20
-7435.243496252436
 30
0.0
 10
28489.06139282607
 20
-7419.843348012467
 30
0.0
 10
28504.80231683699
 20
-7410.573457035896
 30
0.0
1001
REVIT
1002
{
1070
     1
1000
22909645
1002
}
1002
{
1070
     2
1000
-2000051
1002
}
1002
{
1070
     3
1000
22908212
1002
}
  0
SPLINE
  5
1D1
330
70
100
AcDbEntity
  8
A-COB-___-___-EXI
370
    25
100
AcDbSpline
210
0.0
220
0.0
230
1.0
 70
     9
 71
     3
 72
    11
 73
     7
 74
     0
 42
0.000000001
 43
0.0000000001
 40
0.0
 40
0.0
 40
0.0
 40
0.0
 40
1.0
 40
1.0
 40
1.0
 40
2.0
 40
2.0
 40
2.0
 40
2.0
 10
28558.08554259987
 20
-7404.443199772501
 30
0.0
 10
28580.43398674538
 20
-7411.375819451809
 30
0.0
 10
28597.43785262716
 20
-7429.710321669971
 30
0.0
 10
28602.83244839073
 20
-7452.521380951459
 30
0.0
 10
28597.43785262716
 20
-7429.710321669971
 30
0.0
 10
28580.43398674538
 20
-7411.375819451809
 30
0.0
 10
28558.08554259987
 20
-7404.443199772501
 30
0.0
1001
REVIT
1002
{
1070
     1
1000
22909646
1002
}
1002
{
1070
     2
1000
-2000051
1002
}
1002
{
1070
     3
1000
22908212
1002
}
  0
SPLINE
  5
1D6
330
70
100
AcDbEntity
  8
A-COB-___-___-EXI
370
    25
100
AcDbSpline
210
0.0
220
0.0
230
1.0
 70
     9
 71
     3
 72
    17
 73
    13
 74
     0
 42
0.000000001
 43
0.0000000001
 40
0.0
 40
0.0
 40
0.0
 40
0.0
 40
1.0
 40
1.0
 40
1.0
 40
2.0
 40
2.0
 40
2.0
 40
3.0
 40
3.0
 40
3.0
 40
4.0
 40
4.0
 40
4.0
 40
4.0
 10
28342.61223736851
 20
-7410.573457035896
 30
0.0
 10
28358.35211934818
 20
-7401.303566059325
 30
0.0
 10
28377.23476756755
 20
-7398.963168674727
 30
0.0
 10
28394.76798532259
 20
-7404.101414223903
 30
0.0
 10
28377.23476756755
 20
-7398.963168674727
 30
0.0
 10
28358.35211934818
 20
-7401.303566059325
 30
0.0
 10
28342.61223736851
 20
-7410.573457035896
 30
0.0
 10
28326.8713133576
 20
-7419.843348012467
 30
0.0
 10
28315.67051948806
 20
-7435.243496252436
 30
0.0
 10
28311.67641371989
 20
-7453.049689711029
 30
0.0
 10
28315.67051948806
 20
-7435.243496252436
 30
0.0
 10
28326.8713133576
 20
-7419.843348012467
 30
0.0
 10
28342.61223736851
 20
-7410.573457035896
 30
0.0
1001
REVIT
1002
{
1070
     1
1000
22909652
1002
}
1002
{
1070
     2
1000
-2000051
1002
}
1002
{
1070
     3
1000
22908212
1002
}
  0
SPLINE
  5
1D7
330
70
100
AcDbEntity
  8
A-COB-___-___-EXI
370
    25
100
AcDbSpline
210
0.0
220
0.0
230
1.0
 70
     9
 71
     3
 72
    11
 73
     7
 74
     0
 42
0.000000001
 43
0.0000000001
 40
0.0
 40
0.0
 40
0.0
 40
0.0
 40
1.0
 40
1.0
 40
1.0
 40
2.0
 40
2.0
 40
2.0
 40
2.0
 10
28395.89546313139
 20
-7404.443199772501
 30
0.0
 10
28418.24390727691
 20
-7411.375819451809
 30
0.0
 10
28435.24777315868
 20
-7429.710321669971
 30
0.0
 10
28440.64236892225
 20
-7452.521380951459
 30
0.0
 10
28435.24777315868
 20
-7429.710321669971
 30
0.0
 10
28418.24390727691
 20
-7411.375819451809
 30
0.0
 10
28395.89546313139
 20
-7404.443199772501
 30
0.0
1001
REVIT
1002
{
1070
     1
1000
22909653
1002
}
1002
{
1070
     2
1000
-2000051
1002
}
1002
{
1070
     3
1000
22908212
1002
}
  0
SPLINE
  5
1DC
330
70
100
AcDbEntity
  8
A-COB-___-___-EXI
370
    25
100
AcDbSpline
210
0.0
220
0.0
230
1.0
 70
     9
 71
     3
 72
    17
 73
    13
 74
     0
 42
0.000000001
 43
0.0000000001
 40
0.0
 40
0.0
 40
0.0
 40
0.0
 40
1.0
 40
1.0
 40
1.0
 40
2.0
 40
2.0
 40
2.0
 40
3.0
 40
3.0
 40
3.0
 40
4.0
 40
4.0
 40
4.0
 40
4.0
 10
28180.42215790003
 20
-7410.573457035896
 30
0.0
 10
28196.16203987971
 20
-7401.303566059325
 30
0.0
 10
28215.04468809907
 20
-7398.963168674727
 30
0.0
 10
28232.57790585412
 20
-7404.101414223903
 30
0.0
 10
28215.04468809907
 20
-7398.963168674727
 30
0.0
 10
28196.16203987971
 20
-7401.303566059325
 30
0.0
 10
28180.42215790003
 20
-7410.573457035896
 30
0.0
 10
28164.68123388912
 20
-7419.843348012467
 30
0.0
 10
28153.48044001958
 20
-7435.243496252436
 30
0.0
 10
28149.48633425142
 20
-7453.049689711029
 30
0.0
 10
28153.48044001958
 20
-7435.243496252436
 30
0.0
 10
28164.68123388912
 20
-7419.843348012467
 30
0.0
 10
28180.42215790003
 20
-7410.573457035896
 30
0.0
1001
REVIT
1002
{
1070
     1
1000
22909659
1002
}
1002
{
1070
     2
1000
-2000051
1002
}
1002
{
1070
     3
1000
22908212
1002
}
  0
SPLINE
  5
1DD
330
70
100
AcDbEntity
  8
A-COB-___-___-EXI
370
    25
100
AcDbSpline
210
0.0
220
0.0
230
1.0
 70
     9
 71
     3
 72
    11
 73
     7
 74
     0
 42
0.000000001
 43
0.0000000001
 40
0.0
 40
0.0
 40
0.0
 40
0.0
 40
1.0
 40
1.0
 40
1.0
 40
2.0
 40
2.0
 40
2.0
 40
2.0
 10
28233.70538366292
 20
-7404.443199772501
 30
0.0
 10
28256.05382780843
 20
-7411.375819451809
 30
0.0
 10
28273.0576936902
 20
-7429.710321669971
 30
0.0
 10
28278.45228945378
 20
-7452.521380951459
 30
0.0
 10
28273.0576936902
 20
-7429.710321669971
 30
0.0
 10
28256.05382780843
 20
-7411.375819451809
 30
0.0
 10
28233.70538366292
 20
-7404.443199772501
 30
0.0
1001
REVIT
1002
{
1070
     1
1000
22909660
1002
}
1002
{
1070
     2
1000
-2000051
1002
}
1002
{
1070
     3
1000
22908212
1002
}
  0
SPLINE
  5
1E2
330
70
100
AcDbEntity
  8
A-COB-___-___-EXI
370
    25
100
AcDbSpline
210
0.0
220
0.0
230
1.0
 70
     9
 71
     3
 72
    17
 73
    13
 74
     0
 42
0.000000001
 43
0.0000000001
 40
0.0
 40
0.0
 40
0.0
 40
0.0
 40
1.0
 40
1.0
 40
1.0
 40
2.0
 40
2.0
 40
2.0
 40
3.0
 40
3.0
 40
3.0
 40
4.0
 40
4.0
 40
4.0
 40
4.0
 10
28018.23207843156
 20
-7410.573457035896
 30
0.0
 10
28033.97196041123
 20
-7401.303566059325
 30
0.0
 10
28052.8546086306
 20
-7398.963168674727
 30
0.0
 10
28070.38782638564
 20
-7404.101414223903
 30
0.0
 10
28052.8546086306
 20
-7398.963168674727
 30
0.0
 10
28033.97196041123
 20
-7401.303566059325
 30
0.0
 10
28018.23207843156
 20
-7410.573457035896
 30
0.0
 10
28002.49115442065
 20
-7419.843348012467
 30
0.0
 10
27991.2903605511
 20
-7435.243496252436
 30
0.0
 10
27987.29625478295
 20
-7453.049689711029
 30
0.0
 10
27991.2903605511
 20
-7435.243496252436
 30
0.0
 10
28002.49115442065
 20
-7419.843348012467
 30
0.0
 10
28018.23207843156
 20
-7410.573457035896
 30
0.0
1001
REVIT
1002
{
1070
     1
1000
22909666
1002
}
1002
{
1070
     2
1000
-2000051
1002
}
1002
{
1070
     3
1000
22908212
1002
}
  0
SPLINE
  5
1E3
330
70
100
AcDbEntity
  8
A-COB-___-___-EXI
370
    25
100
AcDbSpline
210
0.0
220
0.0
230
1.0
 70
     9
 71
     3
 72
    11
 73
     7
 74
     0
 42
0.000000001
 43
0.0000000001
 40
0.0
 40
0.0
 40
0.0
 40
0.0
 40
1.0
 40
1.0
 40
1.0
 40
2.0
 40
2.0
 40
2.0
 40
2.0
 10
28071.51530419444
 20
-7404.443199772501
 30
0.0
 10
28093.86374833995
 20
-7411.375819451809
 30
0.0
 10
28110.86761422173
 20
-7429.710321669971
 30
0.0
 10
28116.2622099853
 20
-7452.521380951459
 30
0.0
 10
28110.86761422173
 20
-7429.710321669971
 30
0.0
 10
28093.86374833995
 20
-7411.375819451809
 30
0.0
 10
28071.51530419444
 20
-7404.443199772501
 30
0.0
1001
REVIT
1002
{
1070
     1
1000
22909667
1002
}
1002
{
1070
     2
1000
-2000051
1002
}
1002
{
1070
     3
1000
22908212
1002
}
  0
SPLINE
  5
1E8
330
70
100
AcDbEntity
  8
A-COB-___-___-EXI
370
    25
100
AcDbSpline
210
0.0
220
0.0
230
1.0
 70
     9
 71
     3
 72
    17
 73
    13
 74
     0
 42
0.000000001
 43
0.0000000001
 40
0.0
 40
0.0
 40
0.0
 40
0.0
 40
1.0
 40
1.0
 40
1.0
 40
2.0
 40
2.0
 40
2.0
 40
3.0
 40
3.0
 40
3.0
 40
4.0
 40
4.0
 40
4.0
 40
4.0
 10
27856.04199896309
 20
-7410.573457035896
 30
0.0
 10
27871.78188094275
 20
-7401.303566059325
 30
0.0
 10
27890.66452916212
 20
-7398.963168674727
 30
0.0
 10
27908.19774691716
 20
-7404.101414223903
 30
0.0
 10
27890.66452916212
 20
-7398.963168674727
 30
0.0
 10
27871.78188094275
 20
-7401.303566059325
 30
0.0
 10
27856.04199896309
 20
-7410.573457035896
 30
0.0
 10
27840.30107495217
 20
-7419.843348012467
 30
0.0
 10
27829.10028108263
 20
-7435.243496252436
 30
0.0
 10
27825.10617531447
 20
-7453.049689711029
 30
0.0
 10
27829.10028108263
 20
-7435.243496252436
 30
0.0
 10
27840.30107495217
 20
-7419.843348012467
 30
0.0
 10
27856.04199896309
 20
-7410.573457035896
 30
0.0
1001
REVIT
1002
{
1070
     1
1000
22909673
1002
}
1002
{
1070
     2
1000
-2000051
1002
}
1002
{
1070
     3
1000
22908212
1002
}
  0
SPLINE
  5
1E9
330
70
100
AcDbEntity
  8
A-COB-___-___-EXI
370
    25
100
AcDbSpline
210
0.0
220
0.0
230
1.0
 70
     9
 71
     3
 72
    11
 73
     7
 74
     0
 42
0.000000001
 43
0.0000000001
 40
0.0
 40
0.0
 40
0.0
 40
0.0
 40
1.0
 40
1.0
 40
1.0
 40
2.0
 40
2.0
 40
2.0
 40
2.0
 10
27909.32522472597
 20
-7404.443199772501
 30
0.0
 10
27931.67366887148
 20
-7411.375819451809
 30
0.0
 10
27948.67753475325
 20
-7429.710321669971
 30
0.0
 10
27954.07213051682
 20
-7452.521380951459
 30
0.0
 10
27948.67753475325
 20
-7429.710321669971
 30
0.0
 10
27931.67366887148
 20
-7411.375819451809
 30
0.0
 10
27909.32522472597
 20
-7404.443199772501
 30
0.0
1001
REVIT
1002
{
1070
     1
1000
22909674
1002
}
1002
{
1070
     2
1000
-2000051
1002
}
1002
{
1070
     3
1000
22908212
1002
}
  0
SPLINE
  5
1EE
330
70
100
AcDbEntity
  8
A-COB-___-___-EXI
370
    25
100
AcDbSpline
210
0.0
220
0.0
230
1.0
 70
     9
 71
     3
 72
    17
 73
    13
 74
     0
 42
0.000000001
 43
0.0000000001
 40
0.0
 40
0.0
 40
0.0
 40
0.0
 40
1.0
 40
1.0
 40
1.0
 40
2.0
 40
2.0
 40
2.0
 40
3.0
 40
3.0
 40
3.0
 40
4.0
 40
4.0
 40
4.0
 40
4.0
 10
27698.12007948063
 20
-7410.573457035896
 30
0.0
 10
27713.86100349154
 20
-7401.303566059325
 30
0.0
 10
27732.74260967967
 20
-7398.963168674727
 30
0.0
 10
27750.2758274347
 20
-7404.101414223903
 30
0.0
 10
27732.74260967967
 20
-7398.963168674727
 30
0.0
 10
27713.86100349154
 20
-7401.303566059325
 30
0.0
 10
27698.12007948063
 20
-7410.573457035896
 30
0.0
 10
27682.37811343846
 20
-7419.843348012467
 30
0.0
 10
27671.17940363141
 20
-7435.243496252436
 30
0.0
 10
27667.184255832
 20
-7453.049689711029
 30
0.0
 10
27671.17940363141
 20
-7435.243496252436
 30
0.0
 10
27682.37811343846
 20
-7419.843348012467
 30
0.0
 10
27698.12007948063
 20
-7410.573457035896
 30
0.0
1001
REVIT
1002
{
1070
     1
1000
22909680
1002
}
1002
{
1070
     2
1000
-2000051
1002
}
1002
{
1070
     3
1000
22908212
1002
}
  0
SPLINE
  5
1EF
330
70
100
AcDbEntity
  8
A-COB-___-___-EXI
370
    25
100
AcDbSpline
210
0.0
220
0.0
230
1.0
 70
     9
 71
     3
 72
    11
 73
     7
 74
     0
 42
0.000000001
 43
0.0000000001
 40
0.0
 40
0.0
 40
0.0
 40
0.0
 40
1.0
 40
1.0
 40
1.0
 40
2.0
 40
2.0
 40
2.0
 40
2.0
 10
27751.4033052435
 20
-7404.443199772501
 30
0.0
 10
27773.75174938902
 20
-7411.375819451809
 30
0.0
 10
27790.75561527079
 20
-7429.710321669971
 30
0.0
 10
27796.15021103436
 20
-7452.521380951459
 30
0.0
 10
27790.75561527079
 20
-7429.710321669971
 30
0.0
 10
27773.75174938902
 20
-7411.375819451809
 30
0.0
 10
27751.4033052435
 20
-7404.443199772501
 30
0.0
1001
REVIT
1002
{
1070
     1
1000
22909681
1002
}
1002
{
1070
     2
1000
-2000051
1002
}
1002
{
1070
     3
1000
22908212
1002
}
  0
SPLINE
  5
1F4
330
70
100
AcDbEntity
  8
A-COB-___-___-EXI
370
    25
100
AcDbSpline
210
0.0
220
0.0
230
1.0
 70
     9
 71
     3
 72
    17
 73
    13
 74
     0
 42
0.000000001
 43
0.0000000001
 40
0.0
 40
0.0
 40
0.0
 40
0.0
 40
1.0
 40
1.0
 40
1.0
 40
2.0
 40
2.0
 40
2.0
 40
3.0
 40
3.0
 40
3.0
 40
4.0
 40
4.0
 40
4.0
 40
4.0
 10
27535.93000001215
 20
-7410.573457035896
 30
0.0
 10
27551.67092402306
 20
-7401.303566059325
 30
0.0
 10
27570.55253021118
 20
-7398.963168674727
 30
0.0
 10
27588.08574796623
 20
-7404.101414223903
 30
0.0
 10
27570.55253021118
 20
-7398.963168674727
 30
0.0
 10
27551.67092402306
 20
-7401.303566059325
 30
0.0
 10
27535.93000001215
 20
-7410.573457035896
 30
0.0
 10
27520.18803396999
 20
-7419.843348012467
 30
0.0
 10
27508.98932416294
 20
-7435.243496252436
 30
0.0
 10
27504.99417636353
 20
-7453.049689711029
 30
0.0
 10
27508.98932416294
 20
-7435.243496252436
 30
0.0
 10
27520.18803396999
 20
-7419.843348012467
 30
0.0
 10
27535.93000001215
 20
-7410.573457035896
 30
0.0
1001
REVIT
1002
{
1070
     1
1000
22909687
1002
}
1002
{
1070
     2
1000
-2000051
1002
}
1002
{
1070
     3
1000
22908212
1002
}
  0
SPLINE
  5
1F5
330
70
100
AcDbEntity
  8
A-COB-___-___-EXI
370
    25
100
AcDbSpline
210
0.0
220
0.0
230
1.0
 70
     9
 71
     3
 72
    11
 73
     7
 74
     0
 42
0.000000001
 43
0.0000000001
 40
0.0
 40
0.0
 40
0.0
 40
0.0
 40
1.0
 40
1.0
 40
1.0
 40
2.0
 40
2.0
 40
2.0
 40
2.0
 10
27589.21322577503
 20
-7404.443199772501
 30
0.0
 10
27611.56166992054
 20
-7411.375819451809
 30
0.0
 10
27628.56553580232
 20
-7429.710321669971
 30
0.0
 10
27633.96013156589
 20
-7452.521380951459
 30
0.0
 10
27628.56553580232
 20
-7429.710321669971
 30
0.0
 10
27611.56166992054
 20
-7411.375819451809
 30
0.0
 10
27589.21322577503
 20
-7404.443199772501
 30
0.0
1001
REVIT
1002
{
1070
     1
1000
22909688
1002
}
1002
{
1070
     2
1000
-2000051
1002
}
1002
{
1070
     3
1000
22908212
1002
}
  0
SPLINE
  5
1FA
330
70
100
AcDbEntity
  8
A-COB-___-___-EXI
370
    25
100
AcDbSpline
210
0.0
220
0.0
230
1.0
 70
     9
 71
     3
 72
    17
 73
    13
 74
     0
 42
0.000000001
 43
0.0000000001
 40
0.0
 40
0.0
 40
0.0
 40
0.0
 40
1.0
 40
1.0
 40
1.0
 40
2.0
 40
2.0
 40
2.0
 40
3.0
 40
3.0
 40
3.0
 40
4.0
 40
4.0
 40
4.0
 40
4.0
 10
27373.73992054367
 20
-7410.573457035896
 30
0.0
 10
27389.48084455459
 20
-7401.303566059325
 30
0.0
 10
27408.36245074271
 20
-7398.963168674727
 30
0.0
 10
27425.89566849775
 20
-7404.101414223903
 30
0.0
 10
27408.36245074271
 20
-7398.963168674727
 30
0.0
 10
27389.48084455459
 20
-7401.303566059325
 30
0.0
 10
27373.73992054367
 20
-7410.573457035896
 30
0.0
 10
27357.99795450151
 20
-7419.843348012467
 30
0.0
 10
27346.79924469446
 20
-7435.243496252436
 30
0.0
 10
27342.80409689505
 20
-7453.049689711029
 30
0.0
 10
27346.79924469446
 20
-7435.243496252436
 30
0.0
 10
27357.99795450151
 20
-7419.843348012467
 30
0.0
 10
27373.73992054367
 20
-7410.573457035896
 30
0.0
1001
REVIT
1002
{
1070
     1
1000
22909694
1002
}
1002
{
1070
     2
1000
-2000051
1002
}
1002
{
1070
     3
1000
22908212
1002
}
  0
SPLINE
  5
1FB
330
70
100
AcDbEntity
  8
A-COB-___-___-EXI
370
    25
100
AcDbSpline
210
0.0
220
0.0
230
1.0
 70
     9
 71
     3
 72
    11
 73
     7
 74
     0
 42
0.000000001
 43
0.0000000001
 40
0.0
 40
0.0
 40
0.0
 40
0.0
 40
1.0
 40
1.0
 40
1.0
 40
2.0
 40
2.0
 40
2.0
 40
2.0
 10
27427.02314630656
 20
-7404.443199772501
 30
0.0
 10
27449.37159045206
 20
-7411.375819451809
 30
0.0
 10
27466.37545633384
 20
-7429.710321669971
 30
0.0
 10
27471.77005209742
 20
-7452.521380951459
 30
0.0
 10
27466.37545633384
 20
-7429.710321669971
 30
0.0
 10
27449.37159045206
 20
-7411.375819451809
 30
0.0
 10
27427.02314630656
 20
-7404.443199772501
 30
0.0
1001
REVIT
1002
{
1070
     1
1000
22909695
1002
}
1002
{
1070
     2
1000
-2000051
1002
}
1002
{
1070
     3
1000
22908212
1002
}
  0
SPLINE
  5
200
330
70
100
AcDbEntity
  8
A-COB-___-___-EXI
370
    25
100
AcDbSpline
210
0.0
220
0.0
230
1.0
 70
     9
 71
     3
 72
    17
 73
    13
 74
     0
 42
0.000000001
 43
0.0000000001
 40
0.0
 40
0.0
 40
0.0
 40
0.0
 40
1.0
 40
1.0
 40
1.0
 40
2.0
 40
2.0
 40
2.0
 40
3.0
 40
3.0
 40
3.0
 40
4.0
 40
4.0
 40
4.0
 40
4.0
 10
27211.5498410752
 20
-7410.573457035896
 30
0.0
 10
27227.29076508611
 20
-7401.303566059325
 30
0.0
 10
27246.17237127424
 20
-7398.963168674727
 30
0.0
 10
27263.70558902928
 20
-7404.101414223903
 30
0.0
 10
27246.17237127424
 20
-7398.963168674727
 30
0.0
 10
27227.29076508611
 20
-7401.303566059325
 30
0.0
 10
27211.5498410752
 20
-7410.573457035896
 30
0.0
 10
27195.80787503304
 20
-7419.843348012467
 30
0.0
 10
27184.60916522599
 20
-7435.243496252436
 30
0.0
 10
27180.61401742658
 20
-7453.049689711029
 30
0.0
 10
27184.60916522599
 20
-7435.243496252436
 30
0.0
 10
27195.80787503304
 20
-7419.843348012467
 30
0.0
 10
27211.5498410752
 20
-7410.573457035896
 30
0.0
1001
REVIT
1002
{
1070
     1
1000
22909701
1002
}
1002
{
1070
     2
1000
-2000051
1002
}
1002
{
1070
     3
1000
22908212
1002
}
  0
SPLINE
  5
201
330
70
100
AcDbEntity
  8
A-COB-___-___-EXI
370
    25
100
AcDbSpline
210
0.0
220
0.0
230
1.0
 70
     9
 71
     3
 72
    11
 73
     7
 74
     0
 42
0.000000001
 43
0.0000000001
 40
0.0
 40
0.0
 40
0.0
 40
0.0
 40
1.0
 40
1.0
 40
1.0
 40
2.0
 40
2.0
 40
2.0
 40
2.0
 10
27264.83306683808
 20
-7404.443199772501
 30
0.0
 10
27287.18151098359
 20
-7411.375819451809
 30
0.0
 10
27304.18537686536
 20
-7429.710321669971
 30
0.0
 10
27309.57997262894
 20
-7452.521380951459
 30
0.0
 10
27304.18537686536
 20
-7429.710321669971
 30
0.0
 10
27287.18151098359
 20
-7411.375819451809
 30
0.0
 10
27264.83306683808
 20
-7404.443199772501
 30
0.0
1001
REVIT
1002
{
1070
     1
1000
22909702
1002
}
1002
{
1070
     2
1000
-2000051
1002
}
1002
{
1070
     3
1000
22908212
1002
}
  0
SPLINE
  5
206
330
70
100
AcDbEntity
  8
A-COB-___-___-EXI
370
    25
100
AcDbSpline
210
0.0
220
0.0
230
1.0
 70
     9
 71
     3
 72
    17
 73
    13
 74
     0
 42
0.000000001
 43
0.0000000001
 40
0.0
 40
0.0
 40
0.0
 40
0.0
 40
1.0
 40
1.0
 40
1.0
 40
2.0
 40
2.0
 40
2.0
 40
3.0
 40
3.0
 40
3.0
 40
4.0
 40
4.0
 40
4.0
 40
4.0
 10
27049.35976160673
 20
-7410.573457035896
 30
0.0
 10
27065.10068561763
 20
-7401.303566059325
 30
0.0
 10
27083.98229180576
 20
-7398.963168674727
 30
0.0
 10
27101.5155095608
 20
-7404.101414223903
 30
0.0
 10
27083.98229180576
 20
-7398.963168674727
 30
0.0
 10
27065.10068561763
 20
-7401.303566059325
 30
0.0
 10
27049.35976160673
 20
-7410.573457035896
 30
0.0
 10
27033.61779556457
 20
-7419.843348012467
 30
0.0
 10
27022.41908575752
 20
-7435.243496252436
 30
0.0
 10
27018.42393795811
 20
-7453.049689711029
 30
0.0
 10
27022.41908575752
 20
-7435.243496252436
 30
0.0
 10
27033.61779556457
 20
-7419.843348012467
 30
0.0
 10
27049.35976160673
 20
-7410.573457035896
 30
0.0
1001
REVIT
1002
{
1070
     1
1000
22909708
1002
}
1002
{
1070
     2
1000
-2000051
1002
}
1002
{
1070
     3
1000
22908212
1002
}
  0
SPLINE
  5
207
330
70
100
AcDbEntity
  8
A-COB-___-___-EXI
370
    25
100
AcDbSpline
210
0.0
220
0.0
230
1.0
 70
     9
 71
     3
 72
    11
 73
     7
 74
     0
 42
0.000000001
 43
0.0000000001
 40
0.0
 40
0.0
 40
0.0
 40
0.0
 40
1.0
 40
1.0
 40
1.0
 40
2.0
 40
2.0
 40
2.0
 40
2.0
 10
27102.6429873696
 20
-7404.443199772501
 30
0.0
 10
27124.99143151511
 20
-7411.375819451809
 30
0.0
 10
27141.99529739689
 20
-7429.710321669971
 30
0.0
 10
27147.38989316046
 20
-7452.521380951459
 30
0.0
 10
27141.99529739689
 20
-7429.710321669971
 30
0.0
 10
27124.99143151511
 20
-7411.375819451809
 30
0.0
 10
27102.6429873696
 20
-7404.443199772501
 30
0.0
1001
REVIT
1002
{
1070
     1
1000
22909709
1002
}
1002
{
1070
     2
1000
-2000051
1002
}
1002
{
1070
     3
1000
22908212
1002
}
  0
SPLINE
  5
20C
330
70
100
AcDbEntity
  8
A-COB-___-___-EXI
370
    25
100
AcDbSpline
210
0.0
220
0.0
230
1.0
 70
     9
 71
     3
 72
    17
 73
    13
 74
     0
 42
0.000000001
 43
0.0000000001
 40
0.0
 40
0.0
 40
0.0
 40
0.0
 40
1.0
 40
1.0
 40
1.0
 40
2.0
 40
2.0
 40
2.0
 40
3.0
 40
3.0
 40
3.0
 40
4.0
 40
4.0
 40
4.0
 40
4.0
 10
26887.16968213824
 20
-7410.573457035896
 30
0.0
 10
26902.91060614916
 20
-7401.303566059325
 30
0.0
 10
26921.79221233728
 20
-7398.963168674727
 30
0.0
 10
26939.32543009232
 20
-7404.101414223903
 30
0.0
 10
26921.79221233728
 20
-7398.963168674727
 30
0.0
 10
26902.91060614916
 20
-7401.303566059325
 30
0.0
 10
26887.16968213824
 20
-7410.573457035896
 30
0.0
 10
26871.42771609609
 20
-7419.843348012467
 30
0.0
 10
26860.22900628904
 20
-7435.243496252436
 30
0.0
 10
26856.23385848963
 20
-7453.049689711029
 30
0.0
 10
26860.22900628904
 20
-7435.243496252436
 30
0.0
 10
26871.42771609609
 20
-7419.843348012467
 30
0.0
 10
26887.16968213824
 20
-7410.573457035896
 30
0.0
1001
REVIT
1002
{
1070
     1
1000
22909715
1002
}
1002
{
1070
     2
1000
-2000051
1002
}
1002
{
1070
     3
1000
22908212
1002
}
  0
SPLINE
  5
20D
330
70
100
AcDbEntity
  8
A-COB-___-___-EXI
370
    25
100
AcDbSpline
210
0.0
220
0.0
230
1.0
 70
     9
 71
     3
 72
    11
 73
     7
 74
     0
 42
0.000000001
 43
0.0000000001
 40
0.0
 40
0.0
 40
0.0
 40
0.0
 40
1.0
 40
1.0
 40
1.0
 40
2.0
 40
2.0
 40
2.0
 40
2.0
 10
26940.45290790113
 20
-7404.443199772501
 30
0.0
 10
26962.80135204664
 20
-7411.375819451809
 30
0.0
 10
26979.80521792842
 20
-7429.710321669971
 30
0.0
 10
26985.19981369198
 20
-7452.521380951459
 30
0.0
 10
26979.80521792842
 20
-7429.710321669971
 30
0.0
 10
26962.80135204664
 20
-7411.375819451809
 30
0.0
 10
26940.45290790113
 20
-7404.443199772501
 30
0.0
1001
REVIT
1002
{
1070
     1
1000
22909716
1002
}
1002
{
1070
     2
1000
-2000051
1002
}
1002
{
1070
     3
1000
22908212
1002
}
  0
SPLINE
  5
212
330
70
100
AcDbEntity
  8
A-COB-___-___-EXI
370
    25
100
AcDbSpline
210
0.0
220
0.0
230
1.0
 70
     9
 71
     3
 72
    17
 73
    13
 74
     0
 42
0.000000001
 43
0.0000000001
 40
0.0
 40
0.0
 40
0.0
 40
0.0
 40
1.0
 40
1.0
 40
1.0
 40
2.0
 40
2.0
 40
2.0
 40
3.0
 40
3.0
 40
3.0
 40
4.0
 40
4.0
 40
4.0
 40
4.0
 10
26724.97960266977
 20
-7410.573457035896
 30
0.0
 10
26740.72052668069
 20
-7401.303566059325
 30
0.0
 10
26759.60213286881
 20
-7398.963168674727
 30
0.0
 10
26777.13535062384
 20
-7404.101414223903
 30
0.0
 10
26759.60213286881
 20
-7398.963168674727
 30
0.0
 10
26740.72052668069
 20
-7401.303566059325
 30
0.0
 10
26724.97960266977
 20
-7410.573457035896
 30
0.0
 10
26709.23763662761
 20
-7419.843348012467
 30
0.0
 10
26698.03892682056
 20
-7435.243496252436
 30
0.0
 10
26694.04377902115
 20
-7453.049689711029
 30
0.0
 10
26698.03892682056
 20
-7435.243496252436
 30
0.0
 10
26709.23763662761
 20
-7419.843348012467
 30
0.0
 10
26724.97960266977
 20
-7410.573457035896
 30
0.0
1001
REVIT
1002
{
1070
     1
1000
22909722
1002
}
1002
{
1070
     2
1000
-2000051
1002
}
1002
{
1070
     3
1000
22908212
1002
}
  0
SPLINE
  5
213
330
70
100
AcDbEntity
  8
A-COB-___-___-EXI
370
    25
100
AcDbSpline
210
0.0
220
0.0
230
1.0
 70
     9
 71
     3
 72
    11
 73
     7
 74
     0
 42
0.000000001
 43
0.0000000001
 40
0.0
 40
0.0
 40
0.0
 40
0.0
 40
1.0
 40
1.0
 40
1.0
 40
2.0
 40
2.0
 40
2.0
 40
2.0
 10
26778.26282843265
 20
-7404.443199772501
 30
0.0
 10
26800.61127257816
 20
-7411.375819451809
 30
0.0
 10
26817.61513845994
 20
-7429.710321669971
 30
0.0
 10
26823.00973422351
 20
-7452.521380951459
 30
0.0
 10
26817.61513845994
 20
-7429.710321669971
 30
0.0
 10
26800.61127257816
 20
-7411.375819451809
 30
0.0
 10
26778.26282843265
 20
-7404.443199772501
 30
0.0
1001
REVIT
1002
{
1070
     1
1000
22909723
1002
}
1002
{
1070
     2
1000
-2000051
1002
}
1002
{
1070
     3
1000
22908212
1002
}
  0
SPLINE
  5
218
330
70
100
AcDbEntity
  8
A-COB-___-___-EXI
370
    25
100
AcDbSpline
210
0.0
220
0.0
230
1.0
 70
     9
 71
     3
 72
    17
 73
    13
 74
     0
 42
0.000000001
 43
0.0000000001
 40
0.0
 40
0.0
 40
0.0
 40
0.0
 40
1.0
 40
1.0
 40
1.0
 40
2.0
 40
2.0
 40
2.0
 40
3.0
 40
3.0
 40
3.0
 40
4.0
 40
4.0
 40
4.0
 40
4.0
 10
26562.7895232013
 20
-7410.573457035896
 30
0.0
 10
26578.53044721221
 20
-7401.303566059325
 30
0.0
 10
26597.41205340033
 20
-7398.963168674727
 30
0.0
 10
26614.94527115537
 20
-7404.101414223903
 30
0.0
 10
26597.41205340033
 20
-7398.963168674727
 30
0.0
 10
26578.53044721221
 20
-7401.303566059325
 30
0.0
 10
26562.7895232013
 20
-7410.573457035896
 30
0.0
 10
26547.04755715914
 20
-7419.843348012467
 30
0.0
 10
26535.84884735208
 20
-7435.243496252436
 30
0.0
 10
26531.85369955268
 20
-7453.049689711029
 30
0.0
 10
26535.84884735208
 20
-7435.243496252436
 30
0.0
 10
26547.04755715914
 20
-7419.843348012467
 30
0.0
 10
26562.7895232013
 20
-7410.573457035896
 30
0.0
1001
REVIT
1002
{
1070
     1
1000
22909729
1002
}
1002
{
1070
     2
1000
-2000051
1002
}
1002
{
1070
     3
1000
22908212
1002
}
  0
SPLINE
  5
219
330
70
100
AcDbEntity
  8
A-COB-___-___-EXI
370
    25
100
AcDbSpline
210
0.0
220
0.0
230
1.0
 70
     9
 71
     3
 72
    11
 73
     7
 74
     0
 42
0.000000001
 43
0.0000000001
 40
0.0
 40
0.0
 40
0.0
 40
0.0
 40
1.0
 40
1.0
 40
1.0
 40
2.0
 40
2.0
 40
2.0
 40
2.0
 10
26616.07274896418
 20
-7404.443199772501
 30
0.0
 10
26638.42119310969
 20
-7411.375819451809
 30
0.0
 10
26655.42505899146
 20
-7429.710321669971
 30
0.0
 10
26660.81965475503
 20
-7452.521380951459
 30
0.0
 10
26655.42505899146
 20
-7429.710321669971
 30
0.0
 10
26638.42119310969
 20
-7411.375819451809
 30
0.0
 10
26616.07274896418
 20
-7404.443199772501
 30
0.0
1001
REVIT
1002
{
1070
     1
1000
22909730
1002
}
1002
{
1070
     2
1000
-2000051
1002
}
1002
{
1070
     3
1000
22908212
1002
}
  0
SPLINE
  5
21E
330
70
100
AcDbEntity
  8
A-COB-___-___-EXI
370
    25
100
AcDbSpline
210
0.0
220
0.0
230
1.0
 70
     9
 71
     3
 72
    17
 73
    13
 74
     0
 42
0.000000001
 43
0.0000000001
 40
0.0
 40
0.0
 40
0.0
 40
0.0
 40
1.0
 40
1.0
 40
1.0
 40
2.0
 40
2.0
 40
2.0
 40
3.0
 40
3.0
 40
3.0
 40
4.0
 40
4.0
 40
4.0
 40
4.0
 10
26400.59944373282
 20
-7410.573457035896
 30
0.0
 10
26416.34036774374
 20
-7401.303566059325
 30
0.0
 10
26435.22197393186
 20
-7398.963168674727
 30
0.0
 10
26452.7551916869
 20
-7404.101414223903
 30
0.0
 10
26435.22197393186
 20
-7398.963168674727
 30
0.0
 10
26416.34036774374
 20
-7401.303566059325
 30
0.0
 10
26400.59944373282
 20
-7410.573457035896
 30
0.0
 10
26384.85747769066
 20
-7419.843348012467
 30
0.0
 10
26373.65876788361
 20
-7435.243496252436
 30
0.0
 10
26369.6636200842
 20
-7453.049689711029
 30
0.0
 10
26373.65876788361
 20
-7435.243496252436
 30
0.0
 10
26384.85747769066
 20
-7419.843348012467
 30
0.0
 10
26400.59944373282
 20
-7410.573457035896
 30
0.0
1001
REVIT
1002
{
1070
     1
1000
22909736
1002
}
1002
{
1070
     2
1000
-2000051
1002
}
1002
{
1070
     3
1000
22908212
1002
}
  0
SPLINE
  5
21F
330
70
100
AcDbEntity
  8
A-COB-___-___-EXI
370
    25
100
AcDbSpline
210
0.0
220
0.0
230
1.0
 70
     9
 71
     3
 72
    11
 73
     7
 74
     0
 42
0.000000001
 43
0.0000000001
 40
0.0
 40
0.0
 40
0.0
 40
0.0
 40
1.0
 40
1.0
 40
1.0
 40
2.0
 40
2.0
 40
2.0
 40
2.0
 10
26453.8826694957
 20
-7404.443199772501
 30
0.0
 10
26476.23111364121
 20
-7411.375819451809
 30
0.0
 10
26493.23497952299
 20
-7429.710321669971
 30
0.0
 10
26498.62957528656
 20
-7452.521380951459
 30
0.0
 10
26493.23497952299
 20
-7429.710321669971
 30
0.0
 10
26476.23111364121
 20
-7411.375819451809
 30
0.0
 10
26453.8826694957
 20
-7404.443199772501
 30
0.0
1001
REVIT
1002
{
1070
     1
1000
22909737
1002
}
1002
{
1070
     2
1000
-2000051
1002
}
1002
{
1070
     3
1000
22908212
1002
}
  0
SPLINE
  5
224
330
70
100
AcDbEntity
  8
A-COB-___-___-EXI
370
    25
100
AcDbSpline
210
0.0
220
0.0
230
1.0
 70
     9
 71
     3
 72
    17
 73
    13
 74
     0
 42
0.000000001
 43
0.0000000001
 40
0.0
 40
0.0
 40
0.0
 40
0.0
 40
1.0
 40
1.0
 40
1.0
 40
2.0
 40
2.0
 40
2.0
 40
3.0
 40
3.0
 40
3.0
 40
4.0
 40
4.0
 40
4.0
 40
4.0
 10
26238.40936426435
 20
-7410.573457035896
 30
0.0
 10
26254.15028827526
 20
-7401.303566059325
 30
0.0
 10
26273.03189446339
 20
-7398.963168674727
 30
0.0
 10
26290.56511221842
 20
-7404.101414223903
 30
0.0
 10
26273.03189446339
 20
-7398.963168674727
 30
0.0
 10
26254.15028827526
 20
-7401.303566059325
 30
0.0
 10
26238.40936426435
 20
-7410.573457035896
 30
0.0
 10
26222.66739822218
 20
-7419.843348012467
 30
0.0
 10
26211.46868841513
 20
-7435.243496252436
 30
0.0
 10
26207.47354061573
 20
-7453.049689711029
 30
0.0
 10
26211.46868841513
 20
-7435.243496252436
 30
0.0
 10
26222.66739822218
 20
-7419.843348012467
 30
0.0
 10
26238.40936426435
 20
-7410.573457035896
 30
0.0
1001
REVIT
1002
{
1070
     1
1000
22909743
1002
}
1002
{
1070
     2
1000
-2000051
1002
}
1002
{
1070
     3
1000
22908212
1002
}
  0
SPLINE
  5
225
330
70
100
AcDbEntity
  8
A-COB-___-___-EXI
370
    25
100
AcDbSpline
210
0.0
220
0.0
230
1.0
 70
     9
 71
     3
 72
    11
 73
     7
 74
     0
 42
0.000000001
 43
0.0000000001
 40
0.0
 40
0.0
 40
0.0
 40
0.0
 40
1.0
 40
1.0
 40
1.0
 40
2.0
 40
2.0
 40
2.0
 40
2.0
 10
26291.69259002723
 20
-7404.443199772501
 30
0.0
 10
26314.04103417274
 20
-7411.375819451809
 30
0.0
 10
26331.04490005452
 20
-7429.710321669971
 30
0.0
 10
26336.43949581808
 20
-7452.521380951459
 30
0.0
 10
26331.04490005452
 20
-7429.710321669971
 30
0.0
 10
26314.04103417274
 20
-7411.375819451809
 30
0.0
 10
26291.69259002723
 20
-7404.443199772501
 30
0.0
1001
REVIT
1002
{
1070
     1
1000
22909744
1002
}
1002
{
1070
     2
1000
-2000051
1002
}
1002
{
1070
     3
1000
22908212
1002
}
  0
SPLINE
  5
22A
330
70
100
AcDbEntity
  8
A-COB-___-___-EXI
370
    25
100
AcDbSpline
210
0.0
220
0.0
230
1.0
 70
     9
 71
     3
 72
    17
 73
    13
 74
     0
 42
0.000000001
 43
0.0000000001
 40
0.0
 40
0.0
 40
0.0
 40
0.0
 40
1.0
 40
1.0
 40
1.0
 40
2.0
 40
2.0
 40
2.0
 40
3.0
 40
3.0
 40
3.0
 40
4.0
 40
4.0
 40
4.0
 40
4.0
 10
26076.21928479587
 20
-7410.573457035896
 30
0.0
 10
26091.96020880678
 20
-7401.303566059325
 30
0.0
 10
26110.8418149949
 20
-7398.963168674727
 30
0.0
 10
26128.37503274995
 20
-7404.101414223903
 30
0.0
 10
26110.8418149949
 20
-7398.963168674727
 30
0.0
 10
26091.96020880678
 20
-7401.303566059325
 30
0.0
 10
26076.21928479587
 20
-7410.573457035896
 30
0.0
 10
26060.47731875371
 20
-7419.843348012467
 30
0.0
 10
26049.27860894666
 20
-7435.243496252436
 30
0.0
 10
26045.28346114725
 20
-7453.049689711029
 30
0.0
 10
26049.27860894666
 20
-7435.243496252436
 30
0.0
 10
26060.47731875371
 20
-7419.843348012467
 30
0.0
 10
26076.21928479587
 20
-7410.573457035896
 30
0.0
1001
REVIT
1002
{
1070
     1
1000
22909750
1002
}
1002
{
1070
     2
1000
-2000051
1002
}
1002
{
1070
     3
1000
22908212
1002
}
  0
SPLINE
  5
22B
330
70
100
AcDbEntity
  8
A-COB-___-___-EXI
370
    25
100
AcDbSpline
210
0.0
220
0.0
230
1.0
 70
     9
 71
     3
 72
    11
 73
     7
 74
     0
 42
0.000000001
 43
0.0000000001
 40
0.0
 40
0.0
 40
0.0
 40
0.0
 40
1.0
 40
1.0
 40
1.0
 40
2.0
 40
2.0
 40
2.0
 40
2.0
 10
26129.50251055875
 20
-7404.443199772501
 30
0.0
 10
26151.85095470426
 20
-7411.375819451809
 30
0.0
 10
26168.85482058604
 20
-7429.710321669971
 30
0.0
 10
26174.24941634961
 20
-7452.521380951459
 30
0.0
 10
26168.85482058604
 20
-7429.710321669971
 30
0.0
 10
26151.85095470426
 20
-7411.375819451809
 30
0.0
 10
26129.50251055875
 20
-7404.443199772501
 30
0.0
1001
REVIT
1002
{
1070
     1
1000
22909751
1002
}
1002
{
1070
     2
1000
-2000051
1002
}
1002
{
1070
     3
1000
22908212
1002
}
  0
SPLINE
  5
230
330
70
100
AcDbEntity
  8
A-COB-___-___-EXI
370
    25
100
AcDbSpline
210
0.0
220
0.0
230
1.0
 70
     9
 71
     3
 72
    17
 73
    13
 74
     0
 42
0.000000001
 43
0.0000000001
 40
0.0
 40
0.0
 40
0.0
 40
0.0
 40
1.0
 40
1.0
 40
1.0
 40
2.0
 40
2.0
 40
2.0
 40
3.0
 40
3.0
 40
3.0
 40
4.0
 40
4.0
 40
4.0
 40
4.0
 10
25918.29736531341
 20
-7410.573457035896
 30
0.0
 10
25934.03724729307
 20
-7401.303566059325
 30
0.0
 10
25952.91989551244
 20
-7398.963168674727
 30
0.0
 10
25970.45311326749
 20
-7404.101414223903
 30
0.0
 10
25952.91989551244
 20
-7398.963168674727
 30
0.0
 10
25934.03724729307
 20
-7401.303566059325
 30
0.0
 10
25918.29736531341
 20
-7410.573457035896
 30
0.0
 10
25902.55644130249
 20
-7419.843348012467
 30
0.0
 10
25891.35564743295
 20
-7435.243496252436
 30
0.0
 10
25887.36154166479
 20
-7453.049689711029
 30
0.0
 10
25891.35564743295
 20
-7435.243496252436
 30
0.0
 10
25902.55644130249
 20
-7419.843348012467
 30
0.0
 10
25918.29736531341
 20
-7410.573457035896
 30
0.0
1001
REVIT
1002
{
1070
     1
1000
22909757
1002
}
1002
{
1070
     2
1000
-2000051
1002
}
1002
{
1070
     3
1000
22908212
1002
}
  0
SPLINE
  5
231
330
70
100
AcDbEntity
  8
A-COB-___-___-EXI
370
    25
100
AcDbSpline
210
0.0
220
0.0
230
1.0
 70
     9
 71
     3
 72
    11
 73
     7
 74
     0
 42
0.000000001
 43
0.0000000001
 40
0.0
 40
0.0
 40
0.0
 40
0.0
 40
1.0
 40
1.0
 40
1.0
 40
2.0
 40
2.0
 40
2.0
 40
2.0
 10
25971.58059107629
 20
-7404.443199772501
 30
0.0
 10
25993.9290352218
 20
-7411.375819451809
 30
0.0
 10
26010.93290110358
 20
-7429.710321669971
 30
0.0
 10
26016.32749686714
 20
-7452.521380951459
 30
0.0
 10
26010.93290110358
 20
-7429.710321669971
 30
0.0
 10
25993.9290352218
 20
-7411.375819451809
 30
0.0
 10
25971.58059107629
 20
-7404.443199772501
 30
0.0
1001
REVIT
1002
{
1070
     1
1000
22909758
1002
}
1002
{
1070
     2
1000
-2000051
1002
}
1002
{
1070
     3
1000
22908212
1002
}
  0
SPLINE
  5
236
330
70
100
AcDbEntity
  8
A-COB-___-___-EXI
370
    25
100
AcDbSpline
210
0.0
220
0.0
230
1.0
 70
     9
 71
     3
 72
    17
 73
    13
 74
     0
 42
0.000000001
 43
0.0000000001
 40
0.0
 40
0.0
 40
0.0
 40
0.0
 40
1.0
 40
1.0
 40
1.0
 40
2.0
 40
2.0
 40
2.0
 40
3.0
 40
3.0
 40
3.0
 40
4.0
 40
4.0
 40
4.0
 40
4.0
 10
25756.10728584493
 20
-7410.573457035896
 30
0.0
 10
25771.8471678246
 20
-7401.303566059325
 30
0.0
 10
25790.72981604397
 20
-7398.963168674727
 30
0.0
 10
25808.26303379901
 20
-7404.101414223903
 30
0.0
 10
25790.72981604397
 20
-7398.963168674727
 30
0.0
 10
25771.8471678246
 20
-7401.303566059325
 30
0.0
 10
25756.10728584493
 20
-7410.573457035896
 30
0.0
 10
25740.36636183402
 20
-7419.843348012467
 30
0.0
 10
25729.16556796448
 20
-7435.243496252436
 30
0.0
 10
25725.17146219631
 20
-7453.049689711029
 30
0.0
 10
25729.16556796448
 20
-7435.243496252436
 30
0.0
 10
25740.36636183402
 20
-7419.843348012467
 30
0.0
 10
25756.10728584493
 20
-7410.573457035896
 30
0.0
1001
REVIT
1002
{
1070
     1
1000
22909764
1002
}
1002
{
1070
     2
1000
-2000051
1002
}
1002
{
1070
     3
1000
22908212
1002
}
  0
SPLINE
  5
237
330
70
100
AcDbEntity
  8
A-COB-___-___-EXI
370
    25
100
AcDbSpline
210
0.0
220
0.0
230
1.0
 70
     9
 71
     3
 72
    11
 73
     7
 74
     0
 42
0.000000001
 43
0.0000000001
 40
0.0
 40
0.0
 40
0.0
 40
0.0
 40
1.0
 40
1.0
 40
1.0
 40
2.0
 40
2.0
 40
2.0
 40
2.0
 10
25809.39051160781
 20
-7404.443199772501
 30
0.0
 10
25831.73895575333
 20
-7411.375819451809
 30
0.0
 10
25848.7428216351
 20
-7429.710321669971
 30
0.0
 10
25854.13741739867
 20
-7452.521380951459
 30
0.0
 10
25848.7428216351
 20
-7429.710321669971
 30
0.0
 10
25831.73895575333
 20
-7411.375819451809
 30
0.0
 10
25809.39051160781
 20
-7404.443199772501
 30
0.0
1001
REVIT
1002
{
1070
     1
1000
22909765
1002
}
1002
{
1070
     2
1000
-2000051
1002
}
1002
{
1070
     3
1000
22908212
1002
}
  0
SPLINE
  5
23C
330
70
100
AcDbEntity
  8
A-COB-___-___-EXI
370
    25
100
AcDbSpline
210
0.0
220
0.0
230
1.0
 70
     9
 71
     3
 72
    17
 73
    13
 74
     0
 42
0.000000001
 43
0.0000000001
 40
0.0
 40
0.0
 40
0.0
 40
0.0
 40
1.0
 40
1.0
 40
1.0
 40
2.0
 40
2.0
 40
2.0
 40
3.0
 40
3.0
 40
3.0
 40
4.0
 40
4.0
 40
4.0
 40
4.0
 10
25593.91720637646
 20
-7410.573457035896
 30
0.0
 10
25609.65708835613
 20
-7401.303566059325
 30
0.0
 10
25628.53973657549
 20
-7398.963168674727
 30
0.0
 10
25646.07295433053
 20
-7404.101414223903
 30
0.0
 10
25628.53973657549
 20
-7398.963168674727
 30
0.0
 10
25609.65708835613
 20
-7401.303566059325
 30
0.0
 10
25593.91720637646
 20
-7410.573457035896
 30
0.0
 10
25578.17628236554
 20
-7419.843348012467
 30
0.0
 10
25566.975488496
 20
-7435.243496252436
 30
0.0
 10
25562.98138272784
 20
-7453.049689711029
 30
0.0
 10
25566.975488496
 20
-7435.243496252436
 30
0.0
 10
25578.17628236554
 20
-7419.843348012467
 30
0.0
 10
25593.91720637646
 20
-7410.573457035896
 30
0.0
1001
REVIT
1002
{
1070
     1
1000
22909771
1002
}
1002
{
1070
     2
1000
-2000051
1002
}
1002
{
1070
     3
1000
22908212
1002
}
  0
SPLINE
  5
23D
330
70
100
AcDbEntity
  8
A-COB-___-___-EXI
370
    25
100
AcDbSpline
210
0.0
220
0.0
230
1.0
 70
     9
 71
     3
 72
    11
 73
     7
 74
     0
 42
0.000000001
 43
0.0000000001
 40
0.0
 40
0.0
 40
0.0
 40
0.0
 40
1.0
 40
1.0
 40
1.0
 40
2.0
 40
2.0
 40
2.0
 40
2.0
 10
25647.20043213934
 20
-7404.443199772501
 30
0.0
 10
25669.54887628485
 20
-7411.375819451809
 30
0.0
 10
25686.55274216662
 20
-7429.710321669971
 30
0.0
 10
25691.9473379302
 20
-7452.521380951459
 30
0.0
 10
25686.55274216662
 20
-7429.710321669971
 30
0.0
 10
25669.54887628485
 20
-7411.375819451809
 30
0.0
 10
25647.20043213934
 20
-7404.443199772501
 30
0.0
1001
REVIT
1002
{
1070
     1
1000
22909772
1002
}
1002
{
1070
     2
1000
-2000051
1002
}
1002
{
1070
     3
1000
22908212
1002
}
  0
SPLINE
  5
242
330
70
100
AcDbEntity
  8
A-COB-___-___-EXI
370
    25
100
AcDbSpline
210
0.0
220
0.0
230
1.0
 70
     9
 71
     3
 72
    17
 73
    13
 74
     0
 42
0.000000001
 43
0.0000000001
 40
0.0
 40
0.0
 40
0.0
 40
0.0
 40
1.0
 40
1.0
 40
1.0
 40
2.0
 40
2.0
 40
2.0
 40
3.0
 40
3.0
 40
3.0
 40
4.0
 40
4.0
 40
4.0
 40
4.0
 10
25431.72608487673
 20
-7410.573457035896
 30
0.0
 10
25447.46805091889
 20
-7401.303566059325
 30
0.0
 10
25466.34965710702
 20
-7398.963168674727
 30
0.0
 10
25483.88339587768
 20
-7404.101414223903
 30
0.0
 10
25466.34965710702
 20
-7398.963168674727
 30
0.0
 10
25447.46805091889
 20
-7401.303566059325
 30
0.0
 10
25431.72608487673
 20
-7410.573457035896
 30
0.0
 10
25415.98568188145
 20
-7419.843348012467
 30
0.0
 10
25404.78645105877
 20
-7435.243496252436
 30
0.0
 10
25400.79130325936
 20
-7453.049689711029
 30
0.0
 10
25404.78645105877
 20
-7435.243496252436
 30
0.0
 10
25415.98568188145
 20
-7419.843348012467
 30
0.0
 10
25431.72608487673
 20
-7410.573457035896
 30
0.0
1001
REVIT
1002
{
1070
     1
1000
22909778
1002
}
1002
{
1070
     2
1000
-2000051
1002
}
1002
{
1070
     3
1000
22908212
1002
}
  0
SPLINE
  5
243
330
70
100
AcDbEntity
  8
A-COB-___-___-EXI
370
    25
100
AcDbSpline
210
0.0
220
0.0
230
1.0
 70
     9
 71
     3
 72
    11
 73
     7
 74
     0
 42
0.000000001
 43
0.0000000001
 40
0.0
 40
0.0
 40
0.0
 40
0.0
 40
1.0
 40
1.0
 40
1.0
 40
2.0
 40
2.0
 40
2.0
 40
2.0
 10
25485.01035267086
 20
-7404.443199772501
 30
0.0
 10
25507.35827580075
 20
-7411.375819451809
 30
0.0
 10
25524.36266269815
 20
-7429.710321669971
 30
0.0
 10
25529.75777947735
 20
-7452.521380951459
 30
0.0
 10
25524.36266269815
 20
-7429.710321669971
 30
0.0
 10
25507.35827580075
 20
-7411.375819451809
 30
0.0
 10
25485.01035267086
 20
-7404.443199772501
 30
0.0
1001
REVIT
1002
{
1070
     1
1000
22909779
1002
}
1002
{
1070
     2
1000
-2000051
1002
}
1002
{
1070
     3
1000
22908212
1002
}
  0
SPLINE
  5
248
330
70
100
AcDbEntity
  8
A-COB-___-___-EXI
370
    25
100
AcDbSpline
210
0.0
220
0.0
230
1.0
 70
     9
 71
     3
 72
    17
 73
    13
 74
     0
 42
0.000000001
 43
0.0000000001
 40
0.0
 40
0.0
 40
0.0
 40
0.0
 40
1.0
 40
1.0
 40
1.0
 40
2.0
 40
2.0
 40
2.0
 40
3.0
 40
3.0
 40
3.0
 40
4.0
 40
4.0
 40
4.0
 40
4.0
 10
25269.53600540826
 20
-7410.573457035896
 30
0.0
 10
25285.27797145042
 20
-7401.303566059325
 30
0.0
 10
25304.15957763854
 20
-7398.963168674727
 30
0.0
 10
25321.69331640921
 20
-7404.101414223903
 30
0.0
 10
25304.15957763854
 20
-7398.963168674727
 30
0.0
 10
25285.27797145042
 20
-7401.303566059325
 30
0.0
 10
25269.53600540826
 20
-7410.573457035896
 30
0.0
 10
25253.79560241297
 20
-7419.843348012467
 30
0.0
 10
25242.59637159029
 20
-7435.243496252436
 30
0.0
 10
25238.60122379089
 20
-7453.049689711029
 30
0.0
 10
25242.59637159029
 20
-7435.243496252436
 30
0.0
 10
25253.79560241297
 20
-7419.843348012467
 30
0.0
 10
25269.53600540826
 20
-7410.573457035896
 30
0.0
1001
REVIT
1002
{
1070
     1
1000
22909785
1002
}
1002
{
1070
     2
1000
-2000051
1002
}
1002
{
1070
     3
1000
22908212
1002
}
  0
SPLINE
  5
249
330
70
100
AcDbEntity
  8
A-COB-___-___-EXI
370
    25
100
AcDbSpline
210
0.0
220
0.0
230
1.0
 70
     9
 71
     3
 72
    11
 73
     7
 74
     0
 42
0.000000001
 43
0.0000000001
 40
0.0
 40
0.0
 40
0.0
 40
0.0
 40
1.0
 40
1.0
 40
1.0
 40
2.0
 40
2.0
 40
2.0
 40
2.0
 10
25322.82027320239
 20
-7404.443199772501
 30
0.0
 10
25345.16819633227
 20
-7411.375819451809
 30
0.0
 10
25362.17258322967
 20
-7429.710321669971
 30
0.0
 10
25367.56770000887
 20
-7452.521380951459
 30
0.0
 10
25362.17258322967
 20
-7429.710321669971
 30
0.0
 10
25345.16819633227
 20
-7411.375819451809
 30
0.0
 10
25322.82027320239
 20
-7404.443199772501
 30
0.0
1001
REVIT
1002
{
1070
     1
1000
22909786
1002
}
1002
{
1070
     2
1000
-2000051
1002
}
1002
{
1070
     3
1000
22908212
1002
}
  0
SPLINE
  5
24E
330
70
100
AcDbEntity
  8
A-COB-___-___-EXI
370
    25
100
AcDbSpline
210
0.0
220
0.0
230
1.0
 70
     9
 71
     3
 72
    17
 73
    13
 74
     0
 42
0.000000001
 43
0.0000000001
 40
0.0
 40
0.0
 40
0.0
 40
0.0
 40
1.0
 40
1.0
 40
1.0
 40
2.0
 40
2.0
 40
2.0
 40
3.0
 40
3.0
 40
3.0
 40
4.0
 40
4.0
 40
4.0
 40
4.0
 10
25107.34592593978
 20
-7410.573457035896
 30
0.0
 10
25123.08789198194
 20
-7401.303566059325
 30
0.0
 10
25141.96949817007
 20
-7398.963168674727
 30
0.0
 10
25159.50323694073
 20
-7404.101414223903
 30
0.0
 10
25141.96949817007
 20
-7398.963168674727
 30
0.0
 10
25123.08789198194
 20
-7401.303566059325
 30
0.0
 10
25107.34592593978
 20
-7410.573457035896
 30
0.0
 10
25091.60552294449
 20
-7419.843348012467
 30
0.0
 10
25080.40629212182
 20
-7435.243496252436
 30
0.0
 10
25076.41114432241
 20
-7453.049689711029
 30
0.0
 10
25080.40629212182
 20
-7435.243496252436
 30
0.0
 10
25091.60552294449
 20
-7419.843348012467
 30
0.0
 10
25107.34592593978
 20
-7410.573457035896
 30
0.0
1001
REVIT
1002
{
1070
     1
1000
22909792
1002
}
1002
{
1070
     2
1000
-2000051
1002
}
1002
{
1070
     3
1000
22908212
1002
}
  0
SPLINE
  5
24F
330
70
100
AcDbEntity
  8
A-COB-___-___-EXI
370
    25
100
AcDbSpline
210
0.0
220
0.0
230
1.0
 70
     9
 71
     3
 72
    11
 73
     7
 74
     0
 42
0.000000001
 43
0.0000000001
 40
0.0
 40
0.0
 40
0.0
 40
0.0
 40
1.0
 40
1.0
 40
1.0
 40
2.0
 40
2.0
 40
2.0
 40
2.0
 10
25160.63019373391
 20
-7404.443199772501
 30
0.0
 10
25182.9781168638
 20
-7411.375819451809
 30
0.0
 10
25199.9825037612
 20
-7429.710321669971
 30
0.0
 10
25205.37762054039
 20
-7452.521380951459
 30
0.0
 10
25199.9825037612
 20
-7429.710321669971
 30
0.0
 10
25182.9781168638
 20
-7411.375819451809
 30
0.0
 10
25160.63019373391
 20
-7404.443199772501
 30
0.0
1001
REVIT
1002
{
1070
     1
1000
22909793
1002
}
1002
{
1070
     2
1000
-2000051
1002
}
1002
{
1070
     3
1000
22908212
1002
}
  0
SPLINE
  5
254
330
70
100
AcDbEntity
  8
A-COB-___-___-EXI
370
    25
100
AcDbSpline
210
0.0
220
0.0
230
1.0
 70
     9
 71
     3
 72
    17
 73
    13
 74
     0
 42
0.000000001
 43
0.0000000001
 40
0.0
 40
0.0
 40
0.0
 40
0.0
 40
1.0
 40
1.0
 40
1.0
 40
2.0
 40
2.0
 40
2.0
 40
3.0
 40
3.0
 40
3.0
 40
4.0
 40
4.0
 40
4.0
 40
4.0
 10
24945.15584647131
 20
-7410.573457035896
 30
0.0
 10
24960.89781251347
 20
-7401.303566059325
 30
0.0
 10
24979.77941870159
 20
-7398.963168674727
 30
0.0
 10
24997.31315747225
 20
-7404.101414223903
 30
0.0
 10
24979.77941870159
 20
-7398.963168674727
 30
0.0
 10
24960.89781251347
 20
-7401.303566059325
 30
0.0
 10
24945.15584647131
 20
-7410.573457035896
 30
0.0
 10
24929.41544347602
 20
-7419.843348012467
 30
0.0
 10
24918.21621265335
 20
-7435.243496252436
 30
0.0
 10
24914.22106485393
 20
-7453.049689711029
 30
0.0
 10
24918.21621265335
 20
-7435.243496252436
 30
0.0
 10
24929.41544347602
 20
-7419.843348012467
 30
0.0
 10
24945.15584647131
 20
-7410.573457035896
 30
0.0
1001
REVIT
1002
{
1070
     1
1000
22909799
1002
}
1002
{
1070
     2
1000
-2000051
1002
}
1002
{
1070
     3
1000
22908212
1002
}
  0
SPLINE
  5
255
330
70
100
AcDbEntity
  8
A-COB-___-___-EXI
370
    25
100
AcDbSpline
210
0.0
220
0.0
230
1.0
 70
     9
 71
     3
 72
    11
 73
     7
 74
     0
 42
0.000000001
 43
0.0000000001
 40
0.0
 40
0.0
 40
0.0
 40
0.0
 40
1.0
 40
1.0
 40
1.0
 40
2.0
 40
2.0
 40
2.0
 40
2.0
 10
24998.44011426544
 20
-7404.443199772501
 30
0.0
 10
25020.78803739532
 20
-7411.375819451809
 30
0.0
 10
25037.79242429272
 20
-7429.710321669971
 30
0.0
 10
25043.18754107192
 20
-7452.521380951459
 30
0.0
 10
25037.79242429272
 20
-7429.710321669971
 30
0.0
 10
25020.78803739532
 20
-7411.375819451809
 30
0.0
 10
24998.44011426544
 20
-7404.443199772501
 30
0.0
1001
REVIT
1002
{
1070
     1
1000
22909800
1002
}
1002
{
1070
     2
1000
-2000051
1002
}
1002
{
1070
     3
1000
22908212
1002
}
  0
SPLINE
  5
25A
330
70
100
AcDbEntity
  8
A-COB-___-___-EXI
370
    25
100
AcDbSpline
210
0.0
220
0.0
230
1.0
 70
     9
 71
     3
 72
    17
 73
    13
 74
     0
 42
0.000000001
 43
0.0000000001
 40
0.0
 40
0.0
 40
0.0
 40
0.0
 40
1.0
 40
1.0
 40
1.0
 40
2.0
 40
2.0
 40
2.0
 40
3.0
 40
3.0
 40
3.0
 40
4.0
 40
4.0
 40
4.0
 40
4.0
 10
24782.96576700283
 20
-7410.573457035896
 30
0.0
 10
24798.70773304499
 20
-7401.303566059325
 30
0.0
 10
24817.58933923311
 20
-7398.963168674727
 30
0.0
 10
24835.12307800378
 20
-7404.101414223903
 30
0.0
 10
24817.58933923311
 20
-7398.963168674727
 30
0.0
 10
24798.70773304499
 20
-7401.303566059325
 30
0.0
 10
24782.96576700283
 20
-7410.573457035896
 30
0.0
 10
24767.22536400755
 20
-7419.843348012467
 30
0.0
 10
24756.02613318487
 20
-7435.243496252436
 30
0.0
 10
24752.03098538546
 20
-7453.049689711029
 30
0.0
 10
24756.02613318487
 20
-7435.243496252436
 30
0.0
 10
24767.22536400755
 20
-7419.843348012467
 30
0.0
 10
24782.96576700283
 20
-7410.573457035896
 30
0.0
1001
REVIT
1002
{
1070
     1
1000
22909806
1002
}
1002
{
1070
     2
1000
-2000051
1002
}
1002
{
1070
     3
1000
22908212
1002
}
  0
SPLINE
  5
25B
330
70
100
AcDbEntity
  8
A-COB-___-___-EXI
370
    25
100
AcDbSpline
210
0.0
220
0.0
230
1.0
 70
     9
 71
     3
 72
    11
 73
     7
 74
     0
 42
0.000000001
 43
0.0000000001
 40
0.0
 40
0.0
 40
0.0
 40
0.0
 40
1.0
 40
1.0
 40
1.0
 40
2.0
 40
2.0
 40
2.0
 40
2.0
 10
24836.25003479696
 20
-7404.443199772501
 30
0.0
 10
24858.59795792685
 20
-7411.375819451809
 30
0.0
 10
24875.60234482425
 20
-7429.710321669971
 30
0.0
 10
24880.99746160344
 20
-7452.521380951459
 30
0.0
 10
24875.60234482425
 20
-7429.710321669971
 30
0.0
 10
24858.59795792685
 20
-7411.375819451809
 30
0.0
 10
24836.25003479696
 20
-7404.443199772501
 30
0.0
1001
REVIT
1002
{
1070
     1
1000
22909807
1002
}
1002
{
1070
     2
1000
-2000051
1002
}
1002
{
1070
     3
1000
22908212
1002
}
  0
SPLINE
  5
260
330
70
100
AcDbEntity
  8
A-COB-___-___-EXI
370
    25
100
AcDbSpline
210
0.0
220
0.0
230
1.0
 70
     9
 71
     3
 72
    17
 73
    13
 74
     0
 42
0.000000001
 43
0.0000000001
 40
0.0
 40
0.0
 40
0.0
 40
0.0
 40
1.0
 40
1.0
 40
1.0
 40
2.0
 40
2.0
 40
2.0
 40
3.0
 40
3.0
 40
3.0
 40
4.0
 40
4.0
 40
4.0
 40
4.0
 10
24620.77568753436
 20
-7410.573457035896
 30
0.0
 10
24636.51765357652
 20
-7401.303566059325
 30
0.0
 10
24655.39925976464
 20
-7398.963168674727
 30
0.0
 10
24672.93299853531
 20
-7404.101414223903
 30
0.0
 10
24655.39925976464
 20
-7398.963168674727
 30
0.0
 10
24636.51765357652
 20
-7401.303566059325
 30
0.0
 10
24620.77568753436
 20
-7410.573457035896
 30
0.0
 10
24605.03528453906
 20
-7419.843348012467
 30
0.0
 10
24593.83605371639
 20
-7435.243496252436
 30
0.0
 10
24589.84090591699
 20
-7453.049689711029
 30
0.0
 10
24593.83605371639
 20
-7435.243496252436
 30
0.0
 10
24605.03528453906
 20
-7419.843348012467
 30
0.0
 10
24620.77568753436
 20
-7410.573457035896
 30
0.0
1001
REVIT
1002
{
1070
     1
1000
22909813
1002
}
1002
{
1070
     2
1000
-2000051
1002
}
1002
{
1070
     3
1000
22908212
1002
}
  0
SPLINE
  5
261
330
70
100
AcDbEntity
  8
A-COB-___-___-EXI
370
    25
100
AcDbSpline
210
0.0
220
0.0
230
1.0
 70
     9
 71
     3
 72
    11
 73
     7
 74
     0
 42
0.000000001
 43
0.0000000001
 40
0.0
 40
0.0
 40
0.0
 40
0.0
 40
1.0
 40
1.0
 40
1.0
 40
2.0
 40
2.0
 40
2.0
 40
2.0
 10
24674.05995532848
 20
-7404.443199772501
 30
0.0
 10
24696.40787845837
 20
-7411.375819451809
 30
0.0
 10
24713.41226535577
 20
-7429.710321669971
 30
0.0
 10
24718.80738213497
 20
-7452.521380951459
 30
0.0
 10
24713.41226535577
 20
-7429.710321669971
 30
0.0
 10
24696.40787845837
 20
-7411.375819451809
 30
0.0
 10
24674.05995532848
 20
-7404.443199772501
 30
0.0
1001
REVIT
1002
{
1070
     1
1000
22909814
1002
}
1002
{
1070
     2
1000
-2000051
1002
}
1002
{
1070
     3
1000
22908212
1002
}
  0
SPLINE
  5
266
330
70
100
AcDbEntity
  8
A-COB-___-___-EXI
370
    25
100
AcDbSpline
210
0.0
220
0.0
230
1.0
 70
     9
 71
     3
 72
    17
 73
    13
 74
     0
 42
0.000000001
 43
0.0000000001
 40
0.0
 40
0.0
 40
0.0
 40
0.0
 40
1.0
 40
1.0
 40
1.0
 40
2.0
 40
2.0
 40
2.0
 40
3.0
 40
3.0
 40
3.0
 40
4.0
 40
4.0
 40
4.0
 40
4.0
 10
24458.58560806588
 20
-7410.573457035896
 30
0.0
 10
24474.32757410804
 20
-7401.303566059325
 30
0.0
 10
24493.20918029616
 20
-7398.963168674727
 30
0.0
 10
24510.74291906683
 20
-7404.101414223903
 30
0.0
 10
24493.20918029616
 20
-7398.963168674727
 30
0.0
 10
24474.32757410804
 20
-7401.303566059325
 30
0.0
 10
24458.58560806588
 20
-7410.573457035896
 30
0.0
 10
24442.84520507059
 20
-7419.843348012467
 30
0.0
 10
24431.64597424792
 20
-7435.243496252436
 30
0.0
 10
24427.65082644851
 20
-7453.049689711029
 30
0.0
 10
24431.64597424792
 20
-7435.243496252436
 30
0.0
 10
24442.84520507059
 20
-7419.843348012467
 30
0.0
 10
24458.58560806588
 20
-7410.573457035896
 30
0.0
1001
REVIT
1002
{
1070
     1
1000
22909820
1002
}
1002
{
1070
     2
1000
-2000051
1002
}
1002
{
1070
     3
1000
22908212
1002
}
  0
SPLINE
  5
267
330
70
100
AcDbEntity
  8
A-COB-___-___-EXI
370
    25
100
AcDbSpline
210
0.0
220
0.0
230
1.0
 70
     9
 71
     3
 72
    11
 73
     7
 74
     0
 42
0.000000001
 43
0.0000000001
 40
0.0
 40
0.0
 40
0.0
 40
0.0
 40
1.0
 40
1.0
 40
1.0
 40
2.0
 40
2.0
 40
2.0
 40
2.0
 10
24511.86987586001
 20
-7404.443199772501
 30
0.0
 10
24534.21779898989
 20
-7411.375819451809
 30
0.0
 10
24551.2221858873
 20
-7429.710321669971
 30
0.0
 10
24556.61730266649
 20
-7452.521380951459
 30
0.0
 10
24551.2221858873
 20
-7429.710321669971
 30
0.0
 10
24534.21779898989
 20
-7411.375819451809
 30
0.0
 10
24511.86987586001
 20
-7404.443199772501
 30
0.0
1001
REVIT
1002
{
1070
     1
1000
22909821
1002
}
1002
{
1070
     2
1000
-2000051
1002
}
1002
{
1070
     3
1000
22908212
1002
}
  0
SPLINE
  5
26C
330
70
100
AcDbEntity
  8
A-COB-___-___-EXI
370
    25
100
AcDbSpline
210
0.0
220
0.0
230
1.0
 70
     9
 71
     3
 72
    17
 73
    13
 74
     0
 42
0.000000001
 43
0.0000000001
 40
0.0
 40
0.0
 40
0.0
 40
0.0
 40
1.0
 40
1.0
 40
1.0
 40
2.0
 40
2.0
 40
2.0
 40
3.0
 40
3.0
 40
3.0
 40
4.0
 40
4.0
 40
4.0
 40
4.0
 10
24296.3955285974
 20
-7410.573457035896
 30
0.0
 10
24312.13749463956
 20
-7401.303566059325
 30
0.0
 10
24331.01910082768
 20
-7398.963168674727
 30
0.0
 10
24348.55283959835
 20
-7404.101414223903
 30
0.0
 10
24331.01910082768
 20
-7398.963168674727
 30
0.0
 10
24312.13749463956
 20
-7401.303566059325
 30
0.0
 10
24296.3955285974
 20
-7410.573457035896
 30
0.0
 10
24280.65512560212
 20
-7419.843348012467
 30
0.0
 10
24269.45589477944
 20
-7435.243496252436
 30
0.0
 10
24265.46074698004
 20
-7453.049689711029
 30
0.0
 10
24269.45589477944
 20
-7435.243496252436
 30
0.0
 10
24280.65512560212
 20
-7419.843348012467
 30
0.0
 10
24296.3955285974
 20
-7410.573457035896
 30
0.0
1001
REVIT
1002
{
1070
     1
1000
22909827
1002
}
1002
{
1070
     2
1000
-2000051
1002
}
1002
{
1070
     3
1000
22908212
1002
}
  0
SPLINE
  5
26D
330
70
100
AcDbEntity
  8
A-COB-___-___-EXI
370
    25
100
AcDbSpline
210
0.0
220
0.0
230
1.0
 70
     9
 71
     3
 72
    11
 73
     7
 74
     0
 42
0.000000001
 43
0.0000000001
 40
0.0
 40
0.0
 40
0.0
 40
0.0
 40
1.0
 40
1.0
 40
1.0
 40
2.0
 40
2.0
 40
2.0
 40
2.0
 10
24349.67979639154
 20
-7404.443199772501
 30
0.0
 10
24372.02771952142
 20
-7411.375819451809
 30
0.0
 10
24389.03210641882
 20
-7429.710321669971
 30
0.0
 10
24394.42722319801
 20
-7452.521380951459
 30
0.0
 10
24389.03210641882
 20
-7429.710321669971
 30
0.0
 10
24372.02771952142
 20
-7411.375819451809
 30
0.0
 10
24349.67979639154
 20
-7404.443199772501
 30
0.0
1001
REVIT
1002
{
1070
     1
1000
22909828
1002
}
1002
{
1070
     2
1000
-2000051
1002
}
1002
{
1070
     3
1000
22908212
1002
}
  0
SPLINE
  5
272
330
70
100
AcDbEntity
  8
A-COB-___-___-EXI
370
    25
100
AcDbSpline
210
0.0
220
0.0
230
1.0
 70
     9
 71
     3
 72
    17
 73
    13
 74
     0
 42
0.000000001
 43
0.0000000001
 40
0.0
 40
0.0
 40
0.0
 40
0.0
 40
1.0
 40
1.0
 40
1.0
 40
2.0
 40
2.0
 40
2.0
 40
3.0
 40
3.0
 40
3.0
 40
4.0
 40
4.0
 40
4.0
 40
4.0
 10
24134.20544912893
 20
-7410.573457035896
 30
0.0
 10
24149.94741517109
 20
-7401.303566059325
 30
0.0
 10
24168.82902135921
 20
-7398.963168674727
 30
0.0
 10
24186.36276012988
 20
-7404.101414223903
 30
0.0
 10
24168.82902135921
 20
-7398.963168674727
 30
0.0
 10
24149.94741517109
 20
-7401.303566059325
 30
0.0
 10
24134.20544912893
 20
-7410.573457035896
 30
0.0
 10
24118.46504613364
 20
-7419.843348012467
 30
0.0
 10
24107.26581531096
 20
-7435.243496252436
 30
0.0
 10
24103.27066751156
 20
-7453.049689711029
 30
0.0
 10
24107.26581531096
 20
-7435.243496252436
 30
0.0
 10
24118.46504613364
 20
-7419.843348012467
 30
0.0
 10
24134.20544912893
 20
-7410.573457035896
 30
0.0
1001
REVIT
1002
{
1070
     1
1000
22909834
1002
}
1002
{
1070
     2
1000
-2000051
1002
}
1002
{
1070
     3
1000
22908212
1002
}
  0
SPLINE
  5
273
330
70
100
AcDbEntity
  8
A-COB-___-___-EXI
370
    25
100
AcDbSpline
210
0.0
220
0.0
230
1.0
 70
     9
 71
     3
 72
    11
 73
     7
 74
     0
 42
0.000000001
 43
0.0000000001
 40
0.0
 40
0.0
 40
0.0
 40
0.0
 40
1.0
 40
1.0
 40
1.0
 40
2.0
 40
2.0
 40
2.0
 40
2.0
 10
24187.48971692306
 20
-7404.443199772501
 30
0.0
 10
24209.83764005295
 20
-7411.375819451809
 30
0.0
 10
24226.84202695034
 20
-7429.710321669971
 30
0.0
 10
24232.23714372954
 20
-7452.521380951459
 30
0.0
 10
24226.84202695034
 20
-7429.710321669971
 30
0.0
 10
24209.83764005295
 20
-7411.375819451809
 30
0.0
 10
24187.48971692306
 20
-7404.443199772501
 30
0.0
1001
REVIT
1002
{
1070
     1
1000
22909835
1002
}
1002
{
1070
     2
1000
-2000051
1002
}
1002
{
1070
     3
1000
22908212
1002
}
  0
SPLINE
  5
278
330
70
100
AcDbEntity
  8
A-COB-___-___-EXI
370
    25
100
AcDbSpline
210
0.0
220
0.0
230
1.0
 70
     9
 71
     3
 72
    17
 73
    13
 74
     0
 42
0.000000001
 43
0.0000000001
 40
0.0
 40
0.0
 40
0.0
 40
0.0
 40
1.0
 40
1.0
 40
1.0
 40
2.0
 40
2.0
 40
2.0
 40
3.0
 40
3.0
 40
3.0
 40
4.0
 40
4.0
 40
4.0
 40
4.0
 10
23976.28405066209
 20
-7410.573457035896
 30
0.0
 10
23992.024974673
 20
-7401.303566059325
 30
0.0
 10
24010.90762289237
 20
-7398.963168674727
 30
0.0
 10
24028.44084064741
 20
-7404.101414223903
 30
0.0
 10
24010.90762289237
 20
-7398.963168674727
 30
0.0
 10
23992.024974673
 20
-7401.303566059325
 30
0.0
 10
23976.28405066209
 20
-7410.573457035896
 30
0.0
 10
23960.54312665117
 20
-7419.843348012467
 30
0.0
 10
23949.34337481288
 20
-7435.243496252436
 30
0.0
 10
23945.3487480291
 20
-7453.049689711029
 30
0.0
 10
23949.34337481288
 20
-7435.243496252436
 30
0.0
 10
23960.54312665117
 20
-7419.843348012467
 30
0.0
 10
23976.28405066209
 20
-7410.573457035896
 30
0.0
1001
REVIT
1002
{
1070
     1
1000
22909841
1002
}
1002
{
1070
     2
1000
-2000051
1002
}
1002
{
1070
     3
1000
22908212
1002
}
  0
SPLINE
  5
279
330
70
100
AcDbEntity
  8
A-COB-___-___-EXI
370
    25
100
AcDbSpline
210
0.0
220
0.0
230
1.0
 70
     9
 71
     3
 72
    11
 73
     7
 74
     0
 42
0.000000001
 43
0.0000000001
 40
0.0
 40
0.0
 40
0.0
 40
0.0
 40
1.0
 40
1.0
 40
1.0
 40
2.0
 40
2.0
 40
2.0
 40
2.0
 10
24029.5677974406
 20
-7404.443199772501
 30
0.0
 10
24051.91572057048
 20
-7411.375819451809
 30
0.0
 10
24068.92010746788
 20
-7429.710321669971
 30
0.0
 10
24074.31522424708
 20
-7452.521380951459
 30
0.0
 10
24068.92010746788
 20
-7429.710321669971
 30
0.0
 10
24051.91572057048
 20
-7411.375819451809
 30
0.0
 10
24029.5677974406
 20
-7404.443199772501
 30
0.0
1001
REVIT
1002
{
1070
     1
1000
22909842
1002
}
1002
{
1070
     2
1000
-2000051
1002
}
1002
{
1070
     3
1000
22908212
1002
}
  0
SPLINE
  5
27E
330
70
100
AcDbEntity
  8
A-COB-___-___-EXI
370
    25
100
AcDbSpline
210
0.0
220
0.0
230
1.0
 70
     9
 71
     3
 72
    17
 73
    13
 74
     0
 42
0.000000001
 43
0.0000000001
 40
0.0
 40
0.0
 40
0.0
 40
0.0
 40
1.0
 40
1.0
 40
1.0
 40
2.0
 40
2.0
 40
2.0
 40
3.0
 40
3.0
 40
3.0
 40
4.0
 40
4.0
 40
4.0
 40
4.0
 10
23814.09397119361
 20
-7410.573457035896
 30
0.0
 10
23829.83489520453
 20
-7401.303566059325
 30
0.0
 10
23848.7175434239
 20
-7398.963168674727
 30
0.0
 10
23866.25076117894
 20
-7404.101414223903
 30
0.0
 10
23848.7175434239
 20
-7398.963168674727
 30
0.0
 10
23829.83489520453
 20
-7401.303566059325
 30
0.0
 10
23814.09397119361
 20
-7410.573457035896
 30
0.0
 10
23798.3530471827
 20
-7419.843348012467
 30
0.0
 10
23787.1532953444
 20
-7435.243496252436
 30
0.0
 10
23783.15866856063
 20
-7453.049689711029
 30
0.0
 10
23787.1532953444
 20
-7435.243496252436
 30
0.0
 10
23798.3530471827
 20
-7419.843348012467
 30
0.0
 10
23814.09397119361
 20
-7410.573457035896
 30
0.0
1001
REVIT
1002
{
1070
     1
1000
22909848
1002
}
1002
{
1070
     2
1000
-2000051
1002
}
1002
{
1070
     3
1000
22908212
1002
}
  0
SPLINE
  5
27F
330
70
100
AcDbEntity
  8
A-COB-___-___-EXI
370
    25
100
AcDbSpline
210
0.0
220
0.0
230
1.0
 70
     9
 71
     3
 72
    11
 73
     7
 74
     0
 42
0.000000001
 43
0.0000000001
 40
0.0
 40
0.0
 40
0.0
 40
0.0
 40
1.0
 40
1.0
 40
1.0
 40
2.0
 40
2.0
 40
2.0
 40
2.0
 10
23867.37771797212
 20
-7404.443199772501
 30
0.0
 10
23889.72564110201
 20
-7411.375819451809
 30
0.0
 10
23906.73002799941
 20
-7429.710321669971
 30
0.0
 10
23912.1251447786
 20
-7452.521380951459
 30
0.0
 10
23906.73002799941
 20
-7429.710321669971
 30
0.0
 10
23889.72564110201
 20
-7411.375819451809
 30
0.0
 10
23867.37771797212
 20
-7404.443199772501
 30
0.0
1001
REVIT
1002
{
1070
     1
1000
22909849
1002
}
1002
{
1070
     2
1000
-2000051
1002
}
1002
{
1070
     3
1000
22908212
1002
}
  0
SPLINE
  5
284
330
70
100
AcDbEntity
  8
A-COB-___-___-EXI
370
    25
100
AcDbSpline
210
0.0
220
0.0
230
1.0
 70
     9
 71
     3
 72
    17
 73
    13
 74
     0
 42
0.000000001
 43
0.0000000001
 40
0.0
 40
0.0
 40
0.0
 40
0.0
 40
1.0
 40
1.0
 40
1.0
 40
2.0
 40
2.0
 40
2.0
 40
3.0
 40
3.0
 40
3.0
 40
4.0
 40
4.0
 40
4.0
 40
4.0
 10
23651.90389172514
 20
-7410.573457035896
 30
0.0
 10
23667.64481573605
 20
-7401.303566059325
 30
0.0
 10
23686.52746395542
 20
-7398.963168674727
 30
0.0
 10
23704.06068171046
 20
-7404.101414223903
 30
0.0
 10
23686.52746395542
 20
-7398.963168674727
 30
0.0
 10
23667.64481573605
 20
-7401.303566059325
 30
0.0
 10
23651.90389172514
 20
-7410.573457035896
 30
0.0
 10
23636.16296771423
 20
-7419.843348012467
 30
0.0
 10
23624.96321587593
 20
-7435.243496252436
 30
0.0
 10
23620.96858909215
 20
-7453.049689711029
 30
0.0
 10
23624.96321587593
 20
-7435.243496252436
 30
0.0
 10
23636.16296771423
 20
-7419.843348012467
 30
0.0
 10
23651.90389172514
 20
-7410.573457035896
 30
0.0
1001
REVIT
1002
{
1070
     1
1000
22909855
1002
}
1002
{
1070
     2
1000
-2000051
1002
}
1002
{
1070
     3
1000
22908212
1002
}
  0
SPLINE
  5
285
330
70
100
AcDbEntity
  8
A-COB-___-___-EXI
370
    25
100
AcDbSpline
210
0.0
220
0.0
230
1.0
 70
     9
 71
     3
 72
    11
 73
     7
 74
     0
 42
0.000000001
 43
0.0000000001
 40
0.0
 40
0.0
 40
0.0
 40
0.0
 40
1.0
 40
1.0
 40
1.0
 40
2.0
 40
2.0
 40
2.0
 40
2.0
 10
23705.18763850364
 20
-7404.443199772501
 30
0.0
 10
23727.53556163353
 20
-7411.375819451809
 30
0.0
 10
23744.53994853093
 20
-7429.710321669971
 30
0.0
 10
23749.93506531012
 20
-7452.521380951459
 30
0.0
 10
23744.53994853093
 20
-7429.710321669971
 30
0.0
 10
23727.53556163353
 20
-7411.375819451809
 30
0.0
 10
23705.18763850364
 20
-7404.443199772501
 30
0.0
1001
REVIT
1002
{
1070
     1
1000
22909856
1002
}
1002
{
1070
     2
1000
-2000051
1002
}
1002
{
1070
     3
1000
22908212
1002
}
  0
SPLINE
  5
291
330
70
100
AcDbEntity
  8
A-COB-___-___-EXI
370
    25
100
AcDbSpline
210
0.0
220
0.0
230
1.0
 70
     8
 71
     3
 72
    11
 73
     7
 74
     0
 42
0.000000001
 43
0.0000000001
 40
0.0
 40
0.0
 40
0.0
 40
0.0
 40
1.0
 40
1.0
 40
1.0
 40
2.0
 40
2.0
 40
2.0
 40
2.0
 10
29835.73360044405
 20
-7403.845075062455
 30
0.0
 10
29843.80934260508
 20
-7439.852391012931
 30
0.0
 10
29875.81950046893
 20
-7465.461298459
 30
0.0
 10
29912.76576034786
 20
-7465.461298459
 30
0.0
 10
29949.64220413325
 20
-7465.461298459
 30
0.0
 10
29981.65340402834
 20
-7439.852391012931
 30
0.0
 10
29989.79687822041
 20
-7403.845075062455
 30
0.0
1001
REVIT
1002
{
1070
     1
1000
22909869
1002
}
1002
{
1070
     2
1000
-2000051
1002
}
1002
{
1070
     3
1000
22908212
1002
}
  0
SPLINE
  5
293
330
70
100
AcDbEntity
  8
A-COB-___-___-EXI
370
    25
100
AcDbSpline
210
0.0
220
0.0
230
1.0
 70
     8
 71
     3
 72
    11
 73
     7
 74
     0
 42
0.000000001
 43
0.0000000001
 40
0.0
 40
0.0
 40
0.0
 40
0.0
 40
1.0
 40
1.0
 40
1.0
 40
2.0
 40
2.0
 40
2.0
 40
2.0
 10
29673.54352097558
 20
-7403.845075062455
 30
0.0
 10
29681.61926313661
 20
-7439.852391012931
 30
0.0
 10
29713.62942100046
 20
-7465.461298459
 30
0.0
 10
29750.57568087938
 20
-7465.461298459
 30
0.0
 10
29787.45212466478
 20
-7465.461298459
 30
0.0
 10
29819.46332455987
 20
-7439.852391012931
 30
0.0
 10
29827.60679875193
 20
-7403.845075062455
 30
0.0
1001
REVIT
1002
{
1070
     1
1000
22909871
1002
}
1002
{
1070
     2
1000
-2000051
1002
}
1002
{
1070
     3
1000
22908212
1002
}
  0
SPLINE
  5
295
330
70
100
AcDbEntity
  8
A-COB-___-___-EXI
370
    25
100
AcDbSpline
210
0.0
220
0.0
230
1.0
 70
     8
 71
     3
 72
    11
 73
     7
 74
     0
 42
0.000000001
 43
0.0000000001
 40
0.0
 40
0.0
 40
0.0
 40
0.0
 40
1.0
 40
1.0
 40
1.0
 40
2.0
 40
2.0
 40
2.0
 40
2.0
 10
29515.62160149311
 20
-7403.845075062455
 30
0.0
 10
29523.69734365415
 20
-7439.852391012931
 30
0.0
 10
29555.70750151799
 20
-7465.461298459
 30
0.0
 10
29592.65271936567
 20
-7465.461298459
 30
0.0
 10
29629.53020518231
 20
-7465.461298459
 30
0.0
 10
29661.54140507741
 20
-7439.852391012931
 30
0.0
 10
29669.68487926947
 20
-7403.845075062455
 30
0.0
1001
REVIT
1002
{
1070
     1
1000
22909873
1002
}
1002
{
1070
     2
1000
-2000051
1002
}
1002
{
1070
     3
1000
22908212
1002
}
  0
SPLINE
  5
297
330
70
100
AcDbEntity
  8
A-COB-___-___-EXI
370
    25
100
AcDbSpline
210
0.0
220
0.0
230
1.0
 70
     8
 71
     3
 72
    11
 73
     7
 74
     0
 42
0.000000001
 43
0.0000000001
 40
0.0
 40
0.0
 40
0.0
 40
0.0
 40
1.0
 40
1.0
 40
1.0
 40
2.0
 40
2.0
 40
2.0
 40
2.0
 10
29353.43152202463
 20
-7403.845075062455
 30
0.0
 10
29361.50726418567
 20
-7439.852391012931
 30
0.0
 10
29393.51742204952
 20
-7465.461298459
 30
0.0
 10
29430.46263989719
 20
-7465.461298459
 30
0.0
 10
29467.34012571384
 20
-7465.461298459
 30
0.0
 10
29499.35132560893
 20
-7439.852391012931
 30
0.0
 10
29507.49479980099
 20
-7403.845075062455
 30
0.0
1001
REVIT
1002
{
1070
     1
1000
22909875
1002
}
1002
{
1070
     2
1000
-2000051
1002
}
1002
{
1070
     3
1000
22908212
1002
}
  0
SPLINE
  5
299
330
70
100
AcDbEntity
  8
A-COB-___-___-EXI
370
    25
100
AcDbSpline
210
0.0
220
0.0
230
1.0
 70
     8
 71
     3
 72
    11
 73
     7
 74
     0
 42
0.000000001
 43
0.0000000001
 40
0.0
 40
0.0
 40
0.0
 40
0.0
 40
1.0
 40
1.0
 40
1.0
 40
2.0
 40
2.0
 40
2.0
 40
2.0
 10
29191.24144255616
 20
-7403.845075062455
 30
0.0
 10
29199.31718471719
 20
-7439.852391012931
 30
0.0
 10
29231.32734258104
 20
-7465.461298459
 30
0.0
 10
29268.27256042871
 20
-7465.461298459
 30
0.0
 10
29305.15004624536
 20
-7465.461298459
 30
0.0
 10
29337.16124614046
 20
-7439.852391012931
 30
0.0
 10
29345.30472033252
 20
-7403.845075062455
 30
0.0
1001
REVIT
1002
{
1070
     1
1000
22909877
1002
}
1002
{
1070
     2
1000
-2000051
1002
}
1002
{
1070
     3
1000
22908212
1002
}
  0
SPLINE
  5
29B
330
70
100
AcDbEntity
  8
A-COB-___-___-EXI
370
    25
100
AcDbSpline
210
0.0
220
0.0
230
1.0
 70
     8
 71
     3
 72
    11
 73
     7
 74
     0
 42
0.000000001
 43
0.0000000001
 40
0.0
 40
0.0
 40
0.0
 40
0.0
 40
1.0
 40
1.0
 40
1.0
 40
2.0
 40
2.0
 40
2.0
 40
2.0
 10
29029.05136308769
 20
-7403.845075062455
 30
0.0
 10
29037.12710524872
 20
-7439.852391012931
 30
0.0
 10
29069.13726311257
 20
-7465.461298459
 30
0.0
 10
29106.08248096024
 20
-7465.461298459
 30
0.0
 10
29142.95996677688
 20
-7465.461298459
 30
0.0
 10
29174.97116667198
 20
-7439.852391012931
 30
0.0
 10
29183.11464086404
 20
-7403.845075062455
 30
0.0
1001
REVIT
1002
{
1070
     1
1000
22909879
1002
}
1002
{
1070
     2
1000
-2000051
1002
}
1002
{
1070
     3
1000
22908212
1002
}
  0
SPLINE
  5
29D
330
70
100
AcDbEntity
  8
A-COB-___-___-EXI
370
    25
100
AcDbSpline
210
0.0
220
0.0
230
1.0
 70
     8
 71
     3
 72
    11
 73
     7
 74
     0
 42
0.000000001
 43
0.0000000001
 40
0.0
 40
0.0
 40
0.0
 40
0.0
 40
1.0
 40
1.0
 40
1.0
 40
2.0
 40
2.0
 40
2.0
 40
2.0
 10
28866.86128361921
 20
-7403.845075062455
 30
0.0
 10
28874.93702578024
 20
-7439.852391012931
 30
0.0
 10
28906.94718364409
 20
-7465.461298459
 30
0.0
 10
28943.89240149176
 20
-7465.461298459
 30
0.0
 10
28980.76988730841
 20
-7465.461298459
 30
0.0
 10
29012.78108720351
 20
-7439.852391012931
 30
0.0
 10
29020.92456139556
 20
-7403.845075062455
 30
0.0
1001
REVIT
1002
{
1070
     1
1000
22909881
1002
}
1002
{
1070
     2
1000
-2000051
1002
}
1002
{
1070
     3
1000
22908212
1002
}
  0
SPLINE
  5
29F
330
70
100
AcDbEntity
  8
A-COB-___-___-EXI
370
    25
100
AcDbSpline
210
0.0
220
0.0
230
1.0
 70
     8
 71
     3
 72
    11
 73
     7
 74
     0
 42
0.000000001
 43
0.0000000001
 40
0.0
 40
0.0
 40
0.0
 40
0.0
 40
1.0
 40
1.0
 40
1.0
 40
2.0
 40
2.0
 40
2.0
 40
2.0
 10
28704.67120415073
 20
-7403.845075062455
 30
0.0
 10
28712.74694631177
 20
-7439.852391012931
 30
0.0
 10
28744.75710417561
 20
-7465.461298459
 30
0.0
 10
28781.70232202329
 20
-7465.461298459
 30
0.0
 10
28818.57980783994
 20
-7465.461298459
 30
0.0
 10
28850.59100773503
 20
-7439.852391012931
 30
0.0
 10
28858.73448192709
 20
-7403.845075062455
 30
0.0
1001
REVIT
1002
{
1070
     1
1000
22909883
1002
}
1002
{
1070
     2
1000
-2000051
1002
}
1002
{
1070
     3
1000
22908212
1002
}
  0
SPLINE
  5
2A1
330
70
100
AcDbEntity
  8
A-COB-___-___-EXI
370
    25
100
AcDbSpline
210
0.0
220
0.0
230
1.0
 70
     8
 71
     3
 72
    11
 73
     7
 74
     0
 42
0.000000001
 43
0.0000000001
 40
0.0
 40
0.0
 40
0.0
 40
0.0
 40
1.0
 40
1.0
 40
1.0
 40
2.0
 40
2.0
 40
2.0
 40
2.0
 10
28542.48112468226
 20
-7403.845075062455
 30
0.0
 10
28550.55686684329
 20
-7439.852391012931
 30
0.0
 10
28582.56702470714
 20
-7465.461298459
 30
0.0
 10
28619.51224255481
 20
-7465.461298459
 30
0.0
 10
28656.38972837146
 20
-7465.461298459
 30
0.0
 10
28688.40092826655
 20
-7439.852391012931
 30
0.0
 10
28696.54440245862
 20
-7403.845075062455
 30
0.0
1001
REVIT
1002
{
1070
     1
1000
22909885
1002
}
1002
{
1070
     2
1000
-2000051
1002
}
1002
{
1070
     3
1000
22908212
1002
}
  0
SPLINE
  5
2A3
330
70
100
AcDbEntity
  8
A-COB-___-___-EXI
370
    25
100
AcDbSpline
210
0.0
220
0.0
230
1.0
 70
     8
 71
     3
 72
    11
 73
     7
 74
     0
 42
0.000000001
 43
0.0000000001
 40
0.0
 40
0.0
 40
0.0
 40
0.0
 40
1.0
 40
1.0
 40
1.0
 40
2.0
 40
2.0
 40
2.0
 40
2.0
 10
28380.29104521378
 20
-7403.845075062455
 30
0.0
 10
28388.36678737482
 20
-7439.852391012931
 30
0.0
 10
28420.37694523867
 20
-7465.461298459
 30
0.0
 10
28457.32216308634
 20
-7465.461298459
 30
0.0
 10
28494.19964890298
 20
-7465.461298459
 30
0.0
 10
28526.21084879808
 20
-7439.852391012931
 30
0.0
 10
28534.35432299014
 20
-7403.845075062455
 30
0.0
1001
REVIT
1002
{
1070
     1
1000
22909887
1002
}
1002
{
1070
     2
1000
-2000051
1002
}
1002
{
1070
     3
1000
22908212
1002
}
  0
SPLINE
  5
2A5
330
70
100
AcDbEntity
  8
A-COB-___-___-EXI
370
    25
100
AcDbSpline
210
0.0
220
0.0
230
1.0
 70
     8
 71
     3
 72
    11
 73
     7
 74
     0
 42
0.000000001
 43
0.0000000001
 40
0.0
 40
0.0
 40
0.0
 40
0.0
 40
1.0
 40
1.0
 40
1.0
 40
2.0
 40
2.0
 40
2.0
 40
2.0
 10
28218.10096574531
 20
-7403.845075062455
 30
0.0
 10
28226.17670790634
 20
-7439.852391012931
 30
0.0
 10
28258.18686577019
 20
-7465.461298459
 30
0.0
 10
28295.13208361786
 20
-7465.461298459
 30
0.0
 10
28332.00956943451
 20
-7465.461298459
 30
0.0
 10
28364.02076932961
 20
-7439.852391012931
 30
0.0
 10
28372.16424352167
 20
-7403.845075062455
 30
0.0
1001
REVIT
1002
{
1070
     1
1000
22909889
1002
}
1002
{
1070
     2
1000
-2000051
1002
}
1002
{
1070
     3
1000
22908212
1002
}
  0
SPLINE
  5
2A7
330
70
100
AcDbEntity
  8
A-COB-___-___-EXI
370
    25
100
AcDbSpline
210
0.0
220
0.0
230
1.0
 70
     8
 71
     3
 72
    11
 73
     7
 74
     0
 42
0.000000001
 43
0.0000000001
 40
0.0
 40
0.0
 40
0.0
 40
0.0
 40
1.0
 40
1.0
 40
1.0
 40
2.0
 40
2.0
 40
2.0
 40
2.0
 10
28055.91088627684
 20
-7403.845075062455
 30
0.0
 10
28063.98662843787
 20
-7439.852391012931
 30
0.0
 10
28095.99678630171
 20
-7465.461298459
 30
0.0
 10
28132.94200414938
 20
-7465.461298459
 30
0.0
 10
28169.81948996603
 20
-7465.461298459
 30
0.0
 10
28201.83068986113
 20
-7439.852391012931
 30
0.0
 10
28209.97416405319
 20
-7403.845075062455
 30
0.0
1001
REVIT
1002
{
1070
     1
1000
22909891
1002
}
1002
{
1070
     2
1000
-2000051
1002
}
1002
{
1070
     3
1000
22908212
1002
}
  0
SPLINE
  5
2A9
330
70
100
AcDbEntity
  8
A-COB-___-___-EXI
370
    25
100
AcDbSpline
210
0.0
220
0.0
230
1.0
 70
     8
 71
     3
 72
    11
 73
     7
 74
     0
 42
0.000000001
 43
0.0000000001
 40
0.0
 40
0.0
 40
0.0
 40
0.0
 40
1.0
 40
1.0
 40
1.0
 40
2.0
 40
2.0
 40
2.0
 40
2.0
 10
27893.72080680836
 20
-7403.845075062455
 30
0.0
 10
27901.79654896939
 20
-7439.852391012931
 30
0.0
 10
27933.80670683324
 20
-7465.461298459
 30
0.0
 10
27970.75192468091
 20
-7465.461298459
 30
0.0
 10
28007.62941049756
 20
-7465.461298459
 30
0.0
 10
28039.64061039265
 20
-7439.852391012931
 30
0.0
 10
28047.78408458472
 20
-7403.845075062455
 30
0.0
1001
REVIT
1002
{
1070
     1
1000
22909893
1002
}
1002
{
1070
     2
1000
-2000051
1002
}
1002
{
1070
     3
1000
22908212
1002
}
  0
SPLINE
  5
2AB
330
70
100
AcDbEntity
  8
A-COB-___-___-EXI
370
    25
100
AcDbSpline
210
0.0
220
0.0
230
1.0
 70
     8
 71
     3
 72
    11
 73
     7
 74
     0
 42
0.000000001
 43
0.0000000001
 40
0.0
 40
0.0
 40
0.0
 40
0.0
 40
1.0
 40
1.0
 40
1.0
 40
2.0
 40
2.0
 40
2.0
 40
2.0
 10
27731.53072733988
 20
-7403.845075062455
 30
0.0
 10
27739.60646950091
 20
-7439.852391012931
 30
0.0
 10
27771.61662736477
 20
-7465.461298459
 30
0.0
 10
27808.56184521244
 20
-7465.461298459
 30
0.0
 10
27845.43933102908
 20
-7465.461298459
 30
0.0
 10
27877.45053092417
 20
-7439.852391012931
 30
0.0
 10
27885.59400511624
 20
-7403.845075062455
 30
0.0
1001
REVIT
1002
{
1070
     1
1000
22909895
1002
}
1002
{
1070
     2
1000
-2000051
1002
}
1002
{
1070
     3
1000
22908212
1002
}
  0
SPLINE
  5
2AD
330
70
100
AcDbEntity
  8
A-COB-___-___-EXI
370
    25
100
AcDbSpline
210
0.0
220
0.0
230
1.0
 70
     8
 71
     3
 72
    11
 73
     7
 74
     0
 42
0.000000001
 43
0.0000000001
 40
0.0
 40
0.0
 40
0.0
 40
0.0
 40
1.0
 40
1.0
 40
1.0
 40
2.0
 40
2.0
 40
2.0
 40
2.0
 10
27573.60880785742
 20
-7403.845075062455
 30
0.0
 10
27581.68455001845
 20
-7439.852391012931
 30
0.0
 10
27613.6947078823
 20
-7465.461298459
 30
0.0
 10
27650.64096776122
 20
-7465.461298459
 30
0.0
 10
27687.51741154662
 20
-7465.461298459
 30
0.0
 10
27719.52861144172
 20
-7439.852391012931
 30
0.0
 10
27727.67208563378
 20
-7403.845075062455
 30
0.0
1001
REVIT
1002
{
1070
     1
1000
22909897
1002
}
1002
{
1070
     2
1000
-2000051
1002
}
1002
{
1070
     3
1000
22908212
1002
}
  0
SPLINE
  5
2AF
330
70
100
AcDbEntity
  8
A-COB-___-___-EXI
370
    25
100
AcDbSpline
210
0.0
220
0.0
230
1.0
 70
     8
 71
     3
 72
    11
 73
     7
 74
     0
 42
0.000000001
 43
0.0000000001
 40
0.0
 40
0.0
 40
0.0
 40
0.0
 40
1.0
 40
1.0
 40
1.0
 40
2.0
 40
2.0
 40
2.0
 40
2.0
 10
27411.41872838895
 20
-7403.845075062455
 30
0.0
 10
27419.49447054998
 20
-7439.852391012931
 30
0.0
 10
27451.50462841382
 20
-7465.461298459
 30
0.0
 10
27488.45088829275
 20
-7465.461298459
 30
0.0
 10
27525.32733207815
 20
-7465.461298459
 30
0.0
 10
27557.33853197324
 20
-7439.852391012931
 30
0.0
 10
27565.4820061653
 20
-7403.845075062455
 30
0.0
1001
REVIT
1002
{
1070
     1
1000
22909899
1002
}
1002
{
1070
     2
1000
-2000051
1002
}
1002
{
1070
     3
1000
22908212
1002
}
  0
SPLINE
  5
2B1
330
70
100
AcDbEntity
  8
A-COB-___-___-EXI
370
    25
100
AcDbSpline
210
0.0
220
0.0
230
1.0
 70
     8
 71
     3
 72
    11
 73
     7
 74
     0
 42
0.000000001
 43
0.0000000001
 40
0.0
 40
0.0
 40
0.0
 40
0.0
 40
1.0
 40
1.0
 40
1.0
 40
2.0
 40
2.0
 40
2.0
 40
2.0
 10
27249.22864892047
 20
-7403.845075062455
 30
0.0
 10
27257.3043910815
 20
-7439.852391012931
 30
0.0
 10
27289.31454894535
 20
-7465.461298459
 30
0.0
 10
27326.26080882427
 20
-7465.461298459
 30
0.0
 10
27363.13725260967
 20
-7465.461298459
 30
0.0
 10
27395.14845250476
 20
-7439.852391012931
 30
0.0
 10
27403.29192669682
 20
-7403.845075062455
 30
0.0
1001
REVIT
1002
{
1070
     1
1000
22909901
1002
}
1002
{
1070
     2
1000
-2000051
1002
}
1002
{
1070
     3
1000
22908212
1002
}
  0
SPLINE
  5
2B3
330
70
100
AcDbEntity
  8
A-COB-___-___-EXI
370
    25
100
AcDbSpline
210
0.0
220
0.0
230
1.0
 70
     8
 71
     3
 72
    11
 73
     7
 74
     0
 42
0.000000001
 43
0.0000000001
 40
0.0
 40
0.0
 40
0.0
 40
0.0
 40
1.0
 40
1.0
 40
1.0
 40
2.0
 40
2.0
 40
2.0
 40
2.0
 10
27087.03856945199
 20
-7403.845075062455
 30
0.0
 10
27095.11431161303
 20
-7439.852391012931
 30
0.0
 10
27127.12446947687
 20
-7465.461298459
 30
0.0
 10
27164.0707293558
 20
-7465.461298459
 30
0.0
 10
27200.9471731412
 20
-7465.461298459
 30
0.0
 10
27232.95837303629
 20
-7439.852391012931
 30
0.0
 10
27241.10184722835
 20
-7403.845075062455
 30
0.0
1001
REVIT
1002
{
1070
     1
1000
22909903
1002
}
1002
{
1070
     2
1000
-2000051
1002
}
1002
{
1070
     3
1000
22908212
1002
}
  0
SPLINE
  5
2B5
330
70
100
AcDbEntity
  8
A-COB-___-___-EXI
370
    25
100
AcDbSpline
210
0.0
220
0.0
230
1.0
 70
     8
 71
     3
 72
    11
 73
     7
 74
     0
 42
0.000000001
 43
0.0000000001
 40
0.0
 40
0.0
 40
0.0
 40
0.0
 40
1.0
 40
1.0
 40
1.0
 40
2.0
 40
2.0
 40
2.0
 40
2.0
 10
26924.84848998352
 20
-7403.845075062455
 30
0.0
 10
26932.92423214455
 20
-7439.852391012931
 30
0.0
 10
26964.93439000839
 20
-7465.461298459
 30
0.0
 10
27001.88064988732
 20
-7465.461298459
 30
0.0
 10
27038.75709367272
 20
-7465.461298459
 30
0.0
 10
27070.76829356781
 20
-7439.852391012931
 30
0.0
 10
27078.91176775988
 20
-7403.845075062455
 30
0.0
1001
REVIT
1002
{
1070
     1
1000
22909905
1002
}
1002
{
1070
     2
1000
-2000051
1002
}
1002
{
1070
     3
1000
22908212
1002
}
  0
SPLINE
  5
2B7
330
70
100
AcDbEntity
  8
A-COB-___-___-EXI
370
    25
100
AcDbSpline
210
0.0
220
0.0
230
1.0
 70
     8
 71
     3
 72
    11
 73
     7
 74
     0
 42
0.000000001
 43
0.0000000001
 40
0.0
 40
0.0
 40
0.0
 40
0.0
 40
1.0
 40
1.0
 40
1.0
 40
2.0
 40
2.0
 40
2.0
 40
2.0
 10
26762.65841051504
 20
-7403.845075062455
 30
0.0
 10
26770.73415267608
 20
-7439.852391012931
 30
0.0
 10
26802.74431053992
 20
-7465.461298459
 30
0.0
 10
26839.69057041884
 20
-7465.461298459
 30
0.0
 10
26876.56701420424
 20
-7465.461298459
 30
0.0
 10
26908.57821409934
 20
-7439.852391012931
 30
0.0
 10
26916.7216882914
 20
-7403.845075062455
 30
0.0
1001
REVIT
1002
{
1070
     1
1000
22909907
1002
}
1002
{
1070
     2
1000
-2000051
1002
}
1002
{
1070
     3
1000
22908212
1002
}
  0
SPLINE
  5
2B9
330
70
100
AcDbEntity
  8
A-COB-___-___-EXI
370
    25
100
AcDbSpline
210
0.0
220
0.0
230
1.0
 70
     8
 71
     3
 72
    11
 73
     7
 74
     0
 42
0.000000001
 43
0.0000000001
 40
0.0
 40
0.0
 40
0.0
 40
0.0
 40
1.0
 40
1.0
 40
1.0
 40
2.0
 40
2.0
 40
2.0
 40
2.0
 10
26600.46833104657
 20
-7403.845075062455
 30
0.0
 10
26608.5440732076
 20
-7439.852391012931
 30
0.0
 10
26640.55423107145
 20
-7465.461298459
 30
0.0
 10
26677.50049095037
 20
-7465.461298459
 30
0.0
 10
26714.37693473577
 20
-7465.461298459
 30
0.0
 10
26746.38813463086
 20
-7439.852391012931
 30
0.0
 10
26754.53160882292
 20
-7403.845075062455
 30
0.0
1001
REVIT
1002
{
1070
     1
1000
22909909
1002
}
1002
{
1070
     2
1000
-2000051
1002
}
1002
{
1070
     3
1000
22908212
1002
}
  0
SPLINE
  5
2BB
330
70
100
AcDbEntity
  8
A-COB-___-___-EXI
370
    25
100
AcDbSpline
210
0.0
220
0.0
230
1.0
 70
     8
 71
     3
 72
    11
 73
     7
 74
     0
 42
0.000000001
 43
0.0000000001
 40
0.0
 40
0.0
 40
0.0
 40
0.0
 40
1.0
 40
1.0
 40
1.0
 40
2.0
 40
2.0
 40
2.0
 40
2.0
 10
26438.27825157809
 20
-7403.845075062455
 30
0.0
 10
26446.35399373913
 20
-7439.852391012931
 30
0.0
 10
26478.36415160297
 20
-7465.461298459
 30
0.0
 10
26515.31041148189
 20
-7465.461298459
 30
0.0
 10
26552.18685526729
 20
-7465.461298459
 30
0.0
 10
26584.19805516238
 20
-7439.852391012931
 30
0.0
 10
26592.34152935445
 20
-7403.845075062455
 30
0.0
1001
REVIT
1002
{
1070
     1
1000
22909911
1002
}
1002
{
1070
     2
1000
-2000051
1002
}
1002
{
1070
     3
1000
22908212
1002
}
  0
SPLINE
  5
2BD
330
70
100
AcDbEntity
  8
A-COB-___-___-EXI
370
    25
100
AcDbSpline
210
0.0
220
0.0
230
1.0
 70
     8
 71
     3
 72
    11
 73
     7
 74
     0
 42
0.000000001
 43
0.0000000001
 40
0.0
 40
0.0
 40
0.0
 40
0.0
 40
1.0
 40
1.0
 40
1.0
 40
2.0
 40
2.0
 40
2.0
 40
2.0
 10
26280.35633209563
 20
-7403.845075062455
 30
0.0
 10
26288.43207425666
 20
-7439.852391012931
 30
0.0
 10
26320.44223212052
 20
-7465.461298459
 30
0.0
 10
26357.38744996818
 20
-7465.461298459
 30
0.0
 10
26394.26493578483
 20
-7465.461298459
 30
0.0
 10
26426.27613567992
 20
-7439.852391012931
 30
0.0
 10
26434.41960987198
 20
-7403.845075062455
 30
0.0
1001
REVIT
1002
{
1070
     1
1000
22909913
1002
}
1002
{
1070
     2
1000
-2000051
1002
}
1002
{
1070
     3
1000
22908212
1002
}
  0
SPLINE
  5
2BF
330
70
100
AcDbEntity
  8
A-COB-___-___-EXI
370
    25
100
AcDbSpline
210
0.0
220
0.0
230
1.0
 70
     8
 71
     3
 72
    11
 73
     7
 74
     0
 42
0.000000001
 43
0.0000000001
 40
0.0
 40
0.0
 40
0.0
 40
0.0
 40
1.0
 40
1.0
 40
1.0
 40
2.0
 40
2.0
 40
2.0
 40
2.0
 10
26118.16625262715
 20
-7403.845075062455
 30
0.0
 10
26126.24199478819
 20
-7439.852391012931
 30
0.0
 10
26158.25215265203
 20
-7465.461298459
 30
0.0
 10
26195.19737049971
 20
-7465.461298459
 30
0.0
 10
26232.07485631636
 20
-7465.461298459
 30
0.0
 10
26264.08605621145
 20
-7439.852391012931
 30
0.0
 10
26272.22953040351
 20
-7403.845075062455
 30
0.0
1001
REVIT
1002
{
1070
     1
1000
22909915
1002
}
1002
{
1070
     2
1000
-2000051
1002
}
1002
{
1070
     3
1000
22908212
1002
}
  0
SPLINE
  5
2C1
330
70
100
AcDbEntity
  8
A-COB-___-___-EXI
370
    25
100
AcDbSpline
210
0.0
220
0.0
230
1.0
 70
     8
 71
     3
 72
    11
 73
     7
 74
     0
 42
0.000000001
 43
0.0000000001
 40
0.0
 40
0.0
 40
0.0
 40
0.0
 40
1.0
 40
1.0
 40
1.0
 40
2.0
 40
2.0
 40
2.0
 40
2.0
 10
25955.97617315867
 20
-7403.845075062455
 30
0.0
 10
25964.05191531971
 20
-7439.852391012931
 30
0.0
 10
25996.06207318356
 20
-7465.461298459
 30
0.0
 10
26033.00729103124
 20
-7465.461298459
 30
0.0
 10
26069.88477684788
 20
-7465.461298459
 30
0.0
 10
26101.89597674297
 20
-7439.852391012931
 30
0.0
 10
26110.03945093504
 20
-7403.845075062455
 30
0.0
1001
REVIT
1002
{
1070
     1
1000
22909917
1002
}
1002
{
1070
     2
1000
-2000051
1002
}
1002
{
1070
     3
1000
22908212
1002
}
  0
SPLINE
  5
2C3
330
70
100
AcDbEntity
  8
A-COB-___-___-EXI
370
    25
100
AcDbSpline
210
0.0
220
0.0
230
1.0
 70
     8
 71
     3
 72
    11
 73
     7
 74
     0
 42
0.000000001
 43
0.0000000001
 40
0.0
 40
0.0
 40
0.0
 40
0.0
 40
1.0
 40
1.0
 40
1.0
 40
2.0
 40
2.0
 40
2.0
 40
2.0
 10
25793.7860936902
 20
-7403.845075062455
 30
0.0
 10
25801.86183585124
 20
-7439.852391012931
 30
0.0
 10
25833.87199371509
 20
-7465.461298459
 30
0.0
 10
25870.81721156276
 20
-7465.461298459
 30
0.0
 10
25907.6946973794
 20
-7465.461298459
 30
0.0
 10
25939.7058972745
 20
-7439.852391012931
 30
0.0
 10
25947.84937146656
 20
-7403.845075062455
 30
0.0
1001
REVIT
1002
{
1070
     1
1000
22909919
1002
}
1002
{
1070
     2
1000
-2000051
1002
}
1002
{
1070
     3
1000
22908212
1002
}
  0
SPLINE
  5
2C5
330
70
100
AcDbEntity
  8
A-COB-___-___-EXI
370
    25
100
AcDbSpline
210
0.0
220
0.0
230
1.0
 70
     8
 71
     3
 72
    11
 73
     7
 74
     0
 42
0.000000001
 43
0.0000000001
 40
0.0
 40
0.0
 40
0.0
 40
0.0
 40
1.0
 40
1.0
 40
1.0
 40
2.0
 40
2.0
 40
2.0
 40
2.0
 10
25631.59601422173
 20
-7403.845075062455
 30
0.0
 10
25639.67175638276
 20
-7439.852391012931
 30
0.0
 10
25671.68191424661
 20
-7465.461298459
 30
0.0
 10
25708.62713209428
 20
-7465.461298459
 30
0.0
 10
25745.50461791093
 20
-7465.461298459
 30
0.0
 10
25777.51581780602
 20
-7439.852391012931
 30
0.0
 10
25785.65929199809
 20
-7403.845075062455
 30
0.0
1001
REVIT
1002
{
1070
     1
1000
22909921
1002
}
1002
{
1070
     2
1000
-2000051
1002
}
1002
{
1070
     3
1000
22908212
1002
}
  0
SPLINE
  5
2C7
330
70
100
AcDbEntity
  8
A-COB-___-___-EXI
370
    25
100
AcDbSpline
210
0.0
220
0.0
230
1.0
 70
     8
 71
     3
 72
    11
 73
     7
 74
     0
 42
0.000000001
 43
0.0000000001
 40
0.0
 40
0.0
 40
0.0
 40
0.0
 40
1.0
 40
1.0
 40
1.0
 40
2.0
 40
2.0
 40
2.0
 40
2.0
 10
25469.40593475325
 20
-7403.845075062455
 30
0.0
 10
25477.48115589866
 20
-7439.852391012931
 30
0.0
 10
25509.49235579376
 20
-7465.461298459
 30
0.0
 10
25546.4370526258
 20
-7465.461298459
 30
0.0
 10
25583.31453844245
 20
-7465.461298459
 30
0.0
 10
25615.32573833755
 20
-7439.852391012931
 30
0.0
 10
25623.46921252961
 20
-7403.845075062455
 30
0.0
1001
REVIT
1002
{
1070
     1
1000
22909923
1002
}
1002
{
1070
     2
1000
-2000051
1002
}
1002
{
1070
     3
1000
22908212
1002
}
  0
SPLINE
  5
2C9
330
70
100
AcDbEntity
  8
A-COB-___-___-EXI
370
    25
100
AcDbSpline
210
0.0
220
0.0
230
1.0
 70
     8
 71
     3
 72
    11
 73
     7
 74
     0
 42
0.000000001
 43
0.0000000001
 40
0.0
 40
0.0
 40
0.0
 40
0.0
 40
1.0
 40
1.0
 40
1.0
 40
2.0
 40
2.0
 40
2.0
 40
2.0
 10
25307.21585528478
 20
-7403.845075062455
 30
0.0
 10
25315.29107643018
 20
-7439.852391012931
 30
0.0
 10
25347.30227632528
 20
-7465.461298459
 30
0.0
 10
25384.24749417295
 20
-7465.461298459
 30
0.0
 10
25421.12445897398
 20
-7465.461298459
 30
0.0
 10
25453.13565886907
 20
-7439.852391012931
 30
0.0
 10
25461.27913306113
 20
-7403.845075062455
 30
0.0
1001
REVIT
1002
{
1070
     1
1000
22909925
1002
}
1002
{
1070
     2
1000
-2000051
1002
}
1002
{
1070
     3
1000
22908212
1002
}
  0
SPLINE
  5
2CB
330
70
100
AcDbEntity
  8
A-COB-___-___-EXI
370
    25
100
AcDbSpline
210
0.0
220
0.0
230
1.0
 70
     8
 71
     3
 72
    11
 73
     7
 74
     0
 42
0.000000001
 43
0.0000000001
 40
0.0
 40
0.0
 40
0.0
 40
0.0
 40
1.0
 40
1.0
 40
1.0
 40
2.0
 40
2.0
 40
2.0
 40
2.0
 10
25145.0257758163
 20
-7403.845075062455
 30
0.0
 10
25153.10099696171
 20
-7439.852391012931
 30
0.0
 10
25185.1121968568
 20
-7465.461298459
 30
0.0
 10
25222.05741470448
 20
-7465.461298459
 30
0.0
 10
25258.9343795055
 20
-7465.461298459
 30
0.0
 10
25290.9455794006
 20
-7439.852391012931
 30
0.0
 10
25299.08905359266
 20
-7403.845075062455
 30
0.0
1001
REVIT
1002
{
1070
     1
1000
22909927
1002
}
1002
{
1070
     2
1000
-2000051
1002
}
1002
{
1070
     3
1000
22908212
1002
}
  0
SPLINE
  5
2CD
330
70
100
AcDbEntity
  8
A-COB-___-___-EXI
370
    25
100
AcDbSpline
210
0.0
220
0.0
230
1.0
 70
     8
 71
     3
 72
    11
 73
     7
 74
     0
 42
0.000000001
 43
0.0000000001
 40
0.0
 40
0.0
 40
0.0
 40
0.0
 40
1.0
 40
1.0
 40
1.0
 40
2.0
 40
2.0
 40
2.0
 40
2.0
 10
24982.83569634783
 20
-7403.845075062455
 30
0.0
 10
24990.91091749324
 20
-7439.852391012931
 30
0.0
 10
25022.92211738833
 20
-7465.461298459
 30
0.0
 10
25059.86733523601
 20
-7465.461298459
 30
0.0
 10
25096.74430003703
 20
-7465.461298459
 30
0.0
 10
25128.75549993212
 20
-7439.852391012931
 30
0.0
 10
25136.89897412418
 20
-7403.845075062455
 30
0.0
1001
REVIT
1002
{
1070
     1
1000
22909929
1002
}
1002
{
1070
     2
1000
-2000051
1002
}
1002
{
1070
     3
1000
22908212
1002
}
  0
SPLINE
  5
2CF
330
70
100
AcDbEntity
  8
A-COB-___-___-EXI
370
    25
100
AcDbSpline
210
0.0
220
0.0
230
1.0
 70
     8
 71
     3
 72
    11
 73
     7
 74
     0
 42
0.000000001
 43
0.0000000001
 40
0.0
 40
0.0
 40
0.0
 40
0.0
 40
1.0
 40
1.0
 40
1.0
 40
2.0
 40
2.0
 40
2.0
 40
2.0
 10
24820.64561687935
 20
-7403.845075062455
 30
0.0
 10
24828.72083802476
 20
-7439.852391012931
 30
0.0
 10
24860.73203791985
 20
-7465.461298459
 30
0.0
 10
24897.67725576752
 20
-7465.461298459
 30
0.0
 10
24934.55422056855
 20
-7465.461298459
 30
0.0
 10
24966.56542046364
 20
-7439.852391012931
 30
0.0
 10
24974.70889465571
 20
-7403.845075062455
 30
0.0
1001
REVIT
1002
{
1070
     1
1000
22909931
1002
}
1002
{
1070
     2
1000
-2000051
1002
}
1002
{
1070
     3
1000
22908212
1002
}
  0
SPLINE
  5
2D1
330
70
100
AcDbEntity
  8
A-COB-___-___-EXI
370
    25
100
AcDbSpline
210
0.0
220
0.0
230
1.0
 70
     8
 71
     3
 72
    11
 73
     7
 74
     0
 42
0.000000001
 43
0.0000000001
 40
0.0
 40
0.0
 40
0.0
 40
0.0
 40
1.0
 40
1.0
 40
1.0
 40
2.0
 40
2.0
 40
2.0
 40
2.0
 10
24658.45553741087
 20
-7403.845075062455
 30
0.0
 10
24666.53075855628
 20
-7439.852391012931
 30
0.0
 10
24698.54195845138
 20
-7465.461298459
 30
0.0
 10
24735.48717629905
 20
-7465.461298459
 30
0.0
 10
24772.36414110008
 20
-7465.461298459
 30
0.0
 10
24804.37534099517
 20
-7439.852391012931
 30
0.0
 10
24812.51881518723
 20
-7403.845075062455
 30
0.0
1001
REVIT
1002
{
1070
     1
1000
22909933
1002
}
1002
{
1070
     2
1000
-2000051
1002
}
1002
{
1070
     3
1000
22908212
1002
}
  0
SPLINE
  5
2D3
330
70
100
AcDbEntity
  8
A-COB-___-___-EXI
370
    25
100
AcDbSpline
210
0.0
220
0.0
230
1.0
 70
     8
 71
     3
 72
    11
 73
     7
 74
     0
 42
0.000000001
 43
0.0000000001
 40
0.0
 40
0.0
 40
0.0
 40
0.0
 40
1.0
 40
1.0
 40
1.0
 40
2.0
 40
2.0
 40
2.0
 40
2.0
 10
24496.2654579424
 20
-7403.845075062455
 30
0.0
 10
24504.34067908781
 20
-7439.852391012931
 30
0.0
 10
24536.3518789829
 20
-7465.461298459
 30
0.0
 10
24573.29709683058
 20
-7465.461298459
 30
0.0
 10
24610.1740616316
 20
-7465.461298459
 30
0.0
 10
24642.1852615267
 20
-7439.852391012931
 30
0.0
 10
24650.32873571876
 20
-7403.845075062455
 30
0.0
1001
REVIT
1002
{
1070
     1
1000
22909935
1002
}
1002
{
1070
     2
1000
-2000051
1002
}
1002
{
1070
     3
1000
22908212
1002
}
  0
SPLINE
  5
2D5
330
70
100
AcDbEntity
  8
A-COB-___-___-EXI
370
    25
100
AcDbSpline
210
0.0
220
0.0
230
1.0
 70
     8
 71
     3
 72
    11
 73
     7
 74
     0
 42
0.000000001
 43
0.0000000001
 40
0.0
 40
0.0
 40
0.0
 40
0.0
 40
1.0
 40
1.0
 40
1.0
 40
2.0
 40
2.0
 40
2.0
 40
2.0
 10
24334.07537847392
 20
-7403.845075062455
 30
0.0
 10
24342.15059961934
 20
-7439.852391012931
 30
0.0
 10
24374.16179951443
 20
-7465.461298459
 30
0.0
 10
24411.1070173621
 20
-7465.461298459
 30
0.0
 10
24447.98398216312
 20
-7465.461298459
 30
0.0
 10
24479.99518205822
 20
-7439.852391012931
 30
0.0
 10
24488.13865625028
 20
-7403.845075062455
 30
0.0
1001
REVIT
1002
{
1070
     1
1000
22909937
1002
}
1002
{
1070
     2
1000
-2000051
1002
}
1002
{
1070
     3
1000
22908212
1002
}
  0
SPLINE
  5
2D7
330
70
100
AcDbEntity
  8
A-COB-___-___-EXI
370
    25
100
AcDbSpline
210
0.0
220
0.0
230
1.0
 70
     8
 71
     3
 72
    11
 73
     7
 74
     0
 42
0.000000001
 43
0.0000000001
 40
0.0
 40
0.0
 40
0.0
 40
0.0
 40
1.0
 40
1.0
 40
1.0
 40
2.0
 40
2.0
 40
2.0
 40
2.0
 10
24171.88529900545
 20
-7403.845075062455
 30
0.0
 10
24179.96052015086
 20
-7439.852391012931
 30
0.0
 10
24211.97172004595
 20
-7465.461298459
 30
0.0
 10
24248.91693789363
 20
-7465.461298459
 30
0.0
 10
24285.79390269465
 20
-7465.461298459
 30
0.0
 10
24317.80510258974
 20
-7439.852391012931
 30
0.0
 10
24325.94857678181
 20
-7403.845075062455
 30
0.0
1001
REVIT
1002
{
1070
     1
1000
22909939
1002
}
1002
{
1070
     2
1000
-2000051
1002
}
1002
{
1070
     3
1000
22908212
1002
}
  0
SPLINE
  5
2D9
330
70
100
AcDbEntity
  8
A-COB-___-___-EXI
370
    25
100
AcDbSpline
210
0.0
220
0.0
230
1.0
 70
     8
 71
     3
 72
    11
 73
     7
 74
     0
 42
0.000000001
 43
0.0000000001
 40
0.0
 40
0.0
 40
0.0
 40
0.0
 40
1.0
 40
1.0
 40
1.0
 40
2.0
 40
2.0
 40
2.0
 40
2.0
 10
24013.96337952298
 20
-7403.845075062455
 30
0.0
 10
24022.0386006684
 20
-7439.852391012931
 30
0.0
 10
24054.04980056349
 20
-7465.461298459
 30
0.0
 10
24090.99501841116
 20
-7465.461298459
 30
0.0
 10
24127.87146219657
 20
-7465.461298459
 30
0.0
 10
24159.88266209166
 20
-7439.852391012931
 30
0.0
 10
24168.02665729934
 20
-7403.845075062455
 30
0.0
1001
REVIT
1002
{
1070
     1
1000
22909941
1002
}
1002
{
1070
     2
1000
-2000051
1002
}
1002
{
1070
     3
1000
22908212
1002
}
  0
SPLINE
  5
2DB
330
70
100
AcDbEntity
  8
A-COB-___-___-EXI
370
    25
100
AcDbSpline
210
0.0
220
0.0
230
1.0
 70
     8
 71
     3
 72
    11
 73
     7
 74
     0
 42
0.000000001
 43
0.0000000001
 40
0.0
 40
0.0
 40
0.0
 40
0.0
 40
1.0
 40
1.0
 40
1.0
 40
2.0
 40
2.0
 40
2.0
 40
2.0
 10
23851.77330005451
 20
-7403.845075062455
 30
0.0
 10
23859.84852119992
 20
-7439.852391012931
 30
0.0
 10
23891.85972109501
 20
-7465.461298459
 30
0.0
 10
23928.80493894269
 20
-7465.461298459
 30
0.0
 10
23965.68138272809
 20
-7465.461298459
 30
0.0
 10
23997.69258262318
 20
-7439.852391012931
 30
0.0
 10
24005.83657783087
 20
-7403.845075062455
 30
0.0
1001
REVIT
1002
{
1070
     1
1000
22909943
1002
}
1002
{
1070
     2
1000
-2000051
1002
}
1002
{
1070
     3
1000
22908212
1002
}
  0
SPLINE
  5
2DD
330
70
100
AcDbEntity
  8
A-COB-___-___-EXI
370
    25
100
AcDbSpline
210
0.0
220
0.0
230
1.0
 70
     8
 71
     3
 72
    11
 73
     7
 74
     0
 42
0.000000001
 43
0.0000000001
 40
0.0
 40
0.0
 40
0.0
 40
0.0
 40
1.0
 40
1.0
 40
1.0
 40
2.0
 40
2.0
 40
2.0
 40
2.0
 10
23689.58322058603
 20
-7403.845075062455
 30
0.0
 10
23697.65844173144
 20
-7439.852391012931
 30
0.0
 10
23729.66964162654
 20
-7465.461298459
 30
0.0
 10
23766.61485947421
 20
-7465.461298459
 30
0.0
 10
23803.49130325961
 20
-7465.461298459
 30
0.0
 10
23835.50250315471
 20
-7439.852391012931
 30
0.0
 10
23843.64649836239
 20
-7403.845075062455
 30
0.0
1001
REVIT
1002
{
1070
     1
1000
22909945
1002
}
1002
{
1070
     2
1000
-2000051
1002
}
1002
{
1070
     3
1000
22908212
1002
}
  0
SPLINE
  5
2DF
330
70
100
AcDbEntity
  8
A-COB-___-___-EXI
370
    25
100
AcDbSpline
210
0.0
220
0.0
230
1.0
 70
     8
 71
     3
 72
    11
 73
     7
 74
     0
 42
0.000000001
 43
0.0000000001
 40
0.0
 40
0.0
 40
0.0
 40
0.0
 40
1.0
 40
1.0
 40
1.0
 40
2.0
 40
2.0
 40
2.0
 40
2.0
 10
23527.39314111756
 20
-7403.845075062455
 30
0.0
 10
23535.46836226297
 20
-7439.852391012931
 30
0.0
 10
23567.47956215806
 20
-7465.461298459
 30
0.0
 10
23604.42478000574
 20
-7465.461298459
 30
0.0
 10
23641.30122379114
 20
-7465.461298459
 30
0.0
 10
23673.31242368623
 20
-7439.852391012931
 30
0.0
 10
23681.45641889392
 20
-7403.845075062455
 30
0.0
1001
REVIT
1002
{
1070
     1
1000
22909947
1002
}
1002
{
1070
     2
1000
-2000051
1002
}
1002
{
1070
     3
1000
22908212
1002
}
  0
SPLINE
  5
2E1
330
70
100
AcDbEntity
  8
A-COB-___-___-EXI
370
    25
100
AcDbSpline
210
0.0
220
0.0
230
1.0
 70
     8
 71
     3
 72
    11
 73
     7
 74
     0
 42
0.000000001
 43
0.0000000001
 40
0.0
 40
0.0
 40
0.0
 40
0.0
 40
1.0
 40
1.0
 40
1.0
 40
2.0
 40
2.0
 40
2.0
 40
2.0
 10
23365.20306164908
 20
-7403.845075062455
 30
0.0
 10
23373.2782827945
 20
-7439.852391012931
 30
0.0
 10
23405.28948268959
 20
-7465.461298459
 30
0.0
 10
23442.23470053726
 20
-7465.461298459
 30
0.0
 10
23479.11114432266
 20
-7465.461298459
 30
0.0
 10
23511.12234421775
 20
-7439.852391012931
 30
0.0
 10
23519.26633942544
 20
-7403.845075062455
 30
0.0
1001
REVIT
1002
{
1070
     1
1000
22909949
1002
}
1002
{
1070
     2
1000
-2000051
1002
}
1002
{
1070
     3
1000
22908212
1002
}
  0
SPLINE
  5
2E6
330
70
100
AcDbEntity
  8
A-COB-___-___-EXI
370
    25
100
AcDbSpline
210
0.0
220
0.0
230
1.0
 70
     9
 71
     3
 72
    17
 73
    13
 74
     0
 42
0.000000001
 43
0.0000000001
 40
0.0
 40
0.0
 40
0.0
 40
0.0
 40
1.0
 40
1.0
 40
1.0
 40
2.0
 40
2.0
 40
2.0
 40
3.0
 40
3.0
 40
3.0
 40
4.0
 40
4.0
 40
4.0
 40
4.0
 10
29477.94279364784
 20
-7410.573457035896
 30
0.0
 10
29493.68267562751
 20
-7401.303566059325
 30
0.0
 10
29512.56532384687
 20
-7398.963168674727
 30
0.0
 10
29530.09854160192
 20
-7404.101414223903
 30
0.0
 10
29512.56532384687
 20
-7398.963168674727
 30
0.0
 10
29493.68267562751
 20
-7401.303566059325
 30
0.0
 10
29477.94279364784
 20
-7410.573457035896
 30
0.0
 10
29462.20186963692
 20
-7419.843348012467
 30
0.0
 10
29451.00107576739
 20
-7435.243496252436
 30
0.0
 10
29447.00696999922
 20
-7453.049689711029
 30
0.0
 10
29451.00107576739
 20
-7435.243496252436
 30
0.0
 10
29462.20186963692
 20
-7419.843348012467
 30
0.0
 10
29477.94279364784
 20
-7410.573457035896
 30
0.0
1001
REVIT
1002
{
1070
     1
1000
22909955
1002
}
1002
{
1070
     2
1000
-2000051
1002
}
1002
{
1070
     3
1000
22908212
1002
}
  0
SPLINE
  5
2E7
330
70
100
AcDbEntity
  8
A-COB-___-___-EXI
370
    25
100
AcDbSpline
210
0.0
220
0.0
230
1.0
 70
     9
 71
     3
 72
    11
 73
     7
 74
     0
 42
0.000000001
 43
0.0000000001
 40
0.0
 40
0.0
 40
0.0
 40
0.0
 40
1.0
 40
1.0
 40
1.0
 40
2.0
 40
2.0
 40
2.0
 40
2.0
 10
29531.22601941072
 20
-7404.443199772501
 30
0.0
 10
29553.57446355623
 20
-7411.375819451809
 30
0.0
 10
29570.57832943801
 20
-7429.710321669971
 30
0.0
 10
29575.97292520158
 20
-7452.521380951459
 30
0.0
 10
29570.57832943801
 20
-7429.710321669971
 30
0.0
 10
29553.57446355623
 20
-7411.375819451809
 30
0.0
 10
29531.22601941072
 20
-7404.443199772501
 30
0.0
1001
REVIT
1002
{
1070
     1
1000
22909956
1002
}
1002
{
1070
     2
1000
-2000051
1002
}
1002
{
1070
     3
1000
22908212
1002
}
  0
SPLINE
  5
2EC
330
70
100
AcDbEntity
  8
A-COB-___-___-EXI
370
    25
100
AcDbSpline
210
0.0
220
0.0
230
1.0
 70
     9
 71
     3
 72
    17
 73
    13
 74
     0
 42
0.000000001
 43
0.0000000001
 40
0.0
 40
0.0
 40
0.0
 40
0.0
 40
1.0
 40
1.0
 40
1.0
 40
2.0
 40
2.0
 40
2.0
 40
3.0
 40
3.0
 40
3.0
 40
4.0
 40
4.0
 40
4.0
 40
4.0
 10
29635.86471313031
 20
-7410.573457035896
 30
0.0
 10
29651.60563714122
 20
-7401.303566059325
 30
0.0
 10
29670.48724332934
 20
-7398.963168674727
 30
0.0
 10
29688.02046108438
 20
-7404.101414223903
 30
0.0
 10
29670.48724332934
 20
-7398.963168674727
 30
0.0
 10
29651.60563714122
 20
-7401.303566059325
 30
0.0
 10
29635.86471313031
 20
-7410.573457035896
 30
0.0
 10
29620.12274708814
 20
-7419.843348012467
 30
0.0
 10
29608.92403728109
 20
-7435.243496252436
 30
0.0
 10
29604.92888948169
 20
-7453.049689711029
 30
0.0
 10
29608.92403728109
 20
-7435.243496252436
 30
0.0
 10
29620.12274708814
 20
-7419.843348012467
 30
0.0
 10
29635.86471313031
 20
-7410.573457035896
 30
0.0
1001
REVIT
1002
{
1070
     1
1000
22909962
1002
}
1002
{
1070
     2
1000
-2000051
1002
}
1002
{
1070
     3
1000
22908212
1002
}
  0
SPLINE
  5
2ED
330
70
100
AcDbEntity
  8
A-COB-___-___-EXI
370
    25
100
AcDbSpline
210
0.0
220
0.0
230
1.0
 70
     9
 71
     3
 72
    11
 73
     7
 74
     0
 42
0.000000001
 43
0.0000000001
 40
0.0
 40
0.0
 40
0.0
 40
0.0
 40
1.0
 40
1.0
 40
1.0
 40
2.0
 40
2.0
 40
2.0
 40
2.0
 10
29689.14793889318
 20
-7404.443199772501
 30
0.0
 10
29711.4963830387
 20
-7411.375819451809
 30
0.0
 10
29728.50024892047
 20
-7429.710321669971
 30
0.0
 10
29733.89484468404
 20
-7452.521380951459
 30
0.0
 10
29728.50024892047
 20
-7429.710321669971
 30
0.0
 10
29711.4963830387
 20
-7411.375819451809
 30
0.0
 10
29689.14793889318
 20
-7404.443199772501
 30
0.0
1001
REVIT
1002
{
1070
     1
1000
22909963
1002
}
1002
{
1070
     2
1000
-2000051
1002
}
1002
{
1070
     3
1000
22908212
1002
}
  0
SPLINE
  5
2F2
330
70
100
AcDbEntity
  8
A-COB-___-___-EXI
370
    25
100
AcDbSpline
210
0.0
220
0.0
230
1.0
 70
     9
 71
     3
 72
    17
 73
    13
 74
     0
 42
0.000000001
 43
0.0000000001
 40
0.0
 40
0.0
 40
0.0
 40
0.0
 40
1.0
 40
1.0
 40
1.0
 40
2.0
 40
2.0
 40
2.0
 40
3.0
 40
3.0
 40
3.0
 40
4.0
 40
4.0
 40
4.0
 40
4.0
 10
29798.05479259878
 20
-7410.573457035896
 30
0.0
 10
29813.79571660969
 20
-7401.303566059325
 30
0.0
 10
29832.67732279781
 20
-7398.963168674727
 30
0.0
 10
29850.21054055286
 20
-7404.101414223903
 30
0.0
 10
29832.67732279781
 20
-7398.963168674727
 30
0.0
 10
29813.79571660969
 20
-7401.303566059325
 30
0.0
 10
29798.05479259878
 20
-7410.573457035896
 30
0.0
 10
29782.31282655661
 20
-7419.843348012467
 30
0.0
 10
29771.11411674957
 20
-7435.243496252436
 30
0.0
 10
29767.11896895016
 20
-7453.049689711029
 30
0.0
 10
29771.11411674957
 20
-7435.243496252436
 30
0.0
 10
29782.31282655661
 20
-7419.843348012467
 30
0.0
 10
29798.05479259878
 20
-7410.573457035896
 30
0.0
1001
REVIT
1002
{
1070
     1
1000
22909969
1002
}
1002
{
1070
     2
1000
-2000051
1002
}
1002
{
1070
     3
1000
22908212
1002
}
  0
SPLINE
  5
2F3
330
70
100
AcDbEntity
  8
A-COB-___-___-EXI
370
    25
100
AcDbSpline
210
0.0
220
0.0
230
1.0
 70
     9
 71
     3
 72
    11
 73
     7
 74
     0
 42
0.000000001
 43
0.0000000001
 40
0.0
 40
0.0
 40
0.0
 40
0.0
 40
1.0
 40
1.0
 40
1.0
 40
2.0
 40
2.0
 40
2.0
 40
2.0
 10
29851.33801836166
 20
-7404.443199772501
 30
0.0
 10
29873.68646250717
 20
-7411.375819451809
 30
0.0
 10
29890.69032838894
 20
-7429.710321669971
 30
0.0
 10
29896.08492415252
 20
-7452.521380951459
 30
0.0
 10
29890.69032838894
 20
-7429.710321669971
 30
0.0
 10
29873.68646250717
 20
-7411.375819451809
 30
0.0
 10
29851.33801836166
 20
-7404.443199772501
 30
0.0
1001
REVIT
1002
{
1070
     1
1000
22909970
1002
}
1002
{
1070
     2
1000
-2000051
1002
}
1002
{
1070
     3
1000
22908212
1002
}
  0
SPLINE
  5
2F8
330
70
100
AcDbEntity
  8
A-COB-___-___-EXI
370
    25
100
AcDbSpline
210
0.0
220
0.0
230
1.0
 70
     9
 71
     3
 72
    29
 73
    25
 74
     0
 42
0.000000001
 43
0.0000000001
 40
0.0
 40
0.0
 40
0.0
 40
0.0
 40
1.0
 40
1.0
 40
1.0
 40
2.0
 40
2.0
 40
2.0
 40
3.0
 40
3.0
 40
3.0
 40
4.0
 40
4.0
 40
4.0
 40
5.0
 40
5.0
 40
5.0
 40
6.0
 40
6.0
 40
6.0
 40
7.0
 40
7.0
 40
7.0
 40
8.0
 40
8.0
 40
8.0
 40
8.0
 10
23489.71381225667
 20
-7410.573457035896
 30
0.0
 10
23473.97288824575
 20
-7419.843348012467
 30
0.0
 10
23462.77313640745
 20
-7435.243496252436
 30
0.0
 10
23458.77850962367
 20
-7453.049689711029
 30
0.0
 10
23462.77313640745
 20
-7435.243496252436
 30
0.0
 10
23473.97288824575
 20
-7419.843348012467
 30
0.0
 10
23489.71381225667
 20
-7410.573457035896
 30
0.0
 10
23505.45473626758
 20
-7401.303566059325
 30
0.0
 10
23524.33738448695
 20
-7398.963168674727
 30
0.0
 10
23541.87060224198
 20
-7404.101414223903
 30
0.0
 10
23524.33738448695
 20
-7398.963168674727
 30
0.0
 10
23505.45473626758
 20
-7401.303566059325
 30
0.0
 10
23489.71381225667
 20
-7410.573457035896
 30
0.0
 10
23473.97288824575
 20
-7419.843348012467
 30
0.0
 10
23462.77313640745
 20
-7435.243496252436
 30
0.0
 10
23458.77850962367
 20
-7453.049689711029
 30
0.0
 10
23462.77313640745
 20
-7435.243496252436
 30
0.0
 10
23473.97288824575
 20
-7419.843348012467
 30
0.0
 10
23489.71381225667
 20
-7410.573457035896
 30
0.0
 10
23505.45473626758
 20
-7401.303566059325
 30
0.0
 10
23524.33738448695
 20
-7398.963168674727
 30
0.0
 10
23541.87060224198
 20
-7404.101414223903
 30
0.0
 10
23524.33738448695
 20
-7398.963168674727
 30
0.0
 10
23505.45473626758
 20
-7401.303566059325
 30
0.0
 10
23489.71381225667
 20
-7410.573457035896
 30
0.0
1001
REVIT
1002
{
1070
     1
1000
22909976
1002
}
1002
{
1070
     2
1000
-2000051
1002
}
1002
{
1070
     3
1000
22908212
1002
}
  0
SPLINE
  5
2F9
330
70
100
AcDbEntity
  8
A-COB-___-___-EXI
370
    25
100
AcDbSpline
210
0.0
220
0.0
230
1.0
 70
     9
 71
     3
 72
    17
 73
    13
 74
     0
 42
0.000000001
 43
0.0000000001
 40
0.0
 40
0.0
 40
0.0
 40
0.0
 40
1.0
 40
1.0
 40
1.0
 40
2.0
 40
2.0
 40
2.0
 40
3.0
 40
3.0
 40
3.0
 40
4.0
 40
4.0
 40
4.0
 40
4.0
 10
23542.99755903517
 20
-7404.443199772501
 30
0.0
 10
23565.34548216506
 20
-7411.375819451809
 30
0.0
 10
23582.34986906246
 20
-7429.710321669971
 30
0.0
 10
23587.74498584165
 20
-7452.521380951459
 30
0.0
 10
23582.34986906246
 20
-7429.710321669971
 30
0.0
 10
23565.34548216506
 20
-7411.375819451809
 30
0.0
 10
23542.99755903517
 20
-7404.443199772501
 30
0.0
 10
23565.34548216506
 20
-7411.375819451809
 30
0.0
 10
23582.34986906246
 20
-7429.710321669971
 30
0.0
 10
23587.74498584165
 20
-7452.521380951459
 30
0.0
 10
23582.34986906246
 20
-7429.710321669971
 30
0.0
 10
23565.34548216506
 20
-7411.375819451809
 30
0.0
 10
23542.99755903517
 20
-7404.443199772501
 30
0.0
1001
REVIT
1002
{
1070
     1
1000
22909977
1002
}
1002
{
1070
     2
1000
-2000051
1002
}
1002
{
1070
     3
1000
22908212
1002
}
  0
SPLINE
  5
2FE
330
70
100
AcDbEntity
  8
A-COB-___-___-EXI
370
    25
100
AcDbSpline
210
0.0
220
0.0
230
1.0
 70
     9
 71
     3
 72
    29
 73
    25
 74
     0
 42
0.000000001
 43
0.0000000001
 40
0.0
 40
0.0
 40
0.0
 40
0.0
 40
1.0
 40
1.0
 40
1.0
 40
2.0
 40
2.0
 40
2.0
 40
3.0
 40
3.0
 40
3.0
 40
4.0
 40
4.0
 40
4.0
 40
5.0
 40
5.0
 40
5.0
 40
6.0
 40
6.0
 40
6.0
 40
7.0
 40
7.0
 40
7.0
 40
8.0
 40
8.0
 40
8.0
 40
8.0
 10
23327.52373278819
 20
-7410.573457035896
 30
0.0
 10
23311.78280877727
 20
-7419.843348012467
 30
0.0
 10
23300.58305693898
 20
-7435.243496252436
 30
0.0
 10
23296.5884301552
 20
-7453.049689711029
 30
0.0
 10
23300.58305693898
 20
-7435.243496252436
 30
0.0
 10
23311.78280877727
 20
-7419.843348012467
 30
0.0
 10
23327.52373278819
 20
-7410.573457035896
 30
0.0
 10
23343.2646567991
 20
-7401.303566059325
 30
0.0
 10
23362.14730501847
 20
-7398.963168674727
 30
0.0
 10
23379.68052277351
 20
-7404.101414223903
 30
0.0
 10
23362.14730501847
 20
-7398.963168674727
 30
0.0
 10
23343.2646567991
 20
-7401.303566059325
 30
0.0
 10
23327.52373278819
 20
-7410.573457035896
 30
0.0
 10
23311.78280877727
 20
-7419.843348012467
 30
0.0
 10
23300.58305693898
 20
-7435.243496252436
 30
0.0
 10
23296.5884301552
 20
-7453.049689711029
 30
0.0
 10
23300.58305693898
 20
-7435.243496252436
 30
0.0
 10
23311.78280877727
 20
-7419.843348012467
 30
0.0
 10
23327.52373278819
 20
-7410.573457035896
 30
0.0
 10
23343.2646567991
 20
-7401.303566059325
 30
0.0
 10
23362.14730501847
 20
-7398.963168674727
 30
0.0
 10
23379.68052277351
 20
-7404.101414223903
 30
0.0
 10
23362.14730501847
 20
-7398.963168674727
 30
0.0
 10
23343.2646567991
 20
-7401.303566059325
 30
0.0
 10
23327.52373278819
 20
-7410.573457035896
 30
0.0
1001
REVIT
1002
{
1070
     1
1000
22909983
1002
}
1002
{
1070
     2
1000
-2000051
1002
}
1002
{
1070
     3
1000
22908212
1002
}
  0
SPLINE
  5
2FF
330
70
100
AcDbEntity
  8
A-COB-___-___-EXI
370
    25
100
AcDbSpline
210
0.0
220
0.0
230
1.0
 70
     9
 71
     3
 72
    11
 73
     7
 74
     0
 42
0.000000001
 43
0.0000000001
 40
0.0
 40
0.0
 40
0.0
 40
0.0
 40
1.0
 40
1.0
 40
1.0
 40
2.0
 40
2.0
 40
2.0
 40
2.0
 10
23380.8074795667
 20
-7404.443199772501
 30
0.0
 10
23403.15540269658
 20
-7411.375819451809
 30
0.0
 10
23420.15978959398
 20
-7429.710321669971
 30
0.0
 10
23425.55490637317
 20
-7452.521380951459
 30
0.0
 10
23420.15978959398
 20
-7429.710321669971
 30
0.0
 10
23403.15540269658
 20
-7411.375819451809
 30
0.0
 10
23380.8074795667
 20
-7404.443199772501
 30
0.0
1001
REVIT
1002
{
1070
     1
1000
22909984
1002
}
1002
{
1070
     2
1000
-2000051
1002
}
1002
{
1070
     3
1000
22908212
1002
}
  0
SPLINE
  5
301
330
70
100
AcDbEntity
  8
A-COB-___-___-EXI
370
    25
100
AcDbSpline
210
0.0
220
0.0
230
1.0
 70
     8
 71
     3
 72
    11
 73
     7
 74
     0
 42
0.000000001
 43
0.0000000001
 40
0.0
 40
0.0
 40
0.0
 40
0.0
 40
1.0
 40
1.0
 40
1.0
 40
2.0
 40
2.0
 40
2.0
 40
2.0
 10
29997.92367991252
 20
-7403.845075062455
 30
0.0
 10
30005.99942207356
 20
-7439.852391012931
 30
0.0
 10
30038.00957993741
 20
-7465.461298459
 30
0.0
 10
30074.95583981633
 20
-7465.461298459
 30
0.0
 10
30111.83228360173
 20
-7465.461298459
 30
0.0
 10
30143.84348349682
 20
-7439.852391012931
 30
0.0
 10
30151.98695768888
 20
-7403.845075062455
 30
0.0
1001
REVIT
1002
{
1070
     1
1000
22909986
1002
}
1002
{
1070
     2
1000
-2000051
1002
}
1002
{
1070
     3
1000
22908212
1002
}
  0
SPLINE
  5
303
330
70
100
AcDbEntity
  8
A-COB-___-___-EXI
370
    25
100
AcDbSpline
210
0.0
220
0.0
230
1.0
 70
     8
 71
     3
 72
    11
 73
     7
 74
     0
 42
0.000000001
 43
0.0000000001
 40
0.0
 40
0.0
 40
0.0
 40
0.0
 40
1.0
 40
1.0
 40
1.0
 40
2.0
 40
2.0
 40
2.0
 40
2.0
 10
30012.40062002133
 20
-7404.101414223903
 30
0.0
 10
29994.86740226629
 20
-7398.963168674727
 30
0.0
 10
29975.98579607817
 20
-7401.303566059325
 30
0.0
 10
29960.24487206726
 20
-7410.573457035896
 30
0.0
 10
29944.50290602509
 20
-7419.843348012467
 30
0.0
 10
29933.30419621805
 20
-7435.243496252436
 30
0.0
 10
29929.30904841863
 20
-7453.049689711029
 30
0.0
1001
REVIT
1002
{
1070
     1
1000
22909988
1002
}
1002
{
1070
     2
1000
-2000051
1002
}
1002
{
1070
     3
1000
22908212
1002
}
  0
SPLINE
  5
304
330
70
100
AcDbEntity
  8
A-COB-___-___-EXI
370
    25
100
AcDbSpline
210
0.0
220
0.0
230
1.0
 70
     8
 71
     3
 72
     8
 73
     4
 74
     0
 42
0.000000001
 43
0.0000000001
 40
0.0
 40
0.0
 40
0.0
 40
0.0
 40
1.0
 40
1.0
 40
1.0
 40
1.0
 10
30058.275003621
 20
-7452.521380951459
 30
0.0
 10
30052.88040785742
 20
-7429.710321669971
 30
0.0
 10
30035.87654197565
 20
-7411.375819451809
 30
0.0
 10
30013.52809783014
 20
-7404.443199772501
 30
0.0
1001
REVIT
1002
{
1070
     1
1000
22909989
1002
}
1002
{
1070
     2
1000
-2000051
1002
}
1002
{
1070
     3
1000
22908212
1002
}
  0
SPLINE
  5
306
330
70
100
AcDbEntity
  8
A-COB-___-___-EXI
370
    25
100
AcDbSpline
210
0.0
220
0.0
230
1.0
 70
     8
 71
     3
 72
    11
 73
     7
 74
     0
 42
0.000000001
 43
0.0000000001
 40
0.0
 40
0.0
 40
0.0
 40
0.0
 40
1.0
 40
1.0
 40
1.0
 40
2.0
 40
2.0
 40
2.0
 40
2.0
 10
30174.59069948981
 20
-7404.101414223903
 30
0.0
 10
30157.05748173477
 20
-7398.963168674727
 30
0.0
 10
30138.17587554664
 20
-7401.303566059325
 30
0.0
 10
30122.43495153573
 20
-7410.573457035896
 30
0.0
 10
30106.69298549357
 20
-7419.843348012467
 30
0.0
 10
30095.49427568652
 20
-7435.243496252436
 30
0.0
 10
30091.49912788711
 20
-7453.049689711029
 30
0.0
1001
REVIT
1002
{
1070
     1
1000
22909991
1002
}
1002
{
1070
     2
1000
-2000051
1002
}
1002
{
1070
     3
1000
22908212
1002
}
  0
SPLINE
  5
307
330
70
100
AcDbEntity
  8
A-COB-___-___-EXI
370
    25
100
AcDbSpline
210
0.0
220
0.0
230
1.0
 70
     8
 71
     3
 72
     8
 73
     4
 74
     0
 42
0.000000001
 43
0.0000000001
 40
0.0
 40
0.0
 40
0.0
 40
0.0
 40
1.0
 40
1.0
 40
1.0
 40
1.0
 10
30220.46508308947
 20
-7452.521380951459
 30
0.0
 10
30215.0704873259
 20
-7429.710321669971
 30
0.0
 10
30198.06662144413
 20
-7411.375819451809
 30
0.0
 10
30175.71817729861
 20
-7404.443199772501
 30
0.0
1001
REVIT
1002
{
1070
     1
1000
22909992
1002
}
1002
{
1070
     2
1000
-2000051
1002
}
1002
{
1070
     3
1000
22908212
1002
}
  0
SPLINE
  5
308
330
70
100
AcDbEntity
  8
A-CDA-___-___-EXI
370
    25
100
AcDbSpline
210
0.0
220
0.0
230
1.0
 70
     8
 71
     3
 72
     8
 73
     4
 74
     0
 42
0.000000001
 43
0.0000000001
 40
0.0
 40
0.0
 40
0.0
 40
0.0
 40
1.0
 40
1.0
 40
1.0
 40
1.0
 10
32567.56127164763
 20
-8481.281293819705
 30
0.0
 10
32587.57035564456
 20
-8481.281293819705
 30
0.0
 10
32603.84063152875
 20
-8465.012093300686
 30
0.0
 10
32603.84063152875
 20
-8445.002008271108
 30
0.0
1001
REVIT
1002
{
1070
     1
1000
22909993
1002
}
1002
{
1070
     2
1000
-2000051
1002
}
1002
{
1070
     3
1000
22908212
1002
}
  0
SPLINE
  5
309
330
70
100
AcDbEntity
  8
A-CDA-___-___-EXI
370
    25
100
AcDbSpline
210
0.0
220
0.0
230
1.0
 70
     8
 71
     3
 72
     8
 73
     4
 74
     0
 42
0.000000001
 43
0.0000000001
 40
0.0
 40
0.0
 40
0.0
 40
0.0
 40
1.0
 40
1.0
 40
1.0
 40
1.0
 10
32567.56127164763
 20
-8984.923140259049
 30
0.0
 10
32587.57035564456
 20
-8984.923140259049
 30
0.0
 10
32603.84063152875
 20
-8968.653939740027
 30
0.0
 10
32603.84063152875
 20
-8948.643854710454
 30
0.0
1001
REVIT
1002
{
1070
     1
1000
22909994
1002
}
1002
{
1070
     2
1000
-2000051
1002
}
1002
{
1070
     3
1000
22908212
1002
}
  0
SPLINE
  5
30A
330
70
100
AcDbEntity
  8
A-CDA-___-___-EXI
370
    25
100
AcDbSpline
210
0.0
220
0.0
230
1.0
 70
     8
 71
     3
 72
     8
 73
     4
 74
     0
 42
0.000000001
 43
0.0000000001
 40
0.0
 40
0.0
 40
0.0
 40
0.0
 40
1.0
 40
1.0
 40
1.0
 40
1.0
 10
32603.84063152875
 20
-8722.431838936849
 30
0.0
 10
32603.84063152875
 20
-8702.422795936385
 30
0.0
 10
32587.57035564456
 20
-8686.152553388252
 30
0.0
 10
32567.56127164763
 20
-8686.152553388252
 30
0.0
1001
REVIT
1002
{
1070
     1
1000
22909995
1002
}
1002
{
1070
     2
1000
-2000051
1002
}
1002
{
1070
     3
1000
22908212
1002
}
  0
SPLINE
  5
30B
330
70
100
AcDbEntity
  8
A-CDA-___-___-EXI
370
    25
100
AcDbSpline
210
0.0
220
0.0
230
1.0
 70
     8
 71
     3
 72
     8
 73
     4
 74
     0
 42
0.000000001
 43
0.0000000001
 40
0.0
 40
0.0
 40
0.0
 40
0.0
 40
1.0
 40
1.0
 40
1.0
 40
1.0
 10
31302.05079376368
 20
-8445.002008271108
 30
0.0
 10
31302.05079376368
 20
-8465.012093300686
 30
0.0
 10
31318.25333761683
 20
-8481.281293819705
 30
0.0
 10
31338.33119567603
 20
-8481.281293819705
 30
0.0
1001
REVIT
1002
{
1070
     1
1000
22909996
1002
}
1002
{
1070
     2
1000
-2000051
1002
}
1002
{
1070
     3
1000
22908212
1002
}
  0
SPLINE
  5
30C
330
70
100
AcDbEntity
  8
A-CDA-___-___-EXI
370
    25
100
AcDbSpline
210
0.0
220
0.0
230
1.0
 70
     8
 71
     3
 72
     8
 73
     4
 74
     0
 42
0.000000001
 43
0.0000000001
 40
0.0
 40
0.0
 40
0.0
 40
0.0
 40
1.0
 40
1.0
 40
1.0
 40
1.0
 10
31338.33119567603
 20
-8686.152553388252
 30
0.0
 10
31318.25333761683
 20
-8686.152553388252
 30
0.0
 10
31302.05079376368
 20
-8702.422795936385
 30
0.0
 10
31302.05079376368
 20
-8722.431838936849
 30
0.0
1001
REVIT
1002
{
1070
     1
1000
22909997
1002
}
1002
{
1070
     2
1000
-2000051
1002
}
1002
{
1070
     3
1000
22908212
1002
}
  0
SPLINE
  5
30D
330
70
100
AcDbEntity
  8
A-CDA-___-___-EXI
370
    25
100
AcDbSpline
210
0.0
220
0.0
230
1.0
 70
     8
 71
     3
 72
     8
 73
     4
 74
     0
 42
0.000000001
 43
0.0000000001
 40
0.0
 40
0.0
 40
0.0
 40
0.0
 40
1.0
 40
1.0
 40
1.0
 40
1.0
 10
31302.05079376368
 20
-8948.643854710454
 30
0.0
 10
31302.05079376368
 20
-8968.653939740027
 30
0.0
 10
31318.25333761683
 20
-8984.923140259049
 30
0.0
 10
31338.33119567603
 20
-8984.923140259049
 30
0.0
1001
REVIT
1002
{
1070
     1
1000
22909998
1002
}
1002
{
1070
     2
1000
-2000051
1002
}
1002
{
1070
     3
1000
22908212
1002
}
  0
SPLINE
  5
30E
330
70
100
AcDbEntity
  8
A-CDA-___-___-EXI
370
    25
100
AcDbSpline
210
0.0
220
0.0
230
1.0
 70
     8
 71
     3
 72
     8
 73
     4
 74
     0
 42
0.000000001
 43
0.0000000001
 40
0.0
 40
0.0
 40
0.0
 40
0.0
 40
1.0
 40
1.0
 40
1.0
 40
1.0
 10
32603.90940559102
 20
-8235.520811912957
 30
0.0
 10
32180.26079621588
 20
-8102.232171736133
 30
0.0
 10
31725.75045731663
 20
-8102.232171736133
 30
0.0
 10
31302.05079376368
 20
-8235.520811912957
 30
0.0
1001
REVIT
1002
{
1070
     1
1000
22909999
1002
}
1002
{
1070
     2
1000
-2000051
1002
}
1002
{
1070
     3
1000
22908212
1002
}
  0
LINE
  5
312
330
70
100
AcDbEntity
  8
A-ALV-___-___-EXI
370
    25
100
AcDbLine
 10
23294.98318101983
 20
-11690.93102706026
 30
0.0
 11
23294.98318101983
 21
-10192.80994146526
 31
0.0
1001
REVIT
1002
{
1070
     1
1000
22913789
1002
}
1002
{
1070
     2
1000
-2000051
1002
}
1002
{
1070
     3
1000
22908212
1002
}
  0
LINE
  5
326
330
70
100
AcDbEntity
  8
A-COB-___-___-EXI
370
    25
100
AcDbLine
 10
23811.43053932735
 20
-8878.219359233765
 30
0.0
 11
23811.43053932735
 21
-7747.15928036575
 31
0.0
1001
REVIT
1002
{
1070
     1
1000
22913809
1002
}
1002
{
1070
     2
1000
-2000051
1002
}
1002
{
1070
     3
1000
22908212
1002
}
  0
LINE
  5
327
330
70
100
AcDbEntity
  8
A-COB-___-___-EXI
370
    25
100
AcDbLine
 10
23760.2126194952
 20
-8878.219359233765
 30
0.0
 11
23760.2126194952
 21
-7747.15928036575
 31
0.0
1001
REVIT
1002
{
1070
     1
1000
22913810
1002
}
1002
{
1070
     2
1000
-2000051
1002
}
1002
{
1070
     3
1000
22908212
1002
}
  0
LINE
  5
32F
330
70
100
AcDbEntity
  8
A-CDA-___-___-EXI
370
    25
100
AcDbLine
 10
31827.03551407447
 20
-8984.923140259049
 30
0.0
 11
31827.03551407447
 21
-9642.218431374802
 31
0.0
1001
REVIT
1002
{
1070
     1
1000
22913906
1002
}
1002
{
1070
     2
1000
-2000051
1002
}
1002
{
1070
     3
1000
22908212
1002
}
  0
LINE
  5
330
330
70
100
AcDbEntity
  8
A-CDA-___-___-EXI
370
    25
100
AcDbLine
 10
32074.58879326319
 20
-8984.923140259049
 30
0.0
 11
32074.58879326319
 21
-9676.363641302891
 31
0.0
1001
REVIT
1002
{
1070
     1
1000
22913907
1002
}
1002
{
1070
     2
1000
-2000051
1002
}
1002
{
1070
     3
1000
22908212
1002
}
  0
LINE
  5
331
330
70
100
AcDbEntity
  8
A-CDA-___-___-EXI
370
    25
100
AcDbLine
 10
32074.58879326319
 20
-9778.799271087166
 30
0.0
 11
32074.58879326319
 21
-12139.08690736645
 31
0.0
1001
REVIT
1002
{
1070
     1
1000
22913908
1002
}
1002
{
1070
     2
1000
-2000051
1002
}
1002
{
1070
     3
1000
22908212
1002
}
  0
LINE
  5
336
330
70
100
AcDbEntity
  8
A-COB-___-___-EXI
370
    25
100
AcDbLine
 10
30725.85023768323
 20
-9475.760532975355
 30
0.0
 11
31827.03551407447
 21
-9475.760532975355
 31
0.0
1001
REVIT
1002
{
1070
     1
1000
22913913
1002
}
1002
{
1070
     2
1000
-2000051
1002
}
1002
{
1070
     3
1000
22908212
1002
}
  0
LINE
  5
33F
330
70
100
AcDbEntity
  8
A-COB-___-___-EXI
370
    25
100
AcDbLine
 10
32966.46399713972
 20
-9458.476439483579
 30
0.0
 11
32949.5605483645
 21
-9437.347171806253
 31
0.0
1001
REVIT
1002
{
1070
     1
1000
22913922
1002
}
1002
{
1070
     2
1000
-2000051
1002
}
1002
{
1070
     3
1000
22908212
1002
}
  0
LINE
  5
340
330
70
100
AcDbEntity
  8
A-COB-___-___-EXI
370
    25
100
AcDbLine
 10
32881.26998858831
 20
-9437.347171806253
 30
0.0
 11
32864.19734864425
 21
-9458.687928011313
 31
0.0
1001
REVIT
1002
{
1070
     1
1000
22913923
1002
}
1002
{
1070
     2
1000
-2000051
1002
}
1002
{
1070
     3
1000
22908212
1002
}
  0
LINE
  5
341
330
70
100
AcDbEntity
  8
A-COB-___-___-EXI
370
    25
100
AcDbLine
 10
32787.37046889603
 20
-9458.687928011309
 30
0.0
 11
32770.29782895198
 21
-9437.347171806253
 31
0.0
1001
REVIT
1002
{
1070
     1
1000
22913924
1002
}
1002
{
1070
     2
1000
-2000051
1002
}
1002
{
1070
     3
1000
22908212
1002
}
  0
LINE
  5
342
330
70
100
AcDbEntity
  8
A-COB-___-___-EXI
370
    25
100
AcDbLine
 10
32706.27647119304
 20
-9437.347171806253
 30
0.0
 11
32689.20383124899
 21
-9458.687928011313
 31
0.0
1001
REVIT
1002
{
1070
     1
1000
22913925
1002
}
1002
{
1070
     2
1000
-2000051
1002
}
1002
{
1070
     3
1000
22908212
1002
}
  0
LINE
  5
343
330
70
100
AcDbEntity
  8
A-COB-___-___-EXI
370
    25
100
AcDbLine
 10
32612.37695150076
 20
-9458.687928011309
 30
0.0
 11
32595.30431155671
 21
-9437.347171806253
 31
0.0
1001
REVIT
1002
{
1070
     1
1000
22913926
1002
}
1002
{
1070
     2
1000
-2000051
1002
}
1002
{
1070
     3
1000
22908212
1002
}
  0
LINE
  5
344
330
70
100
AcDbEntity
  8
A-COB-___-___-EXI
370
    25
100
AcDbLine
 10
32527.01375178052
 20
-9437.347171806253
 30
0.0
 11
32509.94111183647
 21
-9458.687928011313
 31
0.0
1001
REVIT
1002
{
1070
     1
1000
22913927
1002
}
1002
{
1070
     2
1000
-2000051
1002
}
1002
{
1070
     3
1000
22908212
1002
}
  0
LINE
  5
345
330
70
100
AcDbEntity
  8
A-COB-___-___-EXI
370
    25
100
AcDbLine
 10
32433.11423208824
 20
-9458.687928011309
 30
0.0
 11
32416.04159214419
 21
-9437.347171806253
 31
0.0
1001
REVIT
1002
{
1070
     1
1000
22913928
1002
}
1002
{
1070
     2
1000
-2000051
1002
}
1002
{
1070
     3
1000
22908212
1002
}
  0
LINE
  5
346
330
70
100
AcDbEntity
  8
A-COB-___-___-EXI
370
    25
100
AcDbLine
 10
32352.01815032275
 20
-9437.347171806253
 30
0.0
 11
32334.94551037871
 21
-9458.687928011313
 31
0.0
1001
REVIT
1002
{
1070
     1
1000
22913929
1002
}
1002
{
1070
     2
1000
-2000051
1002
}
1002
{
1070
     3
1000
22908212
1002
}
  0
LINE
  5
347
330
70
100
AcDbEntity
  8
A-COB-___-___-EXI
370
    25
100
AcDbLine
 10
32258.11863063048
 20
-9458.687928011309
 30
0.0
 11
32241.04599068643
 21
-9437.347171806253
 31
0.0
1001
REVIT
1002
{
1070
     1
1000
22913930
1002
}
1002
{
1070
     2
1000
-2000051
1002
}
1002
{
1070
     3
1000
22908212
1002
}
  0
LINE
  5
348
330
70
100
AcDbEntity
  8
A-COB-___-___-EXI
370
    25
100
AcDbLine
 10
32172.75543091023
 20
-9437.347171806253
 30
0.0
 11
32155.68279096618
 21
-9458.687928011313
 31
0.0
1001
REVIT
1002
{
1070
     1
1000
22913931
1002
}
1002
{
1070
     2
1000
-2000051
1002
}
1002
{
1070
     3
1000
22908212
1002
}
  0
LINE
  5
349
330
70
100
AcDbEntity
  8
A-COB-___-___-EXI
370
    25
100
AcDbLine
 10
32078.85591121796
 20
-9458.687928011309
 30
0.0
 11
32074.58879326319
 21
-9450.151625529281
 31
0.0
1001
REVIT
1002
{
1070
     1
1000
22913932
1002
}
1002
{
1070
     2
1000
-2000051
1002
}
1002
{
1070
     3
1000
22908212
1002
}
  0
LINE
  5
354
330
70
100
AcDbEntity
  8
A-COB-___-___-EXI
370
    25
100
AcDbLine
 10
31797.15735214113
 20
-9458.687928011309
 30
0.0
 11
31775.81759424231
 21
-9437.347171806253
 31
0.0
1001
REVIT
1002
{
1070
     1
1000
22913943
1002
}
1002
{
1070
     2
1000
-2000051
1002
}
1002
{
1070
     3
1000
22908212
1002
}
  0
LINE
  5
355
330
70
100
AcDbEntity
  8
A-COB-___-___-EXI
370
    25
100
AcDbLine
 10
31711.79415242088
 20
-9437.347171806253
 30
0.0
 11
31694.72151247683
 21
-9458.687928011313
 31
0.0
1001
REVIT
1002
{
1070
     1
1000
22913944
1002
}
1002
{
1070
     2
1000
-2000051
1002
}
1002
{
1070
     3
1000
22908212
1002
}
  0
LINE
  5
356
330
70
100
AcDbEntity
  8
A-COB-___-___-EXI
370
    25
100
AcDbLine
 10
31617.8946327286
 20
-9458.687928011309
 30
0.0
 11
31600.82199278456
 21
-9437.347171806253
 31
0.0
1001
REVIT
1002
{
1070
     1
1000
22913945
1002
}
1002
{
1070
     2
1000
-2000051
1002
}
1002
{
1070
     3
1000
22908212
1002
}
  0
LINE
  5
357
330
70
100
AcDbEntity
  8
A-COB-___-___-EXI
370
    25
100
AcDbLine
 10
31536.80063502561
 20
-9437.347171806253
 30
0.0
 11
31515.4587930643
 21
-9458.687928011313
 31
0.0
1001
REVIT
1002
{
1070
     1
1000
22913946
1002
}
1002
{
1070
     2
1000
-2000051
1002
}
1002
{
1070
     3
1000
22908212
1002
}
  0
LINE
  5
358
330
70
100
AcDbEntity
  8
A-COB-___-___-EXI
370
    25
100
AcDbLine
 10
31442.90111533334
 20
-9458.687928011309
 30
0.0
 11
31421.55927337203
 21
-9437.347171806253
 31
0.0
1001
REVIT
1002
{
1070
     1
1000
22913947
1002
}
1002
{
1070
     2
1000
-2000051
1002
}
1002
{
1070
     3
1000
22908212
1002
}
  0
LINE
  5
359
330
70
100
AcDbEntity
  8
A-COB-___-___-EXI
370
    25
100
AcDbLine
 10
31357.53791561309
 20
-9437.347171806253
 30
0.0
 11
31340.46527566904
 21
-9458.687928011313
 31
0.0
1001
REVIT
1002
{
1070
     1
1000
22913948
1002
}
1002
{
1070
     2
1000
-2000051
1002
}
1002
{
1070
     3
1000
22908212
1002
}
  0
LINE
  5
35A
330
70
100
AcDbEntity
  8
A-COB-___-___-EXI
370
    25
100
AcDbLine
 10
31263.63839592082
 20
-9458.687928011309
 30
0.0
 11
31246.56575597676
 21
-9437.347171806253
 31
0.0
1001
REVIT
1002
{
1070
     1
1000
22913949
1002
}
1002
{
1070
     2
1000
-2000051
1002
}
1002
{
1070
     3
1000
22908212
1002
}
  0
LINE
  5
35B
330
70
100
AcDbEntity
  8
A-COB-___-___-EXI
370
    25
100
AcDbLine
 10
31182.54231415533
 20
-9437.347171806253
 30
0.0
 11
31161.20255625652
 21
-9458.687928011313
 31
0.0
1001
REVIT
1002
{
1070
     1
1000
22913950
1002
}
1002
{
1070
     2
1000
-2000051
1002
}
1002
{
1070
     3
1000
22908212
1002
}
  0
LINE
  5
35C
330
70
100
AcDbEntity
  8
A-COB-___-___-EXI
370
    25
100
AcDbLine
 10
31088.64279446305
 20
-9458.687928011309
 30
0.0
 11
31067.30303656424
 21
-9437.347171806253
 31
0.0
1001
REVIT
1002
{
1070
     1
1000
22913951
1002
}
1002
{
1070
     2
1000
-2000051
1002
}
1002
{
1070
     3
1000
22908212
1002
}
  0
LINE
  5
35D
330
70
100
AcDbEntity
  8
A-COB-___-___-EXI
370
    25
100
AcDbLine
 10
31003.2795947428
 20
-9437.347171806253
 30
0.0
 11
30986.20695479875
 21
-9458.687928011313
 31
0.0
1001
REVIT
1002
{
1070
     1
1000
22913952
1002
}
1002
{
1070
     2
1000
-2000051
1002
}
1002
{
1070
     3
1000
22908212
1002
}
  0
LINE
  5
35E
330
70
100
AcDbEntity
  8
A-COB-___-___-EXI
370
    25
100
AcDbLine
 10
30631.95071799096
 20
-9458.687928011309
 30
0.0
 11
30649.02335793501
 21
-9437.347171806253
 31
0.0
1001
REVIT
1002
{
1070
     1
1000
22913953
1002
}
1002
{
1070
     2
1000
-2000051
1002
}
1002
{
1070
     3
1000
22908212
1002
}
  0
LINE
  5
35F
330
70
100
AcDbEntity
  8
A-COB-___-___-EXI
370
    25
100
AcDbLine
 10
30713.04471569395
 20
-9437.347171806253
 30
0.0
 11
30734.38655765527
 21
-9458.687928011313
 31
0.0
1001
REVIT
1002
{
1070
     1
1000
22913954
1002
}
1002
{
1070
     2
1000
-2000051
1002
}
1002
{
1070
     3
1000
22908212
1002
}
  0
LINE
  5
360
330
70
100
AcDbEntity
  8
A-COB-___-___-EXI
370
    25
100
AcDbLine
 10
30806.94423538622
 20
-9458.687928011309
 30
0.0
 11
30828.28607734753
 21
-9437.347171806253
 31
0.0
1001
REVIT
1002
{
1070
     1
1000
22913955
1002
}
1002
{
1070
     2
1000
-2000051
1002
}
1002
{
1070
     3
1000
22908212
1002
}
  0
LINE
  5
361
330
70
100
AcDbEntity
  8
A-COB-___-___-EXI
370
    25
100
AcDbLine
 10
30892.30743510648
 20
-9437.347171806253
 30
0.0
 11
30909.38007505053
 21
-9458.687928011313
 31
0.0
1001
REVIT
1002
{
1070
     1
1000
22913956
1002
}
1002
{
1070
     2
1000
-2000051
1002
}
1002
{
1070
     3
1000
22908212
1002
}
  0
LINE
  5
36C
330
70
100
AcDbEntity
  8
E-VIG-___-___-EXI
370
    25
100
AcDbLine
 10
23738.87181956513
 20
-12779.30959351816
 30
0.0
 11
23743.13997955114
 21
-12775.04144227714
 31
0.0
1001
REVIT
1002
{
1070
     1
1000
22913967
1002
}
1002
{
1070
     2
1000
-2000051
1002
}
1002
{
1070
     3
1000
22908212
1002
}
  0
LINE
  5
3B5
330
70
100
AcDbEntity
  8
E-VIG-___-___-EXI
370
    25
100
AcDbLine
 10
26760.72856864636
 20
-12779.30959351816
 30
0.0
 11
26764.38615045485
 21
-12775.65291194819
 31
0.0
1001
REVIT
1002
{
1070
     1
1000
22914043
1002
}
1002
{
1070
     2
1000
-2000051
1002
}
1002
{
1070
     3
1000
22908212
1002
}
  0
LINE
  5
430
330
70
100
AcDbEntity
  8
A-BAS-___-___-EXI
370
    25
100
AcDbLine
 10
20904.81358885282
 20
-13292.07632602611
 30
0.0
 11
20904.81358885282
 21
-13316.04947473281
 31
0.0
1001
REVIT
1002
{
1070
     1
1000
22914172
1002
}
1002
{
1070
     2
1000
-2000051
1002
}
1002
{
1070
     3
1000
22908212
1002
}
  0
LINE
  5
431
330
70
100
AcDbEntity
  8
A-BAS-___-___-EXI
370
    25
100
AcDbLine
 10
33884.28862733249
 20
-13292.07632602615
 30
0.0
 11
33884.28862733249
 21
-13316.04947473281
 31
0.0
1001
REVIT
1002
{
1070
     1
1000
22914177
1002
}
1002
{
1070
     2
1000
-2000051
1002
}
1002
{
1070
     3
1000
22908212
1002
}
  0
LINE
  5
434
330
70
100
AcDbEntity
  8
A-ALV-___-___-EXI
370
    25
100
AcDbLine
 10
32027.63799138581
 20
-11729.34438822937
 30
0.0
 11
32027.63799138581
 21
-12139.08690736645
 31
0.0
1001
REVIT
1002
{
1070
     1
1000
22914180
1002
}
1002
{
1070
     2
1000
-2000051
1002
}
1002
{
1070
     3
1000
22908212
1002
}
  0
LINE
  5
48A
330
70
100
AcDbEntity
  8
A-COB-___-___-EXI
370
    25
100
AcDbLine
 10
24306.5370977048
 20
-8878.219359233765
 30
0.0
 11
24306.5370977048
 21
-7747.15928036575
 31
0.0
1001
REVIT
1002
{
1070
     1
1000
22914265
1002
}
1002
{
1070
     2
1000
-2000051
1002
}
1002
{
1070
     3
1000
22908212
1002
}
  0
LINE
  5
48B
330
70
100
AcDbEntity
  8
A-COB-___-___-EXI
370
    25
100
AcDbLine
 10
24255.31917787264
 20
-8878.219359233765
 30
0.0
 11
24255.31917787264
 21
-7747.15928036575
 31
0.0
1001
REVIT
1002
{
1070
     1
1000
22914266
1002
}
1002
{
1070
     2
1000
-2000051
1002
}
1002
{
1070
     3
1000
22908212
1002
}
  0
LINE
  5
48C
330
70
100
AcDbEntity
  8
A-COB-___-___-EXI
370
    25
100
AcDbLine
 10
24797.37549609623
 20
-8878.219359233765
 30
0.0
 11
24797.37549609623
 21
-7747.15928036575
 31
0.0
1001
REVIT
1002
{
1070
     1
1000
22914267
1002
}
1002
{
1070
     2
1000
-2000051
1002
}
1002
{
1070
     3
1000
22908212
1002
}
  0
LINE
  5
48D
330
70
100
AcDbEntity
  8
A-COB-___-___-EXI
370
    25
100
AcDbLine
 10
24746.15757626408
 20
-8878.219359233765
 30
0.0
 11
24746.15757626408
 21
-7747.15928036575
 31
0.0
1001
REVIT
1002
{
1070
     1
1000
22914268
1002
}
1002
{
1070
     2
1000
-2000051
1002
}
1002
{
1070
     3
1000
22908212
1002
}
  0
LINE
  5
48E
330
70
100
AcDbEntity
  8
A-COB-___-___-EXI
370
    25
100
AcDbLine
 10
25292.48205447368
 20
-8878.219359233765
 30
0.0
 11
25292.48205447368
 21
-7747.15928036575
 31
0.0
1001
REVIT
1002
{
1070
     1
1000
22914269
1002
}
1002
{
1070
     2
1000
-2000051
1002
}
1002
{
1070
     3
1000
22908212
1002
}
  0
LINE
  5
48F
330
70
100
AcDbEntity
  8
A-COB-___-___-EXI
370
    25
100
AcDbLine
 10
25241.26413464154
 20
-8878.219359233765
 30
0.0
 11
25241.26413464154
 21
-7747.15928036575
 31
0.0
1001
REVIT
1002
{
1070
     1
1000
22914270
1002
}
1002
{
1070
     2
1000
-2000051
1002
}
1002
{
1070
     3
1000
22908212
1002
}
  0
LINE
  5
490
330
70
100
AcDbEntity
  8
A-COB-___-___-EXI
370
    25
100
AcDbLine
 10
25783.32097388075
 20
-8878.219359233765
 30
0.0
 11
25783.32097388075
 21
-7747.15928036575
 31
0.0
1001
REVIT
1002
{
1070
     1
1000
22914271
1002
}
1002
{
1070
     2
1000
-2000051
1002
}
1002
{
1070
     3
1000
22908212
1002
}
  0
LINE
  5
491
330
70
100
AcDbEntity
  8
A-COB-___-___-EXI
370
    25
100
AcDbLine
 10
25732.1030540486
 20
-8878.219359233765
 30
0.0
 11
25732.1030540486
 21
-7747.15928036575
 31
0.0
1001
REVIT
1002
{
1070
     1
1000
22914272
1002
}
1002
{
1070
     2
1000
-2000051
1002
}
1002
{
1070
     3
1000
22908212
1002
}
  0
LINE
  5
492
330
70
100
AcDbEntity
  8
A-COB-___-___-EXI
370
    25
100
AcDbLine
 10
26278.4275322582
 20
-8878.219359233765
 30
0.0
 11
26278.4275322582
 21
-7747.15928036575
 31
0.0
1001
REVIT
1002
{
1070
     1
1000
22914273
1002
}
1002
{
1070
     2
1000
-2000051
1002
}
1002
{
1070
     3
1000
22908212
1002
}
  0
LINE
  5
493
330
70
100
AcDbEntity
  8
A-COB-___-___-EXI
370
    25
100
AcDbLine
 10
26227.20961242605
 20
-8878.219359233765
 30
0.0
 11
26227.20961242605
 21
-7747.15928036575
 31
0.0
1001
REVIT
1002
{
1070
     1
1000
22914274
1002
}
1002
{
1070
     2
1000
-2000051
1002
}
1002
{
1070
     3
1000
22908212
1002
}
  0
LINE
  5
494
330
70
100
AcDbEntity
  8
A-COB-___-___-EXI
370
    25
100
AcDbLine
 10
27264.37144699584
 20
-8878.219359233765
 30
0.0
 11
27264.37144699584
 21
-7747.15928036575
 31
0.0
1001
REVIT
1002
{
1070
     1
1000
22914275
1002
}
1002
{
1070
     2
1000
-2000051
1002
}
1002
{
1070
     3
1000
22908212
1002
}
  0
LINE
  5
495
330
70
100
AcDbEntity
  8
A-COB-___-___-EXI
370
    25
100
AcDbLine
 10
27213.1535271637
 20
-8878.219359233765
 30
0.0
 11
27213.1535271637
 21
-7747.15928036575
 31
0.0
1001
REVIT
1002
{
1070
     1
1000
22914276
1002
}
1002
{
1070
     2
1000
-2000051
1002
}
1002
{
1070
     3
1000
22908212
1002
}
  0
LINE
  5
496
330
70
100
AcDbEntity
  8
A-COB-___-___-EXI
370
    25
100
AcDbLine
 10
27755.21088741853
 20
-8878.219359233765
 30
0.0
 11
27755.21088741853
 21
-7747.15928036575
 31
0.0
1001
REVIT
1002
{
1070
     1
1000
22914277
1002
}
1002
{
1070
     2
1000
-2000051
1002
}
1002
{
1070
     3
1000
22908212
1002
}
  0
LINE
  5
497
330
70
100
AcDbEntity
  8
A-COB-___-___-EXI
370
    25
100
AcDbLine
 10
27703.99296758638
 20
-8878.219359233765
 30
0.0
 11
27703.99296758638
 21
-7747.15928036575
 31
0.0
1001
REVIT
1002
{
1070
     1
1000
22914278
1002
}
1002
{
1070
     2
1000
-2000051
1002
}
1002
{
1070
     3
1000
22908212
1002
}
  0
LINE
  5
498
330
70
100
AcDbEntity
  8
A-COB-___-___-EXI
370
    25
100
AcDbLine
 10
28250.31744579598
 20
-8878.219359233765
 30
0.0
 11
28250.31744579598
 21
-7747.15928036575
 31
0.0
1001
REVIT
1002
{
1070
     1
1000
22914279
1002
}
1002
{
1070
     2
1000
-2000051
1002
}
1002
{
1070
     3
1000
22908212
1002
}
  0
LINE
  5
499
330
70
100
AcDbEntity
  8
A-COB-___-___-EXI
370
    25
100
AcDbLine
 10
28199.09952596383
 20
-8878.219359233765
 30
0.0
 11
28199.09952596383
 21
-7747.15928036575
 31
0.0
1001
REVIT
1002
{
1070
     1
1000
22914280
1002
}
1002
{
1070
     2
1000
-2000051
1002
}
1002
{
1070
     3
1000
22908212
1002
}
  0
LINE
  5
49A
330
70
100
AcDbEntity
  8
A-COB-___-___-EXI
370
    25
100
AcDbLine
 10
28741.15480215617
 20
-8878.219359233765
 30
0.0
 11
28741.15480215617
 21
-7747.15928036575
 31
0.0
1001
REVIT
1002
{
1070
     1
1000
22914281
1002
}
1002
{
1070
     2
1000
-2000051
1002
}
1002
{
1070
     3
1000
22908212
1002
}
  0
LINE
  5
49B
330
70
100
AcDbEntity
  8
A-COB-___-___-EXI
370
    25
100
AcDbLine
 10
28689.93688232402
 20
-8878.219359233765
 30
0.0
 11
28689.93688232402
 21
-7747.15928036575
 31
0.0
1001
REVIT
1002
{
1070
     1
1000
22914282
1002
}
1002
{
1070
     2
1000
-2000051
1002
}
1002
{
1070
     3
1000
22908212
1002
}
  0
LINE
  5
49C
330
70
100
AcDbEntity
  8
A-COB-___-___-EXI
370
    25
100
AcDbLine
 10
29236.26136053362
 20
-8878.219359233765
 30
0.0
 11
29236.26136053362
 21
-7747.15928036575
 31
0.0
1001
REVIT
1002
{
1070
     1
1000
22914283
1002
}
1002
{
1070
     2
1000
-2000051
1002
}
1002
{
1070
     3
1000
22908212
1002
}
  0
LINE
  5
49D
330
70
100
AcDbEntity
  8
A-COB-___-___-EXI
370
    25
100
AcDbLine
 10
29185.04344070147
 20
-8878.219359233765
 30
0.0
 11
29185.04344070147
 21
-7747.15928036575
 31
0.0
1001
REVIT
1002
{
1070
     1
1000
22914284
1002
}
1002
{
1070
     2
1000
-2000051
1002
}
1002
{
1070
     3
1000
22908212
1002
}
  0
LINE
  5
49E
330
70
100
AcDbEntity
  8
A-COB-___-___-EXI
370
    25
100
AcDbLine
 10
29727.10080095631
 20
-8878.219359233765
 30
0.0
 11
29727.10080095631
 21
-7747.15928036575
 31
0.0
1001
REVIT
1002
{
1070
     1
1000
22914285
1002
}
1002
{
1070
     2
1000
-2000051
1002
}
1002
{
1070
     3
1000
22908212
1002
}
  0
LINE
  5
49F
330
70
100
AcDbEntity
  8
A-COB-___-___-EXI
370
    25
100
AcDbLine
 10
29675.88288112416
 20
-8878.219359233765
 30
0.0
 11
29675.88288112416
 21
-7747.15928036575
 31
0.0
1001
REVIT
1002
{
1070
     1
1000
22914286
1002
}
1002
{
1070
     2
1000
-2000051
1002
}
1002
{
1070
     3
1000
22908212
1002
}
  0
LINE
  5
4A1
330
70
100
AcDbEntity
  8
A-COB-___-___-EXI
370
    25
100
AcDbLine
 10
30145.38047958553
 20
-9390.397508155126
 30
0.0
 11
30145.38047958553
 21
-7747.15928036575
 31
0.0
1001
REVIT
1002
{
1070
     1
1000
22914288
1002
}
1002
{
1070
     2
1000
-2000051
1002
}
1002
{
1070
     3
1000
22908212
1002
}
  0
LINE
  5
4A2
330
70
100
AcDbEntity
  8
A-ALV-___-___-EXI
370
    25
100
AcDbLine
 10
23341.93294086597
 20
-10192.80994146526
 30
0.0
 11
23341.93294086597
 21
-7747.15928036575
 31
0.0
1001
REVIT
1002
{
1070
     1
1000
22914289
1002
}
1002
{
1070
     2
1000
-2000051
1002
}
1002
{
1070
     3
1000
22908212
1002
}
  0
LINE
  5
4A3
330
70
100
AcDbEntity
  8
A-COB-___-___-EXI
370
    25
100
AcDbLine
 10
28877.73592170857
 20
-7405.70718108484
 30
0.0
 11
28882.00512372583
 21
-7405.70718108484
 31
0.0
1001
REVIT
1002
{
1070
     1
1000
22914290
1002
}
1002
{
1070
     2
1000
-2000051
1002
}
1002
{
1070
     3
1000
22908212
1002
}
  0
LINE
  5
4A4
330
70
100
AcDbEntity
  8
A-COB-___-___-EXI
370
    25
100
AcDbLine
 10
28715.5458422401
 20
-7405.70718108484
 30
0.0
 11
28719.81504425735
 21
-7405.70718108484
 31
0.0
1001
REVIT
1002
{
1070
     1
1000
22914291
1002
}
1002
{
1070
     2
1000
-2000051
1002
}
1002
{
1070
     3
1000
22908212
1002
}
  0
LINE
  5
4A5
330
70
100
AcDbEntity
  8
A-COB-___-___-EXI
370
    25
100
AcDbLine
 10
28553.35576277162
 20
-7405.70718108484
 30
0.0
 11
28557.62496478888
 21
-7405.70718108484
 31
0.0
1001
REVIT
1002
{
1070
     1
1000
22914292
1002
}
1002
{
1070
     2
1000
-2000051
1002
}
1002
{
1070
     3
1000
22908212
1002
}
  0
LINE
  5
4A6
330
70
100
AcDbEntity
  8
A-COB-___-___-EXI
370
    25
100
AcDbLine
 10
27097.9142495726
 20
-7405.70718108484
 30
0.0
 11
27102.18136752736
 21
-7405.70718108484
 31
0.0
1001
REVIT
1002
{
1070
     1
1000
22914293
1002
}
1002
{
1070
     2
1000
-2000051
1002
}
1002
{
1070
     3
1000
22908212
1002
}
  0
LINE
  5
4A7
330
70
100
AcDbEntity
  8
A-COB-___-___-EXI
370
    25
100
AcDbLine
 10
26935.72417010412
 20
-7405.70718108484
 30
0.0
 11
26939.99128805889
 21
-7405.70718108484
 31
0.0
1001
REVIT
1002
{
1070
     1
1000
22914294
1002
}
1002
{
1070
     2
1000
-2000051
1002
}
1002
{
1070
     3
1000
22908212
1002
}
  0
LINE
  5
4A8
330
70
100
AcDbEntity
  8
A-COB-___-___-EXI
370
    25
100
AcDbLine
 10
26773.53409063565
 20
-7405.70718108484
 30
0.0
 11
26777.80120859041
 21
-7405.70718108484
 31
0.0
1001
REVIT
1002
{
1070
     1
1000
22914295
1002
}
1002
{
1070
     2
1000
-2000051
1002
}
1002
{
1070
     3
1000
22908212
1002
}
  0
LINE
  5
4A9
330
70
100
AcDbEntity
  8
A-COB-___-___-EXI
370
    25
100
AcDbLine
 10
25318.09101438976
 20
-7405.70718108484
 30
0.0
 11
25322.35917437577
 21
-7405.70718108484
 31
0.0
1001
REVIT
1002
{
1070
     1
1000
22914296
1002
}
1002
{
1070
     2
1000
-2000051
1002
}
1002
{
1070
     3
1000
22908212
1002
}
  0
LINE
  5
4AA
330
70
100
AcDbEntity
  8
A-COB-___-___-EXI
370
    25
100
AcDbLine
 10
25155.90093492129
 20
-7405.70718108484
 30
0.0
 11
25160.1690949073
 21
-7405.70718108484
 31
0.0
1001
REVIT
1002
{
1070
     1
1000
22914297
1002
}
1002
{
1070
     2
1000
-2000051
1002
}
1002
{
1070
     3
1000
22908212
1002
}
  0
LINE
  5
4AB
330
70
100
AcDbEntity
  8
A-COB-___-___-EXI
370
    25
100
AcDbLine
 10
24993.71085545281
 20
-7405.70718108484
 30
0.0
 11
24997.97901543882
 21
-7405.70718108484
 31
0.0
1001
REVIT
1002
{
1070
     1
1000
22914298
1002
}
1002
{
1070
     2
1000
-2000051
1002
}
1002
{
1070
     3
1000
22908212
1002
}
  0
LINE
  5
4AC
330
70
100
AcDbEntity
  8
A-COB-___-___-EXI
370
    25
100
AcDbLine
 10
23376.07822075407
 20
-7405.70718108484
 30
0.0
 11
23380.34638074008
 21
-7405.70718108484
 31
0.0
1001
REVIT
1002
{
1070
     1
1000
22914299
1002
}
1002
{
1070
     2
1000
-2000051
1002
}
1002
{
1070
     3
1000
22908212
1002
}
  0
LINE
  5
4AD
330
70
100
AcDbEntity
  8
A-PIS-___-___-EXI
370
    25
100
AcDbLine
 10
26513.17528945764
 20
-11579.95909479396
 30
0.0
 11
26372.32705195047
 21
-11579.95909479396
 31
0.0
1001
REVIT
1002
{
1070
     1
1000
22914316
1002
}
1002
{
1070
     2
1000
-2000051
1002
}
1002
{
1070
     3
1000
22908212
1002
}
  0
LINE
  5
4AE
330
70
100
AcDbEntity
  8
A-POR-___-___-EXI
370
    25
100
AcDbLine
 10
26679.63457094337
 20
-9667.827338820869
 30
0.0
 11
26679.63457094337
 21
-11579.95909479396
 31
0.0
1001
REVIT
1002
{
1070
     1
1000
22914330
1002
}
1002
{
1070
     2
1000
-2000051
1002
}
1002
{
1070
     3
1000
22908212
1002
}
  0
LINE
  5
4AF
330
70
100
AcDbEntity
  8
A-POR-___-___-EXI
370
    25
100
AcDbLine
 10
26649.75640901004
 20
-9667.827338820869
 30
0.0
 11
26649.75640901004
 21
-11579.95909479396
 31
0.0
1001
REVIT
1002
{
1070
     1
1000
22914331
1002
}
1002
{
1070
     2
1000
-2000051
1002
}
1002
{
1070
     3
1000
22908212
1002
}
  0
LINE
  5
4B0
330
70
100
AcDbEntity
  8
A-CDA-___-___-EXI
370
    25
100
AcDbLine
 10
32599.57142951148
 20
-8950.777930330957
 30
0.0
 11
32599.57142951148
 21
-8724.565914557356
 31
0.0
1001
REVIT
1002
{
1070
     1
1000
22914347
1002
}
1002
{
1070
     2
1000
-2000051
1002
}
1002
{
1070
     3
1000
22908212
1002
}
  0
LINE
  5
4B1
330
70
100
AcDbEntity
  8
A-CDA-___-___-EXI
370
    25
100
AcDbLine
 10
32552.62271169659
 20
-8686.152553388252
 30
0.0
 11
32552.62271169659
 21
-8485.549445060717
 31
0.0
1001
REVIT
1002
{
1070
     1
1000
22914348
1002
}
1002
{
1070
     2
1000
-2000051
1002
}
1002
{
1070
     3
1000
22908212
1002
}
  0
LINE
  5
4B2
330
70
100
AcDbEntity
  8
A-CDA-___-___-EXI
370
    25
100
AcDbLine
 10
31302.05079376368
 20
-8950.777930330957
 30
0.0
 11
31302.05079376368
 21
-8724.565914557356
 31
0.0
1001
REVIT
1002
{
1070
     1
1000
22914349
1002
}
1002
{
1070
     2
1000
-2000051
1002
}
1002
{
1070
     3
1000
22908212
1002
}
  0
LINE
  5
4B3
330
70
100
AcDbEntity
  8
A-CDA-___-___-EXI
370
    25
100
AcDbLine
 10
31349.00159564106
 20
-8686.152553388252
 30
0.0
 11
31349.00159564106
 21
-8485.549445060717
 31
0.0
1001
REVIT
1002
{
1070
     1
1000
22914350
1002
}
1002
{
1070
     2
1000
-2000051
1002
}
1002
{
1070
     3
1000
22908212
1002
}
  0
LINE
  5
4B7
330
70
100
AcDbEntity
  8
A-CDA-___-___-EXI
370
    25
100
AcDbLine
 10
31336.19607365178
 20
-8984.923140259049
 30
0.0
 11
32565.42614962338
 21
-8984.923140259049
 31
0.0
1001
REVIT
1002
{
1070
     1
1000
22914354
1002
}
1002
{
1070
     2
1000
-2000051
1002
}
1002
{
1070
     3
1000
22908212
1002
}
  0
LINE
  5
4B8
330
70
100
AcDbEntity
  8
A-CDA-___-___-EXI
370
    25
100
AcDbLine
 10
31336.19607365178
 20
-8686.152553388252
 30
0.0
 11
32565.42614962338
 21
-8686.152553388252
 31
0.0
1001
REVIT
1002
{
1070
     1
1000
22914355
1002
}
1002
{
1070
     2
1000
-2000051
1002
}
1002
{
1070
     3
1000
22908212
1002
}
  0
LINE
  5
4B9
330
70
100
AcDbEntity
  8
A-CDA-___-___-EXI
370
    25
100
AcDbLine
 10
31336.19607365178
 20
-8485.549445060717
 30
0.0
 11
32565.42614962338
 21
-8485.549445060717
 31
0.0
1001
REVIT
1002
{
1070
     1
1000
22914356
1002
}
1002
{
1070
     2
1000
-2000051
1002
}
1002
{
1070
     3
1000
22908212
1002
}
  0
LWPOLYLINE
  5
51D
330
70
100
AcDbEntity
  8
E-VIG-___-___-EXI
100
AcDbPolyline
 90
        4
 70
     1
 43
0.0
 10
31827.03551407446
 20
-11729.34438822937
 10
31827.03551407446
 20
-12139.08690736645
 10
32027.6379913858
 20
-12139.08690736645
 10
32027.6379913858
 20
-11729.34438822937
1001
REVIT
1002
{
1070
     1
1000
22907576
1002
}
1002
{
1070
     2
1000
-2000051
1002
}
1002
{
1070
     3
1000
-2000042
1002
}
  0
LWPOLYLINE
  5
51F
330
70
100
AcDbEntity
  8
A-BAS-___-___-EXI
100
AcDbPolyline
 90
       24
 70
     1
 43
0.0
 10
29795.39136073251
 20
-12779.30959351816
 10
29795.39136073251
 20
-11737.88069071139
 10
26764.99777066362
 20
-11737.88069071138
 10
26764.99777066362
 20
-12779.30959351816
 10
26564.39320928978
 20
-12779.30959351816
 10
26564.39320928978
 20
-11678.12657333711
 10
23743.13997955114
 20
-11678.12657333711
 10
23743.13997955114
 20
-12779.30959351816
 10
23495.58670036242
 20
-12779.30959351816
 10
23495.58670036242
 20
-11579.95909479396
 10
23743.13997955114
 20
-11579.95909479396
 10
23743.13997955114
 20
-12779.30959351816
 10
23495.58670036242
 20
-12779.30959351816
 10
23495.58670036242
 20
-11690.93102706026
 10
20708.6020631267
 20
-11690.93102706026
 10
20708.60206312669
 20
-13292.07632602611
 10
34064.22136926567
 20
-13292.07632602615
 10
34064.22136926567
 20
-12139.08690736646
 10
32027.63799138581
 20
-12139.08690736645
 10
31827.03551407446
 20
-12139.08690736645
 10
31827.03551407446
 20
-11729.34438822937
 10
29995.99383804385
 20
-11729.34438822936
 10
29995.99383804385
 20
-11737.88069071139
 10
29995.99383804385
 20
-12779.30959351816
1001
REVIT
1002
{
1070
     1
1000
22907537
1002
}
1002
{
1070
     2
1000
-2000051
1002
}
1002
{
1070
     3
1000
-2000042
1002
}
  0
LWPOLYLINE
  5
520
330
70
100
AcDbEntity
  8
A-ALV-___-___-EXI
370
    25
100
AcDbPolyline
 90
        6
 70
     1
 43
0.0
 10
33145.89590772107
 20
-10419.02195723886
 10
32996.51135024189
 20
-10419.02195723886
 10
32996.51135024189
 20
-12139.08690736645
 10
32996.51135024189
 20
-10419.02195723887
 10
33145.89590772108
 20
-10419.02195723887
 10
33145.89590772108
 20
-12139.08690736645
1001
REVIT
1002
{
1070
     1
1000
22915768
1002
}
1002
{
1070
     2
1000
-2000051
1002
}
1002
{
1070
     3
1000
22908212
1002
}
  0
LWPOLYLINE
  5
521
330
70
100
AcDbEntity
  8
A-ALV-___-___-EXI
370
    25
100
AcDbPolyline
 90
        4
 70
     0
 43
0.0
 10
21903.56302557975
 20
-11690.93102706026
 10
21903.56302557975
 20
-9689.168095025927
 10
22052.94862509019
 20
-9689.168095025927
 10
22052.94862509019
 20
-11690.93102706026
1001
REVIT
1002
{
1070
     1
1000
22915765
1002
}
1002
{
1070
     2
1000
-2000051
1002
}
1002
{
1070
     3
1000
22908212
1002
}
  0
LWPOLYLINE
  5
522
330
70
100
AcDbEntity
  8
A-CDA-___-___-EXI
370
    25
100
AcDbPolyline
 90
        4
 70
     0
 43
0.0
 10
31302.05079376368
 20
-8447.136083891615
 10
31302.05079376368
 20
-8233.728521841047
 10
32599.57142951148
 20
-8233.728521841047
 10
32599.57142951148
 20
-8447.136083891615
1001
REVIT
1002
{
1070
     1
1000
22914353
1002
}
1002
{
1070
     2
1000
-2000051
1002
}
1002
{
1070
     3
1000
22908212
1002
}
  0
LWPOLYLINE
  5
523
330
70
100
AcDbEntity
  8
A-COB-___-___-EXI
370
    25
100
AcDbPolyline
 90
        8
 70
     0
 43
0.0
 10
30196.59839941768
 20
-9394.665659396139
 10
30196.59839941768
 20
-7747.15928036575
 10
29995.99383804385
 20
-7747.15928036575
 10
29795.39136073251
 20
-7747.15928036575
 10
29795.39136073251
 20
-8878.219359233765
 10
29995.99383804385
 20
-8878.219359233765
 10
29995.99383804385
 20
-7747.15928036575
 10
29795.39136073251
 20
-7747.15928036575
1001
REVIT
1002
{
1070
     1
1000
22914287
1002
}
1002
{
1070
     2
1000
-2000051
1002
}
1002
{
1070
     3
1000
22908212
1002
}
  0
LWPOLYLINE
  5
524
330
70
100
AcDbEntity
  8
A-COB-___-___-EXI
370
    25
100
AcDbPolyline
 90
        4
 70
     1
 43
0.0
 10
30196.59839941768
 20
-7465.461298459
 10
30196.59839941768
 20
-7546.556172038217
 10
30145.38047958553
 20
-7546.556172038217
 10
30145.38047958553
 20
-7465.461298459
1001
REVIT
1002
{
1070
     1
1000
22914264
1002
}
1002
{
1070
     2
1000
-2000051
1002
}
1002
{
1070
     3
1000
22908212
1002
}
  0
LWPOLYLINE
  5
525
330
70
100
AcDbEntity
  8
A-COB-___-___-EXI
370
    25
100
AcDbPolyline
 90
        4
 70
     1
 43
0.0
 10
29727.10080095631
 20
-7465.461298459
 10
29727.10080095631
 20
-7546.556172038217
 10
29675.88288112416
 20
-7546.556172038217
 10
29675.88288112416
 20
-7465.461298459
1001
REVIT
1002
{
1070
     1
1000
22914260
1002
}
1002
{
1070
     2
1000
-2000051
1002
}
1002
{
1070
     3
1000
22908212
1002
}
  0
LWPOLYLINE
  5
526
330
70
100
AcDbEntity
  8
A-COB-___-___-EXI
370
    25
100
AcDbPolyline
 90
        4
 70
     1
 43
0.0
 10
29236.26136053362
 20
-7465.461298459
 10
29236.26136053362
 20
-7546.556172038217
 10
29185.04344070147
 20
-7546.556172038217
 10
29185.04344070147
 20
-7465.461298459
1001
REVIT
1002
{
1070
     1
1000
22914256
1002
}
1002
{
1070
     2
1000
-2000051
1002
}
1002
{
1070
     3
1000
22908212
1002
}
  0
LWPOLYLINE
  5
527
330
70
100
AcDbEntity
  8
A-COB-___-___-EXI
370
    25
100
AcDbPolyline
 90
        4
 70
     1
 43
0.0
 10
28741.15480215617
 20
-7465.461298459
 10
28741.15480215617
 20
-7546.556172038217
 10
28689.93688232402
 20
-7546.556172038217
 10
28689.93688232402
 20
-7465.461298459
1001
REVIT
1002
{
1070
     1
1000
22914252
1002
}
1002
{
1070
     2
1000
-2000051
1002
}
1002
{
1070
     3
1000
22908212
1002
}
  0
LWPOLYLINE
  5
528
330
70
100
AcDbEntity
  8
A-COB-___-___-EXI
370
    25
100
AcDbPolyline
 90
        4
 70
     1
 43
0.0
 10
28250.31744579598
 20
-7465.461298459
 10
28250.31744579598
 20
-7546.556172038217
 10
28199.09952596383
 20
-7546.556172038217
 10
28199.09952596383
 20
-7465.461298459
1001
REVIT
1002
{
1070
     1
1000
22914248
1002
}
1002
{
1070
     2
1000
-2000051
1002
}
1002
{
1070
     3
1000
22908212
1002
}
  0
LWPOLYLINE
  5
529
330
70
100
AcDbEntity
  8
A-COB-___-___-EXI
370
    25
100
AcDbPolyline
 90
        4
 70
     1
 43
0.0
 10
27755.21088741853
 20
-7465.461298459
 10
27755.21088741853
 20
-7546.556172038217
 10
27703.99296758638
 20
-7546.556172038217
 10
27703.99296758638
 20
-7465.461298459
1001
REVIT
1002
{
1070
     1
1000
22914244
1002
}
1002
{
1070
     2
1000
-2000051
1002
}
1002
{
1070
     3
1000
22908212
1002
}
  0
LWPOLYLINE
  5
52A
330
70
100
AcDbEntity
  8
A-COB-___-___-EXI
370
    25
100
AcDbPolyline
 90
        4
 70
     1
 43
0.0
 10
27264.37144699584
 20
-7465.461298459
 10
27264.37144699584
 20
-7546.556172038217
 10
27213.1535271637
 20
-7546.556172038217
 10
27213.1535271637
 20
-7465.461298459
1001
REVIT
1002
{
1070
     1
1000
22914240
1002
}
1002
{
1070
     2
1000
-2000051
1002
}
1002
{
1070
     3
1000
22908212
1002
}
  0
LWPOLYLINE
  5
52B
330
70
100
AcDbEntity
  8
A-COB-___-___-EXI
370
    25
100
AcDbPolyline
 90
        4
 70
     1
 43
0.0
 10
26769.26488861839
 20
-7465.461298459
 10
26769.26488861839
 20
-7546.556172038217
 10
26718.04696878624
 20
-7546.556172038217
 10
26718.04696878624
 20
-7465.461298459
1001
REVIT
1002
{
1070
     1
1000
22914236
1002
}
1002
{
1070
     2
1000
-2000051
1002
}
1002
{
1070
     3
1000
22908212
1002
}
  0
LWPOLYLINE
  5
52C
330
70
100
AcDbEntity
  8
A-COB-___-___-EXI
370
    25
100
AcDbPolyline
 90
        4
 70
     1
 43
0.0
 10
26278.4275322582
 20
-7465.461298459
 10
26278.4275322582
 20
-7546.556172038217
 10
26227.20961242605
 20
-7546.556172038217
 10
26227.20961242605
 20
-7465.461298459
1001
REVIT
1002
{
1070
     1
1000
22914232
1002
}
1002
{
1070
     2
1000
-2000051
1002
}
1002
{
1070
     3
1000
22908212
1002
}
  0
LWPOLYLINE
  5
52D
330
70
100
AcDbEntity
  8
A-COB-___-___-EXI
370
    25
100
AcDbPolyline
 90
        4
 70
     1
 43
0.0
 10
25783.32097388075
 20
-7465.461298459
 10
25783.32097388075
 20
-7546.556172038217
 10
25732.1030540486
 20
-7546.556172038217
 10
25732.1030540486
 20
-7465.461298459
1001
REVIT
1002
{
1070
     1
1000
22914228
1002
}
1002
{
1070
     2
1000
-2000051
1002
}
1002
{
1070
     3
1000
22908212
1002
}
  0
LWPOLYLINE
  5
52E
330
70
100
AcDbEntity
  8
A-COB-___-___-EXI
370
    25
100
AcDbPolyline
 90
        4
 70
     1
 43
0.0
 10
25292.48205447368
 20
-7465.461298459
 10
25292.48205447368
 20
-7546.556172038217
 10
25241.26413464154
 20
-7546.556172038217
 10
25241.26413464154
 20
-7465.461298459
1001
REVIT
1002
{
1070
     1
1000
22914224
1002
}
1002
{
1070
     2
1000
-2000051
1002
}
1002
{
1070
     3
1000
22908212
1002
}
  0
LWPOLYLINE
  5
52F
330
70
100
AcDbEntity
  8
A-COB-___-___-EXI
370
    25
100
AcDbPolyline
 90
        4
 70
     1
 43
0.0
 10
24797.37549609623
 20
-7465.461298459
 10
24797.37549609623
 20
-7546.556172038217
 10
24746.15757626408
 20
-7546.556172038217
 10
24746.15757626408
 20
-7465.461298459
1001
REVIT
1002
{
1070
     1
1000
22914220
1002
}
1002
{
1070
     2
1000
-2000051
1002
}
1002
{
1070
     3
1000
22908212
1002
}
  0
LWPOLYLINE
  5
530
330
70
100
AcDbEntity
  8
A-COB-___-___-EXI
370
    25
100
AcDbPolyline
 90
        4
 70
     1
 43
0.0
 10
24306.5370977048
 20
-7465.461298459
 10
24306.5370977048
 20
-7546.556172038217
 10
24255.31917787264
 20
-7546.556172038217
 10
24255.31917787264
 20
-7465.461298459
1001
REVIT
1002
{
1070
     1
1000
22914216
1002
}
1002
{
1070
     2
1000
-2000051
1002
}
1002
{
1070
     3
1000
22908212
1002
}
  0
LWPOLYLINE
  5
531
330
70
100
AcDbEntity
  8
A-COB-___-___-EXI
370
    25
100
AcDbPolyline
 90
        4
 70
     1
 43
0.0
 10
23811.43053932735
 20
-7465.461298459
 10
23811.43053932735
 20
-7546.556172038217
 10
23760.2126194952
 20
-7546.556172038217
 10
23760.2126194952
 20
-7465.461298459
1001
REVIT
1002
{
1070
     1
1000
22914212
1002
}
1002
{
1070
     2
1000
-2000051
1002
}
1002
{
1070
     3
1000
22908212
1002
}
  0
LWPOLYLINE
  5
532
330
70
100
AcDbEntity
  8
A-COB-___-___-EXI
370
    25
100
AcDbPolyline
 90
        4
 70
     1
 43
0.0
 10
23341.93294086597
 20
-7465.461298459
 10
23341.93294086597
 20
-7546.556172038217
 10
23294.98318101983
 20
-7546.556172038217
 10
23294.98318101983
 20
-7465.461298459
1001
REVIT
1002
{
1070
     1
1000
22914208
1002
}
1002
{
1070
     2
1000
-2000051
1002
}
1002
{
1070
     3
1000
22908212
1002
}
  0
LWPOLYLINE
  5
533
330
70
100
AcDbEntity
  8
A-COB-___-___-EXI
370
    25
100
AcDbPolyline
 90
        4
 70
     1
 43
0.0
 10
31724.59863237892
 20
-9727.581456195029
 10
31724.59863237892
 20
-9800.14002729222
 10
31677.64887253278
 20
-9800.14002729222
 10
31677.64887253278
 20
-9727.581456195029
1001
REVIT
1002
{
1070
     1
1000
22914204
1002
}
1002
{
1070
     2
1000
-2000051
1002
}
1002
{
1070
     3
1000
22908212
1002
}
  0
LWPOLYLINE
  5
534
330
70
100
AcDbEntity
  8
E-VIG-___-___-EXI
370
    25
100
AcDbPolyline
 90
        4
 70
     0
 43
0.0
 10
32027.63799138581
 20
-11810.43926180857
 10
31933.73847169353
 20
-11806.17111056756
 10
31895.32607385066
 20
-11742.14884195239
 10
31908.12951177746
 20
-11729.34438822936
1001
REVIT
1002
{
1070
     1
1000
22914200
1002
}
1002
{
1070
     2
1000
-2000051
1002
}
1002
{
1070
     3
1000
22908212
1002
}
  0
LWPOLYLINE
  5
535
330
70
100
AcDbEntity
  8
E-VIG-___-___-EXI
370
    25
100
AcDbPolyline
 90
        5
 70
     0
 43
0.0
 10
32027.63799138581
 20
-11955.55640400296
 10
32014.83455345901
 20
-11951.28825276195
 10
31976.42007155366
 20
-11968.36085772599
 10
31997.76191351497
 20
-12019.57867261813
 10
32027.63799138581
 20
-12002.50606765409
1001
REVIT
1002
{
1070
     1
1000
22914197
1002
}
1002
{
1070
     2
1000
-2000051
1002
}
1002
{
1070
     3
1000
22908212
1002
}
  0
LWPOLYLINE
  5
536
330
70
100
AcDbEntity
  8
A-ALV-___-___-EXI
370
    25
100
AcDbPolyline
 90
        3
 70
     0
 43
0.0
 10
32027.63799138581
 20
-12036.65127758217
 10
31997.76191351497
 20
-12062.26018502825
 10
32027.63799138581
 20
-12104.94169743836
1001
REVIT
1002
{
1070
     1
1000
22914193
1002
}
1002
{
1070
     2
1000
-2000051
1002
}
1002
{
1070
     3
1000
22908212
1002
}
  0
LWPOLYLINE
  5
537
330
70
100
AcDbEntity
  8
E-VIG-___-___-EXI
370
    25
100
AcDbPolyline
 90
        4
 70
     0
 43
0.0
 10
31955.08031365484
 20
-12139.08690736645
 10
31984.95639152568
 20
-12053.72388254622
 10
31929.47135373876
 20
-11959.82455524397
 10
31827.03551407447
 20
-11951.28825276195
1001
REVIT
1002
{
1070
     1
1000
22914191
1002
}
1002
{
1070
     2
1000
-2000051
1002
}
1002
{
1070
     3
1000
22908212
1002
}
  0
LWPOLYLINE
  5
538
330
70
100
AcDbEntity
  8
A-ALV-___-___-EXI
370
    25
100
AcDbPolyline
 90
        3
 70
     0
 43
0.0
 10
31827.03551407447
 20
-11759.22144691643
 10
31831.30263202923
 20
-11759.22144691643
 10
31869.71711393459
 20
-11729.34438822936
1001
REVIT
1002
{
1070
     1
1000
22914188
1002
}
1002
{
1070
     2
1000
-2000051
1002
}
1002
{
1070
     3
1000
22908212
1002
}
  0
LWPOLYLINE
  5
539
330
70
100
AcDbEntity
  8
E-VIG-___-___-EXI
370
    25
100
AcDbPolyline
 90
        7
 70
     0
 43
0.0
 10
32027.63799138581
 20
-11895.8022866288
 10
32002.02903146973
 20
-11921.41119407487
 10
31886.78975387864
 20
-11929.94749655689
 10
31831.30263202923
 20
-11870.19337918273
 10
31848.37527197328
 20
-11831.78001801363
 10
31942.27479166555
 20
-11818.9755642906
 10
32027.63799138581
 20
-11840.31632049565
1001
REVIT
1002
{
1070
     1
1000
22914186
1002
}
1002
{
1070
     2
1000
-2000051
1002
}
1002
{
1070
     3
1000
22908212
1002
}
  0
LWPOLYLINE
  5
542
330
70
100
AcDbEntity
  8
E-VIG-___-___-EXI
370
    25
100
AcDbPolyline
 90
        4
 70
     0
 43
0.0
 10
29795.39136073251
 20
-11878.72968166476
 10
29833.80375857537
 20
-11891.53413538779
 10
29897.82720039681
 20
-11870.19337918273
 10
29910.6306383236
 20
-11840.31632049565
1001
REVIT
1002
{
1070
     1
1000
22914135
1002
}
1002
{
1070
     2
1000
-2000051
1002
}
1002
{
1070
     3
1000
22908212
1002
}
  0
LWPOLYLINE
  5
543
330
70
100
AcDbEntity
  8
E-VIG-___-___-EXI
370
    25
100
AcDbPolyline
 90
        6
 70
     0
 43
0.0
 10
29795.39136073251
 20
-12015.31052137712
 10
29812.46400067655
 20
-12019.57867261813
 10
29833.80375857537
 20
-11985.43346269004
 10
29833.80375857537
 20
-11959.82455524397
 10
29803.92768070453
 20
-11934.2156477979
 10
29795.39136073251
 20
-11934.2156477979
1001
REVIT
1002
{
1070
     1
1000
22914132
1002
}
1002
{
1070
     2
1000
-2000051
1002
}
1002
{
1070
     3
1000
22908212
1002
}
  0
LWPOLYLINE
  5
547
330
70
100
AcDbEntity
  8
E-VIG-___-___-EXI
370
    25
100
AcDbPolyline
 90
        3
 70
     0
 43
0.0
 10
29995.99383804385
 20
-11861.65707670071
 10
29987.45751807183
 20
-11861.65707670071
 10
29966.11776017301
 20
-11840.31632049565
1001
REVIT
1002
{
1070
     1
1000
22914111
1002
}
1002
{
1070
     2
1000
-2000051
1002
}
1002
{
1070
     3
1000
22908212
1002
}
  0
LWPOLYLINE
  5
54C
330
70
100
AcDbEntity
  8
E-VIG-___-___-EXI
370
    25
100
AcDbPolyline
 90
        4
 70
     0
 43
0.0
 10
26564.39320928979
 20
-11976.89716020802
 10
26598.53848917789
 20
-12002.50606765409
 10
26581.46584923384
 20
-12053.72388254622
 10
26564.39320928979
 20
-12062.26018502825
1001
REVIT
1002
{
1070
     1
1000
22914096
1002
}
1002
{
1070
     2
1000
-2000051
1002
}
1002
{
1070
     3
1000
22908212
1002
}
  0
LWPOLYLINE
  5
54D
330
70
100
AcDbEntity
  8
E-VIG-___-___-EXI
370
    25
100
AcDbPolyline
 90
        3
 70
     0
 43
0.0
 10
26764.99777066362
 20
-12045.1875800642
 10
26760.72856864636
 20
-12040.91942882319
 10
26764.99777066362
 20
-12040.91942882319
1001
REVIT
1002
{
1070
     1
1000
22914093
1002
}
1002
{
1070
     2
1000
-2000051
1002
}
1002
{
1070
     3
1000
22908212
1002
}
  0
LWPOLYLINE
  5
551
330
70
100
AcDbEntity
  8
E-VIG-___-___-EXI
370
    25
100
AcDbPolyline
 90
        6
 70
     0
 43
0.0
 10
26564.39320928979
 20
-11955.55640400296
 10
26581.46584923384
 20
-11959.82455524397
 10
26602.80769119515
 20
-11925.67934531588
 10
26602.80769119515
 20
-11900.07043786981
 10
26572.92952926181
 20
-11874.46153042374
 10
26564.39320928979
 20
-11874.46153042374
1001
REVIT
1002
{
1070
     1
1000
22914079
1002
}
1002
{
1070
     2
1000
-2000051
1002
}
1002
{
1070
     3
1000
22908212
1002
}
  0
LWPOLYLINE
  5
555
330
70
100
AcDbEntity
  8
E-VIG-___-___-EXI
370
    25
100
AcDbPolyline
 90
        4
 70
     0
 43
0.0
 10
26564.39320928979
 20
-11818.9755642906
 10
26602.80769119515
 20
-11827.51186677262
 10
26666.82904895409
 20
-11810.43926180857
 10
26679.63457094337
 20
-11780.56220312149
1001
REVIT
1002
{
1070
     1
1000
22914062
1002
}
1002
{
1070
     2
1000
-2000051
1002
}
1002
{
1070
     3
1000
22908212
1002
}
  0
LWPOLYLINE
  5
556
330
70
100
AcDbEntity
  8
E-VIG-___-___-EXI
370
    25
100
AcDbPolyline
 90
        7
 70
     0
 43
0.0
 10
26764.99777066362
 20
-11823.24371553161
 10
26692.43800887017
 20
-11818.9755642906
 10
26607.07480914992
 20
-11900.07043786981
 10
26602.80769119515
 20
-11976.89716020802
 10
26632.68376906599
 20
-12049.45573130521
 10
26713.77985083148
 20
-12053.72388254622
 10
26764.99777066362
 20
-12015.31052137712
1001
REVIT
1002
{
1070
     1
1000
22914059
1002
}
1002
{
1070
     2
1000
-2000051
1002
}
1002
{
1070
     3
1000
22908212
1002
}
  0
LWPOLYLINE
  5
559
330
70
100
AcDbEntity
  8
E-VIG-___-___-EXI
370
    25
100
AcDbPolyline
 90
        3
 70
     0
 43
0.0
 10
26764.99777066362
 20
-11801.90295932655
 10
26756.4614506916
 20
-11801.90295932655
 10
26735.1196087303
 20
-11780.56220312149
1001
REVIT
1002
{
1070
     1
1000
22914042
1002
}
1002
{
1070
     2
1000
-2000051
1002
}
1002
{
1070
     3
1000
22908212
1002
}
  0
LWPOLYLINE
  5
55E
330
70
100
AcDbEntity
  8
E-VIG-___-___-EXI
370
    25
100
AcDbPolyline
 90
        5
 70
     0
 43
0.0
 10
23495.58670036242
 20
-11968.36085772599
 10
23529.73198025051
 20
-11968.36085772599
 10
23576.68174009666
 20
-12002.50606765409
 10
23563.87726013862
 20
-12053.72388254622
 10
23495.58670036242
 20
-12092.13724371533
1001
REVIT
1002
{
1070
     1
1000
22914025
1002
}
1002
{
1070
     2
1000
-2000051
1002
}
1002
{
1070
     3
1000
22908212
1002
}
  0
LWPOLYLINE
  5
560
330
70
100
AcDbEntity
  8
E-VIG-___-___-EXI
370
    25
100
AcDbPolyline
 90
        6
 70
     0
 43
0.0
 10
23495.58670036242
 20
-12331.15371321196
 10
23563.87726013862
 20
-12339.69001569398
 10
23580.94990008267
 20
-12305.54480576589
 10
23580.94990008267
 20
-12284.20404956084
 10
23551.07278018058
 20
-12258.59514211477
 10
23495.58670036242
 20
-12245.79068839174
1001
REVIT
1002
{
1070
     1
1000
22914013
1002
}
1002
{
1070
     2
1000
-2000051
1002
}
1002
{
1070
     3
1000
22908212
1002
}
  0
LWPOLYLINE
  5
561
330
70
100
AcDbEntity
  8
E-VIG-___-___-EXI
370
    25
100
AcDbPolyline
 90
        6
 70
     0
 43
0.0
 10
23495.58670036242
 20
-11951.28825276195
 10
23563.87726013862
 20
-11959.82455524397
 10
23580.94990008267
 20
-11925.67934531588
 10
23580.94990008267
 20
-11900.07043786981
 10
23551.07278018058
 20
-11874.46153042374
 10
23495.58670036242
 20
-11865.92522794172
1001
REVIT
1002
{
1070
     1
1000
22914008
1002
}
1002
{
1070
     2
1000
-2000051
1002
}
1002
{
1070
     3
1000
22908212
1002
}
  0
LWPOLYLINE
  5
563
330
70
100
AcDbEntity
  8
E-VIG-___-___-EXI
370
    25
100
AcDbPolyline
 90
        8
 70
     1
 43
0.0
 10
23644.97229987285
 20
-12190.30472225859
 10
23580.94990008267
 20
-12211.64547846364
 10
23516.92750029248
 20
-12190.30472225859
 10
23495.58670036242
 20
-12139.08690736645
 10
23521.19566027849
 20
-12083.6009412333
 10
23580.94990008267
 20
-12066.52833626926
 10
23640.70413988685
 20
-12087.86909247431
 10
23666.31309980292
 20
-12139.08690736645
1001
REVIT
1002
{
1070
     1
1000
22913995
1002
}
1002
{
1070
     2
1000
-2000051
1002
}
1002
{
1070
     3
1000
22908212
1002
}
  0
LWPOLYLINE
  5
564
330
70
100
AcDbEntity
  8
E-VIG-___-___-EXI
370
    25
100
AcDbPolyline
 90
        5
 70
     0
 43
0.0
 10
23504.12302033445
 20
-11780.56220312149
 10
23516.92750029248
 20
-11810.43926180857
 10
23580.94990008267
 20
-11827.51186677262
 10
23644.97229987285
 20
-11810.43926180857
 10
23657.77677983089
 20
-11780.56220312149
1001
REVIT
1002
{
1070
     1
1000
22913987
1002
}
1002
{
1070
     2
1000
-2000051
1002
}
1002
{
1070
     3
1000
22908212
1002
}
  0
LWPOLYLINE
  5
565
330
70
100
AcDbEntity
  8
E-VIG-___-___-EXI
370
    25
100
AcDbPolyline
 90
        7
 70
     0
 43
0.0
 10
23743.13997955114
 20
-11823.24371553161
 10
23674.84941977495
 20
-11818.9755642906
 10
23585.21806006868
 20
-11900.07043786981
 10
23580.94990008267
 20
-11976.89716020802
 10
23610.82701998476
 20
-12049.45573130521
 10
23691.92205971899
 20
-12053.72388254622
 10
23743.13997955114
 20
-12015.31052137712
1001
REVIT
1002
{
1070
     1
1000
22913983
1002
}
1002
{
1070
     2
1000
-2000051
1002
}
1002
{
1070
     3
1000
22908212
1002
}
  0
LWPOLYLINE
  5
568
330
70
100
AcDbEntity
  8
E-VIG-___-___-EXI
370
    25
100
AcDbPolyline
 90
        3
 70
     0
 43
0.0
 10
23743.13997955114
 20
-11801.90295932655
 10
23734.60365957912
 20
-11801.90295932655
 10
23713.26285964905
 20
-11780.56220312149
1001
REVIT
1002
{
1070
     1
1000
22913966
1002
}
1002
{
1070
     2
1000
-2000051
1002
}
1002
{
1070
     3
1000
22908212
1002
}
  0
LWPOLYLINE
  5
569
330
70
100
AcDbEntity
  8
E-VIG-___-___-EXI
370
    25
100
AcDbPolyline
 90
        5
 70
     0
 43
0.0
 10
23743.13997955114
 20
-12181.76841977656
 10
23734.60365957912
 20
-12186.03657101757
 10
23691.92205971899
 20
-12139.08690736645
 10
23704.72653967703
 20
-12109.20984867937
 10
23743.13997955114
 20
-12104.94169743836
1001
REVIT
1002
{
1070
     1
1000
22913964
1002
}
1002
{
1070
     2
1000
-2000051
1002
}
1002
{
1070
     3
1000
22908212
1002
}
  0
LWPOLYLINE
  5
56B
330
70
100
AcDbEntity
  8
A-COB-___-___-EXI
370
    25
100
AcDbPolyline
 90
        6
 70
     1
 43
0.0
 10
30047.211757876
 20
-9548.319104072549
 10
30047.211757876
 20
-9475.760532975355
 10
29995.99383804385
 20
-9475.760532975355
 10
30047.211757876
 20
-9475.760532975355
 10
30047.211757876
 20
-9548.319104072549
 10
29995.99383804385
 20
-9548.319104072549
1001
REVIT
1002
{
1070
     1
1000
22913942
1002
}
1002
{
1070
     2
1000
-2000051
1002
}
1002
{
1070
     3
1000
22908212
1002
}
  0
LWPOLYLINE
  5
56C
330
70
100
AcDbEntity
  8
A-COB-___-___-EXI
370
    25
100
AcDbPolyline
 90
        4
 70
     0
 43
0.0
 10
29995.99383804385
 20
-9416.006415601195
 10
32317.87287043466
 20
-9765.994817364129
 10
32309.33655046263
 20
-9812.944481015255
 10
29995.99383804385
 20
-9467.224230493332
1001
REVIT
1002
{
1070
     1
1000
22913939
1002
}
1002
{
1070
     2
1000
-2000051
1002
}
1002
{
1070
     3
1000
22908212
1002
}
  0
LWPOLYLINE
  5
56D
330
70
100
AcDbEntity
  8
A-COB-___-___-EXI
370
    25
100
AcDbPolyline
 90
        3
 70
     0
 43
0.0
 10
32317.87287043466
 20
-9765.994817364129
 10
32326.40919040668
 20
-9714.777002471995
 10
29995.99383804385
 20
-9364.788600709061
1001
REVIT
1002
{
1070
     1
1000
22913937
1002
}
1002
{
1070
     2
1000
-2000051
1002
}
1002
{
1070
     3
1000
22908212
1002
}
  0
LWPOLYLINE
  5
56E
330
70
100
AcDbEntity
  8
A-ALV-___-___-EXI
370
    25
100
AcDbPolyline
 90
        3
 70
     0
 43
0.0
 10
31575.21303286848
 20
-10828.76447637596
 10
31425.82847538929
 20
-10828.76447637596
 10
31425.82847538929
 20
-11729.34438822936
1001
REVIT
1002
{
1070
     1
1000
22913934
1002
}
1002
{
1070
     2
1000
-2000051
1002
}
1002
{
1070
     3
1000
22908212
1002
}
  0
LWPOLYLINE
  5
56F
330
70
100
AcDbEntity
  8
A-POR-___-___-EXI
370
    25
100
AcDbPolyline
 90
        4
 70
     0
 43
0.0
 10
30986.20695479875
 20
-11729.34438822936
 10
30986.20695479875
 20
-9996.474984378743
 10
30226.47447728853
 20
-9996.474984378743
 10
30226.47447728853
 20
-11729.34438822936
1001
REVIT
1002
{
1070
     1
1000
22913921
1002
}
1002
{
1070
     2
1000
-2000051
1002
}
1002
{
1070
     3
1000
22908212
1002
}
  0
LWPOLYLINE
  5
570
330
70
100
AcDbEntity
  8
A-POR-___-___-EXI
370
    25
100
AcDbPolyline
 90
        4
 70
     0
 43
0.0
 10
30913.64927706778
 20
-11729.34438822936
 10
30913.64927706778
 20
-10069.03355547594
 10
30294.76503706472
 20
-10069.03355547594
 10
30294.76503706472
 20
-11729.34438822936
1001
REVIT
1002
{
1070
     1
1000
22913918
1002
}
1002
{
1070
     2
1000
-2000051
1002
}
1002
{
1070
     3
1000
22908212
1002
}
  0
LWPOLYLINE
  5
571
330
70
100
AcDbEntity
  8
A-ALV-___-___-EXI
370
    25
100
AcDbPolyline
 90
        3
 70
     0
 43
0.0
 10
32074.58879326319
 20
-9475.760532975355
 10
32996.51135024189
 20
-9475.760532975355
 10
32996.51135024189
 20
-10419.02195723887
1001
REVIT
1002
{
1070
     1
1000
22913915
1002
}
1002
{
1070
     2
1000
-2000051
1002
}
1002
{
1070
     3
1000
22908212
1002
}
  0
LWPOLYLINE
  5
572
330
70
100
AcDbEntity
  8
A-POR-___-___-EXI
370
    25
100
AcDbPolyline
 90
        3
 70
     0
 43
0.0
 10
32872.73366861628
 20
-12139.08690736645
 10
32872.73366861628
 20
-10457.43531840797
 10
32074.58879326319
 20
-10457.43531840797
1001
REVIT
1002
{
1070
     1
1000
22913912
1002
}
1002
{
1070
     2
1000
-2000051
1002
}
1002
{
1070
     3
1000
22908212
1002
}
  0
LWPOLYLINE
  5
573
330
70
100
AcDbEntity
  8
A-POR-___-___-EXI
370
    25
100
AcDbPolyline
 90
        3
 70
     0
 43
0.0
 10
32821.51574878413
 20
-12139.08690736645
 10
32821.51574878413
 20
-10508.6531333001
 10
32074.58879326319
 20
-10508.6531333001
1001
REVIT
1002
{
1070
     1
1000
22913910
1002
}
1002
{
1070
     2
1000
-2000051
1002
}
1002
{
1070
     3
1000
22908212
1002
}
  0
LWPOLYLINE
  5
575
330
70
100
AcDbEntity
  8
A-ALV-___-___-EXI
370
    25
100
AcDbPolyline
 90
        7
 70
     0
 43
0.0
 10
31827.03551407447
 20
-9740.38590991806
 10
31827.03551407447
 20
-9800.14002729222
 10
31575.21303286848
 20
-9800.14002729222
 10
31575.21303286848
 20
-11729.34438822936
 10
31575.21303286848
 20
-9800.14002729222
 10
31827.03551407446
 20
-9800.14002729222
 10
31827.03551407446
 20
-11729.34438822937
1001
REVIT
1002
{
1070
     1
1000
22913903
1002
}
1002
{
1070
     2
1000
-2000051
1002
}
1002
{
1070
     3
1000
22908212
1002
}
  0
LWPOLYLINE
  5
576
330
70
100
AcDbEntity
  8
A-ALV-___-___-EXI
370
    25
100
AcDbPolyline
 90
        5
 70
     0
 43
0.0
 10
31827.03551407447
 20
-9800.14002729222
 10
31827.03551407447
 20
-11729.34438822936
 10
32027.63799138581
 20
-11729.34438822936
 10
32027.63799138581
 20
-10828.76447637596
 10
31827.03551407447
 20
-10828.76447637596
1001
REVIT
1002
{
1070
     1
1000
22913901
1002
}
1002
{
1070
     2
1000
-2000051
1002
}
1002
{
1070
     3
1000
22908212
1002
}
  0
LWPOLYLINE
  5
577
330
70
100
AcDbEntity
  8
A-ALV-___-___-EXI
370
    25
100
AcDbPolyline
 90
        7
 70
     0
 43
0.0
 10
26764.99777066362
 20
-7747.15928036575
 10
26764.99777066362
 20
-8878.219359233765
 10
29795.39136073251
 20
-8878.219359233765
 10
29795.39136073251
 20
-9078.822467561296
 10
29995.99383804385
 20
-9078.822467561296
 10
29995.99383804385
 20
-11639.71321216812
 10
29995.99383804385
 20
-11729.34438822936
1001
REVIT
1002
{
1070
     1
1000
22913808
1002
}
1002
{
1070
     2
1000
-2000051
1002
}
1002
{
1070
     3
1000
22908212
1002
}
  0
LWPOLYLINE
  5
579
330
70
100
AcDbEntity
  8
A-POR-___-___-EXI
370
    25
100
AcDbPolyline
 90
        4
 70
     0
 43
0.0
 10
27127.79032744344
 20
-11639.71321216812
 10
27127.79032744344
 20
-9936.720867004584
 10
27904.59544489772
 20
-9936.720867004584
 10
27904.59544489772
 20
-11639.71321216812
1001
REVIT
1002
{
1070
     1
1000
22913802
1002
}
1002
{
1070
     2
1000
-2000051
1002
}
1002
{
1070
     3
1000
22908212
1002
}
  0
LWPOLYLINE
  5
57A
330
70
100
AcDbEntity
  8
A-POR-___-___-EXI
370
    25
100
AcDbPolyline
 90
        4
 70
     0
 43
0.0
 10
25352.23629427786
 20
-11579.95909479396
 10
25352.23629427786
 20
-9535.514650349517
 10
26175.9916925939
 20
-9535.514650349517
 10
26175.9916925939
 20
-11579.95909479396
1001
REVIT
1002
{
1070
     1
1000
22913799
1002
}
1002
{
1070
     2
1000
-2000051
1002
}
1002
{
1070
     3
1000
22908212
1002
}
  0
LWPOLYLINE
  5
57C
330
70
100
AcDbEntity
  8
A-COB-___-___-EXI
370
    25
100
AcDbPolyline
 90
       10
 70
     0
 43
0.0
 10
30196.59839941768
 20
-7747.15928036575
 10
30196.59839941768
 20
-7546.556172038217
 10
23294.98318101983
 20
-7546.556172038217
 10
23341.93294086597
 20
-7546.556172038217
 10
23341.93294086597
 20
-7465.461298459
 10
23294.98318101983
 20
-7465.461298459
 10
23294.98318101983
 20
-7546.556172038217
 10
23294.98318101983
 20
-7747.15928036575
 10
23495.58670036242
 20
-7747.15928036575
 10
23495.58670036242
 20
-8878.219359233765
1001
REVIT
1002
{
1070
     1
1000
22913791
1002
}
1002
{
1070
     2
1000
-2000051
1002
}
1002
{
1070
     3
1000
22908212
1002
}
  0
LWPOLYLINE
  5
57D
330
70
100
AcDbEntity
  8
A-POR-___-___-EXI
370
    25
100
AcDbPolyline
 90
        4
 70
     0
 43
0.0
 10
26073.5558529296
 20
-11579.95909479396
 10
26073.5558529296
 20
-9637.950280133786
 10
25454.67213394216
 20
-9637.950280133786
 10
25454.67213394216
 20
-11579.95909479396
1001
REVIT
1002
{
1070
     1
1000
22913788
1002
}
1002
{
1070
     2
1000
-2000051
1002
}
1002
{
1070
     3
1000
22908212
1002
}
  0
LWPOLYLINE
  5
57E
330
70
100
AcDbEntity
  8
A-ALV-___-___-EXI
370
    25
100
AcDbPolyline
 90
        5
 70
     0
 43
0.0
 10
23495.58670036242
 20
-9078.822467561296
 10
23495.58670036242
 20
-11579.95909479396
 10
23495.58670036242
 20
-7747.15928036575
 10
23743.13997955114
 20
-7747.15928036575
 10
23495.58670036242
 20
-7747.15928036575
1001
REVIT
1002
{
1070
     1
1000
22908275
1002
}
1002
{
1070
     2
1000
-2000051
1002
}
1002
{
1070
     3
1000
22908212
1002
}
  0
LWPOLYLINE
  5
57F
330
70
100
AcDbEntity
  8
A-ALV-___-___-EXI
370
    25
100
AcDbPolyline
 90
        4
 70
     0
 43
0.0
 10
29795.39136073251
 20
-11737.88069071139
 10
29795.39136073251
 20
-11639.71321216812
 10
29995.99383804385
 20
-11639.71321216812
 10
29995.99383804385
 20
-7747.15928036575
1001
REVIT
1002
{
1070
     1
1000
22908228
1002
}
1002
{
1070
     2
1000
-2000051
1002
}
1002
{
1070
     3
1000
22908212
1002
}
  0
LWPOLYLINE
  5
581
330
70
100
AcDbEntity
  8
A-ALV-___-___-EXI
370
    25
100
AcDbPolyline
 90
        4
 70
     0
 43
0.0
 10
23495.58670036242
 20
-11690.93102706026
 10
23495.58670036242
 20
-11579.95909479396
 10
23743.13997955114
 20
-11579.95909479396
 10
23743.13997955114
 20
-11678.12657333711
1001
REVIT
1002
{
1070
     1
1000
22908223
1002
}
1002
{
1070
     2
1000
-2000051
1002
}
1002
{
1070
     3
1000
22908212
1002
}
  0
LWPOLYLINE
  5
582
330
70
100
AcDbEntity
  8
A-ALV-___-___-EXI
100
AcDbPolyline
 90
        3
 70
     0
 43
0.0
 10
23495.58670036242
 20
-11579.95909479396
 10
23743.13997955114
 20
-11579.95909479396
 10
23743.13997955114
 20
-7747.15928036575
1001
REVIT
1002
{
1070
     1
1000
22907746
1002
}
1002
{
1070
     2
1000
-2000051
1002
}
1002
{
1070
     3
1000
-2000042
1002
}
  0
LWPOLYLINE
  5
583
330
70
100
AcDbEntity
  8
A-ALV-___-___-EXI
370
    25
100
AcDbPolyline
 90
        3
 70
     0
 43
0.0
 10
23294.98318101983
 20
-7747.15928036575
 10
23294.98318101983
 20
-10192.80994146526
 10
23495.58670036242
 20
-10192.80994146526
1001
REVIT
1002
{
1070
     1
1000
22914178
1002
}
1002
{
1070
     2
1000
-2000051
1002
}
1002
{
1070
     3
1000
22908212
1002
}
  0
LINE
  5
59D
330
70
100
AcDbEntity
  8
E-VIG-___-___-EXI
100
AcDbLine
 10
26564.39320928979
 20
-11579.95909479396
 30
0.0
 11
26564.39320928979
 21
-12779.30959351816
 31
0.0
1001
REVIT
1002
{
1070
     1
1000
22907576
1002
}
1002
{
1070
     2
1000
-2000051
1002
}
1002
{
1070
     3
1000
-2000042
1002
}
  0
LINE
  5
59E
330
70
100
AcDbEntity
  8
E-VIG-___-___-EXI
100
AcDbLine
 10
26564.39320928979
 20
-12779.30959351816
 30
0.0
 11
26764.99777066362
 21
-12779.30959351816
 31
0.0
1001
REVIT
1002
{
1070
     1
1000
22907576
1002
}
1002
{
1070
     2
1000
-2000051
1002
}
1002
{
1070
     3
1000
-2000042
1002
}
  0
LINE
  5
59F
330
70
100
AcDbEntity
  8
E-VIG-___-___-EXI
100
AcDbLine
 10
26764.99777066362
 20
-12779.30959351816
 30
0.0
 11
26764.99777066362
 21
-11579.95909479396
 31
0.0
1001
REVIT
1002
{
1070
     1
1000
22907576
1002
}
1002
{
1070
     2
1000
-2000051
1002
}
1002
{
1070
     3
1000
-2000042
1002
}
  0
LINE
  5
5A0
330
70
100
AcDbEntity
  8
A-PIS-___-___-EXI
100
AcDbLine
 10
26764.99777066362
 20
-11579.95909479396
 30
0.0
 11
26564.39320928979
 21
-11579.95909479396
 31
0.0
1001
REVIT
1002
{
1070
     1
1000
22907576
1002
}
1002
{
1070
     2
1000
-2000051
1002
}
1002
{
1070
     3
1000
-2000042
1002
}
  0
LINE
  5
5A1
330
70
100
AcDbEntity
  8
E-VIG-___-___-EXI
370
    25
100
AcDbLine
 10
29795.39136073251
 20
-12420.7848892732
 30
0.0
 11
29829.5366406206
 21
-12442.12564547826
 31
0.0
1001
REVIT
1002
{
1070
     1
1000
22914167
1002
}
1002
{
1070
     2
1000
-2000051
1002
}
1002
{
1070
     3
1000
22908212
1002
}
  0
LINE
  5
5A2
330
70
100
AcDbEntity
  8
E-VIG-___-___-EXI
370
    25
100
AcDbLine
 10
29829.5366406206
 20
-12442.12564547826
 30
0.0
 11
29812.46400067655
 21
-12497.6116116114
 31
0.0
1001
REVIT
1002
{
1070
     1
1000
22914167
1002
}
1002
{
1070
     2
1000
-2000051
1002
}
1002
{
1070
     3
1000
22908212
1002
}
  0
LINE
  5
5A3
330
70
100
AcDbEntity
  8
E-VIG-___-___-EXI
370
    25
100
AcDbLine
 10
29812.46400067655
 20
-12497.6116116114
 30
0.0
 11
29795.39136073251
 21
-12506.14791409343
 31
0.0
1001
REVIT
1002
{
1070
     1
1000
22914167
1002
}
1002
{
1070
     2
1000
-2000051
1002
}
1002
{
1070
     3
1000
22908212
1002
}
  0
LINE
  5
5A4
330
70
100
AcDbEntity
  8
E-VIG-___-___-EXI
370
    25
100
AcDbLine
 10
29795.39136073251
 20
-12036.65127758217
 30
0.0
 11
29829.5366406206
 21
-12062.26018502825
 31
0.0
1001
REVIT
1002
{
1070
     1
1000
22914164
1002
}
1002
{
1070
     2
1000
-2000051
1002
}
1002
{
1070
     3
1000
22908212
1002
}
  0
LINE
  5
5A5
330
70
100
AcDbEntity
  8
E-VIG-___-___-EXI
370
    25
100
AcDbLine
 10
29829.5366406206
 20
-12062.26018502825
 30
0.0
 11
29812.46400067655
 21
-12113.47799992038
 31
0.0
1001
REVIT
1002
{
1070
     1
1000
22914164
1002
}
1002
{
1070
     2
1000
-2000051
1002
}
1002
{
1070
     3
1000
22908212
1002
}
  0
LINE
  5
5A6
330
70
100
AcDbEntity
  8
E-VIG-___-___-EXI
370
    25
100
AcDbLine
 10
29812.46400067655
 20
-12113.47799992038
 30
0.0
 11
29795.39136073251
 21
-12126.28245364341
 31
0.0
1001
REVIT
1002
{
1070
     1
1000
22914164
1002
}
1002
{
1070
     2
1000
-2000051
1002
}
1002
{
1070
     3
1000
22908212
1002
}
  0
LINE
  5
5A7
330
70
100
AcDbEntity
  8
E-VIG-___-___-EXI
370
    25
100
AcDbLine
 10
29995.99383804385
 20
-12104.94169743836
 30
0.0
 11
29991.72672008909
 21
-12104.94169743836
 31
0.0
1001
REVIT
1002
{
1070
     1
1000
22914161
1002
}
1002
{
1070
     2
1000
-2000051
1002
}
1002
{
1070
     3
1000
22908212
1002
}
  0
LINE
  5
5A8
330
70
100
AcDbEntity
  8
E-VIG-___-___-EXI
370
    25
100
AcDbLine
 10
29991.72672008909
 20
-12104.94169743836
 30
0.0
 11
29995.99383804385
 21
-12100.67354619735
 31
0.0
1001
REVIT
1002
{
1070
     1
1000
22914161
1002
}
1002
{
1070
     2
1000
-2000051
1002
}
1002
{
1070
     3
1000
22908212
1002
}
  0
LINE
  5
5A9
330
70
100
AcDbEntity
  8
E-VIG-___-___-EXI
370
    25
100
AcDbLine
 10
29995.99383804385
 20
-12489.07530912938
 30
0.0
 11
29991.72672008909
 21
-12484.80715788837
 31
0.0
1001
REVIT
1002
{
1070
     1
1000
22914159
1002
}
1002
{
1070
     2
1000
-2000051
1002
}
1002
{
1070
     3
1000
22908212
1002
}
  0
LINE
  5
5AA
330
70
100
AcDbEntity
  8
E-VIG-___-___-EXI
370
    25
100
AcDbLine
 10
29991.72672008909
 20
-12484.80715788837
 30
0.0
 11
29995.99383804385
 21
-12480.53900664736
 31
0.0
1001
REVIT
1002
{
1070
     1
1000
22914159
1002
}
1002
{
1070
     2
1000
-2000051
1002
}
1002
{
1070
     3
1000
22908212
1002
}
  0
LINE
  5
5AB
330
70
100
AcDbEntity
  8
E-VIG-___-___-EXI
370
    25
100
AcDbLine
 10
29816.73111863132
 20
-12779.30959351816
 30
0.0
 11
29833.80375857537
 21
-12749.43253483107
 31
0.0
1001
REVIT
1002
{
1070
     1
1000
22914157
1002
}
1002
{
1070
     2
1000
-2000051
1002
}
1002
{
1070
     3
1000
22908212
1002
}
  0
LINE
  5
5AC
330
70
100
AcDbEntity
  8
E-VIG-___-___-EXI
370
    25
100
AcDbLine
 10
29833.80375857537
 20
-12749.43253483107
 30
0.0
 11
29833.80375857537
 21
-12723.82362738501
 31
0.0
1001
REVIT
1002
{
1070
     1
1000
22914157
1002
}
1002
{
1070
     2
1000
-2000051
1002
}
1002
{
1070
     3
1000
22908212
1002
}
  0
LINE
  5
5AD
330
70
100
AcDbEntity
  8
E-VIG-___-___-EXI
370
    25
100
AcDbLine
 10
29833.80375857537
 20
-12723.82362738501
 30
0.0
 11
29803.92768070453
 21
-12698.21471993894
 31
0.0
1001
REVIT
1002
{
1070
     1
1000
22914157
1002
}
1002
{
1070
     2
1000
-2000051
1002
}
1002
{
1070
     3
1000
22908212
1002
}
  0
LINE
  5
5AE
330
70
100
AcDbEntity
  8
E-VIG-___-___-EXI
370
    25
100
AcDbLine
 10
29803.92768070453
 20
-12698.21471993894
 30
0.0
 11
29795.39136073251
 21
-12698.21471993894
 31
0.0
1001
REVIT
1002
{
1070
     1
1000
22914157
1002
}
1002
{
1070
     2
1000
-2000051
1002
}
1002
{
1070
     3
1000
22908212
1002
}
  0
LINE
  5
5AF
330
70
100
AcDbEntity
  8
E-VIG-___-___-EXI
370
    25
100
AcDbLine
 10
29795.39136073251
 20
-12399.44413306814
 30
0.0
 11
29812.46400067655
 21
-12399.44413306814
 31
0.0
1001
REVIT
1002
{
1070
     1
1000
22914152
1002
}
1002
{
1070
     2
1000
-2000051
1002
}
1002
{
1070
     3
1000
22908212
1002
}
  0
LINE
  5
5B0
330
70
100
AcDbEntity
  8
E-VIG-___-___-EXI
370
    25
100
AcDbLine
 10
29812.46400067655
 20
-12399.44413306814
 30
0.0
 11
29833.80375857537
 21
-12365.29892314005
 31
0.0
1001
REVIT
1002
{
1070
     1
1000
22914152
1002
}
1002
{
1070
     2
1000
-2000051
1002
}
1002
{
1070
     3
1000
22908212
1002
}
  0
LINE
  5
5B1
330
70
100
AcDbEntity
  8
E-VIG-___-___-EXI
370
    25
100
AcDbLine
 10
29833.80375857537
 20
-12365.29892314005
 30
0.0
 11
29833.80375857537
 21
-12343.958166935
 31
0.0
1001
REVIT
1002
{
1070
     1
1000
22914152
1002
}
1002
{
1070
     2
1000
-2000051
1002
}
1002
{
1070
     3
1000
22908212
1002
}
  0
LINE
  5
5B2
330
70
100
AcDbEntity
  8
E-VIG-___-___-EXI
370
    25
100
AcDbLine
 10
29833.80375857537
 20
-12343.958166935
 30
0.0
 11
29803.92768070453
 21
-12318.34925948893
 31
0.0
1001
REVIT
1002
{
1070
     1
1000
22914152
1002
}
1002
{
1070
     2
1000
-2000051
1002
}
1002
{
1070
     3
1000
22908212
1002
}
  0
LINE
  5
5B3
330
70
100
AcDbEntity
  8
E-VIG-___-___-EXI
370
    25
100
AcDbLine
 10
29803.92768070453
 20
-12318.34925948893
 30
0.0
 11
29795.39136073251
 21
-12314.08110824791
 31
0.0
1001
REVIT
1002
{
1070
     1
1000
22914152
1002
}
1002
{
1070
     2
1000
-2000051
1002
}
1002
{
1070
     3
1000
22908212
1002
}
  0
LINE
  5
5B4
330
70
100
AcDbEntity
  8
E-VIG-___-___-EXI
370
    25
100
AcDbLine
 10
29795.39136073251
 20
-12518.95236781646
 30
0.0
 11
29833.80375857537
 21
-12506.14791409343
 31
0.0
1001
REVIT
1002
{
1070
     1
1000
22914147
1002
}
1002
{
1070
     2
1000
-2000051
1002
}
1002
{
1070
     3
1000
22908212
1002
}
  0
LINE
  5
5B5
330
70
100
AcDbEntity
  8
E-VIG-___-___-EXI
370
    25
100
AcDbLine
 10
29833.80375857537
 20
-12506.14791409343
 30
0.0
 11
29893.55799837955
 21
-12531.7568215395
 31
0.0
1001
REVIT
1002
{
1070
     1
1000
22914147
1002
}
1002
{
1070
     2
1000
-2000051
1002
}
1002
{
1070
     3
1000
22908212
1002
}
  0
LINE
  5
5B6
330
70
100
AcDbEntity
  8
E-VIG-___-___-EXI
370
    25
100
AcDbLine
 10
29893.55799837955
 20
-12531.7568215395
 30
0.0
 11
29919.16695829562
 21
-12578.70648519062
 31
0.0
1001
REVIT
1002
{
1070
     1
1000
22914147
1002
}
1002
{
1070
     2
1000
-2000051
1002
}
1002
{
1070
     3
1000
22908212
1002
}
  0
LINE
  5
5B7
330
70
100
AcDbEntity
  8
E-VIG-___-___-EXI
370
    25
100
AcDbLine
 10
29919.16695829562
 20
-12578.70648519062
 30
0.0
 11
29897.82720039681
 21
-12634.19245132377
 31
0.0
1001
REVIT
1002
{
1070
     1
1000
22914147
1002
}
1002
{
1070
     2
1000
-2000051
1002
}
1002
{
1070
     3
1000
22908212
1002
}
  0
LINE
  5
5B8
330
70
100
AcDbEntity
  8
E-VIG-___-___-EXI
370
    25
100
AcDbLine
 10
29897.82720039681
 20
-12634.19245132377
 30
0.0
 11
29833.80375857537
 21
-12651.26505628781
 31
0.0
1001
REVIT
1002
{
1070
     1
1000
22914147
1002
}
1002
{
1070
     2
1000
-2000051
1002
}
1002
{
1070
     3
1000
22908212
1002
}
  0
LINE
  5
5B9
330
70
100
AcDbEntity
  8
E-VIG-___-___-EXI
370
    25
100
AcDbLine
 10
29833.80375857537
 20
-12651.26505628781
 30
0.0
 11
29795.39136073251
 21
-12642.72875380579
 31
0.0
1001
REVIT
1002
{
1070
     1
1000
22914147
1002
}
1002
{
1070
     2
1000
-2000051
1002
}
1002
{
1070
     3
1000
22908212
1002
}
  0
LINE
  5
5BA
330
70
100
AcDbEntity
  8
E-VIG-___-___-EXI
370
    25
100
AcDbLine
 10
29795.39136073251
 20
-12139.08690736645
 30
0.0
 11
29833.80375857537
 21
-12126.28245364341
 31
0.0
1001
REVIT
1002
{
1070
     1
1000
22914141
1002
}
1002
{
1070
     2
1000
-2000051
1002
}
1002
{
1070
     3
1000
22908212
1002
}
  0
LINE
  5
5BB
330
70
100
AcDbEntity
  8
E-VIG-___-___-EXI
370
    25
100
AcDbLine
 10
29833.80375857537
 20
-12126.28245364341
 30
0.0
 11
29893.55799837955
 21
-12147.62320984847
 31
0.0
1001
REVIT
1002
{
1070
     1
1000
22914141
1002
}
1002
{
1070
     2
1000
-2000051
1002
}
1002
{
1070
     3
1000
22908212
1002
}
  0
LINE
  5
5BC
330
70
100
AcDbEntity
  8
E-VIG-___-___-EXI
370
    25
100
AcDbLine
 10
29893.55799837955
 20
-12147.62320984847
 30
0.0
 11
29919.16695829562
 21
-12198.84102474061
 31
0.0
1001
REVIT
1002
{
1070
     1
1000
22914141
1002
}
1002
{
1070
     2
1000
-2000051
1002
}
1002
{
1070
     3
1000
22908212
1002
}
  0
LINE
  5
5BD
330
70
100
AcDbEntity
  8
E-VIG-___-___-EXI
370
    25
100
AcDbLine
 10
29919.16695829562
 20
-12198.84102474061
 30
0.0
 11
29897.82720039681
 21
-12250.05883963274
 31
0.0
1001
REVIT
1002
{
1070
     1
1000
22914141
1002
}
1002
{
1070
     2
1000
-2000051
1002
}
1002
{
1070
     3
1000
22908212
1002
}
  0
LINE
  5
5BE
330
70
100
AcDbEntity
  8
E-VIG-___-___-EXI
370
    25
100
AcDbLine
 10
29897.82720039681
 20
-12250.05883963274
 30
0.0
 11
29833.80375857537
 21
-12271.3995958378
 31
0.0
1001
REVIT
1002
{
1070
     1
1000
22914141
1002
}
1002
{
1070
     2
1000
-2000051
1002
}
1002
{
1070
     3
1000
22908212
1002
}
  0
LINE
  5
5BF
330
70
100
AcDbEntity
  8
E-VIG-___-___-EXI
370
    25
100
AcDbLine
 10
29833.80375857537
 20
-12271.3995958378
 30
0.0
 11
29795.39136073251
 21
-12258.59514211477
 31
0.0
1001
REVIT
1002
{
1070
     1
1000
22914141
1002
}
1002
{
1070
     2
1000
-2000051
1002
}
1002
{
1070
     3
1000
22908212
1002
}
  0
LINE
  5
5C0
330
70
100
AcDbEntity
  8
E-VIG-___-___-EXI
370
    25
100
AcDbLine
 10
29995.99383804385
 20
-11882.99783290577
 30
0.0
 11
29923.43616031288
 21
-11878.72968166476
 31
0.0
1001
REVIT
1002
{
1070
     1
1000
22914126
1002
}
1002
{
1070
     2
1000
-2000051
1002
}
1002
{
1070
     3
1000
22908212
1002
}
  0
LINE
  5
5C1
330
70
100
AcDbEntity
  8
E-VIG-___-___-EXI
370
    25
100
AcDbLine
 10
29923.43616031288
 20
-11878.72968166476
 30
0.0
 11
29838.07296059263
 21
-11959.82455524397
 31
0.0
1001
REVIT
1002
{
1070
     1
1000
22914126
1002
}
1002
{
1070
     2
1000
-2000051
1002
}
1002
{
1070
     3
1000
22908212
1002
}
  0
LINE
  5
5C2
330
70
100
AcDbEntity
  8
E-VIG-___-___-EXI
370
    25
100
AcDbLine
 10
29838.07296059263
 20
-11959.82455524397
 30
0.0
 11
29833.80375857537
 21
-12036.65127758217
 31
0.0
1001
REVIT
1002
{
1070
     1
1000
22914126
1002
}
1002
{
1070
     2
1000
-2000051
1002
}
1002
{
1070
     3
1000
22908212
1002
}
  0
LINE
  5
5C3
330
70
100
AcDbEntity
  8
E-VIG-___-___-EXI
370
    25
100
AcDbLine
 10
29833.80375857537
 20
-12036.65127758217
 30
0.0
 11
29863.68192050871
 21
-12109.20984867937
 31
0.0
1001
REVIT
1002
{
1070
     1
1000
22914126
1002
}
1002
{
1070
     2
1000
-2000051
1002
}
1002
{
1070
     3
1000
22908212
1002
}
  0
LINE
  5
5C4
330
70
100
AcDbEntity
  8
E-VIG-___-___-EXI
370
    25
100
AcDbLine
 10
29863.68192050871
 20
-12109.20984867937
 30
0.0
 11
29944.7759182117
 21
-12113.47799992038
 31
0.0
1001
REVIT
1002
{
1070
     1
1000
22914126
1002
}
1002
{
1070
     2
1000
-2000051
1002
}
1002
{
1070
     3
1000
22908212
1002
}
  0
LINE
  5
5C5
330
70
100
AcDbEntity
  8
E-VIG-___-___-EXI
370
    25
100
AcDbLine
 10
29944.7759182117
 20
-12113.47799992038
 30
0.0
 11
29995.99383804385
 21
-12075.06463875128
 31
0.0
1001
REVIT
1002
{
1070
     1
1000
22914126
1002
}
1002
{
1070
     2
1000
-2000051
1002
}
1002
{
1070
     3
1000
22908212
1002
}
  0
LINE
  5
5C6
330
70
100
AcDbEntity
  8
E-VIG-___-___-EXI
370
    25
100
AcDbLine
 10
29995.99383804385
 20
-12267.13144459679
 30
0.0
 11
29923.43616031288
 21
-12258.59514211477
 31
0.0
1001
REVIT
1002
{
1070
     1
1000
22914120
1002
}
1002
{
1070
     2
1000
-2000051
1002
}
1002
{
1070
     3
1000
22908212
1002
}
  0
LINE
  5
5C7
330
70
100
AcDbEntity
  8
E-VIG-___-___-EXI
370
    25
100
AcDbLine
 10
29923.43616031288
 20
-12258.59514211477
 30
0.0
 11
29838.07296059263
 21
-12339.69001569398
 31
0.0
1001
REVIT
1002
{
1070
     1
1000
22914120
1002
}
1002
{
1070
     2
1000
-2000051
1002
}
1002
{
1070
     3
1000
22908212
1002
}
  0
LINE
  5
5C8
330
70
100
AcDbEntity
  8
E-VIG-___-___-EXI
370
    25
100
AcDbLine
 10
29838.07296059263
 20
-12339.69001569398
 30
0.0
 11
29833.80375857537
 21
-12420.7848892732
 31
0.0
1001
REVIT
1002
{
1070
     1
1000
22914120
1002
}
1002
{
1070
     2
1000
-2000051
1002
}
1002
{
1070
     3
1000
22908212
1002
}
  0
LINE
  5
5C9
330
70
100
AcDbEntity
  8
E-VIG-___-___-EXI
370
    25
100
AcDbLine
 10
29833.80375857537
 20
-12420.7848892732
 30
0.0
 11
29863.68192050871
 21
-12493.34346037039
 31
0.0
1001
REVIT
1002
{
1070
     1
1000
22914120
1002
}
1002
{
1070
     2
1000
-2000051
1002
}
1002
{
1070
     3
1000
22908212
1002
}
  0
LINE
  5
5CA
330
70
100
AcDbEntity
  8
E-VIG-___-___-EXI
370
    25
100
AcDbLine
 10
29863.68192050871
 20
-12493.34346037039
 30
0.0
 11
29944.7759182117
 21
-12497.6116116114
 31
0.0
1001
REVIT
1002
{
1070
     1
1000
22914120
1002
}
1002
{
1070
     2
1000
-2000051
1002
}
1002
{
1070
     3
1000
22908212
1002
}
  0
LINE
  5
5CB
330
70
100
AcDbEntity
  8
E-VIG-___-___-EXI
370
    25
100
AcDbLine
 10
29944.7759182117
 20
-12497.6116116114
 30
0.0
 11
29995.99383804385
 21
-12454.93009920129
 31
0.0
1001
REVIT
1002
{
1070
     1
1000
22914120
1002
}
1002
{
1070
     2
1000
-2000051
1002
}
1002
{
1070
     3
1000
22908212
1002
}
  0
LINE
  5
5CC
330
70
100
AcDbEntity
  8
E-VIG-___-___-EXI
370
    25
100
AcDbLine
 10
29995.99383804385
 20
-12646.99690504681
 30
0.0
 11
29923.43616031288
 21
-12642.72875380579
 31
0.0
1001
REVIT
1002
{
1070
     1
1000
22914114
1002
}
1002
{
1070
     2
1000
-2000051
1002
}
1002
{
1070
     3
1000
22908212
1002
}
  0
LINE
  5
5CD
330
70
100
AcDbEntity
  8
E-VIG-___-___-EXI
370
    25
100
AcDbLine
 10
29923.43616031288
 20
-12642.72875380579
 30
0.0
 11
29838.07296059263
 21
-12719.55547614399
 31
0.0
1001
REVIT
1002
{
1070
     1
1000
22914114
1002
}
1002
{
1070
     2
1000
-2000051
1002
}
1002
{
1070
     3
1000
22908212
1002
}
  0
LINE
  5
5CE
330
70
100
AcDbEntity
  8
E-VIG-___-___-EXI
370
    25
100
AcDbLine
 10
29838.07296059263
 20
-12719.55547614399
 30
0.0
 11
29833.80375857537
 21
-12779.30959351816
 31
0.0
1001
REVIT
1002
{
1070
     1
1000
22914114
1002
}
1002
{
1070
     2
1000
-2000051
1002
}
1002
{
1070
     3
1000
22908212
1002
}
  0
LINE
  5
5CF
330
70
100
AcDbEntity
  8
E-VIG-___-___-EXI
370
    25
100
AcDbLine
 10
29995.99383804385
 20
-12241.52253715072
 30
0.0
 11
29987.45751807183
 21
-12245.79068839174
 31
0.0
1001
REVIT
1002
{
1070
     1
1000
22914109
1002
}
1002
{
1070
     2
1000
-2000051
1002
}
1002
{
1070
     3
1000
22908212
1002
}
  0
LINE
  5
5D0
330
70
100
AcDbEntity
  8
E-VIG-___-___-EXI
370
    25
100
AcDbLine
 10
29987.45751807183
 20
-12245.79068839174
 30
0.0
 11
29944.7759182117
 21
-12198.84102474061
 31
0.0
1001
REVIT
1002
{
1070
     1
1000
22914109
1002
}
1002
{
1070
     2
1000
-2000051
1002
}
1002
{
1070
     3
1000
22908212
1002
}
  0
LINE
  5
5D1
330
70
100
AcDbEntity
  8
E-VIG-___-___-EXI
370
    25
100
AcDbLine
 10
29944.7759182117
 20
-12198.84102474061
 30
0.0
 11
29953.31223818372
 21
-12168.96396605353
 31
0.0
1001
REVIT
1002
{
1070
     1
1000
22914109
1002
}
1002
{
1070
     2
1000
-2000051
1002
}
1002
{
1070
     3
1000
22908212
1002
}
  0
LINE
  5
5D2
330
70
100
AcDbEntity
  8
E-VIG-___-___-EXI
370
    25
100
AcDbLine
 10
29953.31223818372
 20
-12168.96396605353
 30
0.0
 11
29995.99383804385
 21
-12164.69581481252
 31
0.0
1001
REVIT
1002
{
1070
     1
1000
22914109
1002
}
1002
{
1070
     2
1000
-2000051
1002
}
1002
{
1070
     3
1000
22908212
1002
}
  0
LINE
  5
5D3
330
70
100
AcDbEntity
  8
E-VIG-___-___-EXI
370
    25
100
AcDbLine
 10
29995.99383804385
 20
-12625.65614884175
 30
0.0
 11
29987.45751807183
 21
-12625.65614884175
 31
0.0
1001
REVIT
1002
{
1070
     1
1000
22914105
1002
}
1002
{
1070
     2
1000
-2000051
1002
}
1002
{
1070
     3
1000
22908212
1002
}
  0
LINE
  5
5D4
330
70
100
AcDbEntity
  8
E-VIG-___-___-EXI
370
    25
100
AcDbLine
 10
29987.45751807183
 20
-12625.65614884175
 30
0.0
 11
29944.7759182117
 21
-12578.70648519062
 31
0.0
1001
REVIT
1002
{
1070
     1
1000
22914105
1002
}
1002
{
1070
     2
1000
-2000051
1002
}
1002
{
1070
     3
1000
22908212
1002
}
  0
LINE
  5
5D5
330
70
100
AcDbEntity
  8
E-VIG-___-___-EXI
370
    25
100
AcDbLine
 10
29944.7759182117
 20
-12578.70648519062
 30
0.0
 11
29953.31223818372
 21
-12548.82942650354
 31
0.0
1001
REVIT
1002
{
1070
     1
1000
22914105
1002
}
1002
{
1070
     2
1000
-2000051
1002
}
1002
{
1070
     3
1000
22908212
1002
}
  0
LINE
  5
5D6
330
70
100
AcDbEntity
  8
E-VIG-___-___-EXI
370
    25
100
AcDbLine
 10
29953.31223818372
 20
-12548.82942650354
 30
0.0
 11
29995.99383804385
 21
-12544.56127526253
 31
0.0
1001
REVIT
1002
{
1070
     1
1000
22914105
1002
}
1002
{
1070
     2
1000
-2000051
1002
}
1002
{
1070
     3
1000
22908212
1002
}
  0
LINE
  5
5D7
330
70
100
AcDbEntity
  8
E-VIG-___-___-EXI
370
    25
100
AcDbLine
 10
26564.39320928979
 20
-12740.89623234905
 30
0.0
 11
26598.53848917789
 21
-12762.23698855411
 31
0.0
1001
REVIT
1002
{
1070
     1
1000
22914101
1002
}
1002
{
1070
     2
1000
-2000051
1002
}
1002
{
1070
     3
1000
22908212
1002
}
  0
LINE
  5
5D8
330
70
100
AcDbEntity
  8
E-VIG-___-___-EXI
370
    25
100
AcDbLine
 10
26598.53848917789
 20
-12762.23698855411
 30
0.0
 11
26594.27137122313
 21
-12779.30959351816
 31
0.0
1001
REVIT
1002
{
1070
     1
1000
22914101
1002
}
1002
{
1070
     2
1000
-2000051
1002
}
1002
{
1070
     3
1000
22908212
1002
}
  0
LINE
  5
5D9
330
70
100
AcDbEntity
  8
E-VIG-___-___-EXI
370
    25
100
AcDbLine
 10
26564.39320928979
 20
-12356.76262065803
 30
0.0
 11
26598.53848917789
 21
-12382.3715281041
 31
0.0
1001
REVIT
1002
{
1070
     1
1000
22914099
1002
}
1002
{
1070
     2
1000
-2000051
1002
}
1002
{
1070
     3
1000
22908212
1002
}
  0
LINE
  5
5DA
330
70
100
AcDbEntity
  8
E-VIG-___-___-EXI
370
    25
100
AcDbLine
 10
26598.53848917789
 20
-12382.3715281041
 30
0.0
 11
26581.46584923384
 21
-12433.58934299623
 31
0.0
1001
REVIT
1002
{
1070
     1
1000
22914099
1002
}
1002
{
1070
     2
1000
-2000051
1002
}
1002
{
1070
     3
1000
22908212
1002
}
  0
LINE
  5
5DB
330
70
100
AcDbEntity
  8
E-VIG-___-___-EXI
370
    25
100
AcDbLine
 10
26581.46584923384
 20
-12433.58934299623
 30
0.0
 11
26564.39320928979
 21
-12446.39379671927
 31
0.0
1001
REVIT
1002
{
1070
     1
1000
22914099
1002
}
1002
{
1070
     2
1000
-2000051
1002
}
1002
{
1070
     3
1000
22908212
1002
}
  0
LINE
  5
5DC
330
70
100
AcDbEntity
  8
E-VIG-___-___-EXI
370
    25
100
AcDbLine
 10
26764.99777066362
 20
-12429.32119175522
 30
0.0
 11
26760.72856864636
 21
-12425.05304051421
 31
0.0
1001
REVIT
1002
{
1070
     1
1000
22914091
1002
}
1002
{
1070
     2
1000
-2000051
1002
}
1002
{
1070
     3
1000
22908212
1002
}
  0
LINE
  5
5DD
330
70
100
AcDbEntity
  8
E-VIG-___-___-EXI
370
    25
100
AcDbLine
 10
26760.72856864636
 20
-12425.05304051421
 30
0.0
 11
26764.99777066362
 21
-12420.7848892732
 31
0.0
1001
REVIT
1002
{
1070
     1
1000
22914091
1002
}
1002
{
1070
     2
1000
-2000051
1002
}
1002
{
1070
     3
1000
22908212
1002
}
  0
LINE
  5
5DE
330
70
100
AcDbEntity
  8
E-VIG-___-___-EXI
370
    25
100
AcDbLine
 10
26564.39320928979
 20
-12719.55547614399
 30
0.0
 11
26581.46584923384
 21
-12719.55547614399
 31
0.0
1001
REVIT
1002
{
1070
     1
1000
22914089
1002
}
1002
{
1070
     2
1000
-2000051
1002
}
1002
{
1070
     3
1000
22908212
1002
}
  0
LINE
  5
5DF
330
70
100
AcDbEntity
  8
E-VIG-___-___-EXI
370
    25
100
AcDbLine
 10
26581.46584923384
 20
-12719.55547614399
 30
0.0
 11
26602.80769119515
 21
-12685.41026621591
 31
0.0
1001
REVIT
1002
{
1070
     1
1000
22914089
1002
}
1002
{
1070
     2
1000
-2000051
1002
}
1002
{
1070
     3
1000
22908212
1002
}
  0
LINE
  5
5E0
330
70
100
AcDbEntity
  8
E-VIG-___-___-EXI
370
    25
100
AcDbLine
 10
26602.80769119515
 20
-12685.41026621591
 30
0.0
 11
26602.80769119515
 21
-12664.06951001085
 31
0.0
1001
REVIT
1002
{
1070
     1
1000
22914089
1002
}
1002
{
1070
     2
1000
-2000051
1002
}
1002
{
1070
     3
1000
22908212
1002
}
  0
LINE
  5
5E1
330
70
100
AcDbEntity
  8
E-VIG-___-___-EXI
370
    25
100
AcDbLine
 10
26602.80769119515
 20
-12664.06951001085
 30
0.0
 11
26572.92952926181
 21
-12638.46060256478
 31
0.0
1001
REVIT
1002
{
1070
     1
1000
22914089
1002
}
1002
{
1070
     2
1000
-2000051
1002
}
1002
{
1070
     3
1000
22908212
1002
}
  0
LINE
  5
5E2
330
70
100
AcDbEntity
  8
E-VIG-___-___-EXI
370
    25
100
AcDbLine
 10
26572.92952926181
 20
-12638.46060256478
 30
0.0
 11
26564.39320928979
 21
-12638.46060256478
 31
0.0
1001
REVIT
1002
{
1070
     1
1000
22914089
1002
}
1002
{
1070
     2
1000
-2000051
1002
}
1002
{
1070
     3
1000
22908212
1002
}
  0
LINE
  5
5E3
330
70
100
AcDbEntity
  8
E-VIG-___-___-EXI
370
    25
100
AcDbLine
 10
26564.39320928979
 20
-12339.69001569398
 30
0.0
 11
26581.46584923384
 21
-12339.69001569398
 31
0.0
1001
REVIT
1002
{
1070
     1
1000
22914084
1002
}
1002
{
1070
     2
1000
-2000051
1002
}
1002
{
1070
     3
1000
22908212
1002
}
  0
LINE
  5
5E4
330
70
100
AcDbEntity
  8
E-VIG-___-___-EXI
370
    25
100
AcDbLine
 10
26581.46584923384
 20
-12339.69001569398
 30
0.0
 11
26602.80769119515
 21
-12305.54480576589
 31
0.0
1001
REVIT
1002
{
1070
     1
1000
22914084
1002
}
1002
{
1070
     2
1000
-2000051
1002
}
1002
{
1070
     3
1000
22908212
1002
}
  0
LINE
  5
5E5
330
70
100
AcDbEntity
  8
E-VIG-___-___-EXI
370
    25
100
AcDbLine
 10
26602.80769119515
 20
-12305.54480576589
 30
0.0
 11
26602.80769119515
 21
-12284.20404956084
 31
0.0
1001
REVIT
1002
{
1070
     1
1000
22914084
1002
}
1002
{
1070
     2
1000
-2000051
1002
}
1002
{
1070
     3
1000
22908212
1002
}
  0
LINE
  5
5E6
330
70
100
AcDbEntity
  8
E-VIG-___-___-EXI
370
    25
100
AcDbLine
 10
26602.80769119515
 20
-12284.20404956084
 30
0.0
 11
26572.92952926181
 21
-12258.59514211477
 31
0.0
1001
REVIT
1002
{
1070
     1
1000
22914084
1002
}
1002
{
1070
     2
1000
-2000051
1002
}
1002
{
1070
     3
1000
22908212
1002
}
  0
LINE
  5
5E7
330
70
100
AcDbEntity
  8
E-VIG-___-___-EXI
370
    25
100
AcDbLine
 10
26572.92952926181
 20
-12258.59514211477
 30
0.0
 11
26564.39320928979
 21
-12254.32699087376
 31
0.0
1001
REVIT
1002
{
1070
     1
1000
22914084
1002
}
1002
{
1070
     2
1000
-2000051
1002
}
1002
{
1070
     3
1000
22908212
1002
}
  0
LINE
  5
5E8
330
70
100
AcDbEntity
  8
E-VIG-___-___-EXI
370
    25
100
AcDbLine
 10
26564.39320928979
 20
-12459.1982504423
 30
0.0
 11
26602.80769119515
 21
-12446.39379671927
 31
0.0
1001
REVIT
1002
{
1070
     1
1000
22914074
1002
}
1002
{
1070
     2
1000
-2000051
1002
}
1002
{
1070
     3
1000
22908212
1002
}
  0
LINE
  5
5E9
330
70
100
AcDbEntity
  8
E-VIG-___-___-EXI
370
    25
100
AcDbLine
 10
26602.80769119515
 20
-12446.39379671927
 30
0.0
 11
26662.56193099933
 21
-12472.00270416534
 31
0.0
1001
REVIT
1002
{
1070
     1
1000
22914074
1002
}
1002
{
1070
     2
1000
-2000051
1002
}
1002
{
1070
     3
1000
22908212
1002
}
  0
LINE
  5
5EA
330
70
100
AcDbEntity
  8
E-VIG-___-___-EXI
370
    25
100
AcDbLine
 10
26662.56193099933
 20
-12472.00270416534
 30
0.0
 11
26688.1708909154
 21
-12518.95236781646
 31
0.0
1001
REVIT
1002
{
1070
     1
1000
22914074
1002
}
1002
{
1070
     2
1000
-2000051
1002
}
1002
{
1070
     3
1000
22908212
1002
}
  0
LINE
  5
5EB
330
70
100
AcDbEntity
  8
E-VIG-___-___-EXI
370
    25
100
AcDbLine
 10
26688.1708909154
 20
-12518.95236781646
 30
0.0
 11
26666.82904895409
 21
-12574.43833394961
 31
0.0
1001
REVIT
1002
{
1070
     1
1000
22914074
1002
}
1002
{
1070
     2
1000
-2000051
1002
}
1002
{
1070
     3
1000
22908212
1002
}
  0
LINE
  5
5EC
330
70
100
AcDbEntity
  8
E-VIG-___-___-EXI
370
    25
100
AcDbLine
 10
26666.82904895409
 20
-12574.43833394961
 30
0.0
 11
26602.80769119515
 21
-12591.51093891365
 31
0.0
1001
REVIT
1002
{
1070
     1
1000
22914074
1002
}
1002
{
1070
     2
1000
-2000051
1002
}
1002
{
1070
     3
1000
22908212
1002
}
  0
LINE
  5
5ED
330
70
100
AcDbEntity
  8
E-VIG-___-___-EXI
370
    25
100
AcDbLine
 10
26602.80769119515
 20
-12591.51093891365
 30
0.0
 11
26564.39320928979
 21
-12582.97463643163
 31
0.0
1001
REVIT
1002
{
1070
     1
1000
22914074
1002
}
1002
{
1070
     2
1000
-2000051
1002
}
1002
{
1070
     3
1000
22908212
1002
}
  0
LINE
  5
5EE
330
70
100
AcDbEntity
  8
E-VIG-___-___-EXI
370
    25
100
AcDbLine
 10
26666.49864932014
 20
-12190.41485703681
 30
0.0
 11
26602.80769119515
 21
-12211.64547846364
 31
0.0
1001
REVIT
1002
{
1070
     1
1000
22914068
1002
}
1002
{
1070
     2
1000
-2000051
1002
}
1002
{
1070
     3
1000
22908212
1002
}
  0
LINE
  5
5EF
330
70
100
AcDbEntity
  8
E-VIG-___-___-EXI
370
    25
100
AcDbLine
 10
26602.80769119515
 20
-12211.64547846364
 30
0.0
 11
26564.39320928979
 21
-12198.84102474061
 31
0.0
1001
REVIT
1002
{
1070
     1
1000
22914068
1002
}
1002
{
1070
     2
1000
-2000051
1002
}
1002
{
1070
     3
1000
22908212
1002
}
  0
LINE
  5
5F0
330
70
100
AcDbEntity
  8
E-VIG-___-___-EXI
370
    25
100
AcDbLine
 10
26564.39320928979
 20
-12079.33278999229
 30
0.0
 11
26602.80769119515
 21
-12066.52833626926
 31
0.0
1001
REVIT
1002
{
1070
     1
1000
22914066
1002
}
1002
{
1070
     2
1000
-2000051
1002
}
1002
{
1070
     3
1000
22908212
1002
}
  0
LINE
  5
5F1
330
70
100
AcDbEntity
  8
E-VIG-___-___-EXI
370
    25
100
AcDbLine
 10
26602.80769119515
 20
-12066.52833626926
 30
0.0
 11
26662.56193099933
 21
-12087.86909247431
 31
0.0
1001
REVIT
1002
{
1070
     1
1000
22914066
1002
}
1002
{
1070
     2
1000
-2000051
1002
}
1002
{
1070
     3
1000
22908212
1002
}
  0
LINE
  5
5F2
330
70
100
AcDbEntity
  8
E-VIG-___-___-EXI
370
    25
100
AcDbLine
 10
26662.56193099933
 20
-12087.86909247431
 30
0.0
 11
26688.1708909154
 21
-12139.08690736645
 31
0.0
1001
REVIT
1002
{
1070
     1
1000
22914066
1002
}
1002
{
1070
     2
1000
-2000051
1002
}
1002
{
1070
     3
1000
22908212
1002
}
  0
LINE
  5
5F3
330
70
100
AcDbEntity
  8
E-VIG-___-___-EXI
370
    25
100
AcDbLine
 10
26688.1708909154
 20
-12139.08690736645
 30
0.0
 11
26666.82904895409
 21
-12190.30472225859
 31
0.0
1001
REVIT
1002
{
1070
     1
1000
22914066
1002
}
1002
{
1070
     2
1000
-2000051
1002
}
1002
{
1070
     3
1000
22908212
1002
}
  0
LINE
  5
5F4
330
70
100
AcDbEntity
  8
E-VIG-___-___-EXI
370
    25
100
AcDbLine
 10
26764.99777066362
 20
-12203.10917598162
 30
0.0
 11
26692.43800887017
 21
-12198.84102474061
 31
0.0
1001
REVIT
1002
{
1070
     1
1000
22914053
1002
}
1002
{
1070
     2
1000
-2000051
1002
}
1002
{
1070
     3
1000
22908212
1002
}
  0
LINE
  5
5F5
330
70
100
AcDbEntity
  8
E-VIG-___-___-EXI
370
    25
100
AcDbLine
 10
26692.43800887017
 20
-12198.84102474061
 30
0.0
 11
26607.07480914992
 21
-12279.93589831982
 31
0.0
1001
REVIT
1002
{
1070
     1
1000
22914053
1002
}
1002
{
1070
     2
1000
-2000051
1002
}
1002
{
1070
     3
1000
22908212
1002
}
  0
LINE
  5
5F6
330
70
100
AcDbEntity
  8
E-VIG-___-___-EXI
370
    25
100
AcDbLine
 10
26607.07480914992
 20
-12279.93589831982
 30
0.0
 11
26602.80769119515
 21
-12361.03077189904
 31
0.0
1001
REVIT
1002
{
1070
     1
1000
22914053
1002
}
1002
{
1070
     2
1000
-2000051
1002
}
1002
{
1070
     3
1000
22908212
1002
}
  0
LINE
  5
5F7
330
70
100
AcDbEntity
  8
E-VIG-___-___-EXI
370
    25
100
AcDbLine
 10
26602.80769119515
 20
-12361.03077189904
 30
0.0
 11
26632.68376906599
 21
-12433.58934299623
 31
0.0
1001
REVIT
1002
{
1070
     1
1000
22914053
1002
}
1002
{
1070
     2
1000
-2000051
1002
}
1002
{
1070
     3
1000
22908212
1002
}
  0
LINE
  5
5F8
330
70
100
AcDbEntity
  8
E-VIG-___-___-EXI
370
    25
100
AcDbLine
 10
26632.68376906599
 20
-12433.58934299623
 30
0.0
 11
26713.77985083148
 21
-12433.58934299623
 31
0.0
1001
REVIT
1002
{
1070
     1
1000
22914053
1002
}
1002
{
1070
     2
1000
-2000051
1002
}
1002
{
1070
     3
1000
22908212
1002
}
  0
LINE
  5
5F9
330
70
100
AcDbEntity
  8
E-VIG-___-___-EXI
370
    25
100
AcDbLine
 10
26713.77985083148
 20
-12433.58934299623
 30
0.0
 11
26764.99777066362
 21
-12395.17598182713
 31
0.0
1001
REVIT
1002
{
1070
     1
1000
22914053
1002
}
1002
{
1070
     2
1000
-2000051
1002
}
1002
{
1070
     3
1000
22908212
1002
}
  0
LINE
  5
5FA
330
70
100
AcDbEntity
  8
E-VIG-___-___-EXI
370
    25
100
AcDbLine
 10
26764.99777066362
 20
-12587.24278767265
 30
0.0
 11
26692.43800887017
 21
-12578.70648519062
 31
0.0
1001
REVIT
1002
{
1070
     1
1000
22914047
1002
}
1002
{
1070
     2
1000
-2000051
1002
}
1002
{
1070
     3
1000
22908212
1002
}
  0
LINE
  5
5FB
330
70
100
AcDbEntity
  8
E-VIG-___-___-EXI
370
    25
100
AcDbLine
 10
26692.43800887017
 20
-12578.70648519062
 30
0.0
 11
26607.07480914992
 21
-12659.80135876984
 31
0.0
1001
REVIT
1002
{
1070
     1
1000
22914047
1002
}
1002
{
1070
     2
1000
-2000051
1002
}
1002
{
1070
     3
1000
22908212
1002
}
  0
LINE
  5
5FC
330
70
100
AcDbEntity
  8
E-VIG-___-___-EXI
370
    25
100
AcDbLine
 10
26607.07480914992
 20
-12659.80135876984
 30
0.0
 11
26602.80769119515
 21
-12740.89623234905
 31
0.0
1001
REVIT
1002
{
1070
     1
1000
22914047
1002
}
1002
{
1070
     2
1000
-2000051
1002
}
1002
{
1070
     3
1000
22908212
1002
}
  0
LINE
  5
5FD
330
70
100
AcDbEntity
  8
E-VIG-___-___-EXI
370
    25
100
AcDbLine
 10
26602.80769119515
 20
-12740.89623234905
 30
0.0
 11
26619.8803311392
 21
-12779.30959351816
 31
0.0
1001
REVIT
1002
{
1070
     1
1000
22914047
1002
}
1002
{
1070
     2
1000
-2000051
1002
}
1002
{
1070
     3
1000
22908212
1002
}
  0
LINE
  5
5FE
330
70
100
AcDbEntity
  8
E-VIG-___-___-EXI
370
    25
100
AcDbLine
 10
26764.99777066362
 20
-12181.76841977656
 30
0.0
 11
26756.4614506916
 21
-12186.03657101757
 31
0.0
1001
REVIT
1002
{
1070
     1
1000
22914040
1002
}
1002
{
1070
     2
1000
-2000051
1002
}
1002
{
1070
     3
1000
22908212
1002
}
  0
LINE
  5
5FF
330
70
100
AcDbEntity
  8
E-VIG-___-___-EXI
370
    25
100
AcDbLine
 10
26756.4614506916
 20
-12186.03657101757
 30
0.0
 11
26713.77985083148
 21
-12139.08690736645
 31
0.0
1001
REVIT
1002
{
1070
     1
1000
22914040
1002
}
1002
{
1070
     2
1000
-2000051
1002
}
1002
{
1070
     3
1000
22908212
1002
}
  0
LINE
  5
600
330
70
100
AcDbEntity
  8
E-VIG-___-___-EXI
370
    25
100
AcDbLine
 10
26713.77985083148
 20
-12139.08690736645
 30
0.0
 11
26722.3161708035
 21
-12109.20984867937
 31
0.0
1001
REVIT
1002
{
1070
     1
1000
22914040
1002
}
1002
{
1070
     2
1000
-2000051
1002
}
1002
{
1070
     3
1000
22908212
1002
}
  0
LINE
  5
601
330
70
100
AcDbEntity
  8
E-VIG-___-___-EXI
370
    25
100
AcDbLine
 10
26722.3161708035
 20
-12109.20984867937
 30
0.0
 11
26764.99777066362
 21
-12104.94169743836
 31
0.0
1001
REVIT
1002
{
1070
     1
1000
22914040
1002
}
1002
{
1070
     2
1000
-2000051
1002
}
1002
{
1070
     3
1000
22908212
1002
}
  0
LINE
  5
602
330
70
100
AcDbEntity
  8
E-VIG-___-___-EXI
370
    25
100
AcDbLine
 10
26764.99777066362
 20
-12565.90203146759
 30
0.0
 11
26756.4614506916
 21
-12565.90203146759
 31
0.0
1001
REVIT
1002
{
1070
     1
1000
22914036
1002
}
1002
{
1070
     2
1000
-2000051
1002
}
1002
{
1070
     3
1000
22908212
1002
}
  0
LINE
  5
603
330
70
100
AcDbEntity
  8
E-VIG-___-___-EXI
370
    25
100
AcDbLine
 10
26756.4614506916
 20
-12565.90203146759
 30
0.0
 11
26713.77985083148
 21
-12518.95236781646
 31
0.0
1001
REVIT
1002
{
1070
     1
1000
22914036
1002
}
1002
{
1070
     2
1000
-2000051
1002
}
1002
{
1070
     3
1000
22908212
1002
}
  0
LINE
  5
604
330
70
100
AcDbEntity
  8
E-VIG-___-___-EXI
370
    25
100
AcDbLine
 10
26713.77985083148
 20
-12518.95236781646
 30
0.0
 11
26722.3161708035
 21
-12489.07530912938
 31
0.0
1001
REVIT
1002
{
1070
     1
1000
22914036
1002
}
1002
{
1070
     2
1000
-2000051
1002
}
1002
{
1070
     3
1000
22908212
1002
}
  0
LINE
  5
605
330
70
100
AcDbEntity
  8
E-VIG-___-___-EXI
370
    25
100
AcDbLine
 10
26722.3161708035
 20
-12489.07530912938
 30
0.0
 11
26764.99777066362
 21
-12484.80715788837
 31
0.0
1001
REVIT
1002
{
1070
     1
1000
22914036
1002
}
1002
{
1070
     2
1000
-2000051
1002
}
1002
{
1070
     3
1000
22908212
1002
}
  0
LINE
  5
606
330
70
100
AcDbEntity
  8
E-VIG-___-___-EXI
370
    25
100
AcDbLine
 10
23495.58670036242
 20
-12728.09177862602
 30
0.0
 11
23529.73198025051
 21
-12728.09177862602
 31
0.0
1001
REVIT
1002
{
1070
     1
1000
22914032
1002
}
1002
{
1070
     2
1000
-2000051
1002
}
1002
{
1070
     3
1000
22908212
1002
}
  0
LINE
  5
607
330
70
100
AcDbEntity
  8
E-VIG-___-___-EXI
370
    25
100
AcDbLine
 10
23529.73198025051
 20
-12728.09177862602
 30
0.0
 11
23576.68174009666
 21
-12762.23698855411
 31
0.0
1001
REVIT
1002
{
1070
     1
1000
22914032
1002
}
1002
{
1070
     2
1000
-2000051
1002
}
1002
{
1070
     3
1000
22908212
1002
}
  0
LINE
  5
608
330
70
100
AcDbEntity
  8
E-VIG-___-___-EXI
370
    25
100
AcDbLine
 10
23576.68174009666
 20
-12762.23698855411
 30
0.0
 11
23572.41358011064
 21
-12779.30959351816
 31
0.0
1001
REVIT
1002
{
1070
     1
1000
22914032
1002
}
1002
{
1070
     2
1000
-2000051
1002
}
1002
{
1070
     3
1000
22908212
1002
}
  0
LINE
  5
609
330
70
100
AcDbEntity
  8
E-VIG-___-___-EXI
370
    25
100
AcDbLine
 10
23495.58670036242
 20
-12348.22631817601
 30
0.0
 11
23529.73198025051
 21
-12348.22631817601
 31
0.0
1001
REVIT
1002
{
1070
     1
1000
22914029
1002
}
1002
{
1070
     2
1000
-2000051
1002
}
1002
{
1070
     3
1000
22908212
1002
}
  0
LINE
  5
60A
330
70
100
AcDbEntity
  8
E-VIG-___-___-EXI
370
    25
100
AcDbLine
 10
23529.73198025051
 20
-12348.22631817601
 30
0.0
 11
23576.68174009666
 21
-12382.3715281041
 31
0.0
1001
REVIT
1002
{
1070
     1
1000
22914029
1002
}
1002
{
1070
     2
1000
-2000051
1002
}
1002
{
1070
     3
1000
22908212
1002
}
  0
LINE
  5
60B
330
70
100
AcDbEntity
  8
E-VIG-___-___-EXI
370
    25
100
AcDbLine
 10
23576.68174009666
 20
-12382.3715281041
 30
0.0
 11
23563.87726013862
 21
-12433.58934299623
 31
0.0
1001
REVIT
1002
{
1070
     1
1000
22914029
1002
}
1002
{
1070
     2
1000
-2000051
1002
}
1002
{
1070
     3
1000
22908212
1002
}
  0
LINE
  5
60C
330
70
100
AcDbEntity
  8
E-VIG-___-___-EXI
370
    25
100
AcDbLine
 10
23563.87726013862
 20
-12433.58934299623
 30
0.0
 11
23495.58670036242
 21
-12472.00270416534
 31
0.0
1001
REVIT
1002
{
1070
     1
1000
22914029
1002
}
1002
{
1070
     2
1000
-2000051
1002
}
1002
{
1070
     3
1000
22908212
1002
}
  0
LINE
  5
60D
330
70
100
AcDbEntity
  8
E-VIG-___-___-EXI
370
    25
100
AcDbLine
 10
23495.58670036242
 20
-12715.28732490299
 30
0.0
 11
23563.87726013862
 21
-12719.55547614399
 31
0.0
1001
REVIT
1002
{
1070
     1
1000
22914018
1002
}
1002
{
1070
     2
1000
-2000051
1002
}
1002
{
1070
     3
1000
22908212
1002
}
  0
LINE
  5
60E
330
70
100
AcDbEntity
  8
E-VIG-___-___-EXI
370
    25
100
AcDbLine
 10
23563.87726013862
 20
-12719.55547614399
 30
0.0
 11
23580.94990008267
 21
-12685.41026621591
 31
0.0
1001
REVIT
1002
{
1070
     1
1000
22914018
1002
}
1002
{
1070
     2
1000
-2000051
1002
}
1002
{
1070
     3
1000
22908212
1002
}
  0
LINE
  5
60F
330
70
100
AcDbEntity
  8
E-VIG-___-___-EXI
370
    25
100
AcDbLine
 10
23580.94990008267
 20
-12685.41026621591
 30
0.0
 11
23580.94990008267
 21
-12664.06951001085
 31
0.0
1001
REVIT
1002
{
1070
     1
1000
22914018
1002
}
1002
{
1070
     2
1000
-2000051
1002
}
1002
{
1070
     3
1000
22908212
1002
}
  0
LINE
  5
610
330
70
100
AcDbEntity
  8
E-VIG-___-___-EXI
370
    25
100
AcDbLine
 10
23580.94990008267
 20
-12664.06951001085
 30
0.0
 11
23551.07278018058
 21
-12638.46060256478
 31
0.0
1001
REVIT
1002
{
1070
     1
1000
22914018
1002
}
1002
{
1070
     2
1000
-2000051
1002
}
1002
{
1070
     3
1000
22908212
1002
}
  0
LINE
  5
611
330
70
100
AcDbEntity
  8
E-VIG-___-___-EXI
370
    25
100
AcDbLine
 10
23551.07278018058
 20
-12638.46060256478
 30
0.0
 11
23495.58670036242
 21
-12629.92430008276
 31
0.0
1001
REVIT
1002
{
1070
     1
1000
22914018
1002
}
1002
{
1070
     2
1000
-2000051
1002
}
1002
{
1070
     3
1000
22908212
1002
}
  0
LINE
  5
612
330
70
100
AcDbEntity
  8
E-VIG-___-___-EXI
370
    25
100
AcDbLine
 10
23644.97229987285
 20
-12574.43833394961
 30
0.0
 11
23580.94990008267
 21
-12591.51093891365
 31
0.0
1001
REVIT
1002
{
1070
     1
1000
22914003
1002
}
1002
{
1070
     2
1000
-2000051
1002
}
1002
{
1070
     3
1000
22908212
1002
}
  0
LINE
  5
613
330
70
100
AcDbEntity
  8
E-VIG-___-___-EXI
370
    25
100
AcDbLine
 10
23580.94990008267
 20
-12591.51093891365
 30
0.0
 11
23516.92750029248
 21
-12574.43833394961
 31
0.0
1001
REVIT
1002
{
1070
     1
1000
22914003
1002
}
1002
{
1070
     2
1000
-2000051
1002
}
1002
{
1070
     3
1000
22908212
1002
}
  0
LINE
  5
614
330
70
100
AcDbEntity
  8
E-VIG-___-___-EXI
370
    25
100
AcDbLine
 10
23516.92750029248
 20
-12574.43833394961
 30
0.0
 11
23495.58670036242
 21
-12518.95236781646
 31
0.0
1001
REVIT
1002
{
1070
     1
1000
22914003
1002
}
1002
{
1070
     2
1000
-2000051
1002
}
1002
{
1070
     3
1000
22908212
1002
}
  0
LINE
  5
615
330
70
100
AcDbEntity
  8
E-VIG-___-___-EXI
370
    25
100
AcDbLine
 10
23495.58670036242
 20
-12518.95236781646
 30
0.0
 11
23521.19566027849
 21
-12467.73455292433
 31
0.0
1001
REVIT
1002
{
1070
     1
1000
22914003
1002
}
1002
{
1070
     2
1000
-2000051
1002
}
1002
{
1070
     3
1000
22908212
1002
}
  0
LINE
  5
616
330
70
100
AcDbEntity
  8
E-VIG-___-___-EXI
370
    25
100
AcDbLine
 10
23521.19566027849
 20
-12467.73455292433
 30
0.0
 11
23580.94990008267
 21
-12446.39379671927
 31
0.0
1001
REVIT
1002
{
1070
     1
1000
22914003
1002
}
1002
{
1070
     2
1000
-2000051
1002
}
1002
{
1070
     3
1000
22908212
1002
}
  0
LINE
  5
617
330
70
100
AcDbEntity
  8
E-VIG-___-___-EXI
370
    25
100
AcDbLine
 10
23580.94990008267
 20
-12446.39379671927
 30
0.0
 11
23640.70413988685
 21
-12472.00270416534
 31
0.0
1001
REVIT
1002
{
1070
     1
1000
22914003
1002
}
1002
{
1070
     2
1000
-2000051
1002
}
1002
{
1070
     3
1000
22908212
1002
}
  0
LINE
  5
618
330
70
100
AcDbEntity
  8
E-VIG-___-___-EXI
370
    25
100
AcDbLine
 10
23640.70413988685
 20
-12472.00270416534
 30
0.0
 11
23666.31309980292
 21
-12518.95236781646
 31
0.0
1001
REVIT
1002
{
1070
     1
1000
22914003
1002
}
1002
{
1070
     2
1000
-2000051
1002
}
1002
{
1070
     3
1000
22908212
1002
}
  0
LINE
  5
619
330
70
100
AcDbEntity
  8
E-VIG-___-___-EXI
370
    25
100
AcDbLine
 10
23666.31309980292
 20
-12518.95236781646
 30
0.0
 11
23644.97229987285
 21
-12574.43833394961
 31
0.0
1001
REVIT
1002
{
1070
     1
1000
22914003
1002
}
1002
{
1070
     2
1000
-2000051
1002
}
1002
{
1070
     3
1000
22908212
1002
}
  0
LINE
  5
61A
330
70
100
AcDbEntity
  8
E-VIG-___-___-EXI
370
    25
100
AcDbLine
 10
23743.13997955114
 20
-12203.10917598162
 30
0.0
 11
23674.84941977495
 21
-12198.84102474061
 31
0.0
1001
REVIT
1002
{
1070
     1
1000
22913977
1002
}
1002
{
1070
     2
1000
-2000051
1002
}
1002
{
1070
     3
1000
22908212
1002
}
  0
LINE
  5
61B
330
70
100
AcDbEntity
  8
E-VIG-___-___-EXI
370
    25
100
AcDbLine
 10
23674.84941977495
 20
-12198.84102474061
 30
0.0
 11
23585.21806006868
 21
-12279.93589831982
 31
0.0
1001
REVIT
1002
{
1070
     1
1000
22913977
1002
}
1002
{
1070
     2
1000
-2000051
1002
}
1002
{
1070
     3
1000
22908212
1002
}
  0
LINE
  5
61C
330
70
100
AcDbEntity
  8
E-VIG-___-___-EXI
370
    25
100
AcDbLine
 10
23585.21806006868
 20
-12279.93589831982
 30
0.0
 11
23580.94990008267
 21
-12361.03077189904
 31
0.0
1001
REVIT
1002
{
1070
     1
1000
22913977
1002
}
1002
{
1070
     2
1000
-2000051
1002
}
1002
{
1070
     3
1000
22908212
1002
}
  0
LINE
  5
61D
330
70
100
AcDbEntity
  8
E-VIG-___-___-EXI
370
    25
100
AcDbLine
 10
23580.94990008267
 20
-12361.03077189904
 30
0.0
 11
23610.82701998476
 21
-12433.58934299623
 31
0.0
1001
REVIT
1002
{
1070
     1
1000
22913977
1002
}
1002
{
1070
     2
1000
-2000051
1002
}
1002
{
1070
     3
1000
22908212
1002
}
  0
LINE
  5
61E
330
70
100
AcDbEntity
  8
E-VIG-___-___-EXI
370
    25
100
AcDbLine
 10
23610.82701998476
 20
-12433.58934299623
 30
0.0
 11
23691.92205971899
 21
-12433.58934299623
 31
0.0
1001
REVIT
1002
{
1070
     1
1000
22913977
1002
}
1002
{
1070
     2
1000
-2000051
1002
}
1002
{
1070
     3
1000
22908212
1002
}
  0
LINE
  5
61F
330
70
100
AcDbEntity
  8
E-VIG-___-___-EXI
370
    25
100
AcDbLine
 10
23691.92205971899
 20
-12433.58934299623
 30
0.0
 11
23743.13997955114
 21
-12395.17598182713
 31
0.0
1001
REVIT
1002
{
1070
     1
1000
22913977
1002
}
1002
{
1070
     2
1000
-2000051
1002
}
1002
{
1070
     3
1000
22908212
1002
}
  0
LINE
  5
620
330
70
100
AcDbEntity
  8
E-VIG-___-___-EXI
370
    25
100
AcDbLine
 10
23743.13997955114
 20
-12587.24278767265
 30
0.0
 11
23674.84941977495
 21
-12578.70648519062
 31
0.0
1001
REVIT
1002
{
1070
     1
1000
22913971
1002
}
1002
{
1070
     2
1000
-2000051
1002
}
1002
{
1070
     3
1000
22908212
1002
}
  0
LINE
  5
621
330
70
100
AcDbEntity
  8
E-VIG-___-___-EXI
370
    25
100
AcDbLine
 10
23674.84941977495
 20
-12578.70648519062
 30
0.0
 11
23585.21806006868
 21
-12659.80135876984
 31
0.0
1001
REVIT
1002
{
1070
     1
1000
22913971
1002
}
1002
{
1070
     2
1000
-2000051
1002
}
1002
{
1070
     3
1000
22908212
1002
}
  0
LINE
  5
622
330
70
100
AcDbEntity
  8
E-VIG-___-___-EXI
370
    25
100
AcDbLine
 10
23585.21806006868
 20
-12659.80135876984
 30
0.0
 11
23580.94990008267
 21
-12740.89623234905
 31
0.0
1001
REVIT
1002
{
1070
     1
1000
22913971
1002
}
1002
{
1070
     2
1000
-2000051
1002
}
1002
{
1070
     3
1000
22908212
1002
}
  0
LINE
  5
623
330
70
100
AcDbEntity
  8
E-VIG-___-___-EXI
370
    25
100
AcDbLine
 10
23580.94990008267
 20
-12740.89623234905
 30
0.0
 11
23598.02254002672
 21
-12779.30959351816
 31
0.0
1001
REVIT
1002
{
1070
     1
1000
22913971
1002
}
1002
{
1070
     2
1000
-2000051
1002
}
1002
{
1070
     3
1000
22908212
1002
}
  0
LINE
  5
624
330
70
100
AcDbEntity
  8
E-VIG-___-___-EXI
370
    25
100
AcDbLine
 10
23743.13997955114
 20
-12565.90203146759
 30
0.0
 11
23734.60365957912
 21
-12565.90203146759
 31
0.0
1001
REVIT
1002
{
1070
     1
1000
22913960
1002
}
1002
{
1070
     2
1000
-2000051
1002
}
1002
{
1070
     3
1000
22908212
1002
}
  0
LINE
  5
625
330
70
100
AcDbEntity
  8
E-VIG-___-___-EXI
370
    25
100
AcDbLine
 10
23734.60365957912
 20
-12565.90203146759
 30
0.0
 11
23691.92205971899
 21
-12518.95236781646
 31
0.0
1001
REVIT
1002
{
1070
     1
1000
22913960
1002
}
1002
{
1070
     2
1000
-2000051
1002
}
1002
{
1070
     3
1000
22908212
1002
}
  0
LINE
  5
626
330
70
100
AcDbEntity
  8
E-VIG-___-___-EXI
370
    25
100
AcDbLine
 10
23691.92205971899
 20
-12518.95236781646
 30
0.0
 11
23704.72653967703
 21
-12489.07530912938
 31
0.0
1001
REVIT
1002
{
1070
     1
1000
22913960
1002
}
1002
{
1070
     2
1000
-2000051
1002
}
1002
{
1070
     3
1000
22908212
1002
}
  0
LINE
  5
627
330
70
100
AcDbEntity
  8
E-VIG-___-___-EXI
370
    25
100
AcDbLine
 10
23704.72653967703
 20
-12489.07530912938
 30
0.0
 11
23743.13997955114
 21
-12484.80715788837
 31
0.0
1001
REVIT
1002
{
1070
     1
1000
22913960
1002
}
1002
{
1070
     2
1000
-2000051
1002
}
1002
{
1070
     3
1000
22908212
1002
}
  0
LINE
  5
628
330
70
100
AcDbEntity
  8
A-ALV-___-___-EXI
370
    25
100
AcDbLine
 10
26564.39320928979
 20
-9667.82733882087
 30
0.0
 11
26764.99777066362
 21
-9667.82733882087
 31
0.0
1001
REVIT
1002
{
1070
     1
1000
22913904
1002
}
1002
{
1070
     2
1000
-2000051
1002
}
1002
{
1070
     3
1000
22908212
1002
}
  0
LINE
  5
629
330
70
100
AcDbEntity
  8
A-ALV-___-___-EXI
370
    25
100
AcDbLine
 10
26764.99777066362
 20
-9667.82733882087
 30
0.0
 11
26764.99777066362
 21
-7747.15928036575
 31
0.0
1001
REVIT
1002
{
1070
     1
1000
22913904
1002
}
1002
{
1070
     2
1000
-2000051
1002
}
1002
{
1070
     3
1000
22908212
1002
}
  0
LINE
  5
62A
330
70
100
AcDbEntity
  8
A-COB-___-___-EXI
370
    25
100
AcDbLine
 10
26764.99777066362
 20
-7747.15928036575
 30
0.0
 11
26564.39320928979
 21
-7747.15928036575
 31
0.0
1001
REVIT
1002
{
1070
     1
1000
22913904
1002
}
1002
{
1070
     2
1000
-2000051
1002
}
1002
{
1070
     3
1000
22908212
1002
}
  0
LINE
  5
62B
330
70
100
AcDbEntity
  8
A-ALV-___-___-EXI
370
    25
100
AcDbLine
 10
26564.39320928979
 20
-7747.15928036575
 30
0.0
 11
26564.39320928979
 21
-9667.827338820869
 31
0.0
1001
REVIT
1002
{
1070
     1
1000
22913904
1002
}
1002
{
1070
     2
1000
-2000051
1002
}
1002
{
1070
     3
1000
22908212
1002
}
  0
LINE
  5
62C
330
70
100
AcDbEntity
  8
A-POR-___-___-EXI
370
    25
100
AcDbLine
 10
26564.39320928979
 20
-9667.827338820869
 30
0.0
 11
26564.39320928979
 21
-11579.95909479396
 31
0.0
1001
REVIT
1002
{
1070
     1
1000
22913904
1002
}
1002
{
1070
     2
1000
-2000051
1002
}
1002
{
1070
     3
1000
22908212
1002
}
  0
LINE
  5
62D
330
70
100
AcDbEntity
  8
A-PIS-___-___-EXI
370
    25
100
AcDbLine
 10
26564.39320928979
 20
-11579.95909479396
 30
0.0
 11
23743.13997955114
 21
-11579.95909479396
 31
0.0
1001
REVIT
1002
{
1070
     1
1000
22913904
1002
}
1002
{
1070
     2
1000
-2000051
1002
}
1002
{
1070
     3
1000
22908212
1002
}
  0
LINE
  5
62E
330
70
100
AcDbEntity
  8
A-ALV-___-___-EXI
370
    25
100
AcDbLine
 10
23743.13997955114
 20
-11579.95909479396
 30
0.0
 11
23743.13997955114
 21
-9078.822467561296
 31
0.0
1001
REVIT
1002
{
1070
     1
1000
22913904
1002
}
1002
{
1070
     2
1000
-2000051
1002
}
1002
{
1070
     3
1000
22908212
1002
}
  0
LINE
  5
62F
330
70
100
AcDbEntity
  8
A-COB-___-___-EXI
370
    25
100
AcDbLine
 10
23743.13997955114
 20
-9078.822467561296
 30
0.0
 11
23743.13997955114
 21
-8878.219359233765
 31
0.0
1001
REVIT
1002
{
1070
     1
1000
22913904
1002
}
1002
{
1070
     2
1000
-2000051
1002
}
1002
{
1070
     3
1000
22908212
1002
}
  0
LINE
  5
630
330
70
100
AcDbEntity
  8
A-COB-___-___-EXI
370
    25
100
AcDbLine
 10
23743.13997955114
 20
-8878.219359233765
 30
0.0
 11
23743.13997955114
 21
-7747.15928036575
 31
0.0
1001
REVIT
1002
{
1070
     1
1000
22913904
1002
}
1002
{
1070
     2
1000
-2000051
1002
}
1002
{
1070
     3
1000
22908212
1002
}
  0
LINE
  5
631
330
70
100
AcDbEntity
  8
A-COB-___-___-EXI
370
    25
100
AcDbLine
 10
23743.13997955114
 20
-7747.15928036575
 30
0.0
 11
29795.39136073251
 21
-7747.15928036575
 31
0.0
1001
REVIT
1002
{
1070
     1
1000
22913904
1002
}
1002
{
1070
     2
1000
-2000051
1002
}
1002
{
1070
     3
1000
22908212
1002
}
  0
LINE
  5
632
330
70
100
AcDbEntity
  8
A-ALV-___-___-EXI
370
    25
100
AcDbLine
 10
29795.39136073251
 20
-7747.15928036575
 30
0.0
 11
29795.39136073251
 21
-11639.71321216812
 31
0.0
1001
REVIT
1002
{
1070
     1
1000
22913904
1002
}
1002
{
1070
     2
1000
-2000051
1002
}
1002
{
1070
     3
1000
22908212
1002
}
  0
LINE
  5
633
330
70
100
AcDbEntity
  8
A-ALV-___-___-EXI
370
    25
100
AcDbLine
 10
29795.39136073251
 20
-11639.71321216812
 30
0.0
 11
29995.99383804385
 21
-11639.71321216812
 31
0.0
1001
REVIT
1002
{
1070
     1
1000
22913904
1002
}
1002
{
1070
     2
1000
-2000051
1002
}
1002
{
1070
     3
1000
22908212
1002
}
  0
LINE
  5
634
330
70
100
AcDbEntity
  8
E-VIG-___-___-EXI
370
    25
100
AcDbLine
 10
29995.99383804385
 20
-11639.71321216812
 30
0.0
 11
29995.99383804385
 21
-12779.30959351816
 31
0.0
1001
REVIT
1002
{
1070
     1
1000
22913904
1002
}
1002
{
1070
     2
1000
-2000051
1002
}
1002
{
1070
     3
1000
22908212
1002
}
  0
LINE
  5
635
330
70
100
AcDbEntity
  8
E-VIG-___-___-EXI
370
    25
100
AcDbLine
 10
29995.99383804385
 20
-12779.30959351816
 30
0.0
 11
29795.39136073251
 21
-12779.30959351816
 31
0.0
1001
REVIT
1002
{
1070
     1
1000
22913904
1002
}
1002
{
1070
     2
1000
-2000051
1002
}
1002
{
1070
     3
1000
22908212
1002
}
  0
LINE
  5
636
330
70
100
AcDbEntity
  8
E-VIG-___-___-EXI
370
    25
100
AcDbLine
 10
29795.39136073251
 20
-12779.30959351816
 30
0.0
 11
29795.39136073251
 21
-11639.71321216812
 31
0.0
1001
REVIT
1002
{
1070
     1
1000
22913904
1002
}
1002
{
1070
     2
1000
-2000051
1002
}
1002
{
1070
     3
1000
22908212
1002
}
  0
LINE
  5
637
330
70
100
AcDbEntity
  8
A-ALV-___-___-EXI
370
    25
100
AcDbLine
 10
29795.39136073251
 20
-11639.71321216812
 30
0.0
 11
29995.99383804385
 21
-11639.71321216812
 31
0.0
1001
REVIT
1002
{
1070
     1
1000
22913904
1002
}
1002
{
1070
     2
1000
-2000051
1002
}
1002
{
1070
     3
1000
22908212
1002
}
  0
LINE
  5
638
330
70
100
AcDbEntity
  8
A-PIS-___-___-EXI
370
    25
100
AcDbLine
 10
26564.39320928979
 20
-11678.12657333711
 30
0.0
 11
26564.39320928979
 21
-11579.95909479396
 31
0.0
1001
REVIT
1002
{
1070
     1
1000
22908225
1002
}
1002
{
1070
     2
1000
-2000051
1002
}
1002
{
1070
     3
1000
22908212
1002
}
  0
LINE
  5
639
330
70
100
AcDbEntity
  8
A-PIS-___-___-EXI
370
    25
100
AcDbLine
 10
26564.39320928979
 20
-11579.95909479396
 30
0.0
 11
26764.99777066362
 21
-11579.95909479396
 31
0.0
1001
REVIT
1002
{
1070
     1
1000
22908225
1002
}
1002
{
1070
     2
1000
-2000051
1002
}
1002
{
1070
     3
1000
22908212
1002
}
  0
LINE
  5
63A
330
70
100
AcDbEntity
  8
A-POR-___-___-EXI
370
    25
100
AcDbLine
 10
26764.99777066362
 20
-11579.95909479396
 30
0.0
 11
26764.99777066362
 21
-9667.827338820869
 31
0.0
1001
REVIT
1002
{
1070
     1
1000
22908225
1002
}
1002
{
1070
     2
1000
-2000051
1002
}
1002
{
1070
     3
1000
22908212
1002
}
  0
LINE
  5
63B
330
70
100
AcDbEntity
  8
A-ALV-___-___-EXI
370
    25
100
AcDbLine
 10
26764.99777066362
 20
-9667.827338820869
 30
0.0
 11
26564.39320928979
 21
-9667.827338820869
 31
0.0
1001
REVIT
1002
{
1070
     1
1000
22908225
1002
}
1002
{
1070
     2
1000
-2000051
1002
}
1002
{
1070
     3
1000
22908212
1002
}
  0
LINE
  5
63C
330
70
100
AcDbEntity
  8
A-ALV-___-___-EXI
370
    25
100
AcDbLine
 10
26564.39320928979
 20
-9667.827338820869
 30
0.0
 11
26564.39320928979
 21
-9078.822467561296
 31
0.0
1001
REVIT
1002
{
1070
     1
1000
22908225
1002
}
1002
{
1070
     2
1000
-2000051
1002
}
1002
{
1070
     3
1000
22908212
1002
}
  0
LINE
  5
63D
330
70
100
AcDbEntity
  8
A-COB-___-___-EXI
370
    25
100
AcDbLine
 10
26564.39320928979
 20
-9078.822467561296
 30
0.0
 11
26564.39320928979
 21
-8878.219359233765
 31
0.0
1001
REVIT
1002
{
1070
     1
1000
22908225
1002
}
1002
{
1070
     2
1000
-2000051
1002
}
1002
{
1070
     3
1000
22908212
1002
}
  0
LINE
  5
63E
330
70
100
AcDbEntity
  8
A-COB-___-___-EXI
370
    25
100
AcDbLine
 10
26564.39320928979
 20
-8878.219359233765
 30
0.0
 11
26764.99777066362
 21
-8878.219359233765
 31
0.0
1001
REVIT
1002
{
1070
     1
1000
22908225
1002
}
1002
{
1070
     2
1000
-2000051
1002
}
1002
{
1070
     3
1000
22908212
1002
}
  0
LINE
  5
63F
330
70
100
AcDbEntity
  8
A-COB-___-___-EXI
370
    25
100
AcDbLine
 10
26764.99777066362
 20
-8878.219359233765
 30
0.0
 11
26764.99777066362
 21
-9078.822467561296
 31
0.0
1001
REVIT
1002
{
1070
     1
1000
22908225
1002
}
1002
{
1070
     2
1000
-2000051
1002
}
1002
{
1070
     3
1000
22908212
1002
}
  0
LINE
  5
640
330
70
100
AcDbEntity
  8
A-ALV-___-___-EXI
370
    25
100
AcDbLine
 10
26764.99777066362
 20
-9078.822467561296
 30
0.0
 11
26764.99777066362
 21
-9667.827338820869
 31
0.0
1001
REVIT
1002
{
1070
     1
1000
22908225
1002
}
1002
{
1070
     2
1000
-2000051
1002
}
1002
{
1070
     3
1000
22908212
1002
}
  0
LINE
  5
642
330
70
100
AcDbEntity
  8
A-PIS-___-___-EXI
370
    25
100
AcDbLine
 10
26764.99777066362
 20
-11639.71321216812
 30
0.0
 11
29795.39136073251
 21
-11639.71321216812
 31
0.0
1001
REVIT
1002
{
1070
     1
1000
22913806
1002
}
1002
{
1070
     2
1000
-2000051
1002
}
1002
{
1070
     3
1000
22908212
1002
}
  0
LINE
  5
643
330
70
100
AcDbEntity
  8
A-ALV-___-___-EXI
370
    25
100
AcDbLine
 10
29795.39136073251
 20
-11639.71321216812
 30
0.0
 11
29795.39136073251
 21
-9078.822467561296
 31
0.0
1001
REVIT
1002
{
1070
     1
1000
22913806
1002
}
1002
{
1070
     2
1000
-2000051
1002
}
1002
{
1070
     3
1000
22908212
1002
}
  0
LINE
  5
644
330
70
100
AcDbEntity
  8
A-ALV-___-___-EXI
370
    25
100
AcDbLine
 10
29795.39136073251
 20
-9078.822467561296
 30
0.0
 11
26764.99777066362
 21
-9078.822467561296
 31
0.0
1001
REVIT
1002
{
1070
     1
1000
22913806
1002
}
1002
{
1070
     2
1000
-2000051
1002
}
1002
{
1070
     3
1000
22908212
1002
}
  0
LINE
  5
645
330
70
100
AcDbEntity
  8
A-COB-___-___-EXI
370
    25
100
AcDbLine
 10
26764.99777066362
 20
-9078.822467561296
 30
0.0
 11
26564.39320928979
 21
-9078.822467561296
 31
0.0
1001
REVIT
1002
{
1070
     1
1000
22913806
1002
}
1002
{
1070
     2
1000
-2000051
1002
}
1002
{
1070
     3
1000
22908212
1002
}
  0
LINE
  5
646
330
70
100
AcDbEntity
  8
A-COB-___-___-EXI
370
    25
100
AcDbLine
 10
26564.39320928979
 20
-9078.822467561296
 30
0.0
 11
23743.13997955114
 21
-9078.822467561296
 31
0.0
1001
REVIT
1002
{
1070
     1
1000
22913806
1002
}
1002
{
1070
     2
1000
-2000051
1002
}
1002
{
1070
     3
1000
22908212
1002
}
  0
LINE
  5
647
330
70
100
AcDbEntity
  8
A-COB-___-___-EXI
370
    25
100
AcDbLine
 10
23743.13997955114
 20
-9078.822467561296
 30
0.0
 11
23495.58670036242
 21
-9078.822467561296
 31
0.0
1001
REVIT
1002
{
1070
     1
1000
22913806
1002
}
1002
{
1070
     2
1000
-2000051
1002
}
1002
{
1070
     3
1000
22908212
1002
}
  0
LINE
  5
648
330
70
100
AcDbEntity
  8
A-COB-___-___-EXI
370
    25
100
AcDbLine
 10
23495.58670036242
 20
-9078.822467561296
 30
0.0
 11
23495.58670036242
 21
-8878.219359233765
 31
0.0
1001
REVIT
1002
{
1070
     1
1000
22913806
1002
}
1002
{
1070
     2
1000
-2000051
1002
}
1002
{
1070
     3
1000
22908212
1002
}
  0
LINE
  5
649
330
70
100
AcDbEntity
  8
A-COB-___-___-EXI
370
    25
100
AcDbLine
 10
23495.58670036242
 20
-8878.219359233765
 30
0.0
 11
23743.13997955114
 21
-8878.219359233765
 31
0.0
1001
REVIT
1002
{
1070
     1
1000
22913806
1002
}
1002
{
1070
     2
1000
-2000051
1002
}
1002
{
1070
     3
1000
22908212
1002
}
  0
LINE
  5
64A
330
70
100
AcDbEntity
  8
A-COB-___-___-EXI
370
    25
100
AcDbLine
 10
23743.13997955114
 20
-8878.219359233765
 30
0.0
 11
26564.39320928979
 21
-8878.219359233765
 31
0.0
1001
REVIT
1002
{
1070
     1
1000
22913806
1002
}
1002
{
1070
     2
1000
-2000051
1002
}
1002
{
1070
     3
1000
22908212
1002
}
  0
LINE
  5
64B
330
70
100
AcDbEntity
  8
A-COB-___-___-EXI
370
    25
100
AcDbLine
 10
26564.39320928979
 20
-8878.219359233765
 30
0.0
 11
26564.39320928979
 21
-7747.15928036575
 31
0.0
1001
REVIT
1002
{
1070
     1
1000
22913806
1002
}
1002
{
1070
     2
1000
-2000051
1002
}
1002
{
1070
     3
1000
22908212
1002
}
  0
VIEWPORT
  5
4E5
330
6C
100
AcDbEntity
 67
     1
  8
A-POR-___-___-EXI
100
AcDbViewport
 10
168.8477881219108
 20
206.8602225312794
 30
0.0
 40
158.3920564425805
 41
61.42866197655657
 68
     2
 69
     2
 12
27473.30446433446
 22
-10243.58078157776
 13
0.0
 23
0.0
 14
0.0
 24
0.0
 15
0.0
 25
0.0
 16
0.0
 26
0.0
 36
1.0
 17
0.0
 27
0.0
 37
0.0
 42
0.0
 43
0.0
 44
0.0
 45
6142.866197655656
 50
0.0
 51
0.0
 72
  1000
 90
    32768
  1

281
     0
 71
     1
 74
     1
110
0.0
120
0.0
130
0.0
111
1.0
121
0.0
131
0.0
112
0.0
122
1.0
132
0.0
 79
     0
146
0.0
170
     0
 61
     5
292
     1
282
     1
141
0.0
142
0.0
 63
   250
421
  3355443
  0
VIEWPORT
  5
4E7
330
6C
100
AcDbEntity
 67
     1
  8
0
100
AcDbViewport
 10
12.49429657794677
 20
4.5
 30
0.0
 40
28.99095142670192
 41
11.45340316070647
 68
     1
 69
     1
 12
12.49429657794677
 22
4.5
 13
0.0
 23
0.0
 14
0.0
 24
0.0
 15
0.0
 25
0.0
 16
0.0
 26
0.0
 36
1.0
 17
0.0
 27
0.0
 37
0.0
 42
50.0
 43
0.0
 44
0.0
 45
11.45340316070647
 50
0.0
 51
0.0
 72
   100
 90
    32800
  1

281
     0
 71
     1
 74
     1
110
0.0
120
0.0
130
0.0
111
1.0
121
0.0
131
0.0
112
0.0
122
1.0
132
0.0
 79
     0
146
0.0
170
     0
 61
     5
348
2F
292
     1
282
     1
141
0.0
142
0.0
 63
   250
421
  3355443
  0
INSERT
  5
4F3
330
6C
100
AcDbEntity
 67
     1
  8
A-JAN-___-___-EXI
100
AcDbBlockReference
  2
A4 HORIZONTAL - A4-22938602-Não nomeada
 10
0.0
 20
0.0
 30
0.0
1001
REVIT
1002
{
1070
     1
1000
22937199
1002
}
1002
{
1070
     5
1000
22938602
1002
}
1002
{
1070
     2
1000
-2000280
1002
}
  0
ENDSEC
  0
SECTION
  2
OBJECTS
  0
DICTIONARY
  5
C
330
0
100
AcDbDictionary
281
     1
  3
ACAD_CIP_PREVIOUS_PRODUCT_INFO
350
79
  3
ACAD_COLOR
350
63
  3
ACAD_DETAILVIEWSTYLE
350
6A
  3
ACAD_GROUP
350
D
  3
ACAD_IMAGE_VARS
350
7A
  3
ACAD_LAYOUT
350
62
  3
ACAD_MATERIAL
350
10
  3
ACAD_MLEADERSTYLE
350
66
  3
ACAD_MLINESTYLE
350
5F
  3
ACAD_PLOTSETTINGS
350
61
  3
ACAD_PLOTSTYLENAME
350
E
  3
ACAD_RENDER_ACTIVE_RAPIDRT_SETTINGS
350
513
  3
ACAD_RENDER_RAPIDRT_SETTINGS
350
50C
  3
ACAD_SCALELIST
350
42
  3
ACAD_SECTIONVIEWSTYLE
350
68
  3
ACAD_TABLESTYLE
350
64
  3
ACAD_VISUALSTYLE
350
29
  3
ACDB_RECOMPOSE_DATA
350
65C
  3
AcDbVariableDictionary
350
4FC
  3
REVIT_DICTIONARY
350
4F4
  0
SUN
  5
4FB
330
57
100
AcDbSun
 90
        1
290
     1
 63
     7
421
 16777215
 40
0.3
291
     1
 91
  2460364
 92
 56938000
292
     0
 70
     1
 71
   128
280
     1
  0
DICTIONARY
  5
518
330
2
100
AcDbDictionary
280
     1
281
     1
  3
ACAD_LAYERSTATES
360
519
  0
DICTIONARY
  5
4F9
330
70
100
AcDbDictionary
280
     1
281
     1
  3
ACAD_SORTENTS
360
4FA
  0
XRECORD
  5
79
102
{ACAD_REACTORS
330
C
102
}
330
C
100
AcDbXrecord
280
     1
300
ACD
300
2022
300

  0
DICTIONARY
  5
63
102
{ACAD_REACTORS
330
C
102
}
330
C
100
AcDbDictionary
281
     1
  0
DICTIONARY
  5
6A
102
{ACAD_REACTORS
330
C
102
}
330
C
100
AcDbDictionary
281
     1
  3
Imperial24
350
6B
  3
Metric50
350
504
  0
DICTIONARY
  5
D
102
{ACAD_REACTORS
330
C
102
}
330
C
100
AcDbDictionary
281
     1
  0
RASTERVARIABLES
  5
7A
102
{ACAD_REACTORS
330
C
102
}
330
C
100
AcDbRasterVariables
 90
        0
 70
     0
 71
     1
 72
     1
  0
DICTIONARY
  5
62
102
{ACAD_REACTORS
330
C
102
}
330
C
100
AcDbDictionary
281
     1
  3
Layout1
350
6F
  3
Model
350
73
  0
DICTIONARY
  5
10
102
{ACAD_REACTORS
330
C
102
}
330
C
100
AcDbDictionary
281
     1
  3
ByBlock
350
19
  3
ByLayer
350
11
  3
Global
350
21
  0
DICTIONARY
  5
66
102
{ACAD_REACTORS
330
C
102
}
330
C
100
AcDbDictionary
281
     1
  3
Standard
350
67
  0
DICTIONARY
  5
5F
102
{ACAD_REACTORS
330
C
102
}
330
C
100
AcDbDictionary
281
     1
  3
Standard
350
60
  0
DICTIONARY
  5
61
102
{ACAD_REACTORS
330
C
102
}
330
C
100
AcDbDictionary
281
     1
  0
ACDBDICTIONARYWDFLT
  5
E
102
{ACAD_REACTORS
330
C
102
}
330
C
100
AcDbDictionary
281
     1
  3
Normal
350
F
100
AcDbDictionaryWithDefault
340
F
  0
RAPIDRTRENDERSETTINGS
  5
513
102
{ACAD_REACTORS
330
C
102
}
330
C
100
AcDbRenderSettings
 90
        2
  1
Médio
290
     1
290
     0
290
     1
290
     1
  1

  1
Aplica 5 níveis de renderização
 90
        0
100
AcDbRapidRTRenderSettings
 90
        3
 70
     0
 90
        5
 90
        1
 70
     1
 70
     2
 40
3.0
 40
3.0
290
     1
  0
DICTIONARY
  5
50C
102
{ACAD_REACTORS
330
C
102
}
330
C
100
AcDbDictionary
281
     1
  3
Alto
350
50F
  3
Baixo
350
50D
  3
Médio
350
50E
  3
Qualidade de curta duração
350
510
  3
Qualidade de longa duração
350
512
  3
Qualidade de média duração
350
511
  0
DICTIONARY
  5
42
102
{ACAD_REACTORS
330
C
102
}
330
C
100
AcDbDictionary
281
     1
  3
A0
350
43
  3
A1
350
44
  3
A2
350
45
  3
A3
350
46
  3
A4
350
47
  3
A5
350
48
  3
A6
350
49
  3
A7
350
4A
  3
A8
350
4B
  3
A9
350
4C
  3
B0
350
4D
  3
B1
350
4E
  3
B2
350
4F
  3
B3
350
50
  3
B4
350
51
  3
B5
350
52
  3
B6
350
53
  0
DICTIONARY
  5
68
102
{ACAD_REACTORS
330
C
102
}
330
C
100
AcDbDictionary
281
     1
  3
Imperial24
350
69
  3
Metric50
350
503
  0
DICTIONARY
  5
64
102
{ACAD_REACTORS
330
C
102
}
330
C
100
AcDbDictionary
281
     1
  3
Standard
350
65
  0
DICTIONARY
  5
29
102
{ACAD_REACTORS
330
C
102
}
330
C
100
AcDbDictionary
281
     1
  3
2dWireframe
350
2F
  3
Basic
350
2E
  3
Brighten
350
35
  3
ColorChange
350
39
  3
Conceptual
350
32
  3
Dim
350
34
  3
EdgeColorOff
350
41
  3
Facepattern
350
38
  3
Flat
350
2A
  3
FlatWithEdges
350
2B
  3
Gouraud
350
2C
  3
GouraudWithEdges
350
2D
  3
Hidden
350
31
  3
JitterOff
350
3F
  3
Linepattern
350
37
  3
OverhangOff
350
40
  3
Realistic
350
33
  3
Shaded
350
3E
  3
Shaded with edges
350
3D
  3
Shades of Gray
350
3A
  3
Sketchy
350
3B
  3
Thicken
350
36
  3
Wireframe
350
30
  3
X-Ray
350
3C
  0
XRECORD
  5
65C
102
{ACAD_REACTORS
330
C
102
}
330
C
100
AcDbXrecord
280
     1
 90
        1
330
65
  0
DICTIONARY
  5
4FC
102
{ACAD_REACTORS
330
C
102
}
330
C
100
AcDbDictionary
281
     1
  3
CANNOSCALE
350
501
  3
CMLEADERSTYLE
350
4FE
  3
CTABLESTYLE
350
4FD
  3
CVIEWDETAILSTYLE
350
4FF
  3
CVIEWSECTIONSTYLE
350
500
  0
DICTIONARY
  5
4F4
102
{ACAD_REACTORS
330
C
102
}
330
C
100
AcDbDictionary
281
     1
  3
DRAWING_TOOL
350
4F8
  3
REVIT_CATEGORY_MAPPING
350
4F6
  3
REVIT_SUB_CATEGORY_MAPPING
350
4F7
  3
REVIT_TYPE_MAPPING
350
4F5
  0
DICTIONARY
  5
519
102
{ACAD_REACTORS
330
518
102
}
330
518
100
AcDbDictionary
281
     1
  0
SORTENTSTABLE
  5
4FA
102
{ACAD_REACTORS
330
4F9
102
}
330
4F9
100
AcDbSortentsTable
330
70
331
51F
  5
523
331
520
  5
524
331
521
  5
525
331
522
  5
526
331
523
  5
527
331
524
  5
528
331
525
  5
529
331
526
  5
52A
331
527
  5
52B
331
528
  5
52C
331
529
  5
52D
331
52A
  5
52E
331
52B
  5
52F
331
52C
  5
530
331
52D
  5
531
331
52E
  5
532
331
52F
  5
533
331
530
  5
534
331
531
  5
535
331
532
  5
536
331
533
  5
537
331
534
  5
538
331
535
  5
539
331
536
  5
542
331
537
  5
543
331
538
  5
547
331
539
  5
54C
331
542
  5
57F
331
543
  5
580
331
547
  5
5A9
331
54C
  5
5B7
331
54D
  5
5B8
331
551
  5
5C5
331
555
  5
5D2
331
556
  5
5D3
331
559
  5
5DE
331
55E
  5
5EE
331
560
  5
5F4
331
561
  5
5F5
331
563
  5
5FE
331
564
  5
5FF
331
565
  5
600
331
568
  5
60B
331
569
  5
60C
331
56B
  5
611
331
56C
  5
612
331
56D
  5
613
331
56E
  5
614
331
56F
  5
615
331
570
  5
616
331
571
  5
617
331
572
  5
618
331
573
  5
619
331
575
  5
62A
331
576
  5
62B
331
577
  5
62C
331
579
  5
639
331
57A
  5
63A
331
57C
  5
63B
331
57D
  5
63C
331
57E
  5
63D
331
57F
  5
63E
331
581
  5
649
331
582
  5
64A
331
583
  5
64B
331
59D
  5
51F
331
59E
  5
520
331
59F
  5
521
331
5A0
  5
522
331
5A1
  5
54D
331
5A2
  5
551
331
5A3
  5
555
331
5A4
  5
556
331
5A5
  5
559
331
5A6
  5
55E
331
5A7
  5
560
331
5A8
  5
561
331
5A9
  5
563
331
5AA
  5
564
331
5AB
  5
565
331
5AC
  5
568
331
5AD
  5
569
331
5AE
  5
56B
331
5AF
  5
56C
331
5B0
  5
56D
331
5B1
  5
56E
331
5B2
  5
56F
331
5B3
  5
570
331
5B4
  5
571
331
5B5
  5
572
331
5B6
  5
573
331
5B7
  5
575
331
5B8
  5
576
331
5B9
  5
577
331
5BA
  5
578
331
5BB
  5
579
331
5BC
  5
57A
331
5BD
  5
57C
331
5BE
  5
57D
331
5BF
  5
57E
331
5C0
  5
581
331
5C1
  5
582
331
5C2
  5
583
331
5C3
  5
59D
331
5C4
  5
59E
331
5C5
  5
59F
331
5C6
  5
5A0
331
5C7
  5
5A1
331
5C8
  5
5A2
331
5C9
  5
5A3
331
5CA
  5
5A4
331
5CB
  5
5A5
331
5CC
  5
5A6
331
5CD
  5
5A7
331
5CE
  5
5A8
331
5CF
  5
5AA
331
5D0
  5
5AB
331
5D1
  5
5AC
331
5D2
  5
5AD
331
5D3
  5
5AE
331
5D4
  5
5AF
331
5D5
  5
5B0
331
5D6
  5
5B1
331
5D7
  5
5B2
331
5D8
  5
5B3
331
5D9
  5
5B4
331
5DA
  5
5B5
331
5DB
  5
5B6
331
5DC
  5
5B9
331
5DD
  5
5BA
331
5DE
  5
5BB
331
5DF
  5
5BC
331
5E0
  5
5BD
331
5E1
  5
5BE
331
5E2
  5
5BF
331
5E3
  5
5C0
331
5E4
  5
5C1
331
5E5
  5
5C2
331
5E6
  5
5C3
331
5E7
  5
5C4
331
5E8
  5
5C6
331
5E9
  5
5C7
331
5EA
  5
5C8
331
5EB
  5
5C9
331
5EC
  5
5CA
331
5ED
  5
5CB
331
5EE
  5
5CC
331
5EF
  5
5CD
331
5F0
  5
5CE
331
5F1
  5
5CF
331
5F2
  5
5D0
331
5F3
  5
5D1
331
5F4
  5
5D4
331
5F5
  5
5D5
331
5F6
  5
5D6
331
5F7
  5
5D7
331
5F8
  5
5D8
331
5F9
  5
5D9
331
5FA
  5
5DA
331
5FB
  5
5DB
331
5FC
  5
5DC
331
5FD
  5
5DD
331
5FE
  5
5DF
331
5FF
  5
5E0
331
600
  5
5E1
331
601
  5
5E2
331
602
  5
5E3
331
603
  5
5E4
331
604
  5
5E5
331
605
  5
5E6
331
606
  5
5E7
331
607
  5
5E8
331
608
  5
5E9
331
609
  5
5EA
331
60A
  5
5EB
331
60B
  5
5EC
331
60C
  5
5ED
331
60D
  5
5EF
331
60E
  5
5F0
331
60F
  5
5F1
331
610
  5
5F2
331
611
  5
5F3
331
612
  5
5F6
331
613
  5
5F7
331
614
  5
5F8
331
615
  5
5F9
331
616
  5
5FA
331
617
  5
5FB
331
618
  5
5FC
331
619
  5
5FD
331
61A
  5
601
331
61B
  5
602
331
61C
  5
603
331
61D
  5
604
331
61E
  5
605
331
61F
  5
606
331
620
  5
607
331
621
  5
608
331
622
  5
609
331
623
  5
60A
331
624
  5
60D
331
625
  5
60E
331
626
  5
60F
331
627
  5
610
331
628
  5
61A
331
629
  5
61B
331
62A
  5
61C
331
62B
  5
61D
331
62C
  5
61E
331
62D
  5
61F
331
62E
  5
620
331
62F
  5
621
331
630
  5
622
331
631
  5
623
331
632
  5
624
331
633
  5
625
331
634
  5
626
331
635
  5
627
331
636
  5
628
331
637
  5
629
331
638
  5
63F
331
639
  5
640
331
63A
  5
642
331
63B
  5
643
331
63C
  5
644
331
63D
  5
645
331
63E
  5
646
331
63F
  5
647
331
640
  5
648
331
642
  5
62E
331
643
  5
62F
331
644
  5
630
331
645
  5
631
331
646
  5
632
331
647
  5
633
331
648
  5
635
331
649
  5
636
331
64A
  5
637
331
64B
  5
638
  0
ACDBDETAILVIEWSTYLE
  5
6B
102
{ACAD_REACTORS
330
6A
102
}
330
6A
100
AcDbModelDocViewStyle
 70
     0
  3
Imperial24
290
     1
300
Imperial24
 90
        0
100
AcDbDetailViewStyle
 70
     0
 71
     0
 90
        3
 71
     1
340
55
 62
   256
 40
0.24
340
0
 62
   256
 40
0.24
300

 40
0.36
280
     3
 71
     2
340
5D
 90
       25
 62
   256
 71
     3
340
55
 62
   256
 40
0.24
 90
        1
 40
0.75
 90
        1
300
%<\AcVar ViewType \f "%tc1">% %<\AcVar ViewDetailId>%\PSCALE %<\AcVar ViewScale \f "%sn">%
 71
     4
340
5D
 90
       25
 62
   256
340
5D
 90
       25
 62
   256
280
     0
  0
ACDBDETAILVIEWSTYLE
  5
504
102
{ACAD_REACTORS
330
6A
102
}
330
6A
100
AcDbModelDocViewStyle
 70
     0
  3
Metric50
290
     1
300
Metric50
 90
        0
100
AcDbDetailViewStyle
 70
     0
 71
     0
 90
        3
 71
     1
340
55
 62
   256
 40
5.0
340
0
 62
   256
 40
5.0
300

 40
0.0
280
     1
 71
     2
340
5D
 90
       25
 62
   256
 71
     3
340
55
 62
   256
 40
5.0
 90
        0
 40
15.0
 90
        1
300
%<\AcVar ViewDetailId>% (%<\AcVar ViewScale \f "%sn">%)
 71
     4
340
5D
 90
       25
 62
   256
340
5D
 90
       25
 62
   256
280
     0
  0
LAYOUT
  5
6F
102
{ACAD_REACTORS
330
62
102
}
330
62
100
AcDbPlotSettings
  1

  2
PDF24
  4
A4
  6

 40
0.0
 41
0.0
 42
0.1113433837890625
 43
0.0
 44
210.0
 45
297.0
 46
0.0
 47
0.0
 48
0.0
 49
0.0
140
0.0
141
0.0
142
1.0
143
1.000647896891756
 70
   688
 72
     1
 73
     1
 74
     1
  7

 75
     0
147
0.9993525226068337
 76
     0
 77
     2
 78
   300
148
-20.76884200533789
149
-102.9849099062627
100
AcDbLayout
  1
Layout1
 70
     0
 71
     1
 10
20.76884200533789
 20
102.9849099062627
 11
317.9612673821897
 21
313.1209682535316
 12
0.0
 22
0.0
 32
0.0
 14
20.76884200533789
 24
102.9849099062627
 34
-0.0015258207003583
 15
317.8025497169167
 25
313.0095527307103
 35
0.0000000349246037
146
0.0
 13
0.0
 23
0.0
 33
0.0
 16
1.0
 26
0.0
 36
0.0
 17
0.0
 27
1.0
 37
0.0
 76
     0
330
6C
331
4E7
1001
ACAD_PSEXT
1000
PDF24
1000
PDF24
1000
\\.\pipe\PDFPrint
1000
PDF24 Printer
1070
     0
  0
LAYOUT
  5
73
102
{ACAD_REACTORS
330
62
102
}
330
62
100
AcDbPlotSettings
  1

  2

  4

  6

 40
0.0
 41
0.0
 42
0.0
 43
0.0
 44
0.0
 45
0.0
 46
0.0
 47
0.0
 48
0.0
 49
0.0
140
0.0
141
0.0
142
1.0
143
1.0
 70
  1712
 72
     0
 73
     0
 74
     0
  7

 75
     0
147
1.0
 76
     0
 77
     2
 78
   300
148
0.0
149
0.0
100
AcDbLayout
  1
Model
 70
     1
 71
     0
 10
0.0
 20
0.0
 11
12.0
 21
9.0
 12
0.0
 22
0.0
 32
0.0
 14
0.0
 24
0.0
 34
0.0
 15
0.0
 25
0.0
 35
0.0
146
0.0
 13
0.0
 23
0.0
 33
0.0
 16
1.0
 26
0.0
 36
0.0
 17
0.0
 27
1.0
 37
0.0
 76
     0
330
70
331
57
  0
MATERIAL
  5
19
102
{ACAD_XDICTIONARY
360
1A
102
}
102
{ACAD_REACTORS
330
10
102
}
330
10
100
AcDbMaterial
  1
ByBlock
 72
     0
 43
0.0208333333333333
 43
0.0
 43
0.0
 43
0.0
 43
0.0
 43
0.0208333333333333
 43
0.0
 43
0.0
 43
0.0
 43
0.0
 43
1.0
 43
0.0
 43
0.0
 43
0.0
 43
0.0
 43
1.0
 77
     0
 47
0.0208333333333333
 47
0.0
 47
0.0
 47
0.0
 47
0.0
 47
0.0208333333333333
 47
0.0
 47
0.0
 47
0.0
 47
0.0
 47
1.0
 47
0.0
 47
0.0
 47
0.0
 47
0.0
 47
1.0
171
     0
 49
0.0208333333333333
 49
0.0
 49
0.0
 49
0.0
 49
0.0
 49
0.0208333333333333
 49
0.0
 49
0.0
 49
0.0
 49
0.0
 49
1.0
 49
0.0
 49
0.0
 49
0.0
 49
0.0
 49
1.0
175
     0
142
0.0208333333333333
142
0.0
142
0.0
142
0.0
142
0.0
142
0.0208333333333333
142
0.0
142
0.0
142
0.0
142
0.0
142
1.0
142
0.0
142
0.0
142
0.0
142
0.0
142
1.0
179
     0
144
0.0208333333333333
144
0.0
144
0.0
144
0.0
144
0.0
144
0.0208333333333333
144
0.0
144
0.0
144
0.0
144
0.0
144
1.0
144
0.0
144
0.0
144
0.0
144
0.0
144
1.0
147
0.0208333333333333
147
0.0
147
0.0
147
0.0
147
0.0
147
0.0208333333333333
147
0.0
147
0.0
147
0.0
147
0.0
147
1.0
147
0.0
147
0.0
147
0.0
147
0.0
147
1.0
  0
MATERIAL
  5
11
102
{ACAD_XDICTIONARY
360
12
102
}
102
{ACAD_REACTORS
330
10
102
}
330
10
100
AcDbMaterial
  1
ByLayer
 72
     0
 43
0.0208333333333333
 43
0.0
 43
0.0
 43
0.0
 43
0.0
 43
0.0208333333333333
 43
0.0
 43
0.0
 43
0.0
 43
0.0
 43
1.0
 43
0.0
 43
0.0
 43
0.0
 43
0.0
 43
1.0
 77
     0
 47
0.0208333333333333
 47
0.0
 47
0.0
 47
0.0
 47
0.0
 47
0.0208333333333333
 47
0.0
 47
0.0
 47
0.0
 47
0.0
 47
1.0
 47
0.0
 47
0.0
 47
0.0
 47
0.0
 47
1.0
171
     0
 49
0.0208333333333333
 49
0.0
 49
0.0
 49
0.0
 49
0.0
 49
0.0208333333333333
 49
0.0
 49
0.0
 49
0.0
 49
0.0
 49
1.0
 49
0.0
 49
0.0
 49
0.0
 49
0.0
 49
1.0
175
     0
142
0.0208333333333333
142
0.0
142
0.0
142
0.0
142
0.0
142
0.0208333333333333
142
0.0
142
0.0
142
0.0
142
0.0
142
1.0
142
0.0
142
0.0
142
0.0
142
0.0
142
1.0
179
     0
144
0.0208333333333333
144
0.0
144
0.0
144
0.0
144
0.0
144
0.0208333333333333
144
0.0
144
0.0
144
0.0
144
0.0
144
1.0
144
0.0
144
0.0
144
0.0
144
0.0
144
1.0
147
0.0208333333333333
147
0.0
147
0.0
147
0.0
147
0.0
147
0.0208333333333333
147
0.0
147
0.0
147
0.0
147
0.0
147
1.0
147
0.0
147
0.0
147
0.0
147
0.0
147
1.0
  0
MATERIAL
  5
21
102
{ACAD_XDICTIONARY
360
22
102
}
102
{ACAD_REACTORS
330
10
102
}
330
10
100
AcDbMaterial
  1
Global
 72
     0
 43
0.0208333333333333
 43
0.0
 43
0.0
 43
0.0
 43
0.0
 43
0.0208333333333333
 43
0.0
 43
0.0
 43
0.0
 43
0.0
 43
1.0
 43
0.0
 43
0.0
 43
0.0
 43
0.0
 43
1.0
 77
     0
 47
0.0208333333333333
 47
0.0
 47
0.0
 47
0.0
 47
0.0
 47
0.0208333333333333
 47
0.0
 47
0.0
 47
0.0
 47
0.0
 47
1.0
 47
0.0
 47
0.0
 47
0.0
 47
0.0
 47
1.0
171
     0
 49
0.0208333333333333
 49
0.0
 49
0.0
 49
0.0
 49
0.0
 49
0.0208333333333333
 49
0.0
 49
0.0
 49
0.0
 49
0.0
 49
1.0
 49
0.0
 49
0.0
 49
0.0
 49
0.0
 49
1.0
175
     0
142
0.0208333333333333
142
0.0
142
0.0
142
0.0
142
0.0
142
0.0208333333333333
142
0.0
142
0.0
142
0.0
142
0.0
142
1.0
142
0.0
142
0.0
142
0.0
142
0.0
142
1.0
179
     0
144
0.0208333333333333
144
0.0
144
0.0
144
0.0
144
0.0
144
0.0208333333333333
144
0.0
144
0.0
144
0.0
144
0.0
144
1.0
144
0.0
144
0.0
144
0.0
144
0.0
144
1.0
147
0.0208333333333333
147
0.0
147
0.0
147
0.0
147
0.0
147
0.0208333333333333
147
0.0
147
0.0
147
0.0
147
0.0
147
1.0
147
0.0
147
0.0
147
0.0
147
0.0
147
1.0
  0
MLEADERSTYLE
  5
67
102
{ACAD_REACTORS
330
66
102
}
330
66
100
AcDbMLeaderStyle
179
     2
170
     2
171
     1
172
     0
 90
        2
 40
0.0
 41
0.0
173
     1
 91
-1056964608
340
5B
 92
       -2
290
     1
 42
0.09
291
     1
 43
0.36
  3
Standard
 44
0.18
300

342
55
174
     1
178
     6
175
     1
176
     0
 93
-1056964608
 45
0.18
292
     0
297
     0
 46
0.18
 94
-1056964608
 47
1.0
 49
1.0
140
1.0
293
     1
141
0.0
294
     1
177
     0
142
1.0
295
     1
296
     0
143
0.125
271
     0
272
     9
273
     9
298
     1
  0
MLINESTYLE
  5
60
102
{ACAD_REACTORS
330
5F
102
}
330
5F
100
AcDbMlineStyle
  2
STANDARD
 70
     0
  3

 62
   256
 51
90.0
 52
90.0
 71
     2
 49
0.5
 62
   256
  6
BYLAYER
 49
-0.5
 62
   256
  6
BYLAYER
  0
ACDBPLACEHOLDER
  5
F
102
{ACAD_REACTORS
330
E
102
}
330
E
  0
RAPIDRTRENDERSETTINGS
  5
50F
102
{ACAD_REACTORS
330
50C
102
}
330
50C
100
AcDbRenderSettings
 90
        2
  1
Alto
290
     1
290
     0
290
     1
290
     1
  1

  1
Aplica 10 níveis de renderização
 90
        2
100
AcDbRapidRTRenderSettings
 90
        3
 70
     0
 90
       10
 90
        1
 70
     2
 70
     2
 40
3.0
 40
3.0
290
     1
  0
RAPIDRTRENDERSETTINGS
  5
50D
102
{ACAD_REACTORS
330
50C
102
}
330
50C
100
AcDbRenderSettings
 90
        2
  1
Baixo
290
     1
290
     0
290
     1
290
     1
  1

  1
Aplica 1 nível de renderização
 90
        0
100
AcDbRapidRTRenderSettings
 90
        3
 70
     0
 90
        1
 90
        1
 70
     0
 70
     2
 40
3.0
 40
3.0
290
     1
  0
RAPIDRTRENDERSETTINGS
  5
50E
102
{ACAD_REACTORS
330
50C
102
}
330
50C
100
AcDbRenderSettings
 90
        2
  1
Médio
290
     1
290
     0
290
     1
290
     1
  1

  1
Aplica 5 níveis de renderização
 90
        1
100
AcDbRapidRTRenderSettings
 90
        3
 70
     0
 90
        5
 90
        1
 70
     1
 70
     2
 40
3.0
 40
3.0
290
     1
  0
RAPIDRTRENDERSETTINGS
  5
510
102
{ACAD_REACTORS
330
50C
102
}
330
50C
100
AcDbRenderSettings
 90
        2
  1
Qualidade de curta duração
290
     1
290
     0
290
     1
290
     1
  1

  1
Renderiza por 10 minutos
 90
        3
100
AcDbRapidRTRenderSettings
 90
        3
 70
     1
 90
        1
 90
       10
 70
     1
 70
     2
 40
3.0
 40
3.0
290
     1
  0
RAPIDRTRENDERSETTINGS
  5
512
102
{ACAD_REACTORS
330
50C
102
}
330
50C
100
AcDbRenderSettings
 90
        2
  1
Qualidade de longa duração
290
     1
290
     0
290
     1
290
     1
  1

  1
Renderiza por 12 horas
 90
        5
100
AcDbRapidRTRenderSettings
 90
        3
 70
     1
 90
        1
 90
      720
 70
     2
 70
     2
 40
3.0
 40
3.0
290
     1
  0
RAPIDRTRENDERSETTINGS
  5
511
102
{ACAD_REACTORS
330
50C
102
}
330
50C
100
AcDbRenderSettings
 90
        2
  1
Qualidade de média duração
290
     1
290
     0
290
     1
290
     1
  1

  1
Renderiza por 60 minutos
 90
        4
100
AcDbRapidRTRenderSettings
 90
        3
 70
     1
 90
        1
 90
       60
 70
     2
 70
     2
 40
3.0
 40
3.0
290
     1
  0
SCALE
  5
43
102
{ACAD_REACTORS
330
42
102
}
330
42
100
AcDbScale
 70
     0
300
1:1
140
1.0
141
1.0
290
     1
  0
SCALE
  5
44
102
{ACAD_REACTORS
330
42
102
}
330
42
100
AcDbScale
 70
     0
300
1/128" = 1'-0"
140
0.0078125
141
12.0
290
     0
  0
SCALE
  5
45
102
{ACAD_REACTORS
330
42
102
}
330
42
100
AcDbScale
 70
     0
300
1/64" = 1'-0"
140
0.015625
141
12.0
290
     0
  0
SCALE
  5
46
102
{ACAD_REACTORS
330
42
102
}
330
42
100
AcDbScale
 70
     0
300
1/32" = 1'-0"
140
0.03125
141
12.0
290
     0
  0
SCALE
  5
47
102
{ACAD_REACTORS
330
42
102
}
330
42
100
AcDbScale
 70
     0
300
1/16" = 1'-0"
140
0.0625
141
12.0
290
     0
  0
SCALE
  5
48
102
{ACAD_REACTORS
330
42
102
}
330
42
100
AcDbScale
 70
     0
300
3/32" = 1'-0"
140
0.09375
141
12.0
290
     0
  0
SCALE
  5
49
102
{ACAD_REACTORS
330
42
102
}
330
42
100
AcDbScale
 70
     0
300
1/8" = 1'-0"
140
0.125
141
12.0
290
     0
  0
SCALE
  5
4A
102
{ACAD_REACTORS
330
42
102
}
330
42
100
AcDbScale
 70
     0
300
3/16" = 1'-0"
140
0.1875
141
12.0
290
     0
  0
SCALE
  5
4B
102
{ACAD_REACTORS
330
42
102
}
330
42
100
AcDbScale
 70
     0
300
1/4" = 1'-0"
140
0.25
141
12.0
290
     0
  0
SCALE
  5
4C
102
{ACAD_REACTORS
330
42
102
}
330
42
100
AcDbScale
 70
     0
300
3/8" = 1'-0"
140
0.375
141
12.0
290
     0
  0
SCALE
  5
4D
102
{ACAD_REACTORS
330
42
102
}
330
42
100
AcDbScale
 70
     0
300
1/2" = 1'-0"
140
0.5
141
12.0
290
     0
  0
SCALE
  5
4E
102
{ACAD_REACTORS
330
42
102
}
330
42
100
AcDbScale
 70
     0
300
3/4" = 1'-0"
140
0.75
141
12.0
290
     0
  0
SCALE
  5
4F
102
{ACAD_REACTORS
330
42
102
}
330
42
100
AcDbScale
 70
     0
300
1" = 1'-0"
140
1.0
141
12.0
290
     0
  0
SCALE
  5
50
102
{ACAD_REACTORS
330
42
102
}
330
42
100
AcDbScale
 70
     0
300
1-1/2" = 1'-0"
140
1.5
141
12.0
290
     0
  0
SCALE
  5
51
102
{ACAD_REACTORS
330
42
102
}
330
42
100
AcDbScale
 70
     0
300
3" = 1'-0"
140
3.0
141
12.0
290
     0
  0
SCALE
  5
52
102
{ACAD_REACTORS
330
42
102
}
330
42
100
AcDbScale
 70
     0
300
6" = 1'-0"
140
6.0
141
12.0
290
     0
  0
SCALE
  5
53
102
{ACAD_REACTORS
330
42
102
}
330
42
100
AcDbScale
 70
     0
300
1'-0" = 1'-0"
140
12.0
141
12.0
290
     0
  0
ACDBSECTIONVIEWSTYLE
  5
69
102
{ACAD_REACTORS
330
68
102
}
330
68
100
AcDbModelDocViewStyle
 70
     0
  3
Imperial24
290
     1
300
Imperial24
 90
        0
100
AcDbSectionViewStyle
 70
     0
 71
     0
 90
       78
 71
     1
340
55
 62
   256
 40
0.24
340
0
340
0
 62
   256
 40
0.24
300
I, O, Q, S, X, Z
 40
0.48
 90
        3
 40
0.18
 90
        1
 71
     2
340
5D
 90
       25
 62
   256
340
5D
 90
       50
 62
   256
 40
0.24
 40
0.0
 40
0.24
 71
     3
340
55
 62
   256
 40
0.24
 90
        1
 40
0.75
 90
        1
300
%<\AcVar ViewType \f "%tc1">% %<\AcVar ViewSectionStartId>%-%<\AcVar ViewSectionEndId>%\PSCALE %<\AcVar ViewScale \f "%sn">%
 71
     4
 62
   256
 62
   257
300
ANSI31
 40
1.0
 90
        0
290
     0
290
     0
 90
        6
 40
0.0
 40
1.570796326794896
 40
0.2617993877991494
 40
1.308996938995747
 40
-0.2617993877991494
 40
1.832595714594046
  0
ACDBSECTIONVIEWSTYLE
  5
503
102
{ACAD_REACTORS
330
68
102
}
330
68
100
AcDbModelDocViewStyle
 70
     0
  3
Metric50
290
     1
300
Metric50
 90
        0
100
AcDbSectionViewStyle
 70
     0
 71
     0
 90
      102
 71
     1
340
55
 62
   256
 40
5.0
340
0
340
0
 62
   256
 40
5.0
300
I, O, Q, S, X, Z
 40
10.0
 90
        0
 40
2.5
 90
        0
 71
     2
340
5D
 90
       25
 62
   256
340
5D
 90
       50
 62
   256
 40
5.0
 40
2.5
 40
5.0
 71
     3
340
55
 62
   256
 40
5.0
 90
        0
 40
15.0
 90
        1
300
%<\AcVar ViewSectionStartId>%-%<\AcVar ViewSectionEndId>% (%<\AcVar ViewScale \f "%sn">%)
 71
     4
 62
   256
 62
   257
300
ANSI31
 40
1.0
 90
        0
290
     0
290
     0
 90
        6
 40
0.0
 40
1.570796326794896
 40
0.2617993877991494
 40
1.308996938995747
 40
-0.2617993877991494
 40
1.832595714594046
  0
TABLESTYLE
  5
65
102
{ACAD_XDICTIONARY
360
65A
102
}
102
{ACAD_REACTORS
330
64
102
}
330
64
100
AcDbTableStyle
280
     0
  3
Standard
 70
     0
 71
     0
 40
0.06
 41
0.06
280
     0
281
     0
  7
Standard
140
0.18
170
     2
 62
     0
 63
     7
283
     0
 90
      512
 91
        0
  1

274
    -2
284
     1
 64
     0
275
    -2
285
     1
 65
     0
276
    -2
286
     1
 66
     0
277
    -2
287
     1
 67
     0
278
    -2
288
     1
 68
     0
279
    -2
289
     1
 69
     0
  7
Standard
140
0.25
170
     5
 62
     0
 63
     7
283
     0
 90
      512
 91
        0
  1

274
    -2
284
     1
 64
     0
275
    -2
285
     1
 65
     0
276
    -2
286
     1
 66
     0
277
    -2
287
     1
 67
     0
278
    -2
288
     1
 68
     0
279
    -2
289
     1
 69
     0
  7
Standard
140
0.18
170
     5
 62
     0
 63
     7
283
     0
 90
      512
 91
        0
  1

274
    -2
284
     1
 64
     0
275
    -2
285
     1
 65
     0
276
    -2
286
     1
 66
     0
277
    -2
287
     1
 67
     0
278
    -2
288
     1
 68
     0
279
    -2
289
     1
 69
     0
  0
VISUALSTYLE
  5
2F
102
{ACAD_REACTORS
330
29
102
}
330
29
100
AcDbVisualStyle
  2
2dWireframe
 70
     4
177
     3
291
     0
 70
    58
 90
        0
176
     1
 90
        2
176
     1
 90
        0
176
     1
 90
        0
176
     1
 40
0.6
176
     1
 40
30.0
176
     1
 62
     7
420
 16777215
176
     1
 90
        1
176
     1
 90
        4
176
     1
 62
     7
176
     1
 62
   257
176
     1
 90
        1
176
     1
 90
        1
176
     1
 40
1.0
176
     1
 90
        0
176
     1
 62
   257
176
     1
 40
1.0
176
     1
 90
        1
176
     1
 90
        6
176
     1
 90
        2
176
     1
 62
     7
176
     1
 90
        5
176
     1
 90
        0
176
     1
 90
        0
176
     1
290
     0
176
     1
 90
        1
176
     1
 40
0.0
176
     1
 90
        0
176
     1
290
     1
176
     1
290
     1
176
     1
290
     0
176
     1
290
     0
176
     1
290
     0
176
     1
290
     0
176
     1
290
     0
176
     1
290
     0
176
     1
290
     0
176
     1
 90
       50
176
     1
 40
0.0
176
     1
 40
1.0
176
     1
 90
        0
176
     1
 62
    18
420
        0
176
     1
 90
       50
176
     1
 90
        3
176
     1
 62
     5
420
      255
176
     1
290
     0
176
     1
 90
       50
176
     1
 90
       50
176
     1
 90
       50
176
     1
290
     0
176
     1
 90
       50
176
     1
 62
   256
176
     0
 40
1.0
176
     0
 90
        2
176
     1
  1
strokes_ogs.tif
176
     1
290
     0
176
     1
 40
1.0
176
     1
 40
1.0
176
     1
  0
VISUALSTYLE
  5
2E
102
{ACAD_REACTORS
330
29
102
}
330
29
100
AcDbVisualStyle
  2
Basic
 70
     7
177
     3
291
     1
 70
    58
 90
        1
176
     1
 90
        0
176
     1
 90
        1
176
     1
 90
        0
176
     1
 40
0.6
176
     1
 40
30.0
176
     1
 62
     7
420
 16777215
176
     1
 90
        0
176
     1
 90
        4
176
     1
 62
     7
176
     1
 62
   257
176
     1
 90
        1
176
     1
 90
        1
176
     1
 40
1.0
176
     1
 90
        8
176
     1
 62
     7
176
     1
 40
1.0
176
     1
 90
        1
176
     1
 90
        6
176
     1
 90
        2
176
     1
 62
     7
176
     1
 90
        5
176
     1
 90
        0
176
     1
 90
        0
176
     1
290
     0
176
     1
 90
        1
176
     1
 40
0.0
176
     1
 90
        0
176
     1
290
     0
176
     1
290
     1
176
     1
290
     1
176
     1
290
     0
176
     1
290
     0
176
     1
290
     0
176
     1
290
     0
176
     1
290
     0
176
     1
290
     0
176
     1
 90
       50
176
     1
 40
0.0
176
     1
 40
1.0
176
     1
 90
        0
176
     1
 62
    18
420
        0
176
     1
 90
       50
176
     1
 90
        3
176
     1
 62
     5
420
      255
176
     1
290
     0
176
     1
 90
       50
176
     1
 90
       50
176
     1
 90
       50
176
     1
290
     0
176
     1
 90
       50
176
     1
 62
   256
176
     0
 40
1.0
176
     0
 90
        2
176
     1
  1
strokes_ogs.tif
176
     1
290
     0
176
     1
 40
1.0
176
     1
 40
1.0
176
     1
  0
VISUALSTYLE
  5
35
102
{ACAD_REACTORS
330
29
102
}
330
29
100
AcDbVisualStyle
  2
Brighten
 70
    12
177
     3
291
     1
 70
    58
 90
        2
176
     1
 90
        2
176
     1
 90
        0
176
     1
 90
        0
176
     1
 40
0.6
176
     1
 40
30.0
176
     1
 62
     7
420
 16777215
176
     1
 90
        1
176
     1
 90
        4
176
     1
 62
     7
176
     1
 62
   257
176
     1
 90
        1
176
     1
 90
        1
176
     1
 40
1.0
176
     1
 90
        8
176
     1
 62
     7
176
     1
 40
1.0
176
     1
 90
        1
176
     1
 90
        6
176
     1
 90
        2
176
     1
 62
     7
176
     1
 90
        5
176
     1
 90
        0
176
     1
 90
        0
176
     1
290
     0
176
     1
 90
        1
176
     1
 40
50.0
176
     1
 90
        0
176
     1
290
     0
176
     1
290
     1
176
     1
290
     1
176
     1
290
     0
176
     1
290
     0
176
     1
290
     0
176
     1
290
     0
176
     1
290
     0
176
     1
290
     0
176
     1
 90
       50
176
     1
 40
0.0
176
     1
 40
1.0
176
     1
 90
        0
176
     1
 62
    18
420
        0
176
     1
 90
       50
176
     1
 90
        3
176
     1
 62
     5
420
      255
176
     1
290
     0
176
     1
 90
       50
176
     1
 90
       50
176
     1
 90
       50
176
     1
290
     0
176
     1
 90
       50
176
     1
 62
   256
176
     0
 40
1.0
176
     0
 90
        2
176
     1
  1
strokes_ogs.tif
176
     1
290
     0
176
     1
 40
1.0
176
     1
 40
1.0
176
     1
  0
VISUALSTYLE
  5
39
102
{ACAD_REACTORS
330
29
102
}
330
29
100
AcDbVisualStyle
  2
ColorChange
 70
    16
177
     3
291
     1
 70
    58
 90
        2
176
     1
 90
        2
176
     1
 90
        3
176
     1
 90
        0
176
     1
 40
0.6
176
     1
 40
30.0
176
     1
 62
     8
420
  8421504
176
     1
 90
        1
176
     1
 90
        4
176
     1
 62
     7
176
     1
 62
   257
176
     1
 90
        1
176
     1
 90
        1
176
     1
 40
1.0
176
     1
 90
        8
176
     1
 62
     8
420
  8421504
176
     1
 40
1.0
176
     1
 90
        1
176
     1
 90
        6
176
     1
 90
        2
176
     1
 62
     7
176
     1
 90
        5
176
     1
 90
        0
176
     1
 90
        0
176
     1
290
     0
176
     1
 90
        1
176
     1
 40
0.0
176
     1
 90
        0
176
     1
290
     0
176
     1
290
     1
176
     1
290
     1
176
     1
290
     0
176
     1
290
     0
176
     1
290
     0
176
     1
290
     0
176
     1
290
     0
176
     1
290
     0
176
     1
 90
       50
176
     1
 40
0.0
176
     1
 40
1.0
176
     1
 90
        0
176
     1
 62
    18
420
        0
176
     1
 90
       50
176
     1
 90
        3
176
     1
 62
     5
420
      255
176
     1
290
     0
176
     1
 90
       50
176
     1
 90
       50
176
     1
 90
       50
176
     1
290
     0
176
     1
 90
       50
176
     1
 62
   256
176
     0
 40
1.0
176
     0
 90
        2
176
     1
  1
strokes_ogs.tif
176
     1
290
     0
176
     1
 40
1.0
176
     1
 40
1.0
176
     1
  0
VISUALSTYLE
  5
32
102
{ACAD_REACTORS
330
29
102
}
330
29
100
AcDbVisualStyle
  2
Conceptual
 70
     9
177
     3
291
     0
 70
    58
 90
        3
176
     1
 90
        2
176
     1
 90
        0
176
     1
 90
        0
176
     1
 40
0.6
176
     1
 40
30.0
176
     1
 62
     7
420
 16777215
176
     1
 90
        2
176
     1
 90
        2
176
     1
 62
     7
176
     1
 62
   257
176
     1
 90
        1
176
     1
 90
        1
176
     1
 40
179.0
176
     1
 90
        8
176
     1
 62
     7
176
     1
 40
1.0
176
     1
 90
        1
176
     1
 90
        6
176
     1
 90
        2
176
     1
 62
     7
176
     1
 90
        3
176
     1
 90
        0
176
     1
 90
        0
176
     1
290
     0
176
     1
 90
        1
176
     1
 40
0.0
176
     1
 90
        0
176
     1
290
     0
176
     1
290
     1
176
     1
290
     1
176
     1
290
     0
176
     1
290
     0
176
     1
290
     0
176
     1
290
     0
176
     1
290
     0
176
     1
290
     0
176
     1
 90
       50
176
     1
 40
0.0
176
     1
 40
1.0
176
     1
 90
        0
176
     1
 62
    18
420
        0
176
     1
 90
       50
176
     1
 90
        3
176
     1
 62
     5
420
      255
176
     1
290
     0
176
     1
 90
       50
176
     1
 90
       50
176
     1
 90
       50
176
     1
290
     0
176
     1
 90
       50
176
     1
 62
   256
176
     0
 40
1.0
176
     0
 90
        2
176
     1
  1
strokes_ogs.tif
176
     1
290
     0
176
     1
 40
1.0
176
     1
 40
1.0
176
     1
  0
VISUALSTYLE
  5
34
102
{ACAD_REACTORS
330
29
102
}
330
29
100
AcDbVisualStyle
  2
Dim
 70
    11
177
     3
291
     1
 70
    58
 90
        2
176
     1
 90
        2
176
     1
 90
        0
176
     1
 90
        0
176
     1
 40
0.6
176
     1
 40
30.0
176
     1
 62
     7
420
 16777215
176
     1
 90
        1
176
     1
 90
        4
176
     1
 62
     7
176
     1
 62
   257
176
     1
 90
        1
176
     1
 90
        1
176
     1
 40
1.0
176
     1
 90
        8
176
     1
 62
     7
176
     1
 40
1.0
176
     1
 90
        1
176
     1
 90
        6
176
     1
 90
        2
176
     1
 62
     7
176
     1
 90
        5
176
     1
 90
        0
176
     1
 90
        0
176
     1
290
     0
176
     1
 90
        1
176
     1
 40
-50.0
176
     1
 90
        0
176
     1
290
     0
176
     1
290
     1
176
     1
290
     1
176
     1
290
     0
176
     1
290
     0
176
     1
290
     0
176
     1
290
     0
176
     1
290
     0
176
     1
290
     0
176
     1
 90
       50
176
     1
 40
0.0
176
     1
 40
1.0
176
     1
 90
        0
176
     1
 62
    18
420
        0
176
     1
 90
       50
176
     1
 90
        3
176
     1
 62
     5
420
      255
176
     1
290
     0
176
     1
 90
       50
176
     1
 90
       50
176
     1
 90
       50
176
     1
290
     0
176
     1
 90
       50
176
     1
 62
   256
176
     0
 40
1.0
176
     0
 90
        2
176
     1
  1
strokes_ogs.tif
176
     1
290
     0
176
     1
 40
1.0
176
     1
 40
1.0
176
     1
  0
VISUALSTYLE
  5
41
102
{ACAD_REACTORS
330
29
102
}
330
29
100
AcDbVisualStyle
  2
EdgeColorOff
 70
    22
177
     3
291
     1
 70
    58
 90
        2
176
     0
 90
        2
176
     0
 90
        0
176
     0
 90
        0
176
     0
 40
0.6
176
     0
 40
30.0
176
     0
 62
     7
420
 16777215
176
     0
 90
        1
176
     0
 90
        4
176
     0
 62
     7
176
     0
 62
   257
176
     0
 90
        1
176
     0
 90
        1
176
     0
 40
1.0
176
     0
 90
        8
176
     2
 62
     7
176
     0
 40
1.0
176
     0
 90
        1
176
     0
 90
        6
176
     0
 90
        2
176
     0
 62
     7
176
     0
 90
        5
176
     0
 90
        0
176
     0
 90
        0
176
     0
290
     0
176
     0
 90
        1
176
     0
 40
0.0
176
     0
 90
        0
176
     0
290
     0
176
     0
290
     1
176
     0
290
     1
176
     0
290
     0
176
     0
290
     0
176
     0
290
     0
176
     0
290
     0
176
     0
290
     0
176
     0
290
     0
176
     0
 90
       50
176
     0
 40
0.0
176
     0
 40
1.0
176
     0
 90
        0
176
     0
 62
    18
420
        0
176
     0
 90
       50
176
     0
 90
        3
176
     0
 62
     5
420
      255
176
     0
290
     0
176
     0
 90
       50
176
     0
 90
       50
176
     0
 90
       50
176
     0
290
     0
176
     0
 90
       50
176
     0
 62
   256
176
     0
 40
1.0
176
     0
 90
        2
176
     0
  1
strokes_ogs.tif
176
     0
290
     0
176
     0
 40
1.0
176
     0
 40
1.0
176
     0
  0
VISUALSTYLE
  5
38
102
{ACAD_REACTORS
330
29
102
}
330
29
100
AcDbVisualStyle
  2
Facepattern
 70
    15
177
     3
291
     1
 70
    58
 90
        2
176
     1
 90
        2
176
     1
 90
        0
176
     1
 90
        0
176
     1
 40
0.6
176
     1
 40
30.0
176
     1
 62
     7
420
 16777215
176
     1
 90
        1
176
     1
 90
        4
176
     1
 62
     7
176
     1
 62
   257
176
     1
 90
        1
176
     1
 90
        1
176
     1
 40
1.0
176
     1
 90
        8
176
     1
 62
     7
176
     1
 40
1.0
176
     1
 90
        1
176
     1
 90
        6
176
     1
 90
        2
176
     1
 62
     7
176
     1
 90
        5
176
     1
 90
        0
176
     1
 90
        0
176
     1
290
     0
176
     1
 90
        1
176
     1
 40
0.0
176
     1
 90
        0
176
     1
290
     0
176
     1
290
     1
176
     1
290
     1
176
     1
290
     0
176
     1
290
     0
176
     1
290
     0
176
     1
290
     0
176
     1
290
     0
176
     1
290
     0
176
     1
 90
       50
176
     1
 40
0.0
176
     1
 40
1.0
176
     1
 90
        0
176
     1
 62
    18
420
        0
176
     1
 90
       50
176
     1
 90
        3
176
     1
 62
     5
420
      255
176
     1
290
     0
176
     1
 90
       50
176
     1
 90
       50
176
     1
 90
       50
176
     1
290
     0
176
     1
 90
       50
176
     1
 62
   256
176
     0
 40
1.0
176
     0
 90
        2
176
     1
  1
strokes_ogs.tif
176
     1
290
     0
176
     1
 40
1.0
176
     1
 40
1.0
176
     1
  0
VISUALSTYLE
  5
2A
102
{ACAD_REACTORS
330
29
102
}
330
29
100
AcDbVisualStyle
  2
Flat
 70
     0
177
     3
291
     1
 70
    58
 90
        2
176
     1
 90
        1
176
     1
 90
        1
176
     1
 90
        2
176
     1
 40
0.6
176
     1
 40
30.0
176
     1
 62
     7
420
 16777215
176
     1
 90
        0
176
     1
 90
        0
176
     1
 62
     7
176
     1
 62
   257
176
     1
 90
        1
176
     1
 90
        1
176
     1
 40
1.0
176
     1
 90
        8
176
     1
 62
     7
176
     1
 40
1.0
176
     1
 90
        1
176
     1
 90
        6
176
     1
 90
        2
176
     1
 62
     7
176
     1
 90
        5
176
     1
 90
        0
176
     1
 90
        0
176
     1
290
     0
176
     1
 90
       13
176
     1
 40
0.0
176
     1
 90
        0
176
     1
290
     0
176
     1
290
     1
176
     1
290
     1
176
     1
290
     0
176
     1
290
     0
176
     1
290
     0
176
     1
290
     0
176
     1
290
     0
176
     1
290
     0
176
     1
 90
       50
176
     1
 40
0.0
176
     1
 40
1.0
176
     1
 90
        0
176
     1
 62
    18
420
        0
176
     1
 90
       50
176
     1
 90
        3
176
     1
 62
     5
420
      255
176
     1
290
     0
176
     1
 90
       50
176
     1
 90
       50
176
     1
 90
       50
176
     1
290
     0
176
     1
 90
       50
176
     1
 62
   256
176
     0
 40
1.0
176
     0
 90
        2
176
     1
  1
strokes_ogs.tif
176
     1
290
     0
176
     1
 40
1.0
176
     1
 40
1.0
176
     1
  0
VISUALSTYLE
  5
2B
102
{ACAD_REACTORS
330
29
102
}
330
29
100
AcDbVisualStyle
  2
FlatWithEdges
 70
     1
177
     3
291
     1
 70
    58
 90
        2
176
     1
 90
        1
176
     1
 90
        1
176
     1
 90
        2
176
     1
 40
0.6
176
     1
 40
30.0
176
     1
 62
     7
420
 16777215
176
     1
 90
        1
176
     1
 90
        0
176
     1
 62
     7
176
     1
 62
   257
176
     1
 90
        1
176
     1
 90
        1
176
     1
 40
1.0
176
     1
 90
        0
176
     1
 62
   257
176
     1
 40
1.0
176
     1
 90
        1
176
     1
 90
        6
176
     1
 90
        2
176
     1
 62
     7
176
     1
 90
        5
176
     1
 90
        0
176
     1
 90
        0
176
     1
290
     0
176
     1
 90
       13
176
     1
 40
0.0
176
     1
 90
        0
176
     1
290
     0
176
     1
290
     1
176
     1
290
     1
176
     1
290
     0
176
     1
290
     0
176
     1
290
     0
176
     1
290
     0
176
     1
290
     0
176
     1
290
     0
176
     1
 90
       50
176
     1
 40
0.0
176
     1
 40
1.0
176
     1
 90
        0
176
     1
 62
    18
420
        0
176
     1
 90
       50
176
     1
 90
        3
176
     1
 62
     5
420
      255
176
     1
290
     0
176
     1
 90
       50
176
     1
 90
       50
176
     1
 90
       50
176
     1
290
     0
176
     1
 90
       50
176
     1
 62
   256
176
     0
 40
1.0
176
     0
 90
        2
176
     1
  1
strokes_ogs.tif
176
     1
290
     0
176
     1
 40
1.0
176
     1
 40
1.0
176
     1
  0
VISUALSTYLE
  5
2C
102
{ACAD_REACTORS
330
29
102
}
330
29
100
AcDbVisualStyle
  2
Gouraud
 70
     2
177
     3
291
     1
 70
    58
 90
        2
176
     1
 90
        2
176
     1
 90
        1
176
     1
 90
        2
176
     1
 40
0.6
176
     1
 40
30.0
176
     1
 62
     7
420
 16777215
176
     1
 90
        0
176
     1
 90
        0
176
     1
 62
     7
176
     1
 62
   257
176
     1
 90
        1
176
     1
 90
        1
176
     1
 40
1.0
176
     1
 90
        0
176
     1
 62
     7
176
     1
 40
1.0
176
     1
 90
        1
176
     1
 90
        6
176
     1
 90
        2
176
     1
 62
     7
176
     1
 90
        5
176
     1
 90
        0
176
     1
 90
        0
176
     1
290
     0
176
     1
 90
       13
176
     1
 40
0.0
176
     1
 90
        0
176
     1
290
     0
176
     1
290
     1
176
     1
290
     1
176
     1
290
     0
176
     1
290
     0
176
     1
290
     0
176
     1
290
     0
176
     1
290
     0
176
     1
290
     0
176
     1
 90
       50
176
     1
 40
0.0
176
     1
 40
1.0
176
     1
 90
        0
176
     1
 62
    18
420
        0
176
     1
 90
       50
176
     1
 90
        3
176
     1
 62
     5
420
      255
176
     1
290
     0
176
     1
 90
       50
176
     1
 90
       50
176
     1
 90
       50
176
     1
290
     0
176
     1
 90
       50
176
     1
 62
   256
176
     0
 40
1.0
176
     0
 90
        2
176
     1
  1
strokes_ogs.tif
176
     1
290
     0
176
     1
 40
1.0
176
     1
 40
1.0
176
     1
  0
VISUALSTYLE
  5
2D
102
{ACAD_REACTORS
330
29
102
}
330
29
100
AcDbVisualStyle
  2
GouraudWithEdges
 70
     3
177
     3
291
     1
 70
    58
 90
        2
176
     1
 90
        2
176
     1
 90
        1
176
     1
 90
        2
176
     1
 40
0.6
176
     1
 40
30.0
176
     1
 62
     7
420
 16777215
176
     1
 90
        1
176
     1
 90
        0
176
     1
 62
     7
176
     1
 62
   257
176
     1
 90
        1
176
     1
 90
        1
176
     1
 40
1.0
176
     1
 90
        0
176
     1
 62
   257
176
     1
 40
1.0
176
     1
 90
        1
176
     1
 90
        6
176
     1
 90
        2
176
     1
 62
     7
176
     1
 90
        5
176
     1
 90
        0
176
     1
 90
        0
176
     1
290
     0
176
     1
 90
       13
176
     1
 40
0.0
176
     1
 90
        0
176
     1
290
     0
176
     1
290
     1
176
     1
290
     1
176
     1
290
     0
176
     1
290
     0
176
     1
290
     0
176
     1
290
     0
176
     1
290
     0
176
     1
290
     0
176
     1
 90
       50
176
     1
 40
0.0
176
     1
 40
1.0
176
     1
 90
        0
176
     1
 62
    18
420
        0
176
     1
 90
       50
176
     1
 90
        3
176
     1
 62
     5
420
      255
176
     1
290
     0
176
     1
 90
       50
176
     1
 90
       50
176
     1
 90
       50
176
     1
290
     0
176
     1
 90
       50
176
     1
 62
   256
176
     0
 40
1.0
176
     0
 90
        2
176
     1
  1
strokes_ogs.tif
176
     1
290
     0
176
     1
 40
1.0
176
     1
 40
1.0
176
     1
  0
VISUALSTYLE
  5
31
102
{ACAD_REACTORS
330
29
102
}
330
29
100
AcDbVisualStyle
  2
Hidden
 70
     6
177
     3
291
     0
 70
    58
 90
        1
176
     1
 90
        2
176
     1
 90
        2
176
     1
 90
        0
176
     1
 40
0.6
176
     1
 40
30.0
176
     1
 62
     7
420
 16777215
176
     1
 90
        2
176
     1
 90
        2
176
     1
 62
     7
176
     1
 62
   257
176
     1
 90
        2
176
     1
 90
        1
176
     1
 40
40.0
176
     1
 90
        0
176
     1
 62
   257
176
     1
 40
1.0
176
     1
 90
        1
176
     1
 90
        6
176
     1
 90
        2
176
     1
 62
     7
176
     1
 90
        3
176
     1
 90
        0
176
     1
 90
        0
176
     1
290
     0
176
     1
 90
        1
176
     1
 40
0.0
176
     1
 90
        0
176
     1
290
     0
176
     1
290
     1
176
     1
290
     1
176
     1
290
     0
176
     1
290
     0
176
     1
290
     0
176
     1
290
     0
176
     1
290
     0
176
     1
290
     0
176
     1
 90
       50
176
     1
 40
0.0
176
     1
 40
1.0
176
     1
 90
        0
176
     1
 62
    18
420
        0
176
     1
 90
       50
176
     1
 90
        3
176
     1
 62
     5
420
      255
176
     1
290
     0
176
     1
 90
       50
176
     1
 90
       50
176
     1
 90
       50
176
     1
290
     0
176
     1
 90
       50
176
     1
 62
   256
176
     0
 40
1.0
176
     0
 90
        2
176
     1
  1
strokes_ogs.tif
176
     1
290
     0
176
     1
 40
1.0
176
     1
 40
1.0
176
     1
  0
VISUALSTYLE
  5
3F
102
{ACAD_REACTORS
330
29
102
}
330
29
100
AcDbVisualStyle
  2
JitterOff
 70
    20
177
     3
291
     1
 70
    58
 90
        2
176
     0
 90
        2
176
     0
 90
        0
176
     0
 90
        0
176
     0
 40
0.6
176
     0
 40
30.0
176
     0
 62
     7
420
 16777215
176
     0
 90
        1
176
     0
 90
        4
176
     0
 62
     7
176
     0
 62
   257
176
     0
 90
        1
176
     0
 90
        1
176
     0
 40
1.0
176
     0
 90
       10
176
     2
 62
     7
176
     0
 40
1.0
176
     0
 90
        1
176
     0
 90
        6
176
     0
 90
        2
176
     0
 62
     7
176
     0
 90
        5
176
     0
 90
        0
176
     0
 90
        0
176
     0
290
     0
176
     0
 90
        1
176
     0
 40
0.0
176
     0
 90
        0
176
     0
290
     0
176
     0
290
     1
176
     0
290
     1
176
     0
290
     0
176
     0
290
     0
176
     0
290
     0
176
     0
290
     0
176
     0
290
     0
176
     0
290
     0
176
     0
 90
       50
176
     0
 40
0.0
176
     0
 40
1.0
176
     0
 90
        0
176
     0
 62
    18
420
        0
176
     0
 90
       50
176
     0
 90
        3
176
     0
 62
     5
420
      255
176
     0
290
     0
176
     0
 90
       50
176
     0
 90
       50
176
     0
 90
       50
176
     0
290
     0
176
     0
 90
       50
176
     0
 62
   256
176
     0
 40
1.0
176
     0
 90
        2
176
     0
  1
strokes_ogs.tif
176
     0
290
     0
176
     0
 40
1.0
176
     0
 40
1.0
176
     0
  0
VISUALSTYLE
  5
37
102
{ACAD_REACTORS
330
29
102
}
330
29
100
AcDbVisualStyle
  2
Linepattern
 70
    14
177
     3
291
     1
 70
    58
 90
        2
176
     1
 90
        2
176
     1
 90
        0
176
     1
 90
        0
176
     1
 40
0.6
176
     1
 40
30.0
176
     1
 62
     7
420
 16777215
176
     1
 90
        1
176
     1
 90
        4
176
     1
 62
     7
176
     1
 62
   257
176
     1
 90
        7
176
     1
 90
        7
176
     1
 40
1.0
176
     1
 90
        8
176
     1
 62
     7
176
     1
 40
1.0
176
     1
 90
        1
176
     1
 90
        6
176
     1
 90
        2
176
     1
 62
     7
176
     1
 90
        5
176
     1
 90
        0
176
     1
 90
        0
176
     1
290
     0
176
     1
 90
        1
176
     1
 40
0.0
176
     1
 90
        0
176
     1
290
     0
176
     1
290
     1
176
     1
290
     1
176
     1
290
     0
176
     1
290
     0
176
     1
290
     0
176
     1
290
     0
176
     1
290
     0
176
     1
290
     0
176
     1
 90
       50
176
     1
 40
0.0
176
     1
 40
1.0
176
     1
 90
        0
176
     1
 62
    18
420
        0
176
     1
 90
       50
176
     1
 90
        3
176
     1
 62
     5
420
      255
176
     1
290
     0
176
     1
 90
       50
176
     1
 90
       50
176
     1
 90
       50
176
     1
290
     0
176
     1
 90
       50
176
     1
 62
   256
176
     0
 40
1.0
176
     0
 90
        2
176
     1
  1
strokes_ogs.tif
176
     1
290
     0
176
     1
 40
1.0
176
     1
 40
1.0
176
     1
  0
VISUALSTYLE
  5
40
102
{ACAD_REACTORS
330
29
102
}
330
29
100
AcDbVisualStyle
  2
OverhangOff
 70
    21
177
     3
291
     1
 70
    58
 90
        2
176
     0
 90
        2
176
     0
 90
        0
176
     0
 90
        0
176
     0
 40
0.6
176
     0
 40
30.0
176
     0
 62
     7
420
 16777215
176
     0
 90
        1
176
     0
 90
        4
176
     0
 62
     7
176
     0
 62
   257
176
     0
 90
        1
176
     0
 90
        1
176
     0
 40
1.0
176
     0
 90
        9
176
     2
 62
     7
176
     0
 40
1.0
176
     0
 90
        1
176
     0
 90
        6
176
     0
 90
        2
176
     0
 62
     7
176
     0
 90
        5
176
     0
 90
        0
176
     0
 90
        0
176
     0
290
     0
176
     0
 90
        1
176
     0
 40
0.0
176
     0
 90
        0
176
     0
290
     0
176
     0
290
     1
176
     0
290
     1
176
     0
290
     0
176
     0
290
     0
176
     0
290
     0
176
     0
290
     0
176
     0
290
     0
176
     0
290
     0
176
     0
 90
       50
176
     0
 40
0.0
176
     0
 40
1.0
176
     0
 90
        0
176
     0
 62
    18
420
        0
176
     0
 90
       50
176
     0
 90
        3
176
     0
 62
     5
420
      255
176
     0
290
     0
176
     0
 90
       50
176
     0
 90
       50
176
     0
 90
       50
176
     0
290
     0
176
     0
 90
       50
176
     0
 62
   256
176
     0
 40
1.0
176
     0
 90
        2
176
     0
  1
strokes_ogs.tif
176
     0
290
     0
176
     0
 40
1.0
176
     0
 40
1.0
176
     0
  0
VISUALSTYLE
  5
33
102
{ACAD_REACTORS
330
29
102
}
330
29
100
AcDbVisualStyle
  2
Realistic
 70
     8
177
     3
291
     0
 70
    58
 90
        2
176
     1
 90
        3
176
     1
 90
        0
176
     1
 90
        2
176
     1
 40
0.6
176
     1
 40
30.0
176
     1
 62
     7
420
 16777215
176
     1
 90
        0
176
     1
 90
        0
176
     1
 62
     7
176
     1
 62
   257
176
     1
 90
        1
176
     1
 90
        1
176
     1
 40
1.0
176
     1
 90
        8
176
     1
 62
   257
176
     1
 40
1.0
176
     1
 90
        1
176
     1
 90
        6
176
     1
 90
        2
176
     1
 62
     7
176
     1
 90
        3
176
     1
 90
        0
176
     1
 90
        0
176
     1
290
     0
176
     1
 90
       13
176
     1
 40
0.0
176
     1
 90
        0
176
     1
290
     0
176
     1
290
     1
176
     1
290
     1
176
     1
290
     0
176
     1
290
     0
176
     1
290
     0
176
     1
290
     0
176
     1
290
     0
176
     1
290
     0
176
     1
 90
       50
176
     1
 40
0.0
176
     1
 40
1.0
176
     1
 90
        0
176
     1
 62
    18
420
        0
176
     1
 90
       50
176
     1
 90
        3
176
     1
 62
     5
420
      255
176
     1
290
     0
176
     1
 90
       50
176
     1
 90
       50
176
     1
 90
       50
176
     1
290
     0
176
     1
 90
       50
176
     1
 62
   256
176
     0
 40
1.0
176
     0
 90
        2
176
     1
  1
strokes_ogs.tif
176
     1
290
     0
176
     1
 40
1.0
176
     1
 40
1.0
176
     1
  0
VISUALSTYLE
  5
3E
102
{ACAD_REACTORS
330
29
102
}
330
29
100
AcDbVisualStyle
  2
Shaded
 70
    27
177
     3
291
     0
 70
    58
 90
        2
176
     1
 90
        2
176
     1
 90
        1
176
     1
 90
        2
176
     1
 40
0.6
176
     1
 40
30.0
176
     1
 62
     7
420
 16777215
176
     1
 90
        0
176
     1
 90
        4
176
     1
 62
     7
176
     1
 62
   257
176
     1
 90
        1
176
     1
 90
        1
176
     1
 40
1.0
176
     1
 90
        8
176
     1
 62
   257
176
     1
 40
1.0
176
     1
 90
        1
176
     1
 90
        6
176
     1
 90
        2
176
     1
 62
     8
420
  7895160
176
     1
 90
        3
176
     1
 90
        0
176
     1
 90
        0
176
     1
290
     0
176
     1
 90
        5
176
     1
 40
0.0
176
     1
 90
        0
176
     1
290
     0
176
     1
290
     1
176
     1
290
     1
176
     1
290
     0
176
     1
290
     0
176
     1
290
     0
176
     1
290
     0
176
     1
290
     0
176
     1
290
     0
176
     1
 90
       50
176
     1
 40
0.0
176
     1
 40
1.0
176
     1
 90
        0
176
     1
 62
    18
420
        0
176
     1
 90
       50
176
     1
 90
        3
176
     1
 62
     5
420
      255
176
     1
290
     0
176
     1
 90
       50
176
     1
 90
       50
176
     1
 90
       50
176
     1
290
     0
176
     1
 90
       50
176
     1
 62
   256
176
     0
 40
1.0
176
     0
 90
        2
176
     1
  1
strokes_ogs.tif
176
     1
290
     0
176
     1
 40
1.0
176
     1
 40
1.0
176
     1
  0
VISUALSTYLE
  5
3D
102
{ACAD_REACTORS
330
29
102
}
330
29
100
AcDbVisualStyle
  2
Shaded with edges
 70
    26
177
     3
291
     0
 70
    58
 90
        2
176
     1
 90
        2
176
     1
 90
        1
176
     1
 90
        2
176
     1
 40
0.6
176
     1
 40
30.0
176
     1
 62
     7
420
 16777215
176
     1
 90
        1
176
     1
 90
        2
176
     1
 62
     7
176
     1
 62
   257
176
     1
 90
        2
176
     1
 90
        1
176
     1
 40
1.0
176
     1
 90
        8
176
     1
 62
   257
176
     1
 40
1.0
176
     1
 90
        1
176
     1
 90
        6
176
     1
 90
        2
176
     1
 62
     7
176
     1
 90
        3
176
     1
 90
        0
176
     1
 90
        0
176
     1
290
     0
176
     1
 90
        5
176
     1
 40
0.0
176
     1
 90
        0
176
     1
290
     0
176
     1
290
     1
176
     1
290
     1
176
     1
290
     0
176
     1
290
     0
176
     1
290
     0
176
     1
290
     0
176
     1
290
     0
176
     1
290
     0
176
     1
 90
       50
176
     1
 40
0.0
176
     1
 40
1.0
176
     1
 90
        0
176
     1
 62
    18
420
        0
176
     1
 90
       50
176
     1
 90
        3
176
     1
 62
     5
420
      255
176
     1
290
     0
176
     1
 90
       50
176
     1
 90
       50
176
     1
 90
       50
176
     1
290
     0
176
     1
 90
       50
176
     1
 62
   256
176
     0
 40
1.0
176
     0
 90
        2
176
     1
  1
strokes_ogs.tif
176
     1
290
     0
176
     1
 40
1.0
176
     1
 40
1.0
176
     1
  0
VISUALSTYLE
  5
3A
102
{ACAD_REACTORS
330
29
102
}
330
29
100
AcDbVisualStyle
  2
Shades of Gray
 70
    23
177
     3
291
     0
 70
    58
 90
        2
176
     1
 90
        2
176
     1
 90
        3
176
     1
 90
        0
176
     1
 40
0.6
176
     1
 40
30.0
176
     1
 62
     7
420
 16777215
176
     1
 90
        2
176
     1
 90
        2
176
     1
 62
     7
176
     1
 62
     7
176
     1
 90
        1
176
     1
 90
        1
176
     1
 40
40.0
176
     1
 90
        8
176
     1
 62
     7
176
     1
 40
1.0
176
     1
 90
        1
176
     1
 90
        6
176
     1
 90
        2
176
     1
 62
     7
176
     1
 90
        3
176
     1
 90
        0
176
     1
 90
        0
176
     1
290
     0
176
     1
 90
        1
176
     1
 40
0.0
176
     1
 90
        0
176
     1
290
     0
176
     1
290
     1
176
     1
290
     1
176
     1
290
     0
176
     1
290
     0
176
     1
290
     0
176
     1
290
     0
176
     1
290
     0
176
     1
290
     0
176
     1
 90
       50
176
     1
 40
0.0
176
     1
 40
1.0
176
     1
 90
        0
176
     1
 62
    18
420
        0
176
     1
 90
       50
176
     1
 90
        3
176
     1
 62
     5
420
      255
176
     1
290
     0
176
     1
 90
       50
176
     1
 90
       50
176
     1
 90
       50
176
     1
290
     0
176
     1
 90
       50
176
     1
 62
   256
176
     0
 40
1.0
176
     0
 90
        2
176
     1
  1
strokes_ogs.tif
176
     1
290
     0
176
     1
 40
1.0
176
     1
 40
1.0
176
     1
  0
VISUALSTYLE
  5
3B
102
{ACAD_REACTORS
330
29
102
}
330
29
100
AcDbVisualStyle
  2
Sketchy
 70
    24
177
     3
291
     0
 70
    58
 90
        1
176
     1
 90
        2
176
     1
 90
        2
176
     1
 90
        0
176
     1
 40
0.6
176
     1
 40
30.0
176
     1
 62
     7
420
 16777215
176
     1
 90
        2
176
     1
 90
        2
176
     1
 62
     7
176
     1
 62
     7
176
     1
 90
        1
176
     1
 90
        1
176
     1
 40
40.0
176
     1
 90
       11
176
     1
 62
     7
176
     1
 40
1.0
176
     1
 90
        1
176
     1
 90
        6
176
     1
 90
        2
176
     1
 62
     7
176
     1
 90
        6
176
     1
 90
        0
176
     1
 90
        0
176
     1
290
     0
176
     1
 90
        1
176
     1
 40
0.0
176
     1
 90
        0
176
     1
290
     0
176
     1
290
     1
176
     1
290
     1
176
     1
290
     0
176
     1
290
     0
176
     1
290
     0
176
     1
290
     0
176
     1
290
     0
176
     1
290
     0
176
     1
 90
       50
176
     1
 40
0.0
176
     1
 40
1.0
176
     1
 90
        0
176
     1
 62
    18
420
        0
176
     1
 90
       50
176
     1
 90
        3
176
     1
 62
     5
420
      255
176
     1
290
     0
176
     1
 90
       50
176
     1
 90
       50
176
     1
 90
       50
176
     1
290
     0
176
     1
 90
       50
176
     1
 62
   256
176
     0
 40
1.0
176
     0
 90
        2
176
     1
  1
strokes_ogs.tif
176
     1
290
     0
176
     1
 40
1.0
176
     1
 40
1.0
176
     1
  0
VISUALSTYLE
  5
36
102
{ACAD_REACTORS
330
29
102
}
330
29
100
AcDbVisualStyle
  2
Thicken
 70
    13
177
     3
291
     1
 70
    58
 90
        2
176
     1
 90
        2
176
     1
 90
        0
176
     1
 90
        0
176
     1
 40
0.6
176
     1
 40
30.0
176
     1
 62
     7
420
 16777215
176
     1
 90
        1
176
     1
 90
        4
176
     1
 62
     7
176
     1
 62
   257
176
     1
 90
        1
176
     1
 90
        1
176
     1
 40
1.0
176
     1
 90
       12
176
     1
 62
     7
176
     1
 40
1.0
176
     1
 90
        1
176
     1
 90
        6
176
     1
 90
        2
176
     1
 62
     7
176
     1
 90
        5
176
     1
 90
        0
176
     1
 90
        0
176
     1
290
     0
176
     1
 90
        1
176
     1
 40
0.0
176
     1
 90
        0
176
     1
290
     0
176
     1
290
     1
176
     1
290
     1
176
     1
290
     0
176
     1
290
     0
176
     1
290
     0
176
     1
290
     0
176
     1
290
     0
176
     1
290
     0
176
     1
 90
       50
176
     1
 40
0.0
176
     1
 40
1.0
176
     1
 90
        0
176
     1
 62
    18
420
        0
176
     1
 90
       50
176
     1
 90
        3
176
     1
 62
     5
420
      255
176
     1
290
     0
176
     1
 90
       50
176
     1
 90
       50
176
     1
 90
       50
176
     1
290
     0
176
     1
 90
       50
176
     1
 62
   256
176
     0
 40
1.0
176
     0
 90
        2
176
     1
  1
strokes_ogs.tif
176
     1
290
     0
176
     1
 40
1.0
176
     1
 40
1.0
176
     1
  0
VISUALSTYLE
  5
30
102
{ACAD_REACTORS
330
29
102
}
330
29
100
AcDbVisualStyle
  2
Wireframe
 70
     5
177
     3
291
     0
 70
    58
 90
        0
176
     1
 90
        2
176
     1
 90
        0
176
     1
 90
        0
176
     1
 40
0.6
176
     1
 40
30.0
176
     1
 62
     7
420
 16777215
176
     1
 90
        1
176
     1
 90
        4
176
     1
 62
     7
176
     1
 62
   257
176
     1
 90
        1
176
     1
 90
        1
176
     1
 40
1.0
176
     1
 90
        0
176
     1
 62
   257
176
     1
 40
1.0
176
     1
 90
        1
176
     1
 90
        6
176
     1
 90
        2
176
     1
 62
     7
176
     1
 90
        3
176
     1
 90
        0
176
     1
 90
        0
176
     1
290
     0
176
     1
 90
        1
176
     1
 40
0.0
176
     1
 90
        0
176
     1
290
     0
176
     1
290
     1
176
     1
290
     1
176
     1
290
     0
176
     1
290
     0
176
     1
290
     0
176
     1
290
     0
176
     1
290
     0
176
     1
290
     0
176
     1
 90
       50
176
     1
 40
0.0
176
     1
 40
1.0
176
     1
 90
        0
176
     1
 62
    18
420
        0
176
     1
 90
       50
176
     1
 90
        3
176
     1
 62
     5
420
      255
176
     1
290
     0
176
     1
 90
       50
176
     1
 90
       50
176
     1
 90
       50
176
     1
290
     0
176
     1
 90
       50
176
     1
 62
   256
176
     0
 40
1.0
176
     0
 90
        2
176
     1
  1
strokes_ogs.tif
176
     1
290
     0
176
     1
 40
1.0
176
     1
 40
1.0
176
     1
  0
VISUALSTYLE
  5
3C
102
{ACAD_REACTORS
330
29
102
}
330
29
100
AcDbVisualStyle
  2
X-Ray
 70
    25
177
     3
291
     0
 70
    58
 90
        2
176
     1
 90
        2
176
     1
 90
        1
176
     1
 90
        1
176
     1
 40
0.5
176
     1
 40
30.0
176
     1
 62
     7
420
 16777215
176
     1
 90
        1
176
     1
 90
        0
176
     1
 62
     7
176
     1
 62
   257
176
     1
 90
        1
176
     1
 90
        1
176
     1
 40
1.0
176
     1
 90
        8
176
     1
 62
     7
176
     1
 40
1.0
176
     1
 90
        1
176
     1
 90
        6
176
     1
 90
        2
176
     1
 62
     7
176
     1
 90
        3
176
     1
 90
        0
176
     1
 90
        0
176
     1
290
     0
176
     1
 90
       13
176
     1
 40
0.0
176
     1
 90
        0
176
     1
290
     0
176
     1
290
     1
176
     1
290
     1
176
     1
290
     0
176
     1
290
     0
176
     1
290
     0
176
     1
290
     0
176
     1
290
     0
176
     1
290
     0
176
     1
 90
       50
176
     1
 40
0.0
176
     1
 40
1.0
176
     1
 90
        0
176
     1
 62
    18
420
        0
176
     1
 90
       50
176
     1
 90
        3
176
     1
 62
     5
420
      255
176
     1
290
     0
176
     1
 90
       50
176
     1
 90
       50
176
     1
 90
       50
176
     1
290
     0
176
     1
 90
       50
176
     1
 62
   256
176
     0
 40
1.0
176
     0
 90
        2
176
     1
  1
strokes_ogs.tif
176
     1
290
     0
176
     1
 40
1.0
176
     1
 40
1.0
176
     1
  0
DICTIONARYVAR
  5
501
102
{ACAD_REACTORS
330
4FC
102
}
330
4FC
100
DictionaryVariables
280
     0
  1
1:1
  0
DICTIONARYVAR
  5
4FE
102
{ACAD_REACTORS
330
4FC
102
}
330
4FC
100
DictionaryVariables
280
     0
  1
STANDARD
  0
DICTIONARYVAR
  5
4FD
102
{ACAD_REACTORS
330
4FC
102
}
330
4FC
100
DictionaryVariables
280
     0
  1
STANDARD
  0
DICTIONARYVAR
  5
4FF
102
{ACAD_REACTORS
330
4FC
102
}
330
4FC
100
DictionaryVariables
280
     0
  1
Imperial24
  0
DICTIONARYVAR
  5
500
102
{ACAD_REACTORS
330
4FC
102
}
330
4FC
100
DictionaryVariables
280
     0
  1
Imperial24
  0
XRECORD
  5
4F8
102
{ACAD_REACTORS
330
4F4
102
}
330
4F4
100
AcDbXrecord
280
     1
  1
BUILDING_ID
  1
Casa à rua Rua Campo de lã, Pilar de Goiás, GO
  1
FLOOR_ID
  1
22937194
  0
XRECORD
  5
4F6
102
{ACAD_REACTORS
330
4F4
102
}
330
4F4
100
AcDbXrecord
280
     1
  1
-2000051
  1
Linhas
  1
-2000280
  1
Blocos de margens e carimbo
  1
-2002000
  1
Itens de detalhe
  0
XRECORD
  5
4F7
102
{ACAD_REACTORS
330
4F4
102
}
330
4F4
100
AcDbXrecord
280
     1
  1
-2000042
  1
<Linhas finas>
  1
-2000281
  1
<Linhas finas>
  1
22908212
  1
0
  0
XRECORD
  5
4F5
102
{ACAD_REACTORS
330
4F4
102
}
330
4F4
100
AcDbXrecord
280
     1
  1
22938602
  1
A4 HORIZONTAL : A4
  0
DICTIONARY
  5
1A
330
19
100
AcDbDictionary
280
     1
281
     1
  3
BUMPTILE
360
1C
  3
DIFFUSETILE
360
1B
  3
OPACITYTILE
360
1F
  3
REFLECTIONTILE
360
1E
  3
REFRACTIONTILE
360
20
  3
SPECULARTILE
360
1D
  0
DICTIONARY
  5
12
330
11
100
AcDbDictionary
280
     1
281
     1
  3
BUMPTILE
360
14
  3
DIFFUSETILE
360
13
  3
OPACITYTILE
360
17
  3
REFLECTIONTILE
360
16
  3
REFRACTIONTILE
360
18
  3
SPECULARTILE
360
15
  0
DICTIONARY
  5
22
330
21
100
AcDbDictionary
280
     1
281
     1
  3
BUMPTILE
360
24
  3
DIFFUSETILE
360
23
  3
OPACITYTILE
360
27
  3
REFLECTIONTILE
360
26
  3
REFRACTIONTILE
360
28
  3
SPECULARTILE
360
25
  0
DICTIONARY
  5
65A
330
65
100
AcDbDictionary
280
     1
281
     1
  3
ACAD_ROUNDTRIP_2008_TABLESTYLE_CELLSTYLEMAP
360
65B
  0
XRECORD
  5
1C
102
{ACAD_REACTORS
330
1A
102
}
330
1A
100
AcDbXrecord
280
     1
270
     1
271
     1
  0
XRECORD
  5
1B
102
{ACAD_REACTORS
330
1A
102
}
330
1A
100
AcDbXrecord
280
     1
270
     1
271
     1
  0
XRECORD
  5
1F
102
{ACAD_REACTORS
330
1A
102
}
330
1A
100
AcDbXrecord
280
     1
270
     1
271
     1
  0
XRECORD
  5
1E
102
{ACAD_REACTORS
330
1A
102
}
330
1A
100
AcDbXrecord
280
     1
270
     1
271
     1
  0
XRECORD
  5
20
102
{ACAD_REACTORS
330
1A
102
}
330
1A
100
AcDbXrecord
280
     1
270
     1
271
     1
  0
XRECORD
  5
1D
102
{ACAD_REACTORS
330
1A
102
}
330
1A
100
AcDbXrecord
280
     1
270
     1
271
     1
  0
XRECORD
  5
14
102
{ACAD_REACTORS
330
12
102
}
330
12
100
AcDbXrecord
280
     1
270
     1
271
     1
  0
XRECORD
  5
13
102
{ACAD_REACTORS
330
12
102
}
330
12
100
AcDbXrecord
280
     1
270
     1
271
     1
  0
XRECORD
  5
17
102
{ACAD_REACTORS
330
12
102
}
330
12
100
AcDbXrecord
280
     1
270
     1
271
     1
  0
XRECORD
  5
16
102
{ACAD_REACTORS
330
12
102
}
330
12
100
AcDbXrecord
280
     1
270
     1
271
     1
  0
XRECORD
  5
18
102
{ACAD_REACTORS
330
12
102
}
330
12
100
AcDbXrecord
280
     1
270
     1
271
     1
  0
XRECORD
  5
15
102
{ACAD_REACTORS
330
12
102
}
330
12
100
AcDbXrecord
280
     1
270
     1
271
     1
  0
XRECORD
  5
24
102
{ACAD_REACTORS
330
22
102
}
330
22
100
AcDbXrecord
280
     1
270
     1
271
     1
  0
XRECORD
  5
23
102
{ACAD_REACTORS
330
22
102
}
330
22
100
AcDbXrecord
280
     1
270
     1
271
     1
  0
XRECORD
  5
27
102
{ACAD_REACTORS
330
22
102
}
330
22
100
AcDbXrecord
280
     1
270
     1
271
     1
  0
XRECORD
  5
26
102
{ACAD_REACTORS
330
22
102
}
330
22
100
AcDbXrecord
280
     1
270
     1
271
     1
  0
XRECORD
  5
28
102
{ACAD_REACTORS
330
22
102
}
330
22
100
AcDbXrecord
280
     1
270
     1
271
     1
  0
XRECORD
  5
25
102
{ACAD_REACTORS
330
22
102
}
330
22
100
AcDbXrecord
280
     1
270
     1
271
     1
  0
CELLSTYLEMAP
  5
65B
102
{ACAD_REACTORS
330
65A
102
}
330
65A
100
AcDbCellStyleMap
 90
        3
300
CELLSTYLE
  1
TABLEFORMAT_BEGIN
 90
        5
170
     1
 91
        0
 92
    32768
 62
   257
 93
        1
300
CONTENTFORMAT
  1
CONTENTFORMAT_BEGIN
 90
        0
 91
        0
 92
      512
 93
        0
300

 40
0.0
140
1.0
 94
        5
 62
     0
340
55
144
0.25
309
CONTENTFORMAT_END
171
     0
 94
        0
309
TABLEFORMAT_END
  1
CELLSTYLE_BEGIN
 90
        1
 91
        1
300
_TITLE
309
CELLSTYLE_END
300
CELLSTYLE
  1
TABLEFORMAT_BEGIN
 90
        5
170
     1
 91
        0
 92
        0
 62
   257
 93
        1
300
CONTENTFORMAT
  1
CONTENTFORMAT_BEGIN
 90
        0
 91
        0
 92
      512
 93
        0
300

 40
0.0
140
1.0
 94
        5
 62
     0
340
55
144
0.18
309
CONTENTFORMAT_END
171
     0
 94
        0
309
TABLEFORMAT_END
  1
CELLSTYLE_BEGIN
 90
        2
 91
        1
300
_HEADER
309
CELLSTYLE_END
300
CELLSTYLE
  1
TABLEFORMAT_BEGIN
 90
        5
170
     1
 91
        0
 92
        0
 62
   257
 93
        1
300
CONTENTFORMAT
  1
CONTENTFORMAT_BEGIN
 90
        0
 91
        0
 92
      512
 93
        0
300

 40
0.0
140
1.0
 94
        2
 62
     0
340
55
144
0.18
309
CONTENTFORMAT_END
171
     0
 94
        0
309
TABLEFORMAT_END
  1
CELLSTYLE_BEGIN
 90
        3
 91
        2
300
_DATA
309
CELLSTYLE_END
  0
ENDSEC
  0
SECTION
  2
ACDSDATA
 70
     2
 71
     8
  0
ACDSSCHEMA
 90
        0
  1
AcDb_Thumbnail_Schema
  2
AcDbDs::ID
280
    10
 91
        8
  2
Thumbnail_Data
280
    15
 91
        0
101
ACDSRECORD
 95
        0
 90
        1
  2
AcDbDs::TreatedAsObjectData
280
     1
291
     1
101
ACDSRECORD
 95
        0
 90
        2
  2
AcDbDs::Legacy
280
     1
291
     1
101
ACDSRECORD
  1
AcDbDs::ID
 90
        3
  2
AcDs:Indexable
280
     1
291
     1
101
ACDSRECORD
  1
AcDbDs::ID
 90
        4
  2
AcDbDs::HandleAttribute
280
     7
282
     1
  0
ACDSSCHEMA
 90
        1
  1
AcDbDs::TreatedAsObjectDataSchema
  2
AcDbDs::TreatedAsObjectData
280
     1
 91
        0
  0
ACDSSCHEMA
 90
        2
  1
AcDbDs::LegacySchema
  2
AcDbDs::Legacy
280
     1
 91
        0
  0
ACDSSCHEMA
 90
        3
  1
AcDbDs::IndexedPropertySchema
  2
AcDs:Indexable
280
     1
 91
        0
  0
ACDSSCHEMA
 90
        4
  1
AcDbDs::HandleAttributeSchema
  2
AcDbDs::HandleAttribute
280
     7
 91
        1
284
     1
  0
ACDSRECORD
 90
        0
  2
AcDbDs::ID
280
    10
320
6F
  2
Thumbnail_Data
280
    15
 94
     1302
310
89504E470D0A1A0A0000000D4948445200000100000000B5080300000087DCD12600000300504C5445FFFFFFFFFFFFFFFFFF0000000000000000000000000000000000000000000000000000330000660000990000CC0000FF0033000033330033660033990033CC0033FF0066000066330066660066990066CC0066FF0099
310
000099330099660099990099CC0099FF00CC0000CC3300CC6600CC9900CCCC00CCFF00FF0000FF3300FF6600FF9900FFCC00FFFF3300003300333300663300993300CC3300FF3333003333333333663333993333CC3333FF3366003366333366663366993366CC3366FF3399003399333399663399993399CC3399FF33CC00
310
33CC3333CC6633CC9933CCCC33CCFF33FF0033FF3333FF6633FF9933FFCC33FFFF6600006600336600666600996600CC6600FF6633006633336633666633996633CC6633FF6666006666336666666666996666CC6666FF6699006699336699666699996699CC6699FF66CC0066CC3366CC6666CC9966CCCC66CCFF66FF0066
310
FF3366FF6666FF9966FFCC66FFFF9900009900339900669900999900CC9900FF9933009933339933669933999933CC9933FF9966009966339966669966999966CC9966FF9999009999339999669999999999CC9999FF99CC0099CC3399CC6699CC9999CCCC99CCFF99FF0099FF3399FF6699FF9999FFCC99FFFFCC0000CC00
310
33CC0066CC0099CC00CCCC00FFCC3300CC3333CC3366CC3399CC33CCCC33FFCC6600CC6633CC6666CC6699CC66CCCC66FFCC9900CC9933CC9966CC9999CC99CCCC99FFCCCC00CCCC33CCCC66CCCC99CCCCCCCCCCFFCCFF00CCFF33CCFF66CCFF99CCFFCCCCFFFFFF0000FF0033FF0066FF0099FF00CCFF00FFFF3300FF3333
310
FF3366FF3399FF33CCFF33FFFF6600FF6633FF6666FF6699FF66CCFF66FFFF9900FF9933FF9966FF9999FF99CCFF99FFFFCC00FFCC33FFCC66FFCC99FFCCCCFFCCFFFFFF00FFFF33FFFF66FFFF99FFFFCCFFFFFF0000000D0D0D1A1A1A2828283535354343435050505D5D5D6B6B6B787878868686939393A1A1A1AEAEAEBB
310
BBBBC9C9C9D6D6D6E4E4E4F1F1F1FFFFFF000000000000000000000000000000000000000000000000000000000000AD4AB4E4000001D14944415478DAEDDD518E82301006E01EA7B7EBC1F62A1CC5078FB0EA26A06EC1206BB6ED7C93F0E28F267CCE003531A412BC5249A10B000000000000000000000000000000000000
310
00000000000000000000000000000000000000000000000000000000000000000000000000000000000000000000000000008407F86AA5FE0DA0916F1140AB00F948450718A303DEFFE89C74C0101D90A77C83F8D9D2BCCDC9F2C2DD1E970C0080DA208504C8E1015E5F1A74000023D02CC0F11BA111CE01D56C5ABFD48F34
310
027F742B9C3717076377405480478290008F13B1751EE80860398A1700CF8BE9B9039A077858C65400D27CD57F05F0EB2A1014E0BE6D86035899EBEBBBEE923C4DA38E40AE1FD43800F900C09204ED00004F001B370200E28C4048807C05C8000000000000407700A594951F3DD7935BD61BC0EA436CF21B4929E7CAEE8D03
310
9CEA7539CCDD492DEB17E0BC3FA9653AA0F688A84800B59D7A1F81BC6704FA0508DF0146203A40D99F6C679D017CB00000E86231F4C98785360010FD4F532314000000000000000000000000000000000000000000000000000000000000000000000000000000000000000000000000000000000000000000000000000000
310
0000008601085EE914BCBE01C3DA69B4AFAFCAE00000000049454E44AE426082
  0
ACDSRECORD
 90
        0
  2
AcDbDs::ID
280
    10
320
73
  2
Thumbnail_Data
280
    15
 94
     1018
310
89504E470D0A1A0A0000000D494844520000010000000065080300000095E2CD0900000300504C5445FFFFFFFFFFFFFFFFFF0000000000000000000000000000000000000000000000000000330000660000990000CC0000FF0033000033330033660033990033CC0033FF0066000066330066660066990066CC0066FF0099
310
000099330099660099990099CC0099FF00CC0000CC3300CC6600CC9900CCCC00CCFF00FF0000FF3300FF6600FF9900FFCC00FFFF3300003300333300663300993300CC3300FF3333003333333333663333993333CC3333FF3366003366333366663366993366CC3366FF3399003399333399663399993399CC3399FF33CC00
310
33CC3333CC6633CC9933CCCC33CCFF33FF0033FF3333FF6633FF9933FFCC33FFFF6600006600336600666600996600CC6600FF6633006633336633666633996633CC6633FF6666006666336666666666996666CC6666FF6699006699336699666699996699CC6699FF66CC0066CC3366CC6666CC9966CCCC66CCFF66FF0066
310
FF3366FF6666FF9966FFCC66FFFF9900009900339900669900999900CC9900FF9933009933339933669933999933CC9933FF9966009966339966669966999966CC9966FF9999009999339999669999999999CC9999FF99CC0099CC3399CC6699CC9999CCCC99CCFF99FF0099FF3399FF6699FF9999FFCC99FFFFCC0000CC00
310
33CC0066CC0099CC00CCCC00FFCC3300CC3333CC3366CC3399CC33CCCC33FFCC6600CC6633CC6666CC6699CC66CCCC66FFCC9900CC9933CC9966CC9999CC99CCCC99FFCCCC00CCCC33CCCC66CCCC99CCCCCCCCCCFFCCFF00CCFF33CCFF66CCFF99CCFFCCCCFFFFFF0000FF0033FF0066FF0099FF00CCFF00FFFF3300FF3333
310
FF3366FF3399FF33CCFF33FFFF6600FF6633FF6666FF6699FF66CCFF66FFFF9900FF9933FF9966FF9999FF99CCFF99FFFFCC00FFCC33FFCC66FFCC99FFCCCCFFCCFFFFFF00FFFF33FFFF66FFFF99FFFFCCFFFFFF0000000D0D0D1A1A1A2828283535354343435050505D5D5D6B6B6B787878868686939393A1A1A1AEAEAEBB
310
BBBBC9C9C9D6D6D6E4E4E4F1F1F1FFFFFF000000000000000000000000000000000000000000000000000000000000AD4AB4E4000000B54944415478DAEDD6410EC220104051EE7F19EFC44934260398363674D1C5CC7B6E3A1817FD69C1D6000080C7F57F0410A04480363EEB758B00C94B5C06C8FE2C0870B5070850E015
310
5886B3AF729F06EB5EDF0F01521F89E3098FE910606688A14080A542DCFA77A14E8079AF310A506A0F380488F7400001D206F839ED6B04E89BF205784DBD9F5F7FA6B15A3E40BABFC37B01E6820019036C4814E0A644BBE0633F020000000000000000000000000000004A780305ACACDF51C7498C0000000049454E44AE42
310
6082
  0
ENDSEC
  0
EOF
