  0
SECTION
  2
HEADER
  9
$ACADVER
  1
AC1032
  9
$ACADMAINTVER
 90
      204
  9
$DWGCODEPAGE
  3
ANSI_1252
  9
$LASTSAVEDBY
  1
duda-
  9
$REQUIREDVERSIONS
160
                 0
  9
$INSBASE
 10
0.0
 20
0.0
 30
0.0
  9
$EXTMIN
 10
25173.18547672586
 20
-16173.99206310745
 30
0.0
  9
$EXTMAX
 10
33833.18547672589
 20
-8353.992063107382
 30
0.0
  9
$LIMMIN
 10
0.0
 20
0.0
  9
$LIMMAX
 10
12.0
 20
9.0
  9
$ORTHOMODE
 70
     0
  9
$REGENMODE
 70
     1
  9
$FILLMODE
 70
     1
  9
$QTEXTMODE
 70
     0
  9
$MIRRTEXT
 70
     0
  9
$LTSCALE
 40
1.0
  9
$ATTMODE
 70
     1
  9
$TEXTSIZE
 40
0.2
  9
$TRACEWID
 40
0.05
  9
$TEXTSTYLE
  7
Standard
  9
$CLAYER
  8
0
  9
$CELTYPE
  6
ByLayer
  9
$CECOLOR
 62
   256
  9
$CELTSCALE
 40
1.0
  9
$DISPSILH
 70
     0
  9
$DIMSCALE
 40
1.0
  9
$DIMASZ
 40
0.18
  9
$DIMEXO
 40
0.0625
  9
$DIMDLI
 40
0.38
  9
$DIMRND
 40
0.0
  9
$DIMDLE
 40
0.0
  9
$DIMEXE
 40
0.18
  9
$DIMTP
 40
0.0
  9
$DIMTM
 40
0.0
  9
$DIMTXT
 40
0.18
  9
$DIMCEN
 40
0.09
  9
$DIMTSZ
 40
0.0
  9
$DIMTOL
 70
     0
  9
$DIMLIM
 70
     0
  9
$DIMTIH
 70
     1
  9
$DIMTOH
 70
     1
  9
$DIMSE1
 70
     0
  9
$DIMSE2
 70
     0
  9
$DIMTAD
 70
     0
  9
$DIMZIN
 70
     0
  9
$DIMBLK
  1

  9
$DIMASO
 70
     1
  9
$DIMSHO
 70
     1
  9
$DIMPOST
  1

  9
$DIMAPOST
  1

  9
$DIMALT
 70
     0
  9
$DIMALTD
 70
     2
  9
$DIMALTF
 40
25.4
  9
$DIMLFAC
 40
1.0
  9
$DIMTOFL
 70
     0
  9
$DIMTVP
 40
0.0
  9
$DIMTIX
 70
     0
  9
$DIMSOXD
 70
     0
  9
$DIMSAH
 70
     0
  9
$DIMBLK1
  1

  9
$DIMBLK2
  1

  9
$DIMSTYLE
  2
Standard
  9
$DIMCLRD
 70
     0
  9
$DIMCLRE
 70
     0
  9
$DIMCLRT
 70
     0
  9
$DIMTFAC
 40
1.0
  9
$DIMGAP
 40
0.09
  9
$DIMJUST
 70
     0
  9
$DIMSD1
 70
     0
  9
$DIMSD2
 70
     0
  9
$DIMTOLJ
 70
     1
  9
$DIMTZIN
 70
     0
  9
$DIMALTZ
 70
     0
  9
$DIMALTTZ
 70
     0
  9
$DIMUPT
 70
     0
  9
$DIMDEC
 70
     4
  9
$DIMTDEC
 70
     4
  9
$DIMALTU
 70
     2
  9
$DIMALTTD
 70
     2
  9
$DIMTXSTY
  7
Standard
  9
$DIMAUNIT
 70
     0
  9
$DIMADEC
 70
     0
  9
$DIMALTRND
 40
0.0
  9
$DIMAZIN
 70
     0
  9
$DIMDSEP
 70
    46
  9
$DIMATFIT
 70
     3
  9
$DIMFRAC
 70
     0
  9
$DIMLDRBLK
  1

  9
$DIMLUNIT
 70
     2
  9
$DIMLWD
 70
    -2
  9
$DIMLWE
 70
    -2
  9
$DIMTMOVE
 70
     0
  9
$DIMFXL
 40
1.0
  9
$DIMFXLON
 70
     0
  9
$DIMJOGANG
 40
0.7853981633974483
  9
$DIMTFILL
 70
     0
  9
$DIMTFILLCLR
 70
     0
  9
$DIMARCSYM
 70
     0
  9
$DIMLTYPE
  6

  9
$DIMLTEX1
  6

  9
$DIMLTEX2
  6

  9
$DIMTXTDIRECTION
 70
     0
  9
$LUNITS
 70
     2
  9
$LUPREC
 70
     4
  9
$SKETCHINC
 40
0.1
  9
$FILLETRAD
 40
0.0
  9
$AUNITS
 70
     0
  9
$AUPREC
 70
     0
  9
$MENU
  1
.
  9
$ELEVATION
 40
0.0
  9
$PELEVATION
 40
0.0
  9
$THICKNESS
 40
0.0
  9
$LIMCHECK
 70
     0
  9
$CHAMFERA
 40
0.0
  9
$CHAMFERB
 40
0.0
  9
$CHAMFERC
 40
0.0
  9
$CHAMFERD
 40
0.0
  9
$SKPOLY
 70
     0
  9
$TDCREATE
 40
2460730.589409722
  9
$TDUCREATE
 40
2460730.714409722
  9
$TDUPDATE
 40
2460738.990451389
  9
$TDUUPDATE
 40
2460739.115451389
  9
$TDINDWG
 40
0.0344560185
  9
$TDUSRTIMER
 40
0.0344560185
  9
$USRTIMER
 70
     1
  9
$ANGBASE
 50
0.0
  9
$ANGDIR
 70
     0
  9
$PDMODE
 70
     0
  9
$PDSIZE
 40
0.0
  9
$PLINEWID
 40
0.0
  9
$SPLFRAME
 70
     0
  9
$SPLINETYPE
 70
     6
  9
$SPLINESEGS
 70
     8
  9
$HANDSEED
  5
1DC
  9
$SURFTAB1
 70
     6
  9
$SURFTAB2
 70
     6
  9
$SURFTYPE
 70
     6
  9
$SURFU
 70
     6
  9
$SURFV
 70
     6
  9
$UCSBASE
  2

  9
$UCSNAME
  2

  9
$UCSORG
 10
0.0
 20
0.0
 30
0.0
  9
$UCSXDIR
 10
1.0
 20
0.0
 30
0.0
  9
$UCSYDIR
 10
0.0
 20
1.0
 30
0.0
  9
$UCSORTHOREF
  2

  9
$UCSORTHOVIEW
 70
     0
  9
$UCSORGTOP
 10
0.0
 20
0.0
 30
0.0
  9
$UCSORGBOTTOM
 10
0.0
 20
0.0
 30
0.0
  9
$UCSORGLEFT
 10
0.0
 20
0.0
 30
0.0
  9
$UCSORGRIGHT
 10
0.0
 20
0.0
 30
0.0
  9
$UCSORGFRONT
 10
0.0
 20
0.0
 30
0.0
  9
$UCSORGBACK
 10
0.0
 20
0.0
 30
0.0
  9
$PUCSBASE
  2

  9
$PUCSNAME
  2

  9
$PUCSORG
 10
0.0
 20
0.0
 30
0.0
  9
$PUCSXDIR
 10
1.0
 20
0.0
 30
0.0
  9
$PUCSYDIR
 10
0.0
 20
1.0
 30
0.0
  9
$PUCSORTHOREF
  2

  9
$PUCSORTHOVIEW
 70
     0
  9
$PUCSORGTOP
 10
0.0
 20
0.0
 30
0.0
  9
$PUCSORGBOTTOM
 10
0.0
 20
0.0
 30
0.0
  9
$PUCSORGLEFT
 10
0.0
 20
0.0
 30
0.0
  9
$PUCSORGRIGHT
 10
0.0
 20
0.0
 30
0.0
  9
$PUCSORGFRONT
 10
0.0
 20
0.0
 30
0.0
  9
$PUCSORGBACK
 10
0.0
 20
0.0
 30
0.0
  9
$USERI1
 70
     0
  9
$USERI2
 70
     0
  9
$USERI3
 70
     0
  9
$USERI4
 70
     0
  9
$USERI5
 70
     0
  9
$USERR1
 40
0.0
  9
$USERR2
 40
0.0
  9
$USERR3
 40
0.0
  9
$USERR4
 40
0.0
  9
$USERR5
 40
0.0
  9
$WORLDVIEW
 70
     1
  9
$SHADEDGE
 70
     3
  9
$SHADEDIF
 70
    70
  9
$TILEMODE
 70
     1
  9
$MAXACTVP
 70
    64
  9
$PINSBASE
 10
0.0
 20
0.0
 30
0.0
  9
$PLIMCHECK
 70
     0
  9
$PEXTMIN
 10
64.27901684485153
 20
59.47287840171589
 30
-0.0015258207003583
  9
$PEXTMAX
 10
274.3012221009852
 20
356.5108803466415
 30
0.0000000349246037
  9
$PLIMMIN
 10
64.27901684485153
 20
59.47287840171589
  9
$PLIMMAX
 10
484.5984757423225
 20
356.6684553999278
  9
$UNITMODE
 70
     0
  9
$VISRETAIN
 70
     1
  9
$PLINEGEN
 70
     0
  9
$PSLTSCALE
 70
     0
  9
$TREEDEPTH
 70
  3020
  9
$CMLSTYLE
  2
Standard
  9
$CMLJUST
 70
     0
  9
$CMLSCALE
 40
1.0
  9
$PROXYGRAPHICS
 70
     1
  9
$MEASUREMENT
 70
     1
  9
$CELWEIGHT
370
    -1
  9
$ENDCAPS
280
     0
  9
$JOINSTYLE
280
     0
  9
$LWDISPLAY
290
     0
  9
$INSUNITS
 70
     4
  9
$HYPERLINKBASE
  1

  9
$STYLESHEET
  1

  9
$XEDIT
290
     1
  9
$CEPSNTYPE
380
     0
  9
$PSTYLEMODE
290
     1
  9
$FINGERPRINTGUID
  2
{F3667184-62A9-E045-992E-DB875919DF93}
  9
$VERSIONGUID
  2
{B4258D98-B626-3F47-B346-D1BE8921ED57}
  9
$EXTNAMES
290
     1
  9
$PSVPSCALE
 40
0.0
  9
$OLESTARTUP
290
     0
  9
$SORTENTS
280
   127
  9
$INDEXCTL
280
     0
  9
$HIDETEXT
280
     1
  9
$XCLIPFRAME
280
     2
  9
$HALOGAP
280
     0
  9
$OBSCOLOR
 70
   257
  9
$OBSLTYPE
280
     0
  9
$INTERSECTIONDISPLAY
280
     0
  9
$INTERSECTIONCOLOR
 70
   257
  9
$DIMASSOC
280
     2
  9
$PROJECTNAME
  1

  9
$CAMERADISPLAY
290
     0
  9
$LENSLENGTH
 40
50.0
  9
$CAMERAHEIGHT
 40
0.0
  9
$STEPSPERSEC
 40
2.0
  9
$STEPSIZE
 40
6.0
  9
$3DDWFPREC
 40
2.0
  9
$PSOLWIDTH
 40
0.25
  9
$PSOLHEIGHT
 40
4.0
  9
$LOFTANG1
 40
1.570796326794896
  9
$LOFTANG2
 40
1.570796326794896
  9
$LOFTMAG1
 40
0.0
  9
$LOFTMAG2
 40
0.0
  9
$LOFTPARAM
 70
     7
  9
$LOFTNORMALS
280
     1
  9
$LATITUDE
 40
0.0
  9
$LONGITUDE
 40
0.0
  9
$NORTHDIRECTION
 40
0.0
  9
$TIMEZONE
 70
     0
  9
$LIGHTGLYPHDISPLAY
280
     1
  9
$TILEMODELIGHTSYNCH
280
     1
  9
$CMATERIAL
347
11
  9
$SOLIDHIST
280
     0
  9
$SHOWHIST
280
     1
  9
$DWFFRAME
280
     2
  9
$DGNFRAME
280
     0
  9
$REALWORLDSCALE
290
     1
  9
$INTERFERECOLOR
 62
     1
  9
$INTERFEREOBJVS
345
33
  9
$INTERFEREVPVS
346
30
  9
$CSHADOW
280
     0
  9
$SHADOWPLANELOCATION
 40
0.0
  0
ENDSEC
  0
SECTION
  2
CLASSES
  0
CLASS
  1
ACDBDICTIONARYWDFLT
  2
AcDbDictionaryWithDefault
  3
ObjectDBX Classes
 90
        0
 91
        1
280
     0
281
     0
  0
CLASS
  1
MATERIAL
  2
AcDbMaterial
  3
ObjectDBX Classes
 90
     1153
 91
        3
280
     0
281
     0
  0
CLASS
  1
VISUALSTYLE
  2
AcDbVisualStyle
  3
ObjectDBX Classes
 90
     4095
 91
       24
280
     0
281
     0
  0
CLASS
  1
SCALE
  2
AcDbScale
  3
ObjectDBX Classes
 90
     1153
 91
       17
280
     0
281
     0
  0
CLASS
  1
TABLESTYLE
  2
AcDbTableStyle
  3
ObjectDBX Classes
 90
     4095
 91
        1
280
     0
281
     0
  0
CLASS
  1
MLEADERSTYLE
  2
AcDbMLeaderStyle
  3
ACDB_MLEADERSTYLE_CLASS
 90
     4095
 91
        1
280
     0
281
     0
  0
CLASS
  1
ACDBSECTIONVIEWSTYLE
  2
AcDbSectionViewStyle
  3
ObjectDBX Classes
 90
     1025
 91
        2
280
     0
281
     0
  0
CLASS
  1
ACDBDETAILVIEWSTYLE
  2
AcDbDetailViewStyle
  3
ObjectDBX Classes
 90
     1025
 91
        2
280
     0
281
     0
  0
CLASS
  1
RASTERVARIABLES
  2
AcDbRasterVariables
  3
ISM
 90
        0
 91
        1
280
     0
281
     0
  0
CLASS
  1
DICTIONARYVAR
  2
AcDbDictionaryVar
  3
ObjectDBX Classes
 90
        0
 91
        5
280
     0
281
     0
  0
CLASS
  1
SORTENTSTABLE
  2
AcDbSortentsTable
  3
ObjectDBX Classes
 90
        0
 91
        1
280
     0
281
     0
  0
CLASS
  1
SUN
  2
AcDbSun
  3
SCENEOE
 90
     1153
 91
        1
280
     0
281
     0
  0
CLASS
  1
RAPIDRTRENDERSETTINGS
  2
AcDbRapidRTRenderSettings
  3
ObjectDBX Classes
 90
     1024
 91
        7
280
     0
281
     0
  0
CLASS
  1
CELLSTYLEMAP
  2
AcDbCellStyleMap
  3
ObjectDBX Classes
 90
     1152
 91
        1
280
     0
281
     0
  0
ENDSEC
  0
SECTION
  2
TABLES
  0
TABLE
  2
VPORT
  5
8
330
0
100
AcDbSymbolTable
 70
     1
  0
VPORT
  5
57
330
8
100
AcDbSymbolTableRecord
100
AcDbViewportTableRecord
  2
*Active
 70
     0
 10
0.0
 20
0.0
 11
1.0
 21
1.0
 12
29426.45999888572
 22
-14223.69145472008
 13
0.0
 23
0.0
 14
1.0
 24
1.0
 15
0.0
 25
0.0
 16
0.0
 26
0.0
 36
1.0
 17
0.0
 27
0.0
 37
0.0
 40
12566.15545934208
 41
2.531208499335989
 42
50.0
 43
0.0
 44
0.0
 50
0.0
 51
0.0
 71
     0
 72
  1000
 73
     1
 74
     1
 75
     0
 76
     0
 77
     0
 78
     0
281
     0
 65
     1
110
0.0
120
0.0
130
0.0
111
1.0
121
0.0
131
0.0
112
0.0
122
1.0
132
0.0
 79
     0
146
0.0
348
2F
 60
     3
 61
     5
292
     1
282
     1
141
0.0
142
0.0
 63
   250
421
  3355443
361
186
1001
ACAD_NAV_VCDISPLAY
1070
     3
  0
ENDTAB
  0
TABLE
  2
LTYPE
  5
5
330
0
100
AcDbSymbolTable
 70
     2
  0
LTYPE
  5
5B
330
5
100
AcDbSymbolTableRecord
100
AcDbLinetypeTableRecord
  2
ByBlock
 70
     0
  3

 72
    65
 73
     0
 40
0.0
  0
LTYPE
  5
5C
330
5
100
AcDbSymbolTableRecord
100
AcDbLinetypeTableRecord
  2
ByLayer
 70
     0
  3

 72
    65
 73
     0
 40
0.0
  0
LTYPE
  5
5D
330
5
100
AcDbSymbolTableRecord
100
AcDbLinetypeTableRecord
  2
Continuous
 70
     0
  3
Solid line
 72
    65
 73
     0
 40
0.0
  0
LTYPE
  5
84
330
5
100
AcDbSymbolTableRecord
100
AcDbLinetypeTableRecord
  2
Projeção
 70
     0
  3

 72
    65
 73
     2
 40
396.875
 49
238.125
 74
     0
 49
-158.7499999999999
 74
     0
  0
ENDTAB
  0
TABLE
  2
LAYER
  5
2
102
{ACAD_XDICTIONARY
360
1A3
102
}
330
0
100
AcDbSymbolTable
 70
     6
  0
LAYER
  5
54
330
2
100
AcDbSymbolTableRecord
100
AcDbLayerTableRecord
  2
0
 70
     0
 62
   250
  6
Continuous
370
    25
390
F
347
21
348
0
  0
LAYER
  5
101
330
2
100
AcDbSymbolTableRecord
100
AcDbLayerTableRecord
  2
A-POR-___-___-EXI
 70
     0
 62
   250
  6
Continuous
370
    25
390
F
347
21
348
0
  0
LAYER
  5
10E
330
2
100
AcDbSymbolTableRecord
100
AcDbLayerTableRecord
  2
A-JAN-___-___-EXI
 70
     0
 62
   250
  6
Continuous
370
    25
390
F
347
21
348
0
  0
LAYER
  5
16F
330
2
100
AcDbSymbolTableRecord
100
AcDbLayerTableRecord
  2
A-ALV-___-___-EXI
 70
     0
 62
   250
  6
Continuous
370
    35
390
F
347
21
348
0
  0
LAYER
  5
175
330
2
100
AcDbSymbolTableRecord
100
AcDbLayerTableRecord
  2
A-ESC-___-___-EXI
 70
     0
 62
   250
  6
Continuous
370
    25
390
F
347
21
348
0
  0
LAYER
  5
177
330
2
100
AcDbSymbolTableRecord
100
AcDbLayerTableRecord
  2
A-PIS-___-___-EXI
 70
     0
 62
   250
  6
Continuous
370
    25
390
F
347
21
348
0
  0
ENDTAB
  0
TABLE
  2
STYLE
  5
3
330
0
100
AcDbSymbolTable
 70
     2
  0
STYLE
  5
55
330
3
100
AcDbSymbolTableRecord
100
AcDbTextStyleTableRecord
  2
Standard
 70
     0
 40
0.0
 41
1.0
 50
0.0
 71
     0
 42
0.2
  3
txt
  4

  0
STYLE
  5
5A
330
3
100
AcDbSymbolTableRecord
100
AcDbTextStyleTableRecord
  2
Annotative
 70
     0
 40
0.0
 41
1.0
 50
0.0
 71
     0
 42
0.2
  3
txt
  4

1001
AcadAnnotative
1000
AnnotativeData
1002
{
1070
     1
1070
     1
1002
}
  0
ENDTAB
  0
TABLE
  2
VIEW
  5
6
330
0
100
AcDbSymbolTable
 70
     0
  0
ENDTAB
  0
TABLE
  2
UCS
  5
7
330
0
100
AcDbSymbolTable
 70
     0
  0
ENDTAB
  0
TABLE
  2
APPID
  5
9
330
0
100
AcDbSymbolTable
 70
     5
  0
APPID
  5
56
330
9
100
AcDbSymbolTableRecord
100
AcDbRegAppTableRecord
  2
ACAD
 70
     0
  0
APPID
  5
5E
330
9
100
AcDbSymbolTableRecord
100
AcDbRegAppTableRecord
  2
AcadAnnotative
 70
     0
  0
APPID
  5
78
330
9
100
AcDbSymbolTableRecord
100
AcDbRegAppTableRecord
  2
REVIT
 70
     0
  0
APPID
  5
196
330
9
100
AcDbSymbolTableRecord
100
AcDbRegAppTableRecord
  2
ACAD_PSEXT
 70
     0
  0
APPID
  5
1BD
330
9
100
AcDbSymbolTableRecord
100
AcDbRegAppTableRecord
  2
ACAD_NAV_VCDISPLAY
 70
     0
  0
ENDTAB
  0
TABLE
  2
DIMSTYLE
  5
A
330
0
100
AcDbSymbolTable
 70
     2
100
AcDbDimStyleTable
 71
     0
  0
DIMSTYLE
105
58
330
A
100
AcDbSymbolTableRecord
100
AcDbDimStyleTableRecord
  2
Standard
 70
     0
340
55
  0
DIMSTYLE
105
59
330
A
100
AcDbSymbolTableRecord
100
AcDbDimStyleTableRecord
  2
Annotative
 70
     0
340
55
1001
AcadAnnotative
1000
AnnotativeData
1002
{
1070
     1
1070
     1
1002
}
  0
ENDTAB
  0
TABLE
  2
BLOCK_RECORD
  5
1
330
0
100
AcDbSymbolTable
 70
     4
  0
BLOCK_RECORD
  5
70
102
{ACAD_XDICTIONARY
360
184
102
}
330
1
100
AcDbSymbolTableRecord
100
AcDbBlockTableRecord
  2
*Model_Space
340
73
 70
     0
280
     1
281
     0
  0
BLOCK_RECORD
  5
6C
330
1
100
AcDbSymbolTableRecord
100
AcDbBlockTableRecord
  2
*Paper_Space
340
6F
 70
     0
280
     1
281
     0
  0
BLOCK_RECORD
  5
100
330
1
100
AcDbSymbolTableRecord
100
AcDbBlockTableRecord
  2
porta multiplas_original - Simples - 90 cm-22836972-Planta baixa - Sótão_
340
0
102
{BLKREFS
331
112
102
}
 70
     0
280
     1
281
     0
  0
BLOCK_RECORD
  5
113
330
1
100
AcDbSymbolTableRecord
100
AcDbBlockTableRecord
  2
porta multiplas_original - 100-22836899-Planta baixa - Sótão_
340
0
102
{BLKREFS
331
123
102
}
 70
     0
280
     1
281
     0
  0
BLOCK_RECORD
  5
124
330
1
100
AcDbSymbolTableRecord
100
AcDbBlockTableRecord
  2
porta multiplas_original - Dupla - 70 cm-22836745-Planta baixa - Sótão_
340
0
102
{BLKREFS
331
139
331
13A
331
13B
102
}
 70
     0
280
     1
281
     0
  0
BLOCK_RECORD
  5
176
330
1
100
AcDbSymbolTableRecord
100
AcDbBlockTableRecord
  2
SVG - A4-22881151-Não nomeada
340
0
102
{BLKREFS
331
17E
102
}
 70
     0
280
     1
281
     0
  0
ENDTAB
  0
ENDSEC
  0
SECTION
  2
BLOCKS
  0
BLOCK
  5
71
330
70
100
AcDbEntity
  8
0
100
AcDbBlockBegin
  2
*Model_Space
 70
     0
 10
0.0
 20
0.0
 30
0.0
  3
*Model_Space
  1

  0
ENDBLK
  5
72
330
70
100
AcDbEntity
  8
0
100
AcDbBlockEnd
  0
BLOCK
  5
6D
330
6C
100
AcDbEntity
 67
     1
  8
0
100
AcDbBlockBegin
  2
*Paper_Space
 70
     0
 10
0.0
 20
0.0
 30
0.0
  3
*Paper_Space
  1

  0
ENDBLK
  5
6E
330
6C
100
AcDbEntity
 67
     1
  8
0
100
AcDbBlockEnd
  0
BLOCK
  5
110
330
100
100
AcDbEntity
  8
0
100
AcDbBlockBegin
  2
porta multiplas_original - Simples - 90 cm-22836972-Planta baixa - Sótão_
 70
     0
 10
0.0
 20
0.0
 30
0.0
  3
porta multiplas_original - Simples - 90 cm-22836972-Planta baixa - Sótão_
  1

  0
LINE
  5
102
330
100
100
AcDbEntity
  8
A-POR-___-___-EXI
100
AcDbLine
 10
479.9999999999904
 20
-100.0000000000081
 30
0.0
 11
479.9999999999904
 21
100.0000000009599
 31
0.0
1001
REVIT
1002
{
1070
     1
1000
22836056
1002
}
1002
{
1070
     5
1000
22369137
1002
}
  0
LINE
  5
103
330
100
100
AcDbEntity
  8
A-POR-___-___-EXI
100
AcDbLine
 10
479.9999999999904
 20
100.0000000009599
 30
0.0
 11
449.9999999999908
 21
100.00000000096
 31
0.0
1001
REVIT
1002
{
1070
     1
1000
22836056
1002
}
1002
{
1070
     5
1000
22369137
1002
}
  0
LINE
  5
104
330
100
100
AcDbEntity
  8
A-POR-___-___-EXI
100
AcDbLine
 10
449.9999999999908
 20
100.00000000096
 30
0.0
 11
449.9999999999908
 21
-100.0000000000081
 31
0.0
1001
REVIT
1002
{
1070
     1
1000
22836056
1002
}
1002
{
1070
     5
1000
22369137
1002
}
  0
LINE
  5
105
330
100
100
AcDbEntity
  8
A-POR-___-___-EXI
100
AcDbLine
 10
449.9999999999908
 20
-100.0000000000081
 30
0.0
 11
479.9999999999904
 21
-100.0000000000081
 31
0.0
1001
REVIT
1002
{
1070
     1
1000
22836056
1002
}
1002
{
1070
     5
1000
22369137
1002
}
  0
LINE
  5
106
330
100
100
AcDbEntity
  8
A-POR-___-___-EXI
100
AcDbLine
 10
-480.0000000000078
 20
-100.0000000000064
 30
0.0
 11
-450.0000000000081
 21
-100.0000000000065
 31
0.0
1001
REVIT
1002
{
1070
     1
1000
22836056
1002
}
1002
{
1070
     5
1000
22369137
1002
}
  0
LINE
  5
107
330
100
100
AcDbEntity
  8
A-POR-___-___-EXI
100
AcDbLine
 10
-450.0000000000081
 20
-100.0000000000065
 30
0.0
 11
-450.0000000000081
 21
100.0000000009616
 31
0.0
1001
REVIT
1002
{
1070
     1
1000
22836056
1002
}
1002
{
1070
     5
1000
22369137
1002
}
  0
LINE
  5
108
330
100
100
AcDbEntity
  8
A-POR-___-___-EXI
100
AcDbLine
 10
-450.0000000000081
 20
100.0000000009616
 30
0.0
 11
-480.0000000000078
 21
100.0000000009616
 31
0.0
1001
REVIT
1002
{
1070
     1
1000
22836056
1002
}
1002
{
1070
     5
1000
22369137
1002
}
  0
LINE
  5
109
330
100
100
AcDbEntity
  8
A-POR-___-___-EXI
100
AcDbLine
 10
-480.0000000000078
 20
100.0000000009616
 30
0.0
 11
-480.0000000000078
 21
-100.0000000000064
 31
0.0
1001
REVIT
1002
{
1070
     1
1000
22836056
1002
}
1002
{
1070
     5
1000
22369137
1002
}
  0
LINE
  5
10A
330
100
100
AcDbEntity
  8
A-POR-___-___-EXI
100
AcDbLine
 10
-418.0000000000089
 20
996.0000000009571
 30
0.0
 11
-448.0000000000085
 21
996.0000000009571
 31
0.0
1001
REVIT
1002
{
1070
     1
1000
22836056
1002
}
1002
{
1070
     5
1000
22369137
1002
}
  0
LINE
  5
10B
330
100
100
AcDbEntity
  8
A-POR-___-___-EXI
100
AcDbLine
 10
-448.0000000000085
 20
996.0000000009571
 30
0.0
 11
-448.0000000000085
 21
100.0000000009616
 31
0.0
1001
REVIT
1002
{
1070
     1
1000
22836056
1002
}
1002
{
1070
     5
1000
22369137
1002
}
  0
LINE
  5
10C
330
100
100
AcDbEntity
  8
A-POR-___-___-EXI
100
AcDbLine
 10
-448.0000000000085
 20
100.0000000009616
 30
0.0
 11
-418.0000000000089
 21
100.0000000009615
 31
0.0
1001
REVIT
1002
{
1070
     1
1000
22836056
1002
}
1002
{
1070
     5
1000
22369137
1002
}
  0
LINE
  5
10D
330
100
100
AcDbEntity
  8
A-POR-___-___-EXI
100
AcDbLine
 10
-418.0000000000089
 20
100.0000000009615
 30
0.0
 11
-418.0000000000089
 21
996.0000000009571
 31
0.0
1001
REVIT
1002
{
1070
     1
1000
22836056
1002
}
1002
{
1070
     5
1000
22369137
1002
}
  0
ARC
  5
10F
330
100
100
AcDbEntity
  8
A-JAN-___-___-EXI
100
AcDbCircle
 10
-448.0000000000085
 20
100.0000000009616
 30
0.0
 40
895.9999999999999
100
AcDbArc
 50
359.9999999999996
 51
89.99999999999987
1001
REVIT
1002
{
1070
     1
1000
22836056
1002
}
1002
{
1070
     5
1000
22369137
1002
}
1002
{
1070
     3
1000
-2000027
1002
}
  0
ENDBLK
  5
111
330
100
100
AcDbEntity
  8
0
100
AcDbBlockEnd
  0
BLOCK
  5
121
330
113
100
AcDbEntity
  8
0
100
AcDbBlockBegin
  2
porta multiplas_original - 100-22836899-Planta baixa - Sótão_
 70
     0
 10
0.0
 20
0.0
 30
0.0
  3
porta multiplas_original - 100-22836899-Planta baixa - Sótão_
  1

  0
LINE
  5
114
330
113
100
AcDbEntity
  8
A-POR-___-___-EXI
100
AcDbLine
 10
-530.0000000000072
 20
-100.0000000000063
 30
0.0
 11
-500.0000000000076
 21
-100.0000000000064
 31
0.0
1001
REVIT
1002
{
1070
     1
1000
22836161
1002
}
1002
{
1070
     5
1000
22507315
1002
}
  0
LINE
  5
115
330
113
100
AcDbEntity
  8
A-POR-___-___-EXI
100
AcDbLine
 10
-500.0000000000076
 20
-100.0000000000064
 30
0.0
 11
-500.0000000000076
 21
100.0000000009617
 31
0.0
1001
REVIT
1002
{
1070
     1
1000
22836161
1002
}
1002
{
1070
     5
1000
22507315
1002
}
  0
LINE
  5
116
330
113
100
AcDbEntity
  8
A-POR-___-___-EXI
100
AcDbLine
 10
-500.0000000000076
 20
100.0000000009617
 30
0.0
 11
-530.0000000000072
 21
100.0000000009617
 31
0.0
1001
REVIT
1002
{
1070
     1
1000
22836161
1002
}
1002
{
1070
     5
1000
22507315
1002
}
  0
LINE
  5
117
330
113
100
AcDbEntity
  8
A-POR-___-___-EXI
100
AcDbLine
 10
-530.0000000000072
 20
100.0000000009617
 30
0.0
 11
-530.0000000000072
 21
-100.0000000000063
 31
0.0
1001
REVIT
1002
{
1070
     1
1000
22836161
1002
}
1002
{
1070
     5
1000
22507315
1002
}
  0
LINE
  5
118
330
113
100
AcDbEntity
  8
A-POR-___-___-EXI
100
AcDbLine
 10
529.9999999999921
 20
-100.0000000000082
 30
0.0
 11
529.9999999999921
 21
100.0000000009598
 31
0.0
1001
REVIT
1002
{
1070
     1
1000
22836161
1002
}
1002
{
1070
     5
1000
22507315
1002
}
  0
LINE
  5
119
330
113
100
AcDbEntity
  8
A-POR-___-___-EXI
100
AcDbLine
 10
529.9999999999921
 20
100.0000000009598
 30
0.0
 11
499.9999999999924
 21
100.0000000009599
 31
0.0
1001
REVIT
1002
{
1070
     1
1000
22836161
1002
}
1002
{
1070
     5
1000
22507315
1002
}
  0
LINE
  5
11A
330
113
100
AcDbEntity
  8
A-POR-___-___-EXI
100
AcDbLine
 10
499.9999999999924
 20
100.0000000009599
 30
0.0
 11
499.9999999999924
 21
-100.0000000000082
 31
0.0
1001
REVIT
1002
{
1070
     1
1000
22836161
1002
}
1002
{
1070
     5
1000
22507315
1002
}
  0
LINE
  5
11B
330
113
100
AcDbEntity
  8
A-POR-___-___-EXI
100
AcDbLine
 10
499.9999999999924
 20
-100.0000000000082
 30
0.0
 11
529.9999999999921
 21
-100.0000000000082
 31
0.0
1001
REVIT
1002
{
1070
     1
1000
22836161
1002
}
1002
{
1070
     5
1000
22507315
1002
}
  0
LINE
  5
11C
330
113
100
AcDbEntity
  8
A-POR-___-___-EXI
100
AcDbLine
 10
-468.0000000000084
 20
1096.00000000096
 30
0.0
 11
-498.0000000000081
 21
1096.00000000096
 31
0.0
1001
REVIT
1002
{
1070
     1
1000
22836161
1002
}
1002
{
1070
     5
1000
22507315
1002
}
  0
LINE
  5
11D
330
113
100
AcDbEntity
  8
A-POR-___-___-EXI
100
AcDbLine
 10
-498.0000000000081
 20
1096.00000000096
 30
0.0
 11
-498.0000000000081
 21
100.0000000009617
 31
0.0
1001
REVIT
1002
{
1070
     1
1000
22836161
1002
}
1002
{
1070
     5
1000
22507315
1002
}
  0
LINE
  5
11E
330
113
100
AcDbEntity
  8
A-POR-___-___-EXI
100
AcDbLine
 10
-498.0000000000081
 20
100.0000000009617
 30
0.0
 11
-468.0000000000084
 21
100.0000000009616
 31
0.0
1001
REVIT
1002
{
1070
     1
1000
22836161
1002
}
1002
{
1070
     5
1000
22507315
1002
}
  0
LINE
  5
11F
330
113
100
AcDbEntity
  8
A-POR-___-___-EXI
100
AcDbLine
 10
-468.0000000000084
 20
100.0000000009616
 30
0.0
 11
-468.0000000000084
 21
1096.00000000096
 31
0.0
1001
REVIT
1002
{
1070
     1
1000
22836161
1002
}
1002
{
1070
     5
1000
22507315
1002
}
  0
ARC
  5
120
330
113
100
AcDbEntity
  8
A-JAN-___-___-EXI
100
AcDbCircle
 10
-498.0000000000081
 20
100.0000000009617
 30
0.0
 40
995.9999999999977
100
AcDbArc
 50
359.9999999999996
 51
89.99999999999994
1001
REVIT
1002
{
1070
     1
1000
22836161
1002
}
1002
{
1070
     5
1000
22507315
1002
}
1002
{
1070
     3
1000
-2000027
1002
}
  0
ENDBLK
  5
122
330
113
100
AcDbEntity
  8
0
100
AcDbBlockEnd
  0
BLOCK
  5
137
330
124
100
AcDbEntity
  8
0
100
AcDbBlockBegin
  2
porta multiplas_original - Dupla - 70 cm-22836745-Planta baixa - Sótão_
 70
     0
 10
0.0
 20
0.0
 30
0.0
  3
porta multiplas_original - Dupla - 70 cm-22836745-Planta baixa - Sótão_
  1

  0
LINE
  5
125
330
124
100
AcDbEntity
  8
A-POR-___-___-EXI
100
AcDbLine
 10
-555.000000000008
 20
-175.0000000000065
 30
0.0
 11
-525.0000000000084
 21
-175.0000000000066
 31
0.0
1001
REVIT
1002
{
1070
     1
1000
22836251
1002
}
1002
{
1070
     5
1000
22369111
1002
}
  0
LINE
  5
126
330
124
100
AcDbEntity
  8
A-POR-___-___-EXI
100
AcDbLine
 10
-525.0000000000084
 20
-175.0000000000066
 30
0.0
 11
-525.0000000000084
 21
175.000000000962
 31
0.0
1001
REVIT
1002
{
1070
     1
1000
22836251
1002
}
1002
{
1070
     5
1000
22369111
1002
}
  0
LINE
  5
127
330
124
100
AcDbEntity
  8
A-POR-___-___-EXI
100
AcDbLine
 10
-525.0000000000084
 20
175.000000000962
 30
0.0
 11
-555.000000000008
 21
175.000000000962
 31
0.0
1001
REVIT
1002
{
1070
     1
1000
22836251
1002
}
1002
{
1070
     5
1000
22369111
1002
}
  0
LINE
  5
128
330
124
100
AcDbEntity
  8
A-POR-___-___-EXI
100
AcDbLine
 10
-555.000000000008
 20
175.000000000962
 30
0.0
 11
-555.000000000008
 21
-175.0000000000065
 31
0.0
1001
REVIT
1002
{
1070
     1
1000
22836251
1002
}
1002
{
1070
     5
1000
22369111
1002
}
  0
LINE
  5
129
330
124
100
AcDbEntity
  8
A-POR-___-___-EXI
100
AcDbLine
 10
554.9999999999908
 20
-175.0000000000085
 30
0.0
 11
554.9999999999908
 21
175.0000000009601
 31
0.0
1001
REVIT
1002
{
1070
     1
1000
22836251
1002
}
1002
{
1070
     5
1000
22369111
1002
}
  0
LINE
  5
12A
330
124
100
AcDbEntity
  8
A-POR-___-___-EXI
100
AcDbLine
 10
554.9999999999908
 20
175.0000000009601
 30
0.0
 11
524.9999999999911
 21
175.0000000009601
 31
0.0
1001
REVIT
1002
{
1070
     1
1000
22836251
1002
}
1002
{
1070
     5
1000
22369111
1002
}
  0
LINE
  5
12B
330
124
100
AcDbEntity
  8
A-POR-___-___-EXI
100
AcDbLine
 10
524.9999999999911
 20
175.0000000009601
 30
0.0
 11
524.9999999999911
 21
-175.0000000000085
 31
0.0
1001
REVIT
1002
{
1070
     1
1000
22836251
1002
}
1002
{
1070
     5
1000
22369111
1002
}
  0
LINE
  5
12C
330
124
100
AcDbEntity
  8
A-POR-___-___-EXI
100
AcDbLine
 10
524.9999999999911
 20
-175.0000000000085
 30
0.0
 11
554.9999999999908
 21
-175.0000000000085
 31
0.0
1001
REVIT
1002
{
1070
     1
1000
22836251
1002
}
1002
{
1070
     5
1000
22369111
1002
}
  0
LINE
  5
12D
330
124
100
AcDbEntity
  8
A-POR-___-___-EXI
100
AcDbLine
 10
-493.000000000007
 20
697.0000000009646
 30
0.0
 11
-523.0000000000088
 21
697.0000000009646
 31
0.0
1001
REVIT
1002
{
1070
     1
1000
22836251
1002
}
1002
{
1070
     5
1000
22369111
1002
}
  0
LINE
  5
12E
330
124
100
AcDbEntity
  8
A-POR-___-___-EXI
100
AcDbLine
 10
-523.0000000000088
 20
697.0000000009646
 30
0.0
 11
-523.0000000000088
 21
175.000000000962
 31
0.0
1001
REVIT
1002
{
1070
     1
1000
22836251
1002
}
1002
{
1070
     5
1000
22369111
1002
}
  0
LINE
  5
12F
330
124
100
AcDbEntity
  8
A-POR-___-___-EXI
100
AcDbLine
 10
-523.0000000000088
 20
175.000000000962
 30
0.0
 11
-493.000000000007
 21
175.0000000009619
 31
0.0
1001
REVIT
1002
{
1070
     1
1000
22836251
1002
}
1002
{
1070
     5
1000
22369111
1002
}
  0
LINE
  5
130
330
124
100
AcDbEntity
  8
A-POR-___-___-EXI
100
AcDbLine
 10
-493.000000000007
 20
175.0000000009619
 30
0.0
 11
-493.000000000007
 21
697.0000000009646
 31
0.0
1001
REVIT
1002
{
1070
     1
1000
22836251
1002
}
1002
{
1070
     5
1000
22369111
1002
}
  0
ARC
  5
131
330
124
100
AcDbEntity
  8
A-JAN-___-___-EXI
100
AcDbCircle
 10
-523.0000000000088
 20
175.000000000962
 30
0.0
 40
522.0000000000028
100
AcDbArc
 50
359.9999999999995
 51
89.99999999999984
1001
REVIT
1002
{
1070
     1
1000
22836251
1002
}
1002
{
1070
     5
1000
22369111
1002
}
1002
{
1070
     3
1000
-2000027
1002
}
  0
LINE
  5
132
330
124
100
AcDbEntity
  8
A-POR-___-___-EXI
100
AcDbLine
 10
492.9999999999918
 20
175.0000000009515
 30
0.0
 11
492.9999999999918
 21
697.0000000009541
 31
0.0
1001
REVIT
1002
{
1070
     1
1000
22836251
1002
}
1002
{
1070
     5
1000
22369111
1002
}
  0
LINE
  5
133
330
124
100
AcDbEntity
  8
A-POR-___-___-EXI
100
AcDbLine
 10
522.9999999999916
 20
175.0000000009515
 30
0.0
 11
492.9999999999918
 21
175.0000000009515
 31
0.0
1001
REVIT
1002
{
1070
     1
1000
22836251
1002
}
1002
{
1070
     5
1000
22369111
1002
}
  0
LINE
  5
134
330
124
100
AcDbEntity
  8
A-POR-___-___-EXI
100
AcDbLine
 10
522.9999999999916
 20
697.000000000954
 30
0.0
 11
522.9999999999916
 21
175.0000000009515
 31
0.0
1001
REVIT
1002
{
1070
     1
1000
22836251
1002
}
1002
{
1070
     5
1000
22369111
1002
}
  0
LINE
  5
135
330
124
100
AcDbEntity
  8
A-POR-___-___-EXI
100
AcDbLine
 10
492.9999999999918
 20
697.0000000009541
 30
0.0
 11
522.9999999999916
 21
697.000000000954
 31
0.0
1001
REVIT
1002
{
1070
     1
1000
22836251
1002
}
1002
{
1070
     5
1000
22369111
1002
}
  0
ARC
  5
136
330
124
100
AcDbEntity
  8
A-JAN-___-___-EXI
100
AcDbCircle
 10
522.9999999999916
 20
175.0000000009515
 30
0.0
 40
521.9999999999982
100
AcDbArc
 50
89.99999999999992
 51
179.9999999999999
1001
REVIT
1002
{
1070
     1
1000
22836251
1002
}
1002
{
1070
     5
1000
22369111
1002
}
1002
{
1070
     3
1000
-2000027
1002
}
  0
ENDBLK
  5
138
330
124
100
AcDbEntity
  8
0
100
AcDbBlockEnd
  0
BLOCK
  5
17C
330
176
100
AcDbEntity
  8
0
100
AcDbBlockBegin
  2
SVG - A4-22881151-Não nomeada
 70
     0
 10
0.0
 20
0.0
 30
0.0
  3
SVG - A4-22881151-Não nomeada
  1

  0
LINE
  5
178
330
176
100
AcDbEntity
  8
A-PIS-___-___-EXI
100
AcDbLine
 10
64.29285070883699
 20
356.4999999999859
 30
0.0
 11
64.29285070883699
 21
59.49999999998593
 31
0.0
1001
REVIT
1002
{
1070
     1
1000
22881178
1002
}
1002
{
1070
     5
1000
22881151
1002
}
1002
{
1070
     3
1000
-2000281
1002
}
  0
LINE
  5
179
330
176
100
AcDbEntity
  8
A-PIS-___-___-EXI
100
AcDbLine
 10
64.29285070883699
 20
59.49999999998593
 30
0.0
 11
274.292850708837
 21
59.49999999998593
 31
0.0
1001
REVIT
1002
{
1070
     1
1000
22881178
1002
}
1002
{
1070
     5
1000
22881151
1002
}
1002
{
1070
     3
1000
-2000281
1002
}
  0
LINE
  5
17A
330
176
100
AcDbEntity
  8
A-PIS-___-___-EXI
100
AcDbLine
 10
274.292850708837
 20
59.49999999998593
 30
0.0
 11
274.292850708837
 21
356.4999999999859
 31
0.0
1001
REVIT
1002
{
1070
     1
1000
22881178
1002
}
1002
{
1070
     5
1000
22881151
1002
}
1002
{
1070
     3
1000
-2000281
1002
}
  0
LINE
  5
17B
330
176
100
AcDbEntity
  8
A-PIS-___-___-EXI
100
AcDbLine
 10
274.292850708837
 20
356.4999999999859
 30
0.0
 11
64.29285070883699
 21
356.4999999999859
 31
0.0
1001
REVIT
1002
{
1070
     1
1000
22881178
1002
}
1002
{
1070
     5
1000
22881151
1002
}
1002
{
1070
     3
1000
-2000281
1002
}
  0
ENDBLK
  5
17D
330
176
100
AcDbEntity
  8
0
100
AcDbBlockEnd
  0
ENDSEC
  0
SECTION
  2
ENTITIES
  0
HATCH
  5
8A
330
70
100
AcDbEntity
  8
A-ALV-___-___-EXI
 62
    11
100
AcDbHatch
 10
0.0
 20
0.0
 30
0.0
210
0.0
220
0.0
230
1.0
  2
SOLID
 70
     1
 71
     0
 91
        1
 92
        1
 93
        4
 72
     1
 10
33833.18547672586
 20
-16173.99206310742
 11
33833.18547672586
 21
-16023.99206310742
 72
     1
 10
33833.18547672586
 20
-16023.99206310742
 11
32733.18547672587
 21
-16023.99206310741
 72
     1
 10
32733.18547672587
 20
-16023.99206310741
 11
32733.18547672587
 21
-16173.99206310741
 72
     1
 10
32733.18547672587
 20
-16173.99206310741
 11
33833.18547672586
 21
-16173.99206310742
 97
        0
 75
     0
 76
     1
 98
        1
 10
0.0
 20
0.0
450
        0
451
        0
460
0.0
461
0.0
452
        0
462
0.0
453
        0
470

1001
REVIT
1002
{
1070
     1
1000
22835349
1002
}
1002
{
1070
     5
1000
3324767
1002
}
1002
{
1070
     2
1000
-2000011
1002
}
1002
{
1070
     3
1000
-2000588
1002
}
  0
HATCH
  5
98
330
70
100
AcDbEntity
  8
A-ALV-___-___-EXI
 62
    11
100
AcDbHatch
 10
0.0
 20
0.0
 30
0.0
210
0.0
220
0.0
230
1.0
  2
SOLID
 70
     1
 71
     0
 91
        3
 92
        1
 93
        4
 72
     1
 10
25173.18547672588
 20
-16023.99206310739
 11
25523.18547672587
 21
-16023.99206310739
 72
     1
 10
25523.18547672587
 20
-16023.99206310739
 11
25523.18547672587
 21
-13873.99206310739
 72
     1
 10
25523.18547672587
 20
-13873.99206310739
 11
25173.18547672588
 21
-13873.99206310739
 72
     1
 10
25173.18547672588
 20
-13873.99206310739
 11
25173.18547672588
 21
-16023.99206310739
 97
        0
 92
        1
 93
        5
 72
     1
 10
25173.18547672588
 20
-12763.99206310739
 11
25523.18547672588
 21
-12763.99206310739
 72
     1
 10
25523.18547672588
 20
-12763.99206310739
 11
25523.18547672589
 21
-11813.99206310739
 72
     1
 10
25523.18547672589
 20
-11813.99206310739
 11
25173.18547672588
 21
-11813.99206310739
 72
     1
 10
25173.18547672588
 20
-11813.99206310739
 11
25173.18547672588
 21
-12264.16287819474
 72
     1
 10
25173.18547672588
 20
-12264.16287819474
 11
25173.18547672588
 21
-12763.99206310739
 97
        0
 92
        1
 93
        4
 72
     1
 10
25173.18547672588
 20
-10703.99206310739
 11
25523.18547672589
 21
-10703.99206310739
 72
     1
 10
25523.18547672589
 20
-10703.99206310739
 11
25523.18547672589
 21
-8353.992063107387
 72
     1
 10
25523.18547672589
 20
-8353.992063107387
 11
25173.18547672589
 21
-8353.992063107382
 72
     1
 10
25173.18547672589
 20
-8353.992063107382
 11
25173.18547672588
 21
-10703.99206310739
 97
        0
 75
     0
 76
     1
 98
        1
 10
0.0
 20
0.0
450
        0
451
        0
460
0.0
461
0.0
452
        0
462
0.0
453
        0
470

1001
REVIT
1002
{
1070
     1
1000
22835456
1002
}
1002
{
1070
     5
1000
22476216
1002
}
1002
{
1070
     2
1000
-2000011
1002
}
1002
{
1070
     3
1000
-2000588
1002
}
  0
HATCH
  5
9F
330
70
100
AcDbEntity
  8
A-ALV-___-___-EXI
 62
    11
100
AcDbHatch
 10
0.0
 20
0.0
 30
0.0
210
0.0
220
0.0
230
1.0
  2
SOLID
 70
     1
 71
     0
 91
        1
 92
        1
 93
        6
 72
     1
 10
29503.77136383125
 20
-8503.992063107391
 11
29593.18547672589
 21
-8503.992063107391
 72
     1
 10
29593.18547672589
 20
-8503.992063107391
 11
29593.18547672589
 21
-8353.992063107389
 72
     1
 10
29593.18547672589
 20
-8353.992063107389
 11
25523.18547672589
 21
-8353.992063107387
 72
     1
 10
25523.18547672589
 20
-8353.992063107387
 11
25523.18547672589
 21
-8503.992063107387
 72
     1
 10
25523.18547672589
 20
-8503.992063107387
 11
29393.18547672589
 21
-8503.992063107391
 72
     1
 10
29393.18547672589
 20
-8503.992063107391
 11
29503.77136383125
 21
-8503.992063107391
 97
        0
 75
     0
 76
     1
 98
        1
 10
0.0
 20
0.0
450
        0
451
        0
460
0.0
461
0.0
452
        0
462
0.0
453
        0
470

1001
REVIT
1002
{
1070
     1
1000
22835512
1002
}
1002
{
1070
     5
1000
3324767
1002
}
1002
{
1070
     2
1000
-2000011
1002
}
1002
{
1070
     3
1000
-2000588
1002
}
  0
HATCH
  5
AE
330
70
100
AcDbEntity
  8
A-ALV-___-___-EXI
 62
    11
100
AcDbHatch
 10
0.0
 20
0.0
 30
0.0
210
0.0
220
0.0
230
1.0
  2
SOLID
 70
     1
 71
     0
 91
        3
 92
        1
 93
        4
 72
     1
 10
29393.18547672585
 20
-16023.99206310741
 11
29593.18547672585
 21
-16023.99206310741
 72
     1
 10
29593.18547672585
 20
-16023.99206310741
 11
29593.18547672586
 21
-15603.99206310742
 72
     1
 10
29593.18547672586
 20
-15603.99206310742
 11
29393.18547672585
 21
-15603.99206310742
 72
     1
 10
29393.18547672585
 20
-15603.99206310742
 11
29393.18547672585
 21
-16023.99206310741
 97
        0
 92
        1
 93
        5
 72
     1
 10
29503.77136383125
 20
-14543.99206310742
 11
29593.18547672586
 21
-14543.99206310742
 72
     1
 10
29593.18547672586
 20
-14543.99206310742
 11
29593.18547672587
 21
-12163.99206310741
 72
     1
 10
29593.18547672587
 20
-12163.99206310741
 11
29393.18547672587
 21
-12163.99206310741
 72
     1
 10
29393.18547672587
 20
-12163.99206310741
 11
29393.18547672586
 21
-14543.99206310742
 72
     1
 10
29393.18547672586
 20
-14543.99206310742
 11
29503.77136383125
 21
-14543.99206310742
 97
        0
 92
        1
 93
        5
 72
     1
 10
29503.77136383125
 20
-11203.99206310741
 11
29593.18547672588
 21
-11203.99206310741
 72
     1
 10
29593.18547672588
 20
-11203.99206310741
 11
29593.18547672589
 21
-8503.992063107391
 72
     1
 10
29593.18547672589
 20
-8503.992063107391
 11
29393.18547672589
 21
-8503.992063107391
 72
     1
 10
29393.18547672589
 20
-8503.992063107391
 11
29393.18547672588
 21
-11203.99206310741
 72
     1
 10
29393.18547672588
 20
-11203.99206310741
 11
29503.77136383125
 21
-11203.99206310741
 97
        0
 75
     0
 76
     1
 98
        1
 10
0.0
 20
0.0
450
        0
451
        0
460
0.0
461
0.0
452
        0
462
0.0
453
        0
470

1001
REVIT
1002
{
1070
     1
1000
22835603
1002
}
1002
{
1070
     5
1000
22554474
1002
}
1002
{
1070
     2
1000
-2000011
1002
}
1002
{
1070
     3
1000
-2000588
1002
}
  0
HATCH
  5
B3
330
70
100
AcDbEntity
  8
A-ALV-___-___-EXI
 62
    11
100
AcDbHatch
 10
0.0
 20
0.0
 30
0.0
210
0.0
220
0.0
230
1.0
  2
SOLID
 70
     1
 71
     0
 91
        1
 92
        1
 93
        4
 72
     1
 10
29393.18547672587
 20
-12343.9920631074
 11
29393.18547672587
 21
-12193.9920631074
 72
     1
 10
29393.18547672587
 20
-12193.9920631074
 11
25523.18547672588
 21
-12193.99206310739
 72
     1
 10
25523.18547672588
 20
-12193.99206310739
 11
25523.18547672588
 21
-12343.99206310739
 72
     1
 10
25523.18547672588
 20
-12343.99206310739
 11
29393.18547672587
 21
-12343.9920631074
 97
        0
 75
     0
 76
     1
 98
        1
 10
0.0
 20
0.0
450
        0
451
        0
460
0.0
461
0.0
452
        0
462
0.0
453
        0
470

1001
REVIT
1002
{
1070
     1
1000
22835689
1002
}
1002
{
1070
     5
1000
3324767
1002
}
1002
{
1070
     2
1000
-2000011
1002
}
1002
{
1070
     3
1000
-2000588
1002
}
  0
HATCH
  5
B9
330
70
100
AcDbEntity
  8
A-ALV-___-___-EXI
 62
    11
100
AcDbHatch
 10
0.0
 20
0.0
 30
0.0
210
0.0
220
0.0
230
1.0
  2
SOLID
 70
     1
 71
     0
 91
        1
 92
        1
 93
        5
 72
     1
 10
33833.18547672589
 20
-10848.99206310741
 11
33833.18547672589
 21
-10698.99206310742
 72
     1
 10
33833.18547672589
 20
-10698.99206310742
 11
29593.18547672588
 21
-10698.9920631074
 72
     1
 10
29593.18547672588
 20
-10698.9920631074
 11
29593.18547672588
 21
-10848.99206310739
 72
     1
 10
29593.18547672588
 20
-10848.99206310739
 11
33483.18547672589
 21
-10848.99206310741
 72
     1
 10
33483.18547672589
 20
-10848.99206310741
 11
33833.18547672589
 21
-10848.99206310741
 97
        0
 75
     0
 76
     1
 98
        1
 10
0.0
 20
0.0
450
        0
451
        0
460
0.0
461
0.0
452
        0
462
0.0
453
        0
470

1001
REVIT
1002
{
1070
     1
1000
22835804
1002
}
1002
{
1070
     5
1000
3324767
1002
}
1002
{
1070
     2
1000
-2000011
1002
}
1002
{
1070
     3
1000
-2000588
1002
}
  0
HATCH
  5
C2
330
70
100
AcDbEntity
  8
A-ALV-___-___-EXI
 62
    11
100
AcDbHatch
 10
0.0
 20
0.0
 30
0.0
210
0.0
220
0.0
230
1.0
  2
SOLID
 70
     1
 71
     0
 91
        2
 92
        1
 93
        4
 72
     1
 10
33833.18547672586
 20
-16023.99206310742
 11
33833.18547672589
 21
-13003.99206310742
 72
     1
 10
33833.18547672589
 20
-13003.99206310742
 11
33483.18547672588
 21
-13003.99206310742
 72
     1
 10
33483.18547672588
 20
-13003.99206310742
 11
33483.18547672587
 21
-16023.99206310742
 72
     1
 10
33483.18547672587
 20
-16023.99206310742
 11
33833.18547672586
 21
-16023.99206310742
 97
        0
 92
        1
 93
        4
 72
     1
 10
33483.18547672588
 20
-11893.99206310742
 11
33833.18547672589
 21
-11893.99206310742
 72
     1
 10
33833.18547672589
 20
-11893.99206310742
 11
33833.18547672589
 21
-10848.99206310741
 72
     1
 10
33833.18547672589
 20
-10848.99206310741
 11
33483.18547672589
 21
-10848.99206310741
 72
     1
 10
33483.18547672589
 20
-10848.99206310741
 11
33483.18547672588
 21
-11893.99206310742
 97
        0
 75
     0
 76
     1
 98
        1
 10
0.0
 20
0.0
450
        0
451
        0
460
0.0
461
0.0
452
        0
462
0.0
453
        0
470

1001
REVIT
1002
{
1070
     1
1000
22835858
1002
}
1002
{
1070
     5
1000
22476216
1002
}
1002
{
1070
     2
1000
-2000011
1002
}
1002
{
1070
     3
1000
-2000588
1002
}
  0
HATCH
  5
C8
330
70
100
AcDbEntity
  8
A-ALV-___-___-EXI
 62
    11
100
AcDbHatch
 10
0.0
 20
0.0
 30
0.0
210
0.0
220
0.0
230
1.0
  2
SOLID
 70
     1
 71
     0
 91
        1
 92
        1
 93
        5
 72
     1
 10
32033.18547672586
 20
-16173.99206310741
 11
32033.18547672587
 21
-16023.99206310741
 72
     1
 10
32033.18547672587
 20
-16023.99206310741
 11
26773.18547672588
 21
-16023.99206310741
 72
     1
 10
26773.18547672588
 20
-16023.99206310741
 11
26773.18547672588
 21
-16173.99206310741
 72
     1
 10
26773.18547672588
 20
-16173.99206310741
 11
29503.77136383125
 21
-16173.99206310741
 72
     1
 10
29503.77136383125
 20
-16173.99206310741
 11
32033.18547672586
 21
-16173.99206310741
 97
        0
 75
     0
 76
     1
 98
        1
 10
0.0
 20
0.0
450
        0
451
        0
460
0.0
461
0.0
452
        0
462
0.0
453
        0
470

1001
REVIT
1002
{
1070
     1
1000
22837336
1002
}
1002
{
1070
     5
1000
3324767
1002
}
1002
{
1070
     2
1000
-2000011
1002
}
1002
{
1070
     3
1000
-2000588
1002
}
  0
HATCH
  5
CD
330
70
100
AcDbEntity
  8
A-ALV-___-___-EXI
 62
    11
100
AcDbHatch
 10
0.0
 20
0.0
 30
0.0
210
0.0
220
0.0
230
1.0
  2
SOLID
 70
     1
 71
     0
 91
        1
 92
        1
 93
        4
 72
     1
 10
26173.18547672587
 20
-16173.9920631074
 11
26173.18547672587
 21
-16023.9920631074
 72
     1
 10
26173.18547672587
 20
-16023.9920631074
 11
25173.18547672588
 21
-16023.99206310739
 72
     1
 10
25173.18547672588
 20
-16023.99206310739
 11
25173.18547672588
 21
-16173.99206310739
 72
     1
 10
25173.18547672588
 20
-16173.99206310739
 11
26173.18547672587
 21
-16173.9920631074
 97
        0
 75
     0
 76
     1
 98
        1
 10
0.0
 20
0.0
450
        0
451
        0
460
0.0
461
0.0
452
        0
462
0.0
453
        0
470

1001
REVIT
1002
{
1070
     1
1000
22837433
1002
}
1002
{
1070
     5
1000
3324767
1002
}
1002
{
1070
     2
1000
-2000011
1002
}
1002
{
1070
     3
1000
-2000588
1002
}
  0
LINE
  5
D6
330
70
100
AcDbEntity
  8
A-ALV-___-___-EXI
 62
     7
370
    35
100
AcDbLine
 10
25173.18547672588
 20
-11813.99206310742
 30
0.0
 11
25173.18547672588
 21
-12763.99206310742
 31
0.0
1001
REVIT
1002
{
1070
     1
1000
22835456
1002
}
1002
{
1070
     5
1000
22476216
1002
}
1002
{
1070
     2
1000
-2000011
1002
}
  0
LINE
  5
DA
330
70
100
AcDbEntity
  8
A-ALV-___-___-EXI
 62
   250
100
AcDbLine
 10
25523.18547672587
 20
-10733.99206310742
 30
0.0
 11
25523.18547672587
 21
-10735.99206310742
 31
0.0
1001
REVIT
1002
{
1070
     1
1000
22835456
1002
}
1002
{
1070
     5
1000
22476216
1002
}
1002
{
1070
     2
1000
-2000011
1002
}
  0
LINE
  5
DB
330
70
100
AcDbEntity
  8
A-JAN-___-___-EXI
 62
   250
100
AcDbLine
 10
25523.18547672587
 20
-10765.99206310743
 30
0.0
 11
25523.18547672587
 21
-11751.99206310743
 31
0.0
1001
REVIT
1002
{
1070
     1
1000
22835456
1002
}
1002
{
1070
     5
1000
22476216
1002
}
1002
{
1070
     2
1000
-2000011
1002
}
  0
LINE
  5
DC
330
70
100
AcDbEntity
  8
A-ALV-___-___-EXI
 62
   250
100
AcDbLine
 10
25523.18547672587
 20
-11781.99206310742
 30
0.0
 11
25523.18547672587
 21
-11783.99206310742
 31
0.0
1001
REVIT
1002
{
1070
     1
1000
22835456
1002
}
1002
{
1070
     5
1000
22476216
1002
}
1002
{
1070
     2
1000
-2000011
1002
}
  0
LINE
  5
DD
330
70
100
AcDbEntity
  8
A-ALV-___-___-EXI
 62
   250
100
AcDbLine
 10
25523.18547672587
 20
-12793.99206310742
 30
0.0
 11
25523.18547672587
 21
-12795.99206310742
 31
0.0
1001
REVIT
1002
{
1070
     1
1000
22835456
1002
}
1002
{
1070
     5
1000
22476216
1002
}
1002
{
1070
     2
1000
-2000011
1002
}
  0
LINE
  5
DE
330
70
100
AcDbEntity
  8
A-JAN-___-___-EXI
 62
   250
100
AcDbLine
 10
25523.18547672587
 20
-12825.99206310742
 30
0.0
 11
25523.18547672587
 21
-13811.99206310743
 31
0.0
1001
REVIT
1002
{
1070
     1
1000
22835456
1002
}
1002
{
1070
     5
1000
22476216
1002
}
1002
{
1070
     2
1000
-2000011
1002
}
  0
LINE
  5
DF
330
70
100
AcDbEntity
  8
A-ALV-___-___-EXI
 62
   250
100
AcDbLine
 10
25523.18547672587
 20
-13841.99206310742
 30
0.0
 11
25523.18547672587
 21
-13843.99206310742
 31
0.0
1001
REVIT
1002
{
1070
     1
1000
22835456
1002
}
1002
{
1070
     5
1000
22476216
1002
}
1002
{
1070
     2
1000
-2000011
1002
}
  0
LINE
  5
E0
330
70
100
AcDbEntity
  8
A-JAN-___-___-EXI
 62
   250
100
AcDbLine
 10
25173.18547672587
 20
-13843.99206310742
 30
0.0
 11
25173.18547672588
 21
-12793.99206310742
 31
0.0
1001
REVIT
1002
{
1070
     1
1000
22835456
1002
}
1002
{
1070
     5
1000
22476216
1002
}
1002
{
1070
     2
1000
-2000011
1002
}
  0
LINE
  5
E1
330
70
100
AcDbEntity
  8
A-JAN-___-___-EXI
 62
   250
100
AcDbLine
 10
25173.18547672588
 20
-11783.99206310742
 30
0.0
 11
25173.18547672588
 21
-10733.99206310742
 31
0.0
1001
REVIT
1002
{
1070
     1
1000
22835456
1002
}
1002
{
1070
     5
1000
22476216
1002
}
1002
{
1070
     2
1000
-2000011
1002
}
  0
LINE
  5
EA
330
70
100
AcDbEntity
  8
A-ALV-___-___-EXI
 62
     7
370
    35
100
AcDbLine
 10
29593.18547672584
 20
-14543.99206310744
 30
0.0
 11
29593.18547672586
 21
-12163.99206310744
 31
0.0
1001
REVIT
1002
{
1070
     1
1000
22835603
1002
}
1002
{
1070
     5
1000
22554474
1002
}
1002
{
1070
     2
1000
-2000011
1002
}
  0
LINE
  5
ED
330
70
100
AcDbEntity
  8
A-ALV-___-___-EXI
 62
   250
100
AcDbLine
 10
29393.18547672584
 20
-15573.99206310745
 30
0.0
 11
29393.18547672584
 21
-15571.99206310745
 31
0.0
1001
REVIT
1002
{
1070
     1
1000
22835603
1002
}
1002
{
1070
     5
1000
22554474
1002
}
1002
{
1070
     2
1000
-2000011
1002
}
  0
LINE
  5
EE
330
70
100
AcDbEntity
  8
A-POR-___-___-EXI
 62
   250
100
AcDbLine
 10
29393.18547672585
 20
-15541.99206310745
 30
0.0
 11
29393.18547672585
 21
-14573.99206310745
 31
0.0
1001
REVIT
1002
{
1070
     1
1000
22835603
1002
}
1002
{
1070
     5
1000
22554474
1002
}
1002
{
1070
     2
1000
-2000011
1002
}
  0
LINE
  5
EF
330
70
100
AcDbEntity
  8
A-ALV-___-___-EXI
 62
   250
100
AcDbLine
 10
29393.18547672586
 20
-12133.99206310744
 30
0.0
 11
29393.18547672586
 21
-12131.99206310744
 31
0.0
1001
REVIT
1002
{
1070
     1
1000
22835603
1002
}
1002
{
1070
     5
1000
22554474
1002
}
1002
{
1070
     2
1000
-2000011
1002
}
  0
LINE
  5
F0
330
70
100
AcDbEntity
  8
A-POR-___-___-EXI
 62
   250
100
AcDbLine
 10
29393.18547672586
 20
-12101.99206310744
 30
0.0
 11
29393.18547672586
 21
-11233.99206310744
 31
0.0
1001
REVIT
1002
{
1070
     1
1000
22835603
1002
}
1002
{
1070
     5
1000
22554474
1002
}
1002
{
1070
     2
1000
-2000011
1002
}
  0
LINE
  5
F1
330
70
100
AcDbEntity
  8
A-POR-___-___-EXI
 62
   250
100
AcDbLine
 10
29593.18547672586
 20
-11233.99206310745
 30
0.0
 11
29593.18547672586
 21
-12133.99206310745
 31
0.0
1001
REVIT
1002
{
1070
     1
1000
22835603
1002
}
1002
{
1070
     5
1000
22554474
1002
}
1002
{
1070
     2
1000
-2000011
1002
}
  0
LINE
  5
F2
330
70
100
AcDbEntity
  8
A-POR-___-___-EXI
 62
   250
100
AcDbLine
 10
29593.18547672584
 20
-14573.99206310745
 30
0.0
 11
29593.18547672584
 21
-15573.99206310745
 31
0.0
1001
REVIT
1002
{
1070
     1
1000
22835603
1002
}
1002
{
1070
     5
1000
22554474
1002
}
1002
{
1070
     2
1000
-2000011
1002
}
  0
LINE
  5
FC
330
70
100
AcDbEntity
  8
A-ALV-___-___-EXI
 62
   250
100
AcDbLine
 10
33483.18547672587
 20
-12973.99206310745
 30
0.0
 11
33483.18547672587
 21
-12971.99206310745
 31
0.0
1001
REVIT
1002
{
1070
     1
1000
22835858
1002
}
1002
{
1070
     5
1000
22476216
1002
}
1002
{
1070
     2
1000
-2000011
1002
}
  0
LINE
  5
FD
330
70
100
AcDbEntity
  8
A-POR-___-___-EXI
 62
   250
100
AcDbLine
 10
33483.18547672587
 20
-12941.99206310745
 30
0.0
 11
33483.18547672587
 21
-11955.99206310745
 31
0.0
1001
REVIT
1002
{
1070
     1
1000
22835858
1002
}
1002
{
1070
     5
1000
22476216
1002
}
1002
{
1070
     2
1000
-2000011
1002
}
  0
LINE
  5
FE
330
70
100
AcDbEntity
  8
A-ALV-___-___-EXI
 62
   250
100
AcDbLine
 10
33483.18547672587
 20
-11925.99206310745
 30
0.0
 11
33483.18547672587
 21
-11923.99206310745
 31
0.0
1001
REVIT
1002
{
1070
     1
1000
22835858
1002
}
1002
{
1070
     5
1000
22476216
1002
}
1002
{
1070
     2
1000
-2000011
1002
}
  0
LINE
  5
FF
330
70
100
AcDbEntity
  8
A-POR-___-___-EXI
 62
   250
100
AcDbLine
 10
33833.18547672586
 20
-11923.99206310746
 30
0.0
 11
33833.18547672586
 21
-12973.99206310746
 31
0.0
1001
REVIT
1002
{
1070
     1
1000
22835858
1002
}
1002
{
1070
     5
1000
22476216
1002
}
1002
{
1070
     2
1000
-2000011
1002
}
  0
INSERT
  5
112
330
70
100
AcDbEntity
  8
A-POR-___-___-EXI
100
AcDbBlockReference
  2
porta multiplas_original - Simples - 90 cm-22836972-Planta baixa - Sótão_
 10
29493.18547672586
 20
-11683.99206310743
 30
0.0
 50
89.99999999999969
1001
REVIT
1002
{
1070
     1
1000
22836056
1002
}
1002
{
1070
     5
1000
22369137
1002
}
1002
{
1070
     2
1000
-2000023
1002
}
  0
INSERT
  5
123
330
70
100
AcDbEntity
  8
A-POR-___-___-EXI
100
AcDbBlockReference
  2
porta multiplas_original - 100-22836899-Planta baixa - Sótão_
 10
29493.18547672585
 20
-15073.99206310743
 30
0.0
 50
89.99999999999969
1001
REVIT
1002
{
1070
     1
1000
22836161
1002
}
1002
{
1070
     5
1000
22507315
1002
}
1002
{
1070
     2
1000
-2000023
1002
}
  0
INSERT
  5
139
330
70
100
AcDbEntity
  8
A-POR-___-___-EXI
100
AcDbBlockReference
  2
porta multiplas_original - Dupla - 70 cm-22836745-Planta baixa - Sótão_
 10
33658.18547672586
 20
-12448.99206310744
 30
0.0
 50
89.99999999999971
1001
REVIT
1002
{
1070
     1
1000
22836251
1002
}
1002
{
1070
     5
1000
22369111
1002
}
1002
{
1070
     2
1000
-2000023
1002
}
  0
INSERT
  5
13A
330
70
100
AcDbEntity
  8
A-JAN-___-___-EXI
100
AcDbBlockReference
  2
porta multiplas_original - Dupla - 70 cm-22836745-Planta baixa - Sótão_
 10
25348.18547672587
 20
-11258.99206310742
 30
0.0
 50
269.9999999999999
1001
REVIT
1002
{
1070
     1
1000
22836398
1002
}
1002
{
1070
     5
1000
22369111
1002
}
1002
{
1070
     2
1000
-2000023
1002
}
  0
INSERT
  5
13B
330
70
100
AcDbEntity
  8
A-JAN-___-___-EXI
100
AcDbBlockReference
  2
porta multiplas_original - Dupla - 70 cm-22836745-Planta baixa - Sótão_
 10
25348.18547672587
 20
-13318.99206310742
 30
0.0
 50
269.9999999999999
1001
REVIT
1002
{
1070
     1
1000
22836591
1002
}
1002
{
1070
     5
1000
22369111
1002
}
1002
{
1070
     2
1000
-2000023
1002
}
  0
LWPOLYLINE
  5
1A8
330
70
100
AcDbEntity
  8
A-ESC-___-___-EXI
100
AcDbPolyline
 90
        3
 70
     0
 43
0.0
 10
27331.78652739593
 20
-12706.67799036078
 10
29031.78652739592
 20
-12706.67799036079
 10
29031.78652739592
 20
-14169.36391761414
1001
REVIT
1002
{
1070
     1
1000
22877467
1002
}
1002
{
1070
     2
1000
-2000051
1002
}
1002
{
1070
     3
1000
-2000042
1002
}
  0
LWPOLYLINE
  5
1A9
330
70
100
AcDbEntity
  8
A-ESC-___-___-EXI
100
AcDbPolyline
 90
       20
 70
     0
 43
0.0
 10
28693.18547672586
 20
-13344.36391761414
 10
29393.18547672585
 20
-13344.36391761414
 10
28693.18547672586
 20
-13344.36391761414
 10
28693.18547672586
 20
-14169.36391761414
 10
29393.18547672585
 20
-14169.36391761414
 10
29393.18547672586
 20
-13069.36391761414
 10
29393.18547672585
 20
-13344.36391761414
 10
29393.18547672585
 20
-14169.36391761414
 10
28693.18547672586
 20
-14169.36391761414
 10
28693.18547672586
 20
-13619.36391761414
 10
29393.18547672585
 20
-13619.36391761414
 10
29393.18547672585
 20
-14169.36391761414
 10
28693.18547672586
 20
-14169.36391761414
 10
27331.78652739592
 20
-13069.36391761414
 10
27331.78652739593
 20
-12343.99206310742
 10
28693.18547672586
 20
-12343.99206310743
 10
29393.18547672586
 20
-12343.99206310743
 10
29393.18547672585
 20
-14169.36391761414
 10
28693.18547672586
 20
-14169.36391761414
 10
28693.18547672586
 20
-12343.99206310743
1001
REVIT
1002
{
1070
     1
1000
22877465
1002
}
1002
{
1070
     2
1000
-2000051
1002
}
1002
{
1070
     3
1000
-2000284
1002
}
  0
LWPOLYLINE
  5
1AA
330
70
100
AcDbEntity
  8
A-ESC-___-___-EXI
100
AcDbPolyline
 90
        4
 70
     1
 43
0.0
 10
28157.26113752567
 20
-12343.99206310743
 10
27890.1958224837
 20
-12343.99206310743
 10
27890.1958224837
 20
-13069.36391761414
 10
28157.26113752567
 20
-13069.36391761414
1001
REVIT
1002
{
1070
     1
1000
22877464
1002
}
1002
{
1070
     2
1000
-2000051
1002
}
1002
{
1070
     3
1000
-2000042
1002
}
  0
LWPOLYLINE
  5
1AB
330
70
100
AcDbEntity
  8
A-ESC-___-___-EXI
100
AcDbPolyline
 90
        4
 70
     1
 43
0.0
 10
28438.89365156995
 20
-13069.36391761414
 10
27613.41904144019
 20
-13069.36391761414
 10
27613.41904144019
 20
-12343.99206310743
 10
28438.89365156995
 20
-12343.99206310743
1001
REVIT
1002
{
1070
     1
1000
22877460
1002
}
1002
{
1070
     2
1000
-2000051
1002
}
1002
{
1070
     3
1000
-2000042
1002
}
  0
LWPOLYLINE
  5
1AC
330
70
100
AcDbEntity
  8
A-ESC-___-___-EXI
100
AcDbPolyline
 90
        4
 70
     1
 43
0.0
 10
29393.18547672585
 20
-13619.36391761414
 10
28693.18547672586
 20
-13619.36391761414
 10
28693.18547672586
 20
-13894.36391761413
 10
29393.18547672585
 20
-13894.36391761414
1001
REVIT
1002
{
1070
     1
1000
22877454
1002
}
1002
{
1070
     2
1000
-2000051
1002
}
1002
{
1070
     3
1000
-2000284
1002
}
  0
LWPOLYLINE
  5
1AD
330
70
100
AcDbEntity
  8
A-ESC-___-___-EXI
100
AcDbPolyline
 90
        7
 70
     0
 43
0.0
 10
28693.18547672586
 20
-13619.36391761414
 10
29393.18547672585
 20
-13619.36391761414
 10
29393.18547672586
 20
-13069.36391761414
 10
27331.78652739593
 20
-13069.36391761414
 10
27331.78652739593
 20
-12343.99206310742
 10
29393.18547672586
 20
-12343.99206310743
 10
29393.18547672586
 20
-13069.36391761414
1001
REVIT
1002
{
1070
     1
1000
22877440
1002
}
1002
{
1070
     2
1000
-2000051
1002
}
1002
{
1070
     3
1000
-2000284
1002
}
  0
LWPOLYLINE
  5
1AE
330
70
100
AcDbEntity
  8
A-ALV-___-___-EXI
 62
     7
370
    35
100
AcDbPolyline
 90
        4
 70
     0
 43
0.0
 10
25173.18547672587
 20
-13873.99206310742
 10
25173.18547672586
 20
-16173.99206310743
 10
33833.18547672585
 20
-16173.99206310745
 10
33833.18547672586
 20
-13003.99206310745
1001
REVIT
1002
{
1070
     1
1000
22837336
1002
}
1002
{
1070
     5
1000
3324767
1002
}
1002
{
1070
     2
1000
-2000011
1002
}
  0
LWPOLYLINE
  5
1AF
330
70
100
AcDbEntity
  8
A-ALV-___-___-EXI
 62
     7
370
    35
100
AcDbPolyline
 90
        4
 70
     0
 43
0.0
 10
29393.18547672584
 20
-15603.99206310744
 10
29393.18547672583
 20
-16023.99206310744
 10
25523.18547672587
 20
-16023.99206310743
 10
25523.18547672587
 20
-13873.99206310742
1001
REVIT
1002
{
1070
     1
1000
22837336
1002
}
1002
{
1070
     5
1000
3324767
1002
}
1002
{
1070
     2
1000
-2000011
1002
}
  0
LWPOLYLINE
  5
1B0
330
70
100
AcDbEntity
  8
A-ALV-___-___-EXI
 62
     7
370
    35
100
AcDbPolyline
 90
        4
 70
     0
 43
0.0
 10
33483.18547672587
 20
-13003.99206310745
 10
33483.18547672585
 20
-16023.99206310745
 10
29593.18547672584
 20
-16023.99206310744
 10
29593.18547672584
 20
-15603.99206310744
1001
REVIT
1002
{
1070
     1
1000
22837336
1002
}
1002
{
1070
     5
1000
3324767
1002
}
1002
{
1070
     2
1000
-2000011
1002
}
  0
LWPOLYLINE
  5
1B1
330
70
100
AcDbEntity
  8
A-ALV-___-___-EXI
 62
     7
370
    35
100
AcDbPolyline
 90
        6
 70
     0
 43
0.0
 10
33833.18547672586
 20
-11893.99206310745
 10
33833.18547672588
 20
-10698.99206310745
 10
29593.18547672586
 20
-10698.99206310743
 10
29593.18547672588
 20
-8353.99206310743
 10
25173.18547672588
 20
-8353.992063107419
 10
25173.18547672588
 20
-10703.99206310742
1001
REVIT
1002
{
1070
     1
1000
22835858
1002
}
1002
{
1070
     5
1000
22476216
1002
}
1002
{
1070
     2
1000
-2000011
1002
}
  0
LWPOLYLINE
  5
1B2
330
70
100
AcDbEntity
  8
A-ALV-___-___-EXI
 62
     7
370
    35
100
AcDbPolyline
 90
        4
 70
     0
 43
0.0
 10
29593.18547672586
 20
-11203.99206310745
 10
29593.18547672586
 20
-10848.99206310743
 10
33483.18547672587
 20
-10848.99206310744
 10
33483.18547672587
 20
-11893.99206310745
1001
REVIT
1002
{
1070
     1
1000
22835858
1002
}
1002
{
1070
     5
1000
22476216
1002
}
1002
{
1070
     2
1000
-2000011
1002
}
  0
LWPOLYLINE
  5
1B3
330
70
100
AcDbEntity
  8
A-ALV-___-___-EXI
 62
     7
370
    35
100
AcDbPolyline
 90
        4
 70
     0
 43
0.0
 10
25523.18547672587
 20
-12763.99206310742
 10
25523.18547672587
 20
-12343.99206310742
 10
29393.18547672586
 20
-12343.99206310743
 10
29393.18547672585
 20
-14543.99206310744
1001
REVIT
1002
{
1070
     1
1000
22835689
1002
}
1002
{
1070
     5
1000
3324767
1002
}
1002
{
1070
     2
1000
-2000011
1002
}
  0
LWPOLYLINE
  5
1B4
330
70
100
AcDbEntity
  8
A-ALV-___-___-EXI
 62
     7
370
    35
100
AcDbPolyline
 90
        4
 70
     0
 43
0.0
 10
29393.18547672586
 20
-12163.99206310744
 10
29393.18547672586
 20
-12193.99206310743
 10
25523.18547672587
 20
-12193.99206310742
 10
25523.18547672587
 20
-11813.99206310742
1001
REVIT
1002
{
1070
     1
1000
22835689
1002
}
1002
{
1070
     5
1000
3324767
1002
}
1002
{
1070
     2
1000
-2000011
1002
}
  0
LWPOLYLINE
  5
1B5
330
70
100
AcDbEntity
  8
A-ALV-___-___-EXI
 62
     7
370
    35
100
AcDbPolyline
 90
        4
 70
     0
 43
0.0
 10
25523.18547672587
 20
-10703.99206310742
 10
25523.18547672587
 20
-8503.992063107423
 10
29393.18547672588
 20
-8503.99206310743
 10
29393.18547672586
 20
-11203.99206310745
1001
REVIT
1002
{
1070
     1
1000
22835603
1002
}
1002
{
1070
     5
1000
22554474
1002
}
1002
{
1070
     2
1000
-2000011
1002
}
  0
VIEWPORT
  5
170
330
6C
100
AcDbEntity
 67
     1
  8
A-ALV-___-___-EXI
100
AcDbViewport
 10
170.5821187449556
 20
205.7550448113468
 30
0.0
 40
86.60000000000001
 41
78.20000000000018
 68
     2
 69
     2
 12
29503.18547672587
 22
-12263.99206310743
 13
0.0
 23
0.0
 14
0.0
 24
0.0
 15
0.0
 25
0.0
 16
0.0
 26
0.0
 36
1.0
 17
0.0
 27
0.0
 37
0.0
 42
0.0
 43
0.0
 44
0.0
 45
7820.000000000018
 50
0.0
 51
0.0
 72
  1000
 90
    32768
  1

281
     0
 71
     1
 74
     1
110
0.0
120
0.0
130
0.0
111
1.0
121
0.0
131
0.0
112
0.0
122
1.0
132
0.0
 79
     0
146
0.0
170
     0
 61
     5
292
     1
282
     1
141
0.0
142
0.0
 63
   250
421
  3355443
  0
VIEWPORT
  5
172
330
6C
100
AcDbEntity
 67
     1
  8
0
100
AcDbViewport
 10
13.18725099601594
 20
4.5
 30
0.0
 40
30.37450199203187
 41
12.0
 68
     1
 69
     1
 12
13.18725099601594
 22
4.5
 13
0.0
 23
0.0
 14
0.0
 24
0.0
 15
0.0
 25
0.0
 16
0.0
 26
0.0
 36
1.0
 17
0.0
 27
0.0
 37
0.0
 42
50.0
 43
0.0
 44
0.0
 45
12.0
 50
0.0
 51
0.0
 72
   100
 90
    32800
  1

281
     0
 71
     1
 74
     1
110
0.0
120
0.0
130
0.0
111
1.0
121
0.0
131
0.0
112
0.0
122
1.0
132
0.0
 79
     0
146
0.0
170
     0
 61
     5
348
2F
292
     1
282
     1
141
0.0
142
0.0
 63
   250
421
  3355443
  0
INSERT
  5
17E
330
6C
100
AcDbEntity
 67
     1
  8
A-ESC-___-___-EXI
100
AcDbBlockReference
  2
SVG - A4-22881151-Não nomeada
 10
0.0
 20
0.0
 30
0.0
1001
REVIT
1002
{
1070
     1
1000
22881178
1002
}
1002
{
1070
     5
1000
22881151
1002
}
1002
{
1070
     2
1000
-2000280
1002
}
  0
ENDSEC
  0
SECTION
  2
OBJECTS
  0
DICTIONARY
  5
C
330
0
100
AcDbDictionary
281
     1
  3
ACAD_CIP_PREVIOUS_PRODUCT_INFO
350
79
  3
ACAD_COLOR
350
63
  3
ACAD_DETAILVIEWSTYLE
350
6A
  3
ACAD_GROUP
350
D
  3
ACAD_IMAGE_VARS
350
7A
  3
ACAD_LAYOUT
350
62
  3
ACAD_MATERIAL
350
10
  3
ACAD_MLEADERSTYLE
350
66
  3
ACAD_MLINESTYLE
350
5F
  3
ACAD_PLOTSETTINGS
350
61
  3
ACAD_PLOTSTYLENAME
350
E
  3
ACAD_RENDER_ACTIVE_RAPIDRT_SETTINGS
350
19E
  3
ACAD_RENDER_RAPIDRT_SETTINGS
350
197
  3
ACAD_SCALELIST
350
42
  3
ACAD_SECTIONVIEWSTYLE
350
68
  3
ACAD_TABLESTYLE
350
64
  3
ACAD_VISUALSTYLE
350
29
  3
ACDB_RECOMPOSE_DATA
350
1DB
  3
AcDbVariableDictionary
350
187
  3
REVIT_DICTIONARY
350
17F
  0
SUN
  5
186
330
57
100
AcDbSun
 90
        1
290
     1
 63
     7
421
 16777215
 40
0.3
291
     1
 91
  2460364
 92
 50925000
292
     0
 70
     1
 71
   128
280
     1
  0
DICTIONARY
  5
1A3
330
2
100
AcDbDictionary
280
     1
281
     1
  3
ACAD_LAYERSTATES
360
1A4
  0
DICTIONARY
  5
184
330
70
100
AcDbDictionary
280
     1
281
     1
  3
ACAD_SORTENTS
360
185
  0
XRECORD
  5
79
102
{ACAD_REACTORS
330
C
102
}
330
C
100
AcDbXrecord
280
     1
300
ACD
300
2022
300

  0
DICTIONARY
  5
63
102
{ACAD_REACTORS
330
C
102
}
330
C
100
AcDbDictionary
281
     1
  0
DICTIONARY
  5
6A
102
{ACAD_REACTORS
330
C
102
}
330
C
100
AcDbDictionary
281
     1
  3
Imperial24
350
6B
  3
Metric50
350
18F
  0
DICTIONARY
  5
D
102
{ACAD_REACTORS
330
C
102
}
330
C
100
AcDbDictionary
281
     1
  0
RASTERVARIABLES
  5
7A
102
{ACAD_REACTORS
330
C
102
}
330
C
100
AcDbRasterVariables
 90
        0
 70
     0
 71
     1
 72
     1
  0
DICTIONARY
  5
62
102
{ACAD_REACTORS
330
C
102
}
330
C
100
AcDbDictionary
281
     1
  3
Layout1
350
6F
  3
Model
350
73
  0
DICTIONARY
  5
10
102
{ACAD_REACTORS
330
C
102
}
330
C
100
AcDbDictionary
281
     1
  3
ByBlock
350
19
  3
ByLayer
350
11
  3
Global
350
21
  0
DICTIONARY
  5
66
102
{ACAD_REACTORS
330
C
102
}
330
C
100
AcDbDictionary
281
     1
  3
Standard
350
67
  0
DICTIONARY
  5
5F
102
{ACAD_REACTORS
330
C
102
}
330
C
100
AcDbDictionary
281
     1
  3
Standard
350
60
  0
DICTIONARY
  5
61
102
{ACAD_REACTORS
330
C
102
}
330
C
100
AcDbDictionary
281
     1
  0
ACDBDICTIONARYWDFLT
  5
E
102
{ACAD_REACTORS
330
C
102
}
330
C
100
AcDbDictionary
281
     1
  3
Normal
350
F
100
AcDbDictionaryWithDefault
340
F
  0
RAPIDRTRENDERSETTINGS
  5
19E
102
{ACAD_REACTORS
330
C
102
}
330
C
100
AcDbRenderSettings
 90
        2
  1
Médio
290
     1
290
     0
290
     1
290
     1
  1

  1
Aplica 5 níveis de renderização
 90
        0
100
AcDbRapidRTRenderSettings
 90
        3
 70
     0
 90
        5
 90
        1
 70
     1
 70
     2
 40
3.0
 40
3.0
290
     1
  0
DICTIONARY
  5
197
102
{ACAD_REACTORS
330
C
102
}
330
C
100
AcDbDictionary
281
     1
  3
Alto
350
19A
  3
Baixo
350
198
  3
Médio
350
199
  3
Qualidade de curta duração
350
19B
  3
Qualidade de longa duração
350
19D
  3
Qualidade de média duração
350
19C
  0
DICTIONARY
  5
42
102
{ACAD_REACTORS
330
C
102
}
330
C
100
AcDbDictionary
281
     1
  3
A0
350
43
  3
A1
350
44
  3
A2
350
45
  3
A3
350
46
  3
A4
350
47
  3
A5
350
48
  3
A6
350
49
  3
A7
350
4A
  3
A8
350
4B
  3
A9
350
4C
  3
B0
350
4D
  3
B1
350
4E
  3
B2
350
4F
  3
B3
350
50
  3
B4
350
51
  3
B5
350
52
  3
B6
350
53
  0
DICTIONARY
  5
68
102
{ACAD_REACTORS
330
C
102
}
330
C
100
AcDbDictionary
281
     1
  3
Imperial24
350
69
  3
Metric50
350
18E
  0
DICTIONARY
  5
64
102
{ACAD_REACTORS
330
C
102
}
330
C
100
AcDbDictionary
281
     1
  3
Standard
350
65
  0
DICTIONARY
  5
29
102
{ACAD_REACTORS
330
C
102
}
330
C
100
AcDbDictionary
281
     1
  3
2dWireframe
350
2F
  3
Basic
350
2E
  3
Brighten
350
35
  3
ColorChange
350
39
  3
Conceptual
350
32
  3
Dim
350
34
  3
EdgeColorOff
350
41
  3
Facepattern
350
38
  3
Flat
350
2A
  3
FlatWithEdges
350
2B
  3
Gouraud
350
2C
  3
GouraudWithEdges
350
2D
  3
Hidden
350
31
  3
JitterOff
350
3F
  3
Linepattern
350
37
  3
OverhangOff
350
40
  3
Realistic
350
33
  3
Shaded
350
3E
  3
Shaded with edges
350
3D
  3
Shades of Gray
350
3A
  3
Sketchy
350
3B
  3
Thicken
350
36
  3
Wireframe
350
30
  3
X-Ray
350
3C
  0
XRECORD
  5
1DB
102
{ACAD_REACTORS
330
C
102
}
330
C
100
AcDbXrecord
280
     1
 90
        1
330
65
  0
DICTIONARY
  5
187
102
{ACAD_REACTORS
330
C
102
}
330
C
100
AcDbDictionary
281
     1
  3
CANNOSCALE
350
18C
  3
CMLEADERSTYLE
350
189
  3
CTABLESTYLE
350
188
  3
CVIEWDETAILSTYLE
350
18A
  3
CVIEWSECTIONSTYLE
350
18B
  0
DICTIONARY
  5
17F
102
{ACAD_REACTORS
330
C
102
}
330
C
100
AcDbDictionary
281
     1
  3
DRAWING_TOOL
350
183
  3
REVIT_CATEGORY_MAPPING
350
181
  3
REVIT_SUB_CATEGORY_MAPPING
350
182
  3
REVIT_TYPE_MAPPING
350
180
  0
DICTIONARY
  5
1A4
102
{ACAD_REACTORS
330
1A3
102
}
330
1A3
100
AcDbDictionary
281
     1
  0
SORTENTSTABLE
  5
185
102
{ACAD_REACTORS
330
184
102
}
330
184
100
AcDbSortentsTable
330
70
  0
ACDBDETAILVIEWSTYLE
  5
6B
102
{ACAD_REACTORS
330
6A
102
}
330
6A
100
AcDbModelDocViewStyle
 70
     0
  3
Imperial24
290
     1
300
Imperial24
 90
        0
100
AcDbDetailViewStyle
 70
     0
 71
     0
 90
        3
 71
     1
340
55
 62
   256
 40
0.24
340
0
 62
   256
 40
0.24
300

 40
0.36
280
     3
 71
     2
340
5D
 90
       25
 62
   256
 71
     3
340
55
 62
   256
 40
0.24
 90
        1
 40
0.75
 90
        1
300
%<\AcVar ViewType \f "%tc1">% %<\AcVar ViewDetailId>%\PSCALE %<\AcVar ViewScale \f "%sn">%
 71
     4
340
5D
 90
       25
 62
   256
340
5D
 90
       25
 62
   256
280
     0
  0
ACDBDETAILVIEWSTYLE
  5
18F
102
{ACAD_REACTORS
330
6A
102
}
330
6A
100
AcDbModelDocViewStyle
 70
     0
  3
Metric50
290
     1
300
Metric50
 90
        0
100
AcDbDetailViewStyle
 70
     0
 71
     0
 90
        3
 71
     1
340
55
 62
   256
 40
5.0
340
0
 62
   256
 40
5.0
300

 40
0.0
280
     1
 71
     2
340
5D
 90
       25
 62
   256
 71
     3
340
55
 62
   256
 40
5.0
 90
        0
 40
15.0
 90
        1
300
%<\AcVar ViewDetailId>% (%<\AcVar ViewScale \f "%sn">%)
 71
     4
340
5D
 90
       25
 62
   256
340
5D
 90
       25
 62
   256
280
     0
  0
LAYOUT
  5
6F
102
{ACAD_REACTORS
330
62
102
}
330
62
100
AcDbPlotSettings
  1

  2
PDF24
  4
A4
  6

 40
0.0
 41
0.0
 42
0.1113433837890625
 43
0.0
 44
210.0
 45
297.0
 46
0.0
 47
0.0
 48
0.0
 49
0.0
140
0.0
141
0.0
142
1.0
143
1.415217033324818
 70
   688
 72
     1
 73
     1
 74
     1
  7

 75
     0
147
0.7066054014702363
 76
     0
 77
     2
 78
   300
148
-64.27901684485153
149
-59.47287840171589
100
AcDbLayout
  1
Layout1
 70
     0
 71
     1
 10
64.27901684485153
 20
59.47287840171589
 11
484.5984757423225
 21
356.6684553999278
 12
0.0
 22
0.0
 32
0.0
 14
64.27901684485153
 24
59.47287840171589
 34
-0.0015258207003583
 15
274.3012221009852
 25
356.5108803466415
 35
0.0000000349246037
146
0.0
 13
0.0
 23
0.0
 33
0.0
 16
1.0
 26
0.0
 36
0.0
 17
0.0
 27
1.0
 37
0.0
 76
     0
330
6C
331
172
1001
ACAD_PSEXT
1000
PDF24
1000
PDF24
1000
\\.\pipe\PDFPrint
1000
PDF24 Printer
1070
     0
  0
LAYOUT
  5
73
102
{ACAD_REACTORS
330
62
102
}
330
62
100
AcDbPlotSettings
  1

  2

  4

  6

 40
0.0
 41
0.0
 42
0.0
 43
0.0
 44
0.0
 45
0.0
 46
0.0
 47
0.0
 48
0.0
 49
0.0
140
0.0
141
0.0
142
1.0
143
1.0
 70
  1712
 72
     0
 73
     0
 74
     0
  7

 75
     0
147
1.0
 76
     0
 77
     2
 78
   300
148
0.0
149
0.0
100
AcDbLayout
  1
Model
 70
     1
 71
     0
 10
0.0
 20
0.0
 11
12.0
 21
9.0
 12
0.0
 22
0.0
 32
0.0
 14
0.0
 24
0.0
 34
0.0
 15
0.0
 25
0.0
 35
0.0
146
0.0
 13
0.0
 23
0.0
 33
0.0
 16
1.0
 26
0.0
 36
0.0
 17
0.0
 27
1.0
 37
0.0
 76
     0
330
70
331
57
  0
MATERIAL
  5
19
102
{ACAD_XDICTIONARY
360
1A
102
}
102
{ACAD_REACTORS
330
10
102
}
330
10
100
AcDbMaterial
  1
ByBlock
 72
     0
 43
0.0208333333333333
 43
0.0
 43
0.0
 43
0.0
 43
0.0
 43
0.0208333333333333
 43
0.0
 43
0.0
 43
0.0
 43
0.0
 43
1.0
 43
0.0
 43
0.0
 43
0.0
 43
0.0
 43
1.0
 77
     0
 47
0.0208333333333333
 47
0.0
 47
0.0
 47
0.0
 47
0.0
 47
0.0208333333333333
 47
0.0
 47
0.0
 47
0.0
 47
0.0
 47
1.0
 47
0.0
 47
0.0
 47
0.0
 47
0.0
 47
1.0
171
     0
 49
0.0208333333333333
 49
0.0
 49
0.0
 49
0.0
 49
0.0
 49
0.0208333333333333
 49
0.0
 49
0.0
 49
0.0
 49
0.0
 49
1.0
 49
0.0
 49
0.0
 49
0.0
 49
0.0
 49
1.0
175
     0
142
0.0208333333333333
142
0.0
142
0.0
142
0.0
142
0.0
142
0.0208333333333333
142
0.0
142
0.0
142
0.0
142
0.0
142
1.0
142
0.0
142
0.0
142
0.0
142
0.0
142
1.0
179
     0
144
0.0208333333333333
144
0.0
144
0.0
144
0.0
144
0.0
144
0.0208333333333333
144
0.0
144
0.0
144
0.0
144
0.0
144
1.0
144
0.0
144
0.0
144
0.0
144
0.0
144
1.0
147
0.0208333333333333
147
0.0
147
0.0
147
0.0
147
0.0
147
0.0208333333333333
147
0.0
147
0.0
147
0.0
147
0.0
147
1.0
147
0.0
147
0.0
147
0.0
147
0.0
147
1.0
  0
MATERIAL
  5
11
102
{ACAD_XDICTIONARY
360
12
102
}
102
{ACAD_REACTORS
330
10
102
}
330
10
100
AcDbMaterial
  1
ByLayer
 72
     0
 43
0.0208333333333333
 43
0.0
 43
0.0
 43
0.0
 43
0.0
 43
0.0208333333333333
 43
0.0
 43
0.0
 43
0.0
 43
0.0
 43
1.0
 43
0.0
 43
0.0
 43
0.0
 43
0.0
 43
1.0
 77
     0
 47
0.0208333333333333
 47
0.0
 47
0.0
 47
0.0
 47
0.0
 47
0.0208333333333333
 47
0.0
 47
0.0
 47
0.0
 47
0.0
 47
1.0
 47
0.0
 47
0.0
 47
0.0
 47
0.0
 47
1.0
171
     0
 49
0.0208333333333333
 49
0.0
 49
0.0
 49
0.0
 49
0.0
 49
0.0208333333333333
 49
0.0
 49
0.0
 49
0.0
 49
0.0
 49
1.0
 49
0.0
 49
0.0
 49
0.0
 49
0.0
 49
1.0
175
     0
142
0.0208333333333333
142
0.0
142
0.0
142
0.0
142
0.0
142
0.0208333333333333
142
0.0
142
0.0
142
0.0
142
0.0
142
1.0
142
0.0
142
0.0
142
0.0
142
0.0
142
1.0
179
     0
144
0.0208333333333333
144
0.0
144
0.0
144
0.0
144
0.0
144
0.0208333333333333
144
0.0
144
0.0
144
0.0
144
0.0
144
1.0
144
0.0
144
0.0
144
0.0
144
0.0
144
1.0
147
0.0208333333333333
147
0.0
147
0.0
147
0.0
147
0.0
147
0.0208333333333333
147
0.0
147
0.0
147
0.0
147
0.0
147
1.0
147
0.0
147
0.0
147
0.0
147
0.0
147
1.0
  0
MATERIAL
  5
21
102
{ACAD_XDICTIONARY
360
22
102
}
102
{ACAD_REACTORS
330
10
102
}
330
10
100
AcDbMaterial
  1
Global
 72
     0
 43
0.0208333333333333
 43
0.0
 43
0.0
 43
0.0
 43
0.0
 43
0.0208333333333333
 43
0.0
 43
0.0
 43
0.0
 43
0.0
 43
1.0
 43
0.0
 43
0.0
 43
0.0
 43
0.0
 43
1.0
 77
     0
 47
0.0208333333333333
 47
0.0
 47
0.0
 47
0.0
 47
0.0
 47
0.0208333333333333
 47
0.0
 47
0.0
 47
0.0
 47
0.0
 47
1.0
 47
0.0
 47
0.0
 47
0.0
 47
0.0
 47
1.0
171
     0
 49
0.0208333333333333
 49
0.0
 49
0.0
 49
0.0
 49
0.0
 49
0.0208333333333333
 49
0.0
 49
0.0
 49
0.0
 49
0.0
 49
1.0
 49
0.0
 49
0.0
 49
0.0
 49
0.0
 49
1.0
175
     0
142
0.0208333333333333
142
0.0
142
0.0
142
0.0
142
0.0
142
0.0208333333333333
142
0.0
142
0.0
142
0.0
142
0.0
142
1.0
142
0.0
142
0.0
142
0.0
142
0.0
142
1.0
179
     0
144
0.0208333333333333
144
0.0
144
0.0
144
0.0
144
0.0
144
0.0208333333333333
144
0.0
144
0.0
144
0.0
144
0.0
144
1.0
144
0.0
144
0.0
144
0.0
144
0.0
144
1.0
147
0.0208333333333333
147
0.0
147
0.0
147
0.0
147
0.0
147
0.0208333333333333
147
0.0
147
0.0
147
0.0
147
0.0
147
1.0
147
0.0
147
0.0
147
0.0
147
0.0
147
1.0
  0
MLEADERSTYLE
  5
67
102
{ACAD_REACTORS
330
66
102
}
330
66
100
AcDbMLeaderStyle
179
     2
170
     2
171
     1
172
     0
 90
        2
 40
0.0
 41
0.0
173
     1
 91
-1056964608
340
5B
 92
       -2
290
     1
 42
0.09
291
     1
 43
0.36
  3
Standard
 44
0.18
300

342
55
174
     1
178
     6
175
     1
176
     0
 93
-1056964608
 45
0.18
292
     0
297
     0
 46
0.18
 94
-1056964608
 47
1.0
 49
1.0
140
1.0
293
     1
141
0.0
294
     1
177
     0
142
1.0
295
     1
296
     0
143
0.125
271
     0
272
     9
273
     9
298
     1
  0
MLINESTYLE
  5
60
102
{ACAD_REACTORS
330
5F
102
}
330
5F
100
AcDbMlineStyle
  2
STANDARD
 70
     0
  3

 62
   256
 51
90.0
 52
90.0
 71
     2
 49
0.5
 62
   256
  6
BYLAYER
 49
-0.5
 62
   256
  6
BYLAYER
  0
ACDBPLACEHOLDER
  5
F
102
{ACAD_REACTORS
330
E
102
}
330
E
  0
RAPIDRTRENDERSETTINGS
  5
19A
102
{ACAD_REACTORS
330
197
102
}
330
197
100
AcDbRenderSettings
 90
        2
  1
Alto
290
     1
290
     0
290
     1
290
     1
  1

  1
Aplica 10 níveis de renderização
 90
        2
100
AcDbRapidRTRenderSettings
 90
        3
 70
     0
 90
       10
 90
        1
 70
     2
 70
     2
 40
3.0
 40
3.0
290
     1
  0
RAPIDRTRENDERSETTINGS
  5
198
102
{ACAD_REACTORS
330
197
102
}
330
197
100
AcDbRenderSettings
 90
        2
  1
Baixo
290
     1
290
     0
290
     1
290
     1
  1

  1
Aplica 1 nível de renderização
 90
        0
100
AcDbRapidRTRenderSettings
 90
        3
 70
     0
 90
        1
 90
        1
 70
     0
 70
     2
 40
3.0
 40
3.0
290
     1
  0
RAPIDRTRENDERSETTINGS
  5
199
102
{ACAD_REACTORS
330
197
102
}
330
197
100
AcDbRenderSettings
 90
        2
  1
Médio
290
     1
290
     0
290
     1
290
     1
  1

  1
Aplica 5 níveis de renderização
 90
        1
100
AcDbRapidRTRenderSettings
 90
        3
 70
     0
 90
        5
 90
        1
 70
     1
 70
     2
 40
3.0
 40
3.0
290
     1
  0
RAPIDRTRENDERSETTINGS
  5
19B
102
{ACAD_REACTORS
330
197
102
}
330
197
100
AcDbRenderSettings
 90
        2
  1
Qualidade de curta duração
290
     1
290
     0
290
     1
290
     1
  1

  1
Renderiza por 10 minutos
 90
        3
100
AcDbRapidRTRenderSettings
 90
        3
 70
     1
 90
        1
 90
       10
 70
     1
 70
     2
 40
3.0
 40
3.0
290
     1
  0
RAPIDRTRENDERSETTINGS
  5
19D
102
{ACAD_REACTORS
330
197
102
}
330
197
100
AcDbRenderSettings
 90
        2
  1
Qualidade de longa duração
290
     1
290
     0
290
     1
290
     1
  1

  1
Renderiza por 12 horas
 90
        5
100
AcDbRapidRTRenderSettings
 90
        3
 70
     1
 90
        1
 90
      720
 70
     2
 70
     2
 40
3.0
 40
3.0
290
     1
  0
RAPIDRTRENDERSETTINGS
  5
19C
102
{ACAD_REACTORS
330
197
102
}
330
197
100
AcDbRenderSettings
 90
        2
  1
Qualidade de média duração
290
     1
290
     0
290
     1
290
     1
  1

  1
Renderiza por 60 minutos
 90
        4
100
AcDbRapidRTRenderSettings
 90
        3
 70
     1
 90
        1
 90
       60
 70
     2
 70
     2
 40
3.0
 40
3.0
290
     1
  0
SCALE
  5
43
102
{ACAD_REACTORS
330
42
102
}
330
42
100
AcDbScale
 70
     0
300
1:1
140
1.0
141
1.0
290
     1
  0
SCALE
  5
44
102
{ACAD_REACTORS
330
42
102
}
330
42
100
AcDbScale
 70
     0
300
1/128" = 1'-0"
140
0.0078125
141
12.0
290
     0
  0
SCALE
  5
45
102
{ACAD_REACTORS
330
42
102
}
330
42
100
AcDbScale
 70
     0
300
1/64" = 1'-0"
140
0.015625
141
12.0
290
     0
  0
SCALE
  5
46
102
{ACAD_REACTORS
330
42
102
}
330
42
100
AcDbScale
 70
     0
300
1/32" = 1'-0"
140
0.03125
141
12.0
290
     0
  0
SCALE
  5
47
102
{ACAD_REACTORS
330
42
102
}
330
42
100
AcDbScale
 70
     0
300
1/16" = 1'-0"
140
0.0625
141
12.0
290
     0
  0
SCALE
  5
48
102
{ACAD_REACTORS
330
42
102
}
330
42
100
AcDbScale
 70
     0
300
3/32" = 1'-0"
140
0.09375
141
12.0
290
     0
  0
SCALE
  5
49
102
{ACAD_REACTORS
330
42
102
}
330
42
100
AcDbScale
 70
     0
300
1/8" = 1'-0"
140
0.125
141
12.0
290
     0
  0
SCALE
  5
4A
102
{ACAD_REACTORS
330
42
102
}
330
42
100
AcDbScale
 70
     0
300
3/16" = 1'-0"
140
0.1875
141
12.0
290
     0
  0
SCALE
  5
4B
102
{ACAD_REACTORS
330
42
102
}
330
42
100
AcDbScale
 70
     0
300
1/4" = 1'-0"
140
0.25
141
12.0
290
     0
  0
SCALE
  5
4C
102
{ACAD_REACTORS
330
42
102
}
330
42
100
AcDbScale
 70
     0
300
3/8" = 1'-0"
140
0.375
141
12.0
290
     0
  0
SCALE
  5
4D
102
{ACAD_REACTORS
330
42
102
}
330
42
100
AcDbScale
 70
     0
300
1/2" = 1'-0"
140
0.5
141
12.0
290
     0
  0
SCALE
  5
4E
102
{ACAD_REACTORS
330
42
102
}
330
42
100
AcDbScale
 70
     0
300
3/4" = 1'-0"
140
0.75
141
12.0
290
     0
  0
SCALE
  5
4F
102
{ACAD_REACTORS
330
42
102
}
330
42
100
AcDbScale
 70
     0
300
1" = 1'-0"
140
1.0
141
12.0
290
     0
  0
SCALE
  5
50
102
{ACAD_REACTORS
330
42
102
}
330
42
100
AcDbScale
 70
     0
300
1-1/2" = 1'-0"
140
1.5
141
12.0
290
     0
  0
SCALE
  5
51
102
{ACAD_REACTORS
330
42
102
}
330
42
100
AcDbScale
 70
     0
300
3" = 1'-0"
140
3.0
141
12.0
290
     0
  0
SCALE
  5
52
102
{ACAD_REACTORS
330
42
102
}
330
42
100
AcDbScale
 70
     0
300
6" = 1'-0"
140
6.0
141
12.0
290
     0
  0
SCALE
  5
53
102
{ACAD_REACTORS
330
42
102
}
330
42
100
AcDbScale
 70
     0
300
1'-0" = 1'-0"
140
12.0
141
12.0
290
     0
  0
ACDBSECTIONVIEWSTYLE
  5
69
102
{ACAD_REACTORS
330
68
102
}
330
68
100
AcDbModelDocViewStyle
 70
     0
  3
Imperial24
290
     1
300
Imperial24
 90
        0
100
AcDbSectionViewStyle
 70
     0
 71
     0
 90
       78
 71
     1
340
55
 62
   256
 40
0.24
340
0
340
0
 62
   256
 40
0.24
300
I, O, Q, S, X, Z
 40
0.48
 90
        3
 40
0.18
 90
        1
 71
     2
340
5D
 90
       25
 62
   256
340
5D
 90
       50
 62
   256
 40
0.24
 40
0.0
 40
0.24
 71
     3
340
55
 62
   256
 40
0.24
 90
        1
 40
0.75
 90
        1
300
%<\AcVar ViewType \f "%tc1">% %<\AcVar ViewSectionStartId>%-%<\AcVar ViewSectionEndId>%\PSCALE %<\AcVar ViewScale \f "%sn">%
 71
     4
 62
   256
 62
   257
300
ANSI31
 40
1.0
 90
        0
290
     0
290
     0
 90
        6
 40
0.0
 40
1.570796326794896
 40
0.2617993877991494
 40
1.308996938995747
 40
-0.2617993877991494
 40
1.832595714594046
  0
ACDBSECTIONVIEWSTYLE
  5
18E
102
{ACAD_REACTORS
330
68
102
}
330
68
100
AcDbModelDocViewStyle
 70
     0
  3
Metric50
290
     1
300
Metric50
 90
        0
100
AcDbSectionViewStyle
 70
     0
 71
     0
 90
      102
 71
     1
340
55
 62
   256
 40
5.0
340
0
340
0
 62
   256
 40
5.0
300
I, O, Q, S, X, Z
 40
10.0
 90
        0
 40
2.5
 90
        0
 71
     2
340
5D
 90
       25
 62
   256
340
5D
 90
       50
 62
   256
 40
5.0
 40
2.5
 40
5.0
 71
     3
340
55
 62
   256
 40
5.0
 90
        0
 40
15.0
 90
        1
300
%<\AcVar ViewSectionStartId>%-%<\AcVar ViewSectionEndId>% (%<\AcVar ViewScale \f "%sn">%)
 71
     4
 62
   256
 62
   257
300
ANSI31
 40
1.0
 90
        0
290
     0
290
     0
 90
        6
 40
0.0
 40
1.570796326794896
 40
0.2617993877991494
 40
1.308996938995747
 40
-0.2617993877991494
 40
1.832595714594046
  0
TABLESTYLE
  5
65
102
{ACAD_XDICTIONARY
360
1D9
102
}
102
{ACAD_REACTORS
330
64
102
}
330
64
100
AcDbTableStyle
280
     0
  3
Standard
 70
     0
 71
     0
 40
0.06
 41
0.06
280
     0
281
     0
  7
Standard
140
0.18
170
     2
 62
     0
 63
     7
283
     0
 90
      512
 91
        0
  1

274
    -2
284
     1
 64
     0
275
    -2
285
     1
 65
     0
276
    -2
286
     1
 66
     0
277
    -2
287
     1
 67
     0
278
    -2
288
     1
 68
     0
279
    -2
289
     1
 69
     0
  7
Standard
140
0.25
170
     5
 62
     0
 63
     7
283
     0
 90
      512
 91
        0
  1

274
    -2
284
     1
 64
     0
275
    -2
285
     1
 65
     0
276
    -2
286
     1
 66
     0
277
    -2
287
     1
 67
     0
278
    -2
288
     1
 68
     0
279
    -2
289
     1
 69
     0
  7
Standard
140
0.18
170
     5
 62
     0
 63
     7
283
     0
 90
      512
 91
        0
  1

274
    -2
284
     1
 64
     0
275
    -2
285
     1
 65
     0
276
    -2
286
     1
 66
     0
277
    -2
287
     1
 67
     0
278
    -2
288
     1
 68
     0
279
    -2
289
     1
 69
     0
  0
VISUALSTYLE
  5
2F
102
{ACAD_REACTORS
330
29
102
}
330
29
100
AcDbVisualStyle
  2
2dWireframe
 70
     4
177
     3
291
     0
 70
    58
 90
        0
176
     1
 90
        2
176
     1
 90
        0
176
     1
 90
        0
176
     1
 40
0.6
176
     1
 40
30.0
176
     1
 62
     7
420
 16777215
176
     1
 90
        1
176
     1
 90
        4
176
     1
 62
     7
176
     1
 62
   257
176
     1
 90
        1
176
     1
 90
        1
176
     1
 40
1.0
176
     1
 90
        0
176
     1
 62
   257
176
     1
 40
1.0
176
     1
 90
        1
176
     1
 90
        6
176
     1
 90
        2
176
     1
 62
     7
176
     1
 90
        5
176
     1
 90
        0
176
     1
 90
        0
176
     1
290
     0
176
     1
 90
        1
176
     1
 40
0.0
176
     1
 90
        0
176
     1
290
     1
176
     1
290
     1
176
     1
290
     0
176
     1
290
     0
176
     1
290
     0
176
     1
290
     0
176
     1
290
     0
176
     1
290
     0
176
     1
290
     0
176
     1
 90
       50
176
     1
 40
0.0
176
     1
 40
1.0
176
     1
 90
        0
176
     1
 62
    18
420
        0
176
     1
 90
       50
176
     1
 90
        3
176
     1
 62
     5
420
      255
176
     1
290
     0
176
     1
 90
       50
176
     1
 90
       50
176
     1
 90
       50
176
     1
290
     0
176
     1
 90
       50
176
     1
 62
   256
176
     0
 40
1.0
176
     0
 90
        2
176
     1
  1
strokes_ogs.tif
176
     1
290
     0
176
     1
 40
1.0
176
     1
 40
1.0
176
     1
  0
VISUALSTYLE
  5
2E
102
{ACAD_REACTORS
330
29
102
}
330
29
100
AcDbVisualStyle
  2
Basic
 70
     7
177
     3
291
     1
 70
    58
 90
        1
176
     1
 90
        0
176
     1
 90
        1
176
     1
 90
        0
176
     1
 40
0.6
176
     1
 40
30.0
176
     1
 62
     7
420
 16777215
176
     1
 90
        0
176
     1
 90
        4
176
     1
 62
     7
176
     1
 62
   257
176
     1
 90
        1
176
     1
 90
        1
176
     1
 40
1.0
176
     1
 90
        8
176
     1
 62
     7
176
     1
 40
1.0
176
     1
 90
        1
176
     1
 90
        6
176
     1
 90
        2
176
     1
 62
     7
176
     1
 90
        5
176
     1
 90
        0
176
     1
 90
        0
176
     1
290
     0
176
     1
 90
        1
176
     1
 40
0.0
176
     1
 90
        0
176
     1
290
     0
176
     1
290
     1
176
     1
290
     1
176
     1
290
     0
176
     1
290
     0
176
     1
290
     0
176
     1
290
     0
176
     1
290
     0
176
     1
290
     0
176
     1
 90
       50
176
     1
 40
0.0
176
     1
 40
1.0
176
     1
 90
        0
176
     1
 62
    18
420
        0
176
     1
 90
       50
176
     1
 90
        3
176
     1
 62
     5
420
      255
176
     1
290
     0
176
     1
 90
       50
176
     1
 90
       50
176
     1
 90
       50
176
     1
290
     0
176
     1
 90
       50
176
     1
 62
   256
176
     0
 40
1.0
176
     0
 90
        2
176
     1
  1
strokes_ogs.tif
176
     1
290
     0
176
     1
 40
1.0
176
     1
 40
1.0
176
     1
  0
VISUALSTYLE
  5
35
102
{ACAD_REACTORS
330
29
102
}
330
29
100
AcDbVisualStyle
  2
Brighten
 70
    12
177
     3
291
     1
 70
    58
 90
        2
176
     1
 90
        2
176
     1
 90
        0
176
     1
 90
        0
176
     1
 40
0.6
176
     1
 40
30.0
176
     1
 62
     7
420
 16777215
176
     1
 90
        1
176
     1
 90
        4
176
     1
 62
     7
176
     1
 62
   257
176
     1
 90
        1
176
     1
 90
        1
176
     1
 40
1.0
176
     1
 90
        8
176
     1
 62
     7
176
     1
 40
1.0
176
     1
 90
        1
176
     1
 90
        6
176
     1
 90
        2
176
     1
 62
     7
176
     1
 90
        5
176
     1
 90
        0
176
     1
 90
        0
176
     1
290
     0
176
     1
 90
        1
176
     1
 40
50.0
176
     1
 90
        0
176
     1
290
     0
176
     1
290
     1
176
     1
290
     1
176
     1
290
     0
176
     1
290
     0
176
     1
290
     0
176
     1
290
     0
176
     1
290
     0
176
     1
290
     0
176
     1
 90
       50
176
     1
 40
0.0
176
     1
 40
1.0
176
     1
 90
        0
176
     1
 62
    18
420
        0
176
     1
 90
       50
176
     1
 90
        3
176
     1
 62
     5
420
      255
176
     1
290
     0
176
     1
 90
       50
176
     1
 90
       50
176
     1
 90
       50
176
     1
290
     0
176
     1
 90
       50
176
     1
 62
   256
176
     0
 40
1.0
176
     0
 90
        2
176
     1
  1
strokes_ogs.tif
176
     1
290
     0
176
     1
 40
1.0
176
     1
 40
1.0
176
     1
  0
VISUALSTYLE
  5
39
102
{ACAD_REACTORS
330
29
102
}
330
29
100
AcDbVisualStyle
  2
ColorChange
 70
    16
177
     3
291
     1
 70
    58
 90
        2
176
     1
 90
        2
176
     1
 90
        3
176
     1
 90
        0
176
     1
 40
0.6
176
     1
 40
30.0
176
     1
 62
     8
420
  8421504
176
     1
 90
        1
176
     1
 90
        4
176
     1
 62
     7
176
     1
 62
   257
176
     1
 90
        1
176
     1
 90
        1
176
     1
 40
1.0
176
     1
 90
        8
176
     1
 62
     8
420
  8421504
176
     1
 40
1.0
176
     1
 90
        1
176
     1
 90
        6
176
     1
 90
        2
176
     1
 62
     7
176
     1
 90
        5
176
     1
 90
        0
176
     1
 90
        0
176
     1
290
     0
176
     1
 90
        1
176
     1
 40
0.0
176
     1
 90
        0
176
     1
290
     0
176
     1
290
     1
176
     1
290
     1
176
     1
290
     0
176
     1
290
     0
176
     1
290
     0
176
     1
290
     0
176
     1
290
     0
176
     1
290
     0
176
     1
 90
       50
176
     1
 40
0.0
176
     1
 40
1.0
176
     1
 90
        0
176
     1
 62
    18
420
        0
176
     1
 90
       50
176
     1
 90
        3
176
     1
 62
     5
420
      255
176
     1
290
     0
176
     1
 90
       50
176
     1
 90
       50
176
     1
 90
       50
176
     1
290
     0
176
     1
 90
       50
176
     1
 62
   256
176
     0
 40
1.0
176
     0
 90
        2
176
     1
  1
strokes_ogs.tif
176
     1
290
     0
176
     1
 40
1.0
176
     1
 40
1.0
176
     1
  0
VISUALSTYLE
  5
32
102
{ACAD_REACTORS
330
29
102
}
330
29
100
AcDbVisualStyle
  2
Conceptual
 70
     9
177
     3
291
     0
 70
    58
 90
        3
176
     1
 90
        2
176
     1
 90
        0
176
     1
 90
        0
176
     1
 40
0.6
176
     1
 40
30.0
176
     1
 62
     7
420
 16777215
176
     1
 90
        2
176
     1
 90
        2
176
     1
 62
     7
176
     1
 62
   257
176
     1
 90
        1
176
     1
 90
        1
176
     1
 40
179.0
176
     1
 90
        8
176
     1
 62
     7
176
     1
 40
1.0
176
     1
 90
        1
176
     1
 90
        6
176
     1
 90
        2
176
     1
 62
     7
176
     1
 90
        3
176
     1
 90
        0
176
     1
 90
        0
176
     1
290
     0
176
     1
 90
        1
176
     1
 40
0.0
176
     1
 90
        0
176
     1
290
     0
176
     1
290
     1
176
     1
290
     1
176
     1
290
     0
176
     1
290
     0
176
     1
290
     0
176
     1
290
     0
176
     1
290
     0
176
     1
290
     0
176
     1
 90
       50
176
     1
 40
0.0
176
     1
 40
1.0
176
     1
 90
        0
176
     1
 62
    18
420
        0
176
     1
 90
       50
176
     1
 90
        3
176
     1
 62
     5
420
      255
176
     1
290
     0
176
     1
 90
       50
176
     1
 90
       50
176
     1
 90
       50
176
     1
290
     0
176
     1
 90
       50
176
     1
 62
   256
176
     0
 40
1.0
176
     0
 90
        2
176
     1
  1
strokes_ogs.tif
176
     1
290
     0
176
     1
 40
1.0
176
     1
 40
1.0
176
     1
  0
VISUALSTYLE
  5
34
102
{ACAD_REACTORS
330
29
102
}
330
29
100
AcDbVisualStyle
  2
Dim
 70
    11
177
     3
291
     1
 70
    58
 90
        2
176
     1
 90
        2
176
     1
 90
        0
176
     1
 90
        0
176
     1
 40
0.6
176
     1
 40
30.0
176
     1
 62
     7
420
 16777215
176
     1
 90
        1
176
     1
 90
        4
176
     1
 62
     7
176
     1
 62
   257
176
     1
 90
        1
176
     1
 90
        1
176
     1
 40
1.0
176
     1
 90
        8
176
     1
 62
     7
176
     1
 40
1.0
176
     1
 90
        1
176
     1
 90
        6
176
     1
 90
        2
176
     1
 62
     7
176
     1
 90
        5
176
     1
 90
        0
176
     1
 90
        0
176
     1
290
     0
176
     1
 90
        1
176
     1
 40
-50.0
176
     1
 90
        0
176
     1
290
     0
176
     1
290
     1
176
     1
290
     1
176
     1
290
     0
176
     1
290
     0
176
     1
290
     0
176
     1
290
     0
176
     1
290
     0
176
     1
290
     0
176
     1
 90
       50
176
     1
 40
0.0
176
     1
 40
1.0
176
     1
 90
        0
176
     1
 62
    18
420
        0
176
     1
 90
       50
176
     1
 90
        3
176
     1
 62
     5
420
      255
176
     1
290
     0
176
     1
 90
       50
176
     1
 90
       50
176
     1
 90
       50
176
     1
290
     0
176
     1
 90
       50
176
     1
 62
   256
176
     0
 40
1.0
176
     0
 90
        2
176
     1
  1
strokes_ogs.tif
176
     1
290
     0
176
     1
 40
1.0
176
     1
 40
1.0
176
     1
  0
VISUALSTYLE
  5
41
102
{ACAD_REACTORS
330
29
102
}
330
29
100
AcDbVisualStyle
  2
EdgeColorOff
 70
    22
177
     3
291
     1
 70
    58
 90
        2
176
     0
 90
        2
176
     0
 90
        0
176
     0
 90
        0
176
     0
 40
0.6
176
     0
 40
30.0
176
     0
 62
     7
420
 16777215
176
     0
 90
        1
176
     0
 90
        4
176
     0
 62
     7
176
     0
 62
   257
176
     0
 90
        1
176
     0
 90
        1
176
     0
 40
1.0
176
     0
 90
        8
176
     2
 62
     7
176
     0
 40
1.0
176
     0
 90
        1
176
     0
 90
        6
176
     0
 90
        2
176
     0
 62
     7
176
     0
 90
        5
176
     0
 90
        0
176
     0
 90
        0
176
     0
290
     0
176
     0
 90
        1
176
     0
 40
0.0
176
     0
 90
        0
176
     0
290
     0
176
     0
290
     1
176
     0
290
     1
176
     0
290
     0
176
     0
290
     0
176
     0
290
     0
176
     0
290
     0
176
     0
290
     0
176
     0
290
     0
176
     0
 90
       50
176
     0
 40
0.0
176
     0
 40
1.0
176
     0
 90
        0
176
     0
 62
    18
420
        0
176
     0
 90
       50
176
     0
 90
        3
176
     0
 62
     5
420
      255
176
     0
290
     0
176
     0
 90
       50
176
     0
 90
       50
176
     0
 90
       50
176
     0
290
     0
176
     0
 90
       50
176
     0
 62
   256
176
     0
 40
1.0
176
     0
 90
        2
176
     0
  1
strokes_ogs.tif
176
     0
290
     0
176
     0
 40
1.0
176
     0
 40
1.0
176
     0
  0
VISUALSTYLE
  5
38
102
{ACAD_REACTORS
330
29
102
}
330
29
100
AcDbVisualStyle
  2
Facepattern
 70
    15
177
     3
291
     1
 70
    58
 90
        2
176
     1
 90
        2
176
     1
 90
        0
176
     1
 90
        0
176
     1
 40
0.6
176
     1
 40
30.0
176
     1
 62
     7
420
 16777215
176
     1
 90
        1
176
     1
 90
        4
176
     1
 62
     7
176
     1
 62
   257
176
     1
 90
        1
176
     1
 90
        1
176
     1
 40
1.0
176
     1
 90
        8
176
     1
 62
     7
176
     1
 40
1.0
176
     1
 90
        1
176
     1
 90
        6
176
     1
 90
        2
176
     1
 62
     7
176
     1
 90
        5
176
     1
 90
        0
176
     1
 90
        0
176
     1
290
     0
176
     1
 90
        1
176
     1
 40
0.0
176
     1
 90
        0
176
     1
290
     0
176
     1
290
     1
176
     1
290
     1
176
     1
290
     0
176
     1
290
     0
176
     1
290
     0
176
     1
290
     0
176
     1
290
     0
176
     1
290
     0
176
     1
 90
       50
176
     1
 40
0.0
176
     1
 40
1.0
176
     1
 90
        0
176
     1
 62
    18
420
        0
176
     1
 90
       50
176
     1
 90
        3
176
     1
 62
     5
420
      255
176
     1
290
     0
176
     1
 90
       50
176
     1
 90
       50
176
     1
 90
       50
176
     1
290
     0
176
     1
 90
       50
176
     1
 62
   256
176
     0
 40
1.0
176
     0
 90
        2
176
     1
  1
strokes_ogs.tif
176
     1
290
     0
176
     1
 40
1.0
176
     1
 40
1.0
176
     1
  0
VISUALSTYLE
  5
2A
102
{ACAD_REACTORS
330
29
102
}
330
29
100
AcDbVisualStyle
  2
Flat
 70
     0
177
     3
291
     1
 70
    58
 90
        2
176
     1
 90
        1
176
     1
 90
        1
176
     1
 90
        2
176
     1
 40
0.6
176
     1
 40
30.0
176
     1
 62
     7
420
 16777215
176
     1
 90
        0
176
     1
 90
        0
176
     1
 62
     7
176
     1
 62
   257
176
     1
 90
        1
176
     1
 90
        1
176
     1
 40
1.0
176
     1
 90
        8
176
     1
 62
     7
176
     1
 40
1.0
176
     1
 90
        1
176
     1
 90
        6
176
     1
 90
        2
176
     1
 62
     7
176
     1
 90
        5
176
     1
 90
        0
176
     1
 90
        0
176
     1
290
     0
176
     1
 90
       13
176
     1
 40
0.0
176
     1
 90
        0
176
     1
290
     0
176
     1
290
     1
176
     1
290
     1
176
     1
290
     0
176
     1
290
     0
176
     1
290
     0
176
     1
290
     0
176
     1
290
     0
176
     1
290
     0
176
     1
 90
       50
176
     1
 40
0.0
176
     1
 40
1.0
176
     1
 90
        0
176
     1
 62
    18
420
        0
176
     1
 90
       50
176
     1
 90
        3
176
     1
 62
     5
420
      255
176
     1
290
     0
176
     1
 90
       50
176
     1
 90
       50
176
     1
 90
       50
176
     1
290
     0
176
     1
 90
       50
176
     1
 62
   256
176
     0
 40
1.0
176
     0
 90
        2
176
     1
  1
strokes_ogs.tif
176
     1
290
     0
176
     1
 40
1.0
176
     1
 40
1.0
176
     1
  0
VISUALSTYLE
  5
2B
102
{ACAD_REACTORS
330
29
102
}
330
29
100
AcDbVisualStyle
  2
FlatWithEdges
 70
     1
177
     3
291
     1
 70
    58
 90
        2
176
     1
 90
        1
176
     1
 90
        1
176
     1
 90
        2
176
     1
 40
0.6
176
     1
 40
30.0
176
     1
 62
     7
420
 16777215
176
     1
 90
        1
176
     1
 90
        0
176
     1
 62
     7
176
     1
 62
   257
176
     1
 90
        1
176
     1
 90
        1
176
     1
 40
1.0
176
     1
 90
        0
176
     1
 62
   257
176
     1
 40
1.0
176
     1
 90
        1
176
     1
 90
        6
176
     1
 90
        2
176
     1
 62
     7
176
     1
 90
        5
176
     1
 90
        0
176
     1
 90
        0
176
     1
290
     0
176
     1
 90
       13
176
     1
 40
0.0
176
     1
 90
        0
176
     1
290
     0
176
     1
290
     1
176
     1
290
     1
176
     1
290
     0
176
     1
290
     0
176
     1
290
     0
176
     1
290
     0
176
     1
290
     0
176
     1
290
     0
176
     1
 90
       50
176
     1
 40
0.0
176
     1
 40
1.0
176
     1
 90
        0
176
     1
 62
    18
420
        0
176
     1
 90
       50
176
     1
 90
        3
176
     1
 62
     5
420
      255
176
     1
290
     0
176
     1
 90
       50
176
     1
 90
       50
176
     1
 90
       50
176
     1
290
     0
176
     1
 90
       50
176
     1
 62
   256
176
     0
 40
1.0
176
     0
 90
        2
176
     1
  1
strokes_ogs.tif
176
     1
290
     0
176
     1
 40
1.0
176
     1
 40
1.0
176
     1
  0
VISUALSTYLE
  5
2C
102
{ACAD_REACTORS
330
29
102
}
330
29
100
AcDbVisualStyle
  2
Gouraud
 70
     2
177
     3
291
     1
 70
    58
 90
        2
176
     1
 90
        2
176
     1
 90
        1
176
     1
 90
        2
176
     1
 40
0.6
176
     1
 40
30.0
176
     1
 62
     7
420
 16777215
176
     1
 90
        0
176
     1
 90
        0
176
     1
 62
     7
176
     1
 62
   257
176
     1
 90
        1
176
     1
 90
        1
176
     1
 40
1.0
176
     1
 90
        0
176
     1
 62
     7
176
     1
 40
1.0
176
     1
 90
        1
176
     1
 90
        6
176
     1
 90
        2
176
     1
 62
     7
176
     1
 90
        5
176
     1
 90
        0
176
     1
 90
        0
176
     1
290
     0
176
     1
 90
       13
176
     1
 40
0.0
176
     1
 90
        0
176
     1
290
     0
176
     1
290
     1
176
     1
290
     1
176
     1
290
     0
176
     1
290
     0
176
     1
290
     0
176
     1
290
     0
176
     1
290
     0
176
     1
290
     0
176
     1
 90
       50
176
     1
 40
0.0
176
     1
 40
1.0
176
     1
 90
        0
176
     1
 62
    18
420
        0
176
     1
 90
       50
176
     1
 90
        3
176
     1
 62
     5
420
      255
176
     1
290
     0
176
     1
 90
       50
176
     1
 90
       50
176
     1
 90
       50
176
     1
290
     0
176
     1
 90
       50
176
     1
 62
   256
176
     0
 40
1.0
176
     0
 90
        2
176
     1
  1
strokes_ogs.tif
176
     1
290
     0
176
     1
 40
1.0
176
     1
 40
1.0
176
     1
  0
VISUALSTYLE
  5
2D
102
{ACAD_REACTORS
330
29
102
}
330
29
100
AcDbVisualStyle
  2
GouraudWithEdges
 70
     3
177
     3
291
     1
 70
    58
 90
        2
176
     1
 90
        2
176
     1
 90
        1
176
     1
 90
        2
176
     1
 40
0.6
176
     1
 40
30.0
176
     1
 62
     7
420
 16777215
176
     1
 90
        1
176
     1
 90
        0
176
     1
 62
     7
176
     1
 62
   257
176
     1
 90
        1
176
     1
 90
        1
176
     1
 40
1.0
176
     1
 90
        0
176
     1
 62
   257
176
     1
 40
1.0
176
     1
 90
        1
176
     1
 90
        6
176
     1
 90
        2
176
     1
 62
     7
176
     1
 90
        5
176
     1
 90
        0
176
     1
 90
        0
176
     1
290
     0
176
     1
 90
       13
176
     1
 40
0.0
176
     1
 90
        0
176
     1
290
     0
176
     1
290
     1
176
     1
290
     1
176
     1
290
     0
176
     1
290
     0
176
     1
290
     0
176
     1
290
     0
176
     1
290
     0
176
     1
290
     0
176
     1
 90
       50
176
     1
 40
0.0
176
     1
 40
1.0
176
     1
 90
        0
176
     1
 62
    18
420
        0
176
     1
 90
       50
176
     1
 90
        3
176
     1
 62
     5
420
      255
176
     1
290
     0
176
     1
 90
       50
176
     1
 90
       50
176
     1
 90
       50
176
     1
290
     0
176
     1
 90
       50
176
     1
 62
   256
176
     0
 40
1.0
176
     0
 90
        2
176
     1
  1
strokes_ogs.tif
176
     1
290
     0
176
     1
 40
1.0
176
     1
 40
1.0
176
     1
  0
VISUALSTYLE
  5
31
102
{ACAD_REACTORS
330
29
102
}
330
29
100
AcDbVisualStyle
  2
Hidden
 70
     6
177
     3
291
     0
 70
    58
 90
        1
176
     1
 90
        2
176
     1
 90
        2
176
     1
 90
        0
176
     1
 40
0.6
176
     1
 40
30.0
176
     1
 62
     7
420
 16777215
176
     1
 90
        2
176
     1
 90
        2
176
     1
 62
     7
176
     1
 62
   257
176
     1
 90
        2
176
     1
 90
        1
176
     1
 40
40.0
176
     1
 90
        0
176
     1
 62
   257
176
     1
 40
1.0
176
     1
 90
        1
176
     1
 90
        6
176
     1
 90
        2
176
     1
 62
     7
176
     1
 90
        3
176
     1
 90
        0
176
     1
 90
        0
176
     1
290
     0
176
     1
 90
        1
176
     1
 40
0.0
176
     1
 90
        0
176
     1
290
     0
176
     1
290
     1
176
     1
290
     1
176
     1
290
     0
176
     1
290
     0
176
     1
290
     0
176
     1
290
     0
176
     1
290
     0
176
     1
290
     0
176
     1
 90
       50
176
     1
 40
0.0
176
     1
 40
1.0
176
     1
 90
        0
176
     1
 62
    18
420
        0
176
     1
 90
       50
176
     1
 90
        3
176
     1
 62
     5
420
      255
176
     1
290
     0
176
     1
 90
       50
176
     1
 90
       50
176
     1
 90
       50
176
     1
290
     0
176
     1
 90
       50
176
     1
 62
   256
176
     0
 40
1.0
176
     0
 90
        2
176
     1
  1
strokes_ogs.tif
176
     1
290
     0
176
     1
 40
1.0
176
     1
 40
1.0
176
     1
  0
VISUALSTYLE
  5
3F
102
{ACAD_REACTORS
330
29
102
}
330
29
100
AcDbVisualStyle
  2
JitterOff
 70
    20
177
     3
291
     1
 70
    58
 90
        2
176
     0
 90
        2
176
     0
 90
        0
176
     0
 90
        0
176
     0
 40
0.6
176
     0
 40
30.0
176
     0
 62
     7
420
 16777215
176
     0
 90
        1
176
     0
 90
        4
176
     0
 62
     7
176
     0
 62
   257
176
     0
 90
        1
176
     0
 90
        1
176
     0
 40
1.0
176
     0
 90
       10
176
     2
 62
     7
176
     0
 40
1.0
176
     0
 90
        1
176
     0
 90
        6
176
     0
 90
        2
176
     0
 62
     7
176
     0
 90
        5
176
     0
 90
        0
176
     0
 90
        0
176
     0
290
     0
176
     0
 90
        1
176
     0
 40
0.0
176
     0
 90
        0
176
     0
290
     0
176
     0
290
     1
176
     0
290
     1
176
     0
290
     0
176
     0
290
     0
176
     0
290
     0
176
     0
290
     0
176
     0
290
     0
176
     0
290
     0
176
     0
 90
       50
176
     0
 40
0.0
176
     0
 40
1.0
176
     0
 90
        0
176
     0
 62
    18
420
        0
176
     0
 90
       50
176
     0
 90
        3
176
     0
 62
     5
420
      255
176
     0
290
     0
176
     0
 90
       50
176
     0
 90
       50
176
     0
 90
       50
176
     0
290
     0
176
     0
 90
       50
176
     0
 62
   256
176
     0
 40
1.0
176
     0
 90
        2
176
     0
  1
strokes_ogs.tif
176
     0
290
     0
176
     0
 40
1.0
176
     0
 40
1.0
176
     0
  0
VISUALSTYLE
  5
37
102
{ACAD_REACTORS
330
29
102
}
330
29
100
AcDbVisualStyle
  2
Linepattern
 70
    14
177
     3
291
     1
 70
    58
 90
        2
176
     1
 90
        2
176
     1
 90
        0
176
     1
 90
        0
176
     1
 40
0.6
176
     1
 40
30.0
176
     1
 62
     7
420
 16777215
176
     1
 90
        1
176
     1
 90
        4
176
     1
 62
     7
176
     1
 62
   257
176
     1
 90
        7
176
     1
 90
        7
176
     1
 40
1.0
176
     1
 90
        8
176
     1
 62
     7
176
     1
 40
1.0
176
     1
 90
        1
176
     1
 90
        6
176
     1
 90
        2
176
     1
 62
     7
176
     1
 90
        5
176
     1
 90
        0
176
     1
 90
        0
176
     1
290
     0
176
     1
 90
        1
176
     1
 40
0.0
176
     1
 90
        0
176
     1
290
     0
176
     1
290
     1
176
     1
290
     1
176
     1
290
     0
176
     1
290
     0
176
     1
290
     0
176
     1
290
     0
176
     1
290
     0
176
     1
290
     0
176
     1
 90
       50
176
     1
 40
0.0
176
     1
 40
1.0
176
     1
 90
        0
176
     1
 62
    18
420
        0
176
     1
 90
       50
176
     1
 90
        3
176
     1
 62
     5
420
      255
176
     1
290
     0
176
     1
 90
       50
176
     1
 90
       50
176
     1
 90
       50
176
     1
290
     0
176
     1
 90
       50
176
     1
 62
   256
176
     0
 40
1.0
176
     0
 90
        2
176
     1
  1
strokes_ogs.tif
176
     1
290
     0
176
     1
 40
1.0
176
     1
 40
1.0
176
     1
  0
VISUALSTYLE
  5
40
102
{ACAD_REACTORS
330
29
102
}
330
29
100
AcDbVisualStyle
  2
OverhangOff
 70
    21
177
     3
291
     1
 70
    58
 90
        2
176
     0
 90
        2
176
     0
 90
        0
176
     0
 90
        0
176
     0
 40
0.6
176
     0
 40
30.0
176
     0
 62
     7
420
 16777215
176
     0
 90
        1
176
     0
 90
        4
176
     0
 62
     7
176
     0
 62
   257
176
     0
 90
        1
176
     0
 90
        1
176
     0
 40
1.0
176
     0
 90
        9
176
     2
 62
     7
176
     0
 40
1.0
176
     0
 90
        1
176
     0
 90
        6
176
     0
 90
        2
176
     0
 62
     7
176
     0
 90
        5
176
     0
 90
        0
176
     0
 90
        0
176
     0
290
     0
176
     0
 90
        1
176
     0
 40
0.0
176
     0
 90
        0
176
     0
290
     0
176
     0
290
     1
176
     0
290
     1
176
     0
290
     0
176
     0
290
     0
176
     0
290
     0
176
     0
290
     0
176
     0
290
     0
176
     0
290
     0
176
     0
 90
       50
176
     0
 40
0.0
176
     0
 40
1.0
176
     0
 90
        0
176
     0
 62
    18
420
        0
176
     0
 90
       50
176
     0
 90
        3
176
     0
 62
     5
420
      255
176
     0
290
     0
176
     0
 90
       50
176
     0
 90
       50
176
     0
 90
       50
176
     0
290
     0
176
     0
 90
       50
176
     0
 62
   256
176
     0
 40
1.0
176
     0
 90
        2
176
     0
  1
strokes_ogs.tif
176
     0
290
     0
176
     0
 40
1.0
176
     0
 40
1.0
176
     0
  0
VISUALSTYLE
  5
33
102
{ACAD_REACTORS
330
29
102
}
330
29
100
AcDbVisualStyle
  2
Realistic
 70
     8
177
     3
291
     0
 70
    58
 90
        2
176
     1
 90
        3
176
     1
 90
        0
176
     1
 90
        2
176
     1
 40
0.6
176
     1
 40
30.0
176
     1
 62
     7
420
 16777215
176
     1
 90
        0
176
     1
 90
        0
176
     1
 62
     7
176
     1
 62
   257
176
     1
 90
        1
176
     1
 90
        1
176
     1
 40
1.0
176
     1
 90
        8
176
     1
 62
   257
176
     1
 40
1.0
176
     1
 90
        1
176
     1
 90
        6
176
     1
 90
        2
176
     1
 62
     7
176
     1
 90
        3
176
     1
 90
        0
176
     1
 90
        0
176
     1
290
     0
176
     1
 90
       13
176
     1
 40
0.0
176
     1
 90
        0
176
     1
290
     0
176
     1
290
     1
176
     1
290
     1
176
     1
290
     0
176
     1
290
     0
176
     1
290
     0
176
     1
290
     0
176
     1
290
     0
176
     1
290
     0
176
     1
 90
       50
176
     1
 40
0.0
176
     1
 40
1.0
176
     1
 90
        0
176
     1
 62
    18
420
        0
176
     1
 90
       50
176
     1
 90
        3
176
     1
 62
     5
420
      255
176
     1
290
     0
176
     1
 90
       50
176
     1
 90
       50
176
     1
 90
       50
176
     1
290
     0
176
     1
 90
       50
176
     1
 62
   256
176
     0
 40
1.0
176
     0
 90
        2
176
     1
  1
strokes_ogs.tif
176
     1
290
     0
176
     1
 40
1.0
176
     1
 40
1.0
176
     1
  0
VISUALSTYLE
  5
3E
102
{ACAD_REACTORS
330
29
102
}
330
29
100
AcDbVisualStyle
  2
Shaded
 70
    27
177
     3
291
     0
 70
    58
 90
        2
176
     1
 90
        2
176
     1
 90
        1
176
     1
 90
        2
176
     1
 40
0.6
176
     1
 40
30.0
176
     1
 62
     7
420
 16777215
176
     1
 90
        0
176
     1
 90
        4
176
     1
 62
     7
176
     1
 62
   257
176
     1
 90
        1
176
     1
 90
        1
176
     1
 40
1.0
176
     1
 90
        8
176
     1
 62
   257
176
     1
 40
1.0
176
     1
 90
        1
176
     1
 90
        6
176
     1
 90
        2
176
     1
 62
     8
420
  7895160
176
     1
 90
        3
176
     1
 90
        0
176
     1
 90
        0
176
     1
290
     0
176
     1
 90
        5
176
     1
 40
0.0
176
     1
 90
        0
176
     1
290
     0
176
     1
290
     1
176
     1
290
     1
176
     1
290
     0
176
     1
290
     0
176
     1
290
     0
176
     1
290
     0
176
     1
290
     0
176
     1
290
     0
176
     1
 90
       50
176
     1
 40
0.0
176
     1
 40
1.0
176
     1
 90
        0
176
     1
 62
    18
420
        0
176
     1
 90
       50
176
     1
 90
        3
176
     1
 62
     5
420
      255
176
     1
290
     0
176
     1
 90
       50
176
     1
 90
       50
176
     1
 90
       50
176
     1
290
     0
176
     1
 90
       50
176
     1
 62
   256
176
     0
 40
1.0
176
     0
 90
        2
176
     1
  1
strokes_ogs.tif
176
     1
290
     0
176
     1
 40
1.0
176
     1
 40
1.0
176
     1
  0
VISUALSTYLE
  5
3D
102
{ACAD_REACTORS
330
29
102
}
330
29
100
AcDbVisualStyle
  2
Shaded with edges
 70
    26
177
     3
291
     0
 70
    58
 90
        2
176
     1
 90
        2
176
     1
 90
        1
176
     1
 90
        2
176
     1
 40
0.6
176
     1
 40
30.0
176
     1
 62
     7
420
 16777215
176
     1
 90
        1
176
     1
 90
        2
176
     1
 62
     7
176
     1
 62
   257
176
     1
 90
        2
176
     1
 90
        1
176
     1
 40
1.0
176
     1
 90
        8
176
     1
 62
   257
176
     1
 40
1.0
176
     1
 90
        1
176
     1
 90
        6
176
     1
 90
        2
176
     1
 62
     7
176
     1
 90
        3
176
     1
 90
        0
176
     1
 90
        0
176
     1
290
     0
176
     1
 90
        5
176
     1
 40
0.0
176
     1
 90
        0
176
     1
290
     0
176
     1
290
     1
176
     1
290
     1
176
     1
290
     0
176
     1
290
     0
176
     1
290
     0
176
     1
290
     0
176
     1
290
     0
176
     1
290
     0
176
     1
 90
       50
176
     1
 40
0.0
176
     1
 40
1.0
176
     1
 90
        0
176
     1
 62
    18
420
        0
176
     1
 90
       50
176
     1
 90
        3
176
     1
 62
     5
420
      255
176
     1
290
     0
176
     1
 90
       50
176
     1
 90
       50
176
     1
 90
       50
176
     1
290
     0
176
     1
 90
       50
176
     1
 62
   256
176
     0
 40
1.0
176
     0
 90
        2
176
     1
  1
strokes_ogs.tif
176
     1
290
     0
176
     1
 40
1.0
176
     1
 40
1.0
176
     1
  0
VISUALSTYLE
  5
3A
102
{ACAD_REACTORS
330
29
102
}
330
29
100
AcDbVisualStyle
  2
Shades of Gray
 70
    23
177
     3
291
     0
 70
    58
 90
        2
176
     1
 90
        2
176
     1
 90
        3
176
     1
 90
        0
176
     1
 40
0.6
176
     1
 40
30.0
176
     1
 62
     7
420
 16777215
176
     1
 90
        2
176
     1
 90
        2
176
     1
 62
     7
176
     1
 62
     7
176
     1
 90
        1
176
     1
 90
        1
176
     1
 40
40.0
176
     1
 90
        8
176
     1
 62
     7
176
     1
 40
1.0
176
     1
 90
        1
176
     1
 90
        6
176
     1
 90
        2
176
     1
 62
     7
176
     1
 90
        3
176
     1
 90
        0
176
     1
 90
        0
176
     1
290
     0
176
     1
 90
        1
176
     1
 40
0.0
176
     1
 90
        0
176
     1
290
     0
176
     1
290
     1
176
     1
290
     1
176
     1
290
     0
176
     1
290
     0
176
     1
290
     0
176
     1
290
     0
176
     1
290
     0
176
     1
290
     0
176
     1
 90
       50
176
     1
 40
0.0
176
     1
 40
1.0
176
     1
 90
        0
176
     1
 62
    18
420
        0
176
     1
 90
       50
176
     1
 90
        3
176
     1
 62
     5
420
      255
176
     1
290
     0
176
     1
 90
       50
176
     1
 90
       50
176
     1
 90
       50
176
     1
290
     0
176
     1
 90
       50
176
     1
 62
   256
176
     0
 40
1.0
176
     0
 90
        2
176
     1
  1
strokes_ogs.tif
176
     1
290
     0
176
     1
 40
1.0
176
     1
 40
1.0
176
     1
  0
VISUALSTYLE
  5
3B
102
{ACAD_REACTORS
330
29
102
}
330
29
100
AcDbVisualStyle
  2
Sketchy
 70
    24
177
     3
291
     0
 70
    58
 90
        1
176
     1
 90
        2
176
     1
 90
        2
176
     1
 90
        0
176
     1
 40
0.6
176
     1
 40
30.0
176
     1
 62
     7
420
 16777215
176
     1
 90
        2
176
     1
 90
        2
176
     1
 62
     7
176
     1
 62
     7
176
     1
 90
        1
176
     1
 90
        1
176
     1
 40
40.0
176
     1
 90
       11
176
     1
 62
     7
176
     1
 40
1.0
176
     1
 90
        1
176
     1
 90
        6
176
     1
 90
        2
176
     1
 62
     7
176
     1
 90
        6
176
     1
 90
        0
176
     1
 90
        0
176
     1
290
     0
176
     1
 90
        1
176
     1
 40
0.0
176
     1
 90
        0
176
     1
290
     0
176
     1
290
     1
176
     1
290
     1
176
     1
290
     0
176
     1
290
     0
176
     1
290
     0
176
     1
290
     0
176
     1
290
     0
176
     1
290
     0
176
     1
 90
       50
176
     1
 40
0.0
176
     1
 40
1.0
176
     1
 90
        0
176
     1
 62
    18
420
        0
176
     1
 90
       50
176
     1
 90
        3
176
     1
 62
     5
420
      255
176
     1
290
     0
176
     1
 90
       50
176
     1
 90
       50
176
     1
 90
       50
176
     1
290
     0
176
     1
 90
       50
176
     1
 62
   256
176
     0
 40
1.0
176
     0
 90
        2
176
     1
  1
strokes_ogs.tif
176
     1
290
     0
176
     1
 40
1.0
176
     1
 40
1.0
176
     1
  0
VISUALSTYLE
  5
36
102
{ACAD_REACTORS
330
29
102
}
330
29
100
AcDbVisualStyle
  2
Thicken
 70
    13
177
     3
291
     1
 70
    58
 90
        2
176
     1
 90
        2
176
     1
 90
        0
176
     1
 90
        0
176
     1
 40
0.6
176
     1
 40
30.0
176
     1
 62
     7
420
 16777215
176
     1
 90
        1
176
     1
 90
        4
176
     1
 62
     7
176
     1
 62
   257
176
     1
 90
        1
176
     1
 90
        1
176
     1
 40
1.0
176
     1
 90
       12
176
     1
 62
     7
176
     1
 40
1.0
176
     1
 90
        1
176
     1
 90
        6
176
     1
 90
        2
176
     1
 62
     7
176
     1
 90
        5
176
     1
 90
        0
176
     1
 90
        0
176
     1
290
     0
176
     1
 90
        1
176
     1
 40
0.0
176
     1
 90
        0
176
     1
290
     0
176
     1
290
     1
176
     1
290
     1
176
     1
290
     0
176
     1
290
     0
176
     1
290
     0
176
     1
290
     0
176
     1
290
     0
176
     1
290
     0
176
     1
 90
       50
176
     1
 40
0.0
176
     1
 40
1.0
176
     1
 90
        0
176
     1
 62
    18
420
        0
176
     1
 90
       50
176
     1
 90
        3
176
     1
 62
     5
420
      255
176
     1
290
     0
176
     1
 90
       50
176
     1
 90
       50
176
     1
 90
       50
176
     1
290
     0
176
     1
 90
       50
176
     1
 62
   256
176
     0
 40
1.0
176
     0
 90
        2
176
     1
  1
strokes_ogs.tif
176
     1
290
     0
176
     1
 40
1.0
176
     1
 40
1.0
176
     1
  0
VISUALSTYLE
  5
30
102
{ACAD_REACTORS
330
29
102
}
330
29
100
AcDbVisualStyle
  2
Wireframe
 70
     5
177
     3
291
     0
 70
    58
 90
        0
176
     1
 90
        2
176
     1
 90
        0
176
     1
 90
        0
176
     1
 40
0.6
176
     1
 40
30.0
176
     1
 62
     7
420
 16777215
176
     1
 90
        1
176
     1
 90
        4
176
     1
 62
     7
176
     1
 62
   257
176
     1
 90
        1
176
     1
 90
        1
176
     1
 40
1.0
176
     1
 90
        0
176
     1
 62
   257
176
     1
 40
1.0
176
     1
 90
        1
176
     1
 90
        6
176
     1
 90
        2
176
     1
 62
     7
176
     1
 90
        3
176
     1
 90
        0
176
     1
 90
        0
176
     1
290
     0
176
     1
 90
        1
176
     1
 40
0.0
176
     1
 90
        0
176
     1
290
     0
176
     1
290
     1
176
     1
290
     1
176
     1
290
     0
176
     1
290
     0
176
     1
290
     0
176
     1
290
     0
176
     1
290
     0
176
     1
290
     0
176
     1
 90
       50
176
     1
 40
0.0
176
     1
 40
1.0
176
     1
 90
        0
176
     1
 62
    18
420
        0
176
     1
 90
       50
176
     1
 90
        3
176
     1
 62
     5
420
      255
176
     1
290
     0
176
     1
 90
       50
176
     1
 90
       50
176
     1
 90
       50
176
     1
290
     0
176
     1
 90
       50
176
     1
 62
   256
176
     0
 40
1.0
176
     0
 90
        2
176
     1
  1
strokes_ogs.tif
176
     1
290
     0
176
     1
 40
1.0
176
     1
 40
1.0
176
     1
  0
VISUALSTYLE
  5
3C
102
{ACAD_REACTORS
330
29
102
}
330
29
100
AcDbVisualStyle
  2
X-Ray
 70
    25
177
     3
291
     0
 70
    58
 90
        2
176
     1
 90
        2
176
     1
 90
        1
176
     1
 90
        1
176
     1
 40
0.5
176
     1
 40
30.0
176
     1
 62
     7
420
 16777215
176
     1
 90
        1
176
     1
 90
        0
176
     1
 62
     7
176
     1
 62
   257
176
     1
 90
        1
176
     1
 90
        1
176
     1
 40
1.0
176
     1
 90
        8
176
     1
 62
     7
176
     1
 40
1.0
176
     1
 90
        1
176
     1
 90
        6
176
     1
 90
        2
176
     1
 62
     7
176
     1
 90
        3
176
     1
 90
        0
176
     1
 90
        0
176
     1
290
     0
176
     1
 90
       13
176
     1
 40
0.0
176
     1
 90
        0
176
     1
290
     0
176
     1
290
     1
176
     1
290
     1
176
     1
290
     0
176
     1
290
     0
176
     1
290
     0
176
     1
290
     0
176
     1
290
     0
176
     1
290
     0
176
     1
 90
       50
176
     1
 40
0.0
176
     1
 40
1.0
176
     1
 90
        0
176
     1
 62
    18
420
        0
176
     1
 90
       50
176
     1
 90
        3
176
     1
 62
     5
420
      255
176
     1
290
     0
176
     1
 90
       50
176
     1
 90
       50
176
     1
 90
       50
176
     1
290
     0
176
     1
 90
       50
176
     1
 62
   256
176
     0
 40
1.0
176
     0
 90
        2
176
     1
  1
strokes_ogs.tif
176
     1
290
     0
176
     1
 40
1.0
176
     1
 40
1.0
176
     1
  0
DICTIONARYVAR
  5
18C
102
{ACAD_REACTORS
330
187
102
}
330
187
100
DictionaryVariables
280
     0
  1
1:1
  0
DICTIONARYVAR
  5
189
102
{ACAD_REACTORS
330
187
102
}
330
187
100
DictionaryVariables
280
     0
  1
STANDARD
  0
DICTIONARYVAR
  5
188
102
{ACAD_REACTORS
330
187
102
}
330
187
100
DictionaryVariables
280
     0
  1
STANDARD
  0
DICTIONARYVAR
  5
18A
102
{ACAD_REACTORS
330
187
102
}
330
187
100
DictionaryVariables
280
     0
  1
Imperial24
  0
DICTIONARYVAR
  5
18B
102
{ACAD_REACTORS
330
187
102
}
330
187
100
DictionaryVariables
280
     0
  1
Imperial24
  0
XRECORD
  5
183
102
{ACAD_REACTORS
330
17F
102
}
330
17F
100
AcDbXrecord
280
     1
  1
BUILDING_ID
  1
Casa à travessa José Evaristo, 57, Acarí, Rio Grande do Norte
  1
FLOOR_ID
  1
22881173
  0
XRECORD
  5
181
102
{ACAD_REACTORS
330
17F
102
}
330
17F
100
AcDbXrecord
280
     1
  1
-2000011
  1
Paredes
  1
-2000023
  1
Portas
  1
-2000051
  1
Linhas
  1
-2000280
  1
Blocos de margens e carimbo
  0
XRECORD
  5
182
102
{ACAD_REACTORS
330
17F
102
}
330
17F
100
AcDbXrecord
280
     1
  1
-2000027
  1
Abertura
  1
-2000042
  1
<Linhas finas>
  1
-2000281
  1
<Linhas finas>
  1
-2000284
  1
<Projeção>
  1
-2000588
  1
Padrão de corte
  0
XRECORD
  5
180
102
{ACAD_REACTORS
330
17F
102
}
330
17F
100
AcDbXrecord
280
     1
  1
22369111
  1
porta multiplas_original : Dupla - 70 cm
  1
22369137
  1
porta multiplas_original : Simples - 90 cm
  1
22476216
  1
Parede básica : 35 : 35
  1
22507315
  1
porta multiplas_original : 100
  1
22554474
  1
Parede básica : 20 : 20
  1
22881151
  1
SVG : A4
  1
3324767
  1
Parede básica : 00_PAREDE_GENERICA_15_CM : 00_PAREDE_GENERICA_15_CM
  0
DICTIONARY
  5
1A
330
19
100
AcDbDictionary
280
     1
281
     1
  3
BUMPTILE
360
1C
  3
DIFFUSETILE
360
1B
  3
OPACITYTILE
360
1F
  3
REFLECTIONTILE
360
1E
  3
REFRACTIONTILE
360
20
  3
SPECULARTILE
360
1D
  0
DICTIONARY
  5
12
330
11
100
AcDbDictionary
280
     1
281
     1
  3
BUMPTILE
360
14
  3
DIFFUSETILE
360
13
  3
OPACITYTILE
360
17
  3
REFLECTIONTILE
360
16
  3
REFRACTIONTILE
360
18
  3
SPECULARTILE
360
15
  0
DICTIONARY
  5
22
330
21
100
AcDbDictionary
280
     1
281
     1
  3
BUMPTILE
360
24
  3
DIFFUSETILE
360
23
  3
OPACITYTILE
360
27
  3
REFLECTIONTILE
360
26
  3
REFRACTIONTILE
360
28
  3
SPECULARTILE
360
25
  0
DICTIONARY
  5
1D9
330
65
100
AcDbDictionary
280
     1
281
     1
  3
ACAD_ROUNDTRIP_2008_TABLESTYLE_CELLSTYLEMAP
360
1DA
  0
XRECORD
  5
1C
102
{ACAD_REACTORS
330
1A
102
}
330
1A
100
AcDbXrecord
280
     1
270
     1
271
     1
  0
XRECORD
  5
1B
102
{ACAD_REACTORS
330
1A
102
}
330
1A
100
AcDbXrecord
280
     1
270
     1
271
     1
  0
XRECORD
  5
1F
102
{ACAD_REACTORS
330
1A
102
}
330
1A
100
AcDbXrecord
280
     1
270
     1
271
     1
  0
XRECORD
  5
1E
102
{ACAD_REACTORS
330
1A
102
}
330
1A
100
AcDbXrecord
280
     1
270
     1
271
     1
  0
XRECORD
  5
20
102
{ACAD_REACTORS
330
1A
102
}
330
1A
100
AcDbXrecord
280
     1
270
     1
271
     1
  0
XRECORD
  5
1D
102
{ACAD_REACTORS
330
1A
102
}
330
1A
100
AcDbXrecord
280
     1
270
     1
271
     1
  0
XRECORD
  5
14
102
{ACAD_REACTORS
330
12
102
}
330
12
100
AcDbXrecord
280
     1
270
     1
271
     1
  0
XRECORD
  5
13
102
{ACAD_REACTORS
330
12
102
}
330
12
100
AcDbXrecord
280
     1
270
     1
271
     1
  0
XRECORD
  5
17
102
{ACAD_REACTORS
330
12
102
}
330
12
100
AcDbXrecord
280
     1
270
     1
271
     1
  0
XRECORD
  5
16
102
{ACAD_REACTORS
330
12
102
}
330
12
100
AcDbXrecord
280
     1
270
     1
271
     1
  0
XRECORD
  5
18
102
{ACAD_REACTORS
330
12
102
}
330
12
100
AcDbXrecord
280
     1
270
     1
271
     1
  0
XRECORD
  5
15
102
{ACAD_REACTORS
330
12
102
}
330
12
100
AcDbXrecord
280
     1
270
     1
271
     1
  0
XRECORD
  5
24
102
{ACAD_REACTORS
330
22
102
}
330
22
100
AcDbXrecord
280
     1
270
     1
271
     1
  0
XRECORD
  5
23
102
{ACAD_REACTORS
330
22
102
}
330
22
100
AcDbXrecord
280
     1
270
     1
271
     1
  0
XRECORD
  5
27
102
{ACAD_REACTORS
330
22
102
}
330
22
100
AcDbXrecord
280
     1
270
     1
271
     1
  0
XRECORD
  5
26
102
{ACAD_REACTORS
330
22
102
}
330
22
100
AcDbXrecord
280
     1
270
     1
271
     1
  0
XRECORD
  5
28
102
{ACAD_REACTORS
330
22
102
}
330
22
100
AcDbXrecord
280
     1
270
     1
271
     1
  0
XRECORD
  5
25
102
{ACAD_REACTORS
330
22
102
}
330
22
100
AcDbXrecord
280
     1
270
     1
271
     1
  0
CELLSTYLEMAP
  5
1DA
102
{ACAD_REACTORS
330
1D9
102
}
330
1D9
100
AcDbCellStyleMap
 90
        3
300
CELLSTYLE
  1
TABLEFORMAT_BEGIN
 90
        5
170
     1
 91
        0
 92
    32768
 62
   257
 93
        1
300
CONTENTFORMAT
  1
CONTENTFORMAT_BEGIN
 90
        0
 91
        0
 92
      512
 93
        0
300

 40
0.0
140
1.0
 94
        5
 62
     0
340
55
144
0.25
309
CONTENTFORMAT_END
171
     0
 94
        0
309
TABLEFORMAT_END
  1
CELLSTYLE_BEGIN
 90
        1
 91
        1
300
_TITLE
309
CELLSTYLE_END
300
CELLSTYLE
  1
TABLEFORMAT_BEGIN
 90
        5
170
     1
 91
        0
 92
        0
 62
   257
 93
        1
300
CONTENTFORMAT
  1
CONTENTFORMAT_BEGIN
 90
        0
 91
        0
 92
      512
 93
        0
300

 40
0.0
140
1.0
 94
        5
 62
     0
340
55
144
0.18
309
CONTENTFORMAT_END
171
     0
 94
        0
309
TABLEFORMAT_END
  1
CELLSTYLE_BEGIN
 90
        2
 91
        1
300
_HEADER
309
CELLSTYLE_END
300
CELLSTYLE
  1
TABLEFORMAT_BEGIN
 90
        5
170
     1
 91
        0
 92
        0
 62
   257
 93
        1
300
CONTENTFORMAT
  1
CONTENTFORMAT_BEGIN
 90
        0
 91
        0
 92
      512
 93
        0
300

 40
0.0
140
1.0
 94
        2
 62
     0
340
55
144
0.18
309
CONTENTFORMAT_END
171
     0
 94
        0
309
TABLEFORMAT_END
  1
CELLSTYLE_BEGIN
 90
        3
 91
        2
300
_DATA
309
CELLSTYLE_END
  0
ENDSEC
  0
SECTION
  2
ACDSDATA
 70
     2
 71
     8
  0
ACDSSCHEMA
 90
        0
  1
AcDb_Thumbnail_Schema
  2
AcDbDs::ID
280
    10
 91
        8
  2
Thumbnail_Data
280
    15
 91
        0
101
ACDSRECORD
 95
        0
 90
        1
  2
AcDbDs::TreatedAsObjectData
280
     1
291
     1
101
ACDSRECORD
 95
        0
 90
        2
  2
AcDbDs::Legacy
280
     1
291
     1
101
ACDSRECORD
  1
AcDbDs::ID
 90
        3
  2
AcDs:Indexable
280
     1
291
     1
101
ACDSRECORD
  1
AcDbDs::ID
 90
        4
  2
AcDbDs::HandleAttribute
280
     7
282
     1
  0
ACDSSCHEMA
 90
        1
  1
AcDbDs::TreatedAsObjectDataSchema
  2
AcDbDs::TreatedAsObjectData
280
     1
 91
        0
  0
ACDSSCHEMA
 90
        2
  1
AcDbDs::LegacySchema
  2
AcDbDs::Legacy
280
     1
 91
        0
  0
ACDSSCHEMA
 90
        3
  1
AcDbDs::IndexedPropertySchema
  2
AcDs:Indexable
280
     1
 91
        0
  0
ACDSSCHEMA
 90
        4
  1
AcDbDs::HandleAttributeSchema
  2
AcDbDs::HandleAttribute
280
     7
 91
        1
284
     1
  0
ACDSRECORD
 90
        0
  2
AcDbDs::ID
280
    10
320
6F
  2
Thumbnail_Data
280
    15
 94
     1310
310
89504E470D0A1A0A0000000D4948445200000100000000B5080300000087DCD12600000300504C5445FFFFFFFFFFFFFFFFFF0000000000000000000000000000000000000000000000000000330000660000990000CC0000FF0033000033330033660033990033CC0033FF0066000066330066660066990066CC0066FF0099
310
000099330099660099990099CC0099FF00CC0000CC3300CC6600CC9900CCCC00CCFF00FF0000FF3300FF6600FF9900FFCC00FFFF3300003300333300663300993300CC3300FF3333003333333333663333993333CC3333FF3366003366333366663366993366CC3366FF3399003399333399663399993399CC3399FF33CC00
310
33CC3333CC6633CC9933CCCC33CCFF33FF0033FF3333FF6633FF9933FFCC33FFFF6600006600336600666600996600CC6600FF6633006633336633666633996633CC6633FF6666006666336666666666996666CC6666FF6699006699336699666699996699CC6699FF66CC0066CC3366CC6666CC9966CCCC66CCFF66FF0066
310
FF3366FF6666FF9966FFCC66FFFF9900009900339900669900999900CC9900FF9933009933339933669933999933CC9933FF9966009966339966669966999966CC9966FF9999009999339999669999999999CC9999FF99CC0099CC3399CC6699CC9999CCCC99CCFF99FF0099FF3399FF6699FF9999FFCC99FFFFCC0000CC00
310
33CC0066CC0099CC00CCCC00FFCC3300CC3333CC3366CC3399CC33CCCC33FFCC6600CC6633CC6666CC6699CC66CCCC66FFCC9900CC9933CC9966CC9999CC99CCCC99FFCCCC00CCCC33CCCC66CCCC99CCCCCCCCCCFFCCFF00CCFF33CCFF66CCFF99CCFFCCCCFFFFFF0000FF0033FF0066FF0099FF00CCFF00FFFF3300FF3333
310
FF3366FF3399FF33CCFF33FFFF6600FF6633FF6666FF6699FF66CCFF66FFFF9900FF9933FF9966FF9999FF99CCFF99FFFFCC00FFCC33FFCC66FFCC99FFCCCCFFCCFFFFFF00FFFF33FFFF66FFFF99FFFFCCFFFFFF0000000D0D0D1A1A1A2828283535354343435050505D5D5D6B6B6B787878868686939393A1A1A1AEAEAEBB
310
BBBBC9C9C9D6D6D6E4E4E4F1F1F1FFFFFF000000000000000000000000000000000000000000000000000000000000AD4AB4E4000001D94944415478DAEDDCCB8DC230100050779CC2B60757900272CE31A2884D223E41D848A05D459A7973B0F808053F666CC740CA7072CCF3B2CCF369EDA50CE5D438F9F0050000000000
310
000000000000000000000000000000000000000000000000000000000000000000000000000000000000000000000000000000000000000000000000000000000000200DC0CF571109607E13DD178502187BDD1FD300B49F010000000000000000000000406880698F36402F626540593FE8CF00C67000D34725100EA05500
310
DDC28808D0C880ED81BD369200BC0864026825FB7E374D0634C6BA37003B577C80A93B084E9B4CD85DE17ABF2E765DA33D0D4E01018EEF7A18B6A6AEB73B00DBAC991A205C063C55FBE1E2F01D808063C0711DF0C8802E40BC59E0B812ACF536060EBD4130F6B940AD778844004FE702F5DA0E2513C08B40A60C7859F36D65
310
9029031A2BDE9A6B0C68F4B36607B8F613406680447B82FD257FE20C48B5290AE0A33DC11400B71DC1EC00A967815CEB80EE6F85737C3BFC458402C8FE7F817F0B0000000000000000000000000000000000000000000000000000000000000000000000000000000000000000000000000000000000000000000000000000
310
00000000000000E04F004E8EE5DCB8944BF2F805235C22A4D895D3FE0000000049454E44AE426082
  0
ACDSRECORD
 90
        0
  2
AcDbDs::ID
280
    10
320
73
  2
Thumbnail_Data
280
    15
 94
     1183
310
89504E470D0A1A0A0000000D494844520000010000000065080300000095E2CD0900000300504C5445FFFFFFFFFFFFFFFFFF0000000000000000000000000000000000000000000000000000330000660000990000CC0000FF0033000033330033660033990033CC0033FF0066000066330066660066990066CC0066FF0099
310
000099330099660099990099CC0099FF00CC0000CC3300CC6600CC9900CCCC00CCFF00FF0000FF3300FF6600FF9900FFCC00FFFF3300003300333300663300993300CC3300FF3333003333333333663333993333CC3333FF3366003366333366663366993366CC3366FF3399003399333399663399993399CC3399FF33CC00
310
33CC3333CC6633CC9933CCCC33CCFF33FF0033FF3333FF6633FF9933FFCC33FFFF6600006600336600666600996600CC6600FF6633006633336633666633996633CC6633FF6666006666336666666666996666CC6666FF6699006699336699666699996699CC6699FF66CC0066CC3366CC6666CC9966CCCC66CCFF66FF0066
310
FF3366FF6666FF9966FFCC66FFFF9900009900339900669900999900CC9900FF9933009933339933669933999933CC9933FF9966009966339966669966999966CC9966FF9999009999339999669999999999CC9999FF99CC0099CC3399CC6699CC9999CCCC99CCFF99FF0099FF3399FF6699FF9999FFCC99FFFFCC0000CC00
310
33CC0066CC0099CC00CCCC00FFCC3300CC3333CC3366CC3399CC33CCCC33FFCC6600CC6633CC6666CC6699CC66CCCC66FFCC9900CC9933CC9966CC9999CC99CCCC99FFCCCC00CCCC33CCCC66CCCC99CCCCCCCCCCFFCCFF00CCFF33CCFF66CCFF99CCFFCCCCFFFFFF0000FF0033FF0066FF0099FF00CCFF00FFFF3300FF3333
310
FF3366FF3399FF33CCFF33FFFF6600FF6633FF6666FF6699FF66CCFF66FFFF9900FF9933FF9966FF9999FF99CCFF99FFFFCC00FFCC33FFCC66FFCC99FFCCCCFFCCFFFFFF00FFFF33FFFF66FFFF99FFFFCCFFFFFF0000000D0D0D1A1A1A2828283535354343435050505D5D5D6B6B6B787878868686939393A1A1A1AEAEAEBB
310
BBBBC9C9C9D6D6D6E4E4E4F1F1F1FFFFFF000000000000000000000000000000000000000000000000000000000000AD4AB4E40000015A4944415478DAED9A5B1282301004F7FE67E31473124B4111631E4A596576BAB5FC810F687693213102007EC6320202920BE89E810004200001084000021080000420000108400002
310
1090096DB415255E33D2ED1B0838D102190428AC05B44680680F10D9055C0F2964DB025A7F0C0454EED14540ADCD150E021A416850407F98FC6B01F5C7A7E80BE807C99905A87F7B8A6E8E9840401B3B017A65D1A924395D0B68FBDC9BBF2D608D51C602E6AF80A2C58FF5DF1190600C2806FA4305180828A2F06702E6CF01
310
A5808F6681350A4F2F406F12E03D041A082887C14331D855C0CB6B8085808A019F0A28E731D954406D1E934B0554AF5EF2A880C6D5CB5D80790BECF787006F01235B63990568645F20AD80D1BDC1B4B3C0230E22C0330805029C05EC0BC3EE02E41E8406FE248580B90574A8ED193F1DC9B03BBC3DCB51E2707E8225B19304
310
00000000000000000000000000000000C0D75C00A18EA324864F4C920000000049454E44AE426082
  0
ENDSEC
  0
EOF
