  0
SECTION
  2
HEADER
  9
$ACADVER
  1
AC1032
  9
$ACADMAINTVER
 90
      204
  9
$DWGCODEPAGE
  3
ANSI_1252
  9
$LASTSAVEDBY
  1
duda-
  9
$REQUIREDVERSIONS
160
                 0
  9
$INSBASE
 10
0.0
 20
0.0
 30
0.0
  9
$EXTMIN
 10
-76809.91589043452
 20
2461.267184579084
 30
0.0
  9
$EXTMAX
 10
-62305.77681758682
 20
7256.66190968284
 30
0.0
  9
$LIMMIN
 10
0.0
 20
0.0
  9
$LIMMAX
 10
12.0
 20
9.0
  9
$ORTHOMODE
 70
     0
  9
$REGENMODE
 70
     1
  9
$FILLMODE
 70
     1
  9
$QTEXTMODE
 70
     0
  9
$MIRRTEXT
 70
     0
  9
$LTSCALE
 40
1.0
  9
$ATTMODE
 70
     1
  9
$TEXTSIZE
 40
0.2
  9
$TRACEWID
 40
0.05
  9
$TEXTSTYLE
  7
Standard
  9
$CLAYER
  8
0
  9
$CELTYPE
  6
ByLayer
  9
$CECOLOR
 62
   256
  9
$CELTSCALE
 40
1.0
  9
$DISPSILH
 70
     0
  9
$DIMSCALE
 40
1.0
  9
$DIMASZ
 40
0.18
  9
$DIMEXO
 40
0.0625
  9
$DIMDLI
 40
0.38
  9
$DIMRND
 40
0.0
  9
$DIMDLE
 40
0.0
  9
$DIMEXE
 40
0.18
  9
$DIMTP
 40
0.0
  9
$DIMTM
 40
0.0
  9
$DIMTXT
 40
0.18
  9
$DIMCEN
 40
0.09
  9
$DIMTSZ
 40
0.0
  9
$DIMTOL
 70
     0
  9
$DIMLIM
 70
     0
  9
$DIMTIH
 70
     1
  9
$DIMTOH
 70
     1
  9
$DIMSE1
 70
     0
  9
$DIMSE2
 70
     0
  9
$DIMTAD
 70
     0
  9
$DIMZIN
 70
     0
  9
$DIMBLK
  1

  9
$DIMASO
 70
     1
  9
$DIMSHO
 70
     1
  9
$DIMPOST
  1

  9
$DIMAPOST
  1

  9
$DIMALT
 70
     0
  9
$DIMALTD
 70
     2
  9
$DIMALTF
 40
25.4
  9
$DIMLFAC
 40
1.0
  9
$DIMTOFL
 70
     0
  9
$DIMTVP
 40
0.0
  9
$DIMTIX
 70
     0
  9
$DIMSOXD
 70
     0
  9
$DIMSAH
 70
     0
  9
$DIMBLK1
  1

  9
$DIMBLK2
  1

  9
$DIMSTYLE
  2
Standard
  9
$DIMCLRD
 70
     0
  9
$DIMCLRE
 70
     0
  9
$DIMCLRT
 70
     0
  9
$DIMTFAC
 40
1.0
  9
$DIMGAP
 40
0.09
  9
$DIMJUST
 70
     0
  9
$DIMSD1
 70
     0
  9
$DIMSD2
 70
     0
  9
$DIMTOLJ
 70
     1
  9
$DIMTZIN
 70
     0
  9
$DIMALTZ
 70
     0
  9
$DIMALTTZ
 70
     0
  9
$DIMUPT
 70
     0
  9
$DIMDEC
 70
     4
  9
$DIMTDEC
 70
     4
  9
$DIMALTU
 70
     2
  9
$DIMALTTD
 70
     2
  9
$DIMTXSTY
  7
Standard
  9
$DIMAUNIT
 70
     0
  9
$DIMADEC
 70
     0
  9
$DIMALTRND
 40
0.0
  9
$DIMAZIN
 70
     0
  9
$DIMDSEP
 70
    46
  9
$DIMATFIT
 70
     3
  9
$DIMFRAC
 70
     0
  9
$DIMLDRBLK
  1

  9
$DIMLUNIT
 70
     2
  9
$DIMLWD
 70
    -2
  9
$DIMLWE
 70
    -2
  9
$DIMTMOVE
 70
     0
  9
$DIMFXL
 40
1.0
  9
$DIMFXLON
 70
     0
  9
$DIMJOGANG
 40
0.7853981633974483
  9
$DIMTFILL
 70
     0
  9
$DIMTFILLCLR
 70
     0
  9
$DIMARCSYM
 70
     0
  9
$DIMLTYPE
  6

  9
$DIMLTEX1
  6

  9
$DIMLTEX2
  6

  9
$DIMTXTDIRECTION
 70
     0
  9
$LUNITS
 70
     2
  9
$LUPREC
 70
     4
  9
$SKETCHINC
 40
0.1
  9
$FILLETRAD
 40
0.0
  9
$AUNITS
 70
     0
  9
$AUPREC
 70
     0
  9
$MENU
  1
.
  9
$ELEVATION
 40
0.0
  9
$PELEVATION
 40
0.0
  9
$THICKNESS
 40
0.0
  9
$LIMCHECK
 70
     0
  9
$CHAMFERA
 40
0.0
  9
$CHAMFERB
 40
0.0
  9
$CHAMFERC
 40
0.0
  9
$CHAMFERD
 40
0.0
  9
$SKPOLY
 70
     0
  9
$TDCREATE
 40
2460730.636863426
  9
$TDUCREATE
 40
2460730.761863426
  9
$TDUPDATE
 40
2460739.024236111
  9
$TDUUPDATE
 40
2460739.149236111
  9
$TDINDWG
 40
0.0284606481
  9
$TDUSRTIMER
 40
0.0284606481
  9
$USRTIMER
 70
     1
  9
$ANGBASE
 50
0.0
  9
$ANGDIR
 70
     0
  9
$PDMODE
 70
     0
  9
$PDSIZE
 40
0.0
  9
$PLINEWID
 40
0.0
  9
$SPLFRAME
 70
     0
  9
$SPLINETYPE
 70
     6
  9
$SPLINESEGS
 70
     8
  9
$HANDSEED
  5
7B4
  9
$SURFTAB1
 70
     6
  9
$SURFTAB2
 70
     6
  9
$SURFTYPE
 70
     6
  9
$SURFU
 70
     6
  9
$SURFV
 70
     6
  9
$UCSBASE
  2

  9
$UCSNAME
  2

  9
$UCSORG
 10
0.0
 20
0.0
 30
0.0
  9
$UCSXDIR
 10
1.0
 20
0.0
 30
0.0
  9
$UCSYDIR
 10
0.0
 20
1.0
 30
0.0
  9
$UCSORTHOREF
  2

  9
$UCSORTHOVIEW
 70
     0
  9
$UCSORGTOP
 10
0.0
 20
0.0
 30
0.0
  9
$UCSORGBOTTOM
 10
0.0
 20
0.0
 30
0.0
  9
$UCSORGLEFT
 10
0.0
 20
0.0
 30
0.0
  9
$UCSORGRIGHT
 10
0.0
 20
0.0
 30
0.0
  9
$UCSORGFRONT
 10
0.0
 20
0.0
 30
0.0
  9
$UCSORGBACK
 10
0.0
 20
0.0
 30
0.0
  9
$PUCSBASE
  2

  9
$PUCSNAME
  2

  9
$PUCSORG
 10
0.0
 20
0.0
 30
0.0
  9
$PUCSXDIR
 10
1.0
 20
0.0
 30
0.0
  9
$PUCSYDIR
 10
0.0
 20
1.0
 30
0.0
  9
$PUCSORTHOREF
  2

  9
$PUCSORTHOVIEW
 70
     0
  9
$PUCSORGTOP
 10
0.0
 20
0.0
 30
0.0
  9
$PUCSORGBOTTOM
 10
0.0
 20
0.0
 30
0.0
  9
$PUCSORGLEFT
 10
0.0
 20
0.0
 30
0.0
  9
$PUCSORGRIGHT
 10
0.0
 20
0.0
 30
0.0
  9
$PUCSORGFRONT
 10
0.0
 20
0.0
 30
0.0
  9
$PUCSORGBACK
 10
0.0
 20
0.0
 30
0.0
  9
$USERI1
 70
     0
  9
$USERI2
 70
     0
  9
$USERI3
 70
     0
  9
$USERI4
 70
     0
  9
$USERI5
 70
     0
  9
$USERR1
 40
0.0
  9
$USERR2
 40
0.0
  9
$USERR3
 40
0.0
  9
$USERR4
 40
0.0
  9
$USERR5
 40
0.0
  9
$WORLDVIEW
 70
     1
  9
$SHADEDGE
 70
     3
  9
$SHADEDIF
 70
    70
  9
$TILEMODE
 70
     1
  9
$MAXACTVP
 70
    64
  9
$PINSBASE
 10
0.0
 20
0.0
 30
0.0
  9
$PLIMCHECK
 70
     0
  9
$PEXTMIN
 10
20.76884200533789
 20
102.9849099062627
 30
-0.0015258207003583
  9
$PEXTMAX
 10
317.8025497169167
 20
313.0095527307103
 30
0.0000000349246037
  9
$PLIMMIN
 10
20.76884200533789
 20
102.9849099062627
  9
$PLIMMAX
 10
317.9612673821897
 20
313.1209682535316
  9
$UNITMODE
 70
     0
  9
$VISRETAIN
 70
     1
  9
$PLINEGEN
 70
     0
  9
$PSLTSCALE
 70
     0
  9
$TREEDEPTH
 70
  3020
  9
$CMLSTYLE
  2
Standard
  9
$CMLJUST
 70
     0
  9
$CMLSCALE
 40
1.0
  9
$PROXYGRAPHICS
 70
     1
  9
$MEASUREMENT
 70
     1
  9
$CELWEIGHT
370
    -1
  9
$ENDCAPS
280
     0
  9
$JOINSTYLE
280
     0
  9
$LWDISPLAY
290
     0
  9
$INSUNITS
 70
     4
  9
$HYPERLINKBASE
  1

  9
$STYLESHEET
  1

  9
$XEDIT
290
     1
  9
$CEPSNTYPE
380
     0
  9
$PSTYLEMODE
290
     1
  9
$FINGERPRINTGUID
  2
{4F2AF71F-3B8F-F642-8FA9-B2B7AFB31CC9}
  9
$VERSIONGUID
  2
{50B5C40D-8980-2B45-8A2E-0A0608A06208}
  9
$EXTNAMES
290
     1
  9
$PSVPSCALE
 40
0.0
  9
$OLESTARTUP
290
     0
  9
$SORTENTS
280
   127
  9
$INDEXCTL
280
     0
  9
$HIDETEXT
280
     1
  9
$XCLIPFRAME
280
     2
  9
$HALOGAP
280
     0
  9
$OBSCOLOR
 70
   257
  9
$OBSLTYPE
280
     0
  9
$INTERSECTIONDISPLAY
280
     0
  9
$INTERSECTIONCOLOR
 70
   257
  9
$DIMASSOC
280
     2
  9
$PROJECTNAME
  1

  9
$CAMERADISPLAY
290
     0
  9
$LENSLENGTH
 40
50.0
  9
$CAMERAHEIGHT
 40
0.0
  9
$STEPSPERSEC
 40
2.0
  9
$STEPSIZE
 40
6.0
  9
$3DDWFPREC
 40
2.0
  9
$PSOLWIDTH
 40
0.25
  9
$PSOLHEIGHT
 40
4.0
  9
$LOFTANG1
 40
1.570796326794896
  9
$LOFTANG2
 40
1.570796326794896
  9
$LOFTMAG1
 40
0.0
  9
$LOFTMAG2
 40
0.0
  9
$LOFTPARAM
 70
     7
  9
$LOFTNORMALS
280
     1
  9
$LATITUDE
 40
0.0
  9
$LONGITUDE
 40
0.0
  9
$NORTHDIRECTION
 40
0.0
  9
$TIMEZONE
 70
     0
  9
$LIGHTGLYPHDISPLAY
280
     1
  9
$TILEMODELIGHTSYNCH
280
     1
  9
$CMATERIAL
347
11
  9
$SOLIDHIST
280
     0
  9
$SHOWHIST
280
     1
  9
$DWFFRAME
280
     2
  9
$DGNFRAME
280
     0
  9
$REALWORLDSCALE
290
     1
  9
$INTERFERECOLOR
 62
     1
  9
$INTERFEREOBJVS
345
33
  9
$INTERFEREVPVS
346
30
  9
$CSHADOW
280
     0
  9
$SHADOWPLANELOCATION
 40
0.0
  0
ENDSEC
  0
SECTION
  2
CLASSES
  0
CLASS
  1
ACDBDICTIONARYWDFLT
  2
AcDbDictionaryWithDefault
  3
ObjectDBX Classes
 90
        0
 91
        1
280
     0
281
     0
  0
CLASS
  1
MATERIAL
  2
AcDbMaterial
  3
ObjectDBX Classes
 90
     1153
 91
        3
280
     0
281
     0
  0
CLASS
  1
VISUALSTYLE
  2
AcDbVisualStyle
  3
ObjectDBX Classes
 90
     4095
 91
       24
280
     0
281
     0
  0
CLASS
  1
SCALE
  2
AcDbScale
  3
ObjectDBX Classes
 90
     1153
 91
       17
280
     0
281
     0
  0
CLASS
  1
TABLESTYLE
  2
AcDbTableStyle
  3
ObjectDBX Classes
 90
     4095
 91
        1
280
     0
281
     0
  0
CLASS
  1
MLEADERSTYLE
  2
AcDbMLeaderStyle
  3
ACDB_MLEADERSTYLE_CLASS
 90
     4095
 91
        1
280
     0
281
     0
  0
CLASS
  1
ACDBSECTIONVIEWSTYLE
  2
AcDbSectionViewStyle
  3
ObjectDBX Classes
 90
     1025
 91
        2
280
     0
281
     0
  0
CLASS
  1
ACDBDETAILVIEWSTYLE
  2
AcDbDetailViewStyle
  3
ObjectDBX Classes
 90
     1025
 91
        2
280
     0
281
     0
  0
CLASS
  1
RASTERVARIABLES
  2
AcDbRasterVariables
  3
ISM
 90
        0
 91
        1
280
     0
281
     0
  0
CLASS
  1
DICTIONARYVAR
  2
AcDbDictionaryVar
  3
ObjectDBX Classes
 90
        0
 91
        5
280
     0
281
     0
  0
CLASS
  1
SORTENTSTABLE
  2
AcDbSortentsTable
  3
ObjectDBX Classes
 90
        0
 91
        1
280
     0
281
     0
  0
CLASS
  1
SUN
  2
AcDbSun
  3
SCENEOE
 90
     1153
 91
        1
280
     0
281
     0
  0
CLASS
  1
RAPIDRTRENDERSETTINGS
  2
AcDbRapidRTRenderSettings
  3
ObjectDBX Classes
 90
     1024
 91
        7
280
     0
281
     0
  0
CLASS
  1
CELLSTYLEMAP
  2
AcDbCellStyleMap
  3
ObjectDBX Classes
 90
     1152
 91
        1
280
     0
281
     0
  0
ENDSEC
  0
SECTION
  2
TABLES
  0
TABLE
  2
VPORT
  5
8
330
0
100
AcDbSymbolTable
 70
     1
  0
VPORT
  5
57
330
8
100
AcDbSymbolTableRecord
100
AcDbViewportTableRecord
  2
*Active
 70
     0
 10
0.0
 20
0.0
 11
1.0
 21
1.0
 12
-69503.6165942691
 22
2342.879943575677
 13
0.0
 23
0.0
 14
1.0
 24
1.0
 15
0.0
 25
0.0
 16
0.0
 26
0.0
 36
1.0
 17
0.0
 27
0.0
 37
0.0
 40
14816.35124042542
 41
2.531208499335989
 42
50.0
 43
0.0
 44
0.0
 50
0.0
 51
0.0
 71
     0
 72
  1000
 73
     1
 74
     1
 75
     0
 76
     0
 77
     0
 78
     0
281
     0
 65
     1
110
0.0
120
0.0
130
0.0
111
1.0
121
0.0
131
0.0
112
0.0
122
1.0
132
0.0
 79
     0
146
0.0
348
2F
 60
     3
 61
     5
292
     1
282
     1
141
0.0
142
0.0
 63
   250
421
  3355443
361
69D
1001
ACAD_NAV_VCDISPLAY
1070
     3
  0
ENDTAB
  0
TABLE
  2
LTYPE
  5
5
330
0
100
AcDbSymbolTable
 70
     1
  0
LTYPE
  5
5B
330
5
100
AcDbSymbolTableRecord
100
AcDbLinetypeTableRecord
  2
ByBlock
 70
     0
  3

 72
    65
 73
     0
 40
0.0
  0
LTYPE
  5
5C
330
5
100
AcDbSymbolTableRecord
100
AcDbLinetypeTableRecord
  2
ByLayer
 70
     0
  3

 72
    65
 73
     0
 40
0.0
  0
LTYPE
  5
5D
330
5
100
AcDbSymbolTableRecord
100
AcDbLinetypeTableRecord
  2
Continuous
 70
     0
  3
Solid line
 72
    65
 73
     0
 40
0.0
  0
ENDTAB
  0
TABLE
  2
LAYER
  5
2
102
{ACAD_XDICTIONARY
360
6BA
102
}
330
0
100
AcDbSymbolTable
 70
     6
  0
LAYER
  5
54
330
2
100
AcDbSymbolTableRecord
100
AcDbLayerTableRecord
  2
0
 70
     0
 62
   250
  6
Continuous
370
    25
390
F
347
21
348
0
  0
LAYER
  5
686
330
2
100
AcDbSymbolTableRecord
100
AcDbLayerTableRecord
  2
A-JAN-___-___-EXI
 70
     0
 62
   250
  6
Continuous
370
    25
390
F
347
21
348
0
  0
LAYER
  5
68C
330
2
100
AcDbSymbolTableRecord
100
AcDbLayerTableRecord
  2
A-POR-___-___-EXI
 70
     0
 62
   250
  6
Continuous
370
    25
390
F
347
21
348
0
  0
LAYER
  5
68E
330
2
100
AcDbSymbolTableRecord
100
AcDbLayerTableRecord
  2
A-COB-___-___-EXI
 70
     0
 62
   250
  6
Continuous
370
    13
390
F
347
21
348
0
  0
LAYER
  5
77E
330
2
100
AcDbSymbolTableRecord
100
AcDbLayerTableRecord
  2
A-ALV-___-___-EXI
 70
     0
 62
   250
  6
Continuous
370
    35
390
F
347
21
348
0
1001
AcAecLayerStandard
1000

1000

1001
AcCmTransparency
1071
        0
  0
LAYER
  5
781
330
2
100
AcDbSymbolTableRecord
100
AcDbLayerTableRecord
  2
A-BAS-___-___-EXI
 70
     0
 62
   250
  6
Continuous
370
    25
390
F
347
21
348
0
1001
AcAecLayerStandard
1000

1000

1001
AcCmTransparency
1071
        0
  0
ENDTAB
  0
TABLE
  2
STYLE
  5
3
330
0
100
AcDbSymbolTable
 70
     2
  0
STYLE
  5
55
330
3
100
AcDbSymbolTableRecord
100
AcDbTextStyleTableRecord
  2
Standard
 70
     0
 40
0.0
 41
1.0
 50
0.0
 71
     0
 42
0.2
  3
txt
  4

  0
STYLE
  5
5A
330
3
100
AcDbSymbolTableRecord
100
AcDbTextStyleTableRecord
  2
Annotative
 70
     0
 40
0.0
 41
1.0
 50
0.0
 71
     0
 42
0.2
  3
txt
  4

1001
AcadAnnotative
1000
AnnotativeData
1002
{
1070
     1
1070
     1
1002
}
  0
ENDTAB
  0
TABLE
  2
VIEW
  5
6
330
0
100
AcDbSymbolTable
 70
     0
  0
ENDTAB
  0
TABLE
  2
UCS
  5
7
330
0
100
AcDbSymbolTable
 70
     0
  0
ENDTAB
  0
TABLE
  2
APPID
  5
9
330
0
100
AcDbSymbolTable
 70
     8
  0
APPID
  5
56
330
9
100
AcDbSymbolTableRecord
100
AcDbRegAppTableRecord
  2
ACAD
 70
     0
  0
APPID
  5
5E
330
9
100
AcDbSymbolTableRecord
100
AcDbRegAppTableRecord
  2
AcadAnnotative
 70
     0
  0
APPID
  5
78
330
9
100
AcDbSymbolTableRecord
100
AcDbRegAppTableRecord
  2
REVIT
 70
     0
  0
APPID
  5
6AD
330
9
100
AcDbSymbolTableRecord
100
AcDbRegAppTableRecord
  2
ACAD_PSEXT
 70
     0
  0
APPID
  5
776
330
9
100
AcDbSymbolTableRecord
100
AcDbRegAppTableRecord
  2
ACAD_NAV_VCDISPLAY
 70
     0
  0
APPID
  5
77F
330
9
100
AcDbSymbolTableRecord
100
AcDbRegAppTableRecord
  2
AcAecLayerStandard
 70
     0
  0
APPID
  5
780
330
9
100
AcDbSymbolTableRecord
100
AcDbRegAppTableRecord
  2
AcCmTransparency
 70
     0
  0
APPID
  5
78E
330
9
100
AcDbSymbolTableRecord
100
AcDbRegAppTableRecord
  2
ACAD_EXEMPT_FROM_CAD_STANDARDS
 70
     0
  0
ENDTAB
  0
TABLE
  2
DIMSTYLE
  5
A
330
0
100
AcDbSymbolTable
 70
     2
100
AcDbDimStyleTable
 71
     0
  0
DIMSTYLE
105
58
330
A
100
AcDbSymbolTableRecord
100
AcDbDimStyleTableRecord
  2
Standard
 70
     0
340
55
  0
DIMSTYLE
105
59
330
A
100
AcDbSymbolTableRecord
100
AcDbDimStyleTableRecord
  2
Annotative
 70
     0
340
55
1001
AcadAnnotative
1000
AnnotativeData
1002
{
1070
     1
1070
     1
1002
}
  0
ENDTAB
  0
TABLE
  2
BLOCK_RECORD
  5
1
330
0
100
AcDbSymbolTable
 70
     1
  0
BLOCK_RECORD
  5
70
102
{ACAD_XDICTIONARY
360
69B
102
}
330
1
100
AcDbSymbolTableRecord
100
AcDbBlockTableRecord
  2
*Model_Space
340
73
 70
     0
280
     1
281
     0
  0
BLOCK_RECORD
  5
6C
330
1
100
AcDbSymbolTableRecord
100
AcDbBlockTableRecord
  2
*Paper_Space
340
6F
 70
     0
280
     1
281
     0
  0
BLOCK_RECORD
  5
68D
330
1
100
AcDbSymbolTableRecord
100
AcDbBlockTableRecord
  2
A4 HORIZONTAL - A4-23007375-Não nomeada
340
0
102
{BLKREFS
331
695
102
}
 70
     0
280
     1
281
     0
  0
ENDTAB
  0
ENDSEC
  0
SECTION
  2
BLOCKS
  0
BLOCK
  5
71
330
70
100
AcDbEntity
  8
0
100
AcDbBlockBegin
  2
*Model_Space
 70
     0
 10
0.0
 20
0.0
 30
0.0
  3
*Model_Space
  1

  0
ENDBLK
  5
72
330
70
100
AcDbEntity
  8
0
100
AcDbBlockEnd
  0
BLOCK
  5
6D
330
6C
100
AcDbEntity
 67
     1
  8
0
100
AcDbBlockBegin
  2
*Paper_Space
 70
     0
 10
0.0
 20
0.0
 30
0.0
  3
*Paper_Space
  1

  0
ENDBLK
  5
6E
330
6C
100
AcDbEntity
 67
     1
  8
0
100
AcDbBlockEnd
  0
BLOCK
  5
693
330
68D
100
AcDbEntity
  8
0
100
AcDbBlockBegin
  2
A4 HORIZONTAL - A4-23007375-Não nomeada
 70
     0
 10
0.0
 20
0.0
 30
0.0
  3
A4 HORIZONTAL - A4-23007375-Não nomeada
  1

  0
LINE
  5
68F
330
68D
100
AcDbEntity
  8
A-COB-___-___-EXI
100
AcDbLine
 10
317.7928507088368
 20
312.9999999999862
 30
0.0
 11
20.7928507088368
 21
312.9999999999856
 31
0.0
1001
REVIT
1002
{
1070
     1
1000
23005958
1002
}
1002
{
1070
     5
1000
23007375
1002
}
1002
{
1070
     3
1000
-2000281
1002
}
  0
LINE
  5
690
330
68D
100
AcDbEntity
  8
A-COB-___-___-EXI
100
AcDbLine
 10
20.7928507088368
 20
312.9999999999856
 30
0.0
 11
20.7928507088372
 21
102.9999999999856
 31
0.0
1001
REVIT
1002
{
1070
     1
1000
23005958
1002
}
1002
{
1070
     5
1000
23007375
1002
}
1002
{
1070
     3
1000
-2000281
1002
}
  0
LINE
  5
691
330
68D
100
AcDbEntity
  8
A-COB-___-___-EXI
100
AcDbLine
 10
20.7928507088372
 20
102.9999999999855
 30
0.0
 11
317.7928507088372
 21
102.9999999999861
 31
0.0
1001
REVIT
1002
{
1070
     1
1000
23005958
1002
}
1002
{
1070
     5
1000
23007375
1002
}
1002
{
1070
     3
1000
-2000281
1002
}
  0
LINE
  5
692
330
68D
100
AcDbEntity
  8
A-COB-___-___-EXI
100
AcDbLine
 10
317.7928507088372
 20
102.9999999999861
 30
0.0
 11
317.7928507088368
 21
312.9999999999862
 31
0.0
1001
REVIT
1002
{
1070
     1
1000
23005958
1002
}
1002
{
1070
     5
1000
23007375
1002
}
1002
{
1070
     3
1000
-2000281
1002
}
  0
ENDBLK
  5
694
330
68D
100
AcDbEntity
  8
0
100
AcDbBlockEnd
  0
ENDSEC
  0
SECTION
  2
ENTITIES
  0
HATCH
  5
93
330
70
100
AcDbEntity
  8
A-ALV-___-___-EXI
 62
    11
100
AcDbHatch
 10
0.0
 20
0.0
 30
0.0
210
0.0
220
0.0
230
1.0
  2
SOLID
 70
     1
 71
     0
 91
        4
 92
        1
 93
        4
 72
     1
 10
-66551.95054959024
 20
2756.391882680139
 11
-66245.37989252455
 21
2756.391882680139
 72
     1
 10
-66245.37989252455
 20
2756.391882680139
 11
-66245.37989252455
 21
5356.391882680146
 72
     1
 10
-66245.37989252455
 20
5356.391882680146
 11
-66551.95054959024
 21
5356.391882680146
 72
     1
 10
-66551.95054959024
 20
5356.391882680146
 11
-66551.95054959024
 21
2756.391882680139
 97
        0
 92
        1
 93
        4
 72
     1
 10
-63196.05496003129
 20
2756.391882680139
 11
-63196.05496003129
 21
5356.391882680146
 72
     1
 10
-63196.05496003129
 20
5356.391882680146
 11
-63514.32678721402
 21
5356.391882680146
 72
     1
 10
-63514.32678721402
 20
5356.391882680146
 11
-63514.32678721402
 21
2756.391882680139
 72
     1
 10
-63514.32678721402
 20
2756.391882680139
 11
-63196.05496003129
 21
2756.391882680139
 97
        0
 92
        1
 93
        4
 72
     1
 10
-75746.73002753805
 20
2756.391882680139
 11
-75746.73002753805
 21
5356.391882680146
 72
     1
 10
-75746.73002753805
 20
5356.391882680146
 11
-76046.27998253355
 21
5356.391882680146
 72
     1
 10
-76046.27998253355
 20
5356.391882680146
 11
-76046.27998253355
 21
2756.391882680139
 72
     1
 10
-76046.27998253355
 20
2756.391882680139
 11
-75746.73002753805
 21
2756.391882680139
 97
        0
 92
        1
 93
        4
 72
     1
 10
-72128.72822735803
 20
4860.26226971885
 11
-71847.90014454974
 21
4860.26226971885
 72
     1
 10
-71847.90014454974
 20
4860.26226971885
 11
-71847.90014454974
 21
5356.391882680146
 72
     1
 10
-71847.90014454974
 20
5356.391882680146
 11
-72128.72822735803
 21
5356.391882680146
 72
     1
 10
-72128.72822735803
 20
5356.391882680146
 11
-72128.72822735803
 21
4860.26226971885
 97
        0
 75
     0
 76
     1
 98
        1
 10
0.0
 20
0.0
450
        0
451
        0
460
0.0
461
0.0
452
        0
462
0.0
453
        0
470

1001
REVIT
1002
{
1070
     1
1000
22984326
1002
}
1002
{
1070
     5
1000
383807
1002
}
1002
{
1070
     2
1000
-2002000
1002
}
  0
HATCH
  5
B0
330
70
100
AcDbEntity
  8
A-COB-___-___-EXI
 62
    33
420
 12688002
100
AcDbHatch
 10
0.0
 20
0.0
 30
0.0
210
0.0
220
0.0
230
1.0
  2
SOLID
 70
     1
 71
     0
 91
        7
 92
        1
 93
        4
 72
     1
 10
-71847.90014454974
 20
4811.117355227398
 11
-71847.90014454974
 21
4860.26226971885
 72
     1
 10
-71847.90014454974
 20
4860.26226971885
 11
-72128.72822735803
 21
4860.26226971885
 72
     1
 10
-72128.72822735803
 20
4860.26226971885
 11
-72128.72822735803
 21
4811.117355227398
 72
     1
 10
-72128.72822735803
 20
4811.117355227398
 11
-71847.90014454974
 21
4811.117355227398
 97
        0
 92
        1
 93
        4
 72
     1
 10
-69283.00365490078
 20
5950.811324624339
 11
-69283.00365490078
 21
6166.112854777354
 72
     1
 10
-69283.00365490078
 20
6166.112854777354
 11
-69402.3555900943
 21
6166.112854777354
 72
     1
 10
-69402.3555900943
 20
6166.112854777354
 11
-69402.3555900943
 21
5950.811324624339
 72
     1
 10
-69402.3555900943
 20
5950.811324624339
 11
-69283.00365490078
 21
5950.811324624339
 97
        0
 92
        1
 93
        4
 72
     1
 10
-71932.14856939222
 20
5950.811324624339
 11
-71932.14856939222
 21
6166.112854777354
 72
     1
 10
-71932.14856939222
 20
6166.112854777354
 11
-72051.50050458575
 21
6166.112854777354
 72
     1
 10
-72051.50050458575
 20
6166.112854777354
 11
-72051.50050458575
 21
5950.811324624339
 72
     1
 10
-72051.50050458575
 20
5950.811324624339
 11
-71932.14856939222
 21
5950.811324624339
 97
        0
 92
        1
 93
        4
 72
     1
 10
-66633.85874040932
 20
5950.811324624339
 11
-66633.85874040932
 21
6166.112854777354
 72
     1
 10
-66633.85874040932
 20
6166.112854777354
 11
-66755.55090962626
 21
6166.112854777354
 72
     1
 10
-66755.55090962626
 20
6166.112854777354
 11
-66755.55090962626
 21
5950.811324624339
 72
     1
 10
-66755.55090962626
 20
5950.811324624339
 11
-66633.85874040932
 21
5950.811324624339
 97
        0
 92
        1
 93
        4
 72
     1
 10
-71932.14856939222
 20
6524.168660357914
 11
-71932.14856939222
 21
6704.366680159896
 72
     1
 10
-71932.14856939222
 20
6704.366680159896
 11
-72051.50050458575
 21
6704.366680159896
 72
     1
 10
-72051.50050458575
 20
6704.366680159896
 11
-72051.50050458575
 21
6524.168660357914
 72
     1
 10
-72051.50050458575
 20
6524.168660357914
 11
-71932.14856939222
 21
6524.168660357914
 97
        0
 92
        1
 93
        4
 72
     1
 10
-69283.00365490078
 20
6524.168660357914
 11
-69283.00365490078
 21
6704.366680159896
 72
     1
 10
-69283.00365490078
 20
6704.366680159896
 11
-69402.3555900943
 21
6704.366680159896
 72
     1
 10
-69402.3555900943
 20
6704.366680159896
 11
-69402.3555900943
 21
6524.168660357914
 72
     1
 10
-69402.3555900943
 20
6524.168660357914
 11
-69283.00365490078
 21
6524.168660357914
 97
        0
 92
        1
 93
        4
 72
     1
 10
-66633.85874040932
 20
6524.168660357914
 11
-66633.85874040932
 21
6704.366680159896
 72
     1
 10
-66633.85874040932
 20
6704.366680159896
 11
-66755.55090962626
 21
6704.366680159896
 72
     1
 10
-66755.55090962626
 20
6704.366680159896
 11
-66755.55090962626
 21
6524.168660357914
 72
     1
 10
-66755.55090962626
 20
6524.168660357914
 11
-66633.85874040932
 21
6524.168660357914
 97
        0
 75
     0
 76
     1
 98
        1
 10
0.0
 20
0.0
450
        0
451
        0
460
0.0
461
0.0
452
        0
462
0.0
453
        0
470

1001
REVIT
1002
{
1070
     1
1000
22984499
1002
}
1002
{
1070
     2
1000
-2002000
1002
}
  0
HATCH
  5
B5
330
70
100
AcDbEntity
  8
A-BAS-___-___-EXI
 62
   253
420
 13342872
100
AcDbHatch
 10
0.0
 20
0.0
 30
0.0
210
0.0
220
0.0
230
1.0
  2
SOLID
 70
     1
 71
     0
 91
        1
 92
        1
 93
        4
 72
     1
 10
-62305.77681758689
 20
2461.267184579086
 11
-62305.77681758689
 21
2756.391882680139
 72
     1
 10
-62305.77681758689
 20
2756.391882680139
 11
-76809.91589043452
 21
2756.391882680139
 72
     1
 10
-76809.91589043452
 20
2756.391882680139
 11
-76809.91589043452
 21
2461.267184579086
 72
     1
 10
-76809.91589043452
 20
2461.267184579086
 11
-62305.77681758689
 21
2461.267184579086
 97
        0
 75
     0
 76
     1
 98
        1
 10
0.0
 20
0.0
450
        0
451
        0
460
0.0
461
0.0
452
        0
462
0.0
453
        0
470

1001
REVIT
1002
{
1070
     1
1000
22984323
1002
}
1002
{
1070
     5
1000
383807
1002
}
1002
{
1070
     2
1000
-2002000
1002
}
  0
LINE
  5
C3
330
70
100
AcDbEntity
  8
A-COB-___-___-EXI
100
AcDbLine
 10
-66633.85874040925
 20
6524.168660357908
 30
0.0
 11
-66633.85874040925
 21
6704.366680159889
 31
0.0
1001
REVIT
1002
{
1070
     1
1000
22984499
1002
}
1002
{
1070
     2
1000
-2000051
1002
}
1002
{
1070
     3
1000
-2000042
1002
}
  0
LINE
  5
CB
330
70
100
AcDbEntity
  8
A-COB-___-___-EXI
100
AcDbLine
 10
-69402.35559009423
 20
6704.366680159889
 30
0.0
 11
-69402.35559009423
 21
6524.168660357908
 31
0.0
1001
REVIT
1002
{
1070
     1
1000
22984499
1002
}
1002
{
1070
     2
1000
-2000051
1002
}
1002
{
1070
     3
1000
-2000042
1002
}
  0
LINE
  5
D3
330
70
100
AcDbEntity
  8
A-COB-___-___-EXI
100
AcDbLine
 10
-72051.50050458566
 20
6524.168660357908
 30
0.0
 11
-71932.14856939214
 21
6524.168660357908
 31
0.0
1001
REVIT
1002
{
1070
     1
1000
22984499
1002
}
1002
{
1070
     2
1000
-2000051
1002
}
1002
{
1070
     3
1000
-2000042
1002
}
  0
LINE
  5
D7
330
70
100
AcDbEntity
  8
A-COB-___-___-EXI
100
AcDbLine
 10
-72051.50050458566
 20
6166.11285477735
 30
0.0
 11
-72051.50050458566
 21
5950.811324624334
 31
0.0
1001
REVIT
1002
{
1070
     1
1000
22984499
1002
}
1002
{
1070
     2
1000
-2000051
1002
}
1002
{
1070
     3
1000
-2000042
1002
}
  0
LINE
  5
DF
330
70
100
AcDbEntity
  8
A-COB-___-___-EXI
100
AcDbLine
 10
-65365.45189972518
 20
5356.391882680139
 30
0.0
 11
-65365.45189972518
 21
6416.5178952814
 31
0.0
1001
REVIT
1002
{
1070
     1
1000
22987549
1002
}
1002
{
1070
     2
1000
-2000051
1002
}
1002
{
1070
     3
1000
22985857
1002
}
  0
LINE
  5
E0
330
70
100
AcDbEntity
  8
A-COB-___-___-EXI
100
AcDbLine
 10
-65262.48160269547
 20
5506.166860177891
 30
0.0
 11
-65262.48160269547
 21
6416.5178952814
 31
0.0
1001
REVIT
1002
{
1070
     1
1000
22987550
1002
}
1002
{
1070
     2
1000
-2000051
1002
}
1002
{
1070
     3
1000
22985857
1002
}
  0
LINE
  5
E1
330
70
100
AcDbEntity
  8
A-COB-___-___-EXI
100
AcDbLine
 10
-65342.04955949116
 20
5244.060649556828
 30
0.0
 11
-65365.45189972517
 21
5244.060649556828
 31
0.0
1001
REVIT
1002
{
1070
     1
1000
22987551
1002
}
1002
{
1070
     2
1000
-2000051
1002
}
1002
{
1070
     3
1000
22985857
1002
}
  0
LINE
  5
E2
330
70
100
AcDbEntity
  8
A-COB-___-___-EXI
100
AcDbLine
 10
-69535.74892942815
 20
6608.417085200392
 30
0.0
 11
-69535.74892942815
 21
6734.789722464118
 31
0.0
1001
REVIT
1002
{
1070
     1
1000
22987552
1002
}
1002
{
1070
     2
1000
-2000051
1002
}
1002
{
1070
     3
1000
22985857
1002
}
  0
LINE
  5
E3
330
70
100
AcDbEntity
  8
A-COB-___-___-EXI
100
AcDbLine
 10
-69535.74892942815
 20
6776.91393488536
 30
0.0
 11
-69535.74892942815
 21
6903.286572149088
 31
0.0
1001
REVIT
1002
{
1070
     1
1000
22987553
1002
}
1002
{
1070
     2
1000
-2000051
1002
}
1002
{
1070
     3
1000
22985857
1002
}
  0
LINE
  5
E4
330
70
100
AcDbEntity
  8
A-COB-___-___-EXI
100
AcDbLine
 10
-69371.93254779
 20
6872.863529844858
 30
0.0
 11
-69371.93254779
 21
6903.286572149088
 31
0.0
1001
REVIT
1002
{
1070
     1
1000
22987554
1002
}
1002
{
1070
     2
1000
-2000051
1002
}
1002
{
1070
     3
1000
22985857
1002
}
  0
LINE
  5
E5
330
70
100
AcDbEntity
  8
A-COB-___-___-EXI
100
AcDbLine
 10
-69217.47710224543
 20
5506.166860177891
 30
0.0
 11
-69217.47710224543
 21
5578.714114903362
 31
0.0
1001
REVIT
1002
{
1070
     1
1000
22987555
1002
}
1002
{
1070
     2
1000
-2000051
1002
}
1002
{
1070
     3
1000
22985857
1002
}
  0
LINE
  5
E6
330
70
100
AcDbEntity
  8
A-COB-___-___-EXI
100
AcDbLine
 10
-69217.47710224543
 20
6776.91393488536
 30
0.0
 11
-69217.47710224543
 21
6903.286572149088
 31
0.0
1001
REVIT
1002
{
1070
     1
1000
22987556
1002
}
1002
{
1070
     2
1000
-2000051
1002
}
1002
{
1070
     3
1000
22985857
1002
}
  0
LINE
  5
E7
330
70
100
AcDbEntity
  8
A-COB-___-___-EXI
100
AcDbLine
 10
-69217.47710224543
 20
5613.817625254397
 30
0.0
 11
-69217.47710224543
 21
5740.190262518123
 31
0.0
1001
REVIT
1002
{
1070
     1
1000
22987557
1002
}
1002
{
1070
     2
1000
-2000051
1002
}
1002
{
1070
     3
1000
22985857
1002
}
  0
LINE
  5
E8
330
70
100
AcDbEntity
  8
A-COB-___-___-EXI
100
AcDbLine
 10
-69217.47710224543
 20
6608.417085200392
 30
0.0
 11
-69217.47710224543
 21
6734.789722464118
 31
0.0
1001
REVIT
1002
{
1070
     1
1000
22987558
1002
}
1002
{
1070
     2
1000
-2000051
1002
}
1002
{
1070
     3
1000
22985857
1002
}
  0
LINE
  5
E9
330
70
100
AcDbEntity
  8
A-COB-___-___-EXI
100
AcDbLine
 10
-69217.47710224543
 20
5782.314474939366
 30
0.0
 11
-69217.47710224543
 21
5908.687112203091
 31
0.0
1001
REVIT
1002
{
1070
     1
1000
22987559
1002
}
1002
{
1070
     2
1000
-2000051
1002
}
1002
{
1070
     3
1000
22985857
1002
}
  0
LINE
  5
EA
330
70
100
AcDbEntity
  8
A-COB-___-___-EXI
100
AcDbLine
 10
-69217.47710224543
 20
6446.94093758563
 30
0.0
 11
-69217.47710224543
 21
6573.313574849357
 31
0.0
1001
REVIT
1002
{
1070
     1
1000
22987560
1002
}
1002
{
1070
     2
1000
-2000051
1002
}
1002
{
1070
     3
1000
22985857
1002
}
  0
LINE
  5
EB
330
70
100
AcDbEntity
  8
A-COB-___-___-EXI
100
AcDbLine
 10
-69217.47710224543
 20
5950.811324624334
 30
0.0
 11
-69217.47710224543
 21
6074.843727864656
 31
0.0
1001
REVIT
1002
{
1070
     1
1000
22987561
1002
}
1002
{
1070
     2
1000
-2000051
1002
}
1002
{
1070
     3
1000
22985857
1002
}
  0
LINE
  5
EC
330
70
100
AcDbEntity
  8
A-COB-___-___-EXI
100
AcDbLine
 10
-69217.47710224543
 20
6381.414384930365
 30
0.0
 11
-69217.47710224543
 21
6404.816725164389
 31
0.0
1001
REVIT
1002
{
1070
     1
1000
22987562
1002
}
1002
{
1070
     2
1000
-2000051
1002
}
1002
{
1070
     3
1000
22985857
1002
}
  0
LINE
  5
ED
330
70
100
AcDbEntity
  8
A-COB-___-___-EXI
100
AcDbLine
 10
-69217.47710224543
 20
6112.287472239096
 30
0.0
 11
-69217.47710224543
 21
6238.660109502823
 31
0.0
1001
REVIT
1002
{
1070
     1
1000
22987563
1002
}
1002
{
1070
     2
1000
-2000051
1002
}
1002
{
1070
     3
1000
22985857
1002
}
  0
LINE
  5
F1
330
70
100
AcDbEntity
  8
A-COB-___-___-EXI
100
AcDbLine
 10
-75891.82453698891
 20
5506.166860177891
 30
0.0
 11
-75891.82453698891
 21
5524.898715081842
 31
0.0
1001
REVIT
1002
{
1070
     1
1000
22987567
1002
}
1002
{
1070
     2
1000
-2000051
1002
}
1002
{
1070
     3
1000
22985857
1002
}
  0
LINE
  5
F2
330
70
100
AcDbEntity
  8
A-COB-___-___-EXI
100
AcDbLine
 10
-75735.02885742096
 20
5506.166860177891
 30
0.0
 11
-75735.02885742096
 21
5578.714114903362
 31
0.0
1001
REVIT
1002
{
1070
     1
1000
22987568
1002
}
1002
{
1070
     2
1000
-2000051
1002
}
1002
{
1070
     3
1000
22985857
1002
}
  0
LINE
  5
F3
330
70
100
AcDbEntity
  8
A-COB-___-___-EXI
100
AcDbLine
 10
-75573.55270980618
 20
5506.166860177891
 30
0.0
 11
-75573.55270980618
 21
5578.714114903362
 31
0.0
1001
REVIT
1002
{
1070
     1
1000
22987569
1002
}
1002
{
1070
     2
1000
-2000051
1002
}
1002
{
1070
     3
1000
22985857
1002
}
  0
LINE
  5
F4
330
70
100
AcDbEntity
  8
A-COB-___-___-EXI
100
AcDbLine
 10
-75573.55270980618
 20
5613.817625254397
 30
0.0
 11
-75573.55270980618
 21
5655.941837675641
 31
0.0
1001
REVIT
1002
{
1070
     1
1000
22987570
1002
}
1002
{
1070
     2
1000
-2000051
1002
}
1002
{
1070
     3
1000
22985857
1002
}
  0
LINE
  5
F5
330
70
100
AcDbEntity
  8
A-COB-___-___-EXI
100
AcDbLine
 10
-75416.75703023823
 20
5506.166860177891
 30
0.0
 11
-75416.75703023823
 21
5578.714114903362
 31
0.0
1001
REVIT
1002
{
1070
     1
1000
22987571
1002
}
1002
{
1070
     2
1000
-2000051
1002
}
1002
{
1070
     3
1000
22985857
1002
}
  0
LINE
  5
F6
330
70
100
AcDbEntity
  8
A-COB-___-___-EXI
100
AcDbLine
 10
-75416.75703023823
 20
5613.817625254397
 30
0.0
 11
-75416.75703023823
 21
5728.489092401112
 31
0.0
1001
REVIT
1002
{
1070
     1
1000
22987572
1002
}
1002
{
1070
     2
1000
-2000051
1002
}
1002
{
1070
     3
1000
22985857
1002
}
  0
LINE
  5
F7
330
70
100
AcDbEntity
  8
A-COB-___-___-EXI
100
AcDbLine
 10
-75255.28088262348
 20
5506.166860177891
 30
0.0
 11
-75255.28088262348
 21
5578.714114903362
 31
0.0
1001
REVIT
1002
{
1070
     1
1000
22987573
1002
}
1002
{
1070
     2
1000
-2000051
1002
}
1002
{
1070
     3
1000
22985857
1002
}
  0
LINE
  5
F8
330
70
100
AcDbEntity
  8
A-COB-___-___-EXI
100
AcDbLine
 10
-75255.28088262348
 20
5782.314474939366
 30
0.0
 11
-75255.28088262348
 21
5794.015645056378
 31
0.0
1001
REVIT
1002
{
1070
     1
1000
22987574
1002
}
1002
{
1070
     2
1000
-2000051
1002
}
1002
{
1070
     3
1000
22985857
1002
}
  0
LINE
  5
F9
330
70
100
AcDbEntity
  8
A-COB-___-___-EXI
100
AcDbLine
 10
-75255.28088262348
 20
5613.817625254397
 30
0.0
 11
-75255.28088262348
 21
5740.190262518123
 31
0.0
1001
REVIT
1002
{
1070
     1
1000
22987575
1002
}
1002
{
1070
     2
1000
-2000051
1002
}
1002
{
1070
     3
1000
22985857
1002
}
  0
LINE
  5
FA
330
70
100
AcDbEntity
  8
A-COB-___-___-EXI
100
AcDbLine
 10
-75100.82543707892
 20
5506.166860177891
 30
0.0
 11
-75100.82543707892
 21
5578.714114903362
 31
0.0
1001
REVIT
1002
{
1070
     1
1000
22987576
1002
}
1002
{
1070
     2
1000
-2000051
1002
}
1002
{
1070
     3
1000
22985857
1002
}
  0
LINE
  5
FB
330
70
100
AcDbEntity
  8
A-COB-___-___-EXI
100
AcDbLine
 10
-75100.82543707892
 20
5782.314474939366
 30
0.0
 11
-75100.82543707892
 21
5859.542197711643
 31
0.0
1001
REVIT
1002
{
1070
     1
1000
22987577
1002
}
1002
{
1070
     2
1000
-2000051
1002
}
1002
{
1070
     3
1000
22985857
1002
}
  0
LINE
  5
FC
330
70
100
AcDbEntity
  8
A-COB-___-___-EXI
100
AcDbLine
 10
-75100.82543707892
 20
5613.817625254397
 30
0.0
 11
-75100.82543707892
 21
5740.190262518123
 31
0.0
1001
REVIT
1002
{
1070
     1
1000
22987578
1002
}
1002
{
1070
     2
1000
-2000051
1002
}
1002
{
1070
     3
1000
22985857
1002
}
  0
LINE
  5
FD
330
70
100
AcDbEntity
  8
A-COB-___-___-EXI
100
AcDbLine
 10
-74939.34928946416
 20
5506.166860177891
 30
0.0
 11
-74939.34928946416
 21
5578.714114903362
 31
0.0
1001
REVIT
1002
{
1070
     1
1000
22987579
1002
}
1002
{
1070
     2
1000
-2000051
1002
}
1002
{
1070
     3
1000
22985857
1002
}
  0
LINE
  5
FE
330
70
100
AcDbEntity
  8
A-COB-___-___-EXI
100
AcDbLine
 10
-74939.34928946416
 20
5782.314474939366
 30
0.0
 11
-74939.34928946416
 21
5908.687112203091
 31
0.0
1001
REVIT
1002
{
1070
     1
1000
22987580
1002
}
1002
{
1070
     2
1000
-2000051
1002
}
1002
{
1070
     3
1000
22985857
1002
}
  0
LINE
  5
FF
330
70
100
AcDbEntity
  8
A-COB-___-___-EXI
100
AcDbLine
 10
-74939.34928946416
 20
5613.817625254397
 30
0.0
 11
-74939.34928946416
 21
5740.190262518123
 31
0.0
1001
REVIT
1002
{
1070
     1
1000
22987581
1002
}
1002
{
1070
     2
1000
-2000051
1002
}
1002
{
1070
     3
1000
22985857
1002
}
  0
LINE
  5
100
330
70
100
AcDbEntity
  8
A-COB-___-___-EXI
100
AcDbLine
 10
-74782.55360989621
 20
5506.166860177891
 30
0.0
 11
-74782.55360989621
 21
5578.714114903362
 31
0.0
1001
REVIT
1002
{
1070
     1
1000
22987582
1002
}
1002
{
1070
     2
1000
-2000051
1002
}
1002
{
1070
     3
1000
22985857
1002
}
  0
LINE
  5
101
330
70
100
AcDbEntity
  8
A-COB-___-___-EXI
100
AcDbLine
 10
-74782.55360989621
 20
5950.811324624334
 30
0.0
 11
-74782.55360989621
 21
5992.935537045575
 31
0.0
1001
REVIT
1002
{
1070
     1
1000
22987583
1002
}
1002
{
1070
     2
1000
-2000051
1002
}
1002
{
1070
     3
1000
22985857
1002
}
  0
LINE
  5
102
330
70
100
AcDbEntity
  8
A-COB-___-___-EXI
100
AcDbLine
 10
-74782.55360989621
 20
5613.817625254397
 30
0.0
 11
-74782.55360989621
 21
5740.190262518123
 31
0.0
1001
REVIT
1002
{
1070
     1
1000
22987584
1002
}
1002
{
1070
     2
1000
-2000051
1002
}
1002
{
1070
     3
1000
22985857
1002
}
  0
LINE
  5
103
330
70
100
AcDbEntity
  8
A-COB-___-___-EXI
100
AcDbLine
 10
-74782.55360989621
 20
5782.314474939366
 30
0.0
 11
-74782.55360989621
 21
5908.687112203091
 31
0.0
1001
REVIT
1002
{
1070
     1
1000
22987585
1002
}
1002
{
1070
     2
1000
-2000051
1002
}
1002
{
1070
     3
1000
22985857
1002
}
  0
LINE
  5
104
330
70
100
AcDbEntity
  8
A-COB-___-___-EXI
100
AcDbLine
 10
-74464.28178271348
 20
5506.166860177891
 30
0.0
 11
-74464.28178271348
 21
5578.714114903362
 31
0.0
1001
REVIT
1002
{
1070
     1
1000
22987586
1002
}
1002
{
1070
     2
1000
-2000051
1002
}
1002
{
1070
     3
1000
22985857
1002
}
  0
LINE
  5
105
330
70
100
AcDbEntity
  8
A-COB-___-___-EXI
100
AcDbLine
 10
-74464.28178271348
 20
6112.287472239096
 30
0.0
 11
-74464.28178271348
 21
6123.988642356108
 31
0.0
1001
REVIT
1002
{
1070
     1
1000
22987587
1002
}
1002
{
1070
     2
1000
-2000051
1002
}
1002
{
1070
     3
1000
22985857
1002
}
  0
LINE
  5
106
330
70
100
AcDbEntity
  8
A-COB-___-___-EXI
100
AcDbLine
 10
-74464.28178271348
 20
5613.817625254397
 30
0.0
 11
-74464.28178271348
 21
5740.190262518123
 31
0.0
1001
REVIT
1002
{
1070
     1
1000
22987588
1002
}
1002
{
1070
     2
1000
-2000051
1002
}
1002
{
1070
     3
1000
22985857
1002
}
  0
LINE
  5
107
330
70
100
AcDbEntity
  8
A-COB-___-___-EXI
100
AcDbLine
 10
-74464.28178271348
 20
5950.811324624334
 30
0.0
 11
-74464.28178271348
 21
6074.843727864656
 31
0.0
1001
REVIT
1002
{
1070
     1
1000
22987589
1002
}
1002
{
1070
     2
1000
-2000051
1002
}
1002
{
1070
     3
1000
22985857
1002
}
  0
LINE
  5
108
330
70
100
AcDbEntity
  8
A-COB-___-___-EXI
100
AcDbLine
 10
-74464.28178271348
 20
5782.314474939366
 30
0.0
 11
-74464.28178271348
 21
5908.687112203091
 31
0.0
1001
REVIT
1002
{
1070
     1
1000
22987590
1002
}
1002
{
1070
     2
1000
-2000051
1002
}
1002
{
1070
     3
1000
22985857
1002
}
  0
LINE
  5
109
330
70
100
AcDbEntity
  8
A-COB-___-___-EXI
100
AcDbLine
 10
-74302.80563509873
 20
5506.166860177891
 30
0.0
 11
-74302.80563509873
 21
5578.714114903362
 31
0.0
1001
REVIT
1002
{
1070
     1
1000
22987591
1002
}
1002
{
1070
     2
1000
-2000051
1002
}
1002
{
1070
     3
1000
22985857
1002
}
  0
LINE
  5
10A
330
70
100
AcDbEntity
  8
A-COB-___-___-EXI
100
AcDbLine
 10
-74302.80563509873
 20
6112.287472239096
 30
0.0
 11
-74302.80563509873
 21
6189.515195011372
 31
0.0
1001
REVIT
1002
{
1070
     1
1000
22987592
1002
}
1002
{
1070
     2
1000
-2000051
1002
}
1002
{
1070
     3
1000
22985857
1002
}
  0
LINE
  5
10B
330
70
100
AcDbEntity
  8
A-COB-___-___-EXI
100
AcDbLine
 10
-74302.80563509873
 20
5613.817625254397
 30
0.0
 11
-74302.80563509873
 21
5740.190262518123
 31
0.0
1001
REVIT
1002
{
1070
     1
1000
22987593
1002
}
1002
{
1070
     2
1000
-2000051
1002
}
1002
{
1070
     3
1000
22985857
1002
}
  0
LINE
  5
10C
330
70
100
AcDbEntity
  8
A-COB-___-___-EXI
100
AcDbLine
 10
-74302.80563509873
 20
5950.811324624334
 30
0.0
 11
-74302.80563509873
 21
6074.843727864656
 31
0.0
1001
REVIT
1002
{
1070
     1
1000
22987594
1002
}
1002
{
1070
     2
1000
-2000051
1002
}
1002
{
1070
     3
1000
22985857
1002
}
  0
LINE
  5
10D
330
70
100
AcDbEntity
  8
A-COB-___-___-EXI
100
AcDbLine
 10
-74302.80563509873
 20
5782.314474939366
 30
0.0
 11
-74302.80563509873
 21
5908.687112203091
 31
0.0
1001
REVIT
1002
{
1070
     1
1000
22987595
1002
}
1002
{
1070
     2
1000
-2000051
1002
}
1002
{
1070
     3
1000
22985857
1002
}
  0
LINE
  5
10E
330
70
100
AcDbEntity
  8
A-COB-___-___-EXI
100
AcDbLine
 10
-74148.35018955417
 20
5506.166860177891
 30
0.0
 11
-74148.35018955417
 21
5578.714114903362
 31
0.0
1001
REVIT
1002
{
1070
     1
1000
22987596
1002
}
1002
{
1070
     2
1000
-2000051
1002
}
1002
{
1070
     3
1000
22985857
1002
}
  0
LINE
  5
10F
330
70
100
AcDbEntity
  8
A-COB-___-___-EXI
100
AcDbLine
 10
-74148.35018955417
 20
6112.287472239096
 30
0.0
 11
-74148.35018955417
 21
6238.660109502823
 31
0.0
1001
REVIT
1002
{
1070
     1
1000
22987597
1002
}
1002
{
1070
     2
1000
-2000051
1002
}
1002
{
1070
     3
1000
22985857
1002
}
  0
LINE
  5
110
330
70
100
AcDbEntity
  8
A-COB-___-___-EXI
100
AcDbLine
 10
-74148.35018955417
 20
5613.817625254397
 30
0.0
 11
-74148.35018955417
 21
5740.190262518123
 31
0.0
1001
REVIT
1002
{
1070
     1
1000
22987598
1002
}
1002
{
1070
     2
1000
-2000051
1002
}
1002
{
1070
     3
1000
22985857
1002
}
  0
LINE
  5
111
330
70
100
AcDbEntity
  8
A-COB-___-___-EXI
100
AcDbLine
 10
-74148.35018955417
 20
5950.811324624334
 30
0.0
 11
-74148.35018955417
 21
6074.843727864656
 31
0.0
1001
REVIT
1002
{
1070
     1
1000
22987599
1002
}
1002
{
1070
     2
1000
-2000051
1002
}
1002
{
1070
     3
1000
22985857
1002
}
  0
LINE
  5
112
330
70
100
AcDbEntity
  8
A-COB-___-___-EXI
100
AcDbLine
 10
-74148.35018955417
 20
5782.314474939366
 30
0.0
 11
-74148.35018955417
 21
5908.687112203091
 31
0.0
1001
REVIT
1002
{
1070
     1
1000
22987600
1002
}
1002
{
1070
     2
1000
-2000051
1002
}
1002
{
1070
     3
1000
22985857
1002
}
  0
LINE
  5
113
330
70
100
AcDbEntity
  8
A-COB-___-___-EXI
100
AcDbLine
 10
-73986.8740419394
 20
5506.166860177891
 30
0.0
 11
-73986.8740419394
 21
5578.714114903362
 31
0.0
1001
REVIT
1002
{
1070
     1
1000
22987601
1002
}
1002
{
1070
     2
1000
-2000051
1002
}
1002
{
1070
     3
1000
22985857
1002
}
  0
LINE
  5
114
330
70
100
AcDbEntity
  8
A-COB-___-___-EXI
100
AcDbLine
 10
-73986.8740419394
 20
6112.287472239096
 30
0.0
 11
-73986.8740419394
 21
6238.660109502823
 31
0.0
1001
REVIT
1002
{
1070
     1
1000
22987602
1002
}
1002
{
1070
     2
1000
-2000051
1002
}
1002
{
1070
     3
1000
22985857
1002
}
  0
LINE
  5
115
330
70
100
AcDbEntity
  8
A-COB-___-___-EXI
100
AcDbLine
 10
-73986.8740419394
 20
5613.817625254397
 30
0.0
 11
-73986.8740419394
 21
5740.190262518123
 31
0.0
1001
REVIT
1002
{
1070
     1
1000
22987603
1002
}
1002
{
1070
     2
1000
-2000051
1002
}
1002
{
1070
     3
1000
22985857
1002
}
  0
LINE
  5
116
330
70
100
AcDbEntity
  8
A-COB-___-___-EXI
100
AcDbLine
 10
-73986.8740419394
 20
5950.811324624334
 30
0.0
 11
-73986.8740419394
 21
6074.843727864656
 31
0.0
1001
REVIT
1002
{
1070
     1
1000
22987604
1002
}
1002
{
1070
     2
1000
-2000051
1002
}
1002
{
1070
     3
1000
22985857
1002
}
  0
LINE
  5
117
330
70
100
AcDbEntity
  8
A-COB-___-___-EXI
100
AcDbLine
 10
-73986.8740419394
 20
5782.314474939366
 30
0.0
 11
-73986.8740419394
 21
5908.687112203091
 31
0.0
1001
REVIT
1002
{
1070
     1
1000
22987605
1002
}
1002
{
1070
     2
1000
-2000051
1002
}
1002
{
1070
     3
1000
22985857
1002
}
  0
LINE
  5
118
330
70
100
AcDbEntity
  8
A-COB-___-___-EXI
100
AcDbLine
 10
-73830.07836237145
 20
5506.166860177891
 30
0.0
 11
-73830.07836237145
 21
5578.714114903362
 31
0.0
1001
REVIT
1002
{
1070
     1
1000
22987606
1002
}
1002
{
1070
     2
1000
-2000051
1002
}
1002
{
1070
     3
1000
22985857
1002
}
  0
LINE
  5
119
330
70
100
AcDbEntity
  8
A-COB-___-___-EXI
100
AcDbLine
 10
-73830.07836237145
 20
6381.414384930365
 30
0.0
 11
-73830.07836237145
 21
6393.068493668477
 31
0.0
1001
REVIT
1002
{
1070
     1
1000
22987607
1002
}
1002
{
1070
     2
1000
-2000051
1002
}
1002
{
1070
     3
1000
22985857
1002
}
  0
LINE
  5
11A
330
70
100
AcDbEntity
  8
A-COB-___-___-EXI
100
AcDbLine
 10
-73830.07836237145
 20
5613.817625254397
 30
0.0
 11
-73830.07836237145
 21
5740.190262518123
 31
0.0
1001
REVIT
1002
{
1070
     1
1000
22987608
1002
}
1002
{
1070
     2
1000
-2000051
1002
}
1002
{
1070
     3
1000
22985857
1002
}
  0
LINE
  5
11B
330
70
100
AcDbEntity
  8
A-COB-___-___-EXI
100
AcDbLine
 10
-73830.07836237145
 20
6112.287472239096
 30
0.0
 11
-73830.07836237145
 21
6238.660109502823
 31
0.0
1001
REVIT
1002
{
1070
     1
1000
22987609
1002
}
1002
{
1070
     2
1000
-2000051
1002
}
1002
{
1070
     3
1000
22985857
1002
}
  0
LINE
  5
11C
330
70
100
AcDbEntity
  8
A-COB-___-___-EXI
100
AcDbLine
 10
-73830.07836237145
 20
5782.314474939366
 30
0.0
 11
-73830.07836237145
 21
5908.687112203091
 31
0.0
1001
REVIT
1002
{
1070
     1
1000
22987610
1002
}
1002
{
1070
     2
1000
-2000051
1002
}
1002
{
1070
     3
1000
22985857
1002
}
  0
LINE
  5
11D
330
70
100
AcDbEntity
  8
A-COB-___-___-EXI
100
AcDbLine
 10
-73830.07836237145
 20
5950.811324624334
 30
0.0
 11
-73830.07836237145
 21
6074.843727864656
 31
0.0
1001
REVIT
1002
{
1070
     1
1000
22987611
1002
}
1002
{
1070
     2
1000
-2000051
1002
}
1002
{
1070
     3
1000
22985857
1002
}
  0
LINE
  5
11E
330
70
100
AcDbEntity
  8
A-COB-___-___-EXI
100
AcDbLine
 10
-73668.60221475669
 20
5506.166860177891
 30
0.0
 11
-73668.60221475669
 21
5578.714114903362
 31
0.0
1001
REVIT
1002
{
1070
     1
1000
22987612
1002
}
1002
{
1070
     2
1000
-2000051
1002
}
1002
{
1070
     3
1000
22985857
1002
}
  0
LINE
  5
11F
330
70
100
AcDbEntity
  8
A-COB-___-___-EXI
100
AcDbLine
 10
-73668.60221475669
 20
6446.94093758563
 30
0.0
 11
-73668.60221475669
 21
6458.642107702641
 31
0.0
1001
REVIT
1002
{
1070
     1
1000
22987613
1002
}
1002
{
1070
     2
1000
-2000051
1002
}
1002
{
1070
     3
1000
22985857
1002
}
  0
LINE
  5
120
330
70
100
AcDbEntity
  8
A-COB-___-___-EXI
100
AcDbLine
 10
-73668.60221475669
 20
5613.817625254397
 30
0.0
 11
-73668.60221475669
 21
5740.190262518123
 31
0.0
1001
REVIT
1002
{
1070
     1
1000
22987614
1002
}
1002
{
1070
     2
1000
-2000051
1002
}
1002
{
1070
     3
1000
22985857
1002
}
  0
LINE
  5
121
330
70
100
AcDbEntity
  8
A-COB-___-___-EXI
100
AcDbLine
 10
-73668.60221475669
 20
6381.414384930365
 30
0.0
 11
-73668.60221475669
 21
6404.816725164389
 31
0.0
1001
REVIT
1002
{
1070
     1
1000
22987615
1002
}
1002
{
1070
     2
1000
-2000051
1002
}
1002
{
1070
     3
1000
22985857
1002
}
  0
LINE
  5
122
330
70
100
AcDbEntity
  8
A-COB-___-___-EXI
100
AcDbLine
 10
-73668.60221475669
 20
5782.314474939366
 30
0.0
 11
-73668.60221475669
 21
5908.687112203091
 31
0.0
1001
REVIT
1002
{
1070
     1
1000
22987616
1002
}
1002
{
1070
     2
1000
-2000051
1002
}
1002
{
1070
     3
1000
22985857
1002
}
  0
LINE
  5
123
330
70
100
AcDbEntity
  8
A-COB-___-___-EXI
100
AcDbLine
 10
-73668.60221475669
 20
6112.287472239096
 30
0.0
 11
-73668.60221475669
 21
6238.660109502823
 31
0.0
1001
REVIT
1002
{
1070
     1
1000
22987617
1002
}
1002
{
1070
     2
1000
-2000051
1002
}
1002
{
1070
     3
1000
22985857
1002
}
  0
LINE
  5
124
330
70
100
AcDbEntity
  8
A-COB-___-___-EXI
100
AcDbLine
 10
-73668.60221475669
 20
5950.811324624334
 30
0.0
 11
-73668.60221475669
 21
6074.843727864656
 31
0.0
1001
REVIT
1002
{
1070
     1
1000
22987618
1002
}
1002
{
1070
     2
1000
-2000051
1002
}
1002
{
1070
     3
1000
22985857
1002
}
  0
LINE
  5
125
330
70
100
AcDbEntity
  8
A-COB-___-___-EXI
100
AcDbLine
 10
-73511.80653518873
 20
5506.166860177891
 30
0.0
 11
-73511.80653518873
 21
5578.714114903362
 31
0.0
1001
REVIT
1002
{
1070
     1
1000
22987619
1002
}
1002
{
1070
     2
1000
-2000051
1002
}
1002
{
1070
     3
1000
22985857
1002
}
  0
LINE
  5
126
330
70
100
AcDbEntity
  8
A-COB-___-___-EXI
100
AcDbLine
 10
-73511.80653518873
 20
6446.94093758563
 30
0.0
 11
-73511.80653518873
 21
6524.168660357908
 31
0.0
1001
REVIT
1002
{
1070
     1
1000
22987620
1002
}
1002
{
1070
     2
1000
-2000051
1002
}
1002
{
1070
     3
1000
22985857
1002
}
  0
LINE
  5
127
330
70
100
AcDbEntity
  8
A-COB-___-___-EXI
100
AcDbLine
 10
-73511.80653518873
 20
5613.817625254397
 30
0.0
 11
-73511.80653518873
 21
5740.190262518123
 31
0.0
1001
REVIT
1002
{
1070
     1
1000
22987621
1002
}
1002
{
1070
     2
1000
-2000051
1002
}
1002
{
1070
     3
1000
22985857
1002
}
  0
LINE
  5
128
330
70
100
AcDbEntity
  8
A-COB-___-___-EXI
100
AcDbLine
 10
-73511.80653518873
 20
6381.414384930365
 30
0.0
 11
-73511.80653518873
 21
6404.816725164389
 31
0.0
1001
REVIT
1002
{
1070
     1
1000
22987622
1002
}
1002
{
1070
     2
1000
-2000051
1002
}
1002
{
1070
     3
1000
22985857
1002
}
  0
LINE
  5
129
330
70
100
AcDbEntity
  8
A-COB-___-___-EXI
100
AcDbLine
 10
-73511.80653518873
 20
5782.314474939366
 30
0.0
 11
-73511.80653518873
 21
5908.687112203091
 31
0.0
1001
REVIT
1002
{
1070
     1
1000
22987623
1002
}
1002
{
1070
     2
1000
-2000051
1002
}
1002
{
1070
     3
1000
22985857
1002
}
  0
LINE
  5
12A
330
70
100
AcDbEntity
  8
A-COB-___-___-EXI
100
AcDbLine
 10
-73511.80653518873
 20
6112.287472239096
 30
0.0
 11
-73511.80653518873
 21
6238.660109502823
 31
0.0
1001
REVIT
1002
{
1070
     1
1000
22987624
1002
}
1002
{
1070
     2
1000
-2000051
1002
}
1002
{
1070
     3
1000
22985857
1002
}
  0
LINE
  5
12B
330
70
100
AcDbEntity
  8
A-COB-___-___-EXI
100
AcDbLine
 10
-73511.80653518873
 20
5950.811324624334
 30
0.0
 11
-73511.80653518873
 21
6074.843727864656
 31
0.0
1001
REVIT
1002
{
1070
     1
1000
22987625
1002
}
1002
{
1070
     2
1000
-2000051
1002
}
1002
{
1070
     3
1000
22985857
1002
}
  0
LINE
  5
12C
330
70
100
AcDbEntity
  8
A-COB-___-___-EXI
100
AcDbLine
 10
-73350.33038757398
 20
5506.166860177891
 30
0.0
 11
-73350.33038757398
 21
5578.714114903362
 31
0.0
1001
REVIT
1002
{
1070
     1
1000
22987626
1002
}
1002
{
1070
     2
1000
-2000051
1002
}
1002
{
1070
     3
1000
22985857
1002
}
  0
LINE
  5
12D
330
70
100
AcDbEntity
  8
A-COB-___-___-EXI
100
AcDbLine
 10
-73350.33038757398
 20
6446.94093758563
 30
0.0
 11
-73350.33038757398
 21
6573.313574849357
 31
0.0
1001
REVIT
1002
{
1070
     1
1000
22987627
1002
}
1002
{
1070
     2
1000
-2000051
1002
}
1002
{
1070
     3
1000
22985857
1002
}
  0
LINE
  5
12E
330
70
100
AcDbEntity
  8
A-COB-___-___-EXI
100
AcDbLine
 10
-73350.33038757398
 20
5613.817625254397
 30
0.0
 11
-73350.33038757398
 21
5740.190262518123
 31
0.0
1001
REVIT
1002
{
1070
     1
1000
22987628
1002
}
1002
{
1070
     2
1000
-2000051
1002
}
1002
{
1070
     3
1000
22985857
1002
}
  0
LINE
  5
12F
330
70
100
AcDbEntity
  8
A-COB-___-___-EXI
100
AcDbLine
 10
-73350.33038757398
 20
6381.414384930365
 30
0.0
 11
-73350.33038757398
 21
6404.816725164389
 31
0.0
1001
REVIT
1002
{
1070
     1
1000
22987629
1002
}
1002
{
1070
     2
1000
-2000051
1002
}
1002
{
1070
     3
1000
22985857
1002
}
  0
LINE
  5
130
330
70
100
AcDbEntity
  8
A-COB-___-___-EXI
100
AcDbLine
 10
-73350.33038757398
 20
5782.314474939366
 30
0.0
 11
-73350.33038757398
 21
5908.687112203091
 31
0.0
1001
REVIT
1002
{
1070
     1
1000
22987630
1002
}
1002
{
1070
     2
1000
-2000051
1002
}
1002
{
1070
     3
1000
22985857
1002
}
  0
LINE
  5
131
330
70
100
AcDbEntity
  8
A-COB-___-___-EXI
100
AcDbLine
 10
-73350.33038757398
 20
6112.287472239096
 30
0.0
 11
-73350.33038757398
 21
6238.660109502823
 31
0.0
1001
REVIT
1002
{
1070
     1
1000
22987631
1002
}
1002
{
1070
     2
1000
-2000051
1002
}
1002
{
1070
     3
1000
22985857
1002
}
  0
LINE
  5
132
330
70
100
AcDbEntity
  8
A-COB-___-___-EXI
100
AcDbLine
 10
-73350.33038757398
 20
5950.811324624334
 30
0.0
 11
-73350.33038757398
 21
6074.843727864656
 31
0.0
1001
REVIT
1002
{
1070
     1
1000
22987632
1002
}
1002
{
1070
     2
1000
-2000051
1002
}
1002
{
1070
     3
1000
22985857
1002
}
  0
LINE
  5
133
330
70
100
AcDbEntity
  8
A-COB-___-___-EXI
100
AcDbLine
 10
-73195.87494202941
 20
5506.166860177891
 30
0.0
 11
-73195.87494202941
 21
5578.714114903362
 31
0.0
1001
REVIT
1002
{
1070
     1
1000
22987633
1002
}
1002
{
1070
     2
1000
-2000051
1002
}
1002
{
1070
     3
1000
22985857
1002
}
  0
LINE
  5
134
330
70
100
AcDbEntity
  8
A-COB-___-___-EXI
100
AcDbLine
 10
-73195.87494202941
 20
6608.417085200392
 30
0.0
 11
-73195.87494202941
 21
6657.561999691842
 31
0.0
1001
REVIT
1002
{
1070
     1
1000
22987634
1002
}
1002
{
1070
     2
1000
-2000051
1002
}
1002
{
1070
     3
1000
22985857
1002
}
  0
LINE
  5
135
330
70
100
AcDbEntity
  8
A-COB-___-___-EXI
100
AcDbLine
 10
-73195.87494202941
 20
5613.817625254397
 30
0.0
 11
-73195.87494202941
 21
5740.190262518123
 31
0.0
1001
REVIT
1002
{
1070
     1
1000
22987635
1002
}
1002
{
1070
     2
1000
-2000051
1002
}
1002
{
1070
     3
1000
22985857
1002
}
  0
LINE
  5
136
330
70
100
AcDbEntity
  8
A-COB-___-___-EXI
100
AcDbLine
 10
-73195.87494202941
 20
6446.94093758563
 30
0.0
 11
-73195.87494202941
 21
6573.313574849357
 31
0.0
1001
REVIT
1002
{
1070
     1
1000
22987636
1002
}
1002
{
1070
     2
1000
-2000051
1002
}
1002
{
1070
     3
1000
22985857
1002
}
  0
LINE
  5
137
330
70
100
AcDbEntity
  8
A-COB-___-___-EXI
100
AcDbLine
 10
-73195.87494202941
 20
5782.314474939366
 30
0.0
 11
-73195.87494202941
 21
5908.687112203091
 31
0.0
1001
REVIT
1002
{
1070
     1
1000
22987637
1002
}
1002
{
1070
     2
1000
-2000051
1002
}
1002
{
1070
     3
1000
22985857
1002
}
  0
LINE
  5
138
330
70
100
AcDbEntity
  8
A-COB-___-___-EXI
100
AcDbLine
 10
-73195.87494202941
 20
6381.414384930365
 30
0.0
 11
-73195.87494202941
 21
6404.816725164389
 31
0.0
1001
REVIT
1002
{
1070
     1
1000
22987638
1002
}
1002
{
1070
     2
1000
-2000051
1002
}
1002
{
1070
     3
1000
22985857
1002
}
  0
LINE
  5
139
330
70
100
AcDbEntity
  8
A-COB-___-___-EXI
100
AcDbLine
 10
-73195.87494202941
 20
5950.811324624334
 30
0.0
 11
-73195.87494202941
 21
6074.843727864656
 31
0.0
1001
REVIT
1002
{
1070
     1
1000
22987639
1002
}
1002
{
1070
     2
1000
-2000051
1002
}
1002
{
1070
     3
1000
22985857
1002
}
  0
LINE
  5
13A
330
70
100
AcDbEntity
  8
A-COB-___-___-EXI
100
AcDbLine
 10
-73195.87494202941
 20
6112.287472239096
 30
0.0
 11
-73195.87494202941
 21
6238.660109502823
 31
0.0
1001
REVIT
1002
{
1070
     1
1000
22987640
1002
}
1002
{
1070
     2
1000
-2000051
1002
}
1002
{
1070
     3
1000
22985857
1002
}
  0
LINE
  5
13B
330
70
100
AcDbEntity
  8
A-COB-___-___-EXI
100
AcDbLine
 10
-73034.39879441465
 20
5506.166860177891
 30
0.0
 11
-73034.39879441465
 21
5578.714114903362
 31
0.0
1001
REVIT
1002
{
1070
     1
1000
22987641
1002
}
1002
{
1070
     2
1000
-2000051
1002
}
1002
{
1070
     3
1000
22985857
1002
}
  0
LINE
  5
13C
330
70
100
AcDbEntity
  8
A-COB-___-___-EXI
100
AcDbLine
 10
-73034.39879441465
 20
6608.417085200392
 30
0.0
 11
-73034.39879441465
 21
6723.088552347107
 31
0.0
1001
REVIT
1002
{
1070
     1
1000
22987642
1002
}
1002
{
1070
     2
1000
-2000051
1002
}
1002
{
1070
     3
1000
22985857
1002
}
  0
LINE
  5
13D
330
70
100
AcDbEntity
  8
A-COB-___-___-EXI
100
AcDbLine
 10
-73034.39879441465
 20
5613.817625254397
 30
0.0
 11
-73034.39879441465
 21
5740.190262518123
 31
0.0
1001
REVIT
1002
{
1070
     1
1000
22987643
1002
}
1002
{
1070
     2
1000
-2000051
1002
}
1002
{
1070
     3
1000
22985857
1002
}
  0
LINE
  5
13E
330
70
100
AcDbEntity
  8
A-COB-___-___-EXI
100
AcDbLine
 10
-73034.39879441465
 20
6446.94093758563
 30
0.0
 11
-73034.39879441465
 21
6573.313574849357
 31
0.0
1001
REVIT
1002
{
1070
     1
1000
22987644
1002
}
1002
{
1070
     2
1000
-2000051
1002
}
1002
{
1070
     3
1000
22985857
1002
}
  0
LINE
  5
13F
330
70
100
AcDbEntity
  8
A-COB-___-___-EXI
100
AcDbLine
 10
-73034.39879441465
 20
5782.314474939366
 30
0.0
 11
-73034.39879441465
 21
5908.687112203091
 31
0.0
1001
REVIT
1002
{
1070
     1
1000
22987645
1002
}
1002
{
1070
     2
1000
-2000051
1002
}
1002
{
1070
     3
1000
22985857
1002
}
  0
LINE
  5
140
330
70
100
AcDbEntity
  8
A-COB-___-___-EXI
100
AcDbLine
 10
-73034.39879441465
 20
6381.414384930365
 30
0.0
 11
-73034.39879441465
 21
6404.816725164389
 31
0.0
1001
REVIT
1002
{
1070
     1
1000
22987646
1002
}
1002
{
1070
     2
1000
-2000051
1002
}
1002
{
1070
     3
1000
22985857
1002
}
  0
LINE
  5
141
330
70
100
AcDbEntity
  8
A-COB-___-___-EXI
100
AcDbLine
 10
-73034.39879441465
 20
5950.811324624334
 30
0.0
 11
-73034.39879441465
 21
6074.843727864656
 31
0.0
1001
REVIT
1002
{
1070
     1
1000
22987647
1002
}
1002
{
1070
     2
1000
-2000051
1002
}
1002
{
1070
     3
1000
22985857
1002
}
  0
LINE
  5
142
330
70
100
AcDbEntity
  8
A-COB-___-___-EXI
100
AcDbLine
 10
-73034.39879441465
 20
6112.287472239096
 30
0.0
 11
-73034.39879441465
 21
6238.660109502823
 31
0.0
1001
REVIT
1002
{
1070
     1
1000
22987648
1002
}
1002
{
1070
     2
1000
-2000051
1002
}
1002
{
1070
     3
1000
22985857
1002
}
  0
LINE
  5
143
330
70
100
AcDbEntity
  8
A-COB-___-___-EXI
100
AcDbLine
 10
-72716.12696723193
 20
5506.166860177891
 30
0.0
 11
-72716.12696723193
 21
5578.714114903362
 31
0.0
1001
REVIT
1002
{
1070
     1
1000
22987649
1002
}
1002
{
1070
     2
1000
-2000051
1002
}
1002
{
1070
     3
1000
22985857
1002
}
  0
LINE
  5
144
330
70
100
AcDbEntity
  8
A-COB-___-___-EXI
100
AcDbLine
 10
-72716.12696723193
 20
6776.91393488536
 30
0.0
 11
-72716.12696723193
 21
6861.162359727844
 31
0.0
1001
REVIT
1002
{
1070
     1
1000
22987650
1002
}
1002
{
1070
     2
1000
-2000051
1002
}
1002
{
1070
     3
1000
22985857
1002
}
  0
LINE
  5
145
330
70
100
AcDbEntity
  8
A-COB-___-___-EXI
100
AcDbLine
 10
-72716.12696723193
 20
5613.817625254397
 30
0.0
 11
-72716.12696723193
 21
5740.190262518123
 31
0.0
1001
REVIT
1002
{
1070
     1
1000
22987651
1002
}
1002
{
1070
     2
1000
-2000051
1002
}
1002
{
1070
     3
1000
22985857
1002
}
  0
LINE
  5
146
330
70
100
AcDbEntity
  8
A-COB-___-___-EXI
100
AcDbLine
 10
-72716.12696723193
 20
6608.417085200392
 30
0.0
 11
-72716.12696723193
 21
6734.789722464118
 31
0.0
1001
REVIT
1002
{
1070
     1
1000
22987652
1002
}
1002
{
1070
     2
1000
-2000051
1002
}
1002
{
1070
     3
1000
22985857
1002
}
  0
LINE
  5
147
330
70
100
AcDbEntity
  8
A-COB-___-___-EXI
100
AcDbLine
 10
-72716.12696723193
 20
5782.314474939366
 30
0.0
 11
-72716.12696723193
 21
5908.687112203091
 31
0.0
1001
REVIT
1002
{
1070
     1
1000
22987653
1002
}
1002
{
1070
     2
1000
-2000051
1002
}
1002
{
1070
     3
1000
22985857
1002
}
  0
LINE
  5
148
330
70
100
AcDbEntity
  8
A-COB-___-___-EXI
100
AcDbLine
 10
-72716.12696723193
 20
6446.94093758563
 30
0.0
 11
-72716.12696723193
 21
6573.313574849357
 31
0.0
1001
REVIT
1002
{
1070
     1
1000
22987654
1002
}
1002
{
1070
     2
1000
-2000051
1002
}
1002
{
1070
     3
1000
22985857
1002
}
  0
LINE
  5
149
330
70
100
AcDbEntity
  8
A-COB-___-___-EXI
100
AcDbLine
 10
-72716.12696723193
 20
5950.811324624334
 30
0.0
 11
-72716.12696723193
 21
6074.843727864656
 31
0.0
1001
REVIT
1002
{
1070
     1
1000
22987655
1002
}
1002
{
1070
     2
1000
-2000051
1002
}
1002
{
1070
     3
1000
22985857
1002
}
  0
LINE
  5
14A
330
70
100
AcDbEntity
  8
A-COB-___-___-EXI
100
AcDbLine
 10
-72716.12696723193
 20
6381.414384930365
 30
0.0
 11
-72716.12696723193
 21
6404.816725164389
 31
0.0
1001
REVIT
1002
{
1070
     1
1000
22987656
1002
}
1002
{
1070
     2
1000
-2000051
1002
}
1002
{
1070
     3
1000
22985857
1002
}
  0
LINE
  5
14B
330
70
100
AcDbEntity
  8
A-COB-___-___-EXI
100
AcDbLine
 10
-72716.12696723193
 20
6112.287472239096
 30
0.0
 11
-72716.12696723193
 21
6238.660109502823
 31
0.0
1001
REVIT
1002
{
1070
     1
1000
22987657
1002
}
1002
{
1070
     2
1000
-2000051
1002
}
1002
{
1070
     3
1000
22985857
1002
}
  0
LINE
  5
14C
330
70
100
AcDbEntity
  8
A-COB-___-___-EXI
100
AcDbLine
 10
-72559.33128766399
 20
5506.166860177891
 30
0.0
 11
-72559.33128766399
 21
5578.714114903362
 31
0.0
1001
REVIT
1002
{
1070
     1
1000
22987658
1002
}
1002
{
1070
     2
1000
-2000051
1002
}
1002
{
1070
     3
1000
22985857
1002
}
  0
LINE
  5
14D
330
70
100
AcDbEntity
  8
A-COB-___-___-EXI
100
AcDbLine
 10
-72559.33128766399
 20
6776.91393488536
 30
0.0
 11
-72559.33128766399
 21
6903.286572149088
 31
0.0
1001
REVIT
1002
{
1070
     1
1000
22987659
1002
}
1002
{
1070
     2
1000
-2000051
1002
}
1002
{
1070
     3
1000
22985857
1002
}
  0
LINE
  5
14E
330
70
100
AcDbEntity
  8
A-COB-___-___-EXI
100
AcDbLine
 10
-72559.33128766399
 20
5613.817625254397
 30
0.0
 11
-72559.33128766399
 21
5740.190262518123
 31
0.0
1001
REVIT
1002
{
1070
     1
1000
22987660
1002
}
1002
{
1070
     2
1000
-2000051
1002
}
1002
{
1070
     3
1000
22985857
1002
}
  0
LINE
  5
14F
330
70
100
AcDbEntity
  8
A-COB-___-___-EXI
100
AcDbLine
 10
-72559.33128766399
 20
6608.417085200392
 30
0.0
 11
-72559.33128766399
 21
6734.789722464118
 31
0.0
1001
REVIT
1002
{
1070
     1
1000
22987661
1002
}
1002
{
1070
     2
1000
-2000051
1002
}
1002
{
1070
     3
1000
22985857
1002
}
  0
LINE
  5
150
330
70
100
AcDbEntity
  8
A-COB-___-___-EXI
100
AcDbLine
 10
-72559.33128766399
 20
5782.314474939366
 30
0.0
 11
-72559.33128766399
 21
5908.687112203091
 31
0.0
1001
REVIT
1002
{
1070
     1
1000
22987662
1002
}
1002
{
1070
     2
1000
-2000051
1002
}
1002
{
1070
     3
1000
22985857
1002
}
  0
LINE
  5
151
330
70
100
AcDbEntity
  8
A-COB-___-___-EXI
100
AcDbLine
 10
-72559.33128766399
 20
6446.94093758563
 30
0.0
 11
-72559.33128766399
 21
6573.313574849357
 31
0.0
1001
REVIT
1002
{
1070
     1
1000
22987663
1002
}
1002
{
1070
     2
1000
-2000051
1002
}
1002
{
1070
     3
1000
22985857
1002
}
  0
LINE
  5
152
330
70
100
AcDbEntity
  8
A-COB-___-___-EXI
100
AcDbLine
 10
-72559.33128766399
 20
5950.811324624334
 30
0.0
 11
-72559.33128766399
 21
6074.843727864656
 31
0.0
1001
REVIT
1002
{
1070
     1
1000
22987664
1002
}
1002
{
1070
     2
1000
-2000051
1002
}
1002
{
1070
     3
1000
22985857
1002
}
  0
LINE
  5
153
330
70
100
AcDbEntity
  8
A-COB-___-___-EXI
100
AcDbLine
 10
-72559.33128766399
 20
6381.414384930365
 30
0.0
 11
-72559.33128766399
 21
6404.816725164389
 31
0.0
1001
REVIT
1002
{
1070
     1
1000
22987665
1002
}
1002
{
1070
     2
1000
-2000051
1002
}
1002
{
1070
     3
1000
22985857
1002
}
  0
LINE
  5
154
330
70
100
AcDbEntity
  8
A-COB-___-___-EXI
100
AcDbLine
 10
-72559.33128766399
 20
6112.287472239096
 30
0.0
 11
-72559.33128766399
 21
6238.660109502823
 31
0.0
1001
REVIT
1002
{
1070
     1
1000
22987666
1002
}
1002
{
1070
     2
1000
-2000051
1002
}
1002
{
1070
     3
1000
22985857
1002
}
  0
LINE
  5
155
330
70
100
AcDbEntity
  8
A-COB-___-___-EXI
100
AcDbLine
 10
-72397.85514004921
 20
5506.166860177891
 30
0.0
 11
-72397.85514004921
 21
5578.714114903362
 31
0.0
1001
REVIT
1002
{
1070
     1
1000
22987667
1002
}
1002
{
1070
     2
1000
-2000051
1002
}
1002
{
1070
     3
1000
22985857
1002
}
  0
LINE
  5
156
330
70
100
AcDbEntity
  8
A-COB-___-___-EXI
100
AcDbLine
 10
-72397.85514004921
 20
6945.410784570329
 30
0.0
 11
-72397.85514004921
 21
6992.215465038377
 31
0.0
1001
REVIT
1002
{
1070
     1
1000
22987668
1002
}
1002
{
1070
     2
1000
-2000051
1002
}
1002
{
1070
     3
1000
22985857
1002
}
  0
LINE
  5
157
330
70
100
AcDbEntity
  8
A-COB-___-___-EXI
100
AcDbLine
 10
-72397.85514004921
 20
5613.817625254397
 30
0.0
 11
-72397.85514004921
 21
5740.190262518123
 31
0.0
1001
REVIT
1002
{
1070
     1
1000
22987669
1002
}
1002
{
1070
     2
1000
-2000051
1002
}
1002
{
1070
     3
1000
22985857
1002
}
  0
LINE
  5
158
330
70
100
AcDbEntity
  8
A-COB-___-___-EXI
100
AcDbLine
 10
-72397.85514004921
 20
6776.91393488536
 30
0.0
 11
-72397.85514004921
 21
6903.286572149088
 31
0.0
1001
REVIT
1002
{
1070
     1
1000
22987670
1002
}
1002
{
1070
     2
1000
-2000051
1002
}
1002
{
1070
     3
1000
22985857
1002
}
  0
LINE
  5
159
330
70
100
AcDbEntity
  8
A-COB-___-___-EXI
100
AcDbLine
 10
-72397.85514004921
 20
5782.314474939366
 30
0.0
 11
-72397.85514004921
 21
5908.687112203091
 31
0.0
1001
REVIT
1002
{
1070
     1
1000
22987671
1002
}
1002
{
1070
     2
1000
-2000051
1002
}
1002
{
1070
     3
1000
22985857
1002
}
  0
LINE
  5
15A
330
70
100
AcDbEntity
  8
A-COB-___-___-EXI
100
AcDbLine
 10
-72397.85514004921
 20
6608.417085200392
 30
0.0
 11
-72397.85514004921
 21
6734.789722464118
 31
0.0
1001
REVIT
1002
{
1070
     1
1000
22987672
1002
}
1002
{
1070
     2
1000
-2000051
1002
}
1002
{
1070
     3
1000
22985857
1002
}
  0
LINE
  5
15B
330
70
100
AcDbEntity
  8
A-COB-___-___-EXI
100
AcDbLine
 10
-72397.85514004921
 20
5950.811324624334
 30
0.0
 11
-72397.85514004921
 21
6074.843727864656
 31
0.0
1001
REVIT
1002
{
1070
     1
1000
22987673
1002
}
1002
{
1070
     2
1000
-2000051
1002
}
1002
{
1070
     3
1000
22985857
1002
}
  0
LINE
  5
15C
330
70
100
AcDbEntity
  8
A-COB-___-___-EXI
100
AcDbLine
 10
-72397.85514004921
 20
6446.94093758563
 30
0.0
 11
-72397.85514004921
 21
6573.313574849357
 31
0.0
1001
REVIT
1002
{
1070
     1
1000
22987674
1002
}
1002
{
1070
     2
1000
-2000051
1002
}
1002
{
1070
     3
1000
22985857
1002
}
  0
LINE
  5
15D
330
70
100
AcDbEntity
  8
A-COB-___-___-EXI
100
AcDbLine
 10
-72397.85514004921
 20
6112.287472239096
 30
0.0
 11
-72397.85514004921
 21
6238.660109502823
 31
0.0
1001
REVIT
1002
{
1070
     1
1000
22987675
1002
}
1002
{
1070
     2
1000
-2000051
1002
}
1002
{
1070
     3
1000
22985857
1002
}
  0
LINE
  5
15E
330
70
100
AcDbEntity
  8
A-COB-___-___-EXI
100
AcDbLine
 10
-72397.85514004921
 20
6381.414384930365
 30
0.0
 11
-72397.85514004921
 21
6404.816725164389
 31
0.0
1001
REVIT
1002
{
1070
     1
1000
22987676
1002
}
1002
{
1070
     2
1000
-2000051
1002
}
1002
{
1070
     3
1000
22985857
1002
}
  0
LINE
  5
15F
330
70
100
AcDbEntity
  8
A-COB-___-___-EXI
100
AcDbLine
 10
-72243.39969450467
 20
5506.166860177891
 30
0.0
 11
-72243.39969450467
 21
5578.714114903362
 31
0.0
1001
REVIT
1002
{
1070
     1
1000
22987677
1002
}
1002
{
1070
     2
1000
-2000051
1002
}
1002
{
1070
     3
1000
22985857
1002
}
  0
LINE
  5
160
330
70
100
AcDbEntity
  8
A-COB-___-___-EXI
100
AcDbLine
 10
-72243.39969450467
 20
6945.410784570329
 30
0.0
 11
-72243.39969450467
 21
7069.443187810654
 31
0.0
1001
REVIT
1002
{
1070
     1
1000
22987678
1002
}
1002
{
1070
     2
1000
-2000051
1002
}
1002
{
1070
     3
1000
22985857
1002
}
  0
LINE
  5
161
330
70
100
AcDbEntity
  8
A-COB-___-___-EXI
100
AcDbLine
 10
-72243.39969450467
 20
5613.817625254397
 30
0.0
 11
-72243.39969450467
 21
5740.190262518123
 31
0.0
1001
REVIT
1002
{
1070
     1
1000
22987679
1002
}
1002
{
1070
     2
1000
-2000051
1002
}
1002
{
1070
     3
1000
22985857
1002
}
  0
LINE
  5
162
330
70
100
AcDbEntity
  8
A-COB-___-___-EXI
100
AcDbLine
 10
-72243.39969450467
 20
6776.91393488536
 30
0.0
 11
-72243.39969450467
 21
6903.286572149088
 31
0.0
1001
REVIT
1002
{
1070
     1
1000
22987680
1002
}
1002
{
1070
     2
1000
-2000051
1002
}
1002
{
1070
     3
1000
22985857
1002
}
  0
LINE
  5
163
330
70
100
AcDbEntity
  8
A-COB-___-___-EXI
100
AcDbLine
 10
-72243.39969450467
 20
5782.314474939366
 30
0.0
 11
-72243.39969450467
 21
5908.687112203091
 31
0.0
1001
REVIT
1002
{
1070
     1
1000
22987681
1002
}
1002
{
1070
     2
1000
-2000051
1002
}
1002
{
1070
     3
1000
22985857
1002
}
  0
LINE
  5
164
330
70
100
AcDbEntity
  8
A-COB-___-___-EXI
100
AcDbLine
 10
-72243.39969450467
 20
6608.417085200392
 30
0.0
 11
-72243.39969450467
 21
6734.789722464118
 31
0.0
1001
REVIT
1002
{
1070
     1
1000
22987682
1002
}
1002
{
1070
     2
1000
-2000051
1002
}
1002
{
1070
     3
1000
22985857
1002
}
  0
LINE
  5
165
330
70
100
AcDbEntity
  8
A-COB-___-___-EXI
100
AcDbLine
 10
-72243.39969450467
 20
5950.811324624334
 30
0.0
 11
-72243.39969450467
 21
6074.843727864656
 31
0.0
1001
REVIT
1002
{
1070
     1
1000
22987683
1002
}
1002
{
1070
     2
1000
-2000051
1002
}
1002
{
1070
     3
1000
22985857
1002
}
  0
LINE
  5
166
330
70
100
AcDbEntity
  8
A-COB-___-___-EXI
100
AcDbLine
 10
-72243.39969450467
 20
6446.94093758563
 30
0.0
 11
-72243.39969450467
 21
6573.313574849357
 31
0.0
1001
REVIT
1002
{
1070
     1
1000
22987684
1002
}
1002
{
1070
     2
1000
-2000051
1002
}
1002
{
1070
     3
1000
22985857
1002
}
  0
LINE
  5
167
330
70
100
AcDbEntity
  8
A-COB-___-___-EXI
100
AcDbLine
 10
-72243.39969450467
 20
6112.287472239096
 30
0.0
 11
-72243.39969450467
 21
6238.660109502823
 31
0.0
1001
REVIT
1002
{
1070
     1
1000
22987685
1002
}
1002
{
1070
     2
1000
-2000051
1002
}
1002
{
1070
     3
1000
22985857
1002
}
  0
LINE
  5
168
330
70
100
AcDbEntity
  8
A-COB-___-___-EXI
100
AcDbLine
 10
-72243.39969450467
 20
6381.414384930365
 30
0.0
 11
-72243.39969450467
 21
6404.816725164389
 31
0.0
1001
REVIT
1002
{
1070
     1
1000
22987686
1002
}
1002
{
1070
     2
1000
-2000051
1002
}
1002
{
1070
     3
1000
22985857
1002
}
  0
LINE
  5
169
330
70
100
AcDbEntity
  8
A-COB-___-___-EXI
100
AcDbLine
 10
-72081.9235468899
 20
5506.166860177891
 30
0.0
 11
-72081.9235468899
 21
5578.714114903362
 31
0.0
1001
REVIT
1002
{
1070
     1
1000
22987687
1002
}
1002
{
1070
     2
1000
-2000051
1002
}
1002
{
1070
     3
1000
22985857
1002
}
  0
LINE
  5
16A
330
70
100
AcDbEntity
  8
A-COB-___-___-EXI
100
AcDbLine
 10
-72081.9235468899
 20
6945.410784570329
 30
0.0
 11
-72081.9235468899
 21
7069.443187810654
 31
0.0
1001
REVIT
1002
{
1070
     1
1000
22987688
1002
}
1002
{
1070
     2
1000
-2000051
1002
}
1002
{
1070
     3
1000
22985857
1002
}
  0
LINE
  5
16B
330
70
100
AcDbEntity
  8
A-COB-___-___-EXI
100
AcDbLine
 10
-72081.9235468899
 20
5613.817625254397
 30
0.0
 11
-72081.9235468899
 21
5740.190262518123
 31
0.0
1001
REVIT
1002
{
1070
     1
1000
22987689
1002
}
1002
{
1070
     2
1000
-2000051
1002
}
1002
{
1070
     3
1000
22985857
1002
}
  0
LINE
  5
16C
330
70
100
AcDbEntity
  8
A-COB-___-___-EXI
100
AcDbLine
 10
-72081.9235468899
 20
6776.91393488536
 30
0.0
 11
-72081.9235468899
 21
6903.286572149088
 31
0.0
1001
REVIT
1002
{
1070
     1
1000
22987690
1002
}
1002
{
1070
     2
1000
-2000051
1002
}
1002
{
1070
     3
1000
22985857
1002
}
  0
LINE
  5
16D
330
70
100
AcDbEntity
  8
A-COB-___-___-EXI
100
AcDbLine
 10
-72081.9235468899
 20
5782.314474939366
 30
0.0
 11
-72081.9235468899
 21
5908.687112203091
 31
0.0
1001
REVIT
1002
{
1070
     1
1000
22987691
1002
}
1002
{
1070
     2
1000
-2000051
1002
}
1002
{
1070
     3
1000
22985857
1002
}
  0
LINE
  5
16E
330
70
100
AcDbEntity
  8
A-COB-___-___-EXI
100
AcDbLine
 10
-72081.9235468899
 20
6608.417085200392
 30
0.0
 11
-72081.9235468899
 21
6734.789722464118
 31
0.0
1001
REVIT
1002
{
1070
     1
1000
22987692
1002
}
1002
{
1070
     2
1000
-2000051
1002
}
1002
{
1070
     3
1000
22985857
1002
}
  0
LINE
  5
16F
330
70
100
AcDbEntity
  8
A-COB-___-___-EXI
100
AcDbLine
 10
-72081.9235468899
 20
5950.811324624334
 30
0.0
 11
-72081.9235468899
 21
6074.843727864656
 31
0.0
1001
REVIT
1002
{
1070
     1
1000
22987693
1002
}
1002
{
1070
     2
1000
-2000051
1002
}
1002
{
1070
     3
1000
22985857
1002
}
  0
LINE
  5
170
330
70
100
AcDbEntity
  8
A-COB-___-___-EXI
100
AcDbLine
 10
-72081.9235468899
 20
6446.94093758563
 30
0.0
 11
-72081.9235468899
 21
6573.313574849357
 31
0.0
1001
REVIT
1002
{
1070
     1
1000
22987694
1002
}
1002
{
1070
     2
1000
-2000051
1002
}
1002
{
1070
     3
1000
22985857
1002
}
  0
LINE
  5
171
330
70
100
AcDbEntity
  8
A-COB-___-___-EXI
100
AcDbLine
 10
-72081.9235468899
 20
6112.287472239096
 30
0.0
 11
-72081.9235468899
 21
6238.660109502823
 31
0.0
1001
REVIT
1002
{
1070
     1
1000
22987695
1002
}
1002
{
1070
     2
1000
-2000051
1002
}
1002
{
1070
     3
1000
22985857
1002
}
  0
LINE
  5
172
330
70
100
AcDbEntity
  8
A-COB-___-___-EXI
100
AcDbLine
 10
-72081.9235468899
 20
6381.414384930365
 30
0.0
 11
-72081.9235468899
 21
6404.816725164389
 31
0.0
1001
REVIT
1002
{
1070
     1
1000
22987696
1002
}
1002
{
1070
     2
1000
-2000051
1002
}
1002
{
1070
     3
1000
22985857
1002
}
  0
LINE
  5
173
330
70
100
AcDbEntity
  8
A-COB-___-___-EXI
100
AcDbLine
 10
-71925.12786732195
 20
5506.166860177891
 30
0.0
 11
-71925.12786732195
 21
5578.714114903362
 31
0.0
1001
REVIT
1002
{
1070
     1
1000
22987697
1002
}
1002
{
1070
     2
1000
-2000051
1002
}
1002
{
1070
     3
1000
22985857
1002
}
  0
LINE
  5
174
330
70
100
AcDbEntity
  8
A-COB-___-___-EXI
100
AcDbLine
 10
-71925.12786732195
 20
6945.410784570329
 30
0.0
 11
-71925.12786732195
 21
7069.443187810654
 31
0.0
1001
REVIT
1002
{
1070
     1
1000
22987698
1002
}
1002
{
1070
     2
1000
-2000051
1002
}
1002
{
1070
     3
1000
22985857
1002
}
  0
LINE
  5
175
330
70
100
AcDbEntity
  8
A-COB-___-___-EXI
100
AcDbLine
 10
-71925.12786732195
 20
5613.817625254397
 30
0.0
 11
-71925.12786732195
 21
5740.190262518123
 31
0.0
1001
REVIT
1002
{
1070
     1
1000
22987699
1002
}
1002
{
1070
     2
1000
-2000051
1002
}
1002
{
1070
     3
1000
22985857
1002
}
  0
LINE
  5
176
330
70
100
AcDbEntity
  8
A-COB-___-___-EXI
100
AcDbLine
 10
-71925.12786732195
 20
6776.91393488536
 30
0.0
 11
-71925.12786732195
 21
6903.286572149088
 31
0.0
1001
REVIT
1002
{
1070
     1
1000
22987700
1002
}
1002
{
1070
     2
1000
-2000051
1002
}
1002
{
1070
     3
1000
22985857
1002
}
  0
LINE
  5
177
330
70
100
AcDbEntity
  8
A-COB-___-___-EXI
100
AcDbLine
 10
-71925.12786732195
 20
5782.314474939366
 30
0.0
 11
-71925.12786732195
 21
5908.687112203091
 31
0.0
1001
REVIT
1002
{
1070
     1
1000
22987701
1002
}
1002
{
1070
     2
1000
-2000051
1002
}
1002
{
1070
     3
1000
22985857
1002
}
  0
LINE
  5
178
330
70
100
AcDbEntity
  8
A-COB-___-___-EXI
100
AcDbLine
 10
-71925.12786732195
 20
6608.417085200392
 30
0.0
 11
-71925.12786732195
 21
6734.789722464118
 31
0.0
1001
REVIT
1002
{
1070
     1
1000
22987702
1002
}
1002
{
1070
     2
1000
-2000051
1002
}
1002
{
1070
     3
1000
22985857
1002
}
  0
LINE
  5
179
330
70
100
AcDbEntity
  8
A-COB-___-___-EXI
100
AcDbLine
 10
-71925.12786732195
 20
5950.811324624334
 30
0.0
 11
-71925.12786732195
 21
6074.843727864656
 31
0.0
1001
REVIT
1002
{
1070
     1
1000
22987703
1002
}
1002
{
1070
     2
1000
-2000051
1002
}
1002
{
1070
     3
1000
22985857
1002
}
  0
LINE
  5
17A
330
70
100
AcDbEntity
  8
A-COB-___-___-EXI
100
AcDbLine
 10
-71925.12786732195
 20
6446.94093758563
 30
0.0
 11
-71925.12786732195
 21
6573.313574849357
 31
0.0
1001
REVIT
1002
{
1070
     1
1000
22987704
1002
}
1002
{
1070
     2
1000
-2000051
1002
}
1002
{
1070
     3
1000
22985857
1002
}
  0
LINE
  5
17B
330
70
100
AcDbEntity
  8
A-COB-___-___-EXI
100
AcDbLine
 10
-71925.12786732195
 20
6112.287472239096
 30
0.0
 11
-71925.12786732195
 21
6238.660109502823
 31
0.0
1001
REVIT
1002
{
1070
     1
1000
22987705
1002
}
1002
{
1070
     2
1000
-2000051
1002
}
1002
{
1070
     3
1000
22985857
1002
}
  0
LINE
  5
17C
330
70
100
AcDbEntity
  8
A-COB-___-___-EXI
100
AcDbLine
 10
-71925.12786732195
 20
6381.414384930365
 30
0.0
 11
-71925.12786732195
 21
6404.816725164389
 31
0.0
1001
REVIT
1002
{
1070
     1
1000
22987706
1002
}
1002
{
1070
     2
1000
-2000051
1002
}
1002
{
1070
     3
1000
22985857
1002
}
  0
LINE
  5
17D
330
70
100
AcDbEntity
  8
A-COB-___-___-EXI
100
AcDbLine
 10
-71763.65171970718
 20
5506.166860177891
 30
0.0
 11
-71763.65171970718
 21
5578.714114903362
 31
0.0
1001
REVIT
1002
{
1070
     1
1000
22987707
1002
}
1002
{
1070
     2
1000
-2000051
1002
}
1002
{
1070
     3
1000
22985857
1002
}
  0
LINE
  5
17E
330
70
100
AcDbEntity
  8
A-COB-___-___-EXI
100
AcDbLine
 10
-71763.65171970718
 20
6945.410784570329
 30
0.0
 11
-71763.65171970718
 21
7069.443187810654
 31
0.0
1001
REVIT
1002
{
1070
     1
1000
22987708
1002
}
1002
{
1070
     2
1000
-2000051
1002
}
1002
{
1070
     3
1000
22985857
1002
}
  0
LINE
  5
17F
330
70
100
AcDbEntity
  8
A-COB-___-___-EXI
100
AcDbLine
 10
-71763.65171970718
 20
5613.817625254397
 30
0.0
 11
-71763.65171970718
 21
5740.190262518123
 31
0.0
1001
REVIT
1002
{
1070
     1
1000
22987709
1002
}
1002
{
1070
     2
1000
-2000051
1002
}
1002
{
1070
     3
1000
22985857
1002
}
  0
LINE
  5
180
330
70
100
AcDbEntity
  8
A-COB-___-___-EXI
100
AcDbLine
 10
-71763.65171970718
 20
6776.91393488536
 30
0.0
 11
-71763.65171970718
 21
6903.286572149088
 31
0.0
1001
REVIT
1002
{
1070
     1
1000
22987710
1002
}
1002
{
1070
     2
1000
-2000051
1002
}
1002
{
1070
     3
1000
22985857
1002
}
  0
LINE
  5
181
330
70
100
AcDbEntity
  8
A-COB-___-___-EXI
100
AcDbLine
 10
-71763.65171970718
 20
5782.314474939366
 30
0.0
 11
-71763.65171970718
 21
5908.687112203091
 31
0.0
1001
REVIT
1002
{
1070
     1
1000
22987711
1002
}
1002
{
1070
     2
1000
-2000051
1002
}
1002
{
1070
     3
1000
22985857
1002
}
  0
LINE
  5
182
330
70
100
AcDbEntity
  8
A-COB-___-___-EXI
100
AcDbLine
 10
-71763.65171970718
 20
6608.417085200392
 30
0.0
 11
-71763.65171970718
 21
6734.789722464118
 31
0.0
1001
REVIT
1002
{
1070
     1
1000
22987712
1002
}
1002
{
1070
     2
1000
-2000051
1002
}
1002
{
1070
     3
1000
22985857
1002
}
  0
LINE
  5
183
330
70
100
AcDbEntity
  8
A-COB-___-___-EXI
100
AcDbLine
 10
-71763.65171970718
 20
5950.811324624334
 30
0.0
 11
-71763.65171970718
 21
6074.843727864656
 31
0.0
1001
REVIT
1002
{
1070
     1
1000
22987713
1002
}
1002
{
1070
     2
1000
-2000051
1002
}
1002
{
1070
     3
1000
22985857
1002
}
  0
LINE
  5
184
330
70
100
AcDbEntity
  8
A-COB-___-___-EXI
100
AcDbLine
 10
-71763.65171970718
 20
6446.94093758563
 30
0.0
 11
-71763.65171970718
 21
6573.313574849357
 31
0.0
1001
REVIT
1002
{
1070
     1
1000
22987714
1002
}
1002
{
1070
     2
1000
-2000051
1002
}
1002
{
1070
     3
1000
22985857
1002
}
  0
LINE
  5
185
330
70
100
AcDbEntity
  8
A-COB-___-___-EXI
100
AcDbLine
 10
-71763.65171970718
 20
6112.287472239096
 30
0.0
 11
-71763.65171970718
 21
6238.660109502823
 31
0.0
1001
REVIT
1002
{
1070
     1
1000
22987715
1002
}
1002
{
1070
     2
1000
-2000051
1002
}
1002
{
1070
     3
1000
22985857
1002
}
  0
LINE
  5
186
330
70
100
AcDbEntity
  8
A-COB-___-___-EXI
100
AcDbLine
 10
-71763.65171970718
 20
6381.414384930365
 30
0.0
 11
-71763.65171970718
 21
6404.816725164389
 31
0.0
1001
REVIT
1002
{
1070
     1
1000
22987716
1002
}
1002
{
1070
     2
1000
-2000051
1002
}
1002
{
1070
     3
1000
22985857
1002
}
  0
LINE
  5
187
330
70
100
AcDbEntity
  8
A-COB-___-___-EXI
100
AcDbLine
 10
-71606.85604013923
 20
5506.166860177891
 30
0.0
 11
-71606.85604013923
 21
5578.714114903362
 31
0.0
1001
REVIT
1002
{
1070
     1
1000
22987717
1002
}
1002
{
1070
     2
1000
-2000051
1002
}
1002
{
1070
     3
1000
22985857
1002
}
  0
LINE
  5
188
330
70
100
AcDbEntity
  8
A-COB-___-___-EXI
100
AcDbLine
 10
-71606.85604013923
 20
6945.410784570329
 30
0.0
 11
-71606.85604013923
 21
7069.443187810654
 31
0.0
1001
REVIT
1002
{
1070
     1
1000
22987718
1002
}
1002
{
1070
     2
1000
-2000051
1002
}
1002
{
1070
     3
1000
22985857
1002
}
  0
LINE
  5
189
330
70
100
AcDbEntity
  8
A-COB-___-___-EXI
100
AcDbLine
 10
-71606.85604013923
 20
5613.817625254397
 30
0.0
 11
-71606.85604013923
 21
5740.190262518123
 31
0.0
1001
REVIT
1002
{
1070
     1
1000
22987719
1002
}
1002
{
1070
     2
1000
-2000051
1002
}
1002
{
1070
     3
1000
22985857
1002
}
  0
LINE
  5
18A
330
70
100
AcDbEntity
  8
A-COB-___-___-EXI
100
AcDbLine
 10
-71606.85604013923
 20
6776.91393488536
 30
0.0
 11
-71606.85604013923
 21
6903.286572149088
 31
0.0
1001
REVIT
1002
{
1070
     1
1000
22987720
1002
}
1002
{
1070
     2
1000
-2000051
1002
}
1002
{
1070
     3
1000
22985857
1002
}
  0
LINE
  5
18B
330
70
100
AcDbEntity
  8
A-COB-___-___-EXI
100
AcDbLine
 10
-71606.85604013923
 20
5782.314474939366
 30
0.0
 11
-71606.85604013923
 21
5908.687112203091
 31
0.0
1001
REVIT
1002
{
1070
     1
1000
22987721
1002
}
1002
{
1070
     2
1000
-2000051
1002
}
1002
{
1070
     3
1000
22985857
1002
}
  0
LINE
  5
18C
330
70
100
AcDbEntity
  8
A-COB-___-___-EXI
100
AcDbLine
 10
-71606.85604013923
 20
6608.417085200392
 30
0.0
 11
-71606.85604013923
 21
6734.789722464118
 31
0.0
1001
REVIT
1002
{
1070
     1
1000
22987722
1002
}
1002
{
1070
     2
1000
-2000051
1002
}
1002
{
1070
     3
1000
22985857
1002
}
  0
LINE
  5
18D
330
70
100
AcDbEntity
  8
A-COB-___-___-EXI
100
AcDbLine
 10
-71606.85604013923
 20
5950.811324624334
 30
0.0
 11
-71606.85604013923
 21
6074.843727864656
 31
0.0
1001
REVIT
1002
{
1070
     1
1000
22987723
1002
}
1002
{
1070
     2
1000
-2000051
1002
}
1002
{
1070
     3
1000
22985857
1002
}
  0
LINE
  5
18E
330
70
100
AcDbEntity
  8
A-COB-___-___-EXI
100
AcDbLine
 10
-71606.85604013923
 20
6446.94093758563
 30
0.0
 11
-71606.85604013923
 21
6573.313574849357
 31
0.0
1001
REVIT
1002
{
1070
     1
1000
22987724
1002
}
1002
{
1070
     2
1000
-2000051
1002
}
1002
{
1070
     3
1000
22985857
1002
}
  0
LINE
  5
18F
330
70
100
AcDbEntity
  8
A-COB-___-___-EXI
100
AcDbLine
 10
-71606.85604013923
 20
6112.287472239096
 30
0.0
 11
-71606.85604013923
 21
6238.660109502823
 31
0.0
1001
REVIT
1002
{
1070
     1
1000
22987725
1002
}
1002
{
1070
     2
1000
-2000051
1002
}
1002
{
1070
     3
1000
22985857
1002
}
  0
LINE
  5
190
330
70
100
AcDbEntity
  8
A-COB-___-___-EXI
100
AcDbLine
 10
-71606.85604013923
 20
6381.414384930365
 30
0.0
 11
-71606.85604013923
 21
6404.816725164389
 31
0.0
1001
REVIT
1002
{
1070
     1
1000
22987726
1002
}
1002
{
1070
     2
1000
-2000051
1002
}
1002
{
1070
     3
1000
22985857
1002
}
  0
LINE
  5
191
330
70
100
AcDbEntity
  8
A-COB-___-___-EXI
100
AcDbLine
 10
-71445.37989252446
 20
5506.166860177891
 30
0.0
 11
-71445.37989252446
 21
5578.714114903362
 31
0.0
1001
REVIT
1002
{
1070
     1
1000
22987727
1002
}
1002
{
1070
     2
1000
-2000051
1002
}
1002
{
1070
     3
1000
22985857
1002
}
  0
LINE
  5
192
330
70
100
AcDbEntity
  8
A-COB-___-___-EXI
100
AcDbLine
 10
-71445.37989252446
 20
6945.410784570329
 30
0.0
 11
-71445.37989252446
 21
7069.443187810654
 31
0.0
1001
REVIT
1002
{
1070
     1
1000
22987728
1002
}
1002
{
1070
     2
1000
-2000051
1002
}
1002
{
1070
     3
1000
22985857
1002
}
  0
LINE
  5
193
330
70
100
AcDbEntity
  8
A-COB-___-___-EXI
100
AcDbLine
 10
-71445.37989252446
 20
5613.817625254397
 30
0.0
 11
-71445.37989252446
 21
5740.190262518123
 31
0.0
1001
REVIT
1002
{
1070
     1
1000
22987729
1002
}
1002
{
1070
     2
1000
-2000051
1002
}
1002
{
1070
     3
1000
22985857
1002
}
  0
LINE
  5
194
330
70
100
AcDbEntity
  8
A-COB-___-___-EXI
100
AcDbLine
 10
-71445.37989252446
 20
6776.91393488536
 30
0.0
 11
-71445.37989252446
 21
6903.286572149088
 31
0.0
1001
REVIT
1002
{
1070
     1
1000
22987730
1002
}
1002
{
1070
     2
1000
-2000051
1002
}
1002
{
1070
     3
1000
22985857
1002
}
  0
LINE
  5
195
330
70
100
AcDbEntity
  8
A-COB-___-___-EXI
100
AcDbLine
 10
-71445.37989252446
 20
5782.314474939366
 30
0.0
 11
-71445.37989252446
 21
5908.687112203091
 31
0.0
1001
REVIT
1002
{
1070
     1
1000
22987731
1002
}
1002
{
1070
     2
1000
-2000051
1002
}
1002
{
1070
     3
1000
22985857
1002
}
  0
LINE
  5
196
330
70
100
AcDbEntity
  8
A-COB-___-___-EXI
100
AcDbLine
 10
-71445.37989252446
 20
6608.417085200392
 30
0.0
 11
-71445.37989252446
 21
6734.789722464118
 31
0.0
1001
REVIT
1002
{
1070
     1
1000
22987732
1002
}
1002
{
1070
     2
1000
-2000051
1002
}
1002
{
1070
     3
1000
22985857
1002
}
  0
LINE
  5
197
330
70
100
AcDbEntity
  8
A-COB-___-___-EXI
100
AcDbLine
 10
-71445.37989252446
 20
5950.811324624334
 30
0.0
 11
-71445.37989252446
 21
6074.843727864656
 31
0.0
1001
REVIT
1002
{
1070
     1
1000
22987733
1002
}
1002
{
1070
     2
1000
-2000051
1002
}
1002
{
1070
     3
1000
22985857
1002
}
  0
LINE
  5
198
330
70
100
AcDbEntity
  8
A-COB-___-___-EXI
100
AcDbLine
 10
-71445.37989252446
 20
6446.94093758563
 30
0.0
 11
-71445.37989252446
 21
6573.313574849357
 31
0.0
1001
REVIT
1002
{
1070
     1
1000
22987734
1002
}
1002
{
1070
     2
1000
-2000051
1002
}
1002
{
1070
     3
1000
22985857
1002
}
  0
LINE
  5
199
330
70
100
AcDbEntity
  8
A-COB-___-___-EXI
100
AcDbLine
 10
-71445.37989252446
 20
6112.287472239096
 30
0.0
 11
-71445.37989252446
 21
6238.660109502823
 31
0.0
1001
REVIT
1002
{
1070
     1
1000
22987735
1002
}
1002
{
1070
     2
1000
-2000051
1002
}
1002
{
1070
     3
1000
22985857
1002
}
  0
LINE
  5
19A
330
70
100
AcDbEntity
  8
A-COB-___-___-EXI
100
AcDbLine
 10
-71445.37989252446
 20
6381.414384930365
 30
0.0
 11
-71445.37989252446
 21
6404.816725164389
 31
0.0
1001
REVIT
1002
{
1070
     1
1000
22987736
1002
}
1002
{
1070
     2
1000
-2000051
1002
}
1002
{
1070
     3
1000
22985857
1002
}
  0
LINE
  5
19B
330
70
100
AcDbEntity
  8
A-COB-___-___-EXI
100
AcDbLine
 10
-71127.10806534174
 20
5506.166860177891
 30
0.0
 11
-71127.10806534174
 21
5578.714114903362
 31
0.0
1001
REVIT
1002
{
1070
     1
1000
22987737
1002
}
1002
{
1070
     2
1000
-2000051
1002
}
1002
{
1070
     3
1000
22985857
1002
}
  0
LINE
  5
19C
330
70
100
AcDbEntity
  8
A-COB-___-___-EXI
100
AcDbLine
 10
-71127.10806534174
 20
6945.410784570329
 30
0.0
 11
-71127.10806534174
 21
7069.443187810654
 31
0.0
1001
REVIT
1002
{
1070
     1
1000
22987738
1002
}
1002
{
1070
     2
1000
-2000051
1002
}
1002
{
1070
     3
1000
22985857
1002
}
  0
LINE
  5
19D
330
70
100
AcDbEntity
  8
A-COB-___-___-EXI
100
AcDbLine
 10
-71127.10806534174
 20
5613.817625254397
 30
0.0
 11
-71127.10806534174
 21
5740.190262518123
 31
0.0
1001
REVIT
1002
{
1070
     1
1000
22987739
1002
}
1002
{
1070
     2
1000
-2000051
1002
}
1002
{
1070
     3
1000
22985857
1002
}
  0
LINE
  5
19E
330
70
100
AcDbEntity
  8
A-COB-___-___-EXI
100
AcDbLine
 10
-71127.10806534174
 20
6776.91393488536
 30
0.0
 11
-71127.10806534174
 21
6903.286572149088
 31
0.0
1001
REVIT
1002
{
1070
     1
1000
22987740
1002
}
1002
{
1070
     2
1000
-2000051
1002
}
1002
{
1070
     3
1000
22985857
1002
}
  0
LINE
  5
19F
330
70
100
AcDbEntity
  8
A-COB-___-___-EXI
100
AcDbLine
 10
-71127.10806534174
 20
5782.314474939366
 30
0.0
 11
-71127.10806534174
 21
5908.687112203091
 31
0.0
1001
REVIT
1002
{
1070
     1
1000
22987741
1002
}
1002
{
1070
     2
1000
-2000051
1002
}
1002
{
1070
     3
1000
22985857
1002
}
  0
LINE
  5
1A0
330
70
100
AcDbEntity
  8
A-COB-___-___-EXI
100
AcDbLine
 10
-71127.10806534174
 20
6608.417085200392
 30
0.0
 11
-71127.10806534174
 21
6734.789722464118
 31
0.0
1001
REVIT
1002
{
1070
     1
1000
22987742
1002
}
1002
{
1070
     2
1000
-2000051
1002
}
1002
{
1070
     3
1000
22985857
1002
}
  0
LINE
  5
1A1
330
70
100
AcDbEntity
  8
A-COB-___-___-EXI
100
AcDbLine
 10
-71127.10806534174
 20
5950.811324624334
 30
0.0
 11
-71127.10806534174
 21
6074.843727864656
 31
0.0
1001
REVIT
1002
{
1070
     1
1000
22987743
1002
}
1002
{
1070
     2
1000
-2000051
1002
}
1002
{
1070
     3
1000
22985857
1002
}
  0
LINE
  5
1A2
330
70
100
AcDbEntity
  8
A-COB-___-___-EXI
100
AcDbLine
 10
-71127.10806534174
 20
6446.94093758563
 30
0.0
 11
-71127.10806534174
 21
6573.313574849357
 31
0.0
1001
REVIT
1002
{
1070
     1
1000
22987744
1002
}
1002
{
1070
     2
1000
-2000051
1002
}
1002
{
1070
     3
1000
22985857
1002
}
  0
LINE
  5
1A3
330
70
100
AcDbEntity
  8
A-COB-___-___-EXI
100
AcDbLine
 10
-71127.10806534174
 20
6112.287472239096
 30
0.0
 11
-71127.10806534174
 21
6238.660109502823
 31
0.0
1001
REVIT
1002
{
1070
     1
1000
22987745
1002
}
1002
{
1070
     2
1000
-2000051
1002
}
1002
{
1070
     3
1000
22985857
1002
}
  0
LINE
  5
1A4
330
70
100
AcDbEntity
  8
A-COB-___-___-EXI
100
AcDbLine
 10
-71127.10806534174
 20
6381.414384930365
 30
0.0
 11
-71127.10806534174
 21
6404.816725164389
 31
0.0
1001
REVIT
1002
{
1070
     1
1000
22987746
1002
}
1002
{
1070
     2
1000
-2000051
1002
}
1002
{
1070
     3
1000
22985857
1002
}
  0
LINE
  5
1A5
330
70
100
AcDbEntity
  8
A-COB-___-___-EXI
100
AcDbLine
 10
-70972.65261979719
 20
5506.166860177891
 30
0.0
 11
-70972.65261979719
 21
5578.714114903362
 31
0.0
1001
REVIT
1002
{
1070
     1
1000
22987747
1002
}
1002
{
1070
     2
1000
-2000051
1002
}
1002
{
1070
     3
1000
22985857
1002
}
  0
LINE
  5
1A6
330
70
100
AcDbEntity
  8
A-COB-___-___-EXI
100
AcDbLine
 10
-70972.65261979719
 20
6945.410784570329
 30
0.0
 11
-70972.65261979719
 21
7069.443187810654
 31
0.0
1001
REVIT
1002
{
1070
     1
1000
22987748
1002
}
1002
{
1070
     2
1000
-2000051
1002
}
1002
{
1070
     3
1000
22985857
1002
}
  0
LINE
  5
1A7
330
70
100
AcDbEntity
  8
A-COB-___-___-EXI
100
AcDbLine
 10
-70972.65261979719
 20
5613.817625254397
 30
0.0
 11
-70972.65261979719
 21
5740.190262518123
 31
0.0
1001
REVIT
1002
{
1070
     1
1000
22987749
1002
}
1002
{
1070
     2
1000
-2000051
1002
}
1002
{
1070
     3
1000
22985857
1002
}
  0
LINE
  5
1A8
330
70
100
AcDbEntity
  8
A-COB-___-___-EXI
100
AcDbLine
 10
-70972.65261979719
 20
6776.91393488536
 30
0.0
 11
-70972.65261979719
 21
6903.286572149088
 31
0.0
1001
REVIT
1002
{
1070
     1
1000
22987750
1002
}
1002
{
1070
     2
1000
-2000051
1002
}
1002
{
1070
     3
1000
22985857
1002
}
  0
LINE
  5
1A9
330
70
100
AcDbEntity
  8
A-COB-___-___-EXI
100
AcDbLine
 10
-70972.65261979719
 20
5782.314474939366
 30
0.0
 11
-70972.65261979719
 21
5908.687112203091
 31
0.0
1001
REVIT
1002
{
1070
     1
1000
22987751
1002
}
1002
{
1070
     2
1000
-2000051
1002
}
1002
{
1070
     3
1000
22985857
1002
}
  0
LINE
  5
1AA
330
70
100
AcDbEntity
  8
A-COB-___-___-EXI
100
AcDbLine
 10
-70972.65261979719
 20
6608.417085200392
 30
0.0
 11
-70972.65261979719
 21
6734.789722464118
 31
0.0
1001
REVIT
1002
{
1070
     1
1000
22987752
1002
}
1002
{
1070
     2
1000
-2000051
1002
}
1002
{
1070
     3
1000
22985857
1002
}
  0
LINE
  5
1AB
330
70
100
AcDbEntity
  8
A-COB-___-___-EXI
100
AcDbLine
 10
-70972.65261979719
 20
5950.811324624334
 30
0.0
 11
-70972.65261979719
 21
6074.843727864656
 31
0.0
1001
REVIT
1002
{
1070
     1
1000
22987753
1002
}
1002
{
1070
     2
1000
-2000051
1002
}
1002
{
1070
     3
1000
22985857
1002
}
  0
LINE
  5
1AC
330
70
100
AcDbEntity
  8
A-COB-___-___-EXI
100
AcDbLine
 10
-70972.65261979719
 20
6446.94093758563
 30
0.0
 11
-70972.65261979719
 21
6573.313574849357
 31
0.0
1001
REVIT
1002
{
1070
     1
1000
22987754
1002
}
1002
{
1070
     2
1000
-2000051
1002
}
1002
{
1070
     3
1000
22985857
1002
}
  0
LINE
  5
1AD
330
70
100
AcDbEntity
  8
A-COB-___-___-EXI
100
AcDbLine
 10
-70972.65261979719
 20
6112.287472239096
 30
0.0
 11
-70972.65261979719
 21
6238.660109502823
 31
0.0
1001
REVIT
1002
{
1070
     1
1000
22987755
1002
}
1002
{
1070
     2
1000
-2000051
1002
}
1002
{
1070
     3
1000
22985857
1002
}
  0
LINE
  5
1AE
330
70
100
AcDbEntity
  8
A-COB-___-___-EXI
100
AcDbLine
 10
-70972.65261979719
 20
6381.414384930365
 30
0.0
 11
-70972.65261979719
 21
6404.816725164389
 31
0.0
1001
REVIT
1002
{
1070
     1
1000
22987756
1002
}
1002
{
1070
     2
1000
-2000051
1002
}
1002
{
1070
     3
1000
22985857
1002
}
  0
LINE
  5
1AF
330
70
100
AcDbEntity
  8
A-COB-___-___-EXI
100
AcDbLine
 10
-70811.17647218243
 20
5506.166860177891
 30
0.0
 11
-70811.17647218243
 21
5578.714114903362
 31
0.0
1001
REVIT
1002
{
1070
     1
1000
22987757
1002
}
1002
{
1070
     2
1000
-2000051
1002
}
1002
{
1070
     3
1000
22985857
1002
}
  0
LINE
  5
1B0
330
70
100
AcDbEntity
  8
A-COB-___-___-EXI
100
AcDbLine
 10
-70811.17647218243
 20
6945.410784570329
 30
0.0
 11
-70811.17647218243
 21
7069.443187810654
 31
0.0
1001
REVIT
1002
{
1070
     1
1000
22987758
1002
}
1002
{
1070
     2
1000
-2000051
1002
}
1002
{
1070
     3
1000
22985857
1002
}
  0
LINE
  5
1B1
330
70
100
AcDbEntity
  8
A-COB-___-___-EXI
100
AcDbLine
 10
-70811.17647218243
 20
5613.817625254397
 30
0.0
 11
-70811.17647218243
 21
5740.190262518123
 31
0.0
1001
REVIT
1002
{
1070
     1
1000
22987759
1002
}
1002
{
1070
     2
1000
-2000051
1002
}
1002
{
1070
     3
1000
22985857
1002
}
  0
LINE
  5
1B2
330
70
100
AcDbEntity
  8
A-COB-___-___-EXI
100
AcDbLine
 10
-70811.17647218243
 20
6776.91393488536
 30
0.0
 11
-70811.17647218243
 21
6903.286572149088
 31
0.0
1001
REVIT
1002
{
1070
     1
1000
22987760
1002
}
1002
{
1070
     2
1000
-2000051
1002
}
1002
{
1070
     3
1000
22985857
1002
}
  0
LINE
  5
1B3
330
70
100
AcDbEntity
  8
A-COB-___-___-EXI
100
AcDbLine
 10
-70811.17647218243
 20
5782.314474939366
 30
0.0
 11
-70811.17647218243
 21
5908.687112203091
 31
0.0
1001
REVIT
1002
{
1070
     1
1000
22987761
1002
}
1002
{
1070
     2
1000
-2000051
1002
}
1002
{
1070
     3
1000
22985857
1002
}
  0
LINE
  5
1B4
330
70
100
AcDbEntity
  8
A-COB-___-___-EXI
100
AcDbLine
 10
-70811.17647218243
 20
6608.417085200392
 30
0.0
 11
-70811.17647218243
 21
6734.789722464118
 31
0.0
1001
REVIT
1002
{
1070
     1
1000
22987762
1002
}
1002
{
1070
     2
1000
-2000051
1002
}
1002
{
1070
     3
1000
22985857
1002
}
  0
LINE
  5
1B5
330
70
100
AcDbEntity
  8
A-COB-___-___-EXI
100
AcDbLine
 10
-70811.17647218243
 20
5950.811324624334
 30
0.0
 11
-70811.17647218243
 21
6074.843727864656
 31
0.0
1001
REVIT
1002
{
1070
     1
1000
22987763
1002
}
1002
{
1070
     2
1000
-2000051
1002
}
1002
{
1070
     3
1000
22985857
1002
}
  0
LINE
  5
1B6
330
70
100
AcDbEntity
  8
A-COB-___-___-EXI
100
AcDbLine
 10
-70811.17647218243
 20
6446.94093758563
 30
0.0
 11
-70811.17647218243
 21
6573.313574849357
 31
0.0
1001
REVIT
1002
{
1070
     1
1000
22987764
1002
}
1002
{
1070
     2
1000
-2000051
1002
}
1002
{
1070
     3
1000
22985857
1002
}
  0
LINE
  5
1B7
330
70
100
AcDbEntity
  8
A-COB-___-___-EXI
100
AcDbLine
 10
-70811.17647218243
 20
6112.287472239096
 30
0.0
 11
-70811.17647218243
 21
6238.660109502823
 31
0.0
1001
REVIT
1002
{
1070
     1
1000
22987765
1002
}
1002
{
1070
     2
1000
-2000051
1002
}
1002
{
1070
     3
1000
22985857
1002
}
  0
LINE
  5
1B8
330
70
100
AcDbEntity
  8
A-COB-___-___-EXI
100
AcDbLine
 10
-70811.17647218243
 20
6381.414384930365
 30
0.0
 11
-70811.17647218243
 21
6404.816725164389
 31
0.0
1001
REVIT
1002
{
1070
     1
1000
22987766
1002
}
1002
{
1070
     2
1000
-2000051
1002
}
1002
{
1070
     3
1000
22985857
1002
}
  0
LINE
  5
1B9
330
70
100
AcDbEntity
  8
A-COB-___-___-EXI
100
AcDbLine
 10
-70654.38079261448
 20
5506.166860177891
 30
0.0
 11
-70654.38079261448
 21
5578.714114903362
 31
0.0
1001
REVIT
1002
{
1070
     1
1000
22987767
1002
}
1002
{
1070
     2
1000
-2000051
1002
}
1002
{
1070
     3
1000
22985857
1002
}
  0
LINE
  5
1BA
330
70
100
AcDbEntity
  8
A-COB-___-___-EXI
100
AcDbLine
 10
-70654.38079261448
 20
6945.410784570329
 30
0.0
 11
-70654.38079261448
 21
7069.443187810654
 31
0.0
1001
REVIT
1002
{
1070
     1
1000
22987768
1002
}
1002
{
1070
     2
1000
-2000051
1002
}
1002
{
1070
     3
1000
22985857
1002
}
  0
LINE
  5
1BB
330
70
100
AcDbEntity
  8
A-COB-___-___-EXI
100
AcDbLine
 10
-70654.38079261448
 20
5613.817625254397
 30
0.0
 11
-70654.38079261448
 21
5740.190262518123
 31
0.0
1001
REVIT
1002
{
1070
     1
1000
22987769
1002
}
1002
{
1070
     2
1000
-2000051
1002
}
1002
{
1070
     3
1000
22985857
1002
}
  0
LINE
  5
1BC
330
70
100
AcDbEntity
  8
A-COB-___-___-EXI
100
AcDbLine
 10
-70654.38079261448
 20
6776.91393488536
 30
0.0
 11
-70654.38079261448
 21
6903.286572149088
 31
0.0
1001
REVIT
1002
{
1070
     1
1000
22987770
1002
}
1002
{
1070
     2
1000
-2000051
1002
}
1002
{
1070
     3
1000
22985857
1002
}
  0
LINE
  5
1BD
330
70
100
AcDbEntity
  8
A-COB-___-___-EXI
100
AcDbLine
 10
-70654.38079261448
 20
5782.314474939366
 30
0.0
 11
-70654.38079261448
 21
5908.687112203091
 31
0.0
1001
REVIT
1002
{
1070
     1
1000
22987771
1002
}
1002
{
1070
     2
1000
-2000051
1002
}
1002
{
1070
     3
1000
22985857
1002
}
  0
LINE
  5
1BE
330
70
100
AcDbEntity
  8
A-COB-___-___-EXI
100
AcDbLine
 10
-70654.38079261448
 20
6608.417085200392
 30
0.0
 11
-70654.38079261448
 21
6734.789722464118
 31
0.0
1001
REVIT
1002
{
1070
     1
1000
22987772
1002
}
1002
{
1070
     2
1000
-2000051
1002
}
1002
{
1070
     3
1000
22985857
1002
}
  0
LINE
  5
1BF
330
70
100
AcDbEntity
  8
A-COB-___-___-EXI
100
AcDbLine
 10
-70654.38079261448
 20
5950.811324624334
 30
0.0
 11
-70654.38079261448
 21
6074.843727864656
 31
0.0
1001
REVIT
1002
{
1070
     1
1000
22987773
1002
}
1002
{
1070
     2
1000
-2000051
1002
}
1002
{
1070
     3
1000
22985857
1002
}
  0
LINE
  5
1C0
330
70
100
AcDbEntity
  8
A-COB-___-___-EXI
100
AcDbLine
 10
-70654.38079261448
 20
6446.94093758563
 30
0.0
 11
-70654.38079261448
 21
6573.313574849357
 31
0.0
1001
REVIT
1002
{
1070
     1
1000
22987774
1002
}
1002
{
1070
     2
1000
-2000051
1002
}
1002
{
1070
     3
1000
22985857
1002
}
  0
LINE
  5
1C1
330
70
100
AcDbEntity
  8
A-COB-___-___-EXI
100
AcDbLine
 10
-70654.38079261448
 20
6112.287472239096
 30
0.0
 11
-70654.38079261448
 21
6238.660109502823
 31
0.0
1001
REVIT
1002
{
1070
     1
1000
22987775
1002
}
1002
{
1070
     2
1000
-2000051
1002
}
1002
{
1070
     3
1000
22985857
1002
}
  0
LINE
  5
1C2
330
70
100
AcDbEntity
  8
A-COB-___-___-EXI
100
AcDbLine
 10
-70654.38079261448
 20
6381.414384930365
 30
0.0
 11
-70654.38079261448
 21
6404.816725164389
 31
0.0
1001
REVIT
1002
{
1070
     1
1000
22987776
1002
}
1002
{
1070
     2
1000
-2000051
1002
}
1002
{
1070
     3
1000
22985857
1002
}
  0
LINE
  5
1C3
330
70
100
AcDbEntity
  8
A-COB-___-___-EXI
100
AcDbLine
 10
-70499.92534706992
 20
5506.166860177891
 30
0.0
 11
-70499.92534706992
 21
5578.714114903362
 31
0.0
1001
REVIT
1002
{
1070
     1
1000
22987777
1002
}
1002
{
1070
     2
1000
-2000051
1002
}
1002
{
1070
     3
1000
22985857
1002
}
  0
LINE
  5
1C4
330
70
100
AcDbEntity
  8
A-COB-___-___-EXI
100
AcDbLine
 10
-70499.92534706992
 20
6945.410784570329
 30
0.0
 11
-70499.92534706992
 21
7069.443187810654
 31
0.0
1001
REVIT
1002
{
1070
     1
1000
22987778
1002
}
1002
{
1070
     2
1000
-2000051
1002
}
1002
{
1070
     3
1000
22985857
1002
}
  0
LINE
  5
1C5
330
70
100
AcDbEntity
  8
A-COB-___-___-EXI
100
AcDbLine
 10
-70499.92534706992
 20
5613.817625254397
 30
0.0
 11
-70499.92534706992
 21
5740.190262518123
 31
0.0
1001
REVIT
1002
{
1070
     1
1000
22987779
1002
}
1002
{
1070
     2
1000
-2000051
1002
}
1002
{
1070
     3
1000
22985857
1002
}
  0
LINE
  5
1C6
330
70
100
AcDbEntity
  8
A-COB-___-___-EXI
100
AcDbLine
 10
-70499.92534706992
 20
6776.91393488536
 30
0.0
 11
-70499.92534706992
 21
6903.286572149088
 31
0.0
1001
REVIT
1002
{
1070
     1
1000
22987780
1002
}
1002
{
1070
     2
1000
-2000051
1002
}
1002
{
1070
     3
1000
22985857
1002
}
  0
LINE
  5
1C7
330
70
100
AcDbEntity
  8
A-COB-___-___-EXI
100
AcDbLine
 10
-70499.92534706992
 20
5782.314474939366
 30
0.0
 11
-70499.92534706992
 21
5908.687112203091
 31
0.0
1001
REVIT
1002
{
1070
     1
1000
22987781
1002
}
1002
{
1070
     2
1000
-2000051
1002
}
1002
{
1070
     3
1000
22985857
1002
}
  0
LINE
  5
1C8
330
70
100
AcDbEntity
  8
A-COB-___-___-EXI
100
AcDbLine
 10
-70499.92534706992
 20
6608.417085200392
 30
0.0
 11
-70499.92534706992
 21
6734.789722464118
 31
0.0
1001
REVIT
1002
{
1070
     1
1000
22987782
1002
}
1002
{
1070
     2
1000
-2000051
1002
}
1002
{
1070
     3
1000
22985857
1002
}
  0
LINE
  5
1C9
330
70
100
AcDbEntity
  8
A-COB-___-___-EXI
100
AcDbLine
 10
-70499.92534706992
 20
5950.811324624334
 30
0.0
 11
-70499.92534706992
 21
6074.843727864656
 31
0.0
1001
REVIT
1002
{
1070
     1
1000
22987783
1002
}
1002
{
1070
     2
1000
-2000051
1002
}
1002
{
1070
     3
1000
22985857
1002
}
  0
LINE
  5
1CA
330
70
100
AcDbEntity
  8
A-COB-___-___-EXI
100
AcDbLine
 10
-70499.92534706992
 20
6446.94093758563
 30
0.0
 11
-70499.92534706992
 21
6573.313574849357
 31
0.0
1001
REVIT
1002
{
1070
     1
1000
22987784
1002
}
1002
{
1070
     2
1000
-2000051
1002
}
1002
{
1070
     3
1000
22985857
1002
}
  0
LINE
  5
1CB
330
70
100
AcDbEntity
  8
A-COB-___-___-EXI
100
AcDbLine
 10
-70499.92534706992
 20
6112.287472239096
 30
0.0
 11
-70499.92534706992
 21
6238.660109502823
 31
0.0
1001
REVIT
1002
{
1070
     1
1000
22987785
1002
}
1002
{
1070
     2
1000
-2000051
1002
}
1002
{
1070
     3
1000
22985857
1002
}
  0
LINE
  5
1CC
330
70
100
AcDbEntity
  8
A-COB-___-___-EXI
100
AcDbLine
 10
-70499.92534706992
 20
6381.414384930365
 30
0.0
 11
-70499.92534706992
 21
6404.816725164389
 31
0.0
1001
REVIT
1002
{
1070
     1
1000
22987786
1002
}
1002
{
1070
     2
1000
-2000051
1002
}
1002
{
1070
     3
1000
22985857
1002
}
  0
LINE
  5
1CD
330
70
100
AcDbEntity
  8
A-COB-___-___-EXI
100
AcDbLine
 10
-70338.44919945516
 20
5506.166860177891
 30
0.0
 11
-70338.44919945516
 21
5578.714114903362
 31
0.0
1001
REVIT
1002
{
1070
     1
1000
22987787
1002
}
1002
{
1070
     2
1000
-2000051
1002
}
1002
{
1070
     3
1000
22985857
1002
}
  0
LINE
  5
1CE
330
70
100
AcDbEntity
  8
A-COB-___-___-EXI
100
AcDbLine
 10
-70338.44919945516
 20
6945.410784570329
 30
0.0
 11
-70338.44919945516
 21
7069.443187810654
 31
0.0
1001
REVIT
1002
{
1070
     1
1000
22987788
1002
}
1002
{
1070
     2
1000
-2000051
1002
}
1002
{
1070
     3
1000
22985857
1002
}
  0
LINE
  5
1CF
330
70
100
AcDbEntity
  8
A-COB-___-___-EXI
100
AcDbLine
 10
-70338.44919945516
 20
5613.817625254397
 30
0.0
 11
-70338.44919945516
 21
5740.190262518123
 31
0.0
1001
REVIT
1002
{
1070
     1
1000
22987789
1002
}
1002
{
1070
     2
1000
-2000051
1002
}
1002
{
1070
     3
1000
22985857
1002
}
  0
LINE
  5
1D0
330
70
100
AcDbEntity
  8
A-COB-___-___-EXI
100
AcDbLine
 10
-70338.44919945516
 20
6776.91393488536
 30
0.0
 11
-70338.44919945516
 21
6903.286572149088
 31
0.0
1001
REVIT
1002
{
1070
     1
1000
22987790
1002
}
1002
{
1070
     2
1000
-2000051
1002
}
1002
{
1070
     3
1000
22985857
1002
}
  0
LINE
  5
1D1
330
70
100
AcDbEntity
  8
A-COB-___-___-EXI
100
AcDbLine
 10
-70338.44919945516
 20
5782.314474939366
 30
0.0
 11
-70338.44919945516
 21
5908.687112203091
 31
0.0
1001
REVIT
1002
{
1070
     1
1000
22987791
1002
}
1002
{
1070
     2
1000
-2000051
1002
}
1002
{
1070
     3
1000
22985857
1002
}
  0
LINE
  5
1D2
330
70
100
AcDbEntity
  8
A-COB-___-___-EXI
100
AcDbLine
 10
-70338.44919945516
 20
6608.417085200392
 30
0.0
 11
-70338.44919945516
 21
6734.789722464118
 31
0.0
1001
REVIT
1002
{
1070
     1
1000
22987792
1002
}
1002
{
1070
     2
1000
-2000051
1002
}
1002
{
1070
     3
1000
22985857
1002
}
  0
LINE
  5
1D3
330
70
100
AcDbEntity
  8
A-COB-___-___-EXI
100
AcDbLine
 10
-70338.44919945516
 20
5950.811324624334
 30
0.0
 11
-70338.44919945516
 21
6074.843727864656
 31
0.0
1001
REVIT
1002
{
1070
     1
1000
22987793
1002
}
1002
{
1070
     2
1000
-2000051
1002
}
1002
{
1070
     3
1000
22985857
1002
}
  0
LINE
  5
1D4
330
70
100
AcDbEntity
  8
A-COB-___-___-EXI
100
AcDbLine
 10
-70338.44919945516
 20
6446.94093758563
 30
0.0
 11
-70338.44919945516
 21
6573.313574849357
 31
0.0
1001
REVIT
1002
{
1070
     1
1000
22987794
1002
}
1002
{
1070
     2
1000
-2000051
1002
}
1002
{
1070
     3
1000
22985857
1002
}
  0
LINE
  5
1D5
330
70
100
AcDbEntity
  8
A-COB-___-___-EXI
100
AcDbLine
 10
-70338.44919945516
 20
6112.287472239096
 30
0.0
 11
-70338.44919945516
 21
6238.660109502823
 31
0.0
1001
REVIT
1002
{
1070
     1
1000
22987795
1002
}
1002
{
1070
     2
1000
-2000051
1002
}
1002
{
1070
     3
1000
22985857
1002
}
  0
LINE
  5
1D6
330
70
100
AcDbEntity
  8
A-COB-___-___-EXI
100
AcDbLine
 10
-70338.44919945516
 20
6381.414384930365
 30
0.0
 11
-70338.44919945516
 21
6404.816725164389
 31
0.0
1001
REVIT
1002
{
1070
     1
1000
22987796
1002
}
1002
{
1070
     2
1000
-2000051
1002
}
1002
{
1070
     3
1000
22985857
1002
}
  0
LINE
  5
1D7
330
70
100
AcDbEntity
  8
A-COB-___-___-EXI
100
AcDbLine
 10
-70181.6535198872
 20
5506.166860177891
 30
0.0
 11
-70181.6535198872
 21
5578.714114903362
 31
0.0
1001
REVIT
1002
{
1070
     1
1000
22987797
1002
}
1002
{
1070
     2
1000
-2000051
1002
}
1002
{
1070
     3
1000
22985857
1002
}
  0
LINE
  5
1D8
330
70
100
AcDbEntity
  8
A-COB-___-___-EXI
100
AcDbLine
 10
-70181.6535198872
 20
6945.410784570329
 30
0.0
 11
-70181.6535198872
 21
7069.443187810654
 31
0.0
1001
REVIT
1002
{
1070
     1
1000
22987798
1002
}
1002
{
1070
     2
1000
-2000051
1002
}
1002
{
1070
     3
1000
22985857
1002
}
  0
LINE
  5
1D9
330
70
100
AcDbEntity
  8
A-COB-___-___-EXI
100
AcDbLine
 10
-70181.6535198872
 20
5613.817625254397
 30
0.0
 11
-70181.6535198872
 21
5740.190262518123
 31
0.0
1001
REVIT
1002
{
1070
     1
1000
22987799
1002
}
1002
{
1070
     2
1000
-2000051
1002
}
1002
{
1070
     3
1000
22985857
1002
}
  0
LINE
  5
1DA
330
70
100
AcDbEntity
  8
A-COB-___-___-EXI
100
AcDbLine
 10
-70181.6535198872
 20
6776.91393488536
 30
0.0
 11
-70181.6535198872
 21
6903.286572149088
 31
0.0
1001
REVIT
1002
{
1070
     1
1000
22987800
1002
}
1002
{
1070
     2
1000
-2000051
1002
}
1002
{
1070
     3
1000
22985857
1002
}
  0
LINE
  5
1DB
330
70
100
AcDbEntity
  8
A-COB-___-___-EXI
100
AcDbLine
 10
-70181.6535198872
 20
5782.314474939366
 30
0.0
 11
-70181.6535198872
 21
5908.687112203091
 31
0.0
1001
REVIT
1002
{
1070
     1
1000
22987801
1002
}
1002
{
1070
     2
1000
-2000051
1002
}
1002
{
1070
     3
1000
22985857
1002
}
  0
LINE
  5
1DC
330
70
100
AcDbEntity
  8
A-COB-___-___-EXI
100
AcDbLine
 10
-70181.6535198872
 20
6608.417085200392
 30
0.0
 11
-70181.6535198872
 21
6734.789722464118
 31
0.0
1001
REVIT
1002
{
1070
     1
1000
22987802
1002
}
1002
{
1070
     2
1000
-2000051
1002
}
1002
{
1070
     3
1000
22985857
1002
}
  0
LINE
  5
1DD
330
70
100
AcDbEntity
  8
A-COB-___-___-EXI
100
AcDbLine
 10
-70181.6535198872
 20
5950.811324624334
 30
0.0
 11
-70181.6535198872
 21
6074.843727864656
 31
0.0
1001
REVIT
1002
{
1070
     1
1000
22987803
1002
}
1002
{
1070
     2
1000
-2000051
1002
}
1002
{
1070
     3
1000
22985857
1002
}
  0
LINE
  5
1DE
330
70
100
AcDbEntity
  8
A-COB-___-___-EXI
100
AcDbLine
 10
-70181.6535198872
 20
6446.94093758563
 30
0.0
 11
-70181.6535198872
 21
6573.313574849357
 31
0.0
1001
REVIT
1002
{
1070
     1
1000
22987804
1002
}
1002
{
1070
     2
1000
-2000051
1002
}
1002
{
1070
     3
1000
22985857
1002
}
  0
LINE
  5
1DF
330
70
100
AcDbEntity
  8
A-COB-___-___-EXI
100
AcDbLine
 10
-70181.6535198872
 20
6112.287472239096
 30
0.0
 11
-70181.6535198872
 21
6238.660109502823
 31
0.0
1001
REVIT
1002
{
1070
     1
1000
22987805
1002
}
1002
{
1070
     2
1000
-2000051
1002
}
1002
{
1070
     3
1000
22985857
1002
}
  0
LINE
  5
1E0
330
70
100
AcDbEntity
  8
A-COB-___-___-EXI
100
AcDbLine
 10
-70181.6535198872
 20
6381.414384930365
 30
0.0
 11
-70181.6535198872
 21
6404.816725164389
 31
0.0
1001
REVIT
1002
{
1070
     1
1000
22987806
1002
}
1002
{
1070
     2
1000
-2000051
1002
}
1002
{
1070
     3
1000
22985857
1002
}
  0
LINE
  5
1E1
330
70
100
AcDbEntity
  8
A-COB-___-___-EXI
100
AcDbLine
 10
-70020.17737227244
 20
5506.166860177891
 30
0.0
 11
-70020.17737227244
 21
5578.714114903362
 31
0.0
1001
REVIT
1002
{
1070
     1
1000
22987807
1002
}
1002
{
1070
     2
1000
-2000051
1002
}
1002
{
1070
     3
1000
22985857
1002
}
  0
LINE
  5
1E2
330
70
100
AcDbEntity
  8
A-COB-___-___-EXI
100
AcDbLine
 10
-70020.17737227244
 20
6945.410784570329
 30
0.0
 11
-70020.17737227244
 21
7069.443187810654
 31
0.0
1001
REVIT
1002
{
1070
     1
1000
22987808
1002
}
1002
{
1070
     2
1000
-2000051
1002
}
1002
{
1070
     3
1000
22985857
1002
}
  0
LINE
  5
1E3
330
70
100
AcDbEntity
  8
A-COB-___-___-EXI
100
AcDbLine
 10
-70020.17737227244
 20
5613.817625254397
 30
0.0
 11
-70020.17737227244
 21
5740.190262518123
 31
0.0
1001
REVIT
1002
{
1070
     1
1000
22987809
1002
}
1002
{
1070
     2
1000
-2000051
1002
}
1002
{
1070
     3
1000
22985857
1002
}
  0
LINE
  5
1E4
330
70
100
AcDbEntity
  8
A-COB-___-___-EXI
100
AcDbLine
 10
-70020.17737227244
 20
6776.91393488536
 30
0.0
 11
-70020.17737227244
 21
6903.286572149088
 31
0.0
1001
REVIT
1002
{
1070
     1
1000
22987810
1002
}
1002
{
1070
     2
1000
-2000051
1002
}
1002
{
1070
     3
1000
22985857
1002
}
  0
LINE
  5
1E5
330
70
100
AcDbEntity
  8
A-COB-___-___-EXI
100
AcDbLine
 10
-70020.17737227244
 20
5782.314474939366
 30
0.0
 11
-70020.17737227244
 21
5908.687112203091
 31
0.0
1001
REVIT
1002
{
1070
     1
1000
22987811
1002
}
1002
{
1070
     2
1000
-2000051
1002
}
1002
{
1070
     3
1000
22985857
1002
}
  0
LINE
  5
1E6
330
70
100
AcDbEntity
  8
A-COB-___-___-EXI
100
AcDbLine
 10
-70020.17737227244
 20
6608.417085200392
 30
0.0
 11
-70020.17737227244
 21
6734.789722464118
 31
0.0
1001
REVIT
1002
{
1070
     1
1000
22987812
1002
}
1002
{
1070
     2
1000
-2000051
1002
}
1002
{
1070
     3
1000
22985857
1002
}
  0
LINE
  5
1E7
330
70
100
AcDbEntity
  8
A-COB-___-___-EXI
100
AcDbLine
 10
-70020.17737227244
 20
5950.811324624334
 30
0.0
 11
-70020.17737227244
 21
6074.843727864656
 31
0.0
1001
REVIT
1002
{
1070
     1
1000
22987813
1002
}
1002
{
1070
     2
1000
-2000051
1002
}
1002
{
1070
     3
1000
22985857
1002
}
  0
LINE
  5
1E8
330
70
100
AcDbEntity
  8
A-COB-___-___-EXI
100
AcDbLine
 10
-70020.17737227244
 20
6446.94093758563
 30
0.0
 11
-70020.17737227244
 21
6573.313574849357
 31
0.0
1001
REVIT
1002
{
1070
     1
1000
22987814
1002
}
1002
{
1070
     2
1000
-2000051
1002
}
1002
{
1070
     3
1000
22985857
1002
}
  0
LINE
  5
1E9
330
70
100
AcDbEntity
  8
A-COB-___-___-EXI
100
AcDbLine
 10
-70020.17737227244
 20
6112.287472239096
 30
0.0
 11
-70020.17737227244
 21
6238.660109502823
 31
0.0
1001
REVIT
1002
{
1070
     1
1000
22987815
1002
}
1002
{
1070
     2
1000
-2000051
1002
}
1002
{
1070
     3
1000
22985857
1002
}
  0
LINE
  5
1EA
330
70
100
AcDbEntity
  8
A-COB-___-___-EXI
100
AcDbLine
 10
-70020.17737227244
 20
6381.414384930365
 30
0.0
 11
-70020.17737227244
 21
6404.816725164389
 31
0.0
1001
REVIT
1002
{
1070
     1
1000
22987816
1002
}
1002
{
1070
     2
1000
-2000051
1002
}
1002
{
1070
     3
1000
22985857
1002
}
  0
LINE
  5
1EB
330
70
100
AcDbEntity
  8
A-COB-___-___-EXI
100
AcDbLine
 10
-69863.38169270448
 20
5506.166860177891
 30
0.0
 11
-69863.38169270448
 21
5578.714114903362
 31
0.0
1001
REVIT
1002
{
1070
     1
1000
22987817
1002
}
1002
{
1070
     2
1000
-2000051
1002
}
1002
{
1070
     3
1000
22985857
1002
}
  0
LINE
  5
1EC
330
70
100
AcDbEntity
  8
A-COB-___-___-EXI
100
AcDbLine
 10
-69863.38169270448
 20
6945.410784570329
 30
0.0
 11
-69863.38169270448
 21
7069.443187810654
 31
0.0
1001
REVIT
1002
{
1070
     1
1000
22987818
1002
}
1002
{
1070
     2
1000
-2000051
1002
}
1002
{
1070
     3
1000
22985857
1002
}
  0
LINE
  5
1ED
330
70
100
AcDbEntity
  8
A-COB-___-___-EXI
100
AcDbLine
 10
-69863.38169270448
 20
5613.817625254397
 30
0.0
 11
-69863.38169270448
 21
5740.190262518123
 31
0.0
1001
REVIT
1002
{
1070
     1
1000
22987819
1002
}
1002
{
1070
     2
1000
-2000051
1002
}
1002
{
1070
     3
1000
22985857
1002
}
  0
LINE
  5
1EE
330
70
100
AcDbEntity
  8
A-COB-___-___-EXI
100
AcDbLine
 10
-69863.38169270448
 20
6776.91393488536
 30
0.0
 11
-69863.38169270448
 21
6903.286572149088
 31
0.0
1001
REVIT
1002
{
1070
     1
1000
22987820
1002
}
1002
{
1070
     2
1000
-2000051
1002
}
1002
{
1070
     3
1000
22985857
1002
}
  0
LINE
  5
1EF
330
70
100
AcDbEntity
  8
A-COB-___-___-EXI
100
AcDbLine
 10
-69863.38169270448
 20
5782.314474939366
 30
0.0
 11
-69863.38169270448
 21
5908.687112203091
 31
0.0
1001
REVIT
1002
{
1070
     1
1000
22987821
1002
}
1002
{
1070
     2
1000
-2000051
1002
}
1002
{
1070
     3
1000
22985857
1002
}
  0
LINE
  5
1F0
330
70
100
AcDbEntity
  8
A-COB-___-___-EXI
100
AcDbLine
 10
-69863.38169270448
 20
6608.417085200392
 30
0.0
 11
-69863.38169270448
 21
6734.789722464118
 31
0.0
1001
REVIT
1002
{
1070
     1
1000
22987822
1002
}
1002
{
1070
     2
1000
-2000051
1002
}
1002
{
1070
     3
1000
22985857
1002
}
  0
LINE
  5
1F1
330
70
100
AcDbEntity
  8
A-COB-___-___-EXI
100
AcDbLine
 10
-69863.38169270448
 20
5950.811324624334
 30
0.0
 11
-69863.38169270448
 21
6074.843727864656
 31
0.0
1001
REVIT
1002
{
1070
     1
1000
22987823
1002
}
1002
{
1070
     2
1000
-2000051
1002
}
1002
{
1070
     3
1000
22985857
1002
}
  0
LINE
  5
1F2
330
70
100
AcDbEntity
  8
A-COB-___-___-EXI
100
AcDbLine
 10
-69863.38169270448
 20
6446.94093758563
 30
0.0
 11
-69863.38169270448
 21
6573.313574849357
 31
0.0
1001
REVIT
1002
{
1070
     1
1000
22987824
1002
}
1002
{
1070
     2
1000
-2000051
1002
}
1002
{
1070
     3
1000
22985857
1002
}
  0
LINE
  5
1F3
330
70
100
AcDbEntity
  8
A-COB-___-___-EXI
100
AcDbLine
 10
-69863.38169270448
 20
6112.287472239096
 30
0.0
 11
-69863.38169270448
 21
6238.660109502823
 31
0.0
1001
REVIT
1002
{
1070
     1
1000
22987825
1002
}
1002
{
1070
     2
1000
-2000051
1002
}
1002
{
1070
     3
1000
22985857
1002
}
  0
LINE
  5
1F4
330
70
100
AcDbEntity
  8
A-COB-___-___-EXI
100
AcDbLine
 10
-69863.38169270448
 20
6381.414384930365
 30
0.0
 11
-69863.38169270448
 21
6404.816725164389
 31
0.0
1001
REVIT
1002
{
1070
     1
1000
22987826
1002
}
1002
{
1070
     2
1000
-2000051
1002
}
1002
{
1070
     3
1000
22985857
1002
}
  0
LINE
  5
1F5
330
70
100
AcDbEntity
  8
A-COB-___-___-EXI
100
AcDbLine
 10
-69547.45009954517
 20
5506.166860177891
 30
0.0
 11
-69547.45009954517
 21
5578.714114903362
 31
0.0
1001
REVIT
1002
{
1070
     1
1000
22987827
1002
}
1002
{
1070
     2
1000
-2000051
1002
}
1002
{
1070
     3
1000
22985857
1002
}
  0
LINE
  5
1F6
330
70
100
AcDbEntity
  8
A-COB-___-___-EXI
100
AcDbLine
 10
-69547.45009954517
 20
6945.410784570329
 30
0.0
 11
-69547.45009954517
 21
7069.443187810654
 31
0.0
1001
REVIT
1002
{
1070
     1
1000
22987828
1002
}
1002
{
1070
     2
1000
-2000051
1002
}
1002
{
1070
     3
1000
22985857
1002
}
  0
LINE
  5
1F7
330
70
100
AcDbEntity
  8
A-COB-___-___-EXI
100
AcDbLine
 10
-69547.45009954517
 20
5613.817625254397
 30
0.0
 11
-69547.45009954517
 21
5740.190262518123
 31
0.0
1001
REVIT
1002
{
1070
     1
1000
22987829
1002
}
1002
{
1070
     2
1000
-2000051
1002
}
1002
{
1070
     3
1000
22985857
1002
}
  0
LINE
  5
1F8
330
70
100
AcDbEntity
  8
A-COB-___-___-EXI
100
AcDbLine
 10
-69547.45009954517
 20
6446.94093758563
 30
0.0
 11
-69547.45009954517
 21
6573.313574849357
 31
0.0
1001
REVIT
1002
{
1070
     1
1000
22987830
1002
}
1002
{
1070
     2
1000
-2000051
1002
}
1002
{
1070
     3
1000
22985857
1002
}
  0
LINE
  5
1F9
330
70
100
AcDbEntity
  8
A-COB-___-___-EXI
100
AcDbLine
 10
-69547.45009954517
 20
5782.314474939366
 30
0.0
 11
-69547.45009954517
 21
5908.687112203091
 31
0.0
1001
REVIT
1002
{
1070
     1
1000
22987831
1002
}
1002
{
1070
     2
1000
-2000051
1002
}
1002
{
1070
     3
1000
22985857
1002
}
  0
LINE
  5
1FA
330
70
100
AcDbEntity
  8
A-COB-___-___-EXI
100
AcDbLine
 10
-69547.45009954517
 20
6381.414384930365
 30
0.0
 11
-69547.45009954517
 21
6404.816725164389
 31
0.0
1001
REVIT
1002
{
1070
     1
1000
22987832
1002
}
1002
{
1070
     2
1000
-2000051
1002
}
1002
{
1070
     3
1000
22985857
1002
}
  0
LINE
  5
1FB
330
70
100
AcDbEntity
  8
A-COB-___-___-EXI
100
AcDbLine
 10
-69547.45009954517
 20
5950.811324624334
 30
0.0
 11
-69547.45009954517
 21
6074.843727864656
 31
0.0
1001
REVIT
1002
{
1070
     1
1000
22987833
1002
}
1002
{
1070
     2
1000
-2000051
1002
}
1002
{
1070
     3
1000
22985857
1002
}
  0
LINE
  5
1FC
330
70
100
AcDbEntity
  8
A-COB-___-___-EXI
100
AcDbLine
 10
-69547.45009954517
 20
6112.287472239096
 30
0.0
 11
-69547.45009954517
 21
6238.660109502823
 31
0.0
1001
REVIT
1002
{
1070
     1
1000
22987834
1002
}
1002
{
1070
     2
1000
-2000051
1002
}
1002
{
1070
     3
1000
22985857
1002
}
  0
LINE
  5
1FD
330
70
100
AcDbEntity
  8
A-COB-___-___-EXI
100
AcDbLine
 10
-69385.97395193041
 20
6945.410784570329
 30
0.0
 11
-69385.97395193041
 21
7069.443187810654
 31
0.0
1001
REVIT
1002
{
1070
     1
1000
22987835
1002
}
1002
{
1070
     2
1000
-2000051
1002
}
1002
{
1070
     3
1000
22985857
1002
}
  0
LINE
  5
1FE
330
70
100
AcDbEntity
  8
A-COB-___-___-EXI
100
AcDbLine
 10
-69229.17827236244
 20
6945.410784570329
 30
0.0
 11
-69229.17827236244
 21
7069.443187810654
 31
0.0
1001
REVIT
1002
{
1070
     1
1000
22987836
1002
}
1002
{
1070
     2
1000
-2000051
1002
}
1002
{
1070
     3
1000
22985857
1002
}
  0
LINE
  5
1FF
330
70
100
AcDbEntity
  8
A-COB-___-___-EXI
100
AcDbLine
 10
-69067.7021247477
 20
5506.166860177891
 30
0.0
 11
-69067.7021247477
 21
5578.714114903362
 31
0.0
1001
REVIT
1002
{
1070
     1
1000
22987837
1002
}
1002
{
1070
     2
1000
-2000051
1002
}
1002
{
1070
     3
1000
22985857
1002
}
  0
LINE
  5
200
330
70
100
AcDbEntity
  8
A-COB-___-___-EXI
100
AcDbLine
 10
-69067.7021247477
 20
6945.410784570329
 30
0.0
 11
-69067.7021247477
 21
7069.443187810654
 31
0.0
1001
REVIT
1002
{
1070
     1
1000
22987838
1002
}
1002
{
1070
     2
1000
-2000051
1002
}
1002
{
1070
     3
1000
22985857
1002
}
  0
LINE
  5
201
330
70
100
AcDbEntity
  8
A-COB-___-___-EXI
100
AcDbLine
 10
-69067.7021247477
 20
5613.817625254397
 30
0.0
 11
-69067.7021247477
 21
5740.190262518123
 31
0.0
1001
REVIT
1002
{
1070
     1
1000
22987839
1002
}
1002
{
1070
     2
1000
-2000051
1002
}
1002
{
1070
     3
1000
22985857
1002
}
  0
LINE
  5
202
330
70
100
AcDbEntity
  8
A-COB-___-___-EXI
100
AcDbLine
 10
-69067.7021247477
 20
6776.91393488536
 30
0.0
 11
-69067.7021247477
 21
6903.286572149088
 31
0.0
1001
REVIT
1002
{
1070
     1
1000
22987840
1002
}
1002
{
1070
     2
1000
-2000051
1002
}
1002
{
1070
     3
1000
22985857
1002
}
  0
LINE
  5
203
330
70
100
AcDbEntity
  8
A-COB-___-___-EXI
100
AcDbLine
 10
-69067.7021247477
 20
5782.314474939366
 30
0.0
 11
-69067.7021247477
 21
5908.687112203091
 31
0.0
1001
REVIT
1002
{
1070
     1
1000
22987841
1002
}
1002
{
1070
     2
1000
-2000051
1002
}
1002
{
1070
     3
1000
22985857
1002
}
  0
LINE
  5
204
330
70
100
AcDbEntity
  8
A-COB-___-___-EXI
100
AcDbLine
 10
-69067.7021247477
 20
6608.417085200392
 30
0.0
 11
-69067.7021247477
 21
6734.789722464118
 31
0.0
1001
REVIT
1002
{
1070
     1
1000
22987842
1002
}
1002
{
1070
     2
1000
-2000051
1002
}
1002
{
1070
     3
1000
22985857
1002
}
  0
LINE
  5
205
330
70
100
AcDbEntity
  8
A-COB-___-___-EXI
100
AcDbLine
 10
-69067.7021247477
 20
5950.811324624334
 30
0.0
 11
-69067.7021247477
 21
6074.843727864656
 31
0.0
1001
REVIT
1002
{
1070
     1
1000
22987843
1002
}
1002
{
1070
     2
1000
-2000051
1002
}
1002
{
1070
     3
1000
22985857
1002
}
  0
LINE
  5
206
330
70
100
AcDbEntity
  8
A-COB-___-___-EXI
100
AcDbLine
 10
-69067.7021247477
 20
6446.94093758563
 30
0.0
 11
-69067.7021247477
 21
6573.313574849357
 31
0.0
1001
REVIT
1002
{
1070
     1
1000
22987844
1002
}
1002
{
1070
     2
1000
-2000051
1002
}
1002
{
1070
     3
1000
22985857
1002
}
  0
LINE
  5
207
330
70
100
AcDbEntity
  8
A-COB-___-___-EXI
100
AcDbLine
 10
-69067.7021247477
 20
6112.287472239096
 30
0.0
 11
-69067.7021247477
 21
6238.660109502823
 31
0.0
1001
REVIT
1002
{
1070
     1
1000
22987845
1002
}
1002
{
1070
     2
1000
-2000051
1002
}
1002
{
1070
     3
1000
22985857
1002
}
  0
LINE
  5
208
330
70
100
AcDbEntity
  8
A-COB-___-___-EXI
100
AcDbLine
 10
-69067.7021247477
 20
6381.414384930365
 30
0.0
 11
-69067.7021247477
 21
6404.816725164389
 31
0.0
1001
REVIT
1002
{
1070
     1
1000
22987846
1002
}
1002
{
1070
     2
1000
-2000051
1002
}
1002
{
1070
     3
1000
22985857
1002
}
  0
LINE
  5
209
330
70
100
AcDbEntity
  8
A-COB-___-___-EXI
100
AcDbLine
 10
-68910.90644517973
 20
5506.166860177891
 30
0.0
 11
-68910.90644517973
 21
5578.714114903362
 31
0.0
1001
REVIT
1002
{
1070
     1
1000
22987847
1002
}
1002
{
1070
     2
1000
-2000051
1002
}
1002
{
1070
     3
1000
22985857
1002
}
  0
LINE
  5
20A
330
70
100
AcDbEntity
  8
A-COB-___-___-EXI
100
AcDbLine
 10
-68910.90644517973
 20
6945.410784570329
 30
0.0
 11
-68910.90644517973
 21
7069.443187810654
 31
0.0
1001
REVIT
1002
{
1070
     1
1000
22987848
1002
}
1002
{
1070
     2
1000
-2000051
1002
}
1002
{
1070
     3
1000
22985857
1002
}
  0
LINE
  5
20B
330
70
100
AcDbEntity
  8
A-COB-___-___-EXI
100
AcDbLine
 10
-68910.90644517973
 20
5613.817625254397
 30
0.0
 11
-68910.90644517973
 21
5740.190262518123
 31
0.0
1001
REVIT
1002
{
1070
     1
1000
22987849
1002
}
1002
{
1070
     2
1000
-2000051
1002
}
1002
{
1070
     3
1000
22985857
1002
}
  0
LINE
  5
20C
330
70
100
AcDbEntity
  8
A-COB-___-___-EXI
100
AcDbLine
 10
-68910.90644517973
 20
6776.91393488536
 30
0.0
 11
-68910.90644517973
 21
6903.286572149088
 31
0.0
1001
REVIT
1002
{
1070
     1
1000
22987850
1002
}
1002
{
1070
     2
1000
-2000051
1002
}
1002
{
1070
     3
1000
22985857
1002
}
  0
LINE
  5
20D
330
70
100
AcDbEntity
  8
A-COB-___-___-EXI
100
AcDbLine
 10
-68910.90644517973
 20
5782.314474939366
 30
0.0
 11
-68910.90644517973
 21
5908.687112203091
 31
0.0
1001
REVIT
1002
{
1070
     1
1000
22987851
1002
}
1002
{
1070
     2
1000
-2000051
1002
}
1002
{
1070
     3
1000
22985857
1002
}
  0
LINE
  5
20E
330
70
100
AcDbEntity
  8
A-COB-___-___-EXI
100
AcDbLine
 10
-68910.90644517973
 20
6608.417085200392
 30
0.0
 11
-68910.90644517973
 21
6734.789722464118
 31
0.0
1001
REVIT
1002
{
1070
     1
1000
22987852
1002
}
1002
{
1070
     2
1000
-2000051
1002
}
1002
{
1070
     3
1000
22985857
1002
}
  0
LINE
  5
20F
330
70
100
AcDbEntity
  8
A-COB-___-___-EXI
100
AcDbLine
 10
-68910.90644517973
 20
5950.811324624334
 30
0.0
 11
-68910.90644517973
 21
6074.843727864656
 31
0.0
1001
REVIT
1002
{
1070
     1
1000
22987853
1002
}
1002
{
1070
     2
1000
-2000051
1002
}
1002
{
1070
     3
1000
22985857
1002
}
  0
LINE
  5
210
330
70
100
AcDbEntity
  8
A-COB-___-___-EXI
100
AcDbLine
 10
-68910.90644517973
 20
6446.94093758563
 30
0.0
 11
-68910.90644517973
 21
6573.313574849357
 31
0.0
1001
REVIT
1002
{
1070
     1
1000
22987854
1002
}
1002
{
1070
     2
1000
-2000051
1002
}
1002
{
1070
     3
1000
22985857
1002
}
  0
LINE
  5
211
330
70
100
AcDbEntity
  8
A-COB-___-___-EXI
100
AcDbLine
 10
-68910.90644517973
 20
6112.287472239096
 30
0.0
 11
-68910.90644517973
 21
6238.660109502823
 31
0.0
1001
REVIT
1002
{
1070
     1
1000
22987855
1002
}
1002
{
1070
     2
1000
-2000051
1002
}
1002
{
1070
     3
1000
22985857
1002
}
  0
LINE
  5
212
330
70
100
AcDbEntity
  8
A-COB-___-___-EXI
100
AcDbLine
 10
-68910.90644517973
 20
6381.414384930365
 30
0.0
 11
-68910.90644517973
 21
6404.816725164389
 31
0.0
1001
REVIT
1002
{
1070
     1
1000
22987856
1002
}
1002
{
1070
     2
1000
-2000051
1002
}
1002
{
1070
     3
1000
22985857
1002
}
  0
LINE
  5
213
330
70
100
AcDbEntity
  8
A-COB-___-___-EXI
100
AcDbLine
 10
-68749.43029756496
 20
5506.166860177891
 30
0.0
 11
-68749.43029756496
 21
5578.714114903362
 31
0.0
1001
REVIT
1002
{
1070
     1
1000
22987857
1002
}
1002
{
1070
     2
1000
-2000051
1002
}
1002
{
1070
     3
1000
22985857
1002
}
  0
LINE
  5
214
330
70
100
AcDbEntity
  8
A-COB-___-___-EXI
100
AcDbLine
 10
-68749.43029756496
 20
6945.410784570329
 30
0.0
 11
-68749.43029756496
 21
7069.443187810654
 31
0.0
1001
REVIT
1002
{
1070
     1
1000
22987858
1002
}
1002
{
1070
     2
1000
-2000051
1002
}
1002
{
1070
     3
1000
22985857
1002
}
  0
LINE
  5
215
330
70
100
AcDbEntity
  8
A-COB-___-___-EXI
100
AcDbLine
 10
-68749.43029756496
 20
5613.817625254397
 30
0.0
 11
-68749.43029756496
 21
5740.190262518123
 31
0.0
1001
REVIT
1002
{
1070
     1
1000
22987859
1002
}
1002
{
1070
     2
1000
-2000051
1002
}
1002
{
1070
     3
1000
22985857
1002
}
  0
LINE
  5
216
330
70
100
AcDbEntity
  8
A-COB-___-___-EXI
100
AcDbLine
 10
-68749.43029756496
 20
6776.91393488536
 30
0.0
 11
-68749.43029756496
 21
6903.286572149088
 31
0.0
1001
REVIT
1002
{
1070
     1
1000
22987860
1002
}
1002
{
1070
     2
1000
-2000051
1002
}
1002
{
1070
     3
1000
22985857
1002
}
  0
LINE
  5
217
330
70
100
AcDbEntity
  8
A-COB-___-___-EXI
100
AcDbLine
 10
-68749.43029756496
 20
5782.314474939366
 30
0.0
 11
-68749.43029756496
 21
5908.687112203091
 31
0.0
1001
REVIT
1002
{
1070
     1
1000
22987861
1002
}
1002
{
1070
     2
1000
-2000051
1002
}
1002
{
1070
     3
1000
22985857
1002
}
  0
LINE
  5
218
330
70
100
AcDbEntity
  8
A-COB-___-___-EXI
100
AcDbLine
 10
-68749.43029756496
 20
6608.417085200392
 30
0.0
 11
-68749.43029756496
 21
6734.789722464118
 31
0.0
1001
REVIT
1002
{
1070
     1
1000
22987862
1002
}
1002
{
1070
     2
1000
-2000051
1002
}
1002
{
1070
     3
1000
22985857
1002
}
  0
LINE
  5
219
330
70
100
AcDbEntity
  8
A-COB-___-___-EXI
100
AcDbLine
 10
-68749.43029756496
 20
5950.811324624334
 30
0.0
 11
-68749.43029756496
 21
6074.843727864656
 31
0.0
1001
REVIT
1002
{
1070
     1
1000
22987863
1002
}
1002
{
1070
     2
1000
-2000051
1002
}
1002
{
1070
     3
1000
22985857
1002
}
  0
LINE
  5
21A
330
70
100
AcDbEntity
  8
A-COB-___-___-EXI
100
AcDbLine
 10
-68749.43029756496
 20
6446.94093758563
 30
0.0
 11
-68749.43029756496
 21
6573.313574849357
 31
0.0
1001
REVIT
1002
{
1070
     1
1000
22987864
1002
}
1002
{
1070
     2
1000
-2000051
1002
}
1002
{
1070
     3
1000
22985857
1002
}
  0
LINE
  5
21B
330
70
100
AcDbEntity
  8
A-COB-___-___-EXI
100
AcDbLine
 10
-68749.43029756496
 20
6112.287472239096
 30
0.0
 11
-68749.43029756496
 21
6238.660109502823
 31
0.0
1001
REVIT
1002
{
1070
     1
1000
22987865
1002
}
1002
{
1070
     2
1000
-2000051
1002
}
1002
{
1070
     3
1000
22985857
1002
}
  0
LINE
  5
21C
330
70
100
AcDbEntity
  8
A-COB-___-___-EXI
100
AcDbLine
 10
-68749.43029756496
 20
6381.414384930365
 30
0.0
 11
-68749.43029756496
 21
6404.816725164389
 31
0.0
1001
REVIT
1002
{
1070
     1
1000
22987866
1002
}
1002
{
1070
     2
1000
-2000051
1002
}
1002
{
1070
     3
1000
22985857
1002
}
  0
LINE
  5
23B
330
70
100
AcDbEntity
  8
A-COB-___-___-EXI
100
AcDbLine
 10
-68431.15847038224
 20
5506.166860177891
 30
0.0
 11
-68431.15847038224
 21
5578.714114903362
 31
0.0
1001
REVIT
1002
{
1070
     1
1000
22987897
1002
}
1002
{
1070
     2
1000
-2000051
1002
}
1002
{
1070
     3
1000
22985857
1002
}
  0
LINE
  5
23C
330
70
100
AcDbEntity
  8
A-COB-___-___-EXI
100
AcDbLine
 10
-68431.15847038224
 20
6945.410784570329
 30
0.0
 11
-68431.15847038224
 21
7069.443187810654
 31
0.0
1001
REVIT
1002
{
1070
     1
1000
22987898
1002
}
1002
{
1070
     2
1000
-2000051
1002
}
1002
{
1070
     3
1000
22985857
1002
}
  0
LINE
  5
23D
330
70
100
AcDbEntity
  8
A-COB-___-___-EXI
100
AcDbLine
 10
-68431.15847038224
 20
5613.817625254397
 30
0.0
 11
-68431.15847038224
 21
5740.190262518123
 31
0.0
1001
REVIT
1002
{
1070
     1
1000
22987899
1002
}
1002
{
1070
     2
1000
-2000051
1002
}
1002
{
1070
     3
1000
22985857
1002
}
  0
LINE
  5
23E
330
70
100
AcDbEntity
  8
A-COB-___-___-EXI
100
AcDbLine
 10
-68431.15847038224
 20
6776.91393488536
 30
0.0
 11
-68431.15847038224
 21
6903.286572149088
 31
0.0
1001
REVIT
1002
{
1070
     1
1000
22987900
1002
}
1002
{
1070
     2
1000
-2000051
1002
}
1002
{
1070
     3
1000
22985857
1002
}
  0
LINE
  5
23F
330
70
100
AcDbEntity
  8
A-COB-___-___-EXI
100
AcDbLine
 10
-68431.15847038224
 20
5782.314474939366
 30
0.0
 11
-68431.15847038224
 21
5908.687112203091
 31
0.0
1001
REVIT
1002
{
1070
     1
1000
22987901
1002
}
1002
{
1070
     2
1000
-2000051
1002
}
1002
{
1070
     3
1000
22985857
1002
}
  0
LINE
  5
240
330
70
100
AcDbEntity
  8
A-COB-___-___-EXI
100
AcDbLine
 10
-68431.15847038224
 20
6608.417085200392
 30
0.0
 11
-68431.15847038224
 21
6734.789722464118
 31
0.0
1001
REVIT
1002
{
1070
     1
1000
22987902
1002
}
1002
{
1070
     2
1000
-2000051
1002
}
1002
{
1070
     3
1000
22985857
1002
}
  0
LINE
  5
241
330
70
100
AcDbEntity
  8
A-COB-___-___-EXI
100
AcDbLine
 10
-68431.15847038224
 20
5950.811324624334
 30
0.0
 11
-68431.15847038224
 21
6074.843727864656
 31
0.0
1001
REVIT
1002
{
1070
     1
1000
22987903
1002
}
1002
{
1070
     2
1000
-2000051
1002
}
1002
{
1070
     3
1000
22985857
1002
}
  0
LINE
  5
242
330
70
100
AcDbEntity
  8
A-COB-___-___-EXI
100
AcDbLine
 10
-68431.15847038224
 20
6446.94093758563
 30
0.0
 11
-68431.15847038224
 21
6573.313574849357
 31
0.0
1001
REVIT
1002
{
1070
     1
1000
22987904
1002
}
1002
{
1070
     2
1000
-2000051
1002
}
1002
{
1070
     3
1000
22985857
1002
}
  0
LINE
  5
243
330
70
100
AcDbEntity
  8
A-COB-___-___-EXI
100
AcDbLine
 10
-68431.15847038224
 20
6112.287472239096
 30
0.0
 11
-68431.15847038224
 21
6238.660109502823
 31
0.0
1001
REVIT
1002
{
1070
     1
1000
22987905
1002
}
1002
{
1070
     2
1000
-2000051
1002
}
1002
{
1070
     3
1000
22985857
1002
}
  0
LINE
  5
244
330
70
100
AcDbEntity
  8
A-COB-___-___-EXI
100
AcDbLine
 10
-68431.15847038224
 20
6381.414384930365
 30
0.0
 11
-68431.15847038224
 21
6404.816725164389
 31
0.0
1001
REVIT
1002
{
1070
     1
1000
22987906
1002
}
1002
{
1070
     2
1000
-2000051
1002
}
1002
{
1070
     3
1000
22985857
1002
}
  0
LINE
  5
245
330
70
100
AcDbEntity
  8
A-COB-___-___-EXI
100
AcDbLine
 10
-68276.70302483769
 20
5506.166860177891
 30
0.0
 11
-68276.70302483769
 21
5578.714114903362
 31
0.0
1001
REVIT
1002
{
1070
     1
1000
22987907
1002
}
1002
{
1070
     2
1000
-2000051
1002
}
1002
{
1070
     3
1000
22985857
1002
}
  0
LINE
  5
246
330
70
100
AcDbEntity
  8
A-COB-___-___-EXI
100
AcDbLine
 10
-68276.70302483769
 20
6945.410784570329
 30
0.0
 11
-68276.70302483769
 21
7069.443187810654
 31
0.0
1001
REVIT
1002
{
1070
     1
1000
22987908
1002
}
1002
{
1070
     2
1000
-2000051
1002
}
1002
{
1070
     3
1000
22985857
1002
}
  0
LINE
  5
247
330
70
100
AcDbEntity
  8
A-COB-___-___-EXI
100
AcDbLine
 10
-68276.70302483769
 20
5613.817625254397
 30
0.0
 11
-68276.70302483769
 21
5740.190262518123
 31
0.0
1001
REVIT
1002
{
1070
     1
1000
22987909
1002
}
1002
{
1070
     2
1000
-2000051
1002
}
1002
{
1070
     3
1000
22985857
1002
}
  0
LINE
  5
248
330
70
100
AcDbEntity
  8
A-COB-___-___-EXI
100
AcDbLine
 10
-68276.70302483769
 20
6776.91393488536
 30
0.0
 11
-68276.70302483769
 21
6903.286572149088
 31
0.0
1001
REVIT
1002
{
1070
     1
1000
22987910
1002
}
1002
{
1070
     2
1000
-2000051
1002
}
1002
{
1070
     3
1000
22985857
1002
}
  0
LINE
  5
249
330
70
100
AcDbEntity
  8
A-COB-___-___-EXI
100
AcDbLine
 10
-68276.70302483769
 20
5782.314474939366
 30
0.0
 11
-68276.70302483769
 21
5908.687112203091
 31
0.0
1001
REVIT
1002
{
1070
     1
1000
22987911
1002
}
1002
{
1070
     2
1000
-2000051
1002
}
1002
{
1070
     3
1000
22985857
1002
}
  0
LINE
  5
24A
330
70
100
AcDbEntity
  8
A-COB-___-___-EXI
100
AcDbLine
 10
-68276.70302483769
 20
6608.417085200392
 30
0.0
 11
-68276.70302483769
 21
6734.789722464118
 31
0.0
1001
REVIT
1002
{
1070
     1
1000
22987912
1002
}
1002
{
1070
     2
1000
-2000051
1002
}
1002
{
1070
     3
1000
22985857
1002
}
  0
LINE
  5
24B
330
70
100
AcDbEntity
  8
A-COB-___-___-EXI
100
AcDbLine
 10
-68276.70302483769
 20
5950.811324624334
 30
0.0
 11
-68276.70302483769
 21
6074.843727864656
 31
0.0
1001
REVIT
1002
{
1070
     1
1000
22987913
1002
}
1002
{
1070
     2
1000
-2000051
1002
}
1002
{
1070
     3
1000
22985857
1002
}
  0
LINE
  5
24C
330
70
100
AcDbEntity
  8
A-COB-___-___-EXI
100
AcDbLine
 10
-68276.70302483769
 20
6446.94093758563
 30
0.0
 11
-68276.70302483769
 21
6573.313574849357
 31
0.0
1001
REVIT
1002
{
1070
     1
1000
22987914
1002
}
1002
{
1070
     2
1000
-2000051
1002
}
1002
{
1070
     3
1000
22985857
1002
}
  0
LINE
  5
24D
330
70
100
AcDbEntity
  8
A-COB-___-___-EXI
100
AcDbLine
 10
-68276.70302483769
 20
6112.287472239096
 30
0.0
 11
-68276.70302483769
 21
6238.660109502823
 31
0.0
1001
REVIT
1002
{
1070
     1
1000
22987915
1002
}
1002
{
1070
     2
1000
-2000051
1002
}
1002
{
1070
     3
1000
22985857
1002
}
  0
LINE
  5
24E
330
70
100
AcDbEntity
  8
A-COB-___-___-EXI
100
AcDbLine
 10
-68276.70302483769
 20
6381.414384930365
 30
0.0
 11
-68276.70302483769
 21
6404.816725164389
 31
0.0
1001
REVIT
1002
{
1070
     1
1000
22987916
1002
}
1002
{
1070
     2
1000
-2000051
1002
}
1002
{
1070
     3
1000
22985857
1002
}
  0
LINE
  5
24F
330
70
100
AcDbEntity
  8
A-COB-___-___-EXI
100
AcDbLine
 10
-68115.22687722293
 20
5506.166860177891
 30
0.0
 11
-68115.22687722293
 21
5578.714114903362
 31
0.0
1001
REVIT
1002
{
1070
     1
1000
22987917
1002
}
1002
{
1070
     2
1000
-2000051
1002
}
1002
{
1070
     3
1000
22985857
1002
}
  0
LINE
  5
250
330
70
100
AcDbEntity
  8
A-COB-___-___-EXI
100
AcDbLine
 10
-68115.22687722293
 20
6945.410784570329
 30
0.0
 11
-68115.22687722293
 21
7069.443187810654
 31
0.0
1001
REVIT
1002
{
1070
     1
1000
22987918
1002
}
1002
{
1070
     2
1000
-2000051
1002
}
1002
{
1070
     3
1000
22985857
1002
}
  0
LINE
  5
251
330
70
100
AcDbEntity
  8
A-COB-___-___-EXI
100
AcDbLine
 10
-68115.22687722293
 20
5613.817625254397
 30
0.0
 11
-68115.22687722293
 21
5740.190262518123
 31
0.0
1001
REVIT
1002
{
1070
     1
1000
22987919
1002
}
1002
{
1070
     2
1000
-2000051
1002
}
1002
{
1070
     3
1000
22985857
1002
}
  0
LINE
  5
252
330
70
100
AcDbEntity
  8
A-COB-___-___-EXI
100
AcDbLine
 10
-68115.22687722293
 20
6776.91393488536
 30
0.0
 11
-68115.22687722293
 21
6903.286572149088
 31
0.0
1001
REVIT
1002
{
1070
     1
1000
22987920
1002
}
1002
{
1070
     2
1000
-2000051
1002
}
1002
{
1070
     3
1000
22985857
1002
}
  0
LINE
  5
253
330
70
100
AcDbEntity
  8
A-COB-___-___-EXI
100
AcDbLine
 10
-68115.22687722293
 20
5782.314474939366
 30
0.0
 11
-68115.22687722293
 21
5908.687112203091
 31
0.0
1001
REVIT
1002
{
1070
     1
1000
22987921
1002
}
1002
{
1070
     2
1000
-2000051
1002
}
1002
{
1070
     3
1000
22985857
1002
}
  0
LINE
  5
254
330
70
100
AcDbEntity
  8
A-COB-___-___-EXI
100
AcDbLine
 10
-68115.22687722293
 20
6608.417085200392
 30
0.0
 11
-68115.22687722293
 21
6734.789722464118
 31
0.0
1001
REVIT
1002
{
1070
     1
1000
22987922
1002
}
1002
{
1070
     2
1000
-2000051
1002
}
1002
{
1070
     3
1000
22985857
1002
}
  0
LINE
  5
255
330
70
100
AcDbEntity
  8
A-COB-___-___-EXI
100
AcDbLine
 10
-68115.22687722293
 20
5950.811324624334
 30
0.0
 11
-68115.22687722293
 21
6074.843727864656
 31
0.0
1001
REVIT
1002
{
1070
     1
1000
22987923
1002
}
1002
{
1070
     2
1000
-2000051
1002
}
1002
{
1070
     3
1000
22985857
1002
}
  0
LINE
  5
256
330
70
100
AcDbEntity
  8
A-COB-___-___-EXI
100
AcDbLine
 10
-68115.22687722293
 20
6446.94093758563
 30
0.0
 11
-68115.22687722293
 21
6573.313574849357
 31
0.0
1001
REVIT
1002
{
1070
     1
1000
22987924
1002
}
1002
{
1070
     2
1000
-2000051
1002
}
1002
{
1070
     3
1000
22985857
1002
}
  0
LINE
  5
257
330
70
100
AcDbEntity
  8
A-COB-___-___-EXI
100
AcDbLine
 10
-68115.22687722293
 20
6112.287472239096
 30
0.0
 11
-68115.22687722293
 21
6238.660109502823
 31
0.0
1001
REVIT
1002
{
1070
     1
1000
22987925
1002
}
1002
{
1070
     2
1000
-2000051
1002
}
1002
{
1070
     3
1000
22985857
1002
}
  0
LINE
  5
258
330
70
100
AcDbEntity
  8
A-COB-___-___-EXI
100
AcDbLine
 10
-68115.22687722293
 20
6381.414384930365
 30
0.0
 11
-68115.22687722293
 21
6404.816725164389
 31
0.0
1001
REVIT
1002
{
1070
     1
1000
22987926
1002
}
1002
{
1070
     2
1000
-2000051
1002
}
1002
{
1070
     3
1000
22985857
1002
}
  0
LINE
  5
259
330
70
100
AcDbEntity
  8
A-COB-___-___-EXI
100
AcDbLine
 10
-67958.43119765498
 20
5506.166860177891
 30
0.0
 11
-67958.43119765498
 21
5578.714114903362
 31
0.0
1001
REVIT
1002
{
1070
     1
1000
22987927
1002
}
1002
{
1070
     2
1000
-2000051
1002
}
1002
{
1070
     3
1000
22985857
1002
}
  0
LINE
  5
25A
330
70
100
AcDbEntity
  8
A-COB-___-___-EXI
100
AcDbLine
 10
-67958.43119765498
 20
6945.410784570329
 30
0.0
 11
-67958.43119765498
 21
7069.443187810654
 31
0.0
1001
REVIT
1002
{
1070
     1
1000
22987928
1002
}
1002
{
1070
     2
1000
-2000051
1002
}
1002
{
1070
     3
1000
22985857
1002
}
  0
LINE
  5
25B
330
70
100
AcDbEntity
  8
A-COB-___-___-EXI
100
AcDbLine
 10
-67958.43119765498
 20
5613.817625254397
 30
0.0
 11
-67958.43119765498
 21
5740.190262518123
 31
0.0
1001
REVIT
1002
{
1070
     1
1000
22987929
1002
}
1002
{
1070
     2
1000
-2000051
1002
}
1002
{
1070
     3
1000
22985857
1002
}
  0
LINE
  5
25C
330
70
100
AcDbEntity
  8
A-COB-___-___-EXI
100
AcDbLine
 10
-67958.43119765498
 20
6776.91393488536
 30
0.0
 11
-67958.43119765498
 21
6903.286572149088
 31
0.0
1001
REVIT
1002
{
1070
     1
1000
22987930
1002
}
1002
{
1070
     2
1000
-2000051
1002
}
1002
{
1070
     3
1000
22985857
1002
}
  0
LINE
  5
25D
330
70
100
AcDbEntity
  8
A-COB-___-___-EXI
100
AcDbLine
 10
-67958.43119765498
 20
5782.314474939366
 30
0.0
 11
-67958.43119765498
 21
5908.687112203091
 31
0.0
1001
REVIT
1002
{
1070
     1
1000
22987931
1002
}
1002
{
1070
     2
1000
-2000051
1002
}
1002
{
1070
     3
1000
22985857
1002
}
  0
LINE
  5
25E
330
70
100
AcDbEntity
  8
A-COB-___-___-EXI
100
AcDbLine
 10
-67958.43119765498
 20
6608.417085200392
 30
0.0
 11
-67958.43119765498
 21
6734.789722464118
 31
0.0
1001
REVIT
1002
{
1070
     1
1000
22987932
1002
}
1002
{
1070
     2
1000
-2000051
1002
}
1002
{
1070
     3
1000
22985857
1002
}
  0
LINE
  5
25F
330
70
100
AcDbEntity
  8
A-COB-___-___-EXI
100
AcDbLine
 10
-67958.43119765498
 20
5950.811324624334
 30
0.0
 11
-67958.43119765498
 21
6074.843727864656
 31
0.0
1001
REVIT
1002
{
1070
     1
1000
22987933
1002
}
1002
{
1070
     2
1000
-2000051
1002
}
1002
{
1070
     3
1000
22985857
1002
}
  0
LINE
  5
260
330
70
100
AcDbEntity
  8
A-COB-___-___-EXI
100
AcDbLine
 10
-67958.43119765498
 20
6446.94093758563
 30
0.0
 11
-67958.43119765498
 21
6573.313574849357
 31
0.0
1001
REVIT
1002
{
1070
     1
1000
22987934
1002
}
1002
{
1070
     2
1000
-2000051
1002
}
1002
{
1070
     3
1000
22985857
1002
}
  0
LINE
  5
261
330
70
100
AcDbEntity
  8
A-COB-___-___-EXI
100
AcDbLine
 10
-67958.43119765498
 20
6112.287472239096
 30
0.0
 11
-67958.43119765498
 21
6238.660109502823
 31
0.0
1001
REVIT
1002
{
1070
     1
1000
22987935
1002
}
1002
{
1070
     2
1000
-2000051
1002
}
1002
{
1070
     3
1000
22985857
1002
}
  0
LINE
  5
262
330
70
100
AcDbEntity
  8
A-COB-___-___-EXI
100
AcDbLine
 10
-67958.43119765498
 20
6381.414384930365
 30
0.0
 11
-67958.43119765498
 21
6404.816725164389
 31
0.0
1001
REVIT
1002
{
1070
     1
1000
22987936
1002
}
1002
{
1070
     2
1000
-2000051
1002
}
1002
{
1070
     3
1000
22985857
1002
}
  0
LINE
  5
263
330
70
100
AcDbEntity
  8
A-COB-___-___-EXI
100
AcDbLine
 10
-67796.95505004022
 20
5506.166860177891
 30
0.0
 11
-67796.95505004022
 21
5578.714114903362
 31
0.0
1001
REVIT
1002
{
1070
     1
1000
22987937
1002
}
1002
{
1070
     2
1000
-2000051
1002
}
1002
{
1070
     3
1000
22985857
1002
}
  0
LINE
  5
264
330
70
100
AcDbEntity
  8
A-COB-___-___-EXI
100
AcDbLine
 10
-67796.95505004022
 20
6945.410784570329
 30
0.0
 11
-67796.95505004022
 21
7069.443187810654
 31
0.0
1001
REVIT
1002
{
1070
     1
1000
22987938
1002
}
1002
{
1070
     2
1000
-2000051
1002
}
1002
{
1070
     3
1000
22985857
1002
}
  0
LINE
  5
265
330
70
100
AcDbEntity
  8
A-COB-___-___-EXI
100
AcDbLine
 10
-67796.95505004022
 20
5613.817625254397
 30
0.0
 11
-67796.95505004022
 21
5740.190262518123
 31
0.0
1001
REVIT
1002
{
1070
     1
1000
22987939
1002
}
1002
{
1070
     2
1000
-2000051
1002
}
1002
{
1070
     3
1000
22985857
1002
}
  0
LINE
  5
266
330
70
100
AcDbEntity
  8
A-COB-___-___-EXI
100
AcDbLine
 10
-67796.95505004022
 20
6776.91393488536
 30
0.0
 11
-67796.95505004022
 21
6903.286572149088
 31
0.0
1001
REVIT
1002
{
1070
     1
1000
22987940
1002
}
1002
{
1070
     2
1000
-2000051
1002
}
1002
{
1070
     3
1000
22985857
1002
}
  0
LINE
  5
267
330
70
100
AcDbEntity
  8
A-COB-___-___-EXI
100
AcDbLine
 10
-67796.95505004022
 20
5782.314474939366
 30
0.0
 11
-67796.95505004022
 21
5908.687112203091
 31
0.0
1001
REVIT
1002
{
1070
     1
1000
22987941
1002
}
1002
{
1070
     2
1000
-2000051
1002
}
1002
{
1070
     3
1000
22985857
1002
}
  0
LINE
  5
268
330
70
100
AcDbEntity
  8
A-COB-___-___-EXI
100
AcDbLine
 10
-67796.95505004022
 20
6608.417085200392
 30
0.0
 11
-67796.95505004022
 21
6734.789722464118
 31
0.0
1001
REVIT
1002
{
1070
     1
1000
22987942
1002
}
1002
{
1070
     2
1000
-2000051
1002
}
1002
{
1070
     3
1000
22985857
1002
}
  0
LINE
  5
269
330
70
100
AcDbEntity
  8
A-COB-___-___-EXI
100
AcDbLine
 10
-67796.95505004022
 20
5950.811324624334
 30
0.0
 11
-67796.95505004022
 21
6074.843727864656
 31
0.0
1001
REVIT
1002
{
1070
     1
1000
22987943
1002
}
1002
{
1070
     2
1000
-2000051
1002
}
1002
{
1070
     3
1000
22985857
1002
}
  0
LINE
  5
26A
330
70
100
AcDbEntity
  8
A-COB-___-___-EXI
100
AcDbLine
 10
-67796.95505004022
 20
6446.94093758563
 30
0.0
 11
-67796.95505004022
 21
6573.313574849357
 31
0.0
1001
REVIT
1002
{
1070
     1
1000
22987944
1002
}
1002
{
1070
     2
1000
-2000051
1002
}
1002
{
1070
     3
1000
22985857
1002
}
  0
LINE
  5
26B
330
70
100
AcDbEntity
  8
A-COB-___-___-EXI
100
AcDbLine
 10
-67796.95505004022
 20
6112.287472239096
 30
0.0
 11
-67796.95505004022
 21
6238.660109502823
 31
0.0
1001
REVIT
1002
{
1070
     1
1000
22987945
1002
}
1002
{
1070
     2
1000
-2000051
1002
}
1002
{
1070
     3
1000
22985857
1002
}
  0
LINE
  5
26C
330
70
100
AcDbEntity
  8
A-COB-___-___-EXI
100
AcDbLine
 10
-67796.95505004022
 20
6381.414384930365
 30
0.0
 11
-67796.95505004022
 21
6404.816725164389
 31
0.0
1001
REVIT
1002
{
1070
     1
1000
22987946
1002
}
1002
{
1070
     2
1000
-2000051
1002
}
1002
{
1070
     3
1000
22985857
1002
}
  0
LINE
  5
26D
330
70
100
AcDbEntity
  8
A-COB-___-___-EXI
100
AcDbLine
 10
-67642.49960449566
 20
5506.166860177891
 30
0.0
 11
-67642.49960449566
 21
5578.714114903362
 31
0.0
1001
REVIT
1002
{
1070
     1
1000
22987947
1002
}
1002
{
1070
     2
1000
-2000051
1002
}
1002
{
1070
     3
1000
22985857
1002
}
  0
LINE
  5
26E
330
70
100
AcDbEntity
  8
A-COB-___-___-EXI
100
AcDbLine
 10
-67642.49960449566
 20
6945.410784570329
 30
0.0
 11
-67642.49960449566
 21
7069.443187810654
 31
0.0
1001
REVIT
1002
{
1070
     1
1000
22987948
1002
}
1002
{
1070
     2
1000
-2000051
1002
}
1002
{
1070
     3
1000
22985857
1002
}
  0
LINE
  5
26F
330
70
100
AcDbEntity
  8
A-COB-___-___-EXI
100
AcDbLine
 10
-67642.49960449566
 20
5613.817625254397
 30
0.0
 11
-67642.49960449566
 21
5740.190262518123
 31
0.0
1001
REVIT
1002
{
1070
     1
1000
22987949
1002
}
1002
{
1070
     2
1000
-2000051
1002
}
1002
{
1070
     3
1000
22985857
1002
}
  0
LINE
  5
270
330
70
100
AcDbEntity
  8
A-COB-___-___-EXI
100
AcDbLine
 10
-67642.49960449566
 20
6776.91393488536
 30
0.0
 11
-67642.49960449566
 21
6903.286572149088
 31
0.0
1001
REVIT
1002
{
1070
     1
1000
22987950
1002
}
1002
{
1070
     2
1000
-2000051
1002
}
1002
{
1070
     3
1000
22985857
1002
}
  0
LINE
  5
271
330
70
100
AcDbEntity
  8
A-COB-___-___-EXI
100
AcDbLine
 10
-67642.49960449566
 20
5782.314474939366
 30
0.0
 11
-67642.49960449566
 21
5908.687112203091
 31
0.0
1001
REVIT
1002
{
1070
     1
1000
22987951
1002
}
1002
{
1070
     2
1000
-2000051
1002
}
1002
{
1070
     3
1000
22985857
1002
}
  0
LINE
  5
272
330
70
100
AcDbEntity
  8
A-COB-___-___-EXI
100
AcDbLine
 10
-67642.49960449566
 20
6608.417085200392
 30
0.0
 11
-67642.49960449566
 21
6734.789722464118
 31
0.0
1001
REVIT
1002
{
1070
     1
1000
22987952
1002
}
1002
{
1070
     2
1000
-2000051
1002
}
1002
{
1070
     3
1000
22985857
1002
}
  0
LINE
  5
273
330
70
100
AcDbEntity
  8
A-COB-___-___-EXI
100
AcDbLine
 10
-67642.49960449566
 20
5950.811324624334
 30
0.0
 11
-67642.49960449566
 21
6074.843727864656
 31
0.0
1001
REVIT
1002
{
1070
     1
1000
22987953
1002
}
1002
{
1070
     2
1000
-2000051
1002
}
1002
{
1070
     3
1000
22985857
1002
}
  0
LINE
  5
274
330
70
100
AcDbEntity
  8
A-COB-___-___-EXI
100
AcDbLine
 10
-67642.49960449566
 20
6446.94093758563
 30
0.0
 11
-67642.49960449566
 21
6573.313574849357
 31
0.0
1001
REVIT
1002
{
1070
     1
1000
22987954
1002
}
1002
{
1070
     2
1000
-2000051
1002
}
1002
{
1070
     3
1000
22985857
1002
}
  0
LINE
  5
275
330
70
100
AcDbEntity
  8
A-COB-___-___-EXI
100
AcDbLine
 10
-67642.49960449566
 20
6112.287472239096
 30
0.0
 11
-67642.49960449566
 21
6238.660109502823
 31
0.0
1001
REVIT
1002
{
1070
     1
1000
22987955
1002
}
1002
{
1070
     2
1000
-2000051
1002
}
1002
{
1070
     3
1000
22985857
1002
}
  0
LINE
  5
276
330
70
100
AcDbEntity
  8
A-COB-___-___-EXI
100
AcDbLine
 10
-67642.49960449566
 20
6381.414384930365
 30
0.0
 11
-67642.49960449566
 21
6404.816725164389
 31
0.0
1001
REVIT
1002
{
1070
     1
1000
22987956
1002
}
1002
{
1070
     2
1000
-2000051
1002
}
1002
{
1070
     3
1000
22985857
1002
}
  0
LINE
  5
277
330
70
100
AcDbEntity
  8
A-COB-___-___-EXI
100
AcDbLine
 10
-67478.68322285751
 20
5506.166860177891
 30
0.0
 11
-67478.68322285751
 21
5578.714114903362
 31
0.0
1001
REVIT
1002
{
1070
     1
1000
22987957
1002
}
1002
{
1070
     2
1000
-2000051
1002
}
1002
{
1070
     3
1000
22985857
1002
}
  0
LINE
  5
278
330
70
100
AcDbEntity
  8
A-COB-___-___-EXI
100
AcDbLine
 10
-67478.68322285751
 20
6945.410784570329
 30
0.0
 11
-67478.68322285751
 21
7069.443187810654
 31
0.0
1001
REVIT
1002
{
1070
     1
1000
22987958
1002
}
1002
{
1070
     2
1000
-2000051
1002
}
1002
{
1070
     3
1000
22985857
1002
}
  0
LINE
  5
279
330
70
100
AcDbEntity
  8
A-COB-___-___-EXI
100
AcDbLine
 10
-67478.68322285751
 20
5613.817625254397
 30
0.0
 11
-67478.68322285751
 21
5740.190262518123
 31
0.0
1001
REVIT
1002
{
1070
     1
1000
22987959
1002
}
1002
{
1070
     2
1000
-2000051
1002
}
1002
{
1070
     3
1000
22985857
1002
}
  0
LINE
  5
27A
330
70
100
AcDbEntity
  8
A-COB-___-___-EXI
100
AcDbLine
 10
-67478.68322285751
 20
6776.91393488536
 30
0.0
 11
-67478.68322285751
 21
6903.286572149088
 31
0.0
1001
REVIT
1002
{
1070
     1
1000
22987960
1002
}
1002
{
1070
     2
1000
-2000051
1002
}
1002
{
1070
     3
1000
22985857
1002
}
  0
LINE
  5
27B
330
70
100
AcDbEntity
  8
A-COB-___-___-EXI
100
AcDbLine
 10
-67478.68322285751
 20
5782.314474939366
 30
0.0
 11
-67478.68322285751
 21
5908.687112203091
 31
0.0
1001
REVIT
1002
{
1070
     1
1000
22987961
1002
}
1002
{
1070
     2
1000
-2000051
1002
}
1002
{
1070
     3
1000
22985857
1002
}
  0
LINE
  5
27C
330
70
100
AcDbEntity
  8
A-COB-___-___-EXI
100
AcDbLine
 10
-67478.68322285751
 20
6608.417085200392
 30
0.0
 11
-67478.68322285751
 21
6734.789722464118
 31
0.0
1001
REVIT
1002
{
1070
     1
1000
22987962
1002
}
1002
{
1070
     2
1000
-2000051
1002
}
1002
{
1070
     3
1000
22985857
1002
}
  0
LINE
  5
27D
330
70
100
AcDbEntity
  8
A-COB-___-___-EXI
100
AcDbLine
 10
-67478.68322285751
 20
5950.811324624334
 30
0.0
 11
-67478.68322285751
 21
6074.843727864656
 31
0.0
1001
REVIT
1002
{
1070
     1
1000
22987963
1002
}
1002
{
1070
     2
1000
-2000051
1002
}
1002
{
1070
     3
1000
22985857
1002
}
  0
LINE
  5
27E
330
70
100
AcDbEntity
  8
A-COB-___-___-EXI
100
AcDbLine
 10
-67478.68322285751
 20
6446.94093758563
 30
0.0
 11
-67478.68322285751
 21
6573.313574849357
 31
0.0
1001
REVIT
1002
{
1070
     1
1000
22987964
1002
}
1002
{
1070
     2
1000
-2000051
1002
}
1002
{
1070
     3
1000
22985857
1002
}
  0
LINE
  5
27F
330
70
100
AcDbEntity
  8
A-COB-___-___-EXI
100
AcDbLine
 10
-67478.68322285751
 20
6112.287472239096
 30
0.0
 11
-67478.68322285751
 21
6238.660109502823
 31
0.0
1001
REVIT
1002
{
1070
     1
1000
22987965
1002
}
1002
{
1070
     2
1000
-2000051
1002
}
1002
{
1070
     3
1000
22985857
1002
}
  0
LINE
  5
280
330
70
100
AcDbEntity
  8
A-COB-___-___-EXI
100
AcDbLine
 10
-67478.68322285751
 20
6381.414384930365
 30
0.0
 11
-67478.68322285751
 21
6404.816725164389
 31
0.0
1001
REVIT
1002
{
1070
     1
1000
22987966
1002
}
1002
{
1070
     2
1000
-2000051
1002
}
1002
{
1070
     3
1000
22985857
1002
}
  0
LINE
  5
281
330
70
100
AcDbEntity
  8
A-COB-___-___-EXI
100
AcDbLine
 10
-67324.22777731295
 20
5506.166860177891
 30
0.0
 11
-67324.22777731295
 21
5578.714114903362
 31
0.0
1001
REVIT
1002
{
1070
     1
1000
22987967
1002
}
1002
{
1070
     2
1000
-2000051
1002
}
1002
{
1070
     3
1000
22985857
1002
}
  0
LINE
  5
282
330
70
100
AcDbEntity
  8
A-COB-___-___-EXI
100
AcDbLine
 10
-67324.22777731295
 20
6945.410784570329
 30
0.0
 11
-67324.22777731295
 21
7069.443187810654
 31
0.0
1001
REVIT
1002
{
1070
     1
1000
22987968
1002
}
1002
{
1070
     2
1000
-2000051
1002
}
1002
{
1070
     3
1000
22985857
1002
}
  0
LINE
  5
283
330
70
100
AcDbEntity
  8
A-COB-___-___-EXI
100
AcDbLine
 10
-67324.22777731295
 20
5613.817625254397
 30
0.0
 11
-67324.22777731295
 21
5740.190262518123
 31
0.0
1001
REVIT
1002
{
1070
     1
1000
22987969
1002
}
1002
{
1070
     2
1000
-2000051
1002
}
1002
{
1070
     3
1000
22985857
1002
}
  0
LINE
  5
284
330
70
100
AcDbEntity
  8
A-COB-___-___-EXI
100
AcDbLine
 10
-67324.22777731295
 20
6776.91393488536
 30
0.0
 11
-67324.22777731295
 21
6903.286572149088
 31
0.0
1001
REVIT
1002
{
1070
     1
1000
22987970
1002
}
1002
{
1070
     2
1000
-2000051
1002
}
1002
{
1070
     3
1000
22985857
1002
}
  0
LINE
  5
285
330
70
100
AcDbEntity
  8
A-COB-___-___-EXI
100
AcDbLine
 10
-67324.22777731295
 20
5782.314474939366
 30
0.0
 11
-67324.22777731295
 21
5908.687112203091
 31
0.0
1001
REVIT
1002
{
1070
     1
1000
22987971
1002
}
1002
{
1070
     2
1000
-2000051
1002
}
1002
{
1070
     3
1000
22985857
1002
}
  0
LINE
  5
286
330
70
100
AcDbEntity
  8
A-COB-___-___-EXI
100
AcDbLine
 10
-67324.22777731295
 20
6608.417085200392
 30
0.0
 11
-67324.22777731295
 21
6734.789722464118
 31
0.0
1001
REVIT
1002
{
1070
     1
1000
22987972
1002
}
1002
{
1070
     2
1000
-2000051
1002
}
1002
{
1070
     3
1000
22985857
1002
}
  0
LINE
  5
287
330
70
100
AcDbEntity
  8
A-COB-___-___-EXI
100
AcDbLine
 10
-67324.22777731295
 20
5950.811324624334
 30
0.0
 11
-67324.22777731295
 21
6074.843727864656
 31
0.0
1001
REVIT
1002
{
1070
     1
1000
22987973
1002
}
1002
{
1070
     2
1000
-2000051
1002
}
1002
{
1070
     3
1000
22985857
1002
}
  0
LINE
  5
288
330
70
100
AcDbEntity
  8
A-COB-___-___-EXI
100
AcDbLine
 10
-67324.22777731295
 20
6446.94093758563
 30
0.0
 11
-67324.22777731295
 21
6573.313574849357
 31
0.0
1001
REVIT
1002
{
1070
     1
1000
22987974
1002
}
1002
{
1070
     2
1000
-2000051
1002
}
1002
{
1070
     3
1000
22985857
1002
}
  0
LINE
  5
289
330
70
100
AcDbEntity
  8
A-COB-___-___-EXI
100
AcDbLine
 10
-67324.22777731295
 20
6112.287472239096
 30
0.0
 11
-67324.22777731295
 21
6238.660109502823
 31
0.0
1001
REVIT
1002
{
1070
     1
1000
22987975
1002
}
1002
{
1070
     2
1000
-2000051
1002
}
1002
{
1070
     3
1000
22985857
1002
}
  0
LINE
  5
28A
330
70
100
AcDbEntity
  8
A-COB-___-___-EXI
100
AcDbLine
 10
-67324.22777731295
 20
6381.414384930365
 30
0.0
 11
-67324.22777731295
 21
6404.816725164389
 31
0.0
1001
REVIT
1002
{
1070
     1
1000
22987976
1002
}
1002
{
1070
     2
1000
-2000051
1002
}
1002
{
1070
     3
1000
22985857
1002
}
  0
LINE
  5
28B
330
70
100
AcDbEntity
  8
A-COB-___-___-EXI
100
AcDbLine
 10
-67162.75162969817
 20
5506.166860177891
 30
0.0
 11
-67162.75162969817
 21
5578.714114903362
 31
0.0
1001
REVIT
1002
{
1070
     1
1000
22987977
1002
}
1002
{
1070
     2
1000
-2000051
1002
}
1002
{
1070
     3
1000
22985857
1002
}
  0
LINE
  5
28C
330
70
100
AcDbEntity
  8
A-COB-___-___-EXI
100
AcDbLine
 10
-67162.75162969817
 20
6945.410784570329
 30
0.0
 11
-67162.75162969817
 21
7069.443187810654
 31
0.0
1001
REVIT
1002
{
1070
     1
1000
22987978
1002
}
1002
{
1070
     2
1000
-2000051
1002
}
1002
{
1070
     3
1000
22985857
1002
}
  0
LINE
  5
28D
330
70
100
AcDbEntity
  8
A-COB-___-___-EXI
100
AcDbLine
 10
-67162.75162969817
 20
5613.817625254397
 30
0.0
 11
-67162.75162969817
 21
5740.190262518123
 31
0.0
1001
REVIT
1002
{
1070
     1
1000
22987979
1002
}
1002
{
1070
     2
1000
-2000051
1002
}
1002
{
1070
     3
1000
22985857
1002
}
  0
LINE
  5
28E
330
70
100
AcDbEntity
  8
A-COB-___-___-EXI
100
AcDbLine
 10
-67162.75162969817
 20
6776.91393488536
 30
0.0
 11
-67162.75162969817
 21
6903.286572149088
 31
0.0
1001
REVIT
1002
{
1070
     1
1000
22987980
1002
}
1002
{
1070
     2
1000
-2000051
1002
}
1002
{
1070
     3
1000
22985857
1002
}
  0
LINE
  5
28F
330
70
100
AcDbEntity
  8
A-COB-___-___-EXI
100
AcDbLine
 10
-67162.75162969817
 20
5782.314474939366
 30
0.0
 11
-67162.75162969817
 21
5908.687112203091
 31
0.0
1001
REVIT
1002
{
1070
     1
1000
22987981
1002
}
1002
{
1070
     2
1000
-2000051
1002
}
1002
{
1070
     3
1000
22985857
1002
}
  0
LINE
  5
290
330
70
100
AcDbEntity
  8
A-COB-___-___-EXI
100
AcDbLine
 10
-67162.75162969817
 20
6608.417085200392
 30
0.0
 11
-67162.75162969817
 21
6734.789722464118
 31
0.0
1001
REVIT
1002
{
1070
     1
1000
22987982
1002
}
1002
{
1070
     2
1000
-2000051
1002
}
1002
{
1070
     3
1000
22985857
1002
}
  0
LINE
  5
291
330
70
100
AcDbEntity
  8
A-COB-___-___-EXI
100
AcDbLine
 10
-67162.75162969817
 20
5950.811324624334
 30
0.0
 11
-67162.75162969817
 21
6074.843727864656
 31
0.0
1001
REVIT
1002
{
1070
     1
1000
22987983
1002
}
1002
{
1070
     2
1000
-2000051
1002
}
1002
{
1070
     3
1000
22985857
1002
}
  0
LINE
  5
292
330
70
100
AcDbEntity
  8
A-COB-___-___-EXI
100
AcDbLine
 10
-67162.75162969817
 20
6446.94093758563
 30
0.0
 11
-67162.75162969817
 21
6573.313574849357
 31
0.0
1001
REVIT
1002
{
1070
     1
1000
22987984
1002
}
1002
{
1070
     2
1000
-2000051
1002
}
1002
{
1070
     3
1000
22985857
1002
}
  0
LINE
  5
293
330
70
100
AcDbEntity
  8
A-COB-___-___-EXI
100
AcDbLine
 10
-67162.75162969817
 20
6112.287472239096
 30
0.0
 11
-67162.75162969817
 21
6238.660109502823
 31
0.0
1001
REVIT
1002
{
1070
     1
1000
22987985
1002
}
1002
{
1070
     2
1000
-2000051
1002
}
1002
{
1070
     3
1000
22985857
1002
}
  0
LINE
  5
294
330
70
100
AcDbEntity
  8
A-COB-___-___-EXI
100
AcDbLine
 10
-67162.75162969817
 20
6381.414384930365
 30
0.0
 11
-67162.75162969817
 21
6404.816725164389
 31
0.0
1001
REVIT
1002
{
1070
     1
1000
22987986
1002
}
1002
{
1070
     2
1000
-2000051
1002
}
1002
{
1070
     3
1000
22985857
1002
}
  0
LINE
  5
295
330
70
100
AcDbEntity
  8
A-COB-___-___-EXI
100
AcDbLine
 10
-66844.47980251546
 20
5506.166860177891
 30
0.0
 11
-66844.47980251546
 21
5578.714114903362
 31
0.0
1001
REVIT
1002
{
1070
     1
1000
22987987
1002
}
1002
{
1070
     2
1000
-2000051
1002
}
1002
{
1070
     3
1000
22985857
1002
}
  0
LINE
  5
296
330
70
100
AcDbEntity
  8
A-COB-___-___-EXI
100
AcDbLine
 10
-66844.47980251546
 20
6945.410784570329
 30
0.0
 11
-66844.47980251546
 21
7069.443187810654
 31
0.0
1001
REVIT
1002
{
1070
     1
1000
22987988
1002
}
1002
{
1070
     2
1000
-2000051
1002
}
1002
{
1070
     3
1000
22985857
1002
}
  0
LINE
  5
297
330
70
100
AcDbEntity
  8
A-COB-___-___-EXI
100
AcDbLine
 10
-66844.47980251546
 20
5613.817625254397
 30
0.0
 11
-66844.47980251546
 21
5740.190262518123
 31
0.0
1001
REVIT
1002
{
1070
     1
1000
22987989
1002
}
1002
{
1070
     2
1000
-2000051
1002
}
1002
{
1070
     3
1000
22985857
1002
}
  0
LINE
  5
298
330
70
100
AcDbEntity
  8
A-COB-___-___-EXI
100
AcDbLine
 10
-66844.47980251546
 20
6776.91393488536
 30
0.0
 11
-66844.47980251546
 21
6903.286572149088
 31
0.0
1001
REVIT
1002
{
1070
     1
1000
22987990
1002
}
1002
{
1070
     2
1000
-2000051
1002
}
1002
{
1070
     3
1000
22985857
1002
}
  0
LINE
  5
299
330
70
100
AcDbEntity
  8
A-COB-___-___-EXI
100
AcDbLine
 10
-66844.47980251546
 20
5782.314474939366
 30
0.0
 11
-66844.47980251546
 21
5908.687112203091
 31
0.0
1001
REVIT
1002
{
1070
     1
1000
22987991
1002
}
1002
{
1070
     2
1000
-2000051
1002
}
1002
{
1070
     3
1000
22985857
1002
}
  0
LINE
  5
29A
330
70
100
AcDbEntity
  8
A-COB-___-___-EXI
100
AcDbLine
 10
-66844.47980251546
 20
6608.417085200392
 30
0.0
 11
-66844.47980251546
 21
6734.789722464118
 31
0.0
1001
REVIT
1002
{
1070
     1
1000
22987992
1002
}
1002
{
1070
     2
1000
-2000051
1002
}
1002
{
1070
     3
1000
22985857
1002
}
  0
LINE
  5
29B
330
70
100
AcDbEntity
  8
A-COB-___-___-EXI
100
AcDbLine
 10
-66844.47980251546
 20
5950.811324624334
 30
0.0
 11
-66844.47980251546
 21
6074.843727864656
 31
0.0
1001
REVIT
1002
{
1070
     1
1000
22987993
1002
}
1002
{
1070
     2
1000
-2000051
1002
}
1002
{
1070
     3
1000
22985857
1002
}
  0
LINE
  5
29C
330
70
100
AcDbEntity
  8
A-COB-___-___-EXI
100
AcDbLine
 10
-66844.47980251546
 20
6446.94093758563
 30
0.0
 11
-66844.47980251546
 21
6573.313574849357
 31
0.0
1001
REVIT
1002
{
1070
     1
1000
22987994
1002
}
1002
{
1070
     2
1000
-2000051
1002
}
1002
{
1070
     3
1000
22985857
1002
}
  0
LINE
  5
29D
330
70
100
AcDbEntity
  8
A-COB-___-___-EXI
100
AcDbLine
 10
-66844.47980251546
 20
6381.414384930365
 30
0.0
 11
-66844.47980251546
 21
6404.816725164389
 31
0.0
1001
REVIT
1002
{
1070
     1
1000
22987995
1002
}
1002
{
1070
     2
1000
-2000051
1002
}
1002
{
1070
     3
1000
22985857
1002
}
  0
LINE
  5
29E
330
70
100
AcDbEntity
  8
A-COB-___-___-EXI
100
AcDbLine
 10
-66690.02435697091
 20
6945.410784570329
 30
0.0
 11
-66690.02435697091
 21
7069.443187810654
 31
0.0
1001
REVIT
1002
{
1070
     1
1000
22987996
1002
}
1002
{
1070
     2
1000
-2000051
1002
}
1002
{
1070
     3
1000
22985857
1002
}
  0
LINE
  5
29F
330
70
100
AcDbEntity
  8
A-COB-___-___-EXI
100
AcDbLine
 10
-66690.02435697091
 20
6872.863529844858
 30
0.0
 11
-66690.02435697091
 21
6903.286572149088
 31
0.0
1001
REVIT
1002
{
1070
     1
1000
22987997
1002
}
1002
{
1070
     2
1000
-2000051
1002
}
1002
{
1070
     3
1000
22985857
1002
}
  0
LINE
  5
2A0
330
70
100
AcDbEntity
  8
A-COB-___-___-EXI
100
AcDbLine
 10
-66526.20797533274
 20
6872.863529844858
 30
0.0
 11
-66526.20797533274
 21
6903.286572149088
 31
0.0
1001
REVIT
1002
{
1070
     1
1000
22987998
1002
}
1002
{
1070
     2
1000
-2000051
1002
}
1002
{
1070
     3
1000
22985857
1002
}
  0
LINE
  5
2A1
330
70
100
AcDbEntity
  8
A-COB-___-___-EXI
100
AcDbLine
 10
-66526.20797533274
 20
6945.410784570329
 30
0.0
 11
-66526.20797533274
 21
7069.443187810654
 31
0.0
1001
REVIT
1002
{
1070
     1
1000
22987999
1002
}
1002
{
1070
     2
1000
-2000051
1002
}
1002
{
1070
     3
1000
22985857
1002
}
  0
LINE
  5
2A2
330
70
100
AcDbEntity
  8
A-COB-___-___-EXI
100
AcDbLine
 10
-72308.92624715994
 20
7069.443187810654
 30
0.0
 11
-71829.17827236245
 21
7069.443187810654
 31
0.0
1001
REVIT
1002
{
1070
     1
1000
22988000
1002
}
1002
{
1070
     2
1000
-2000051
1002
}
1002
{
1070
     3
1000
22985857
1002
}
  0
LINE
  5
2A3
330
70
100
AcDbEntity
  8
A-COB-___-___-EXI
100
AcDbLine
 10
-71782.3735918944
 20
7069.443187810654
 30
0.0
 11
-71295.60491502672
 21
7069.443187810654
 31
0.0
1001
REVIT
1002
{
1070
     1
1000
22988001
1002
}
1002
{
1070
     2
1000
-2000051
1002
}
1002
{
1070
     3
1000
22985857
1002
}
  0
LINE
  5
2A4
330
70
100
AcDbEntity
  8
A-COB-___-___-EXI
100
AcDbLine
 10
-71248.80023455867
 20
7069.443187810654
 30
0.0
 11
-70769.05225976118
 21
7069.443187810654
 31
0.0
1001
REVIT
1002
{
1070
     1
1000
22988002
1002
}
1002
{
1070
     2
1000
-2000051
1002
}
1002
{
1070
     3
1000
22985857
1002
}
  0
LINE
  5
2A5
330
70
100
AcDbEntity
  8
A-COB-___-___-EXI
100
AcDbLine
 10
-70715.22687722293
 20
7069.443187810654
 30
0.0
 11
-70235.47890242546
 21
7069.443187810654
 31
0.0
1001
REVIT
1002
{
1070
     1
1000
22988003
1002
}
1002
{
1070
     2
1000
-2000051
1002
}
1002
{
1070
     3
1000
22985857
1002
}
  0
LINE
  5
2A6
330
70
100
AcDbEntity
  8
A-COB-___-___-EXI
100
AcDbLine
 10
-70188.6742219574
 20
7069.443187810654
 30
0.0
 11
-69701.90554508971
 21
7069.443187810654
 31
0.0
1001
REVIT
1002
{
1070
     1
1000
22988004
1002
}
1002
{
1070
     2
1000
-2000051
1002
}
1002
{
1070
     3
1000
22985857
1002
}
  0
LINE
  5
2A7
330
70
100
AcDbEntity
  8
A-COB-___-___-EXI
100
AcDbLine
 10
-69655.10086462168
 20
7069.443187810654
 30
0.0
 11
-69175.35288982419
 21
7069.443187810654
 31
0.0
1001
REVIT
1002
{
1070
     1
1000
22988005
1002
}
1002
{
1070
     2
1000
-2000051
1002
}
1002
{
1070
     3
1000
22985857
1002
}
  0
LINE
  5
2A8
330
70
100
AcDbEntity
  8
A-COB-___-___-EXI
100
AcDbLine
 10
-69121.52750728593
 20
7069.443187810654
 30
0.0
 11
-68641.77953248846
 21
7069.443187810654
 31
0.0
1001
REVIT
1002
{
1070
     1
1000
22988006
1002
}
1002
{
1070
     2
1000
-2000051
1002
}
1002
{
1070
     3
1000
22985857
1002
}
  0
LINE
  5
2A9
330
70
100
AcDbEntity
  8
A-COB-___-___-EXI
100
AcDbLine
 10
-68061.40149468467
 20
7069.443187810654
 30
0.0
 11
-67581.6535198872
 21
7069.443187810654
 31
0.0
1001
REVIT
1002
{
1070
     1
1000
22988007
1002
}
1002
{
1070
     2
1000
-2000051
1002
}
1002
{
1070
     3
1000
22985857
1002
}
  0
LINE
  5
2AA
330
70
100
AcDbEntity
  8
A-COB-___-___-EXI
100
AcDbLine
 10
-67527.82813734894
 20
7069.443187810654
 30
0.0
 11
-67048.08016255147
 21
7069.443187810654
 31
0.0
1001
REVIT
1002
{
1070
     1
1000
22988008
1002
}
1002
{
1070
     2
1000
-2000051
1002
}
1002
{
1070
     3
1000
22985857
1002
}
  0
LINE
  5
2AD
330
70
100
AcDbEntity
  8
A-COB-___-___-EXI
100
AcDbLine
 10
-66467.70212474769
 20
7069.443187810654
 30
0.0
 11
-66149.43029756497
 21
7069.443187810654
 31
0.0
1001
REVIT
1002
{
1070
     1
1000
22988011
1002
}
1002
{
1070
     2
1000
-2000051
1002
}
1002
{
1070
     3
1000
22985857
1002
}
  0
LINE
  5
2AE
330
70
100
AcDbEntity
  8
A-COB-___-___-EXI
100
AcDbLine
 10
-66467.70212474769
 20
7099.866230114884
 30
0.0
 11
-66467.70212474769
 21
7106.886932185091
 31
0.0
1001
REVIT
1002
{
1070
     1
1000
22988012
1002
}
1002
{
1070
     2
1000
-2000051
1002
}
1002
{
1070
     3
1000
22985857
1002
}
  0
LINE
  5
2B1
330
70
100
AcDbEntity
  8
A-COB-___-___-EXI
100
AcDbLine
 10
-76364.55180971618
 20
5309.587202212092
 30
0.0
 11
-76364.55180971618
 21
6063.142557747648
 31
0.0
1001
REVIT
1002
{
1070
     1
1000
22988015
1002
}
1002
{
1070
     2
1000
-2000051
1002
}
1002
{
1070
     3
1000
22985857
1002
}
  0
LINE
  5
2B2
330
70
100
AcDbEntity
  8
A-COB-___-___-EXI
100
AcDbLine
 10
-76207.75613014823
 20
5309.587202212092
 30
0.0
 11
-76207.75613014823
 21
5410.217265218392
 31
0.0
1001
REVIT
1002
{
1070
     1
1000
22988016
1002
}
1002
{
1070
     2
1000
-2000051
1002
}
1002
{
1070
     3
1000
22985857
1002
}
  0
LINE
  5
2B3
330
70
100
AcDbEntity
  8
A-COB-___-___-EXI
100
AcDbLine
 10
-76207.75613014823
 20
5609.137157207594
 30
0.0
 11
-76207.75613014823
 21
6063.142557747648
 31
0.0
1001
REVIT
1002
{
1070
     1
1000
22988017
1002
}
1002
{
1070
     2
1000
-2000051
1002
}
1002
{
1070
     3
1000
22985857
1002
}
  0
LINE
  5
2B4
330
70
100
AcDbEntity
  8
A-COB-___-___-EXI
100
AcDbLine
 10
-76046.27998253347
 20
5662.962539745847
 30
0.0
 11
-76046.27998253347
 21
6063.142557747648
 31
0.0
1001
REVIT
1002
{
1070
     1
1000
22988018
1002
}
1002
{
1070
     2
1000
-2000051
1002
}
1002
{
1070
     3
1000
22985857
1002
}
  0
LINE
  5
2B5
330
70
100
AcDbEntity
  8
A-COB-___-___-EXI
100
AcDbLine
 10
-75891.82453698891
 20
5740.190262518123
 30
0.0
 11
-75891.82453698891
 21
6063.142557747648
 31
0.0
1001
REVIT
1002
{
1070
     1
1000
22988019
1002
}
1002
{
1070
     2
1000
-2000051
1002
}
1002
{
1070
     3
1000
22985857
1002
}
  0
LINE
  5
2B6
330
70
100
AcDbEntity
  8
A-COB-___-___-EXI
100
AcDbLine
 10
-75735.02885742096
 20
5794.015645056378
 30
0.0
 11
-75735.02885742096
 21
6063.142557747648
 31
0.0
1001
REVIT
1002
{
1070
     1
1000
22988020
1002
}
1002
{
1070
     2
1000
-2000051
1002
}
1002
{
1070
     3
1000
22985857
1002
}
  0
LINE
  5
2B7
330
70
100
AcDbEntity
  8
A-COB-___-___-EXI
100
AcDbLine
 10
-75573.55270980618
 20
5878.26406989886
 30
0.0
 11
-75573.55270980618
 21
6063.142557747648
 31
0.0
1001
REVIT
1002
{
1070
     1
1000
22988021
1002
}
1002
{
1070
     2
1000
-2000051
1002
}
1002
{
1070
     3
1000
22985857
1002
}
  0
LINE
  5
2B8
330
70
100
AcDbEntity
  8
A-COB-___-___-EXI
100
AcDbLine
 10
-75416.75703023823
 20
5932.089452437116
 30
0.0
 11
-75416.75703023823
 21
6063.142557747648
 31
0.0
1001
REVIT
1002
{
1070
     1
1000
22988022
1002
}
1002
{
1070
     2
1000
-2000051
1002
}
1002
{
1070
     3
1000
22985857
1002
}
  0
LINE
  5
2B9
330
70
100
AcDbEntity
  8
A-COB-___-___-EXI
100
AcDbLine
 10
-75255.28088262348
 20
5985.914834975369
 30
0.0
 11
-75255.28088262348
 21
6063.142557747648
 31
0.0
1001
REVIT
1002
{
1070
     1
1000
22988023
1002
}
1002
{
1070
     2
1000
-2000051
1002
}
1002
{
1070
     3
1000
22985857
1002
}
  0
LINE
  5
2BA
330
70
100
AcDbEntity
  8
A-ALV-___-___-EXI
100
AcDbLine
 10
-75646.09996453167
 20
5356.391882680139
 30
0.0
 11
-75646.09996453167
 21
2756.391882680139
 31
0.0
1001
REVIT
1002
{
1070
     1
1000
22988024
1002
}
1002
{
1070
     2
1000
-2000051
1002
}
1002
{
1070
     3
1000
22985857
1002
}
  0
LINE
  5
2BB
330
70
100
AcDbEntity
  8
A-ALV-___-___-EXI
100
AcDbLine
 10
-74356.63101763697
 20
2756.391882680139
 30
0.0
 11
-74356.63101763697
 21
5356.391882680139
 31
0.0
1001
REVIT
1002
{
1070
     1
1000
22988025
1002
}
1002
{
1070
     2
1000
-2000051
1002
}
1002
{
1070
     3
1000
22985857
1002
}
  0
LINE
  5
2BD
330
70
100
AcDbEntity
  8
A-COB-___-___-EXI
100
AcDbLine
 10
-76130.52840737595
 20
6142.710514543326
 30
0.0
 11
-76502.62561709693
 21
6159.092152707144
 31
0.0
1001
REVIT
1002
{
1070
     1
1000
22988027
1002
}
1002
{
1070
     2
1000
-2000051
1002
}
1002
{
1070
     3
1000
22985857
1002
}
  0
LINE
  5
2BF
330
70
100
AcDbEntity
  8
A-ALV-___-___-EXI
100
AcDbLine
 10
-74452.58061259647
 20
5356.391882680139
 30
0.0
 11
-74717.02705724093
 21
5356.391882680139
 31
0.0
1001
REVIT
1002
{
1070
     1
1000
22988030
1002
}
1002
{
1070
     2
1000
-2000051
1002
}
1002
{
1070
     3
1000
22985857
1002
}
  0
LINE
  5
2C3
330
70
100
AcDbEntity
  8
A-COB-___-___-EXI
100
AcDbLine
 10
-76149.25027956317
 20
5356.391882680139
 30
0.0
 11
-76561.13146768198
 21
5356.391882680139
 31
0.0
1001
REVIT
1002
{
1070
     1
1000
22988035
1002
}
1002
{
1070
     2
1000
-2000051
1002
}
1002
{
1070
     3
1000
22985857
1002
}
  0
LINE
  5
2C4
330
70
100
AcDbEntity
  8
A-ALV-___-___-EXI
100
AcDbLine
 10
-76507.30608514373
 20
2756.391882680139
 30
0.0
 11
-76507.30608514373
 21
5410.217265218392
 31
0.0
1001
REVIT
1002
{
1070
     1
1000
22988036
1002
}
1002
{
1070
     2
1000
-2000051
1002
}
1002
{
1070
     3
1000
22985857
1002
}
  0
LINE
  5
2C5
330
70
100
AcDbEntity
  8
A-ALV-___-___-EXI
100
AcDbLine
 10
-76561.13146768198
 20
2779.794222914163
 30
0.0
 11
-76537.72912744797
 21
2756.391882680139
 31
0.0
1001
REVIT
1002
{
1070
     1
1000
22988037
1002
}
1002
{
1070
     2
1000
-2000051
1002
}
1002
{
1070
     3
1000
22985857
1002
}
  0
LINE
  5
2C6
330
70
100
AcDbEntity
  8
A-COB-___-___-EXI
100
AcDbLine
 10
-76460.50140467568
 20
5309.587202212092
 30
0.0
 11
-76561.13146768198
 21
5410.217265218392
 31
0.0
1001
REVIT
1002
{
1070
     1
1000
22988038
1002
}
1002
{
1070
     2
1000
-2000051
1002
}
1002
{
1070
     3
1000
22985857
1002
}
  0
LINE
  5
2C8
330
70
100
AcDbEntity
  8
A-ALV-___-___-EXI
100
AcDbLine
 10
-71744.92984751996
 20
5356.391882680139
 30
0.0
 11
-71698.12516705191
 21
5356.391882680139
 31
0.0
1001
REVIT
1002
{
1070
     1
1000
22988046
1002
}
1002
{
1070
     2
1000
-2000051
1002
}
1002
{
1070
     3
1000
22985857
1002
}
  0
LINE
  5
2C9
330
70
100
AcDbEntity
  8
A-COB-___-___-EXI
100
AcDbLine
 10
-72362.75162969818
 20
7003.916635155388
 30
0.0
 11
-72362.75162969818
 21
6381.414384930365
 31
0.0
1001
REVIT
1002
{
1070
     1
1000
22988061
1002
}
1002
{
1070
     2
1000
-2000051
1002
}
1002
{
1070
     3
1000
22985857
1002
}
  0
LINE
  5
2CA
330
70
100
AcDbEntity
  8
A-COB-___-___-EXI
100
AcDbLine
 10
-72362.75162969818
 20
6273.763619853857
 30
0.0
 11
-72362.75162969818
 21
5506.166860177891
 31
0.0
1001
REVIT
1002
{
1070
     1
1000
22988062
1002
}
1002
{
1070
     2
1000
-2000051
1002
}
1002
{
1070
     3
1000
22985857
1002
}
  0
LINE
  5
2CB
330
70
100
AcDbEntity
  8
A-COB-___-___-EXI
100
AcDbLine
 10
-72308.92624715994
 20
7003.916635155388
 30
0.0
 11
-72308.92624715994
 21
6381.414384930365
 31
0.0
1001
REVIT
1002
{
1070
     1
1000
22988063
1002
}
1002
{
1070
     2
1000
-2000051
1002
}
1002
{
1070
     3
1000
22985857
1002
}
  0
LINE
  5
2CC
330
70
100
AcDbEntity
  8
A-COB-___-___-EXI
100
AcDbLine
 10
-72308.92624715994
 20
6273.763619853857
 30
0.0
 11
-72308.92624715994
 21
5506.166860177891
 31
0.0
1001
REVIT
1002
{
1070
     1
1000
22988064
1002
}
1002
{
1070
     2
1000
-2000051
1002
}
1002
{
1070
     3
1000
22985857
1002
}
  0
LINE
  5
2CD
330
70
100
AcDbEntity
  8
A-COB-___-___-EXI
100
AcDbLine
 10
-71829.17827236245
 20
7003.916635155388
 30
0.0
 11
-71829.17827236245
 21
6381.414384930365
 31
0.0
1001
REVIT
1002
{
1070
     1
1000
22988065
1002
}
1002
{
1070
     2
1000
-2000051
1002
}
1002
{
1070
     3
1000
22985857
1002
}
  0
LINE
  5
2CE
330
70
100
AcDbEntity
  8
A-COB-___-___-EXI
100
AcDbLine
 10
-71829.17827236245
 20
6273.763619853857
 30
0.0
 11
-71829.17827236245
 21
5506.166860177891
 31
0.0
1001
REVIT
1002
{
1070
     1
1000
22988066
1002
}
1002
{
1070
     2
1000
-2000051
1002
}
1002
{
1070
     3
1000
22985857
1002
}
  0
LINE
  5
2CF
330
70
100
AcDbEntity
  8
A-COB-___-___-EXI
100
AcDbLine
 10
-71782.3735918944
 20
7003.916635155388
 30
0.0
 11
-71782.3735918944
 21
6381.414384930365
 31
0.0
1001
REVIT
1002
{
1070
     1
1000
22988067
1002
}
1002
{
1070
     2
1000
-2000051
1002
}
1002
{
1070
     3
1000
22985857
1002
}
  0
LINE
  5
2D0
330
70
100
AcDbEntity
  8
A-COB-___-___-EXI
100
AcDbLine
 10
-71782.3735918944
 20
6273.763619853857
 30
0.0
 11
-71782.3735918944
 21
5506.166860177891
 31
0.0
1001
REVIT
1002
{
1070
     1
1000
22988068
1002
}
1002
{
1070
     2
1000
-2000051
1002
}
1002
{
1070
     3
1000
22985857
1002
}
  0
LINE
  5
2D1
330
70
100
AcDbEntity
  8
A-COB-___-___-EXI
100
AcDbLine
 10
-71295.60491502672
 20
7003.916635155388
 30
0.0
 11
-71295.60491502672
 21
6381.414384930365
 31
0.0
1001
REVIT
1002
{
1070
     1
1000
22988069
1002
}
1002
{
1070
     2
1000
-2000051
1002
}
1002
{
1070
     3
1000
22985857
1002
}
  0
LINE
  5
2D2
330
70
100
AcDbEntity
  8
A-COB-___-___-EXI
100
AcDbLine
 10
-71295.60491502672
 20
6273.763619853857
 30
0.0
 11
-71295.60491502672
 21
5506.166860177891
 31
0.0
1001
REVIT
1002
{
1070
     1
1000
22988070
1002
}
1002
{
1070
     2
1000
-2000051
1002
}
1002
{
1070
     3
1000
22985857
1002
}
  0
LINE
  5
2D3
330
70
100
AcDbEntity
  8
A-COB-___-___-EXI
100
AcDbLine
 10
-71248.80023455867
 20
7003.916635155388
 30
0.0
 11
-71248.80023455867
 21
6381.414384930365
 31
0.0
1001
REVIT
1002
{
1070
     1
1000
22988071
1002
}
1002
{
1070
     2
1000
-2000051
1002
}
1002
{
1070
     3
1000
22985857
1002
}
  0
LINE
  5
2D4
330
70
100
AcDbEntity
  8
A-COB-___-___-EXI
100
AcDbLine
 10
-71248.80023455867
 20
6273.763619853857
 30
0.0
 11
-71248.80023455867
 21
5506.166860177891
 31
0.0
1001
REVIT
1002
{
1070
     1
1000
22988072
1002
}
1002
{
1070
     2
1000
-2000051
1002
}
1002
{
1070
     3
1000
22985857
1002
}
  0
LINE
  5
2D5
330
70
100
AcDbEntity
  8
A-COB-___-___-EXI
100
AcDbLine
 10
-70769.05225976118
 20
7003.916635155388
 30
0.0
 11
-70769.05225976118
 21
6381.414384930365
 31
0.0
1001
REVIT
1002
{
1070
     1
1000
22988073
1002
}
1002
{
1070
     2
1000
-2000051
1002
}
1002
{
1070
     3
1000
22985857
1002
}
  0
LINE
  5
2D6
330
70
100
AcDbEntity
  8
A-COB-___-___-EXI
100
AcDbLine
 10
-70769.05225976118
 20
6273.763619853857
 30
0.0
 11
-70769.05225976118
 21
5506.166860177891
 31
0.0
1001
REVIT
1002
{
1070
     1
1000
22988074
1002
}
1002
{
1070
     2
1000
-2000051
1002
}
1002
{
1070
     3
1000
22985857
1002
}
  0
LINE
  5
2D7
330
70
100
AcDbEntity
  8
A-COB-___-___-EXI
100
AcDbLine
 10
-70715.22687722293
 20
7003.916635155388
 30
0.0
 11
-70715.22687722293
 21
6381.414384930365
 31
0.0
1001
REVIT
1002
{
1070
     1
1000
22988075
1002
}
1002
{
1070
     2
1000
-2000051
1002
}
1002
{
1070
     3
1000
22985857
1002
}
  0
LINE
  5
2D8
330
70
100
AcDbEntity
  8
A-COB-___-___-EXI
100
AcDbLine
 10
-70715.22687722293
 20
6273.763619853857
 30
0.0
 11
-70715.22687722293
 21
5506.166860177891
 31
0.0
1001
REVIT
1002
{
1070
     1
1000
22988076
1002
}
1002
{
1070
     2
1000
-2000051
1002
}
1002
{
1070
     3
1000
22985857
1002
}
  0
LINE
  5
2D9
330
70
100
AcDbEntity
  8
A-COB-___-___-EXI
100
AcDbLine
 10
-70235.47890242546
 20
7003.916635155388
 30
0.0
 11
-70235.47890242546
 21
6381.414384930365
 31
0.0
1001
REVIT
1002
{
1070
     1
1000
22988077
1002
}
1002
{
1070
     2
1000
-2000051
1002
}
1002
{
1070
     3
1000
22985857
1002
}
  0
LINE
  5
2DA
330
70
100
AcDbEntity
  8
A-COB-___-___-EXI
100
AcDbLine
 10
-70235.47890242546
 20
6273.763619853857
 30
0.0
 11
-70235.47890242546
 21
5506.166860177891
 31
0.0
1001
REVIT
1002
{
1070
     1
1000
22988078
1002
}
1002
{
1070
     2
1000
-2000051
1002
}
1002
{
1070
     3
1000
22985857
1002
}
  0
LINE
  5
2DB
330
70
100
AcDbEntity
  8
A-COB-___-___-EXI
100
AcDbLine
 10
-70188.6742219574
 20
7003.916635155388
 30
0.0
 11
-70188.6742219574
 21
6381.414384930365
 31
0.0
1001
REVIT
1002
{
1070
     1
1000
22988079
1002
}
1002
{
1070
     2
1000
-2000051
1002
}
1002
{
1070
     3
1000
22985857
1002
}
  0
LINE
  5
2DC
330
70
100
AcDbEntity
  8
A-COB-___-___-EXI
100
AcDbLine
 10
-70188.6742219574
 20
6273.763619853857
 30
0.0
 11
-70188.6742219574
 21
5506.166860177891
 31
0.0
1001
REVIT
1002
{
1070
     1
1000
22988080
1002
}
1002
{
1070
     2
1000
-2000051
1002
}
1002
{
1070
     3
1000
22985857
1002
}
  0
LINE
  5
2DD
330
70
100
AcDbEntity
  8
A-COB-___-___-EXI
100
AcDbLine
 10
-69701.90554508971
 20
7003.916635155388
 30
0.0
 11
-69701.90554508971
 21
6381.414384930365
 31
0.0
1001
REVIT
1002
{
1070
     1
1000
22988081
1002
}
1002
{
1070
     2
1000
-2000051
1002
}
1002
{
1070
     3
1000
22985857
1002
}
  0
LINE
  5
2DE
330
70
100
AcDbEntity
  8
A-COB-___-___-EXI
100
AcDbLine
 10
-69701.90554508971
 20
6273.763619853857
 30
0.0
 11
-69701.90554508971
 21
5506.166860177891
 31
0.0
1001
REVIT
1002
{
1070
     1
1000
22988082
1002
}
1002
{
1070
     2
1000
-2000051
1002
}
1002
{
1070
     3
1000
22985857
1002
}
  0
LINE
  5
2DF
330
70
100
AcDbEntity
  8
A-COB-___-___-EXI
100
AcDbLine
 10
-69655.10086462168
 20
7003.916635155388
 30
0.0
 11
-69655.10086462168
 21
6381.414384930365
 31
0.0
1001
REVIT
1002
{
1070
     1
1000
22988083
1002
}
1002
{
1070
     2
1000
-2000051
1002
}
1002
{
1070
     3
1000
22985857
1002
}
  0
LINE
  5
2E0
330
70
100
AcDbEntity
  8
A-COB-___-___-EXI
100
AcDbLine
 10
-69655.10086462168
 20
6273.763619853857
 30
0.0
 11
-69655.10086462168
 21
5506.166860177891
 31
0.0
1001
REVIT
1002
{
1070
     1
1000
22988084
1002
}
1002
{
1070
     2
1000
-2000051
1002
}
1002
{
1070
     3
1000
22985857
1002
}
  0
LINE
  5
2E1
330
70
100
AcDbEntity
  8
A-COB-___-___-EXI
100
AcDbLine
 10
-69175.35288982419
 20
7003.916635155388
 30
0.0
 11
-69175.35288982419
 21
6381.414384930365
 31
0.0
1001
REVIT
1002
{
1070
     1
1000
22988085
1002
}
1002
{
1070
     2
1000
-2000051
1002
}
1002
{
1070
     3
1000
22985857
1002
}
  0
LINE
  5
2E2
330
70
100
AcDbEntity
  8
A-COB-___-___-EXI
100
AcDbLine
 10
-69175.35288982419
 20
6273.763619853857
 30
0.0
 11
-69175.35288982419
 21
5506.166860177891
 31
0.0
1001
REVIT
1002
{
1070
     1
1000
22988086
1002
}
1002
{
1070
     2
1000
-2000051
1002
}
1002
{
1070
     3
1000
22985857
1002
}
  0
LINE
  5
2E3
330
70
100
AcDbEntity
  8
A-COB-___-___-EXI
100
AcDbLine
 10
-69121.52750728593
 20
7003.916635155388
 30
0.0
 11
-69121.52750728593
 21
6381.414384930365
 31
0.0
1001
REVIT
1002
{
1070
     1
1000
22988087
1002
}
1002
{
1070
     2
1000
-2000051
1002
}
1002
{
1070
     3
1000
22985857
1002
}
  0
LINE
  5
2E4
330
70
100
AcDbEntity
  8
A-COB-___-___-EXI
100
AcDbLine
 10
-69121.52750728593
 20
6273.763619853857
 30
0.0
 11
-69121.52750728593
 21
5506.166860177891
 31
0.0
1001
REVIT
1002
{
1070
     1
1000
22988088
1002
}
1002
{
1070
     2
1000
-2000051
1002
}
1002
{
1070
     3
1000
22985857
1002
}
  0
LINE
  5
2E5
330
70
100
AcDbEntity
  8
A-COB-___-___-EXI
100
AcDbLine
 10
-68641.77953248846
 20
7003.916635155388
 30
0.0
 11
-68641.77953248846
 21
6381.414384930365
 31
0.0
1001
REVIT
1002
{
1070
     1
1000
22988089
1002
}
1002
{
1070
     2
1000
-2000051
1002
}
1002
{
1070
     3
1000
22985857
1002
}
  0
LINE
  5
2E6
330
70
100
AcDbEntity
  8
A-COB-___-___-EXI
100
AcDbLine
 10
-68641.77953248846
 20
6273.763619853857
 30
0.0
 11
-68641.77953248846
 21
5506.166860177891
 31
0.0
1001
REVIT
1002
{
1070
     1
1000
22988090
1002
}
1002
{
1070
     2
1000
-2000051
1002
}
1002
{
1070
     3
1000
22985857
1002
}
  0
LINE
  5
2E7
330
70
100
AcDbEntity
  8
A-COB-___-___-EXI
100
AcDbLine
 10
-68108.20617515272
 20
7003.916635155388
 30
0.0
 11
-68108.20617515272
 21
6381.414384930365
 31
0.0
1001
REVIT
1002
{
1070
     1
1000
22988091
1002
}
1002
{
1070
     2
1000
-2000051
1002
}
1002
{
1070
     3
1000
22985857
1002
}
  0
LINE
  5
2E8
330
70
100
AcDbEntity
  8
A-COB-___-___-EXI
100
AcDbLine
 10
-68108.20617515272
 20
6273.763619853857
 30
0.0
 11
-68108.20617515272
 21
5506.166860177891
 31
0.0
1001
REVIT
1002
{
1070
     1
1000
22988092
1002
}
1002
{
1070
     2
1000
-2000051
1002
}
1002
{
1070
     3
1000
22985857
1002
}
  0
LINE
  5
2E9
330
70
100
AcDbEntity
  8
A-COB-___-___-EXI
100
AcDbLine
 10
-68061.40149468467
 20
7003.916635155388
 30
0.0
 11
-68061.40149468467
 21
6381.414384930365
 31
0.0
1001
REVIT
1002
{
1070
     1
1000
22988093
1002
}
1002
{
1070
     2
1000
-2000051
1002
}
1002
{
1070
     3
1000
22985857
1002
}
  0
LINE
  5
2EA
330
70
100
AcDbEntity
  8
A-COB-___-___-EXI
100
AcDbLine
 10
-68061.40149468467
 20
6273.763619853857
 30
0.0
 11
-68061.40149468467
 21
5506.166860177891
 31
0.0
1001
REVIT
1002
{
1070
     1
1000
22988094
1002
}
1002
{
1070
     2
1000
-2000051
1002
}
1002
{
1070
     3
1000
22985857
1002
}
  0
LINE
  5
2EB
330
70
100
AcDbEntity
  8
A-COB-___-___-EXI
100
AcDbLine
 10
-67581.6535198872
 20
7003.916635155388
 30
0.0
 11
-67581.6535198872
 21
6381.414384930365
 31
0.0
1001
REVIT
1002
{
1070
     1
1000
22988095
1002
}
1002
{
1070
     2
1000
-2000051
1002
}
1002
{
1070
     3
1000
22985857
1002
}
  0
LINE
  5
2EC
330
70
100
AcDbEntity
  8
A-COB-___-___-EXI
100
AcDbLine
 10
-67581.6535198872
 20
6273.763619853857
 30
0.0
 11
-67581.6535198872
 21
5506.166860177891
 31
0.0
1001
REVIT
1002
{
1070
     1
1000
22988096
1002
}
1002
{
1070
     2
1000
-2000051
1002
}
1002
{
1070
     3
1000
22985857
1002
}
  0
LINE
  5
2ED
330
70
100
AcDbEntity
  8
A-COB-___-___-EXI
100
AcDbLine
 10
-67527.82813734894
 20
7003.916635155388
 30
0.0
 11
-67527.82813734894
 21
6381.414384930365
 31
0.0
1001
REVIT
1002
{
1070
     1
1000
22988097
1002
}
1002
{
1070
     2
1000
-2000051
1002
}
1002
{
1070
     3
1000
22985857
1002
}
  0
LINE
  5
2EE
330
70
100
AcDbEntity
  8
A-COB-___-___-EXI
100
AcDbLine
 10
-67527.82813734894
 20
6273.763619853857
 30
0.0
 11
-67527.82813734894
 21
5506.166860177891
 31
0.0
1001
REVIT
1002
{
1070
     1
1000
22988098
1002
}
1002
{
1070
     2
1000
-2000051
1002
}
1002
{
1070
     3
1000
22985857
1002
}
  0
LINE
  5
2EF
330
70
100
AcDbEntity
  8
A-COB-___-___-EXI
100
AcDbLine
 10
-67048.08016255147
 20
7003.916635155388
 30
0.0
 11
-67048.08016255147
 21
6381.414384930365
 31
0.0
1001
REVIT
1002
{
1070
     1
1000
22988099
1002
}
1002
{
1070
     2
1000
-2000051
1002
}
1002
{
1070
     3
1000
22985857
1002
}
  0
LINE
  5
2F0
330
70
100
AcDbEntity
  8
A-COB-___-___-EXI
100
AcDbLine
 10
-67048.08016255147
 20
6273.763619853857
 30
0.0
 11
-67048.08016255147
 21
5506.166860177891
 31
0.0
1001
REVIT
1002
{
1070
     1
1000
22988100
1002
}
1002
{
1070
     2
1000
-2000051
1002
}
1002
{
1070
     3
1000
22985857
1002
}
  0
LINE
  5
2F1
330
70
100
AcDbEntity
  8
A-COB-___-___-EXI
100
AcDbLine
 10
-67001.27548208342
 20
7003.916635155388
 30
0.0
 11
-67001.27548208342
 21
6381.414384930365
 31
0.0
1001
REVIT
1002
{
1070
     1
1000
22988101
1002
}
1002
{
1070
     2
1000
-2000051
1002
}
1002
{
1070
     3
1000
22985857
1002
}
  0
LINE
  5
2F2
330
70
100
AcDbEntity
  8
A-COB-___-___-EXI
100
AcDbLine
 10
-67001.27548208342
 20
6273.763619853857
 30
0.0
 11
-67001.27548208342
 21
5506.166860177891
 31
0.0
1001
REVIT
1002
{
1070
     1
1000
22988102
1002
}
1002
{
1070
     2
1000
-2000051
1002
}
1002
{
1070
     3
1000
22985857
1002
}
  0
LINE
  5
323
330
70
100
AcDbEntity
  8
A-COB-___-___-EXI
100
AcDbLine
 10
-72613.15667020224
 20
6903.286572149088
 30
0.0
 11
-72362.75162969818
 21
6903.286572149088
 31
0.0
1001
REVIT
1002
{
1070
     1
1000
22988151
1002
}
1002
{
1070
     2
1000
-2000051
1002
}
1002
{
1070
     3
1000
22985857
1002
}
  0
LINE
  5
324
330
70
100
AcDbEntity
  8
A-COB-___-___-EXI
100
AcDbLine
 10
-72308.92624715994
 20
6903.286572149088
 30
0.0
 11
-71829.17827236245
 21
6903.286572149088
 31
0.0
1001
REVIT
1002
{
1070
     1
1000
22988152
1002
}
1002
{
1070
     2
1000
-2000051
1002
}
1002
{
1070
     3
1000
22985857
1002
}
  0
LINE
  5
325
330
70
100
AcDbEntity
  8
A-COB-___-___-EXI
100
AcDbLine
 10
-71782.3735918944
 20
6903.286572149088
 30
0.0
 11
-71295.60491502672
 21
6903.286572149088
 31
0.0
1001
REVIT
1002
{
1070
     1
1000
22988153
1002
}
1002
{
1070
     2
1000
-2000051
1002
}
1002
{
1070
     3
1000
22985857
1002
}
  0
LINE
  5
326
330
70
100
AcDbEntity
  8
A-COB-___-___-EXI
100
AcDbLine
 10
-71248.80023455867
 20
6903.286572149088
 30
0.0
 11
-70769.05225976118
 21
6903.286572149088
 31
0.0
1001
REVIT
1002
{
1070
     1
1000
22988154
1002
}
1002
{
1070
     2
1000
-2000051
1002
}
1002
{
1070
     3
1000
22985857
1002
}
  0
LINE
  5
327
330
70
100
AcDbEntity
  8
A-COB-___-___-EXI
100
AcDbLine
 10
-70715.22687722293
 20
6903.286572149088
 30
0.0
 11
-70235.47890242546
 21
6903.286572149088
 31
0.0
1001
REVIT
1002
{
1070
     1
1000
22988155
1002
}
1002
{
1070
     2
1000
-2000051
1002
}
1002
{
1070
     3
1000
22985857
1002
}
  0
LINE
  5
328
330
70
100
AcDbEntity
  8
A-COB-___-___-EXI
100
AcDbLine
 10
-70188.6742219574
 20
6903.286572149088
 30
0.0
 11
-69701.90554508971
 21
6903.286572149088
 31
0.0
1001
REVIT
1002
{
1070
     1
1000
22988156
1002
}
1002
{
1070
     2
1000
-2000051
1002
}
1002
{
1070
     3
1000
22985857
1002
}
  0
LINE
  5
329
330
70
100
AcDbEntity
  8
A-COB-___-___-EXI
100
AcDbLine
 10
-69655.10086462168
 20
6903.286572149088
 30
0.0
 11
-69175.35288982419
 21
6903.286572149088
 31
0.0
1001
REVIT
1002
{
1070
     1
1000
22988157
1002
}
1002
{
1070
     2
1000
-2000051
1002
}
1002
{
1070
     3
1000
22985857
1002
}
  0
LINE
  5
32A
330
70
100
AcDbEntity
  8
A-COB-___-___-EXI
100
AcDbLine
 10
-69121.52750728593
 20
6903.286572149088
 30
0.0
 11
-68641.77953248846
 21
6903.286572149088
 31
0.0
1001
REVIT
1002
{
1070
     1
1000
22988158
1002
}
1002
{
1070
     2
1000
-2000051
1002
}
1002
{
1070
     3
1000
22985857
1002
}
  0
LINE
  5
32B
330
70
100
AcDbEntity
  8
A-COB-___-___-EXI
100
AcDbLine
 10
-68061.40149468467
 20
6903.286572149088
 30
0.0
 11
-67581.6535198872
 21
6903.286572149088
 31
0.0
1001
REVIT
1002
{
1070
     1
1000
22988159
1002
}
1002
{
1070
     2
1000
-2000051
1002
}
1002
{
1070
     3
1000
22985857
1002
}
  0
LINE
  5
32C
330
70
100
AcDbEntity
  8
A-COB-___-___-EXI
100
AcDbLine
 10
-67527.82813734894
 20
6903.286572149088
 30
0.0
 11
-67048.08016255147
 21
6903.286572149088
 31
0.0
1001
REVIT
1002
{
1070
     1
1000
22988160
1002
}
1002
{
1070
     2
1000
-2000051
1002
}
1002
{
1070
     3
1000
22985857
1002
}
  0
LINE
  5
32D
330
70
100
AcDbEntity
  8
A-COB-___-___-EXI
100
AcDbLine
 10
-67001.27548208342
 20
6903.286572149088
 30
0.0
 11
-66521.52750728594
 21
6903.286572149088
 31
0.0
1001
REVIT
1002
{
1070
     1
1000
22988161
1002
}
1002
{
1070
     2
1000
-2000051
1002
}
1002
{
1070
     3
1000
22985857
1002
}
  0
LINE
  5
32E
330
70
100
AcDbEntity
  8
A-COB-___-___-EXI
100
AcDbLine
 10
-72517.20707524274
 20
6945.410784570329
 30
0.0
 11
-72362.75162969818
 21
6945.410784570329
 31
0.0
1001
REVIT
1002
{
1070
     1
1000
22988162
1002
}
1002
{
1070
     2
1000
-2000051
1002
}
1002
{
1070
     3
1000
22985857
1002
}
  0
LINE
  5
32F
330
70
100
AcDbEntity
  8
A-COB-___-___-EXI
100
AcDbLine
 10
-72308.92624715994
 20
6945.410784570329
 30
0.0
 11
-71829.17827236245
 21
6945.410784570329
 31
0.0
1001
REVIT
1002
{
1070
     1
1000
22988163
1002
}
1002
{
1070
     2
1000
-2000051
1002
}
1002
{
1070
     3
1000
22985857
1002
}
  0
LINE
  5
330
330
70
100
AcDbEntity
  8
A-COB-___-___-EXI
100
AcDbLine
 10
-71782.3735918944
 20
6945.410784570329
 30
0.0
 11
-71295.60491502672
 21
6945.410784570329
 31
0.0
1001
REVIT
1002
{
1070
     1
1000
22988164
1002
}
1002
{
1070
     2
1000
-2000051
1002
}
1002
{
1070
     3
1000
22985857
1002
}
  0
LINE
  5
331
330
70
100
AcDbEntity
  8
A-COB-___-___-EXI
100
AcDbLine
 10
-71248.80023455867
 20
6945.410784570329
 30
0.0
 11
-70769.05225976118
 21
6945.410784570329
 31
0.0
1001
REVIT
1002
{
1070
     1
1000
22988165
1002
}
1002
{
1070
     2
1000
-2000051
1002
}
1002
{
1070
     3
1000
22985857
1002
}
  0
LINE
  5
332
330
70
100
AcDbEntity
  8
A-COB-___-___-EXI
100
AcDbLine
 10
-70715.22687722293
 20
6945.410784570329
 30
0.0
 11
-70235.47890242546
 21
6945.410784570329
 31
0.0
1001
REVIT
1002
{
1070
     1
1000
22988166
1002
}
1002
{
1070
     2
1000
-2000051
1002
}
1002
{
1070
     3
1000
22985857
1002
}
  0
LINE
  5
333
330
70
100
AcDbEntity
  8
A-COB-___-___-EXI
100
AcDbLine
 10
-70188.6742219574
 20
6945.410784570329
 30
0.0
 11
-69701.90554508971
 21
6945.410784570329
 31
0.0
1001
REVIT
1002
{
1070
     1
1000
22988167
1002
}
1002
{
1070
     2
1000
-2000051
1002
}
1002
{
1070
     3
1000
22985857
1002
}
  0
LINE
  5
334
330
70
100
AcDbEntity
  8
A-COB-___-___-EXI
100
AcDbLine
 10
-69655.10086462168
 20
6945.410784570329
 30
0.0
 11
-69175.35288982419
 21
6945.410784570329
 31
0.0
1001
REVIT
1002
{
1070
     1
1000
22988168
1002
}
1002
{
1070
     2
1000
-2000051
1002
}
1002
{
1070
     3
1000
22985857
1002
}
  0
LINE
  5
335
330
70
100
AcDbEntity
  8
A-COB-___-___-EXI
100
AcDbLine
 10
-69121.52750728593
 20
6945.410784570329
 30
0.0
 11
-68641.77953248846
 21
6945.410784570329
 31
0.0
1001
REVIT
1002
{
1070
     1
1000
22988169
1002
}
1002
{
1070
     2
1000
-2000051
1002
}
1002
{
1070
     3
1000
22985857
1002
}
  0
LINE
  5
336
330
70
100
AcDbEntity
  8
A-COB-___-___-EXI
100
AcDbLine
 10
-68061.40149468467
 20
6945.410784570329
 30
0.0
 11
-67581.6535198872
 21
6945.410784570329
 31
0.0
1001
REVIT
1002
{
1070
     1
1000
22988170
1002
}
1002
{
1070
     2
1000
-2000051
1002
}
1002
{
1070
     3
1000
22985857
1002
}
  0
LINE
  5
337
330
70
100
AcDbEntity
  8
A-COB-___-___-EXI
100
AcDbLine
 10
-67527.82813734894
 20
6945.410784570329
 30
0.0
 11
-67048.08016255147
 21
6945.410784570329
 31
0.0
1001
REVIT
1002
{
1070
     1
1000
22988171
1002
}
1002
{
1070
     2
1000
-2000051
1002
}
1002
{
1070
     3
1000
22985857
1002
}
  0
LINE
  5
338
330
70
100
AcDbEntity
  8
A-COB-___-___-EXI
100
AcDbLine
 10
-67001.27548208342
 20
6945.410784570329
 30
0.0
 11
-66521.52750728594
 21
6945.410784570329
 31
0.0
1001
REVIT
1002
{
1070
     1
1000
22988172
1002
}
1002
{
1070
     2
1000
-2000051
1002
}
1002
{
1070
     3
1000
22985857
1002
}
  0
LINE
  5
339
330
70
100
AcDbEntity
  8
A-COB-___-___-EXI
100
AcDbLine
 10
-73008.65622015722
 20
6734.789722464118
 30
0.0
 11
-72889.30428496371
 21
6734.789722464118
 31
0.0
1001
REVIT
1002
{
1070
     1
1000
22988173
1002
}
1002
{
1070
     2
1000
-2000051
1002
}
1002
{
1070
     3
1000
22985857
1002
}
  0
LINE
  5
33A
330
70
100
AcDbEntity
  8
A-COB-___-___-EXI
100
AcDbLine
 10
-72842.49960449566
 20
6734.789722464118
 30
0.0
 11
-72362.75162969818
 21
6734.789722464118
 31
0.0
1001
REVIT
1002
{
1070
     1
1000
22988174
1002
}
1002
{
1070
     2
1000
-2000051
1002
}
1002
{
1070
     3
1000
22985857
1002
}
  0
LINE
  5
33B
330
70
100
AcDbEntity
  8
A-COB-___-___-EXI
100
AcDbLine
 10
-72308.92624715994
 20
6734.789722464118
 30
0.0
 11
-72051.50050458566
 21
6734.789722464118
 31
0.0
1001
REVIT
1002
{
1070
     1
1000
22988175
1002
}
1002
{
1070
     2
1000
-2000051
1002
}
1002
{
1070
     3
1000
22985857
1002
}
  0
LINE
  5
33C
330
70
100
AcDbEntity
  8
A-COB-___-___-EXI
100
AcDbLine
 10
-71932.14856939215
 20
6734.789722464118
 30
0.0
 11
-71829.17827236245
 21
6734.789722464118
 31
0.0
1001
REVIT
1002
{
1070
     1
1000
22988176
1002
}
1002
{
1070
     2
1000
-2000051
1002
}
1002
{
1070
     3
1000
22985857
1002
}
  0
LINE
  5
33D
330
70
100
AcDbEntity
  8
A-COB-___-___-EXI
100
AcDbLine
 10
-71782.3735918944
 20
6734.789722464118
 30
0.0
 11
-71295.60491502672
 21
6734.789722464118
 31
0.0
1001
REVIT
1002
{
1070
     1
1000
22988177
1002
}
1002
{
1070
     2
1000
-2000051
1002
}
1002
{
1070
     3
1000
22985857
1002
}
  0
LINE
  5
33E
330
70
100
AcDbEntity
  8
A-COB-___-___-EXI
100
AcDbLine
 10
-71248.80023455867
 20
6734.789722464118
 30
0.0
 11
-70769.05225976118
 21
6734.789722464118
 31
0.0
1001
REVIT
1002
{
1070
     1
1000
22988178
1002
}
1002
{
1070
     2
1000
-2000051
1002
}
1002
{
1070
     3
1000
22985857
1002
}
  0
LINE
  5
33F
330
70
100
AcDbEntity
  8
A-COB-___-___-EXI
100
AcDbLine
 10
-70715.22687722293
 20
6734.789722464118
 30
0.0
 11
-70235.47890242546
 21
6734.789722464118
 31
0.0
1001
REVIT
1002
{
1070
     1
1000
22988179
1002
}
1002
{
1070
     2
1000
-2000051
1002
}
1002
{
1070
     3
1000
22985857
1002
}
  0
LINE
  5
340
330
70
100
AcDbEntity
  8
A-COB-___-___-EXI
100
AcDbLine
 10
-70188.6742219574
 20
6734.789722464118
 30
0.0
 11
-69701.90554508971
 21
6734.789722464118
 31
0.0
1001
REVIT
1002
{
1070
     1
1000
22988180
1002
}
1002
{
1070
     2
1000
-2000051
1002
}
1002
{
1070
     3
1000
22985857
1002
}
  0
LINE
  5
341
330
70
100
AcDbEntity
  8
A-COB-___-___-EXI
100
AcDbLine
 10
-69655.10086462168
 20
6734.789722464118
 30
0.0
 11
-69402.35559009422
 21
6734.789722464118
 31
0.0
1001
REVIT
1002
{
1070
     1
1000
22988181
1002
}
1002
{
1070
     2
1000
-2000051
1002
}
1002
{
1070
     3
1000
22985857
1002
}
  0
LINE
  5
342
330
70
100
AcDbEntity
  8
A-COB-___-___-EXI
100
AcDbLine
 10
-69283.00365490071
 20
6734.789722464118
 30
0.0
 11
-69175.35288982419
 21
6734.789722464118
 31
0.0
1001
REVIT
1002
{
1070
     1
1000
22988182
1002
}
1002
{
1070
     2
1000
-2000051
1002
}
1002
{
1070
     3
1000
22985857
1002
}
  0
LINE
  5
343
330
70
100
AcDbEntity
  8
A-COB-___-___-EXI
100
AcDbLine
 10
-69121.52750728593
 20
6734.789722464118
 30
0.0
 11
-68641.77953248846
 21
6734.789722464118
 31
0.0
1001
REVIT
1002
{
1070
     1
1000
22988183
1002
}
1002
{
1070
     2
1000
-2000051
1002
}
1002
{
1070
     3
1000
22985857
1002
}
  0
LINE
  5
344
330
70
100
AcDbEntity
  8
A-COB-___-___-EXI
100
AcDbLine
 10
-68061.40149468467
 20
6734.789722464118
 30
0.0
 11
-67581.6535198872
 21
6734.789722464118
 31
0.0
1001
REVIT
1002
{
1070
     1
1000
22988184
1002
}
1002
{
1070
     2
1000
-2000051
1002
}
1002
{
1070
     3
1000
22985857
1002
}
  0
LINE
  5
345
330
70
100
AcDbEntity
  8
A-COB-___-___-EXI
100
AcDbLine
 10
-67527.82813734894
 20
6734.789722464118
 30
0.0
 11
-67048.08016255147
 21
6734.789722464118
 31
0.0
1001
REVIT
1002
{
1070
     1
1000
22988185
1002
}
1002
{
1070
     2
1000
-2000051
1002
}
1002
{
1070
     3
1000
22985857
1002
}
  0
LINE
  5
346
330
70
100
AcDbEntity
  8
A-COB-___-___-EXI
100
AcDbLine
 10
-67001.27548208342
 20
6734.789722464118
 30
0.0
 11
-66755.55090962618
 21
6734.789722464118
 31
0.0
1001
REVIT
1002
{
1070
     1
1000
22988186
1002
}
1002
{
1070
     2
1000
-2000051
1002
}
1002
{
1070
     3
1000
22985857
1002
}
  0
LINE
  5
347
330
70
100
AcDbEntity
  8
A-COB-___-___-EXI
100
AcDbLine
 10
-66633.85874040925
 20
6734.789722464118
 30
0.0
 11
-66521.52750728594
 21
6734.789722464118
 31
0.0
1001
REVIT
1002
{
1070
     1
1000
22988187
1002
}
1002
{
1070
     2
1000
-2000051
1002
}
1002
{
1070
     3
1000
22985857
1002
}
  0
LINE
  5
348
330
70
100
AcDbEntity
  8
A-COB-___-___-EXI
100
AcDbLine
 10
-72912.70662519774
 20
6776.91393488536
 30
0.0
 11
-72889.30428496371
 21
6776.91393488536
 31
0.0
1001
REVIT
1002
{
1070
     1
1000
22988188
1002
}
1002
{
1070
     2
1000
-2000051
1002
}
1002
{
1070
     3
1000
22985857
1002
}
  0
LINE
  5
349
330
70
100
AcDbEntity
  8
A-COB-___-___-EXI
100
AcDbLine
 10
-72842.49960449566
 20
6776.91393488536
 30
0.0
 11
-72362.75162969818
 21
6776.91393488536
 31
0.0
1001
REVIT
1002
{
1070
     1
1000
22988189
1002
}
1002
{
1070
     2
1000
-2000051
1002
}
1002
{
1070
     3
1000
22985857
1002
}
  0
LINE
  5
34A
330
70
100
AcDbEntity
  8
A-COB-___-___-EXI
100
AcDbLine
 10
-72308.92624715994
 20
6776.91393488536
 30
0.0
 11
-72051.50050458566
 21
6776.91393488536
 31
0.0
1001
REVIT
1002
{
1070
     1
1000
22988190
1002
}
1002
{
1070
     2
1000
-2000051
1002
}
1002
{
1070
     3
1000
22985857
1002
}
  0
LINE
  5
34B
330
70
100
AcDbEntity
  8
A-COB-___-___-EXI
100
AcDbLine
 10
-71932.14856939215
 20
6776.91393488536
 30
0.0
 11
-71829.17827236245
 21
6776.91393488536
 31
0.0
1001
REVIT
1002
{
1070
     1
1000
22988191
1002
}
1002
{
1070
     2
1000
-2000051
1002
}
1002
{
1070
     3
1000
22985857
1002
}
  0
LINE
  5
34C
330
70
100
AcDbEntity
  8
A-COB-___-___-EXI
100
AcDbLine
 10
-71782.3735918944
 20
6776.91393488536
 30
0.0
 11
-71295.60491502672
 21
6776.91393488536
 31
0.0
1001
REVIT
1002
{
1070
     1
1000
22988192
1002
}
1002
{
1070
     2
1000
-2000051
1002
}
1002
{
1070
     3
1000
22985857
1002
}
  0
LINE
  5
34D
330
70
100
AcDbEntity
  8
A-COB-___-___-EXI
100
AcDbLine
 10
-71248.80023455867
 20
6776.91393488536
 30
0.0
 11
-70769.05225976118
 21
6776.91393488536
 31
0.0
1001
REVIT
1002
{
1070
     1
1000
22988193
1002
}
1002
{
1070
     2
1000
-2000051
1002
}
1002
{
1070
     3
1000
22985857
1002
}
  0
LINE
  5
34E
330
70
100
AcDbEntity
  8
A-COB-___-___-EXI
100
AcDbLine
 10
-70715.22687722293
 20
6776.91393488536
 30
0.0
 11
-70235.47890242546
 21
6776.91393488536
 31
0.0
1001
REVIT
1002
{
1070
     1
1000
22988194
1002
}
1002
{
1070
     2
1000
-2000051
1002
}
1002
{
1070
     3
1000
22985857
1002
}
  0
LINE
  5
34F
330
70
100
AcDbEntity
  8
A-COB-___-___-EXI
100
AcDbLine
 10
-70188.6742219574
 20
6776.91393488536
 30
0.0
 11
-69701.90554508971
 21
6776.91393488536
 31
0.0
1001
REVIT
1002
{
1070
     1
1000
22988195
1002
}
1002
{
1070
     2
1000
-2000051
1002
}
1002
{
1070
     3
1000
22985857
1002
}
  0
LINE
  5
350
330
70
100
AcDbEntity
  8
A-COB-___-___-EXI
100
AcDbLine
 10
-69655.10086462168
 20
6776.91393488536
 30
0.0
 11
-69402.35559009422
 21
6776.91393488536
 31
0.0
1001
REVIT
1002
{
1070
     1
1000
22988196
1002
}
1002
{
1070
     2
1000
-2000051
1002
}
1002
{
1070
     3
1000
22985857
1002
}
  0
LINE
  5
351
330
70
100
AcDbEntity
  8
A-COB-___-___-EXI
100
AcDbLine
 10
-69283.00365490071
 20
6776.91393488536
 30
0.0
 11
-69175.35288982419
 21
6776.91393488536
 31
0.0
1001
REVIT
1002
{
1070
     1
1000
22988197
1002
}
1002
{
1070
     2
1000
-2000051
1002
}
1002
{
1070
     3
1000
22985857
1002
}
  0
LINE
  5
352
330
70
100
AcDbEntity
  8
A-COB-___-___-EXI
100
AcDbLine
 10
-69121.52750728593
 20
6776.91393488536
 30
0.0
 11
-68641.77953248846
 21
6776.91393488536
 31
0.0
1001
REVIT
1002
{
1070
     1
1000
22988198
1002
}
1002
{
1070
     2
1000
-2000051
1002
}
1002
{
1070
     3
1000
22985857
1002
}
  0
LINE
  5
353
330
70
100
AcDbEntity
  8
A-COB-___-___-EXI
100
AcDbLine
 10
-68061.40149468467
 20
6776.91393488536
 30
0.0
 11
-67581.6535198872
 21
6776.91393488536
 31
0.0
1001
REVIT
1002
{
1070
     1
1000
22988199
1002
}
1002
{
1070
     2
1000
-2000051
1002
}
1002
{
1070
     3
1000
22985857
1002
}
  0
LINE
  5
354
330
70
100
AcDbEntity
  8
A-COB-___-___-EXI
100
AcDbLine
 10
-67527.82813734894
 20
6776.91393488536
 30
0.0
 11
-67048.08016255147
 21
6776.91393488536
 31
0.0
1001
REVIT
1002
{
1070
     1
1000
22988200
1002
}
1002
{
1070
     2
1000
-2000051
1002
}
1002
{
1070
     3
1000
22985857
1002
}
  0
LINE
  5
355
330
70
100
AcDbEntity
  8
A-COB-___-___-EXI
100
AcDbLine
 10
-67001.27548208342
 20
6776.91393488536
 30
0.0
 11
-66755.55090962618
 21
6776.91393488536
 31
0.0
1001
REVIT
1002
{
1070
     1
1000
22988201
1002
}
1002
{
1070
     2
1000
-2000051
1002
}
1002
{
1070
     3
1000
22985857
1002
}
  0
LINE
  5
356
330
70
100
AcDbEntity
  8
A-COB-___-___-EXI
100
AcDbLine
 10
-66633.85874040925
 20
6776.91393488536
 30
0.0
 11
-66521.52750728594
 21
6776.91393488536
 31
0.0
1001
REVIT
1002
{
1070
     1
1000
22988202
1002
}
1002
{
1070
     2
1000
-2000051
1002
}
1002
{
1070
     3
1000
22985857
1002
}
  0
LINE
  5
357
330
70
100
AcDbEntity
  8
A-COB-___-___-EXI
100
AcDbLine
 10
-73373.73272780799
 20
6573.313574849357
 30
0.0
 11
-72889.30428496371
 21
6573.313574849357
 31
0.0
1001
REVIT
1002
{
1070
     1
1000
22988203
1002
}
1002
{
1070
     2
1000
-2000051
1002
}
1002
{
1070
     3
1000
22985857
1002
}
  0
LINE
  5
358
330
70
100
AcDbEntity
  8
A-COB-___-___-EXI
100
AcDbLine
 10
-72842.49960449566
 20
6573.313574849357
 30
0.0
 11
-72362.75162969818
 21
6573.313574849357
 31
0.0
1001
REVIT
1002
{
1070
     1
1000
22988204
1002
}
1002
{
1070
     2
1000
-2000051
1002
}
1002
{
1070
     3
1000
22985857
1002
}
  0
LINE
  5
359
330
70
100
AcDbEntity
  8
A-COB-___-___-EXI
100
AcDbLine
 10
-72308.92624715994
 20
6573.313574849357
 30
0.0
 11
-72051.50050458566
 21
6573.313574849357
 31
0.0
1001
REVIT
1002
{
1070
     1
1000
22988205
1002
}
1002
{
1070
     2
1000
-2000051
1002
}
1002
{
1070
     3
1000
22985857
1002
}
  0
LINE
  5
35A
330
70
100
AcDbEntity
  8
A-COB-___-___-EXI
100
AcDbLine
 10
-71932.14856939215
 20
6573.313574849357
 30
0.0
 11
-71829.17827236245
 21
6573.313574849357
 31
0.0
1001
REVIT
1002
{
1070
     1
1000
22988206
1002
}
1002
{
1070
     2
1000
-2000051
1002
}
1002
{
1070
     3
1000
22985857
1002
}
  0
LINE
  5
35B
330
70
100
AcDbEntity
  8
A-COB-___-___-EXI
100
AcDbLine
 10
-71782.3735918944
 20
6573.313574849357
 30
0.0
 11
-71295.60491502672
 21
6573.313574849357
 31
0.0
1001
REVIT
1002
{
1070
     1
1000
22988207
1002
}
1002
{
1070
     2
1000
-2000051
1002
}
1002
{
1070
     3
1000
22985857
1002
}
  0
LINE
  5
35C
330
70
100
AcDbEntity
  8
A-COB-___-___-EXI
100
AcDbLine
 10
-71248.80023455867
 20
6573.313574849357
 30
0.0
 11
-70769.05225976118
 21
6573.313574849357
 31
0.0
1001
REVIT
1002
{
1070
     1
1000
22988208
1002
}
1002
{
1070
     2
1000
-2000051
1002
}
1002
{
1070
     3
1000
22985857
1002
}
  0
LINE
  5
35D
330
70
100
AcDbEntity
  8
A-COB-___-___-EXI
100
AcDbLine
 10
-70715.22687722293
 20
6573.313574849357
 30
0.0
 11
-70235.47890242546
 21
6573.313574849357
 31
0.0
1001
REVIT
1002
{
1070
     1
1000
22988209
1002
}
1002
{
1070
     2
1000
-2000051
1002
}
1002
{
1070
     3
1000
22985857
1002
}
  0
LINE
  5
35E
330
70
100
AcDbEntity
  8
A-COB-___-___-EXI
100
AcDbLine
 10
-70188.6742219574
 20
6573.313574849357
 30
0.0
 11
-69701.90554508971
 21
6573.313574849357
 31
0.0
1001
REVIT
1002
{
1070
     1
1000
22988210
1002
}
1002
{
1070
     2
1000
-2000051
1002
}
1002
{
1070
     3
1000
22985857
1002
}
  0
LINE
  5
35F
330
70
100
AcDbEntity
  8
A-COB-___-___-EXI
100
AcDbLine
 10
-69655.10086462168
 20
6573.313574849357
 30
0.0
 11
-69402.35559009422
 21
6573.313574849357
 31
0.0
1001
REVIT
1002
{
1070
     1
1000
22988211
1002
}
1002
{
1070
     2
1000
-2000051
1002
}
1002
{
1070
     3
1000
22985857
1002
}
  0
LINE
  5
360
330
70
100
AcDbEntity
  8
A-COB-___-___-EXI
100
AcDbLine
 10
-69283.00365490071
 20
6573.313574849357
 30
0.0
 11
-69175.35288982419
 21
6573.313574849357
 31
0.0
1001
REVIT
1002
{
1070
     1
1000
22988212
1002
}
1002
{
1070
     2
1000
-2000051
1002
}
1002
{
1070
     3
1000
22985857
1002
}
  0
LINE
  5
361
330
70
100
AcDbEntity
  8
A-COB-___-___-EXI
100
AcDbLine
 10
-69121.52750728593
 20
6573.313574849357
 30
0.0
 11
-68641.77953248846
 21
6573.313574849357
 31
0.0
1001
REVIT
1002
{
1070
     1
1000
22988213
1002
}
1002
{
1070
     2
1000
-2000051
1002
}
1002
{
1070
     3
1000
22985857
1002
}
  0
LINE
  5
362
330
70
100
AcDbEntity
  8
A-COB-___-___-EXI
100
AcDbLine
 10
-68061.40149468467
 20
6573.313574849357
 30
0.0
 11
-67581.6535198872
 21
6573.313574849357
 31
0.0
1001
REVIT
1002
{
1070
     1
1000
22988214
1002
}
1002
{
1070
     2
1000
-2000051
1002
}
1002
{
1070
     3
1000
22985857
1002
}
  0
LINE
  5
363
330
70
100
AcDbEntity
  8
A-COB-___-___-EXI
100
AcDbLine
 10
-67527.82813734894
 20
6573.313574849357
 30
0.0
 11
-67048.08016255147
 21
6573.313574849357
 31
0.0
1001
REVIT
1002
{
1070
     1
1000
22988215
1002
}
1002
{
1070
     2
1000
-2000051
1002
}
1002
{
1070
     3
1000
22985857
1002
}
  0
LINE
  5
364
330
70
100
AcDbEntity
  8
A-COB-___-___-EXI
100
AcDbLine
 10
-67001.27548208342
 20
6573.313574849357
 30
0.0
 11
-66755.55090962618
 21
6573.313574849357
 31
0.0
1001
REVIT
1002
{
1070
     1
1000
22988216
1002
}
1002
{
1070
     2
1000
-2000051
1002
}
1002
{
1070
     3
1000
22985857
1002
}
  0
LINE
  5
365
330
70
100
AcDbEntity
  8
A-COB-___-___-EXI
100
AcDbLine
 10
-66633.85874040925
 20
6573.313574849357
 30
0.0
 11
-66521.52750728594
 21
6573.313574849357
 31
0.0
1001
REVIT
1002
{
1070
     1
1000
22988217
1002
}
1002
{
1070
     2
1000
-2000051
1002
}
1002
{
1070
     3
1000
22985857
1002
}
  0
LINE
  5
366
330
70
100
AcDbEntity
  8
A-COB-___-___-EXI
100
AcDbLine
 10
-73308.20617515273
 20
6608.417085200392
 30
0.0
 11
-72889.30428496371
 21
6608.417085200392
 31
0.0
1001
REVIT
1002
{
1070
     1
1000
22988218
1002
}
1002
{
1070
     2
1000
-2000051
1002
}
1002
{
1070
     3
1000
22985857
1002
}
  0
LINE
  5
367
330
70
100
AcDbEntity
  8
A-COB-___-___-EXI
100
AcDbLine
 10
-72842.49960449566
 20
6608.417085200392
 30
0.0
 11
-72362.75162969818
 21
6608.417085200392
 31
0.0
1001
REVIT
1002
{
1070
     1
1000
22988219
1002
}
1002
{
1070
     2
1000
-2000051
1002
}
1002
{
1070
     3
1000
22985857
1002
}
  0
LINE
  5
368
330
70
100
AcDbEntity
  8
A-COB-___-___-EXI
100
AcDbLine
 10
-72308.92624715994
 20
6608.417085200392
 30
0.0
 11
-72051.50050458566
 21
6608.417085200392
 31
0.0
1001
REVIT
1002
{
1070
     1
1000
22988220
1002
}
1002
{
1070
     2
1000
-2000051
1002
}
1002
{
1070
     3
1000
22985857
1002
}
  0
LINE
  5
369
330
70
100
AcDbEntity
  8
A-COB-___-___-EXI
100
AcDbLine
 10
-71932.14856939215
 20
6608.417085200392
 30
0.0
 11
-71829.17827236245
 21
6608.417085200392
 31
0.0
1001
REVIT
1002
{
1070
     1
1000
22988221
1002
}
1002
{
1070
     2
1000
-2000051
1002
}
1002
{
1070
     3
1000
22985857
1002
}
  0
LINE
  5
36A
330
70
100
AcDbEntity
  8
A-COB-___-___-EXI
100
AcDbLine
 10
-71782.3735918944
 20
6608.417085200392
 30
0.0
 11
-71295.60491502672
 21
6608.417085200392
 31
0.0
1001
REVIT
1002
{
1070
     1
1000
22988222
1002
}
1002
{
1070
     2
1000
-2000051
1002
}
1002
{
1070
     3
1000
22985857
1002
}
  0
LINE
  5
36B
330
70
100
AcDbEntity
  8
A-COB-___-___-EXI
100
AcDbLine
 10
-71248.80023455867
 20
6608.417085200392
 30
0.0
 11
-70769.05225976118
 21
6608.417085200392
 31
0.0
1001
REVIT
1002
{
1070
     1
1000
22988223
1002
}
1002
{
1070
     2
1000
-2000051
1002
}
1002
{
1070
     3
1000
22985857
1002
}
  0
LINE
  5
36C
330
70
100
AcDbEntity
  8
A-COB-___-___-EXI
100
AcDbLine
 10
-70715.22687722293
 20
6608.417085200392
 30
0.0
 11
-70235.47890242546
 21
6608.417085200392
 31
0.0
1001
REVIT
1002
{
1070
     1
1000
22988224
1002
}
1002
{
1070
     2
1000
-2000051
1002
}
1002
{
1070
     3
1000
22985857
1002
}
  0
LINE
  5
36D
330
70
100
AcDbEntity
  8
A-COB-___-___-EXI
100
AcDbLine
 10
-70188.6742219574
 20
6608.417085200392
 30
0.0
 11
-69701.90554508971
 21
6608.417085200392
 31
0.0
1001
REVIT
1002
{
1070
     1
1000
22988225
1002
}
1002
{
1070
     2
1000
-2000051
1002
}
1002
{
1070
     3
1000
22985857
1002
}
  0
LINE
  5
36E
330
70
100
AcDbEntity
  8
A-COB-___-___-EXI
100
AcDbLine
 10
-69655.10086462168
 20
6608.417085200392
 30
0.0
 11
-69402.35559009422
 21
6608.417085200392
 31
0.0
1001
REVIT
1002
{
1070
     1
1000
22988226
1002
}
1002
{
1070
     2
1000
-2000051
1002
}
1002
{
1070
     3
1000
22985857
1002
}
  0
LINE
  5
36F
330
70
100
AcDbEntity
  8
A-COB-___-___-EXI
100
AcDbLine
 10
-69283.00365490071
 20
6608.417085200392
 30
0.0
 11
-69175.35288982419
 21
6608.417085200392
 31
0.0
1001
REVIT
1002
{
1070
     1
1000
22988227
1002
}
1002
{
1070
     2
1000
-2000051
1002
}
1002
{
1070
     3
1000
22985857
1002
}
  0
LINE
  5
370
330
70
100
AcDbEntity
  8
A-COB-___-___-EXI
100
AcDbLine
 10
-69121.52750728593
 20
6608.417085200392
 30
0.0
 11
-68641.77953248846
 21
6608.417085200392
 31
0.0
1001
REVIT
1002
{
1070
     1
1000
22988228
1002
}
1002
{
1070
     2
1000
-2000051
1002
}
1002
{
1070
     3
1000
22985857
1002
}
  0
LINE
  5
371
330
70
100
AcDbEntity
  8
A-COB-___-___-EXI
100
AcDbLine
 10
-68061.40149468467
 20
6608.417085200392
 30
0.0
 11
-67581.6535198872
 21
6608.417085200392
 31
0.0
1001
REVIT
1002
{
1070
     1
1000
22988229
1002
}
1002
{
1070
     2
1000
-2000051
1002
}
1002
{
1070
     3
1000
22985857
1002
}
  0
LINE
  5
372
330
70
100
AcDbEntity
  8
A-COB-___-___-EXI
100
AcDbLine
 10
-67527.82813734894
 20
6608.417085200392
 30
0.0
 11
-67048.08016255147
 21
6608.417085200392
 31
0.0
1001
REVIT
1002
{
1070
     1
1000
22988230
1002
}
1002
{
1070
     2
1000
-2000051
1002
}
1002
{
1070
     3
1000
22985857
1002
}
  0
LINE
  5
373
330
70
100
AcDbEntity
  8
A-COB-___-___-EXI
100
AcDbLine
 10
-67001.27548208342
 20
6608.417085200392
 30
0.0
 11
-66755.55090962618
 21
6608.417085200392
 31
0.0
1001
REVIT
1002
{
1070
     1
1000
22988231
1002
}
1002
{
1070
     2
1000
-2000051
1002
}
1002
{
1070
     3
1000
22985857
1002
}
  0
LINE
  5
374
330
70
100
AcDbEntity
  8
A-COB-___-___-EXI
100
AcDbLine
 10
-66633.85874040925
 20
6608.417085200392
 30
0.0
 11
-66521.52750728594
 21
6608.417085200392
 31
0.0
1001
REVIT
1002
{
1070
     1
1000
22988232
1002
}
1002
{
1070
     2
1000
-2000051
1002
}
1002
{
1070
     3
1000
22985857
1002
}
  0
LINE
  5
375
330
70
100
AcDbEntity
  8
A-COB-___-___-EXI
100
AcDbLine
 10
-73799.65532006722
 20
6404.816725164389
 30
0.0
 11
-73422.87764229944
 21
6404.816725164389
 31
0.0
1001
REVIT
1002
{
1070
     1
1000
22988233
1002
}
1002
{
1070
     2
1000
-2000051
1002
}
1002
{
1070
     3
1000
22985857
1002
}
  0
LINE
  5
376
330
70
100
AcDbEntity
  8
A-COB-___-___-EXI
100
AcDbLine
 10
-73373.73272780799
 20
6404.816725164389
 30
0.0
 11
-72889.30428496371
 21
6404.816725164389
 31
0.0
1001
REVIT
1002
{
1070
     1
1000
22988234
1002
}
1002
{
1070
     2
1000
-2000051
1002
}
1002
{
1070
     3
1000
22985857
1002
}
  0
LINE
  5
377
330
70
100
AcDbEntity
  8
A-COB-___-___-EXI
100
AcDbLine
 10
-72842.49960449566
 20
6404.816725164389
 30
0.0
 11
-72362.75162969818
 21
6404.816725164389
 31
0.0
1001
REVIT
1002
{
1070
     1
1000
22988235
1002
}
1002
{
1070
     2
1000
-2000051
1002
}
1002
{
1070
     3
1000
22985857
1002
}
  0
LINE
  5
378
330
70
100
AcDbEntity
  8
A-COB-___-___-EXI
100
AcDbLine
 10
-72308.92624715994
 20
6404.816725164389
 30
0.0
 11
-72051.50050458566
 21
6404.816725164389
 31
0.0
1001
REVIT
1002
{
1070
     1
1000
22988236
1002
}
1002
{
1070
     2
1000
-2000051
1002
}
1002
{
1070
     3
1000
22985857
1002
}
  0
LINE
  5
379
330
70
100
AcDbEntity
  8
A-COB-___-___-EXI
100
AcDbLine
 10
-71932.14856939215
 20
6404.816725164389
 30
0.0
 11
-71829.17827236245
 21
6404.816725164389
 31
0.0
1001
REVIT
1002
{
1070
     1
1000
22988237
1002
}
1002
{
1070
     2
1000
-2000051
1002
}
1002
{
1070
     3
1000
22985857
1002
}
  0
LINE
  5
37A
330
70
100
AcDbEntity
  8
A-COB-___-___-EXI
100
AcDbLine
 10
-71782.3735918944
 20
6404.816725164389
 30
0.0
 11
-71295.60491502672
 21
6404.816725164389
 31
0.0
1001
REVIT
1002
{
1070
     1
1000
22988238
1002
}
1002
{
1070
     2
1000
-2000051
1002
}
1002
{
1070
     3
1000
22985857
1002
}
  0
LINE
  5
37B
330
70
100
AcDbEntity
  8
A-COB-___-___-EXI
100
AcDbLine
 10
-71248.80023455867
 20
6404.816725164389
 30
0.0
 11
-70769.05225976118
 21
6404.816725164389
 31
0.0
1001
REVIT
1002
{
1070
     1
1000
22988239
1002
}
1002
{
1070
     2
1000
-2000051
1002
}
1002
{
1070
     3
1000
22985857
1002
}
  0
LINE
  5
37C
330
70
100
AcDbEntity
  8
A-COB-___-___-EXI
100
AcDbLine
 10
-70715.22687722293
 20
6404.816725164389
 30
0.0
 11
-70235.47890242546
 21
6404.816725164389
 31
0.0
1001
REVIT
1002
{
1070
     1
1000
22988240
1002
}
1002
{
1070
     2
1000
-2000051
1002
}
1002
{
1070
     3
1000
22985857
1002
}
  0
LINE
  5
37D
330
70
100
AcDbEntity
  8
A-COB-___-___-EXI
100
AcDbLine
 10
-70188.6742219574
 20
6404.816725164389
 30
0.0
 11
-69701.90554508971
 21
6404.816725164389
 31
0.0
1001
REVIT
1002
{
1070
     1
1000
22988241
1002
}
1002
{
1070
     2
1000
-2000051
1002
}
1002
{
1070
     3
1000
22985857
1002
}
  0
LINE
  5
37E
330
70
100
AcDbEntity
  8
A-COB-___-___-EXI
100
AcDbLine
 10
-69655.10086462168
 20
6404.816725164389
 30
0.0
 11
-69402.35559009422
 21
6404.816725164389
 31
0.0
1001
REVIT
1002
{
1070
     1
1000
22988242
1002
}
1002
{
1070
     2
1000
-2000051
1002
}
1002
{
1070
     3
1000
22985857
1002
}
  0
LINE
  5
37F
330
70
100
AcDbEntity
  8
A-COB-___-___-EXI
100
AcDbLine
 10
-69283.00365490071
 20
6404.816725164389
 30
0.0
 11
-69175.35288982419
 21
6404.816725164389
 31
0.0
1001
REVIT
1002
{
1070
     1
1000
22988243
1002
}
1002
{
1070
     2
1000
-2000051
1002
}
1002
{
1070
     3
1000
22985857
1002
}
  0
LINE
  5
380
330
70
100
AcDbEntity
  8
A-COB-___-___-EXI
100
AcDbLine
 10
-69121.52750728593
 20
6404.816725164389
 30
0.0
 11
-68641.77953248846
 21
6404.816725164389
 31
0.0
1001
REVIT
1002
{
1070
     1
1000
22988244
1002
}
1002
{
1070
     2
1000
-2000051
1002
}
1002
{
1070
     3
1000
22985857
1002
}
  0
LINE
  5
381
330
70
100
AcDbEntity
  8
A-COB-___-___-EXI
100
AcDbLine
 10
-68061.40149468467
 20
6404.816725164389
 30
0.0
 11
-67581.6535198872
 21
6404.816725164389
 31
0.0
1001
REVIT
1002
{
1070
     1
1000
22988245
1002
}
1002
{
1070
     2
1000
-2000051
1002
}
1002
{
1070
     3
1000
22985857
1002
}
  0
LINE
  5
382
330
70
100
AcDbEntity
  8
A-COB-___-___-EXI
100
AcDbLine
 10
-67527.82813734894
 20
6404.816725164389
 30
0.0
 11
-67048.08016255147
 21
6404.816725164389
 31
0.0
1001
REVIT
1002
{
1070
     1
1000
22988246
1002
}
1002
{
1070
     2
1000
-2000051
1002
}
1002
{
1070
     3
1000
22985857
1002
}
  0
LINE
  5
383
330
70
100
AcDbEntity
  8
A-COB-___-___-EXI
100
AcDbLine
 10
-67001.27548208342
 20
6404.816725164389
 30
0.0
 11
-66755.55090962618
 21
6404.816725164389
 31
0.0
1001
REVIT
1002
{
1070
     1
1000
22988247
1002
}
1002
{
1070
     2
1000
-2000051
1002
}
1002
{
1070
     3
1000
22985857
1002
}
  0
LINE
  5
384
330
70
100
AcDbEntity
  8
A-COB-___-___-EXI
100
AcDbLine
 10
-66633.85874040925
 20
6404.816725164389
 30
0.0
 11
-66521.52750728594
 21
6404.816725164389
 31
0.0
1001
REVIT
1002
{
1070
     1
1000
22988248
1002
}
1002
{
1070
     2
1000
-2000051
1002
}
1002
{
1070
     3
1000
22985857
1002
}
  0
LINE
  5
385
330
70
100
AcDbEntity
  8
A-COB-___-___-EXI
100
AcDbLine
 10
-73703.70572510772
 20
6446.94093758563
 30
0.0
 11
-73422.87764229944
 21
6446.94093758563
 31
0.0
1001
REVIT
1002
{
1070
     1
1000
22988249
1002
}
1002
{
1070
     2
1000
-2000051
1002
}
1002
{
1070
     3
1000
22985857
1002
}
  0
LINE
  5
386
330
70
100
AcDbEntity
  8
A-COB-___-___-EXI
100
AcDbLine
 10
-73373.73272780799
 20
6446.94093758563
 30
0.0
 11
-72889.30428496371
 21
6446.94093758563
 31
0.0
1001
REVIT
1002
{
1070
     1
1000
22988250
1002
}
1002
{
1070
     2
1000
-2000051
1002
}
1002
{
1070
     3
1000
22985857
1002
}
  0
LINE
  5
387
330
70
100
AcDbEntity
  8
A-COB-___-___-EXI
100
AcDbLine
 10
-72842.49960449566
 20
6446.94093758563
 30
0.0
 11
-72362.75162969818
 21
6446.94093758563
 31
0.0
1001
REVIT
1002
{
1070
     1
1000
22988251
1002
}
1002
{
1070
     2
1000
-2000051
1002
}
1002
{
1070
     3
1000
22985857
1002
}
  0
LINE
  5
388
330
70
100
AcDbEntity
  8
A-COB-___-___-EXI
100
AcDbLine
 10
-72308.92624715994
 20
6446.94093758563
 30
0.0
 11
-72051.50050458566
 21
6446.94093758563
 31
0.0
1001
REVIT
1002
{
1070
     1
1000
22988252
1002
}
1002
{
1070
     2
1000
-2000051
1002
}
1002
{
1070
     3
1000
22985857
1002
}
  0
LINE
  5
389
330
70
100
AcDbEntity
  8
A-COB-___-___-EXI
100
AcDbLine
 10
-71932.14856939215
 20
6446.94093758563
 30
0.0
 11
-71829.17827236245
 21
6446.94093758563
 31
0.0
1001
REVIT
1002
{
1070
     1
1000
22988253
1002
}
1002
{
1070
     2
1000
-2000051
1002
}
1002
{
1070
     3
1000
22985857
1002
}
  0
LINE
  5
38A
330
70
100
AcDbEntity
  8
A-COB-___-___-EXI
100
AcDbLine
 10
-71782.3735918944
 20
6446.94093758563
 30
0.0
 11
-71295.60491502672
 21
6446.94093758563
 31
0.0
1001
REVIT
1002
{
1070
     1
1000
22988254
1002
}
1002
{
1070
     2
1000
-2000051
1002
}
1002
{
1070
     3
1000
22985857
1002
}
  0
LINE
  5
38B
330
70
100
AcDbEntity
  8
A-COB-___-___-EXI
100
AcDbLine
 10
-71248.80023455867
 20
6446.94093758563
 30
0.0
 11
-70769.05225976118
 21
6446.94093758563
 31
0.0
1001
REVIT
1002
{
1070
     1
1000
22988255
1002
}
1002
{
1070
     2
1000
-2000051
1002
}
1002
{
1070
     3
1000
22985857
1002
}
  0
LINE
  5
38C
330
70
100
AcDbEntity
  8
A-COB-___-___-EXI
100
AcDbLine
 10
-70715.22687722293
 20
6446.94093758563
 30
0.0
 11
-70235.47890242546
 21
6446.94093758563
 31
0.0
1001
REVIT
1002
{
1070
     1
1000
22988256
1002
}
1002
{
1070
     2
1000
-2000051
1002
}
1002
{
1070
     3
1000
22985857
1002
}
  0
LINE
  5
38D
330
70
100
AcDbEntity
  8
A-COB-___-___-EXI
100
AcDbLine
 10
-70188.6742219574
 20
6446.94093758563
 30
0.0
 11
-69701.90554508971
 21
6446.94093758563
 31
0.0
1001
REVIT
1002
{
1070
     1
1000
22988257
1002
}
1002
{
1070
     2
1000
-2000051
1002
}
1002
{
1070
     3
1000
22985857
1002
}
  0
LINE
  5
38E
330
70
100
AcDbEntity
  8
A-COB-___-___-EXI
100
AcDbLine
 10
-69655.10086462168
 20
6446.94093758563
 30
0.0
 11
-69402.35559009422
 21
6446.94093758563
 31
0.0
1001
REVIT
1002
{
1070
     1
1000
22988258
1002
}
1002
{
1070
     2
1000
-2000051
1002
}
1002
{
1070
     3
1000
22985857
1002
}
  0
LINE
  5
38F
330
70
100
AcDbEntity
  8
A-COB-___-___-EXI
100
AcDbLine
 10
-69283.00365490071
 20
6446.94093758563
 30
0.0
 11
-69175.35288982419
 21
6446.94093758563
 31
0.0
1001
REVIT
1002
{
1070
     1
1000
22988259
1002
}
1002
{
1070
     2
1000
-2000051
1002
}
1002
{
1070
     3
1000
22985857
1002
}
  0
LINE
  5
390
330
70
100
AcDbEntity
  8
A-COB-___-___-EXI
100
AcDbLine
 10
-69121.52750728593
 20
6446.94093758563
 30
0.0
 11
-68641.77953248846
 21
6446.94093758563
 31
0.0
1001
REVIT
1002
{
1070
     1
1000
22988260
1002
}
1002
{
1070
     2
1000
-2000051
1002
}
1002
{
1070
     3
1000
22985857
1002
}
  0
LINE
  5
391
330
70
100
AcDbEntity
  8
A-COB-___-___-EXI
100
AcDbLine
 10
-68061.40149468467
 20
6446.94093758563
 30
0.0
 11
-67581.6535198872
 21
6446.94093758563
 31
0.0
1001
REVIT
1002
{
1070
     1
1000
22988261
1002
}
1002
{
1070
     2
1000
-2000051
1002
}
1002
{
1070
     3
1000
22985857
1002
}
  0
LINE
  5
392
330
70
100
AcDbEntity
  8
A-COB-___-___-EXI
100
AcDbLine
 10
-67527.82813734894
 20
6446.94093758563
 30
0.0
 11
-67048.08016255147
 21
6446.94093758563
 31
0.0
1001
REVIT
1002
{
1070
     1
1000
22988262
1002
}
1002
{
1070
     2
1000
-2000051
1002
}
1002
{
1070
     3
1000
22985857
1002
}
  0
LINE
  5
393
330
70
100
AcDbEntity
  8
A-COB-___-___-EXI
100
AcDbLine
 10
-67001.27548208342
 20
6446.94093758563
 30
0.0
 11
-66755.55090962618
 21
6446.94093758563
 31
0.0
1001
REVIT
1002
{
1070
     1
1000
22988263
1002
}
1002
{
1070
     2
1000
-2000051
1002
}
1002
{
1070
     3
1000
22985857
1002
}
  0
LINE
  5
394
330
70
100
AcDbEntity
  8
A-COB-___-___-EXI
100
AcDbLine
 10
-66633.85874040925
 20
6446.94093758563
 30
0.0
 11
-66521.52750728594
 21
6446.94093758563
 31
0.0
1001
REVIT
1002
{
1070
     1
1000
22988264
1002
}
1002
{
1070
     2
1000
-2000051
1002
}
1002
{
1070
     3
1000
22985857
1002
}
  0
LINE
  5
395
330
70
100
AcDbEntity
  8
A-COB-___-___-EXI
100
AcDbLine
 10
-74195.15487002222
 20
6238.660109502823
 30
0.0
 11
-73956.45099963518
 21
6238.660109502823
 31
0.0
1001
REVIT
1002
{
1070
     1
1000
22988265
1002
}
1002
{
1070
     2
1000
-2000051
1002
}
1002
{
1070
     3
1000
22985857
1002
}
  0
LINE
  5
396
330
70
100
AcDbEntity
  8
A-COB-___-___-EXI
100
AcDbLine
 10
-73902.62561709691
 20
6238.660109502823
 30
0.0
 11
-73422.87764229944
 21
6238.660109502823
 31
0.0
1001
REVIT
1002
{
1070
     1
1000
22988266
1002
}
1002
{
1070
     2
1000
-2000051
1002
}
1002
{
1070
     3
1000
22985857
1002
}
  0
LINE
  5
397
330
70
100
AcDbEntity
  8
A-COB-___-___-EXI
100
AcDbLine
 10
-73373.73272780799
 20
6238.660109502823
 30
0.0
 11
-72889.30428496371
 21
6238.660109502823
 31
0.0
1001
REVIT
1002
{
1070
     1
1000
22988267
1002
}
1002
{
1070
     2
1000
-2000051
1002
}
1002
{
1070
     3
1000
22985857
1002
}
  0
LINE
  5
398
330
70
100
AcDbEntity
  8
A-COB-___-___-EXI
100
AcDbLine
 10
-72842.49960449566
 20
6238.660109502823
 30
0.0
 11
-72362.75162969818
 21
6238.660109502823
 31
0.0
1001
REVIT
1002
{
1070
     1
1000
22988268
1002
}
1002
{
1070
     2
1000
-2000051
1002
}
1002
{
1070
     3
1000
22985857
1002
}
  0
LINE
  5
399
330
70
100
AcDbEntity
  8
A-COB-___-___-EXI
100
AcDbLine
 10
-72308.92624715994
 20
6238.660109502823
 30
0.0
 11
-72051.50050458566
 21
6238.660109502823
 31
0.0
1001
REVIT
1002
{
1070
     1
1000
22988269
1002
}
1002
{
1070
     2
1000
-2000051
1002
}
1002
{
1070
     3
1000
22985857
1002
}
  0
LINE
  5
39A
330
70
100
AcDbEntity
  8
A-COB-___-___-EXI
100
AcDbLine
 10
-71932.14856939215
 20
6238.660109502823
 30
0.0
 11
-71829.17827236245
 21
6238.660109502823
 31
0.0
1001
REVIT
1002
{
1070
     1
1000
22988270
1002
}
1002
{
1070
     2
1000
-2000051
1002
}
1002
{
1070
     3
1000
22985857
1002
}
  0
LINE
  5
39B
330
70
100
AcDbEntity
  8
A-COB-___-___-EXI
100
AcDbLine
 10
-71782.3735918944
 20
6238.660109502823
 30
0.0
 11
-71295.60491502672
 21
6238.660109502823
 31
0.0
1001
REVIT
1002
{
1070
     1
1000
22988271
1002
}
1002
{
1070
     2
1000
-2000051
1002
}
1002
{
1070
     3
1000
22985857
1002
}
  0
LINE
  5
39C
330
70
100
AcDbEntity
  8
A-COB-___-___-EXI
100
AcDbLine
 10
-71248.80023455867
 20
6238.660109502823
 30
0.0
 11
-70769.05225976118
 21
6238.660109502823
 31
0.0
1001
REVIT
1002
{
1070
     1
1000
22988272
1002
}
1002
{
1070
     2
1000
-2000051
1002
}
1002
{
1070
     3
1000
22985857
1002
}
  0
LINE
  5
39D
330
70
100
AcDbEntity
  8
A-COB-___-___-EXI
100
AcDbLine
 10
-70715.22687722293
 20
6238.660109502823
 30
0.0
 11
-70235.47890242546
 21
6238.660109502823
 31
0.0
1001
REVIT
1002
{
1070
     1
1000
22988273
1002
}
1002
{
1070
     2
1000
-2000051
1002
}
1002
{
1070
     3
1000
22985857
1002
}
  0
LINE
  5
39E
330
70
100
AcDbEntity
  8
A-COB-___-___-EXI
100
AcDbLine
 10
-70188.6742219574
 20
6238.660109502823
 30
0.0
 11
-69701.90554508971
 21
6238.660109502823
 31
0.0
1001
REVIT
1002
{
1070
     1
1000
22988274
1002
}
1002
{
1070
     2
1000
-2000051
1002
}
1002
{
1070
     3
1000
22985857
1002
}
  0
LINE
  5
39F
330
70
100
AcDbEntity
  8
A-COB-___-___-EXI
100
AcDbLine
 10
-69655.10086462168
 20
6238.660109502823
 30
0.0
 11
-69402.35559009422
 21
6238.660109502823
 31
0.0
1001
REVIT
1002
{
1070
     1
1000
22988275
1002
}
1002
{
1070
     2
1000
-2000051
1002
}
1002
{
1070
     3
1000
22985857
1002
}
  0
LINE
  5
3A0
330
70
100
AcDbEntity
  8
A-COB-___-___-EXI
100
AcDbLine
 10
-69283.00365490071
 20
6238.660109502823
 30
0.0
 11
-69175.35288982419
 21
6238.660109502823
 31
0.0
1001
REVIT
1002
{
1070
     1
1000
22988276
1002
}
1002
{
1070
     2
1000
-2000051
1002
}
1002
{
1070
     3
1000
22985857
1002
}
  0
LINE
  5
3A1
330
70
100
AcDbEntity
  8
A-COB-___-___-EXI
100
AcDbLine
 10
-69121.52750728593
 20
6238.660109502823
 30
0.0
 11
-68641.77953248846
 21
6238.660109502823
 31
0.0
1001
REVIT
1002
{
1070
     1
1000
22988277
1002
}
1002
{
1070
     2
1000
-2000051
1002
}
1002
{
1070
     3
1000
22985857
1002
}
  0
LINE
  5
3A2
330
70
100
AcDbEntity
  8
A-COB-___-___-EXI
100
AcDbLine
 10
-68061.40149468467
 20
6238.660109502823
 30
0.0
 11
-67581.6535198872
 21
6238.660109502823
 31
0.0
1001
REVIT
1002
{
1070
     1
1000
22988278
1002
}
1002
{
1070
     2
1000
-2000051
1002
}
1002
{
1070
     3
1000
22985857
1002
}
  0
LINE
  5
3A3
330
70
100
AcDbEntity
  8
A-COB-___-___-EXI
100
AcDbLine
 10
-67527.82813734894
 20
6238.660109502823
 30
0.0
 11
-67048.08016255147
 21
6238.660109502823
 31
0.0
1001
REVIT
1002
{
1070
     1
1000
22988279
1002
}
1002
{
1070
     2
1000
-2000051
1002
}
1002
{
1070
     3
1000
22985857
1002
}
  0
LINE
  5
3A4
330
70
100
AcDbEntity
  8
A-COB-___-___-EXI
100
AcDbLine
 10
-67001.27548208342
 20
6238.660109502823
 30
0.0
 11
-66755.55090962618
 21
6238.660109502823
 31
0.0
1001
REVIT
1002
{
1070
     1
1000
22988280
1002
}
1002
{
1070
     2
1000
-2000051
1002
}
1002
{
1070
     3
1000
22985857
1002
}
  0
LINE
  5
3A5
330
70
100
AcDbEntity
  8
A-COB-___-___-EXI
100
AcDbLine
 10
-66633.85874040925
 20
6238.660109502823
 30
0.0
 11
-66521.52750728594
 21
6238.660109502823
 31
0.0
1001
REVIT
1002
{
1070
     1
1000
22988281
1002
}
1002
{
1070
     2
1000
-2000051
1002
}
1002
{
1070
     3
1000
22985857
1002
}
  0
LINE
  5
3A6
330
70
100
AcDbEntity
  8
A-COB-___-___-EXI
100
AcDbLine
 10
-74548.53020755596
 20
6074.843727864656
 30
0.0
 11
-73956.45099963518
 21
6074.843727864656
 31
0.0
1001
REVIT
1002
{
1070
     1
1000
22988282
1002
}
1002
{
1070
     2
1000
-2000051
1002
}
1002
{
1070
     3
1000
22985857
1002
}
  0
LINE
  5
3A7
330
70
100
AcDbEntity
  8
A-COB-___-___-EXI
100
AcDbLine
 10
-73902.62561709691
 20
6074.843727864656
 30
0.0
 11
-73422.87764229944
 21
6074.843727864656
 31
0.0
1001
REVIT
1002
{
1070
     1
1000
22988283
1002
}
1002
{
1070
     2
1000
-2000051
1002
}
1002
{
1070
     3
1000
22985857
1002
}
  0
LINE
  5
3A8
330
70
100
AcDbEntity
  8
A-COB-___-___-EXI
100
AcDbLine
 10
-73373.73272780799
 20
6074.843727864656
 30
0.0
 11
-72889.30428496371
 21
6074.843727864656
 31
0.0
1001
REVIT
1002
{
1070
     1
1000
22988284
1002
}
1002
{
1070
     2
1000
-2000051
1002
}
1002
{
1070
     3
1000
22985857
1002
}
  0
LINE
  5
3A9
330
70
100
AcDbEntity
  8
A-COB-___-___-EXI
100
AcDbLine
 10
-72842.49960449566
 20
6074.843727864656
 30
0.0
 11
-72362.75162969818
 21
6074.843727864656
 31
0.0
1001
REVIT
1002
{
1070
     1
1000
22988285
1002
}
1002
{
1070
     2
1000
-2000051
1002
}
1002
{
1070
     3
1000
22985857
1002
}
  0
LINE
  5
3AA
330
70
100
AcDbEntity
  8
A-COB-___-___-EXI
100
AcDbLine
 10
-72308.92624715994
 20
6074.843727864656
 30
0.0
 11
-72051.50050458566
 21
6074.843727864656
 31
0.0
1001
REVIT
1002
{
1070
     1
1000
22988286
1002
}
1002
{
1070
     2
1000
-2000051
1002
}
1002
{
1070
     3
1000
22985857
1002
}
  0
LINE
  5
3AB
330
70
100
AcDbEntity
  8
A-COB-___-___-EXI
100
AcDbLine
 10
-71932.14856939215
 20
6074.843727864656
 30
0.0
 11
-71829.17827236245
 21
6074.843727864656
 31
0.0
1001
REVIT
1002
{
1070
     1
1000
22988287
1002
}
1002
{
1070
     2
1000
-2000051
1002
}
1002
{
1070
     3
1000
22985857
1002
}
  0
LINE
  5
3AC
330
70
100
AcDbEntity
  8
A-COB-___-___-EXI
100
AcDbLine
 10
-71782.3735918944
 20
6074.843727864656
 30
0.0
 11
-71295.60491502672
 21
6074.843727864656
 31
0.0
1001
REVIT
1002
{
1070
     1
1000
22988288
1002
}
1002
{
1070
     2
1000
-2000051
1002
}
1002
{
1070
     3
1000
22985857
1002
}
  0
LINE
  5
3AD
330
70
100
AcDbEntity
  8
A-COB-___-___-EXI
100
AcDbLine
 10
-71248.80023455867
 20
6074.843727864656
 30
0.0
 11
-70769.05225976118
 21
6074.843727864656
 31
0.0
1001
REVIT
1002
{
1070
     1
1000
22988289
1002
}
1002
{
1070
     2
1000
-2000051
1002
}
1002
{
1070
     3
1000
22985857
1002
}
  0
LINE
  5
3AE
330
70
100
AcDbEntity
  8
A-COB-___-___-EXI
100
AcDbLine
 10
-70715.22687722293
 20
6074.843727864656
 30
0.0
 11
-70235.47890242546
 21
6074.843727864656
 31
0.0
1001
REVIT
1002
{
1070
     1
1000
22988290
1002
}
1002
{
1070
     2
1000
-2000051
1002
}
1002
{
1070
     3
1000
22985857
1002
}
  0
LINE
  5
3AF
330
70
100
AcDbEntity
  8
A-COB-___-___-EXI
100
AcDbLine
 10
-70188.6742219574
 20
6074.843727864656
 30
0.0
 11
-69701.90554508971
 21
6074.843727864656
 31
0.0
1001
REVIT
1002
{
1070
     1
1000
22988291
1002
}
1002
{
1070
     2
1000
-2000051
1002
}
1002
{
1070
     3
1000
22985857
1002
}
  0
LINE
  5
3B0
330
70
100
AcDbEntity
  8
A-COB-___-___-EXI
100
AcDbLine
 10
-69655.10086462168
 20
6074.843727864656
 30
0.0
 11
-69402.35559009422
 21
6074.843727864656
 31
0.0
1001
REVIT
1002
{
1070
     1
1000
22988292
1002
}
1002
{
1070
     2
1000
-2000051
1002
}
1002
{
1070
     3
1000
22985857
1002
}
  0
LINE
  5
3B1
330
70
100
AcDbEntity
  8
A-COB-___-___-EXI
100
AcDbLine
 10
-69283.00365490071
 20
6074.843727864656
 30
0.0
 11
-69175.35288982419
 21
6074.843727864656
 31
0.0
1001
REVIT
1002
{
1070
     1
1000
22988293
1002
}
1002
{
1070
     2
1000
-2000051
1002
}
1002
{
1070
     3
1000
22985857
1002
}
  0
LINE
  5
3B2
330
70
100
AcDbEntity
  8
A-COB-___-___-EXI
100
AcDbLine
 10
-69121.52750728593
 20
6074.843727864656
 30
0.0
 11
-68641.77953248846
 21
6074.843727864656
 31
0.0
1001
REVIT
1002
{
1070
     1
1000
22988294
1002
}
1002
{
1070
     2
1000
-2000051
1002
}
1002
{
1070
     3
1000
22985857
1002
}
  0
LINE
  5
3B3
330
70
100
AcDbEntity
  8
A-COB-___-___-EXI
100
AcDbLine
 10
-68061.40149468467
 20
6074.843727864656
 30
0.0
 11
-67581.6535198872
 21
6074.843727864656
 31
0.0
1001
REVIT
1002
{
1070
     1
1000
22988295
1002
}
1002
{
1070
     2
1000
-2000051
1002
}
1002
{
1070
     3
1000
22985857
1002
}
  0
LINE
  5
3B4
330
70
100
AcDbEntity
  8
A-COB-___-___-EXI
100
AcDbLine
 10
-67527.82813734894
 20
6074.843727864656
 30
0.0
 11
-67048.08016255147
 21
6074.843727864656
 31
0.0
1001
REVIT
1002
{
1070
     1
1000
22988296
1002
}
1002
{
1070
     2
1000
-2000051
1002
}
1002
{
1070
     3
1000
22985857
1002
}
  0
LINE
  5
3B5
330
70
100
AcDbEntity
  8
A-COB-___-___-EXI
100
AcDbLine
 10
-67001.27548208342
 20
6074.843727864656
 30
0.0
 11
-66755.55090962618
 21
6074.843727864656
 31
0.0
1001
REVIT
1002
{
1070
     1
1000
22988297
1002
}
1002
{
1070
     2
1000
-2000051
1002
}
1002
{
1070
     3
1000
22985857
1002
}
  0
LINE
  5
3B6
330
70
100
AcDbEntity
  8
A-COB-___-___-EXI
100
AcDbLine
 10
-66633.85874040925
 20
6074.843727864656
 30
0.0
 11
-66521.52750728594
 21
6074.843727864656
 31
0.0
1001
REVIT
1002
{
1070
     1
1000
22988298
1002
}
1002
{
1070
     2
1000
-2000051
1002
}
1002
{
1070
     3
1000
22985857
1002
}
  0
LINE
  5
3B7
330
70
100
AcDbEntity
  8
A-COB-___-___-EXI
100
AcDbLine
 10
-74490.02435697091
 20
6112.287472239096
 30
0.0
 11
-73956.45099963518
 21
6112.287472239096
 31
0.0
1001
REVIT
1002
{
1070
     1
1000
22988299
1002
}
1002
{
1070
     2
1000
-2000051
1002
}
1002
{
1070
     3
1000
22985857
1002
}
  0
LINE
  5
3B8
330
70
100
AcDbEntity
  8
A-COB-___-___-EXI
100
AcDbLine
 10
-73902.62561709691
 20
6112.287472239096
 30
0.0
 11
-73422.87764229944
 21
6112.287472239096
 31
0.0
1001
REVIT
1002
{
1070
     1
1000
22988300
1002
}
1002
{
1070
     2
1000
-2000051
1002
}
1002
{
1070
     3
1000
22985857
1002
}
  0
LINE
  5
3B9
330
70
100
AcDbEntity
  8
A-COB-___-___-EXI
100
AcDbLine
 10
-73373.73272780799
 20
6112.287472239096
 30
0.0
 11
-72889.30428496371
 21
6112.287472239096
 31
0.0
1001
REVIT
1002
{
1070
     1
1000
22988301
1002
}
1002
{
1070
     2
1000
-2000051
1002
}
1002
{
1070
     3
1000
22985857
1002
}
  0
LINE
  5
3BA
330
70
100
AcDbEntity
  8
A-COB-___-___-EXI
100
AcDbLine
 10
-72842.49960449566
 20
6112.287472239096
 30
0.0
 11
-72362.75162969818
 21
6112.287472239096
 31
0.0
1001
REVIT
1002
{
1070
     1
1000
22988302
1002
}
1002
{
1070
     2
1000
-2000051
1002
}
1002
{
1070
     3
1000
22985857
1002
}
  0
LINE
  5
3BB
330
70
100
AcDbEntity
  8
A-COB-___-___-EXI
100
AcDbLine
 10
-72308.92624715994
 20
6112.287472239096
 30
0.0
 11
-72051.50050458566
 21
6112.287472239096
 31
0.0
1001
REVIT
1002
{
1070
     1
1000
22988303
1002
}
1002
{
1070
     2
1000
-2000051
1002
}
1002
{
1070
     3
1000
22985857
1002
}
  0
LINE
  5
3BC
330
70
100
AcDbEntity
  8
A-COB-___-___-EXI
100
AcDbLine
 10
-71932.14856939215
 20
6112.287472239096
 30
0.0
 11
-71829.17827236245
 21
6112.287472239096
 31
0.0
1001
REVIT
1002
{
1070
     1
1000
22988304
1002
}
1002
{
1070
     2
1000
-2000051
1002
}
1002
{
1070
     3
1000
22985857
1002
}
  0
LINE
  5
3BD
330
70
100
AcDbEntity
  8
A-COB-___-___-EXI
100
AcDbLine
 10
-71782.3735918944
 20
6112.287472239096
 30
0.0
 11
-71295.60491502672
 21
6112.287472239096
 31
0.0
1001
REVIT
1002
{
1070
     1
1000
22988305
1002
}
1002
{
1070
     2
1000
-2000051
1002
}
1002
{
1070
     3
1000
22985857
1002
}
  0
LINE
  5
3BE
330
70
100
AcDbEntity
  8
A-COB-___-___-EXI
100
AcDbLine
 10
-71248.80023455867
 20
6112.287472239096
 30
0.0
 11
-70769.05225976118
 21
6112.287472239096
 31
0.0
1001
REVIT
1002
{
1070
     1
1000
22988306
1002
}
1002
{
1070
     2
1000
-2000051
1002
}
1002
{
1070
     3
1000
22985857
1002
}
  0
LINE
  5
3BF
330
70
100
AcDbEntity
  8
A-COB-___-___-EXI
100
AcDbLine
 10
-70715.22687722293
 20
6112.287472239096
 30
0.0
 11
-70235.47890242546
 21
6112.287472239096
 31
0.0
1001
REVIT
1002
{
1070
     1
1000
22988307
1002
}
1002
{
1070
     2
1000
-2000051
1002
}
1002
{
1070
     3
1000
22985857
1002
}
  0
LINE
  5
3C0
330
70
100
AcDbEntity
  8
A-COB-___-___-EXI
100
AcDbLine
 10
-70188.6742219574
 20
6112.287472239096
 30
0.0
 11
-69701.90554508971
 21
6112.287472239096
 31
0.0
1001
REVIT
1002
{
1070
     1
1000
22988308
1002
}
1002
{
1070
     2
1000
-2000051
1002
}
1002
{
1070
     3
1000
22985857
1002
}
  0
LINE
  5
3C1
330
70
100
AcDbEntity
  8
A-COB-___-___-EXI
100
AcDbLine
 10
-69655.10086462168
 20
6112.287472239096
 30
0.0
 11
-69402.35559009422
 21
6112.287472239096
 31
0.0
1001
REVIT
1002
{
1070
     1
1000
22988309
1002
}
1002
{
1070
     2
1000
-2000051
1002
}
1002
{
1070
     3
1000
22985857
1002
}
  0
LINE
  5
3C2
330
70
100
AcDbEntity
  8
A-COB-___-___-EXI
100
AcDbLine
 10
-69283.00365490071
 20
6112.287472239096
 30
0.0
 11
-69175.35288982419
 21
6112.287472239096
 31
0.0
1001
REVIT
1002
{
1070
     1
1000
22988310
1002
}
1002
{
1070
     2
1000
-2000051
1002
}
1002
{
1070
     3
1000
22985857
1002
}
  0
LINE
  5
3C3
330
70
100
AcDbEntity
  8
A-COB-___-___-EXI
100
AcDbLine
 10
-69121.52750728593
 20
6112.287472239096
 30
0.0
 11
-68641.77953248846
 21
6112.287472239096
 31
0.0
1001
REVIT
1002
{
1070
     1
1000
22988311
1002
}
1002
{
1070
     2
1000
-2000051
1002
}
1002
{
1070
     3
1000
22985857
1002
}
  0
LINE
  5
3C4
330
70
100
AcDbEntity
  8
A-COB-___-___-EXI
100
AcDbLine
 10
-68061.40149468467
 20
6112.287472239096
 30
0.0
 11
-67581.6535198872
 21
6112.287472239096
 31
0.0
1001
REVIT
1002
{
1070
     1
1000
22988312
1002
}
1002
{
1070
     2
1000
-2000051
1002
}
1002
{
1070
     3
1000
22985857
1002
}
  0
LINE
  5
3C5
330
70
100
AcDbEntity
  8
A-COB-___-___-EXI
100
AcDbLine
 10
-67527.82813734894
 20
6112.287472239096
 30
0.0
 11
-67048.08016255147
 21
6112.287472239096
 31
0.0
1001
REVIT
1002
{
1070
     1
1000
22988313
1002
}
1002
{
1070
     2
1000
-2000051
1002
}
1002
{
1070
     3
1000
22985857
1002
}
  0
LINE
  5
3C6
330
70
100
AcDbEntity
  8
A-COB-___-___-EXI
100
AcDbLine
 10
-67001.27548208342
 20
6112.287472239096
 30
0.0
 11
-66755.55090962618
 21
6112.287472239096
 31
0.0
1001
REVIT
1002
{
1070
     1
1000
22988314
1002
}
1002
{
1070
     2
1000
-2000051
1002
}
1002
{
1070
     3
1000
22985857
1002
}
  0
LINE
  5
3C7
330
70
100
AcDbEntity
  8
A-COB-___-___-EXI
100
AcDbLine
 10
-66633.85874040925
 20
6112.287472239096
 30
0.0
 11
-66521.52750728594
 21
6112.287472239096
 31
0.0
1001
REVIT
1002
{
1070
     1
1000
22988315
1002
}
1002
{
1070
     2
1000
-2000051
1002
}
1002
{
1070
     3
1000
22985857
1002
}
  0
LINE
  5
3C8
330
70
100
AcDbEntity
  8
A-COB-___-___-EXI
100
AcDbLine
 10
-74981.47350188541
 20
5908.687112203091
 30
0.0
 11
-74667.88214274949
 21
5908.687112203091
 31
0.0
1001
REVIT
1002
{
1070
     1
1000
22988316
1002
}
1002
{
1070
     2
1000
-2000051
1002
}
1002
{
1070
     3
1000
22985857
1002
}
  0
LINE
  5
3C9
330
70
100
AcDbEntity
  8
A-COB-___-___-EXI
100
AcDbLine
 10
-74548.53020755596
 20
5908.687112203091
 30
0.0
 11
-73956.45099963518
 21
5908.687112203091
 31
0.0
1001
REVIT
1002
{
1070
     1
1000
22988317
1002
}
1002
{
1070
     2
1000
-2000051
1002
}
1002
{
1070
     3
1000
22985857
1002
}
  0
LINE
  5
3CA
330
70
100
AcDbEntity
  8
A-COB-___-___-EXI
100
AcDbLine
 10
-73902.62561709691
 20
5908.687112203091
 30
0.0
 11
-73422.87764229944
 21
5908.687112203091
 31
0.0
1001
REVIT
1002
{
1070
     1
1000
22988318
1002
}
1002
{
1070
     2
1000
-2000051
1002
}
1002
{
1070
     3
1000
22985857
1002
}
  0
LINE
  5
3CB
330
70
100
AcDbEntity
  8
A-COB-___-___-EXI
100
AcDbLine
 10
-73373.73272780799
 20
5908.687112203091
 30
0.0
 11
-72889.30428496371
 21
5908.687112203091
 31
0.0
1001
REVIT
1002
{
1070
     1
1000
22988319
1002
}
1002
{
1070
     2
1000
-2000051
1002
}
1002
{
1070
     3
1000
22985857
1002
}
  0
LINE
  5
3CC
330
70
100
AcDbEntity
  8
A-COB-___-___-EXI
100
AcDbLine
 10
-72842.49960449566
 20
5908.687112203091
 30
0.0
 11
-72362.75162969818
 21
5908.687112203091
 31
0.0
1001
REVIT
1002
{
1070
     1
1000
22988320
1002
}
1002
{
1070
     2
1000
-2000051
1002
}
1002
{
1070
     3
1000
22985857
1002
}
  0
LINE
  5
3CD
330
70
100
AcDbEntity
  8
A-COB-___-___-EXI
100
AcDbLine
 10
-72308.92624715994
 20
5908.687112203091
 30
0.0
 11
-72051.50050458566
 21
5908.687112203091
 31
0.0
1001
REVIT
1002
{
1070
     1
1000
22988321
1002
}
1002
{
1070
     2
1000
-2000051
1002
}
1002
{
1070
     3
1000
22985857
1002
}
  0
LINE
  5
3CE
330
70
100
AcDbEntity
  8
A-COB-___-___-EXI
100
AcDbLine
 10
-71932.14856939215
 20
5908.687112203091
 30
0.0
 11
-71829.17827236245
 21
5908.687112203091
 31
0.0
1001
REVIT
1002
{
1070
     1
1000
22988322
1002
}
1002
{
1070
     2
1000
-2000051
1002
}
1002
{
1070
     3
1000
22985857
1002
}
  0
LINE
  5
3CF
330
70
100
AcDbEntity
  8
A-COB-___-___-EXI
100
AcDbLine
 10
-71782.3735918944
 20
5908.687112203091
 30
0.0
 11
-71295.60491502672
 21
5908.687112203091
 31
0.0
1001
REVIT
1002
{
1070
     1
1000
22988323
1002
}
1002
{
1070
     2
1000
-2000051
1002
}
1002
{
1070
     3
1000
22985857
1002
}
  0
LINE
  5
3D0
330
70
100
AcDbEntity
  8
A-COB-___-___-EXI
100
AcDbLine
 10
-71248.80023455867
 20
5908.687112203091
 30
0.0
 11
-70769.05225976118
 21
5908.687112203091
 31
0.0
1001
REVIT
1002
{
1070
     1
1000
22988324
1002
}
1002
{
1070
     2
1000
-2000051
1002
}
1002
{
1070
     3
1000
22985857
1002
}
  0
LINE
  5
3D1
330
70
100
AcDbEntity
  8
A-COB-___-___-EXI
100
AcDbLine
 10
-70715.22687722293
 20
5908.687112203091
 30
0.0
 11
-70235.47890242546
 21
5908.687112203091
 31
0.0
1001
REVIT
1002
{
1070
     1
1000
22988325
1002
}
1002
{
1070
     2
1000
-2000051
1002
}
1002
{
1070
     3
1000
22985857
1002
}
  0
LINE
  5
3D2
330
70
100
AcDbEntity
  8
A-COB-___-___-EXI
100
AcDbLine
 10
-70188.6742219574
 20
5908.687112203091
 30
0.0
 11
-69701.90554508971
 21
5908.687112203091
 31
0.0
1001
REVIT
1002
{
1070
     1
1000
22988326
1002
}
1002
{
1070
     2
1000
-2000051
1002
}
1002
{
1070
     3
1000
22985857
1002
}
  0
LINE
  5
3D3
330
70
100
AcDbEntity
  8
A-COB-___-___-EXI
100
AcDbLine
 10
-69655.10086462168
 20
5908.687112203091
 30
0.0
 11
-69402.35559009422
 21
5908.687112203091
 31
0.0
1001
REVIT
1002
{
1070
     1
1000
22988327
1002
}
1002
{
1070
     2
1000
-2000051
1002
}
1002
{
1070
     3
1000
22985857
1002
}
  0
LINE
  5
3D4
330
70
100
AcDbEntity
  8
A-COB-___-___-EXI
100
AcDbLine
 10
-69283.00365490071
 20
5908.687112203091
 30
0.0
 11
-69175.35288982419
 21
5908.687112203091
 31
0.0
1001
REVIT
1002
{
1070
     1
1000
22988328
1002
}
1002
{
1070
     2
1000
-2000051
1002
}
1002
{
1070
     3
1000
22985857
1002
}
  0
LINE
  5
3D5
330
70
100
AcDbEntity
  8
A-COB-___-___-EXI
100
AcDbLine
 10
-69121.52750728593
 20
5908.687112203091
 30
0.0
 11
-68641.77953248846
 21
5908.687112203091
 31
0.0
1001
REVIT
1002
{
1070
     1
1000
22988329
1002
}
1002
{
1070
     2
1000
-2000051
1002
}
1002
{
1070
     3
1000
22985857
1002
}
  0
LINE
  5
3D6
330
70
100
AcDbEntity
  8
A-COB-___-___-EXI
100
AcDbLine
 10
-68061.40149468467
 20
5908.687112203091
 30
0.0
 11
-67581.6535198872
 21
5908.687112203091
 31
0.0
1001
REVIT
1002
{
1070
     1
1000
22988330
1002
}
1002
{
1070
     2
1000
-2000051
1002
}
1002
{
1070
     3
1000
22985857
1002
}
  0
LINE
  5
3D7
330
70
100
AcDbEntity
  8
A-COB-___-___-EXI
100
AcDbLine
 10
-67527.82813734894
 20
5908.687112203091
 30
0.0
 11
-67048.08016255147
 21
5908.687112203091
 31
0.0
1001
REVIT
1002
{
1070
     1
1000
22988331
1002
}
1002
{
1070
     2
1000
-2000051
1002
}
1002
{
1070
     3
1000
22985857
1002
}
  0
LINE
  5
3D8
330
70
100
AcDbEntity
  8
A-COB-___-___-EXI
100
AcDbLine
 10
-67001.27548208342
 20
5908.687112203091
 30
0.0
 11
-66755.55090962618
 21
5908.687112203091
 31
0.0
1001
REVIT
1002
{
1070
     1
1000
22988332
1002
}
1002
{
1070
     2
1000
-2000051
1002
}
1002
{
1070
     3
1000
22985857
1002
}
  0
LINE
  5
3D9
330
70
100
AcDbEntity
  8
A-COB-___-___-EXI
100
AcDbLine
 10
-74885.52390692591
 20
5950.811324624334
 30
0.0
 11
-74667.88214274949
 21
5950.811324624334
 31
0.0
1001
REVIT
1002
{
1070
     1
1000
22988333
1002
}
1002
{
1070
     2
1000
-2000051
1002
}
1002
{
1070
     3
1000
22985857
1002
}
  0
LINE
  5
3DA
330
70
100
AcDbEntity
  8
A-COB-___-___-EXI
100
AcDbLine
 10
-74548.53020755596
 20
5950.811324624334
 30
0.0
 11
-73956.45099963518
 21
5950.811324624334
 31
0.0
1001
REVIT
1002
{
1070
     1
1000
22988334
1002
}
1002
{
1070
     2
1000
-2000051
1002
}
1002
{
1070
     3
1000
22985857
1002
}
  0
LINE
  5
3DB
330
70
100
AcDbEntity
  8
A-COB-___-___-EXI
100
AcDbLine
 10
-73902.62561709691
 20
5950.811324624334
 30
0.0
 11
-73422.87764229944
 21
5950.811324624334
 31
0.0
1001
REVIT
1002
{
1070
     1
1000
22988335
1002
}
1002
{
1070
     2
1000
-2000051
1002
}
1002
{
1070
     3
1000
22985857
1002
}
  0
LINE
  5
3DC
330
70
100
AcDbEntity
  8
A-COB-___-___-EXI
100
AcDbLine
 10
-73373.73272780799
 20
5950.811324624334
 30
0.0
 11
-72889.30428496371
 21
5950.811324624334
 31
0.0
1001
REVIT
1002
{
1070
     1
1000
22988336
1002
}
1002
{
1070
     2
1000
-2000051
1002
}
1002
{
1070
     3
1000
22985857
1002
}
  0
LINE
  5
3DD
330
70
100
AcDbEntity
  8
A-COB-___-___-EXI
100
AcDbLine
 10
-72842.49960449566
 20
5950.811324624334
 30
0.0
 11
-72362.75162969818
 21
5950.811324624334
 31
0.0
1001
REVIT
1002
{
1070
     1
1000
22988337
1002
}
1002
{
1070
     2
1000
-2000051
1002
}
1002
{
1070
     3
1000
22985857
1002
}
  0
LINE
  5
3E0
330
70
100
AcDbEntity
  8
A-COB-___-___-EXI
100
AcDbLine
 10
-71782.3735918944
 20
5950.811324624334
 30
0.0
 11
-71295.60491502672
 21
5950.811324624334
 31
0.0
1001
REVIT
1002
{
1070
     1
1000
22988340
1002
}
1002
{
1070
     2
1000
-2000051
1002
}
1002
{
1070
     3
1000
22985857
1002
}
  0
LINE
  5
3E1
330
70
100
AcDbEntity
  8
A-COB-___-___-EXI
100
AcDbLine
 10
-71248.80023455867
 20
5950.811324624334
 30
0.0
 11
-70769.05225976118
 21
5950.811324624334
 31
0.0
1001
REVIT
1002
{
1070
     1
1000
22988341
1002
}
1002
{
1070
     2
1000
-2000051
1002
}
1002
{
1070
     3
1000
22985857
1002
}
  0
LINE
  5
3E2
330
70
100
AcDbEntity
  8
A-COB-___-___-EXI
100
AcDbLine
 10
-70715.22687722293
 20
5950.811324624334
 30
0.0
 11
-70235.47890242546
 21
5950.811324624334
 31
0.0
1001
REVIT
1002
{
1070
     1
1000
22988342
1002
}
1002
{
1070
     2
1000
-2000051
1002
}
1002
{
1070
     3
1000
22985857
1002
}
  0
LINE
  5
3E3
330
70
100
AcDbEntity
  8
A-COB-___-___-EXI
100
AcDbLine
 10
-70188.6742219574
 20
5950.811324624334
 30
0.0
 11
-69701.90554508971
 21
5950.811324624334
 31
0.0
1001
REVIT
1002
{
1070
     1
1000
22988343
1002
}
1002
{
1070
     2
1000
-2000051
1002
}
1002
{
1070
     3
1000
22985857
1002
}
  0
LINE
  5
3E6
330
70
100
AcDbEntity
  8
A-COB-___-___-EXI
100
AcDbLine
 10
-69121.52750728593
 20
5950.811324624334
 30
0.0
 11
-68641.77953248846
 21
5950.811324624334
 31
0.0
1001
REVIT
1002
{
1070
     1
1000
22988346
1002
}
1002
{
1070
     2
1000
-2000051
1002
}
1002
{
1070
     3
1000
22985857
1002
}
  0
LINE
  5
3E7
330
70
100
AcDbEntity
  8
A-COB-___-___-EXI
100
AcDbLine
 10
-68061.40149468467
 20
5950.811324624334
 30
0.0
 11
-67581.6535198872
 21
5950.811324624334
 31
0.0
1001
REVIT
1002
{
1070
     1
1000
22988347
1002
}
1002
{
1070
     2
1000
-2000051
1002
}
1002
{
1070
     3
1000
22985857
1002
}
  0
LINE
  5
3E8
330
70
100
AcDbEntity
  8
A-COB-___-___-EXI
100
AcDbLine
 10
-67527.82813734894
 20
5950.811324624334
 30
0.0
 11
-67048.08016255147
 21
5950.811324624334
 31
0.0
1001
REVIT
1002
{
1070
     1
1000
22988348
1002
}
1002
{
1070
     2
1000
-2000051
1002
}
1002
{
1070
     3
1000
22985857
1002
}
  0
LINE
  5
3EB
330
70
100
AcDbEntity
  8
A-COB-___-___-EXI
100
AcDbLine
 10
-75376.9730518404
 20
5740.190262518123
 30
0.0
 11
-75016.57701223643
 21
5740.190262518123
 31
0.0
1001
REVIT
1002
{
1070
     1
1000
22988351
1002
}
1002
{
1070
     2
1000
-2000051
1002
}
1002
{
1070
     3
1000
22985857
1002
}
  0
LINE
  5
3EC
330
70
100
AcDbEntity
  8
A-COB-___-___-EXI
100
AcDbLine
 10
-74967.43209774498
 20
5740.190262518123
 30
0.0
 11
-74667.88214274949
 21
5740.190262518123
 31
0.0
1001
REVIT
1002
{
1070
     1
1000
22988352
1002
}
1002
{
1070
     2
1000
-2000051
1002
}
1002
{
1070
     3
1000
22985857
1002
}
  0
LINE
  5
3ED
330
70
100
AcDbEntity
  8
A-COB-___-___-EXI
100
AcDbLine
 10
-74548.53020755596
 20
5740.190262518123
 30
0.0
 11
-73956.45099963518
 21
5740.190262518123
 31
0.0
1001
REVIT
1002
{
1070
     1
1000
22988353
1002
}
1002
{
1070
     2
1000
-2000051
1002
}
1002
{
1070
     3
1000
22985857
1002
}
  0
LINE
  5
3EE
330
70
100
AcDbEntity
  8
A-COB-___-___-EXI
100
AcDbLine
 10
-73902.62561709691
 20
5740.190262518123
 30
0.0
 11
-73422.87764229944
 21
5740.190262518123
 31
0.0
1001
REVIT
1002
{
1070
     1
1000
22988354
1002
}
1002
{
1070
     2
1000
-2000051
1002
}
1002
{
1070
     3
1000
22985857
1002
}
  0
LINE
  5
3EF
330
70
100
AcDbEntity
  8
A-COB-___-___-EXI
100
AcDbLine
 10
-73373.73272780799
 20
5740.190262518123
 30
0.0
 11
-72889.30428496371
 21
5740.190262518123
 31
0.0
1001
REVIT
1002
{
1070
     1
1000
22988355
1002
}
1002
{
1070
     2
1000
-2000051
1002
}
1002
{
1070
     3
1000
22985857
1002
}
  0
LINE
  5
3F0
330
70
100
AcDbEntity
  8
A-COB-___-___-EXI
100
AcDbLine
 10
-72842.49960449566
 20
5740.190262518123
 30
0.0
 11
-72362.75162969818
 21
5740.190262518123
 31
0.0
1001
REVIT
1002
{
1070
     1
1000
22988356
1002
}
1002
{
1070
     2
1000
-2000051
1002
}
1002
{
1070
     3
1000
22985857
1002
}
  0
LINE
  5
3F1
330
70
100
AcDbEntity
  8
A-COB-___-___-EXI
100
AcDbLine
 10
-72308.92624715994
 20
5740.190262518123
 30
0.0
 11
-72051.50050458566
 21
5740.190262518123
 31
0.0
1001
REVIT
1002
{
1070
     1
1000
22988357
1002
}
1002
{
1070
     2
1000
-2000051
1002
}
1002
{
1070
     3
1000
22985857
1002
}
  0
LINE
  5
3F2
330
70
100
AcDbEntity
  8
A-COB-___-___-EXI
100
AcDbLine
 10
-71932.14856939215
 20
5740.190262518123
 30
0.0
 11
-71829.17827236245
 21
5740.190262518123
 31
0.0
1001
REVIT
1002
{
1070
     1
1000
22988358
1002
}
1002
{
1070
     2
1000
-2000051
1002
}
1002
{
1070
     3
1000
22985857
1002
}
  0
LINE
  5
3F3
330
70
100
AcDbEntity
  8
A-COB-___-___-EXI
100
AcDbLine
 10
-71782.3735918944
 20
5740.190262518123
 30
0.0
 11
-71295.60491502672
 21
5740.190262518123
 31
0.0
1001
REVIT
1002
{
1070
     1
1000
22988359
1002
}
1002
{
1070
     2
1000
-2000051
1002
}
1002
{
1070
     3
1000
22985857
1002
}
  0
LINE
  5
3F4
330
70
100
AcDbEntity
  8
A-COB-___-___-EXI
100
AcDbLine
 10
-71248.80023455867
 20
5740.190262518123
 30
0.0
 11
-70769.05225976118
 21
5740.190262518123
 31
0.0
1001
REVIT
1002
{
1070
     1
1000
22988360
1002
}
1002
{
1070
     2
1000
-2000051
1002
}
1002
{
1070
     3
1000
22985857
1002
}
  0
LINE
  5
3F5
330
70
100
AcDbEntity
  8
A-COB-___-___-EXI
100
AcDbLine
 10
-70715.22687722293
 20
5740.190262518123
 30
0.0
 11
-70235.47890242546
 21
5740.190262518123
 31
0.0
1001
REVIT
1002
{
1070
     1
1000
22988361
1002
}
1002
{
1070
     2
1000
-2000051
1002
}
1002
{
1070
     3
1000
22985857
1002
}
  0
LINE
  5
3F6
330
70
100
AcDbEntity
  8
A-COB-___-___-EXI
100
AcDbLine
 10
-70188.6742219574
 20
5740.190262518123
 30
0.0
 11
-69701.90554508971
 21
5740.190262518123
 31
0.0
1001
REVIT
1002
{
1070
     1
1000
22988362
1002
}
1002
{
1070
     2
1000
-2000051
1002
}
1002
{
1070
     3
1000
22985857
1002
}
  0
LINE
  5
3F7
330
70
100
AcDbEntity
  8
A-COB-___-___-EXI
100
AcDbLine
 10
-69655.10086462168
 20
5740.190262518123
 30
0.0
 11
-69402.35559009422
 21
5740.190262518123
 31
0.0
1001
REVIT
1002
{
1070
     1
1000
22988363
1002
}
1002
{
1070
     2
1000
-2000051
1002
}
1002
{
1070
     3
1000
22985857
1002
}
  0
LINE
  5
3F8
330
70
100
AcDbEntity
  8
A-COB-___-___-EXI
100
AcDbLine
 10
-69283.00365490071
 20
5740.190262518123
 30
0.0
 11
-69175.35288982419
 21
5740.190262518123
 31
0.0
1001
REVIT
1002
{
1070
     1
1000
22988364
1002
}
1002
{
1070
     2
1000
-2000051
1002
}
1002
{
1070
     3
1000
22985857
1002
}
  0
LINE
  5
3F9
330
70
100
AcDbEntity
  8
A-COB-___-___-EXI
100
AcDbLine
 10
-69121.52750728593
 20
5740.190262518123
 30
0.0
 11
-68641.77953248846
 21
5740.190262518123
 31
0.0
1001
REVIT
1002
{
1070
     1
1000
22988365
1002
}
1002
{
1070
     2
1000
-2000051
1002
}
1002
{
1070
     3
1000
22985857
1002
}
  0
LINE
  5
3FA
330
70
100
AcDbEntity
  8
A-COB-___-___-EXI
100
AcDbLine
 10
-68061.40149468467
 20
5740.190262518123
 30
0.0
 11
-67581.6535198872
 21
5740.190262518123
 31
0.0
1001
REVIT
1002
{
1070
     1
1000
22988366
1002
}
1002
{
1070
     2
1000
-2000051
1002
}
1002
{
1070
     3
1000
22985857
1002
}
  0
LINE
  5
3FB
330
70
100
AcDbEntity
  8
A-COB-___-___-EXI
100
AcDbLine
 10
-67527.82813734894
 20
5740.190262518123
 30
0.0
 11
-67048.08016255147
 21
5740.190262518123
 31
0.0
1001
REVIT
1002
{
1070
     1
1000
22988367
1002
}
1002
{
1070
     2
1000
-2000051
1002
}
1002
{
1070
     3
1000
22985857
1002
}
  0
LINE
  5
3FC
330
70
100
AcDbEntity
  8
A-COB-___-___-EXI
100
AcDbLine
 10
-67001.27548208342
 20
5740.190262518123
 30
0.0
 11
-66755.55090962618
 21
5740.190262518123
 31
0.0
1001
REVIT
1002
{
1070
     1
1000
22988368
1002
}
1002
{
1070
     2
1000
-2000051
1002
}
1002
{
1070
     3
1000
22985857
1002
}
  0
LINE
  5
3FD
330
70
100
AcDbEntity
  8
A-COB-___-___-EXI
100
AcDbLine
 10
-75281.0234568809
 20
5782.314474939366
 30
0.0
 11
-75016.57701223643
 21
5782.314474939366
 31
0.0
1001
REVIT
1002
{
1070
     1
1000
22988369
1002
}
1002
{
1070
     2
1000
-2000051
1002
}
1002
{
1070
     3
1000
22985857
1002
}
  0
LINE
  5
3FE
330
70
100
AcDbEntity
  8
A-COB-___-___-EXI
100
AcDbLine
 10
-74967.43209774498
 20
5782.314474939366
 30
0.0
 11
-74667.88214274949
 21
5782.314474939366
 31
0.0
1001
REVIT
1002
{
1070
     1
1000
22988370
1002
}
1002
{
1070
     2
1000
-2000051
1002
}
1002
{
1070
     3
1000
22985857
1002
}
  0
LINE
  5
3FF
330
70
100
AcDbEntity
  8
A-COB-___-___-EXI
100
AcDbLine
 10
-74548.53020755596
 20
5782.314474939366
 30
0.0
 11
-73956.45099963518
 21
5782.314474939366
 31
0.0
1001
REVIT
1002
{
1070
     1
1000
22988371
1002
}
1002
{
1070
     2
1000
-2000051
1002
}
1002
{
1070
     3
1000
22985857
1002
}
  0
LINE
  5
400
330
70
100
AcDbEntity
  8
A-COB-___-___-EXI
100
AcDbLine
 10
-73902.62561709691
 20
5782.314474939366
 30
0.0
 11
-73422.87764229944
 21
5782.314474939366
 31
0.0
1001
REVIT
1002
{
1070
     1
1000
22988372
1002
}
1002
{
1070
     2
1000
-2000051
1002
}
1002
{
1070
     3
1000
22985857
1002
}
  0
LINE
  5
401
330
70
100
AcDbEntity
  8
A-COB-___-___-EXI
100
AcDbLine
 10
-73373.73272780799
 20
5782.314474939366
 30
0.0
 11
-72889.30428496371
 21
5782.314474939366
 31
0.0
1001
REVIT
1002
{
1070
     1
1000
22988373
1002
}
1002
{
1070
     2
1000
-2000051
1002
}
1002
{
1070
     3
1000
22985857
1002
}
  0
LINE
  5
402
330
70
100
AcDbEntity
  8
A-COB-___-___-EXI
100
AcDbLine
 10
-72842.49960449566
 20
5782.314474939366
 30
0.0
 11
-72362.75162969818
 21
5782.314474939366
 31
0.0
1001
REVIT
1002
{
1070
     1
1000
22988374
1002
}
1002
{
1070
     2
1000
-2000051
1002
}
1002
{
1070
     3
1000
22985857
1002
}
  0
LINE
  5
403
330
70
100
AcDbEntity
  8
A-COB-___-___-EXI
100
AcDbLine
 10
-72308.92624715994
 20
5782.314474939366
 30
0.0
 11
-72051.50050458566
 21
5782.314474939366
 31
0.0
1001
REVIT
1002
{
1070
     1
1000
22988375
1002
}
1002
{
1070
     2
1000
-2000051
1002
}
1002
{
1070
     3
1000
22985857
1002
}
  0
LINE
  5
404
330
70
100
AcDbEntity
  8
A-COB-___-___-EXI
100
AcDbLine
 10
-71932.14856939215
 20
5782.314474939366
 30
0.0
 11
-71829.17827236245
 21
5782.314474939366
 31
0.0
1001
REVIT
1002
{
1070
     1
1000
22988376
1002
}
1002
{
1070
     2
1000
-2000051
1002
}
1002
{
1070
     3
1000
22985857
1002
}
  0
LINE
  5
405
330
70
100
AcDbEntity
  8
A-COB-___-___-EXI
100
AcDbLine
 10
-71782.3735918944
 20
5782.314474939366
 30
0.0
 11
-71295.60491502672
 21
5782.314474939366
 31
0.0
1001
REVIT
1002
{
1070
     1
1000
22988377
1002
}
1002
{
1070
     2
1000
-2000051
1002
}
1002
{
1070
     3
1000
22985857
1002
}
  0
LINE
  5
406
330
70
100
AcDbEntity
  8
A-COB-___-___-EXI
100
AcDbLine
 10
-71248.80023455867
 20
5782.314474939366
 30
0.0
 11
-70769.05225976118
 21
5782.314474939366
 31
0.0
1001
REVIT
1002
{
1070
     1
1000
22988378
1002
}
1002
{
1070
     2
1000
-2000051
1002
}
1002
{
1070
     3
1000
22985857
1002
}
  0
LINE
  5
407
330
70
100
AcDbEntity
  8
A-COB-___-___-EXI
100
AcDbLine
 10
-70715.22687722293
 20
5782.314474939366
 30
0.0
 11
-70235.47890242546
 21
5782.314474939366
 31
0.0
1001
REVIT
1002
{
1070
     1
1000
22988379
1002
}
1002
{
1070
     2
1000
-2000051
1002
}
1002
{
1070
     3
1000
22985857
1002
}
  0
LINE
  5
408
330
70
100
AcDbEntity
  8
A-COB-___-___-EXI
100
AcDbLine
 10
-70188.6742219574
 20
5782.314474939366
 30
0.0
 11
-69701.90554508971
 21
5782.314474939366
 31
0.0
1001
REVIT
1002
{
1070
     1
1000
22988380
1002
}
1002
{
1070
     2
1000
-2000051
1002
}
1002
{
1070
     3
1000
22985857
1002
}
  0
LINE
  5
409
330
70
100
AcDbEntity
  8
A-COB-___-___-EXI
100
AcDbLine
 10
-69655.10086462168
 20
5782.314474939366
 30
0.0
 11
-69402.35559009422
 21
5782.314474939366
 31
0.0
1001
REVIT
1002
{
1070
     1
1000
22988381
1002
}
1002
{
1070
     2
1000
-2000051
1002
}
1002
{
1070
     3
1000
22985857
1002
}
  0
LINE
  5
40A
330
70
100
AcDbEntity
  8
A-COB-___-___-EXI
100
AcDbLine
 10
-69283.00365490071
 20
5782.314474939366
 30
0.0
 11
-69175.35288982419
 21
5782.314474939366
 31
0.0
1001
REVIT
1002
{
1070
     1
1000
22988382
1002
}
1002
{
1070
     2
1000
-2000051
1002
}
1002
{
1070
     3
1000
22985857
1002
}
  0
LINE
  5
40B
330
70
100
AcDbEntity
  8
A-COB-___-___-EXI
100
AcDbLine
 10
-69121.52750728593
 20
5782.314474939366
 30
0.0
 11
-68641.77953248846
 21
5782.314474939366
 31
0.0
1001
REVIT
1002
{
1070
     1
1000
22988383
1002
}
1002
{
1070
     2
1000
-2000051
1002
}
1002
{
1070
     3
1000
22985857
1002
}
  0
LINE
  5
40C
330
70
100
AcDbEntity
  8
A-COB-___-___-EXI
100
AcDbLine
 10
-68061.40149468467
 20
5782.314474939366
 30
0.0
 11
-67581.6535198872
 21
5782.314474939366
 31
0.0
1001
REVIT
1002
{
1070
     1
1000
22988384
1002
}
1002
{
1070
     2
1000
-2000051
1002
}
1002
{
1070
     3
1000
22985857
1002
}
  0
LINE
  5
40D
330
70
100
AcDbEntity
  8
A-COB-___-___-EXI
100
AcDbLine
 10
-67527.82813734894
 20
5782.314474939366
 30
0.0
 11
-67048.08016255147
 21
5782.314474939366
 31
0.0
1001
REVIT
1002
{
1070
     1
1000
22988385
1002
}
1002
{
1070
     2
1000
-2000051
1002
}
1002
{
1070
     3
1000
22985857
1002
}
  0
LINE
  5
40E
330
70
100
AcDbEntity
  8
A-COB-___-___-EXI
100
AcDbLine
 10
-67001.27548208342
 20
5782.314474939366
 30
0.0
 11
-66755.55090962618
 21
5782.314474939366
 31
0.0
1001
REVIT
1002
{
1070
     1
1000
22988386
1002
}
1002
{
1070
     2
1000
-2000051
1002
}
1002
{
1070
     3
1000
22985857
1002
}
  0
LINE
  5
40F
330
70
100
AcDbEntity
  8
A-COB-___-___-EXI
100
AcDbLine
 10
-75770.13236777199
 20
5578.714114903362
 30
0.0
 11
-75016.57701223643
 21
5578.714114903362
 31
0.0
1001
REVIT
1002
{
1070
     1
1000
22988387
1002
}
1002
{
1070
     2
1000
-2000051
1002
}
1002
{
1070
     3
1000
22985857
1002
}
  0
LINE
  5
410
330
70
100
AcDbEntity
  8
A-COB-___-___-EXI
100
AcDbLine
 10
-74967.43209774498
 20
5578.714114903362
 30
0.0
 11
-74667.88214274949
 21
5578.714114903362
 31
0.0
1001
REVIT
1002
{
1070
     1
1000
22988388
1002
}
1002
{
1070
     2
1000
-2000051
1002
}
1002
{
1070
     3
1000
22985857
1002
}
  0
LINE
  5
411
330
70
100
AcDbEntity
  8
A-COB-___-___-EXI
100
AcDbLine
 10
-74548.53020755596
 20
5578.714114903362
 30
0.0
 11
-73956.45099963518
 21
5578.714114903362
 31
0.0
1001
REVIT
1002
{
1070
     1
1000
22988389
1002
}
1002
{
1070
     2
1000
-2000051
1002
}
1002
{
1070
     3
1000
22985857
1002
}
  0
LINE
  5
412
330
70
100
AcDbEntity
  8
A-COB-___-___-EXI
100
AcDbLine
 10
-73902.62561709691
 20
5578.714114903362
 30
0.0
 11
-73422.87764229944
 21
5578.714114903362
 31
0.0
1001
REVIT
1002
{
1070
     1
1000
22988390
1002
}
1002
{
1070
     2
1000
-2000051
1002
}
1002
{
1070
     3
1000
22985857
1002
}
  0
LINE
  5
413
330
70
100
AcDbEntity
  8
A-COB-___-___-EXI
100
AcDbLine
 10
-73373.73272780799
 20
5578.714114903362
 30
0.0
 11
-72889.30428496371
 21
5578.714114903362
 31
0.0
1001
REVIT
1002
{
1070
     1
1000
22988391
1002
}
1002
{
1070
     2
1000
-2000051
1002
}
1002
{
1070
     3
1000
22985857
1002
}
  0
LINE
  5
414
330
70
100
AcDbEntity
  8
A-COB-___-___-EXI
100
AcDbLine
 10
-72842.49960449566
 20
5578.714114903362
 30
0.0
 11
-72362.75162969818
 21
5578.714114903362
 31
0.0
1001
REVIT
1002
{
1070
     1
1000
22988392
1002
}
1002
{
1070
     2
1000
-2000051
1002
}
1002
{
1070
     3
1000
22985857
1002
}
  0
LINE
  5
415
330
70
100
AcDbEntity
  8
A-COB-___-___-EXI
100
AcDbLine
 10
-72308.92624715994
 20
5578.714114903362
 30
0.0
 11
-72051.50050458566
 21
5578.714114903362
 31
0.0
1001
REVIT
1002
{
1070
     1
1000
22988393
1002
}
1002
{
1070
     2
1000
-2000051
1002
}
1002
{
1070
     3
1000
22985857
1002
}
  0
LINE
  5
416
330
70
100
AcDbEntity
  8
A-COB-___-___-EXI
100
AcDbLine
 10
-71932.14856939215
 20
5578.714114903362
 30
0.0
 11
-71829.17827236245
 21
5578.714114903362
 31
0.0
1001
REVIT
1002
{
1070
     1
1000
22988394
1002
}
1002
{
1070
     2
1000
-2000051
1002
}
1002
{
1070
     3
1000
22985857
1002
}
  0
LINE
  5
417
330
70
100
AcDbEntity
  8
A-COB-___-___-EXI
100
AcDbLine
 10
-71782.3735918944
 20
5578.714114903362
 30
0.0
 11
-71295.60491502672
 21
5578.714114903362
 31
0.0
1001
REVIT
1002
{
1070
     1
1000
22988395
1002
}
1002
{
1070
     2
1000
-2000051
1002
}
1002
{
1070
     3
1000
22985857
1002
}
  0
LINE
  5
418
330
70
100
AcDbEntity
  8
A-COB-___-___-EXI
100
AcDbLine
 10
-71248.80023455867
 20
5578.714114903362
 30
0.0
 11
-70769.05225976118
 21
5578.714114903362
 31
0.0
1001
REVIT
1002
{
1070
     1
1000
22988396
1002
}
1002
{
1070
     2
1000
-2000051
1002
}
1002
{
1070
     3
1000
22985857
1002
}
  0
LINE
  5
419
330
70
100
AcDbEntity
  8
A-COB-___-___-EXI
100
AcDbLine
 10
-70715.22687722293
 20
5578.714114903362
 30
0.0
 11
-70235.47890242546
 21
5578.714114903362
 31
0.0
1001
REVIT
1002
{
1070
     1
1000
22988397
1002
}
1002
{
1070
     2
1000
-2000051
1002
}
1002
{
1070
     3
1000
22985857
1002
}
  0
LINE
  5
41A
330
70
100
AcDbEntity
  8
A-COB-___-___-EXI
100
AcDbLine
 10
-70188.6742219574
 20
5578.714114903362
 30
0.0
 11
-69701.90554508971
 21
5578.714114903362
 31
0.0
1001
REVIT
1002
{
1070
     1
1000
22988398
1002
}
1002
{
1070
     2
1000
-2000051
1002
}
1002
{
1070
     3
1000
22985857
1002
}
  0
LINE
  5
41B
330
70
100
AcDbEntity
  8
A-COB-___-___-EXI
100
AcDbLine
 10
-69655.10086462168
 20
5578.714114903362
 30
0.0
 11
-69402.35559009422
 21
5578.714114903362
 31
0.0
1001
REVIT
1002
{
1070
     1
1000
22988399
1002
}
1002
{
1070
     2
1000
-2000051
1002
}
1002
{
1070
     3
1000
22985857
1002
}
  0
LINE
  5
41C
330
70
100
AcDbEntity
  8
A-COB-___-___-EXI
100
AcDbLine
 10
-69283.00365490071
 20
5578.714114903362
 30
0.0
 11
-69175.35288982419
 21
5578.714114903362
 31
0.0
1001
REVIT
1002
{
1070
     1
1000
22988400
1002
}
1002
{
1070
     2
1000
-2000051
1002
}
1002
{
1070
     3
1000
22985857
1002
}
  0
LINE
  5
41D
330
70
100
AcDbEntity
  8
A-COB-___-___-EXI
100
AcDbLine
 10
-69121.52750728593
 20
5578.714114903362
 30
0.0
 11
-68641.77953248846
 21
5578.714114903362
 31
0.0
1001
REVIT
1002
{
1070
     1
1000
22988401
1002
}
1002
{
1070
     2
1000
-2000051
1002
}
1002
{
1070
     3
1000
22985857
1002
}
  0
LINE
  5
41E
330
70
100
AcDbEntity
  8
A-COB-___-___-EXI
100
AcDbLine
 10
-68061.40149468467
 20
5578.714114903362
 30
0.0
 11
-67581.6535198872
 21
5578.714114903362
 31
0.0
1001
REVIT
1002
{
1070
     1
1000
22988402
1002
}
1002
{
1070
     2
1000
-2000051
1002
}
1002
{
1070
     3
1000
22985857
1002
}
  0
LINE
  5
41F
330
70
100
AcDbEntity
  8
A-COB-___-___-EXI
100
AcDbLine
 10
-67527.82813734894
 20
5578.714114903362
 30
0.0
 11
-67048.08016255147
 21
5578.714114903362
 31
0.0
1001
REVIT
1002
{
1070
     1
1000
22988403
1002
}
1002
{
1070
     2
1000
-2000051
1002
}
1002
{
1070
     3
1000
22985857
1002
}
  0
LINE
  5
420
330
70
100
AcDbEntity
  8
A-COB-___-___-EXI
100
AcDbLine
 10
-67001.27548208342
 20
5578.714114903362
 30
0.0
 11
-66755.55090962618
 21
5578.714114903362
 31
0.0
1001
REVIT
1002
{
1070
     1
1000
22988404
1002
}
1002
{
1070
     2
1000
-2000051
1002
}
1002
{
1070
     3
1000
22985857
1002
}
  0
LINE
  5
421
330
70
100
AcDbEntity
  8
A-COB-___-___-EXI
100
AcDbLine
 10
-75676.52300683591
 20
5613.817625254397
 30
0.0
 11
-75016.57701223643
 21
5613.817625254397
 31
0.0
1001
REVIT
1002
{
1070
     1
1000
22988405
1002
}
1002
{
1070
     2
1000
-2000051
1002
}
1002
{
1070
     3
1000
22985857
1002
}
  0
LINE
  5
422
330
70
100
AcDbEntity
  8
A-COB-___-___-EXI
100
AcDbLine
 10
-74967.43209774498
 20
5613.817625254397
 30
0.0
 11
-74667.88214274949
 21
5613.817625254397
 31
0.0
1001
REVIT
1002
{
1070
     1
1000
22988406
1002
}
1002
{
1070
     2
1000
-2000051
1002
}
1002
{
1070
     3
1000
22985857
1002
}
  0
LINE
  5
423
330
70
100
AcDbEntity
  8
A-COB-___-___-EXI
100
AcDbLine
 10
-74548.53020755596
 20
5613.817625254397
 30
0.0
 11
-73956.45099963518
 21
5613.817625254397
 31
0.0
1001
REVIT
1002
{
1070
     1
1000
22988407
1002
}
1002
{
1070
     2
1000
-2000051
1002
}
1002
{
1070
     3
1000
22985857
1002
}
  0
LINE
  5
424
330
70
100
AcDbEntity
  8
A-COB-___-___-EXI
100
AcDbLine
 10
-73902.62561709691
 20
5613.817625254397
 30
0.0
 11
-73422.87764229944
 21
5613.817625254397
 31
0.0
1001
REVIT
1002
{
1070
     1
1000
22988408
1002
}
1002
{
1070
     2
1000
-2000051
1002
}
1002
{
1070
     3
1000
22985857
1002
}
  0
LINE
  5
425
330
70
100
AcDbEntity
  8
A-COB-___-___-EXI
100
AcDbLine
 10
-73373.73272780799
 20
5613.817625254397
 30
0.0
 11
-72889.30428496371
 21
5613.817625254397
 31
0.0
1001
REVIT
1002
{
1070
     1
1000
22988409
1002
}
1002
{
1070
     2
1000
-2000051
1002
}
1002
{
1070
     3
1000
22985857
1002
}
  0
LINE
  5
426
330
70
100
AcDbEntity
  8
A-COB-___-___-EXI
100
AcDbLine
 10
-72842.49960449566
 20
5613.817625254397
 30
0.0
 11
-72362.75162969818
 21
5613.817625254397
 31
0.0
1001
REVIT
1002
{
1070
     1
1000
22988410
1002
}
1002
{
1070
     2
1000
-2000051
1002
}
1002
{
1070
     3
1000
22985857
1002
}
  0
LINE
  5
427
330
70
100
AcDbEntity
  8
A-COB-___-___-EXI
100
AcDbLine
 10
-72308.92624715994
 20
5613.817625254397
 30
0.0
 11
-72051.50050458566
 21
5613.817625254397
 31
0.0
1001
REVIT
1002
{
1070
     1
1000
22988411
1002
}
1002
{
1070
     2
1000
-2000051
1002
}
1002
{
1070
     3
1000
22985857
1002
}
  0
LINE
  5
428
330
70
100
AcDbEntity
  8
A-COB-___-___-EXI
100
AcDbLine
 10
-71932.14856939215
 20
5613.817625254397
 30
0.0
 11
-71829.17827236245
 21
5613.817625254397
 31
0.0
1001
REVIT
1002
{
1070
     1
1000
22988412
1002
}
1002
{
1070
     2
1000
-2000051
1002
}
1002
{
1070
     3
1000
22985857
1002
}
  0
LINE
  5
429
330
70
100
AcDbEntity
  8
A-COB-___-___-EXI
100
AcDbLine
 10
-71782.3735918944
 20
5613.817625254397
 30
0.0
 11
-71295.60491502672
 21
5613.817625254397
 31
0.0
1001
REVIT
1002
{
1070
     1
1000
22988413
1002
}
1002
{
1070
     2
1000
-2000051
1002
}
1002
{
1070
     3
1000
22985857
1002
}
  0
LINE
  5
42A
330
70
100
AcDbEntity
  8
A-COB-___-___-EXI
100
AcDbLine
 10
-71248.80023455867
 20
5613.817625254397
 30
0.0
 11
-70769.05225976118
 21
5613.817625254397
 31
0.0
1001
REVIT
1002
{
1070
     1
1000
22988414
1002
}
1002
{
1070
     2
1000
-2000051
1002
}
1002
{
1070
     3
1000
22985857
1002
}
  0
LINE
  5
42B
330
70
100
AcDbEntity
  8
A-COB-___-___-EXI
100
AcDbLine
 10
-70715.22687722293
 20
5613.817625254397
 30
0.0
 11
-70235.47890242546
 21
5613.817625254397
 31
0.0
1001
REVIT
1002
{
1070
     1
1000
22988415
1002
}
1002
{
1070
     2
1000
-2000051
1002
}
1002
{
1070
     3
1000
22985857
1002
}
  0
LINE
  5
42C
330
70
100
AcDbEntity
  8
A-COB-___-___-EXI
100
AcDbLine
 10
-70188.6742219574
 20
5613.817625254397
 30
0.0
 11
-69701.90554508971
 21
5613.817625254397
 31
0.0
1001
REVIT
1002
{
1070
     1
1000
22988416
1002
}
1002
{
1070
     2
1000
-2000051
1002
}
1002
{
1070
     3
1000
22985857
1002
}
  0
LINE
  5
42D
330
70
100
AcDbEntity
  8
A-COB-___-___-EXI
100
AcDbLine
 10
-69655.10086462168
 20
5613.817625254397
 30
0.0
 11
-69402.35559009422
 21
5613.817625254397
 31
0.0
1001
REVIT
1002
{
1070
     1
1000
22988417
1002
}
1002
{
1070
     2
1000
-2000051
1002
}
1002
{
1070
     3
1000
22985857
1002
}
  0
LINE
  5
42E
330
70
100
AcDbEntity
  8
A-COB-___-___-EXI
100
AcDbLine
 10
-69283.00365490071
 20
5613.817625254397
 30
0.0
 11
-69175.35288982419
 21
5613.817625254397
 31
0.0
1001
REVIT
1002
{
1070
     1
1000
22988418
1002
}
1002
{
1070
     2
1000
-2000051
1002
}
1002
{
1070
     3
1000
22985857
1002
}
  0
LINE
  5
42F
330
70
100
AcDbEntity
  8
A-COB-___-___-EXI
100
AcDbLine
 10
-69121.52750728593
 20
5613.817625254397
 30
0.0
 11
-68641.77953248846
 21
5613.817625254397
 31
0.0
1001
REVIT
1002
{
1070
     1
1000
22988419
1002
}
1002
{
1070
     2
1000
-2000051
1002
}
1002
{
1070
     3
1000
22985857
1002
}
  0
LINE
  5
430
330
70
100
AcDbEntity
  8
A-COB-___-___-EXI
100
AcDbLine
 10
-68061.40149468467
 20
5613.817625254397
 30
0.0
 11
-67581.6535198872
 21
5613.817625254397
 31
0.0
1001
REVIT
1002
{
1070
     1
1000
22988420
1002
}
1002
{
1070
     2
1000
-2000051
1002
}
1002
{
1070
     3
1000
22985857
1002
}
  0
LINE
  5
431
330
70
100
AcDbEntity
  8
A-COB-___-___-EXI
100
AcDbLine
 10
-67527.82813734894
 20
5613.817625254397
 30
0.0
 11
-67048.08016255147
 21
5613.817625254397
 31
0.0
1001
REVIT
1002
{
1070
     1
1000
22988421
1002
}
1002
{
1070
     2
1000
-2000051
1002
}
1002
{
1070
     3
1000
22985857
1002
}
  0
LINE
  5
432
330
70
100
AcDbEntity
  8
A-COB-___-___-EXI
100
AcDbLine
 10
-67001.27548208342
 20
5613.817625254397
 30
0.0
 11
-66755.55090962618
 21
5613.817625254397
 31
0.0
1001
REVIT
1002
{
1070
     1
1000
22988422
1002
}
1002
{
1070
     2
1000
-2000051
1002
}
1002
{
1070
     3
1000
22985857
1002
}
  0
LINE
  5
45B
330
70
100
AcDbEntity
  8
A-COB-___-___-EXI
100
AcDbLine
 10
-72889.30428496371
 20
6783.934636955567
 30
0.0
 11
-72889.30428496371
 21
6381.414384930365
 31
0.0
1001
REVIT
1002
{
1070
     1
1000
22988463
1002
}
1002
{
1070
     2
1000
-2000051
1002
}
1002
{
1070
     3
1000
22985857
1002
}
  0
LINE
  5
45C
330
70
100
AcDbEntity
  8
A-COB-___-___-EXI
100
AcDbLine
 10
-72889.30428496371
 20
6273.763619853857
 30
0.0
 11
-72889.30428496371
 21
5506.166860177891
 31
0.0
1001
REVIT
1002
{
1070
     1
1000
22988464
1002
}
1002
{
1070
     2
1000
-2000051
1002
}
1002
{
1070
     3
1000
22985857
1002
}
  0
LINE
  5
45D
330
70
100
AcDbEntity
  8
A-COB-___-___-EXI
100
AcDbLine
 10
-72842.49960449566
 20
6807.336977189591
 30
0.0
 11
-72842.49960449566
 21
6381.414384930365
 31
0.0
1001
REVIT
1002
{
1070
     1
1000
22988465
1002
}
1002
{
1070
     2
1000
-2000051
1002
}
1002
{
1070
     3
1000
22985857
1002
}
  0
LINE
  5
45E
330
70
100
AcDbEntity
  8
A-COB-___-___-EXI
100
AcDbLine
 10
-72842.49960449566
 20
6273.763619853857
 30
0.0
 11
-72842.49960449566
 21
5506.166860177891
 31
0.0
1001
REVIT
1002
{
1070
     1
1000
22988466
1002
}
1002
{
1070
     2
1000
-2000051
1002
}
1002
{
1070
     3
1000
22985857
1002
}
  0
LINE
  5
45F
330
70
100
AcDbEntity
  8
A-COB-___-___-EXI
100
AcDbLine
 10
-73422.87764229944
 20
6561.612404732347
 30
0.0
 11
-73422.87764229944
 21
6381.414384930365
 31
0.0
1001
REVIT
1002
{
1070
     1
1000
22988467
1002
}
1002
{
1070
     2
1000
-2000051
1002
}
1002
{
1070
     3
1000
22985857
1002
}
  0
LINE
  5
460
330
70
100
AcDbEntity
  8
A-COB-___-___-EXI
100
AcDbLine
 10
-73422.87764229944
 20
6273.763619853857
 30
0.0
 11
-73422.87764229944
 21
5506.166860177891
 31
0.0
1001
REVIT
1002
{
1070
     1
1000
22988468
1002
}
1002
{
1070
     2
1000
-2000051
1002
}
1002
{
1070
     3
1000
22985857
1002
}
  0
LINE
  5
461
330
70
100
AcDbEntity
  8
A-COB-___-___-EXI
100
AcDbLine
 10
-73373.73272780799
 20
6585.014744966368
 30
0.0
 11
-73373.73272780799
 21
6381.414384930365
 31
0.0
1001
REVIT
1002
{
1070
     1
1000
22988469
1002
}
1002
{
1070
     2
1000
-2000051
1002
}
1002
{
1070
     3
1000
22985857
1002
}
  0
LINE
  5
462
330
70
100
AcDbEntity
  8
A-COB-___-___-EXI
100
AcDbLine
 10
-73373.73272780799
 20
6273.763619853857
 30
0.0
 11
-73373.73272780799
 21
5506.166860177891
 31
0.0
1001
REVIT
1002
{
1070
     1
1000
22988470
1002
}
1002
{
1070
     2
1000
-2000051
1002
}
1002
{
1070
     3
1000
22985857
1002
}
  0
LINE
  5
463
330
70
100
AcDbEntity
  8
A-COB-___-___-EXI
100
AcDbLine
 10
-73956.45099963518
 20
6273.763619853857
 30
0.0
 11
-73956.45099963518
 21
5506.166860177891
 31
0.0
1001
REVIT
1002
{
1070
     1
1000
22988471
1002
}
1002
{
1070
     2
1000
-2000051
1002
}
1002
{
1070
     3
1000
22985857
1002
}
  0
LINE
  5
464
330
70
100
AcDbEntity
  8
A-COB-___-___-EXI
100
AcDbLine
 10
-73902.62561709691
 20
6273.763619853857
 30
0.0
 11
-73902.62561709691
 21
5506.166860177891
 31
0.0
1001
REVIT
1002
{
1070
     1
1000
22988472
1002
}
1002
{
1070
     2
1000
-2000051
1002
}
1002
{
1070
     3
1000
22985857
1002
}
  0
LINE
  5
465
330
70
100
AcDbEntity
  8
A-COB-___-___-EXI
100
AcDbLine
 10
-75016.57701223643
 20
5896.985942086081
 30
0.0
 11
-75016.57701223643
 21
5506.166860177891
 31
0.0
1001
REVIT
1002
{
1070
     1
1000
22988473
1002
}
1002
{
1070
     2
1000
-2000051
1002
}
1002
{
1070
     3
1000
22985857
1002
}
  0
LINE
  5
466
330
70
100
AcDbEntity
  8
A-COB-___-___-EXI
100
AcDbLine
 10
-74967.43209774498
 20
5913.367580249897
 30
0.0
 11
-74967.43209774498
 21
5506.166860177891
 31
0.0
1001
REVIT
1002
{
1070
     1
1000
22988474
1002
}
1002
{
1070
     2
1000
-2000051
1002
}
1002
{
1070
     3
1000
22985857
1002
}
  0
LINE
  5
467
330
70
100
AcDbEntity
  8
A-COB-___-___-EXI
100
AcDbLine
 10
-76490.92444697991
 20
6063.142557747648
 30
0.0
 11
-75105.50590512573
 21
6063.142557747648
 31
0.0
1001
REVIT
1002
{
1070
     1
1000
22988475
1002
}
1002
{
1070
     2
1000
-2000051
1002
}
1002
{
1070
     3
1000
22985857
1002
}
  0
LINE
  5
468
330
70
100
AcDbEntity
  8
A-COB-___-___-EXI
100
AcDbLine
 10
-65503.52570710592
 20
6416.5178952814
 30
0.0
 11
-65124.36925852692
 21
6416.5178952814
 31
0.0
1001
REVIT
1002
{
1070
     1
1000
22988476
1002
}
1002
{
1070
     2
1000
-2000051
1002
}
1002
{
1070
     3
1000
22985857
1002
}
  0
LINE
  5
469
330
70
100
AcDbEntity
  8
A-COB-___-___-EXI
100
AcDbLine
 10
-66360.05135967118
 20
6058.462089700842
 30
0.0
 11
-66360.05135967118
 21
6074.843727864656
 31
0.0
1001
REVIT
1002
{
1070
     1
1000
22988477
1002
}
1002
{
1070
     2
1000
-2000051
1002
}
1002
{
1070
     3
1000
22985857
1002
}
  0
LINE
  5
46A
330
70
100
AcDbEntity
  8
A-COB-___-___-EXI
100
AcDbLine
 10
-66360.05135967118
 20
6945.410784570329
 30
0.0
 11
-66360.05135967118
 21
7003.916635155388
 31
0.0
1001
REVIT
1002
{
1070
     1
1000
22988478
1002
}
1002
{
1070
     2
1000
-2000051
1002
}
1002
{
1070
     3
1000
22985857
1002
}
  0
LINE
  5
46B
330
70
100
AcDbEntity
  8
A-COB-___-___-EXI
100
AcDbLine
 10
-66360.05135967118
 20
6112.287472239096
 30
0.0
 11
-66360.05135967118
 21
6238.660109502823
 31
0.0
1001
REVIT
1002
{
1070
     1
1000
22988479
1002
}
1002
{
1070
     2
1000
-2000051
1002
}
1002
{
1070
     3
1000
22985857
1002
}
  0
LINE
  5
46C
330
70
100
AcDbEntity
  8
A-COB-___-___-EXI
100
AcDbLine
 10
-66360.05135967118
 20
6776.91393488536
 30
0.0
 11
-66360.05135967118
 21
6903.286572149088
 31
0.0
1001
REVIT
1002
{
1070
     1
1000
22988480
1002
}
1002
{
1070
     2
1000
-2000051
1002
}
1002
{
1070
     3
1000
22985857
1002
}
  0
LINE
  5
46D
330
70
100
AcDbEntity
  8
A-COB-___-___-EXI
100
AcDbLine
 10
-66360.05135967118
 20
6381.414384930365
 30
0.0
 11
-66360.05135967118
 21
6404.816725164389
 31
0.0
1001
REVIT
1002
{
1070
     1
1000
22988481
1002
}
1002
{
1070
     2
1000
-2000051
1002
}
1002
{
1070
     3
1000
22985857
1002
}
  0
LINE
  5
46E
330
70
100
AcDbEntity
  8
A-COB-___-___-EXI
100
AcDbLine
 10
-66360.05135967118
 20
6608.417085200392
 30
0.0
 11
-66360.05135967118
 21
6734.789722464118
 31
0.0
1001
REVIT
1002
{
1070
     1
1000
22988482
1002
}
1002
{
1070
     2
1000
-2000051
1002
}
1002
{
1070
     3
1000
22985857
1002
}
  0
LINE
  5
46F
330
70
100
AcDbEntity
  8
A-COB-___-___-EXI
100
AcDbLine
 10
-66360.05135967118
 20
6446.94093758563
 30
0.0
 11
-66360.05135967118
 21
6573.313574849357
 31
0.0
1001
REVIT
1002
{
1070
     1
1000
22988483
1002
}
1002
{
1070
     2
1000
-2000051
1002
}
1002
{
1070
     3
1000
22985857
1002
}
  0
LINE
  5
470
330
70
100
AcDbEntity
  8
A-COB-___-___-EXI
100
AcDbLine
 10
-66203.25568010322
 20
6142.710514543326
 30
0.0
 11
-66203.25568010322
 21
6238.660109502823
 31
0.0
1001
REVIT
1002
{
1070
     1
1000
22988484
1002
}
1002
{
1070
     2
1000
-2000051
1002
}
1002
{
1070
     3
1000
22985857
1002
}
  0
LINE
  5
471
330
70
100
AcDbEntity
  8
A-COB-___-___-EXI
100
AcDbLine
 10
-66203.25568010322
 20
6945.410784570329
 30
0.0
 11
-66203.25568010322
 21
6980.514294921364
 31
0.0
1001
REVIT
1002
{
1070
     1
1000
22988485
1002
}
1002
{
1070
     2
1000
-2000051
1002
}
1002
{
1070
     3
1000
22985857
1002
}
  0
LINE
  5
472
330
70
100
AcDbEntity
  8
A-COB-___-___-EXI
100
AcDbLine
 10
-66203.25568010322
 20
6381.414384930365
 30
0.0
 11
-66203.25568010322
 21
6404.816725164389
 31
0.0
1001
REVIT
1002
{
1070
     1
1000
22988486
1002
}
1002
{
1070
     2
1000
-2000051
1002
}
1002
{
1070
     3
1000
22985857
1002
}
  0
LINE
  5
473
330
70
100
AcDbEntity
  8
A-COB-___-___-EXI
100
AcDbLine
 10
-66203.25568010322
 20
6776.91393488536
 30
0.0
 11
-66203.25568010322
 21
6903.286572149088
 31
0.0
1001
REVIT
1002
{
1070
     1
1000
22988487
1002
}
1002
{
1070
     2
1000
-2000051
1002
}
1002
{
1070
     3
1000
22985857
1002
}
  0
LINE
  5
474
330
70
100
AcDbEntity
  8
A-COB-___-___-EXI
100
AcDbLine
 10
-66203.25568010322
 20
6446.94093758563
 30
0.0
 11
-66203.25568010322
 21
6573.313574849357
 31
0.0
1001
REVIT
1002
{
1070
     1
1000
22988488
1002
}
1002
{
1070
     2
1000
-2000051
1002
}
1002
{
1070
     3
1000
22985857
1002
}
  0
LINE
  5
475
330
70
100
AcDbEntity
  8
A-COB-___-___-EXI
100
AcDbLine
 10
-66203.25568010322
 20
6608.417085200392
 30
0.0
 11
-66203.25568010322
 21
6734.789722464118
 31
0.0
1001
REVIT
1002
{
1070
     1
1000
22988489
1002
}
1002
{
1070
     2
1000
-2000051
1002
}
1002
{
1070
     3
1000
22985857
1002
}
  0
LINE
  5
476
330
70
100
AcDbEntity
  8
A-COB-___-___-EXI
100
AcDbLine
 10
-66041.77953248846
 20
6224.574298644695
 30
0.0
 11
-66041.77953248846
 21
6238.660109502823
 31
0.0
1001
REVIT
1002
{
1070
     1
1000
22988490
1002
}
1002
{
1070
     2
1000
-2000051
1002
}
1002
{
1070
     3
1000
22985857
1002
}
  0
LINE
  5
477
330
70
100
AcDbEntity
  8
A-COB-___-___-EXI
100
AcDbLine
 10
-66041.77953248846
 20
6776.91393488536
 30
0.0
 11
-66041.77953248846
 21
6896.265870078881
 31
0.0
1001
REVIT
1002
{
1070
     1
1000
22988491
1002
}
1002
{
1070
     2
1000
-2000051
1002
}
1002
{
1070
     3
1000
22985857
1002
}
  0
LINE
  5
478
330
70
100
AcDbEntity
  8
A-COB-___-___-EXI
100
AcDbLine
 10
-66041.77953248846
 20
6381.414384930365
 30
0.0
 11
-66041.77953248846
 21
6404.816725164389
 31
0.0
1001
REVIT
1002
{
1070
     1
1000
22988492
1002
}
1002
{
1070
     2
1000
-2000051
1002
}
1002
{
1070
     3
1000
22985857
1002
}
  0
LINE
  5
479
330
70
100
AcDbEntity
  8
A-COB-___-___-EXI
100
AcDbLine
 10
-66041.77953248846
 20
6608.417085200392
 30
0.0
 11
-66041.77953248846
 21
6734.789722464118
 31
0.0
1001
REVIT
1002
{
1070
     1
1000
22988493
1002
}
1002
{
1070
     2
1000
-2000051
1002
}
1002
{
1070
     3
1000
22985857
1002
}
  0
LINE
  5
47A
330
70
100
AcDbEntity
  8
A-COB-___-___-EXI
100
AcDbLine
 10
-66041.77953248846
 20
6446.94093758563
 30
0.0
 11
-66041.77953248846
 21
6573.313574849357
 31
0.0
1001
REVIT
1002
{
1070
     1
1000
22988494
1002
}
1002
{
1070
     2
1000
-2000051
1002
}
1002
{
1070
     3
1000
22985857
1002
}
  0
LINE
  5
47B
330
70
100
AcDbEntity
  8
A-COB-___-___-EXI
100
AcDbLine
 10
-65884.98385292052
 20
6308.867130204892
 30
0.0
 11
-65884.98385292052
 21
6404.816725164389
 31
0.0
1001
REVIT
1002
{
1070
     1
1000
22988495
1002
}
1002
{
1070
     2
1000
-2000051
1002
}
1002
{
1070
     3
1000
22985857
1002
}
  0
LINE
  5
47C
330
70
100
AcDbEntity
  8
A-COB-___-___-EXI
100
AcDbLine
 10
-65884.98385292052
 20
6776.91393488536
 30
0.0
 11
-65884.98385292052
 21
6812.017445236397
 31
0.0
1001
REVIT
1002
{
1070
     1
1000
22988496
1002
}
1002
{
1070
     2
1000
-2000051
1002
}
1002
{
1070
     3
1000
22985857
1002
}
  0
LINE
  5
47D
330
70
100
AcDbEntity
  8
A-COB-___-___-EXI
100
AcDbLine
 10
-65884.98385292052
 20
6446.94093758563
 30
0.0
 11
-65884.98385292052
 21
6573.313574849357
 31
0.0
1001
REVIT
1002
{
1070
     1
1000
22988497
1002
}
1002
{
1070
     2
1000
-2000051
1002
}
1002
{
1070
     3
1000
22985857
1002
}
  0
LINE
  5
47E
330
70
100
AcDbEntity
  8
A-COB-___-___-EXI
100
AcDbLine
 10
-65884.98385292052
 20
6608.417085200392
 30
0.0
 11
-65884.98385292052
 21
6734.789722464118
 31
0.0
1001
REVIT
1002
{
1070
     1
1000
22988498
1002
}
1002
{
1070
     2
1000
-2000051
1002
}
1002
{
1070
     3
1000
22985857
1002
}
  0
LINE
  5
47F
330
70
100
AcDbEntity
  8
A-COB-___-___-EXI
100
AcDbLine
 10
-65723.50770530574
 20
6393.115555047376
 30
0.0
 11
-65723.50770530574
 21
6404.816725164389
 31
0.0
1001
REVIT
1002
{
1070
     1
1000
22988499
1002
}
1002
{
1070
     2
1000
-2000051
1002
}
1002
{
1070
     3
1000
22985857
1002
}
  0
LINE
  5
480
330
70
100
AcDbEntity
  8
A-COB-___-___-EXI
100
AcDbLine
 10
-65723.50770530574
 20
6608.417085200392
 30
0.0
 11
-65723.50770530574
 21
6734.789722464118
 31
0.0
1001
REVIT
1002
{
1070
     1
1000
22988500
1002
}
1002
{
1070
     2
1000
-2000051
1002
}
1002
{
1070
     3
1000
22985857
1002
}
  0
LINE
  5
481
330
70
100
AcDbEntity
  8
A-COB-___-___-EXI
100
AcDbLine
 10
-65723.50770530574
 20
6446.94093758563
 30
0.0
 11
-65723.50770530574
 21
6573.313574849357
 31
0.0
1001
REVIT
1002
{
1070
     1
1000
22988501
1002
}
1002
{
1070
     2
1000
-2000051
1002
}
1002
{
1070
     3
1000
22985857
1002
}
  0
LINE
  5
482
330
70
100
AcDbEntity
  8
A-COB-___-___-EXI
100
AcDbLine
 10
-65569.05225976119
 20
6470.343277819653
 30
0.0
 11
-65569.05225976119
 21
6573.313574849357
 31
0.0
1001
REVIT
1002
{
1070
     1
1000
22988502
1002
}
1002
{
1070
     2
1000
-2000051
1002
}
1002
{
1070
     3
1000
22985857
1002
}
  0
LINE
  5
483
330
70
100
AcDbEntity
  8
A-COB-___-___-EXI
100
AcDbLine
 10
-65569.05225976119
 20
6608.417085200392
 30
0.0
 11
-65569.05225976119
 21
6650.598466459086
 31
0.0
1001
REVIT
1002
{
1070
     1
1000
22988503
1002
}
1002
{
1070
     2
1000
-2000051
1002
}
1002
{
1070
     3
1000
22985857
1002
}
  0
LINE
  5
484
330
70
100
AcDbEntity
  8
A-COB-___-___-EXI
100
AcDbLine
 10
-65407.57611214643
 20
6554.59170266214
 30
0.0
 11
-65407.57611214643
 21
6566.29287277915
 31
0.0
1001
REVIT
1002
{
1070
     1
1000
22988504
1002
}
1002
{
1070
     2
1000
-2000051
1002
}
1002
{
1070
     3
1000
22985857
1002
}
  0
LINE
  5
485
330
70
100
AcDbEntity
  8
A-COB-___-___-EXI
100
AcDbLine
 10
-65987.95414995021
 20
6865.842827774649
 30
0.0
 11
-65987.95414995021
 21
6255.04174766664
 31
0.0
1001
REVIT
1002
{
1070
     1
1000
22988505
1002
}
1002
{
1070
     2
1000
-2000051
1002
}
1002
{
1070
     3
1000
22985857
1002
}
  0
LINE
  5
486
330
70
100
AcDbEntity
  8
A-COB-___-___-EXI
100
AcDbLine
 10
-65941.14946948216
 20
6842.440487540627
 30
0.0
 11
-65941.14946948216
 21
6280.784321924066
 31
0.0
1001
REVIT
1002
{
1070
     1
1000
22988506
1002
}
1002
{
1070
     2
1000
-2000051
1002
}
1002
{
1070
     3
1000
22985857
1002
}
  0
LINE
  5
487
330
70
100
AcDbEntity
  8
A-COB-___-___-EXI
100
AcDbLine
 10
-66467.70212474769
 20
6903.286572149088
 30
0.0
 11
-66053.48070260547
 21
6903.286572149088
 31
0.0
1001
REVIT
1002
{
1070
     1
1000
22988507
1002
}
1002
{
1070
     2
1000
-2000051
1002
}
1002
{
1070
     3
1000
22985857
1002
}
  0
LINE
  5
488
330
70
100
AcDbEntity
  8
A-COB-___-___-EXI
100
AcDbLine
 10
-66467.70212474769
 20
6945.410784570329
 30
0.0
 11
-66126.02795733095
 21
6945.410784570329
 31
0.0
1001
REVIT
1002
{
1070
     1
1000
22988508
1002
}
1002
{
1070
     2
1000
-2000051
1002
}
1002
{
1070
     3
1000
22985857
1002
}
  0
LINE
  5
489
330
70
100
AcDbEntity
  8
A-COB-___-___-EXI
100
AcDbLine
 10
-66467.70212474769
 20
6734.789722464118
 30
0.0
 11
-65987.95414995021
 21
6734.789722464118
 31
0.0
1001
REVIT
1002
{
1070
     1
1000
22988509
1002
}
1002
{
1070
     2
1000
-2000051
1002
}
1002
{
1070
     3
1000
22985857
1002
}
  0
LINE
  5
48A
330
70
100
AcDbEntity
  8
A-COB-___-___-EXI
100
AcDbLine
 10
-65941.14946948216
 20
6734.789722464118
 30
0.0
 11
-65735.20887542276
 21
6734.789722464118
 31
0.0
1001
REVIT
1002
{
1070
     1
1000
22988510
1002
}
1002
{
1070
     2
1000
-2000051
1002
}
1002
{
1070
     3
1000
22985857
1002
}
  0
LINE
  5
48B
330
70
100
AcDbEntity
  8
A-COB-___-___-EXI
100
AcDbLine
 10
-66467.70212474769
 20
6776.91393488536
 30
0.0
 11
-65987.95414995021
 21
6776.91393488536
 31
0.0
1001
REVIT
1002
{
1070
     1
1000
22988511
1002
}
1002
{
1070
     2
1000
-2000051
1002
}
1002
{
1070
     3
1000
22985857
1002
}
  0
LINE
  5
48C
330
70
100
AcDbEntity
  8
A-COB-___-___-EXI
100
AcDbLine
 10
-65941.14946948216
 20
6776.91393488536
 30
0.0
 11
-65814.77683221843
 21
6776.91393488536
 31
0.0
1001
REVIT
1002
{
1070
     1
1000
22988512
1002
}
1002
{
1070
     2
1000
-2000051
1002
}
1002
{
1070
     3
1000
22985857
1002
}
  0
LINE
  5
48D
330
70
100
AcDbEntity
  8
A-COB-___-___-EXI
100
AcDbLine
 10
-66467.70212474769
 20
6573.313574849357
 30
0.0
 11
-65987.95414995021
 21
6573.313574849357
 31
0.0
1001
REVIT
1002
{
1070
     1
1000
22988513
1002
}
1002
{
1070
     2
1000
-2000051
1002
}
1002
{
1070
     3
1000
22985857
1002
}
  0
LINE
  5
48E
330
70
100
AcDbEntity
  8
A-COB-___-___-EXI
100
AcDbLine
 10
-66467.70212474769
 20
6608.417085200392
 30
0.0
 11
-65987.95414995021
 21
6608.417085200392
 31
0.0
1001
REVIT
1002
{
1070
     1
1000
22988514
1002
}
1002
{
1070
     2
1000
-2000051
1002
}
1002
{
1070
     3
1000
22985857
1002
}
  0
LINE
  5
48F
330
70
100
AcDbEntity
  8
A-COB-___-___-EXI
100
AcDbLine
 10
-66467.70212474769
 20
6404.816725164389
 30
0.0
 11
-65987.95414995021
 21
6404.816725164389
 31
0.0
1001
REVIT
1002
{
1070
     1
1000
22988515
1002
}
1002
{
1070
     2
1000
-2000051
1002
}
1002
{
1070
     3
1000
22985857
1002
}
  0
LINE
  5
490
330
70
100
AcDbEntity
  8
A-COB-___-___-EXI
100
AcDbLine
 10
-66467.70212474769
 20
6446.94093758563
 30
0.0
 11
-65987.95414995021
 21
6446.94093758563
 31
0.0
1001
REVIT
1002
{
1070
     1
1000
22988516
1002
}
1002
{
1070
     2
1000
-2000051
1002
}
1002
{
1070
     3
1000
22985857
1002
}
  0
LINE
  5
491
330
70
100
AcDbEntity
  8
A-COB-___-___-EXI
100
AcDbLine
 10
-65941.14946948216
 20
6573.313574849357
 30
0.0
 11
-65419.27728226344
 21
6573.313574849357
 31
0.0
1001
REVIT
1002
{
1070
     1
1000
22988517
1002
}
1002
{
1070
     2
1000
-2000051
1002
}
1002
{
1070
     3
1000
22985857
1002
}
  0
LINE
  5
492
330
70
100
AcDbEntity
  8
A-COB-___-___-EXI
100
AcDbLine
 10
-65941.14946948216
 20
6608.417085200392
 30
0.0
 11
-65496.50500503571
 21
6608.417085200392
 31
0.0
1001
REVIT
1002
{
1070
     1
1000
22988518
1002
}
1002
{
1070
     2
1000
-2000051
1002
}
1002
{
1070
     3
1000
22985857
1002
}
  0
LINE
  5
493
330
70
100
AcDbEntity
  8
A-COB-___-___-EXI
100
AcDbLine
 10
-65941.14946948216
 20
6404.816725164389
 30
0.0
 11
-65700.10536507172
 21
6404.816725164389
 31
0.0
1001
REVIT
1002
{
1070
     1
1000
22988519
1002
}
1002
{
1070
     2
1000
-2000051
1002
}
1002
{
1070
     3
1000
22985857
1002
}
  0
LINE
  5
494
330
70
100
AcDbEntity
  8
A-COB-___-___-EXI
100
AcDbLine
 10
-65941.14946948216
 20
6446.94093758563
 30
0.0
 11
-65622.87764229944
 21
6446.94093758563
 31
0.0
1001
REVIT
1002
{
1070
     1
1000
22988520
1002
}
1002
{
1070
     2
1000
-2000051
1002
}
1002
{
1070
     3
1000
22985857
1002
}
  0
LINE
  5
495
330
70
100
AcDbEntity
  8
A-COB-___-___-EXI
100
AcDbLine
 10
-66467.70212474769
 20
6238.660109502823
 30
0.0
 11
-66011.35649018423
 21
6238.660109502823
 31
0.0
1001
REVIT
1002
{
1070
     1
1000
22988521
1002
}
1002
{
1070
     2
1000
-2000051
1002
}
1002
{
1070
     3
1000
22985857
1002
}
  0
LINE
  5
496
330
70
100
AcDbEntity
  8
A-COB-___-___-EXI
100
AcDbLine
 10
-76411.35649018423
 20
5309.587202212092
 30
0.0
 11
-76046.27998253347
 21
5309.587202212092
 31
0.0
1001
REVIT
1002
{
1070
     1
1000
22988522
1002
}
1002
{
1070
     2
1000
-2000051
1002
}
1002
{
1070
     3
1000
22985857
1002
}
  0
LINE
  5
49F
330
70
100
AcDbEntity
  8
A-COB-___-___-EXI
100
AcDbLine
 10
-66521.52750728594
 20
6273.763619853857
 30
0.0
 11
-66521.52750728594
 21
5974.213664858358
 31
0.0
1001
REVIT
1002
{
1070
     1
1000
22988531
1002
}
1002
{
1070
     2
1000
-2000051
1002
}
1002
{
1070
     3
1000
22985857
1002
}
  0
LINE
  5
4A0
330
70
100
AcDbEntity
  8
A-COB-___-___-EXI
100
AcDbLine
 10
-66467.70212474769
 20
7003.916635155388
 30
0.0
 11
-66467.70212474769
 21
6381.414384930365
 31
0.0
1001
REVIT
1002
{
1070
     1
1000
22988532
1002
}
1002
{
1070
     2
1000
-2000051
1002
}
1002
{
1070
     3
1000
22985857
1002
}
  0
LINE
  5
4A1
330
70
100
AcDbEntity
  8
A-COB-___-___-EXI
100
AcDbLine
 10
-66467.70212474769
 20
6273.763619853857
 30
0.0
 11
-66467.70212474769
 21
6004.63670716259
 31
0.0
1001
REVIT
1002
{
1070
     1
1000
22988533
1002
}
1002
{
1070
     2
1000
-2000051
1002
}
1002
{
1070
     3
1000
22985857
1002
}
  0
LINE
  5
4A2
330
70
100
AcDbEntity
  8
A-COB-___-___-EXI
100
AcDbLine
 10
-66467.70212474769
 20
6074.843727864656
 30
0.0
 11
-66329.62831736695
 21
6074.843727864656
 31
0.0
1001
REVIT
1002
{
1070
     1
1000
22988534
1002
}
1002
{
1070
     2
1000
-2000051
1002
}
1002
{
1070
     3
1000
22985857
1002
}
  0
LINE
  5
4A3
330
70
100
AcDbEntity
  8
A-COB-___-___-EXI
100
AcDbLine
 10
-66467.70212474769
 20
6112.287472239096
 30
0.0
 11
-66252.40059459467
 21
6112.287472239096
 31
0.0
1001
REVIT
1002
{
1070
     1
1000
22988535
1002
}
1002
{
1070
     2
1000
-2000051
1002
}
1002
{
1070
     3
1000
22985857
1002
}
  0
LINE
  5
4A4
330
70
100
AcDbEntity
  8
A-COB-___-___-EXI
100
AcDbLine
 10
-65316.30698523374
 20
6512.467490240895
 30
0.0
 11
-66633.85874040925
 21
5824.438687360609
 31
0.0
1001
REVIT
1002
{
1070
     1
1000
22988536
1002
}
1002
{
1070
     2
1000
-2000051
1002
}
1002
{
1070
     3
1000
22985857
1002
}
  0
LINE
  5
4A5
330
70
100
AcDbEntity
  8
A-COB-___-___-EXI
100
AcDbLine
 10
-65400.55541007621
 20
6561.612404732347
 30
0.0
 11
-66633.85874040925
 21
5913.367580249893
 31
0.0
1001
REVIT
1002
{
1070
     1
1000
22988537
1002
}
1002
{
1070
     2
1000
-2000051
1002
}
1002
{
1070
     3
1000
22985857
1002
}
  0
SPLINE
  5
4A7
330
70
100
AcDbEntity
  8
A-COB-___-___-EXI
100
AcDbSpline
210
0.0
220
0.0
230
1.0
 70
     8
 71
     3
 72
    12
 73
     8
 74
     0
 42
0.000000001
 43
0.0000000001
 40
0.0
 40
0.0
 40
0.0
 40
0.0
 40
0.125
 40
0.125
 40
0.125
 40
0.125001
 40
1.0
 40
1.0
 40
1.0
 40
1.0
 10
-72133.40869540477
 20
7151.351378629737
 30
0.0
 10
-72147.45009954516
 20
7195.81582507438
 30
0.0
 10
-72187.23407794301
 20
7226.238867378611
 30
0.0
 10
-72234.03875841106
 20
7226.238867378611
 30
0.0
 10
-72234.03875841106
 20
7226.238867378611
 30
0.0
 10
-72278.5032048557
 20
7226.238867378611
 30
0.0
 10
-72320.62741727695
 20
7195.81582507438
 30
0.0
 10
-72334.66882141736
 20
7153.69161265314
 30
0.0
1001
REVIT
1002
{
1070
     1
1000
22988550
1002
}
1002
{
1070
     2
1000
-2000051
1002
}
1002
{
1070
     3
1000
22985857
1002
}
  0
SPLINE
  5
4A9
330
70
100
AcDbEntity
  8
A-COB-___-___-EXI
100
AcDbSpline
210
0.0
220
0.0
230
1.0
 70
     8
 71
     3
 72
    12
 73
     8
 74
     0
 42
0.000000001
 43
0.0000000001
 40
0.0
 40
0.0
 40
0.0
 40
0.0
 40
0.125
 40
0.125
 40
0.125
 40
0.125001
 40
1.0
 40
1.0
 40
1.0
 40
1.0
 10
-72107.66612114732
 20
7167.733016793552
 30
0.0
 10
-72126.38799333454
 20
7221.558399331804
 30
0.0
 10
-72177.8731418494
 20
7256.66190968284
 30
0.0
 10
-72234.03875841106
 20
7256.66190968284
 30
0.0
 10
-72234.03875841106
 20
7256.66190968284
 30
0.0
 10
-72290.20437497272
 20
7256.66190968284
 30
0.0
 10
-72341.68952348757
 20
7221.558399331804
 30
0.0
 10
-72360.41139567477
 20
7167.733016793552
 30
0.0
1001
REVIT
1002
{
1070
     1
1000
22988552
1002
}
1002
{
1070
     2
1000
-2000051
1002
}
1002
{
1070
     3
1000
22985857
1002
}
  0
SPLINE
  5
4AB
330
70
100
AcDbEntity
  8
A-COB-___-___-EXI
100
AcDbSpline
210
0.0
220
0.0
230
1.0
 70
     8
 71
     3
 72
    12
 73
     8
 74
     0
 42
0.000000001
 43
0.0000000001
 40
0.0
 40
0.0
 40
0.0
 40
0.0
 40
0.125
 40
0.125
 40
0.125
 40
0.125001
 40
1.0
 40
1.0
 40
1.0
 40
1.0
 10
-71822.15757029224
 20
7151.351378629737
 30
0.0
 10
-71836.19897443265
 20
7195.81582507438
 30
0.0
 10
-71875.98295283049
 20
7226.238867378611
 30
0.0
 10
-71922.78763329855
 20
7226.238867378611
 30
0.0
 10
-71922.78763329855
 20
7226.238867378611
 30
0.0
 10
-71967.25207974319
 20
7226.238867378611
 30
0.0
 10
-72007.03605814102
 20
7195.81582507438
 30
0.0
 10
-72021.07746228143
 20
7153.69161265314
 30
0.0
1001
REVIT
1002
{
1070
     1
1000
22988554
1002
}
1002
{
1070
     2
1000
-2000051
1002
}
1002
{
1070
     3
1000
22985857
1002
}
  0
SPLINE
  5
4AD
330
70
100
AcDbEntity
  8
A-COB-___-___-EXI
100
AcDbSpline
210
0.0
220
0.0
230
1.0
 70
     8
 71
     3
 72
    12
 73
     8
 74
     0
 42
0.000000001
 43
0.0000000001
 40
0.0
 40
0.0
 40
0.0
 40
0.0
 40
0.125
 40
0.125
 40
0.125
 40
0.125001
 40
1.0
 40
1.0
 40
1.0
 40
1.0
 10
-71796.41499603481
 20
7167.733016793552
 30
0.0
 10
-71815.13686822203
 20
7221.558399331804
 30
0.0
 10
-71864.28178271349
 20
7256.66190968284
 30
0.0
 10
-71922.78763329855
 20
7256.66190968284
 30
0.0
 10
-71922.78763329855
 20
7256.66190968284
 30
0.0
 10
-71978.95324986021
 20
7256.66190968284
 30
0.0
 10
-72030.43839837504
 20
7221.558399331804
 30
0.0
 10
-72049.16027056228
 20
7167.733016793552
 30
0.0
1001
REVIT
1002
{
1070
     1
1000
22988556
1002
}
1002
{
1070
     2
1000
-2000051
1002
}
1002
{
1070
     3
1000
22985857
1002
}
  0
SPLINE
  5
4AF
330
70
100
AcDbEntity
  8
A-COB-___-___-EXI
100
AcDbSpline
210
0.0
220
0.0
230
1.0
 70
     8
 71
     3
 72
    12
 73
     8
 74
     0
 42
0.000000001
 43
0.0000000001
 40
0.0
 40
0.0
 40
0.0
 40
0.0
 40
0.125
 40
0.125
 40
0.125
 40
0.125001
 40
1.0
 40
1.0
 40
1.0
 40
1.0
 10
-71510.90644517973
 20
7151.351378629737
 30
0.0
 10
-71524.94784932015
 20
7195.81582507438
 30
0.0
 10
-71564.73182771798
 20
7226.238867378611
 30
0.0
 10
-71609.19627416263
 20
7226.238867378611
 30
0.0
 10
-71609.19627416263
 20
7226.238867378611
 30
0.0
 10
-71656.00095463067
 20
7226.238867378611
 30
0.0
 10
-71695.78493302852
 20
7195.81582507438
 30
0.0
 10
-71709.82633716892
 20
7153.69161265314
 30
0.0
1001
REVIT
1002
{
1070
     1
1000
22988558
1002
}
1002
{
1070
     2
1000
-2000051
1002
}
1002
{
1070
     3
1000
22985857
1002
}
  0
SPLINE
  5
4B1
330
70
100
AcDbEntity
  8
A-COB-___-___-EXI
100
AcDbSpline
210
0.0
220
0.0
230
1.0
 70
     8
 71
     3
 72
    12
 73
     8
 74
     0
 42
0.000000001
 43
0.0000000001
 40
0.0
 40
0.0
 40
0.0
 40
0.0
 40
0.125
 40
0.125
 40
0.125
 40
0.125001
 40
1.0
 40
1.0
 40
1.0
 40
1.0
 10
-71482.8236368989
 20
7167.733016793552
 30
0.0
 10
-71503.88574310952
 20
7221.558399331804
 30
0.0
 10
-71553.03065760097
 20
7256.66190968284
 30
0.0
 10
-71611.53650818603
 20
7256.66190968284
 30
0.0
 10
-71611.53650818603
 20
7256.66190968284
 30
0.0
 10
-71667.70212474769
 20
7256.66190968284
 30
0.0
 10
-71716.84703923914
 20
7221.558399331804
 30
0.0
 10
-71737.90914544976
 20
7167.733016793552
 30
0.0
1001
REVIT
1002
{
1070
     1
1000
22988560
1002
}
1002
{
1070
     2
1000
-2000051
1002
}
1002
{
1070
     3
1000
22985857
1002
}
  0
SPLINE
  5
4B3
330
70
100
AcDbEntity
  8
A-COB-___-___-EXI
100
AcDbSpline
210
0.0
220
0.0
230
1.0
 70
     8
 71
     3
 72
    12
 73
     8
 74
     0
 42
0.000000001
 43
0.0000000001
 40
0.0
 40
0.0
 40
0.0
 40
0.0
 40
0.125
 40
0.125
 40
0.125
 40
0.125001
 40
1.0
 40
1.0
 40
1.0
 40
1.0
 10
-71199.65532006722
 20
7151.351378629737
 30
0.0
 10
-71211.35649018423
 20
7195.81582507438
 30
0.0
 10
-71253.48070260548
 20
7226.238867378611
 30
0.0
 10
-71297.94514905012
 20
7226.238867378611
 30
0.0
 10
-71297.94514905012
 20
7226.238867378611
 30
0.0
 10
-71344.74982951817
 20
7226.238867378611
 30
0.0
 10
-71384.53380791601
 20
7195.81582507438
 30
0.0
 10
-71398.57521205643
 20
7153.69161265314
 30
0.0
1001
REVIT
1002
{
1070
     1
1000
22988562
1002
}
1002
{
1070
     2
1000
-2000051
1002
}
1002
{
1070
     3
1000
22985857
1002
}
  0
SPLINE
  5
4B5
330
70
100
AcDbEntity
  8
A-COB-___-___-EXI
100
AcDbSpline
210
0.0
220
0.0
230
1.0
 70
     8
 71
     3
 72
    12
 73
     8
 74
     0
 42
0.000000001
 43
0.0000000001
 40
0.0
 40
0.0
 40
0.0
 40
0.0
 40
0.125
 40
0.125
 40
0.125
 40
0.125001
 40
1.0
 40
1.0
 40
1.0
 40
1.0
 10
-71171.57251178639
 20
7167.733016793552
 30
0.0
 10
-71192.63461799701
 20
7221.558399331804
 30
0.0
 10
-71241.77953248846
 20
7256.66190968284
 30
0.0
 10
-71297.94514905012
 20
7256.66190968284
 30
0.0
 10
-71297.94514905012
 20
7256.66190968284
 30
0.0
 10
-71356.45099963518
 20
7256.66190968284
 30
0.0
 10
-71405.59591412662
 20
7221.558399331804
 30
0.0
 10
-71426.65802033724
 20
7167.733016793552
 30
0.0
1001
REVIT
1002
{
1070
     1
1000
22988564
1002
}
1002
{
1070
     2
1000
-2000051
1002
}
1002
{
1070
     3
1000
22985857
1002
}
  0
SPLINE
  5
4B7
330
70
100
AcDbEntity
  8
A-COB-___-___-EXI
100
AcDbSpline
210
0.0
220
0.0
230
1.0
 70
     8
 71
     3
 72
    12
 73
     8
 74
     0
 42
0.000000001
 43
0.0000000001
 40
0.0
 40
0.0
 40
0.0
 40
0.0
 40
0.125
 40
0.125
 40
0.125
 40
0.125001
 40
1.0
 40
1.0
 40
1.0
 40
1.0
 10
-70888.40419495471
 20
7151.351378629737
 30
0.0
 10
-70900.10536507172
 20
7195.81582507438
 30
0.0
 10
-70942.22957749297
 20
7226.238867378611
 30
0.0
 10
-70986.69402393761
 20
7226.238867378611
 30
0.0
 10
-70986.69402393761
 20
7226.238867378611
 30
0.0
 10
-71033.49870440566
 20
7226.238867378611
 30
0.0
 10
-71073.28268280348
 20
7195.81582507438
 30
0.0
 10
-71087.32408694391
 20
7153.69161265314
 30
0.0
1001
REVIT
1002
{
1070
     1
1000
22988566
1002
}
1002
{
1070
     2
1000
-2000051
1002
}
1002
{
1070
     3
1000
22985857
1002
}
  0
SPLINE
  5
4B9
330
70
100
AcDbEntity
  8
A-COB-___-___-EXI
100
AcDbSpline
210
0.0
220
0.0
230
1.0
 70
     8
 71
     3
 72
    12
 73
     8
 74
     0
 42
0.000000001
 43
0.0000000001
 40
0.0
 40
0.0
 40
0.0
 40
0.0
 40
0.125
 40
0.125
 40
0.125
 40
0.125001
 40
1.0
 40
1.0
 40
1.0
 40
1.0
 10
-70860.32138667388
 20
7167.733016793552
 30
0.0
 10
-70879.0432588611
 20
7221.558399331804
 30
0.0
 10
-70930.52840737596
 20
7256.66190968284
 30
0.0
 10
-70986.69402393761
 20
7256.66190968284
 30
0.0
 10
-70986.69402393761
 20
7256.66190968284
 30
0.0
 10
-71045.19987452266
 20
7256.66190968284
 30
0.0
 10
-71094.34478901411
 20
7221.558399331804
 30
0.0
 10
-71113.06666120134
 20
7167.733016793552
 30
0.0
1001
REVIT
1002
{
1070
     1
1000
22988568
1002
}
1002
{
1070
     2
1000
-2000051
1002
}
1002
{
1070
     3
1000
22985857
1002
}
  0
SPLINE
  5
4BB
330
70
100
AcDbEntity
  8
A-COB-___-___-EXI
100
AcDbSpline
210
0.0
220
0.0
230
1.0
 70
     8
 71
     3
 72
    12
 73
     8
 74
     0
 42
0.000000001
 43
0.0000000001
 40
0.0
 40
0.0
 40
0.0
 40
0.0
 40
0.125
 40
0.125
 40
0.125
 40
0.125001
 40
1.0
 40
1.0
 40
1.0
 40
1.0
 10
-70574.81283581879
 20
7151.351378629737
 30
0.0
 10
-70588.85423995921
 20
7195.81582507438
 30
0.0
 10
-70628.63821835705
 20
7226.238867378611
 30
0.0
 10
-70675.4428988251
 20
7226.238867378611
 30
0.0
 10
-70675.4428988251
 20
7226.238867378611
 30
0.0
 10
-70722.24757929314
 20
7226.238867378611
 30
0.0
 10
-70762.03155769099
 20
7195.81582507438
 30
0.0
 10
-70776.07296183139
 20
7153.69161265314
 30
0.0
1001
REVIT
1002
{
1070
     1
1000
22988570
1002
}
1002
{
1070
     2
1000
-2000051
1002
}
1002
{
1070
     3
1000
22985857
1002
}
  0
SPLINE
  5
4BD
330
70
100
AcDbEntity
  8
A-COB-___-___-EXI
100
AcDbSpline
210
0.0
220
0.0
230
1.0
 70
     8
 71
     3
 72
    12
 73
     8
 74
     0
 42
0.000000001
 43
0.0000000001
 40
0.0
 40
0.0
 40
0.0
 40
0.0
 40
0.125
 40
0.125
 40
0.125
 40
0.125001
 40
1.0
 40
1.0
 40
1.0
 40
1.0
 10
-70549.07026156137
 20
7167.733016793552
 30
0.0
 10
-70567.79213374859
 20
7221.558399331804
 30
0.0
 10
-70619.27728226344
 20
7256.66190968284
 30
0.0
 10
-70675.4428988251
 20
7256.66190968284
 30
0.0
 10
-70675.4428988251
 20
7256.66190968284
 30
0.0
 10
-70731.60851538674
 20
7256.66190968284
 30
0.0
 10
-70783.09366390159
 20
7221.558399331804
 30
0.0
 10
-70801.81553608881
 20
7167.733016793552
 30
0.0
1001
REVIT
1002
{
1070
     1
1000
22988572
1002
}
1002
{
1070
     2
1000
-2000051
1002
}
1002
{
1070
     3
1000
22985857
1002
}
  0
SPLINE
  5
4BF
330
70
100
AcDbEntity
  8
A-COB-___-___-EXI
100
AcDbSpline
210
0.0
220
0.0
230
1.0
 70
     8
 71
     3
 72
    12
 73
     8
 74
     0
 42
0.000000001
 43
0.0000000001
 40
0.0
 40
0.0
 40
0.0
 40
0.0
 40
0.125
 40
0.125
 40
0.125
 40
0.125001
 40
1.0
 40
1.0
 40
1.0
 40
1.0
 10
-70263.56171070628
 20
7151.351378629737
 30
0.0
 10
-70277.6031148467
 20
7195.81582507438
 30
0.0
 10
-70317.38709324454
 20
7226.238867378611
 30
0.0
 10
-70364.19177371259
 20
7226.238867378611
 30
0.0
 10
-70364.19177371259
 20
7226.238867378611
 30
0.0
 10
-70408.65622015724
 20
7226.238867378611
 30
0.0
 10
-70450.78043257848
 20
7195.81582507438
 30
0.0
 10
-70464.82183671888
 20
7153.69161265314
 30
0.0
1001
REVIT
1002
{
1070
     1
1000
22988574
1002
}
1002
{
1070
     2
1000
-2000051
1002
}
1002
{
1070
     3
1000
22985857
1002
}
  0
SPLINE
  5
4C1
330
70
100
AcDbEntity
  8
A-COB-___-___-EXI
100
AcDbSpline
210
0.0
220
0.0
230
1.0
 70
     8
 71
     3
 72
    12
 73
     8
 74
     0
 42
0.000000001
 43
0.0000000001
 40
0.0
 40
0.0
 40
0.0
 40
0.0
 40
0.125
 40
0.125
 40
0.125
 40
0.125001
 40
1.0
 40
1.0
 40
1.0
 40
1.0
 10
-70237.81913644886
 20
7167.733016793552
 30
0.0
 10
-70256.54100863608
 20
7221.558399331804
 30
0.0
 10
-70308.02615715093
 20
7256.66190968284
 30
0.0
 10
-70364.19177371259
 20
7256.66190968284
 30
0.0
 10
-70364.19177371259
 20
7256.66190968284
 30
0.0
 10
-70420.35739027423
 20
7256.66190968284
 30
0.0
 10
-70471.84253878909
 20
7221.558399331804
 30
0.0
 10
-70490.56441097631
 20
7167.733016793552
 30
0.0
1001
REVIT
1002
{
1070
     1
1000
22988576
1002
}
1002
{
1070
     2
1000
-2000051
1002
}
1002
{
1070
     3
1000
22985857
1002
}
  0
SPLINE
  5
4C3
330
70
100
AcDbEntity
  8
A-COB-___-___-EXI
100
AcDbSpline
210
0.0
220
0.0
230
1.0
 70
     8
 71
     3
 72
    12
 73
     8
 74
     0
 42
0.000000001
 43
0.0000000001
 40
0.0
 40
0.0
 40
0.0
 40
0.0
 40
0.125
 40
0.125
 40
0.125
 40
0.125001
 40
1.0
 40
1.0
 40
1.0
 40
1.0
 10
-69952.31058559378
 20
7151.351378629737
 30
0.0
 10
-69966.35198973419
 20
7195.81582507438
 30
0.0
 10
-70006.13596813203
 20
7226.238867378611
 30
0.0
 10
-70052.94064860007
 20
7226.238867378611
 30
0.0
 10
-70052.94064860007
 20
7226.238867378611
 30
0.0
 10
-70097.40509504471
 20
7226.238867378611
 30
0.0
 10
-70139.52930746595
 20
7195.81582507438
 30
0.0
 10
-70153.57071160637
 20
7153.69161265314
 30
0.0
1001
REVIT
1002
{
1070
     1
1000
22988578
1002
}
1002
{
1070
     2
1000
-2000051
1002
}
1002
{
1070
     3
1000
22985857
1002
}
  0
SPLINE
  5
4C5
330
70
100
AcDbEntity
  8
A-COB-___-___-EXI
100
AcDbSpline
210
0.0
220
0.0
230
1.0
 70
     8
 71
     3
 72
    12
 73
     8
 74
     0
 42
0.000000001
 43
0.0000000001
 40
0.0
 40
0.0
 40
0.0
 40
0.0
 40
0.125
 40
0.125
 40
0.125
 40
0.125001
 40
1.0
 40
1.0
 40
1.0
 40
1.0
 10
-69926.56801133635
 20
7167.733016793552
 30
0.0
 10
-69945.28988352357
 20
7221.558399331804
 30
0.0
 10
-69996.77503203842
 20
7256.66190968284
 30
0.0
 10
-70052.94064860007
 20
7256.66190968284
 30
0.0
 10
-70052.94064860007
 20
7256.66190968284
 30
0.0
 10
-70109.10626516173
 20
7256.66190968284
 30
0.0
 10
-70160.59141367658
 20
7221.558399331804
 30
0.0
 10
-70179.3132858638
 20
7167.733016793552
 30
0.0
1001
REVIT
1002
{
1070
     1
1000
22988580
1002
}
1002
{
1070
     2
1000
-2000051
1002
}
1002
{
1070
     3
1000
22985857
1002
}
  0
SPLINE
  5
4C7
330
70
100
AcDbEntity
  8
A-COB-___-___-EXI
100
AcDbSpline
210
0.0
220
0.0
230
1.0
 70
     8
 71
     3
 72
    12
 73
     8
 74
     0
 42
0.000000001
 43
0.0000000001
 40
0.0
 40
0.0
 40
0.0
 40
0.0
 40
0.125
 40
0.125
 40
0.125
 40
0.125001
 40
1.0
 40
1.0
 40
1.0
 40
1.0
 10
-69641.05946048126
 20
7151.351378629737
 30
0.0
 10
-69655.10086462168
 20
7195.81582507438
 30
0.0
 10
-69694.8848430195
 20
7226.238867378611
 30
0.0
 10
-69741.68952348756
 20
7226.238867378611
 30
0.0
 10
-69741.68952348756
 20
7226.238867378611
 30
0.0
 10
-69786.1539699322
 20
7226.238867378611
 30
0.0
 10
-69828.27818235344
 20
7195.81582507438
 30
0.0
 10
-69842.31958649386
 20
7153.69161265314
 30
0.0
1001
REVIT
1002
{
1070
     1
1000
22988582
1002
}
1002
{
1070
     2
1000
-2000051
1002
}
1002
{
1070
     3
1000
22985857
1002
}
  0
SPLINE
  5
4C9
330
70
100
AcDbEntity
  8
A-COB-___-___-EXI
100
AcDbSpline
210
0.0
220
0.0
230
1.0
 70
     8
 71
     3
 72
    12
 73
     8
 74
     0
 42
0.000000001
 43
0.0000000001
 40
0.0
 40
0.0
 40
0.0
 40
0.0
 40
0.125
 40
0.125
 40
0.125
 40
0.125001
 40
1.0
 40
1.0
 40
1.0
 40
1.0
 10
-69615.31688622383
 20
7167.733016793552
 30
0.0
 10
-69634.03875841105
 20
7221.558399331804
 30
0.0
 10
-69685.52390692591
 20
7256.66190968284
 30
0.0
 10
-69741.68952348756
 20
7256.66190968284
 30
0.0
 10
-69741.68952348756
 20
7256.66190968284
 30
0.0
 10
-69797.85514004923
 20
7256.66190968284
 30
0.0
 10
-69849.34028856407
 20
7221.558399331804
 30
0.0
 10
-69868.06216075128
 20
7167.733016793552
 30
0.0
1001
REVIT
1002
{
1070
     1
1000
22988584
1002
}
1002
{
1070
     2
1000
-2000051
1002
}
1002
{
1070
     3
1000
22985857
1002
}
  0
SPLINE
  5
4CB
330
70
100
AcDbEntity
  8
A-COB-___-___-EXI
100
AcDbSpline
210
0.0
220
0.0
230
1.0
 70
     8
 71
     3
 72
    12
 73
     8
 74
     0
 42
0.000000001
 43
0.0000000001
 40
0.0
 40
0.0
 40
0.0
 40
0.0
 40
0.125
 40
0.125
 40
0.125
 40
0.125001
 40
1.0
 40
1.0
 40
1.0
 40
1.0
 10
-69329.80833536873
 20
7151.351378629737
 30
0.0
 10
-69343.84973950916
 20
7195.81582507438
 30
0.0
 10
-69383.63371790701
 20
7226.238867378611
 30
0.0
 10
-69430.43839837506
 20
7226.238867378611
 30
0.0
 10
-69430.43839837506
 20
7226.238867378611
 30
0.0
 10
-69474.90284481969
 20
7226.238867378611
 30
0.0
 10
-69514.68682321753
 20
7195.81582507438
 30
0.0
 10
-69528.72822735795
 20
7153.69161265314
 30
0.0
1001
REVIT
1002
{
1070
     1
1000
22988586
1002
}
1002
{
1070
     2
1000
-2000051
1002
}
1002
{
1070
     3
1000
22985857
1002
}
  0
SPLINE
  5
4CD
330
70
100
AcDbEntity
  8
A-COB-___-___-EXI
100
AcDbSpline
210
0.0
220
0.0
230
1.0
 70
     8
 71
     3
 72
    12
 73
     8
 74
     0
 42
0.000000001
 43
0.0000000001
 40
0.0
 40
0.0
 40
0.0
 40
0.0
 40
0.125
 40
0.125
 40
0.125
 40
0.125001
 40
1.0
 40
1.0
 40
1.0
 40
1.0
 10
-69308.74622915813
 20
7167.733016793552
 30
0.0
 10
-69327.46810134535
 20
7221.558399331804
 30
0.0
 10
-69378.95324986019
 20
7256.66190968284
 30
0.0
 10
-69435.11886642186
 20
7256.66190968284
 30
0.0
 10
-69435.11886642186
 20
7256.66190968284
 30
0.0
 10
-69493.62471700691
 20
7256.66190968284
 30
0.0
 10
-69542.76963149836
 20
7221.558399331804
 30
0.0
 10
-69561.49150368558
 20
7167.733016793552
 30
0.0
1001
REVIT
1002
{
1070
     1
1000
22988588
1002
}
1002
{
1070
     2
1000
-2000051
1002
}
1002
{
1070
     3
1000
22985857
1002
}
  0
SPLINE
  5
4CF
330
70
100
AcDbEntity
  8
A-COB-___-___-EXI
100
AcDbSpline
210
0.0
220
0.0
230
1.0
 70
     8
 71
     3
 72
    12
 73
     8
 74
     0
 42
0.000000001
 43
0.0000000001
 40
0.0
 40
0.0
 40
0.0
 40
0.0
 40
0.125
 40
0.125
 40
0.125
 40
0.125001
 40
1.0
 40
1.0
 40
1.0
 40
1.0
 10
-69018.55721025624
 20
7151.351378629737
 30
0.0
 10
-69032.59861439666
 20
7195.81582507438
 30
0.0
 10
-69072.38259279449
 20
7226.238867378611
 30
0.0
 10
-69116.84703923913
 20
7226.238867378611
 30
0.0
 10
-69116.84703923913
 20
7226.238867378611
 30
0.0
 10
-69163.65171970718
 20
7226.238867378611
 30
0.0
 10
-69203.43569810502
 20
7195.81582507438
 30
0.0
 10
-69217.47710224543
 20
7153.69161265314
 30
0.0
1001
REVIT
1002
{
1070
     1
1000
22988590
1002
}
1002
{
1070
     2
1000
-2000051
1002
}
1002
{
1070
     3
1000
22985857
1002
}
  0
SPLINE
  5
4D1
330
70
100
AcDbEntity
  8
A-COB-___-___-EXI
100
AcDbSpline
210
0.0
220
0.0
230
1.0
 70
     8
 71
     3
 72
    12
 73
     8
 74
     0
 42
0.000000001
 43
0.0000000001
 40
0.0
 40
0.0
 40
0.0
 40
0.0
 40
0.125
 40
0.125
 40
0.125
 40
0.125001
 40
1.0
 40
1.0
 40
1.0
 40
1.0
 10
-68997.49510404562
 20
7167.733016793552
 30
0.0
 10
-69016.21697623284
 20
7221.558399331804
 30
0.0
 10
-69067.7021247477
 20
7256.66190968284
 30
0.0
 10
-69123.86774130934
 20
7256.66190968284
 30
0.0
 10
-69123.86774130934
 20
7256.66190968284
 30
0.0
 10
-69180.033357871
 20
7256.66190968284
 30
0.0
 10
-69231.51850638585
 20
7221.558399331804
 30
0.0
 10
-69250.24037857307
 20
7167.733016793552
 30
0.0
1001
REVIT
1002
{
1070
     1
1000
22988592
1002
}
1002
{
1070
     2
1000
-2000051
1002
}
1002
{
1070
     3
1000
22985857
1002
}
  0
SPLINE
  5
4D3
330
70
100
AcDbEntity
  8
A-COB-___-___-EXI
100
AcDbSpline
210
0.0
220
0.0
230
1.0
 70
     8
 71
     3
 72
    12
 73
     8
 74
     0
 42
0.000000001
 43
0.0000000001
 40
0.0
 40
0.0
 40
0.0
 40
0.0
 40
0.125
 40
0.125
 40
0.125
 40
0.125001
 40
1.0
 40
1.0
 40
1.0
 40
1.0
 10
-68711.98655319053
 20
7151.351378629737
 30
0.0
 10
-68726.02795733094
 20
7195.81582507438
 30
0.0
 10
-68765.81193572878
 20
7226.238867378611
 30
0.0
 10
-68812.61661619682
 20
7226.238867378611
 30
0.0
 10
-68812.61661619682
 20
7226.238867378611
 30
0.0
 10
-68857.08106264147
 20
7226.238867378611
 30
0.0
 10
-68899.20527506272
 20
7195.81582507438
 30
0.0
 10
-68913.24667920313
 20
7153.69161265314
 30
0.0
1001
REVIT
1002
{
1070
     1
1000
22988594
1002
}
1002
{
1070
     2
1000
-2000051
1002
}
1002
{
1070
     3
1000
22985857
1002
}
  0
SPLINE
  5
4D5
330
70
100
AcDbEntity
  8
A-COB-___-___-EXI
100
AcDbSpline
210
0.0
220
0.0
230
1.0
 70
     8
 71
     3
 72
    12
 73
     8
 74
     0
 42
0.000000001
 43
0.0000000001
 40
0.0
 40
0.0
 40
0.0
 40
0.0
 40
0.125
 40
0.125
 40
0.125
 40
0.125001
 40
1.0
 40
1.0
 40
1.0
 40
1.0
 10
-68686.24397893311
 20
7167.733016793552
 30
0.0
 10
-68704.96585112033
 20
7221.558399331804
 30
0.0
 10
-68756.45099963517
 20
7256.66190968284
 30
0.0
 10
-68812.61661619682
 20
7256.66190968284
 30
0.0
 10
-68812.61661619682
 20
7256.66190968284
 30
0.0
 10
-68868.78223275848
 20
7256.66190968284
 30
0.0
 10
-68920.26738127334
 20
7221.558399331804
 30
0.0
 10
-68938.98925346056
 20
7167.733016793552
 30
0.0
1001
REVIT
1002
{
1070
     1
1000
22988596
1002
}
1002
{
1070
     2
1000
-2000051
1002
}
1002
{
1070
     3
1000
22985857
1002
}
  0
SPLINE
  5
4D7
330
70
100
AcDbEntity
  8
A-COB-___-___-EXI
100
AcDbSpline
210
0.0
220
0.0
230
1.0
 70
     8
 71
     3
 72
    12
 73
     8
 74
     0
 42
0.000000001
 43
0.0000000001
 40
0.0
 40
0.0
 40
0.0
 40
0.0
 40
0.125
 40
0.125
 40
0.125
 40
0.125001
 40
1.0
 40
1.0
 40
1.0
 40
1.0
 10
-68400.73542807801
 20
7151.351378629737
 30
0.0
 10
-68414.77683221844
 20
7195.81582507438
 30
0.0
 10
-68454.56081061627
 20
7226.238867378611
 30
0.0
 10
-68501.36549108432
 20
7226.238867378611
 30
0.0
 10
-68501.36549108432
 20
7226.238867378611
 30
0.0
 10
-68545.82993752896
 20
7226.238867378611
 30
0.0
 10
-68587.95414995021
 20
7195.81582507438
 30
0.0
 10
-68601.99555409062
 20
7153.69161265314
 30
0.0
1001
REVIT
1002
{
1070
     1
1000
22988598
1002
}
1002
{
1070
     2
1000
-2000051
1002
}
1002
{
1070
     3
1000
22985857
1002
}
  0
SPLINE
  5
4D9
330
70
100
AcDbEntity
  8
A-COB-___-___-EXI
100
AcDbSpline
210
0.0
220
0.0
230
1.0
 70
     8
 71
     3
 72
    12
 73
     8
 74
     0
 42
0.000000001
 43
0.0000000001
 40
0.0
 40
0.0
 40
0.0
 40
0.0
 40
0.125
 40
0.125
 40
0.125
 40
0.125001
 40
1.0
 40
1.0
 40
1.0
 40
1.0
 10
-68374.9928538206
 20
7167.733016793552
 30
0.0
 10
-68393.7147260078
 20
7221.558399331804
 30
0.0
 10
-68445.19987452266
 20
7256.66190968284
 30
0.0
 10
-68501.36549108432
 20
7256.66190968284
 30
0.0
 10
-68501.36549108432
 20
7256.66190968284
 30
0.0
 10
-68557.53110764598
 20
7256.66190968284
 30
0.0
 10
-68609.01625616083
 20
7221.558399331804
 30
0.0
 10
-68627.73812834805
 20
7167.733016793552
 30
0.0
1001
REVIT
1002
{
1070
     1
1000
22988600
1002
}
1002
{
1070
     2
1000
-2000051
1002
}
1002
{
1070
     3
1000
22985857
1002
}
  0
SPLINE
  5
4DB
330
70
100
AcDbEntity
  8
A-COB-___-___-EXI
100
AcDbSpline
210
0.0
220
0.0
230
1.0
 70
     8
 71
     3
 72
    12
 73
     8
 74
     0
 42
0.000000001
 43
0.0000000001
 40
0.0
 40
0.0
 40
0.0
 40
0.0
 40
0.125
 40
0.125
 40
0.125
 40
0.125001
 40
1.0
 40
1.0
 40
1.0
 40
1.0
 10
-68089.48430296552
 20
7151.351378629737
 30
0.0
 10
-68103.52570710591
 20
7195.81582507438
 30
0.0
 10
-68143.30968550377
 20
7226.238867378611
 30
0.0
 10
-68190.11436597181
 20
7226.238867378611
 30
0.0
 10
-68190.11436597181
 20
7226.238867378611
 30
0.0
 10
-68234.57881241645
 20
7226.238867378611
 30
0.0
 10
-68276.70302483769
 20
7195.81582507438
 30
0.0
 10
-68290.74442897811
 20
7153.69161265314
 30
0.0
1001
REVIT
1002
{
1070
     1
1000
22988602
1002
}
1002
{
1070
     2
1000
-2000051
1002
}
1002
{
1070
     3
1000
22985857
1002
}
  0
SPLINE
  5
4DD
330
70
100
AcDbEntity
  8
A-COB-___-___-EXI
100
AcDbSpline
210
0.0
220
0.0
230
1.0
 70
     8
 71
     3
 72
    12
 73
     8
 74
     0
 42
0.000000001
 43
0.0000000001
 40
0.0
 40
0.0
 40
0.0
 40
0.0
 40
0.125
 40
0.125
 40
0.125
 40
0.125001
 40
1.0
 40
1.0
 40
1.0
 40
1.0
 10
-68063.74172870809
 20
7167.733016793552
 30
0.0
 10
-68082.46360089531
 20
7221.558399331804
 30
0.0
 10
-68133.94874941016
 20
7256.66190968284
 30
0.0
 10
-68190.11436597181
 20
7256.66190968284
 30
0.0
 10
-68190.11436597181
 20
7256.66190968284
 30
0.0
 10
-68246.27998253347
 20
7256.66190968284
 30
0.0
 10
-68297.76513104832
 20
7221.558399331804
 30
0.0
 10
-68316.48700323554
 20
7167.733016793552
 30
0.0
1001
REVIT
1002
{
1070
     1
1000
22988604
1002
}
1002
{
1070
     2
1000
-2000051
1002
}
1002
{
1070
     3
1000
22985857
1002
}
  0
SPLINE
  5
4DF
330
70
100
AcDbEntity
  8
A-COB-___-___-EXI
100
AcDbSpline
210
0.0
220
0.0
230
1.0
 70
     8
 71
     3
 72
    12
 73
     8
 74
     0
 42
0.000000001
 43
0.0000000001
 40
0.0
 40
0.0
 40
0.0
 40
0.0
 40
0.125
 40
0.125
 40
0.125
 40
0.125001
 40
1.0
 40
1.0
 40
1.0
 40
1.0
 10
-67778.23317785299
 20
7151.351378629737
 30
0.0
 10
-67792.27458199341
 20
7195.81582507438
 30
0.0
 10
-67832.05856039125
 20
7226.238867378611
 30
0.0
 10
-67878.86324085929
 20
7226.238867378611
 30
0.0
 10
-67878.86324085929
 20
7226.238867378611
 30
0.0
 10
-67923.32768730394
 20
7226.238867378611
 30
0.0
 10
-67963.11166570179
 20
7195.81582507438
 30
0.0
 10
-67977.1530698422
 20
7153.69161265314
 30
0.0
1001
REVIT
1002
{
1070
     1
1000
22988606
1002
}
1002
{
1070
     2
1000
-2000051
1002
}
1002
{
1070
     3
1000
22985857
1002
}
  0
SPLINE
  5
4E1
330
70
100
AcDbEntity
  8
A-COB-___-___-EXI
100
AcDbSpline
210
0.0
220
0.0
230
1.0
 70
     8
 71
     3
 72
    12
 73
     8
 74
     0
 42
0.000000001
 43
0.0000000001
 40
0.0
 40
0.0
 40
0.0
 40
0.0
 40
0.125
 40
0.125
 40
0.125
 40
0.125001
 40
1.0
 40
1.0
 40
1.0
 40
1.0
 10
-67752.49060359557
 20
7167.733016793552
 30
0.0
 10
-67771.21247578279
 20
7221.558399331804
 30
0.0
 10
-67820.35739027423
 20
7256.66190968284
 30
0.0
 10
-67878.86324085929
 20
7256.66190968284
 30
0.0
 10
-67878.86324085929
 20
7256.66190968284
 30
0.0
 10
-67935.02885742095
 20
7256.66190968284
 30
0.0
 10
-67986.5140059358
 20
7221.558399331804
 30
0.0
 10
-68005.23587812302
 20
7167.733016793552
 30
0.0
1001
REVIT
1002
{
1070
     1
1000
22988608
1002
}
1002
{
1070
     2
1000
-2000051
1002
}
1002
{
1070
     3
1000
22985857
1002
}
  0
SPLINE
  5
4E3
330
70
100
AcDbEntity
  8
A-COB-___-___-EXI
100
AcDbSpline
210
0.0
220
0.0
230
1.0
 70
     8
 71
     3
 72
    12
 73
     8
 74
     0
 42
0.000000001
 43
0.0000000001
 40
0.0
 40
0.0
 40
0.0
 40
0.0
 40
0.125
 40
0.125
 40
0.125
 40
0.125001
 40
1.0
 40
1.0
 40
1.0
 40
1.0
 10
-67466.98205274048
 20
7151.351378629737
 30
0.0
 10
-67481.02345688091
 20
7195.81582507438
 30
0.0
 10
-67520.80743527874
 20
7226.238867378611
 30
0.0
 10
-67565.27188172338
 20
7226.238867378611
 30
0.0
 10
-67565.27188172338
 20
7226.238867378611
 30
0.0
 10
-67612.07656219143
 20
7226.238867378611
 30
0.0
 10
-67651.86054058927
 20
7195.81582507438
 30
0.0
 10
-67665.90194472969
 20
7153.69161265314
 30
0.0
1001
REVIT
1002
{
1070
     1
1000
22988610
1002
}
1002
{
1070
     2
1000
-2000051
1002
}
1002
{
1070
     3
1000
22985857
1002
}
  0
SPLINE
  5
4E5
330
70
100
AcDbEntity
  8
A-COB-___-___-EXI
100
AcDbSpline
210
0.0
220
0.0
230
1.0
 70
     8
 71
     3
 72
    12
 73
     8
 74
     0
 42
0.000000001
 43
0.0000000001
 40
0.0
 40
0.0
 40
0.0
 40
0.0
 40
0.125
 40
0.125
 40
0.125
 40
0.125001
 40
1.0
 40
1.0
 40
1.0
 40
1.0
 10
-67438.89924445967
 20
7167.733016793552
 30
0.0
 10
-67459.96135067027
 20
7221.558399331804
 30
0.0
 10
-67509.10626516172
 20
7256.66190968284
 30
0.0
 10
-67567.61211574678
 20
7256.66190968284
 30
0.0
 10
-67567.61211574678
 20
7256.66190968284
 30
0.0
 10
-67623.77773230844
 20
7256.66190968284
 30
0.0
 10
-67672.9226467999
 20
7221.558399331804
 30
0.0
 10
-67693.98475301052
 20
7167.733016793552
 30
0.0
1001
REVIT
1002
{
1070
     1
1000
22988612
1002
}
1002
{
1070
     2
1000
-2000051
1002
}
1002
{
1070
     3
1000
22985857
1002
}
  0
SPLINE
  5
4E7
330
70
100
AcDbEntity
  8
A-COB-___-___-EXI
100
AcDbSpline
210
0.0
220
0.0
230
1.0
 70
     8
 71
     3
 72
    12
 73
     8
 74
     0
 42
0.000000001
 43
0.0000000001
 40
0.0
 40
0.0
 40
0.0
 40
0.0
 40
0.125
 40
0.125
 40
0.125
 40
0.125001
 40
1.0
 40
1.0
 40
1.0
 40
1.0
 10
-67155.73092762799
 20
7151.351378629737
 30
0.0
 10
-67167.43209774498
 20
7195.81582507438
 30
0.0
 10
-67209.55631016622
 20
7226.238867378611
 30
0.0
 10
-67254.02075661087
 20
7226.238867378611
 30
0.0
 10
-67254.02075661087
 20
7226.238867378611
 30
0.0
 10
-67300.82543707892
 20
7226.238867378611
 30
0.0
 10
-67340.60941547676
 20
7195.81582507438
 30
0.0
 10
-67354.65081961717
 20
7153.69161265314
 30
0.0
1001
REVIT
1002
{
1070
     1
1000
22988614
1002
}
1002
{
1070
     2
1000
-2000051
1002
}
1002
{
1070
     3
1000
22985857
1002
}
  0
SPLINE
  5
4E9
330
70
100
AcDbEntity
  8
A-COB-___-___-EXI
100
AcDbSpline
210
0.0
220
0.0
230
1.0
 70
     8
 71
     3
 72
    12
 73
     8
 74
     0
 42
0.000000001
 43
0.0000000001
 40
0.0
 40
0.0
 40
0.0
 40
0.0
 40
0.125
 40
0.125
 40
0.125
 40
0.125001
 40
1.0
 40
1.0
 40
1.0
 40
1.0
 10
-67127.64811934714
 20
7167.733016793552
 30
0.0
 10
-67148.71022555778
 20
7221.558399331804
 30
0.0
 10
-67197.85514004922
 20
7256.66190968284
 30
0.0
 10
-67254.02075661087
 20
7256.66190968284
 30
0.0
 10
-67254.02075661087
 20
7256.66190968284
 30
0.0
 10
-67312.52660719594
 20
7256.66190968284
 30
0.0
 10
-67361.67152168738
 20
7221.558399331804
 30
0.0
 10
-67382.73362789801
 20
7167.733016793552
 30
0.0
1001
REVIT
1002
{
1070
     1
1000
22988616
1002
}
1002
{
1070
     2
1000
-2000051
1002
}
1002
{
1070
     3
1000
22985857
1002
}
  0
SPLINE
  5
4EB
330
70
100
AcDbEntity
  8
A-COB-___-___-EXI
100
AcDbSpline
210
0.0
220
0.0
230
1.0
 70
     8
 71
     3
 72
    12
 73
     8
 74
     0
 42
0.000000001
 43
0.0000000001
 40
0.0
 40
0.0
 40
0.0
 40
0.0
 40
0.125
 40
0.125
 40
0.125
 40
0.125001
 40
1.0
 40
1.0
 40
1.0
 40
1.0
 10
-66844.47980251546
 20
7151.351378629737
 30
0.0
 10
-66856.18097263247
 20
7195.81582507438
 30
0.0
 10
-66898.30518505371
 20
7226.238867378611
 30
0.0
 10
-66942.76963149836
 20
7226.238867378611
 30
0.0
 10
-66942.76963149836
 20
7226.238867378611
 30
0.0
 10
-66989.57431196641
 20
7226.238867378611
 30
0.0
 10
-67029.35829036425
 20
7195.81582507438
 30
0.0
 10
-67043.39969450467
 20
7153.69161265314
 30
0.0
1001
REVIT
1002
{
1070
     1
1000
22988618
1002
}
1002
{
1070
     2
1000
-2000051
1002
}
1002
{
1070
     3
1000
22985857
1002
}
  0
SPLINE
  5
4ED
330
70
100
AcDbEntity
  8
A-COB-___-___-EXI
100
AcDbSpline
210
0.0
220
0.0
230
1.0
 70
     8
 71
     3
 72
    12
 73
     8
 74
     0
 42
0.000000001
 43
0.0000000001
 40
0.0
 40
0.0
 40
0.0
 40
0.0
 40
0.125
 40
0.125
 40
0.125
 40
0.125001
 40
1.0
 40
1.0
 40
1.0
 40
1.0
 10
-66816.39699423463
 20
7167.733016793552
 30
0.0
 10
-66835.11886642185
 20
7221.558399331804
 30
0.0
 10
-66886.6040149367
 20
7256.66190968284
 30
0.0
 10
-66942.76963149836
 20
7256.66190968284
 30
0.0
 10
-66942.76963149836
 20
7256.66190968284
 30
0.0
 10
-67001.27548208342
 20
7256.66190968284
 30
0.0
 10
-67050.42039657487
 20
7221.558399331804
 30
0.0
 10
-67069.14226876209
 20
7167.733016793552
 30
0.0
1001
REVIT
1002
{
1070
     1
1000
22988620
1002
}
1002
{
1070
     2
1000
-2000051
1002
}
1002
{
1070
     3
1000
22985857
1002
}
  0
SPLINE
  5
4EF
330
70
100
AcDbEntity
  8
A-COB-___-___-EXI
100
AcDbSpline
210
0.0
220
0.0
230
1.0
 70
     8
 71
     3
 72
    12
 73
     8
 74
     0
 42
0.000000001
 43
0.0000000001
 40
0.0
 40
0.0
 40
0.0
 40
0.0
 40
0.125
 40
0.125
 40
0.125
 40
0.125001
 40
1.0
 40
1.0
 40
1.0
 40
1.0
 10
-66530.88844337954
 20
7151.351378629737
 30
0.0
 10
-66544.92984751996
 20
7195.81582507438
 30
0.0
 10
-66584.7138259178
 20
7226.238867378611
 30
0.0
 10
-66631.51850638585
 20
7226.238867378611
 30
0.0
 10
-66631.51850638585
 20
7226.238867378611
 30
0.0
 10
-66678.3231868539
 20
7226.238867378611
 30
0.0
 10
-66718.10716525173
 20
7195.81582507438
 30
0.0
 10
-66732.14856939216
 20
7153.69161265314
 30
0.0
1001
REVIT
1002
{
1070
     1
1000
22988622
1002
}
1002
{
1070
     2
1000
-2000051
1002
}
1002
{
1070
     3
1000
22985857
1002
}
  0
SPLINE
  5
4F1
330
70
100
AcDbEntity
  8
A-COB-___-___-EXI
100
AcDbSpline
210
0.0
220
0.0
230
1.0
 70
     8
 71
     3
 72
    12
 73
     8
 74
     0
 42
0.000000001
 43
0.0000000001
 40
0.0
 40
0.0
 40
0.0
 40
0.0
 40
0.125
 40
0.125
 40
0.125
 40
0.125001
 40
1.0
 40
1.0
 40
1.0
 40
1.0
 10
-66505.14586912212
 20
7167.733016793552
 30
0.0
 10
-66523.86774130934
 20
7221.558399331804
 30
0.0
 10
-66575.35288982419
 20
7256.66190968284
 30
0.0
 10
-66631.51850638585
 20
7256.66190968284
 30
0.0
 10
-66631.51850638585
 20
7256.66190968284
 30
0.0
 10
-66687.68412294751
 20
7256.66190968284
 30
0.0
 10
-66739.16927146236
 20
7221.558399331804
 30
0.0
 10
-66757.89114364957
 20
7167.733016793552
 30
0.0
1001
REVIT
1002
{
1070
     1
1000
22988624
1002
}
1002
{
1070
     2
1000
-2000051
1002
}
1002
{
1070
     3
1000
22985857
1002
}
  0
SPLINE
  5
4F3
330
70
100
AcDbEntity
  8
A-COB-___-___-EXI
100
AcDbSpline
210
0.0
220
0.0
230
1.0
 70
     8
 71
     3
 72
    12
 73
     8
 74
     0
 42
0.000000001
 43
0.0000000001
 40
0.0
 40
0.0
 40
0.0
 40
0.0
 40
0.125
 40
0.125
 40
0.125
 40
0.125001
 40
1.0
 40
1.0
 40
1.0
 40
1.0
 10
-66226.65802033724
 20
7151.351378629737
 30
0.0
 10
-66240.69942447766
 20
7195.81582507438
 30
0.0
 10
-66280.48340287549
 20
7226.238867378611
 30
0.0
 10
-66324.94784932014
 20
7226.238867378611
 30
0.0
 10
-66324.94784932014
 20
7226.238867378611
 30
0.0
 10
-66371.7525297882
 20
7226.238867378611
 30
0.0
 10
-66411.53650818603
 20
7195.81582507438
 30
0.0
 10
-66425.57791232643
 20
7153.69161265314
 30
0.0
1001
REVIT
1002
{
1070
     1
1000
22988626
1002
}
1002
{
1070
     2
1000
-2000051
1002
}
1002
{
1070
     3
1000
22985857
1002
}
  0
SPLINE
  5
4F5
330
70
100
AcDbEntity
  8
A-COB-___-___-EXI
100
AcDbSpline
210
0.0
220
0.0
230
1.0
 70
     8
 71
     3
 72
    12
 73
     8
 74
     0
 42
0.000000001
 43
0.0000000001
 40
0.0
 40
0.0
 40
0.0
 40
0.0
 40
0.125
 40
0.125
 40
0.125
 40
0.125001
 40
1.0
 40
1.0
 40
1.0
 40
1.0
 10
-66198.57521205641
 20
7167.733016793552
 30
0.0
 10
-66219.63731826704
 20
7221.558399331804
 30
0.0
 10
-66268.78223275848
 20
7256.66190968284
 30
0.0
 10
-66327.28808334355
 20
7256.66190968284
 30
0.0
 10
-66327.28808334355
 20
7256.66190968284
 30
0.0
 10
-66383.45369990521
 20
7256.66190968284
 30
0.0
 10
-66434.93884842005
 20
7221.558399331804
 30
0.0
 10
-66453.66072060728
 20
7167.733016793552
 30
0.0
1001
REVIT
1002
{
1070
     1
1000
22988628
1002
}
1002
{
1070
     2
1000
-2000051
1002
}
1002
{
1070
     3
1000
22985857
1002
}
  0
LINE
  5
4FE
330
70
100
AcDbEntity
  8
A-POR-___-___-EXI
100
AcDbLine
 10
-72009.37629216443
 20
4811.117355227395
 30
0.0
 11
-72009.37629216443
 21
2756.391882680139
 31
0.0
1001
REVIT
1002
{
1070
     1
1000
22988906
1002
}
1002
{
1070
     2
1000
-2000051
1002
}
1002
{
1070
     3
1000
22985857
1002
}
  0
LINE
  5
500
330
70
100
AcDbEntity
  8
A-POR-___-___-EXI
100
AcDbLine
 10
-71960.23137767299
 20
4811.117355227395
 30
0.0
 11
-71960.23137767299
 21
2756.391882680139
 31
0.0
1001
REVIT
1002
{
1070
     1
1000
22988908
1002
}
1002
{
1070
     2
1000
-2000051
1002
}
1002
{
1070
     3
1000
22985857
1002
}
  0
LINE
  5
51C
330
70
100
AcDbEntity
  8
A-COB-___-___-EXI
100
AcDbLine
 10
-66755.55090962618
 20
5356.391882680139
 30
0.0
 11
-66755.55090962618
 21
5506.166860177891
 31
0.0
1001
REVIT
1002
{
1070
     1
1000
22988939
1002
}
1002
{
1070
     2
1000
-2000051
1002
}
1002
{
1070
     3
1000
22985857
1002
}
  0
LINE
  5
51E
330
70
100
AcDbEntity
  8
A-COB-___-___-EXI
100
AcDbLine
 10
-66633.85874040925
 20
5506.166860177891
 30
0.0
 11
-66633.85874040925
 21
5356.391882680139
 31
0.0
1001
REVIT
1002
{
1070
     1
1000
22988941
1002
}
1002
{
1070
     2
1000
-2000051
1002
}
1002
{
1070
     3
1000
22985857
1002
}
  0
LINE
  5
51F
330
70
100
AcDbEntity
  8
A-COB-___-___-EXI
100
AcDbLine
 10
-66633.85874040925
 20
5356.391882680139
 30
0.0
 11
-66755.55090962618
 21
5356.391882680139
 31
0.0
1001
REVIT
1002
{
1070
     1
1000
22988942
1002
}
1002
{
1070
     2
1000
-2000051
1002
}
1002
{
1070
     3
1000
22985857
1002
}
  0
LINE
  5
554
330
70
100
AcDbEntity
  8
A-COB-___-___-EXI
100
AcDbLine
 10
-73853.48070260548
 20
6381.414384930365
 30
0.0
 11
-72051.50050458566
 21
6381.414384930365
 31
0.0
1001
REVIT
1002
{
1070
     1
1000
22988997
1002
}
1002
{
1070
     2
1000
-2000051
1002
}
1002
{
1070
     3
1000
22985857
1002
}
  0
LINE
  5
555
330
70
100
AcDbEntity
  8
A-COB-___-___-EXI
100
AcDbLine
 10
-74110.90644517973
 20
6273.763619853857
 30
0.0
 11
-72051.50050458566
 21
6273.763619853857
 31
0.0
1001
REVIT
1002
{
1070
     1
1000
22988998
1002
}
1002
{
1070
     2
1000
-2000051
1002
}
1002
{
1070
     3
1000
22985857
1002
}
  0
LINE
  5
576
330
70
100
AcDbEntity
  8
A-COB-___-___-EXI
100
AcDbLine
 10
-71932.14856939215
 20
6381.414384930365
 30
0.0
 11
-69402.35559009422
 21
6381.414384930365
 31
0.0
1001
REVIT
1002
{
1070
     1
1000
22989031
1002
}
1002
{
1070
     2
1000
-2000051
1002
}
1002
{
1070
     3
1000
22985857
1002
}
  0
LINE
  5
577
330
70
100
AcDbEntity
  8
A-COB-___-___-EXI
100
AcDbLine
 10
-69283.00365490071
 20
6381.414384930365
 30
0.0
 11
-66755.55090962618
 21
6381.414384930365
 31
0.0
1001
REVIT
1002
{
1070
     1
1000
22989032
1002
}
1002
{
1070
     2
1000
-2000051
1002
}
1002
{
1070
     3
1000
22985857
1002
}
  0
LINE
  5
578
330
70
100
AcDbEntity
  8
A-COB-___-___-EXI
100
AcDbLine
 10
-71932.14856939215
 20
6273.763619853857
 30
0.0
 11
-69402.35559009422
 21
6273.763619853857
 31
0.0
1001
REVIT
1002
{
1070
     1
1000
22989033
1002
}
1002
{
1070
     2
1000
-2000051
1002
}
1002
{
1070
     3
1000
22985857
1002
}
  0
LINE
  5
579
330
70
100
AcDbEntity
  8
A-COB-___-___-EXI
100
AcDbLine
 10
-69283.00365490071
 20
6273.763619853857
 30
0.0
 11
-66755.55090962618
 21
6273.763619853857
 31
0.0
1001
REVIT
1002
{
1070
     1
1000
22989034
1002
}
1002
{
1070
     2
1000
-2000051
1002
}
1002
{
1070
     3
1000
22985857
1002
}
  0
LINE
  5
58A
330
70
100
AcDbEntity
  8
A-COB-___-___-EXI
100
AcDbLine
 10
-69402.35559009422
 20
5356.391882680139
 30
0.0
 11
-69402.35559009422
 21
5506.166860177891
 31
0.0
1001
REVIT
1002
{
1070
     1
1000
22989051
1002
}
1002
{
1070
     2
1000
-2000051
1002
}
1002
{
1070
     3
1000
22985857
1002
}
  0
LINE
  5
58C
330
70
100
AcDbEntity
  8
A-COB-___-___-EXI
100
AcDbLine
 10
-69283.00365490071
 20
5506.166860177891
 30
0.0
 11
-69283.00365490071
 21
5356.391882680139
 31
0.0
1001
REVIT
1002
{
1070
     1
1000
22989053
1002
}
1002
{
1070
     2
1000
-2000051
1002
}
1002
{
1070
     3
1000
22985857
1002
}
  0
LINE
  5
58D
330
70
100
AcDbEntity
  8
A-COB-___-___-EXI
100
AcDbLine
 10
-69283.00365490071
 20
5356.391882680139
 30
0.0
 11
-69402.35559009422
 21
5356.391882680139
 31
0.0
1001
REVIT
1002
{
1070
     1
1000
22989054
1002
}
1002
{
1070
     2
1000
-2000051
1002
}
1002
{
1070
     3
1000
22985857
1002
}
  0
LINE
  5
59B
330
70
100
AcDbEntity
  8
A-COB-___-___-EXI
100
AcDbLine
 10
-72362.75162969818
 20
7095.18576206808
 30
0.0
 11
-76233.49870440546
 21
5471.063349826937
 31
0.0
1001
REVIT
1002
{
1070
     1
1000
22989068
1002
}
1002
{
1070
     2
1000
-2000051
1002
}
1002
{
1070
     3
1000
22985857
1002
}
  0
LINE
  5
59E
330
70
100
AcDbEntity
  8
A-COB-___-___-EXI
100
AcDbLine
 10
-74667.88214274949
 20
6039.740217513624
 30
0.0
 11
-74667.88214274949
 21
5506.166860177891
 31
0.0
1001
REVIT
1002
{
1070
     1
1000
22989071
1002
}
1002
{
1070
     2
1000
-2000051
1002
}
1002
{
1070
     3
1000
22985857
1002
}
  0
LINE
  5
59F
330
70
100
AcDbEntity
  8
A-COB-___-___-EXI
100
AcDbLine
 10
-74548.53020755596
 20
6088.885132005073
 30
0.0
 11
-74548.53020755596
 21
5506.166860177891
 31
0.0
1001
REVIT
1002
{
1070
     1
1000
22989072
1002
}
1002
{
1070
     2
1000
-2000051
1002
}
1002
{
1070
     3
1000
22985857
1002
}
  0
LINE
  5
5BF
330
70
100
AcDbEntity
  8
A-COB-___-___-EXI
100
AcDbLine
 10
-66198.57521205641
 20
7069.443187810654
 30
0.0
 11
-62969.05225976106
 21
5375.113754867294
 31
0.0
1001
REVIT
1002
{
1070
     1
1000
22989104
1002
}
1002
{
1070
     2
1000
-2000051
1002
}
1002
{
1070
     3
1000
22985857
1002
}
  0
LINE
  5
5CC
330
70
100
AcDbEntity
  8
A-COB-___-___-EXI
100
AcDbLine
 10
-72355.73092762797
 20
7160.712314723345
 30
0.0
 11
-72362.75162969818
 21
7141.990442536125
 31
0.0
1001
REVIT
1002
{
1070
     1
1000
22989117
1002
}
1002
{
1070
     2
1000
-2000051
1002
}
1002
{
1070
     3
1000
22985857
1002
}
  0
LINE
  5
656
330
70
100
AcDbEntity
  8
A-COB-___-___-EXI
100
AcDbLine
 10
-66456.00095463068
 20
7160.712314723345
 30
0.0
 11
-66456.00095463068
 21
7141.990442536125
 31
0.0
1001
REVIT
1002
{
1070
     1
1000
22989255
1002
}
1002
{
1070
     2
1000
-2000051
1002
}
1002
{
1070
     3
1000
22985857
1002
}
  0
LINE
  5
66B
330
70
100
AcDbEntity
  8
A-COB-___-___-EXI
100
AcDbLine
 10
-64221.07746228144
 20
5943.790622554128
 30
0.0
 11
-64221.07746228144
 21
5506.166860177891
 31
0.0
1001
REVIT
1002
{
1070
     1
1000
22989276
1002
}
1002
{
1070
     2
1000
-2000051
1002
}
1002
{
1070
     3
1000
22985857
1002
}
  0
LINE
  5
66C
330
70
100
AcDbEntity
  8
A-COB-___-___-EXI
100
AcDbLine
 10
-64340.42939747496
 20
6004.636707162589
 30
0.0
 11
-64340.42939747496
 21
5506.166860177891
 31
0.0
1001
REVIT
1002
{
1070
     1
1000
22989277
1002
}
1002
{
1070
     2
1000
-2000051
1002
}
1002
{
1070
     3
1000
22985857
1002
}
  0
LINE
  5
66E
330
70
100
AcDbEntity
  8
A-COB-___-___-EXI
100
AcDbLine
 10
-63394.97485202041
 20
5506.166860177891
 30
0.0
 11
-66364.73182771799
 21
7069.443187810654
 31
0.0
1001
REVIT
1002
{
1070
     1
1000
22989279
1002
}
1002
{
1070
     2
1000
-2000051
1002
}
1002
{
1070
     3
1000
22985857
1002
}
  0
LINE
  5
66F
330
70
100
AcDbEntity
  8
A-JAN-___-___-EXI
100
AcDbLine
 10
-70888.40419495471
 20
4811.117355227395
 30
0.0
 11
-70888.40419495471
 21
3708.867130204892
 31
0.0
1001
REVIT
1002
{
1070
     1
1000
22989280
1002
}
1002
{
1070
     2
1000
-2000051
1002
}
1002
{
1070
     3
1000
22985857
1002
}
  0
LINE
  5
670
330
70
100
AcDbEntity
  8
A-POR-___-___-EXI
100
AcDbLine
 10
-67401.45550008523
 20
3662.062449736845
 30
0.0
 11
-68204.15577011222
 21
3662.062449736845
 31
0.0
1001
REVIT
1002
{
1070
     1
1000
22989281
1002
}
1002
{
1070
     2
1000
-2000051
1002
}
1002
{
1070
     3
1000
22985857
1002
}
  0
LINE
  5
677
330
70
100
AcDbEntity
  8
A-COB-___-___-EXI
100
AcDbLine
 10
-66633.85874040925
 20
6381.414384930365
 30
0.0
 11
-65987.95414995021
 21
6381.414384930365
 31
0.0
1001
REVIT
1002
{
1070
     1
1000
22989289
1002
}
1002
{
1070
     2
1000
-2000051
1002
}
1002
{
1070
     3
1000
22985857
1002
}
  0
LINE
  5
678
330
70
100
AcDbEntity
  8
A-COB-___-___-EXI
100
AcDbLine
 10
-66633.85874040925
 20
6273.763619853857
 30
0.0
 11
-65987.95414995021
 21
6273.763619853857
 31
0.0
1001
REVIT
1002
{
1070
     1
1000
22989290
1002
}
1002
{
1070
     2
1000
-2000051
1002
}
1002
{
1070
     3
1000
22985857
1002
}
  0
LINE
  5
679
330
70
100
AcDbEntity
  8
A-ALV-___-___-EXI
100
AcDbLine
 10
-76315.40689522473
 20
2756.391882680139
 30
0.0
 11
-76315.40689522473
 21
5232.359479439816
 31
0.0
1001
REVIT
1002
{
1070
     1
1000
22989325
1002
}
1002
{
1070
     2
1000
-2000051
1002
}
1002
{
1070
     3
1000
22985857
1002
}
  0
LWPOLYLINE
  5
6BF
330
70
100
AcDbEntity
  8
A-BAS-___-___-EXI
100
AcDbPolyline
 90
        4
 70
     0
 43
0.0
 10
-62305.77681758682
 20
2461.267184579084
 10
-62305.77681758682
 20
2756.391882680139
 10
-76809.91589043443
 20
2756.391882680139
 10
-76809.91589043443
 20
2461.267184579084
1001
REVIT
1002
{
1070
     1
1000
22984323
1002
}
1002
{
1070
     5
1000
383807
1002
}
1002
{
1070
     2
1000
-2000051
1002
}
1002
{
1070
     3
1000
-2000042
1002
}
  0
LWPOLYLINE
  5
6C0
330
70
100
AcDbEntity
  8
A-COB-___-___-EXI
100
AcDbPolyline
 90
        7
 70
     0
 43
0.0
 10
-76046.27998253347
 20
5232.359479439816
 10
-76411.35649018423
 20
5232.359479439816
 10
-76411.35649018423
 20
5309.587202212092
 10
-76586.87404193941
 20
5309.587202212101
 10
-76586.87404193941
 20
5375.11375486736
 10
-76502.62561709693
 20
6159.092152707144
 10
-76406.67602213743
 20
5309.587202212092
1001
REVIT
1002
{
1070
     1
1000
22989334
1002
}
1002
{
1070
     2
1000
-2000051
1002
}
1002
{
1070
     3
1000
22985857
1002
}
  0
LWPOLYLINE
  5
6C1
330
70
100
AcDbEntity
  8
A-COB-___-___-EXI
100
AcDbPolyline
 90
        3
 70
     0
 43
0.0
 10
-76411.35649018423
 20
5290.865330024874
 10
-76502.62561709693
 20
6074.843727864657
 10
-76586.87404193941
 20
5309.587202212092
1001
REVIT
1002
{
1070
     1
1000
22989329
1002
}
1002
{
1070
     2
1000
-2000051
1002
}
1002
{
1070
     3
1000
22985857
1002
}
  0
LWPOLYLINE
  5
6C2
330
70
100
AcDbEntity
  8
A-COB-___-___-EXI
100
AcDbPolyline
 90
        4
 70
     0
 43
0.0
 10
-76046.27998253347
 20
4864.942737765649
 10
-76226.47800233544
 20
4818.138057297602
 10
-76249.88034256948
 20
4883.664609952867
 10
-76046.27998253347
 20
4944.510694561329
1001
REVIT
1002
{
1070
     1
1000
22989328
1002
}
1002
{
1070
     2
1000
-2000051
1002
}
1002
{
1070
     3
1000
22985857
1002
}
  0
LWPOLYLINE
  5
6C3
330
70
100
AcDbEntity
  8
A-COB-___-___-EXI
100
AcDbPolyline
 90
        4
 70
     1
 43
0.0
 10
-66755.55090962618
 20
5506.166860177891
 10
-66755.55090962618
 20
5950.811324624334
 10
-66633.85874040925
 20
5950.811324624334
 10
-66633.85874040925
 20
5506.166860177891
1001
REVIT
1002
{
1070
     1
1000
22989288
1002
}
1002
{
1070
     2
1000
-2000051
1002
}
1002
{
1070
     3
1000
22985857
1002
}
  0
LWPOLYLINE
  5
6C4
330
70
100
AcDbEntity
  8
A-COB-___-___-EXI
100
AcDbPolyline
 90
        4
 70
     0
 43
0.0
 10
-66514.50680521572
 20
7160.712314723345
 10
-66509.82633716893
 20
7141.990442536125
 10
-66456.00095463068
 20
7141.990442536125
 10
-66425.57791232643
 20
7141.990442536125
1001
REVIT
1002
{
1070
     1
1000
22989287
1002
}
1002
{
1070
     2
1000
-2000051
1002
}
1002
{
1070
     3
1000
22985857
1002
}
  0
LWPOLYLINE
  5
6C5
330
70
100
AcDbEntity
  8
A-COB-___-___-EXI
100
AcDbPolyline
 90
        5
 70
     0
 43
0.0
 10
-66203.25568010322
 20
7160.712314723345
 10
-66203.25568010322
 20
7141.990442536125
 10
-66203.25568010322
 20
7118.588102302102
 10
-66226.65802033724
 20
7118.588102302102
 10
-66226.65802033724
 20
7149.011144606333
1001
REVIT
1002
{
1070
     1
1000
22989286
1002
}
1002
{
1070
     2
1000
-2000051
1002
}
1002
{
1070
     3
1000
22985857
1002
}
  0
LWPOLYLINE
  5
6C6
330
70
100
AcDbEntity
  8
A-COB-___-___-EXI
100
AcDbPolyline
 90
        9
 70
     0
 43
0.0
 10
-66755.55090962618
 20
6704.366680159889
 10
-66633.85874040925
 20
6704.366680159889
 10
-66633.85874040925
 20
6872.863529844858
 10
-66755.55090962618
 20
6872.863529844858
 10
-66755.55090962618
 20
6704.366680159889
 10
-66633.85874040925
 20
6704.366680159889
 10
-66633.85874040925
 20
6166.11285477735
 10
-66633.85874040925
 20
5950.811324624334
 10
-66568.33218775398
 20
5950.811324624334
1001
REVIT
1002
{
1070
     1
1000
22989278
1002
}
1002
{
1070
     2
1000
-2000051
1002
}
1002
{
1070
     3
1000
22985857
1002
}
  0
LWPOLYLINE
  5
6C7
330
70
100
AcDbEntity
  8
A-COB-___-___-EXI
100
AcDbPolyline
 90
        7
 70
     0
 43
0.0
 10
-67001.27548208342
 20
5950.811324624334
 10
-66755.55090962618
 20
5950.811324624334
 10
-66755.55090962618
 20
6166.11285477735
 10
-66633.85874040925
 20
6166.11285477735
 10
-66633.85874040925
 20
5950.811324624334
 10
-66755.55090962618
 20
5950.811324624334
 10
-66755.55090962618
 20
6166.112854777351
1001
REVIT
1002
{
1070
     1
1000
22989273
1002
}
1002
{
1070
     2
1000
-2000051
1002
}
1002
{
1070
     3
1000
22985857
1002
}
  0
LWPOLYLINE
  5
6C8
330
70
100
AcDbEntity
  8
A-COB-___-___-EXI
100
AcDbPolyline
 90
        4
 70
     0
 43
0.0
 10
-66633.85874040925
 20
6166.112854777351
 10
-66755.55090962618
 20
6166.11285477735
 10
-66755.55090962618
 20
6704.366680159889
 10
-66755.55090962618
 20
6524.168660357908
1001
REVIT
1002
{
1070
     1
1000
22989266
1002
}
1002
{
1070
     2
1000
-2000051
1002
}
1002
{
1070
     3
1000
22985857
1002
}
  0
LWPOLYLINE
  5
6C9
330
70
100
AcDbEntity
  8
A-COB-___-___-EXI
100
AcDbPolyline
 90
        3
 70
     0
 43
0.0
 10
-66760.23137767297
 20
7160.712314723345
 10
-66760.23137767297
 20
7141.990442536125
 10
-66736.82903743896
 20
7141.990442536125
1001
REVIT
1002
{
1070
     1
1000
22989264
1002
}
1002
{
1070
     2
1000
-2000051
1002
}
1002
{
1070
     3
1000
22985857
1002
}
  0
LWPOLYLINE
  5
6CA
330
70
100
AcDbEntity
  8
A-COB-___-___-EXI
100
AcDbPolyline
 90
        3
 70
     0
 43
0.0
 10
-66736.82903743896
 20
7149.011144606333
 10
-66736.82903743896
 20
7118.588102302102
 10
-66760.23137767297
 20
7118.588102302102
1001
REVIT
1002
{
1070
     1
1000
22989262
1002
}
1002
{
1070
     2
1000
-2000051
1002
}
1002
{
1070
     3
1000
22985857
1002
}
  0
LWPOLYLINE
  5
6CB
330
70
100
AcDbEntity
  8
A-COB-___-___-EXI
100
AcDbPolyline
 90
        4
 70
     0
 43
0.0
 10
-66425.57791232643
 20
7149.011144606333
 10
-66425.57791232643
 20
7118.588102302102
 10
-66533.22867740294
 20
7118.588102302102
 10
-66533.22867740294
 20
7149.011144606333
1001
REVIT
1002
{
1070
     1
1000
22989260
1002
}
1002
{
1070
     2
1000
-2000051
1002
}
1002
{
1070
     3
1000
22985857
1002
}
  0
LWPOLYLINE
  5
6CC
330
70
100
AcDbEntity
  8
A-COB-___-___-EXI
100
AcDbPolyline
 90
        3
 70
     0
 43
0.0
 10
-67071.48250278549
 20
7160.712314723345
 10
-67071.48250278549
 20
7141.990442536125
 10
-67048.08016255147
 20
7141.990442536125
1001
REVIT
1002
{
1070
     1
1000
22989254
1002
}
1002
{
1070
     2
1000
-2000051
1002
}
1002
{
1070
     3
1000
22985857
1002
}
  0
LWPOLYLINE
  5
6CD
330
70
100
AcDbEntity
  8
A-COB-___-___-EXI
100
AcDbPolyline
 90
        3
 70
     0
 43
0.0
 10
-67048.08016255147
 20
7149.011144606333
 10
-67048.08016255147
 20
7118.588102302102
 10
-67071.48250278549
 20
7118.588102302102
1001
REVIT
1002
{
1070
     1
1000
22989252
1002
}
1002
{
1070
     2
1000
-2000051
1002
}
1002
{
1070
     3
1000
22985857
1002
}
  0
LWPOLYLINE
  5
6CE
330
70
100
AcDbEntity
  8
A-COB-___-___-EXI
100
AcDbPolyline
 90
        3
 70
     0
 43
0.0
 10
-66755.55090962618
 20
7118.588102302102
 10
-66844.47980251546
 20
7118.588102302102
 10
-66844.47980251546
 20
7149.011144606333
1001
REVIT
1002
{
1070
     1
1000
22989250
1002
}
1002
{
1070
     2
1000
-2000051
1002
}
1002
{
1070
     3
1000
22985857
1002
}
  0
LWPOLYLINE
  5
6CF
330
70
100
AcDbEntity
  8
A-COB-___-___-EXI
100
AcDbPolyline
 90
        3
 70
     0
 43
0.0
 10
-66755.55090962618
 20
7141.990442536125
 10
-66821.07746228145
 20
7141.990442536125
 10
-66825.75793032826
 20
7160.712314723345
1001
REVIT
1002
{
1070
     1
1000
22989248
1002
}
1002
{
1070
     2
1000
-2000051
1002
}
1002
{
1070
     3
1000
22985857
1002
}
  0
LWPOLYLINE
  5
6D0
330
70
100
AcDbEntity
  8
A-COB-___-___-EXI
100
AcDbPolyline
 90
        3
 70
     0
 43
0.0
 10
-67382.73362789801
 20
7160.712314723345
 10
-67382.73362789801
 20
7141.990442536125
 10
-67359.33128766398
 20
7141.990442536125
1001
REVIT
1002
{
1070
     1
1000
22989246
1002
}
1002
{
1070
     2
1000
-2000051
1002
}
1002
{
1070
     3
1000
22985857
1002
}
  0
LWPOLYLINE
  5
6D1
330
70
100
AcDbEntity
  8
A-COB-___-___-EXI
100
AcDbPolyline
 90
        3
 70
     0
 43
0.0
 10
-67359.33128766398
 20
7149.011144606333
 10
-67359.33128766398
 20
7118.588102302102
 10
-67382.73362789801
 20
7118.588102302102
1001
REVIT
1002
{
1070
     1
1000
22989244
1002
}
1002
{
1070
     2
1000
-2000051
1002
}
1002
{
1070
     3
1000
22985857
1002
}
  0
LWPOLYLINE
  5
6D2
330
70
100
AcDbEntity
  8
A-COB-___-___-EXI
100
AcDbPolyline
 90
        3
 70
     0
 43
0.0
 10
-67066.80203473869
 20
7118.588102302102
 10
-67155.73092762799
 20
7118.588102302102
 10
-67155.73092762799
 20
7149.011144606333
1001
REVIT
1002
{
1070
     1
1000
22989242
1002
}
1002
{
1070
     2
1000
-2000051
1002
}
1002
{
1070
     3
1000
22985857
1002
}
  0
LWPOLYLINE
  5
6D3
330
70
100
AcDbEntity
  8
A-COB-___-___-EXI
100
AcDbPolyline
 90
        3
 70
     0
 43
0.0
 10
-67066.80203473869
 20
7141.990442536125
 10
-67132.32858739394
 20
7141.990442536125
 10
-67132.32858739394
 20
7160.712314723345
1001
REVIT
1002
{
1070
     1
1000
22989240
1002
}
1002
{
1070
     2
1000
-2000051
1002
}
1002
{
1070
     3
1000
22985857
1002
}
  0
LWPOLYLINE
  5
6D4
330
70
100
AcDbEntity
  8
A-COB-___-___-EXI
100
AcDbPolyline
 90
        3
 70
     0
 43
0.0
 10
-67696.32498703392
 20
7160.712314723345
 10
-67696.32498703392
 20
7141.990442536125
 10
-67670.58241277649
 20
7141.990442536125
1001
REVIT
1002
{
1070
     1
1000
22989238
1002
}
1002
{
1070
     2
1000
-2000051
1002
}
1002
{
1070
     3
1000
22985857
1002
}
  0
LWPOLYLINE
  5
6D5
330
70
100
AcDbEntity
  8
A-COB-___-___-EXI
100
AcDbPolyline
 90
        3
 70
     0
 43
0.0
 10
-67670.58241277649
 20
7149.011144606333
 10
-67670.58241277649
 20
7118.588102302102
 10
-67696.32498703392
 20
7118.588102302102
1001
REVIT
1002
{
1070
     1
1000
22989236
1002
}
1002
{
1070
     2
1000
-2000051
1002
}
1002
{
1070
     3
1000
22985857
1002
}
  0
LWPOLYLINE
  5
6D6
330
70
100
AcDbEntity
  8
A-COB-___-___-EXI
100
AcDbPolyline
 90
        3
 70
     0
 43
0.0
 10
-67371.03245778098
 20
7118.588102302102
 10
-67466.98205274048
 20
7118.588102302102
 10
-67466.98205274048
 20
7149.011144606333
1001
REVIT
1002
{
1070
     1
1000
22989234
1002
}
1002
{
1070
     2
1000
-2000051
1002
}
1002
{
1070
     3
1000
22985857
1002
}
  0
LWPOLYLINE
  5
6D7
330
70
100
AcDbEntity
  8
A-COB-___-___-EXI
100
AcDbPolyline
 90
        3
 70
     0
 43
0.0
 10
-67371.03245778098
 20
7141.990442536125
 10
-67443.57971250647
 20
7141.990442536125
 10
-67443.57971250647
 20
7160.712314723345
1001
REVIT
1002
{
1070
     1
1000
22989232
1002
}
1002
{
1070
     2
1000
-2000051
1002
}
1002
{
1070
     3
1000
22985857
1002
}
  0
LWPOLYLINE
  5
6D8
330
70
100
AcDbEntity
  8
A-COB-___-___-EXI
100
AcDbPolyline
 90
        3
 70
     0
 43
0.0
 10
-68007.57611214643
 20
7160.712314723345
 10
-68007.57611214643
 20
7141.990442536125
 10
-67981.83353788901
 20
7141.990442536125
1001
REVIT
1002
{
1070
     1
1000
22989230
1002
}
1002
{
1070
     2
1000
-2000051
1002
}
1002
{
1070
     3
1000
22985857
1002
}
  0
LWPOLYLINE
  5
6D9
330
70
100
AcDbEntity
  8
A-COB-___-___-EXI
100
AcDbPolyline
 90
        3
 70
     0
 43
0.0
 10
-67981.83353788901
 20
7149.011144606333
 10
-67981.83353788901
 20
7118.588102302102
 10
-68007.57611214643
 20
7118.588102302102
1001
REVIT
1002
{
1070
     1
1000
22989228
1002
}
1002
{
1070
     2
1000
-2000051
1002
}
1002
{
1070
     3
1000
22985857
1002
}
  0
LWPOLYLINE
  5
6DA
330
70
100
AcDbEntity
  8
A-COB-___-___-EXI
100
AcDbPolyline
 90
        3
 70
     0
 43
0.0
 10
-67682.2835828935
 20
7118.588102302102
 10
-67778.23317785299
 20
7118.588102302102
 10
-67778.23317785299
 20
7149.011144606333
1001
REVIT
1002
{
1070
     1
1000
22989226
1002
}
1002
{
1070
     2
1000
-2000051
1002
}
1002
{
1070
     3
1000
22985857
1002
}
  0
LWPOLYLINE
  5
6DB
330
70
100
AcDbEntity
  8
A-COB-___-___-EXI
100
AcDbPolyline
 90
        3
 70
     0
 43
0.0
 10
-67682.2835828935
 20
7141.990442536125
 10
-67754.83083761898
 20
7141.990442536125
 10
-67754.83083761898
 20
7160.712314723345
1001
REVIT
1002
{
1070
     1
1000
22989224
1002
}
1002
{
1070
     2
1000
-2000051
1002
}
1002
{
1070
     3
1000
22985857
1002
}
  0
LWPOLYLINE
  5
6DC
330
70
100
AcDbEntity
  8
A-COB-___-___-EXI
100
AcDbPolyline
 90
        3
 70
     0
 43
0.0
 10
-68318.82723725894
 20
7160.712314723345
 10
-68318.82723725894
 20
7141.990442536125
 10
-68295.42489702491
 20
7141.990442536125
1001
REVIT
1002
{
1070
     1
1000
22989222
1002
}
1002
{
1070
     2
1000
-2000051
1002
}
1002
{
1070
     3
1000
22985857
1002
}
  0
LWPOLYLINE
  5
6DD
330
70
100
AcDbEntity
  8
A-COB-___-___-EXI
100
AcDbPolyline
 90
        3
 70
     0
 43
0.0
 10
-68295.42489702491
 20
7149.011144606333
 10
-68295.42489702491
 20
7118.588102302102
 10
-68318.82723725894
 20
7118.588102302102
1001
REVIT
1002
{
1070
     1
1000
22989220
1002
}
1002
{
1070
     2
1000
-2000051
1002
}
1002
{
1070
     3
1000
22985857
1002
}
  0
LWPOLYLINE
  5
6DE
330
70
100
AcDbEntity
  8
A-COB-___-___-EXI
100
AcDbPolyline
 90
        3
 70
     0
 43
0.0
 10
-67995.87494202942
 20
7118.588102302102
 10
-68091.8245369889
 20
7118.588102302102
 10
-68091.8245369889
 20
7149.011144606333
1001
REVIT
1002
{
1070
     1
1000
22989218
1002
}
1002
{
1070
     2
1000
-2000051
1002
}
1002
{
1070
     3
1000
22985857
1002
}
  0
LWPOLYLINE
  5
6DF
330
70
100
AcDbEntity
  8
A-COB-___-___-EXI
100
AcDbPolyline
 90
        3
 70
     0
 43
0.0
 10
-67995.87494202942
 20
7141.990442536125
 10
-68066.08196273147
 20
7141.990442536125
 10
-68066.08196273147
 20
7160.712314723345
1001
REVIT
1002
{
1070
     1
1000
22989216
1002
}
1002
{
1070
     2
1000
-2000051
1002
}
1002
{
1070
     3
1000
22985857
1002
}
  0
LWPOLYLINE
  5
6E0
330
70
100
AcDbEntity
  8
A-COB-___-___-EXI
100
AcDbPolyline
 90
        3
 70
     0
 43
0.0
 10
-68630.07836237145
 20
7160.712314723345
 10
-68630.07836237145
 20
7141.990442536125
 10
-68599.65532006722
 20
7141.990442536125
1001
REVIT
1002
{
1070
     1
1000
22989214
1002
}
1002
{
1070
     2
1000
-2000051
1002
}
1002
{
1070
     3
1000
22985857
1002
}
  0
LWPOLYLINE
  5
6E1
330
70
100
AcDbEntity
  8
A-COB-___-___-EXI
100
AcDbPolyline
 90
        3
 70
     0
 43
0.0
 10
-68599.65532006722
 20
7149.011144606333
 10
-68599.65532006722
 20
7118.588102302102
 10
-68630.07836237145
 20
7118.588102302102
1001
REVIT
1002
{
1070
     1
1000
22989212
1002
}
1002
{
1070
     2
1000
-2000051
1002
}
1002
{
1070
     3
1000
22985857
1002
}
  0
LWPOLYLINE
  5
6E2
330
70
100
AcDbEntity
  8
A-COB-___-___-EXI
100
AcDbPolyline
 90
        3
 70
     0
 43
0.0
 10
-68307.12606714193
 20
7118.588102302102
 10
-68403.07566210142
 20
7118.588102302102
 10
-68403.07566210142
 20
7149.011144606333
1001
REVIT
1002
{
1070
     1
1000
22989210
1002
}
1002
{
1070
     2
1000
-2000051
1002
}
1002
{
1070
     3
1000
22985857
1002
}
  0
LWPOLYLINE
  5
6E3
330
70
100
AcDbEntity
  8
A-COB-___-___-EXI
100
AcDbPolyline
 90
        3
 70
     0
 43
0.0
 10
-68307.12606714193
 20
7141.990442536125
 10
-68377.333087844
 20
7141.990442536125
 10
-68377.333087844
 20
7160.712314723345
1001
REVIT
1002
{
1070
     1
1000
22989208
1002
}
1002
{
1070
     2
1000
-2000051
1002
}
1002
{
1070
     3
1000
22985857
1002
}
  0
LWPOLYLINE
  5
6E4
330
70
100
AcDbEntity
  8
A-COB-___-___-EXI
100
AcDbPolyline
 90
        3
 70
     0
 43
0.0
 10
-68936.64901943716
 20
7160.712314723345
 10
-68941.32948748396
 20
7141.990442536125
 10
-68910.90644517973
 20
7141.990442536125
1001
REVIT
1002
{
1070
     1
1000
22989206
1002
}
1002
{
1070
     2
1000
-2000051
1002
}
1002
{
1070
     3
1000
22985857
1002
}
  0
LWPOLYLINE
  5
6E5
330
70
100
AcDbEntity
  8
A-COB-___-___-EXI
100
AcDbPolyline
 90
        3
 70
     0
 43
0.0
 10
-68910.90644517973
 20
7149.011144606333
 10
-68910.90644517973
 20
7118.588102302102
 10
-68941.32948748396
 20
7118.588102302102
1001
REVIT
1002
{
1070
     1
1000
22989204
1002
}
1002
{
1070
     2
1000
-2000051
1002
}
1002
{
1070
     3
1000
22985857
1002
}
  0
LWPOLYLINE
  5
6E6
330
70
100
AcDbEntity
  8
A-COB-___-___-EXI
100
AcDbPolyline
 90
        3
 70
     0
 43
0.0
 10
-68618.37719225444
 20
7118.588102302102
 10
-68714.32678721394
 20
7118.588102302102
 10
-68714.32678721394
 20
7149.011144606333
1001
REVIT
1002
{
1070
     1
1000
22989202
1002
}
1002
{
1070
     2
1000
-2000051
1002
}
1002
{
1070
     3
1000
22985857
1002
}
  0
LWPOLYLINE
  5
6E7
330
70
100
AcDbEntity
  8
A-COB-___-___-EXI
100
AcDbPolyline
 90
        3
 70
     0
 43
0.0
 10
-68618.37719225444
 20
7141.990442536125
 10
-68690.92444697991
 20
7141.990442536125
 10
-68690.92444697991
 20
7160.712314723345
1001
REVIT
1002
{
1070
     1
1000
22989200
1002
}
1002
{
1070
     2
1000
-2000051
1002
}
1002
{
1070
     3
1000
22985857
1002
}
  0
LWPOLYLINE
  5
6E8
330
70
100
AcDbEntity
  8
A-COB-___-___-EXI
100
AcDbPolyline
 90
        3
 70
     0
 43
0.0
 10
-69247.90014454966
 20
7160.712314723345
 10
-69252.58061259647
 20
7141.990442536125
 10
-69222.15757029224
 20
7141.990442536125
1001
REVIT
1002
{
1070
     1
1000
22989198
1002
}
1002
{
1070
     2
1000
-2000051
1002
}
1002
{
1070
     3
1000
22985857
1002
}
  0
LWPOLYLINE
  5
6E9
330
70
100
AcDbEntity
  8
A-COB-___-___-EXI
100
AcDbPolyline
 90
        3
 70
     0
 43
0.0
 10
-69222.15757029224
 20
7149.011144606333
 10
-69222.15757029224
 20
7118.588102302102
 10
-69252.58061259647
 20
7118.588102302102
1001
REVIT
1002
{
1070
     1
1000
22989196
1002
}
1002
{
1070
     2
1000
-2000051
1002
}
1002
{
1070
     3
1000
22985857
1002
}
  0
LWPOLYLINE
  5
6EA
330
70
100
AcDbEntity
  8
A-COB-___-___-EXI
100
AcDbPolyline
 90
        3
 70
     0
 43
0.0
 10
-68929.62831736695
 20
7118.588102302102
 10
-69025.57791232645
 20
7118.588102302102
 10
-69025.57791232645
 20
7149.011144606333
1001
REVIT
1002
{
1070
     1
1000
22989194
1002
}
1002
{
1070
     2
1000
-2000051
1002
}
1002
{
1070
     3
1000
22985857
1002
}
  0
LWPOLYLINE
  5
6EB
330
70
100
AcDbEntity
  8
A-COB-___-___-EXI
100
AcDbPolyline
 90
        3
 70
     0
 43
0.0
 10
-68929.62831736695
 20
7141.990442536125
 10
-69002.17557209242
 20
7141.990442536125
 10
-69002.17557209242
 20
7160.712314723345
1001
REVIT
1002
{
1070
     1
1000
22989192
1002
}
1002
{
1070
     2
1000
-2000051
1002
}
1002
{
1070
     3
1000
22985857
1002
}
  0
LWPOLYLINE
  5
6EC
330
70
100
AcDbEntity
  8
A-COB-___-___-EXI
100
AcDbPolyline
 90
        3
 70
     0
 43
0.0
 10
-69559.15126966218
 20
7160.712314723345
 10
-69563.83173770898
 20
7141.990442536125
 10
-69535.74892942815
 20
7141.990442536125
1001
REVIT
1002
{
1070
     1
1000
22989190
1002
}
1002
{
1070
     2
1000
-2000051
1002
}
1002
{
1070
     3
1000
22985857
1002
}
  0
LWPOLYLINE
  5
6ED
330
70
100
AcDbEntity
  8
A-COB-___-___-EXI
100
AcDbPolyline
 90
        3
 70
     0
 43
0.0
 10
-69535.74892942815
 20
7149.011144606333
 10
-69535.74892942815
 20
7118.588102302102
 10
-69563.83173770898
 20
7118.588102302102
1001
REVIT
1002
{
1070
     1
1000
22989188
1002
}
1002
{
1070
     2
1000
-2000051
1002
}
1002
{
1070
     3
1000
22985857
1002
}
  0
LWPOLYLINE
  5
6EE
330
70
100
AcDbEntity
  8
A-COB-___-___-EXI
100
AcDbPolyline
 90
        3
 70
     0
 43
0.0
 10
-69240.87944247946
 20
7118.588102302102
 10
-69336.82903743894
 20
7118.588102302102
 10
-69336.82903743894
 20
7149.011144606333
1001
REVIT
1002
{
1070
     1
1000
22989186
1002
}
1002
{
1070
     2
1000
-2000051
1002
}
1002
{
1070
     3
1000
22985857
1002
}
  0
LWPOLYLINE
  5
6EF
330
70
100
AcDbEntity
  8
A-COB-___-___-EXI
100
AcDbPolyline
 90
        3
 70
     0
 43
0.0
 10
-69240.87944247946
 20
7141.990442536125
 10
-69313.42669720494
 20
7141.990442536125
 10
-69313.42669720494
 20
7160.712314723345
1001
REVIT
1002
{
1070
     1
1000
22989184
1002
}
1002
{
1070
     2
1000
-2000051
1002
}
1002
{
1070
     3
1000
22985857
1002
}
  0
LWPOLYLINE
  5
6F0
330
70
100
AcDbEntity
  8
A-COB-___-___-EXI
100
AcDbPolyline
 90
        3
 70
     0
 43
0.0
 10
-69870.40239477469
 20
7160.712314723345
 10
-69870.40239477469
 20
7141.990442536125
 10
-69847.00005454066
 20
7141.990442536125
1001
REVIT
1002
{
1070
     1
1000
22989182
1002
}
1002
{
1070
     2
1000
-2000051
1002
}
1002
{
1070
     3
1000
22985857
1002
}
  0
LWPOLYLINE
  5
6F1
330
70
100
AcDbEntity
  8
A-COB-___-___-EXI
100
AcDbPolyline
 90
        3
 70
     0
 43
0.0
 10
-69847.00005454066
 20
7149.011144606333
 10
-69847.00005454066
 20
7118.588102302102
 10
-69870.40239477469
 20
7118.588102302102
1001
REVIT
1002
{
1070
     1
1000
22989180
1002
}
1002
{
1070
     2
1000
-2000051
1002
}
1002
{
1070
     3
1000
22985857
1002
}
  0
LWPOLYLINE
  5
6F2
330
70
100
AcDbEntity
  8
A-COB-___-___-EXI
100
AcDbPolyline
 90
        3
 70
     0
 43
0.0
 10
-69552.13056759197
 20
7118.588102302102
 10
-69643.39969450467
 20
7118.588102302102
 10
-69643.39969450467
 20
7149.011144606333
1001
REVIT
1002
{
1070
     1
1000
22989178
1002
}
1002
{
1070
     2
1000
-2000051
1002
}
1002
{
1070
     3
1000
22985857
1002
}
  0
LWPOLYLINE
  5
6F3
330
70
100
AcDbEntity
  8
A-COB-___-___-EXI
100
AcDbPolyline
 90
        3
 70
     0
 43
0.0
 10
-69552.13056759197
 20
7141.990442536125
 10
-69617.65712024724
 20
7141.990442536125
 10
-69624.67782231745
 20
7160.712314723345
1001
REVIT
1002
{
1070
     1
1000
22989176
1002
}
1002
{
1070
     2
1000
-2000051
1002
}
1002
{
1070
     3
1000
22985857
1002
}
  0
LWPOLYLINE
  5
6F4
330
70
100
AcDbEntity
  8
A-COB-___-___-EXI
100
AcDbPolyline
 90
        3
 70
     0
 43
0.0
 10
-70181.6535198872
 20
7160.712314723345
 10
-70181.6535198872
 20
7141.990442536125
 10
-70158.25117965317
 20
7141.990442536125
1001
REVIT
1002
{
1070
     1
1000
22989174
1002
}
1002
{
1070
     2
1000
-2000051
1002
}
1002
{
1070
     3
1000
22985857
1002
}
  0
LWPOLYLINE
  5
6F5
330
70
100
AcDbEntity
  8
A-COB-___-___-EXI
100
AcDbPolyline
 90
        3
 70
     0
 43
0.0
 10
-70158.25117965317
 20
7149.011144606333
 10
-70158.25117965317
 20
7118.588102302102
 10
-70181.6535198872
 20
7118.588102302102
1001
REVIT
1002
{
1070
     1
1000
22989172
1002
}
1002
{
1070
     2
1000
-2000051
1002
}
1002
{
1070
     3
1000
22985857
1002
}
  0
LWPOLYLINE
  5
6F6
330
70
100
AcDbEntity
  8
A-COB-___-___-EXI
100
AcDbPolyline
 90
        3
 70
     0
 43
0.0
 10
-69863.38169270448
 20
7118.588102302102
 10
-69954.65081961718
 20
7118.588102302102
 10
-69954.65081961718
 20
7149.011144606333
1001
REVIT
1002
{
1070
     1
1000
22989170
1002
}
1002
{
1070
     2
1000
-2000051
1002
}
1002
{
1070
     3
1000
22985857
1002
}
  0
LWPOLYLINE
  5
6F7
330
70
100
AcDbEntity
  8
A-COB-___-___-EXI
100
AcDbPolyline
 90
        3
 70
     0
 43
0.0
 10
-69863.38169270448
 20
7141.990442536125
 10
-69928.90824535975
 20
7141.990442536125
 10
-69935.92894742996
 20
7160.712314723345
1001
REVIT
1002
{
1070
     1
1000
22989168
1002
}
1002
{
1070
     2
1000
-2000051
1002
}
1002
{
1070
     3
1000
22985857
1002
}
  0
LWPOLYLINE
  5
6F8
330
70
100
AcDbEntity
  8
A-COB-___-___-EXI
100
AcDbPolyline
 90
        3
 70
     0
 43
0.0
 10
-70492.90464499971
 20
7160.712314723345
 10
-70492.90464499971
 20
7141.990442536125
 10
-70469.50230476569
 20
7141.990442536125
1001
REVIT
1002
{
1070
     1
1000
22989166
1002
}
1002
{
1070
     2
1000
-2000051
1002
}
1002
{
1070
     3
1000
22985857
1002
}
  0
LWPOLYLINE
  5
6F9
330
70
100
AcDbEntity
  8
A-COB-___-___-EXI
100
AcDbPolyline
 90
        3
 70
     0
 43
0.0
 10
-70469.50230476569
 20
7149.011144606333
 10
-70469.50230476569
 20
7118.588102302102
 10
-70492.90464499971
 20
7118.588102302102
1001
REVIT
1002
{
1070
     1
1000
22989164
1002
}
1002
{
1070
     2
1000
-2000051
1002
}
1002
{
1070
     3
1000
22985857
1002
}
  0
LWPOLYLINE
  5
6FA
330
70
100
AcDbEntity
  8
A-COB-___-___-EXI
100
AcDbPolyline
 90
        3
 70
     0
 43
0.0
 10
-70174.63281781701
 20
7118.588102302102
 10
-70265.90194472968
 20
7118.588102302102
 10
-70265.90194472968
 20
7149.011144606333
1001
REVIT
1002
{
1070
     1
1000
22989162
1002
}
1002
{
1070
     2
1000
-2000051
1002
}
1002
{
1070
     3
1000
22985857
1002
}
  0
LWPOLYLINE
  5
6FB
330
70
100
AcDbEntity
  8
A-COB-___-___-EXI
100
AcDbPolyline
 90
        3
 70
     0
 43
0.0
 10
-70174.63281781701
 20
7141.990442536125
 10
-70242.49960449567
 20
7141.990442536125
 10
-70242.49960449567
 20
7160.712314723345
1001
REVIT
1002
{
1070
     1
1000
22989160
1002
}
1002
{
1070
     2
1000
-2000051
1002
}
1002
{
1070
     3
1000
22985857
1002
}
  0
LWPOLYLINE
  5
6FC
330
70
100
AcDbEntity
  8
A-COB-___-___-EXI
100
AcDbPolyline
 90
        3
 70
     0
 43
0.0
 10
-70804.15577011222
 20
7160.712314723345
 10
-70804.15577011222
 20
7141.990442536125
 10
-70780.7534298782
 20
7141.990442536125
1001
REVIT
1002
{
1070
     1
1000
22989158
1002
}
1002
{
1070
     2
1000
-2000051
1002
}
1002
{
1070
     3
1000
22985857
1002
}
  0
LWPOLYLINE
  5
6FD
330
70
100
AcDbEntity
  8
A-COB-___-___-EXI
100
AcDbPolyline
 90
        3
 70
     0
 43
0.0
 10
-70780.7534298782
 20
7149.011144606333
 10
-70780.7534298782
 20
7118.588102302102
 10
-70804.15577011222
 20
7118.588102302102
1001
REVIT
1002
{
1070
     1
1000
22989156
1002
}
1002
{
1070
     2
1000
-2000051
1002
}
1002
{
1070
     3
1000
22985857
1002
}
  0
LWPOLYLINE
  5
6FE
330
70
100
AcDbEntity
  8
A-COB-___-___-EXI
100
AcDbPolyline
 90
        3
 70
     0
 43
0.0
 10
-70481.2034748827
 20
7118.588102302102
 10
-70577.1530698422
 20
7118.588102302102
 10
-70577.1530698422
 20
7149.011144606333
1001
REVIT
1002
{
1070
     1
1000
22989154
1002
}
1002
{
1070
     2
1000
-2000051
1002
}
1002
{
1070
     3
1000
22985857
1002
}
  0
LWPOLYLINE
  5
6FF
330
70
100
AcDbEntity
  8
A-COB-___-___-EXI
100
AcDbPolyline
 90
        3
 70
     0
 43
0.0
 10
-70481.2034748827
 20
7141.990442536125
 10
-70553.75072960817
 20
7141.990442536125
 10
-70553.75072960817
 20
7160.712314723345
1001
REVIT
1002
{
1070
     1
1000
22989152
1002
}
1002
{
1070
     2
1000
-2000051
1002
}
1002
{
1070
     3
1000
22985857
1002
}
  0
LWPOLYLINE
  5
700
330
70
100
AcDbEntity
  8
A-COB-___-___-EXI
100
AcDbPolyline
 90
        3
 70
     0
 43
0.0
 10
-71115.40689522473
 20
7160.712314723345
 10
-71115.40689522473
 20
7141.990442536125
 10
-71092.0045549907
 20
7141.990442536125
1001
REVIT
1002
{
1070
     1
1000
22989150
1002
}
1002
{
1070
     2
1000
-2000051
1002
}
1002
{
1070
     3
1000
22985857
1002
}
  0
LWPOLYLINE
  5
701
330
70
100
AcDbEntity
  8
A-COB-___-___-EXI
100
AcDbPolyline
 90
        3
 70
     0
 43
0.0
 10
-71092.0045549907
 20
7149.011144606333
 10
-71092.0045549907
 20
7118.588102302102
 10
-71115.40689522473
 20
7118.588102302102
1001
REVIT
1002
{
1070
     1
1000
22989148
1002
}
1002
{
1070
     2
1000
-2000051
1002
}
1002
{
1070
     3
1000
22985857
1002
}
  0
LWPOLYLINE
  5
702
330
70
100
AcDbEntity
  8
A-COB-___-___-EXI
100
AcDbPolyline
 90
        3
 70
     0
 43
0.0
 10
-70792.45459999521
 20
7118.588102302102
 10
-70888.40419495471
 20
7118.588102302102
 10
-70888.40419495471
 20
7149.011144606333
1001
REVIT
1002
{
1070
     1
1000
22989146
1002
}
1002
{
1070
     2
1000
-2000051
1002
}
1002
{
1070
     3
1000
22985857
1002
}
  0
LWPOLYLINE
  5
703
330
70
100
AcDbEntity
  8
A-COB-___-___-EXI
100
AcDbPolyline
 90
        3
 70
     0
 43
0.0
 10
-70792.45459999521
 20
7141.990442536125
 10
-70865.00185472068
 20
7141.990442536125
 10
-70865.00185472068
 20
7160.712314723345
1001
REVIT
1002
{
1070
     1
1000
22989144
1002
}
1002
{
1070
     2
1000
-2000051
1002
}
1002
{
1070
     3
1000
22985857
1002
}
  0
LWPOLYLINE
  5
704
330
70
100
AcDbEntity
  8
A-COB-___-___-EXI
100
AcDbPolyline
 90
        3
 70
     0
 43
0.0
 10
-71426.65802033724
 20
7160.712314723345
 10
-71426.65802033724
 20
7141.990442536125
 10
-71403.25568010323
 20
7141.990442536125
1001
REVIT
1002
{
1070
     1
1000
22989142
1002
}
1002
{
1070
     2
1000
-2000051
1002
}
1002
{
1070
     3
1000
22985857
1002
}
  0
LWPOLYLINE
  5
705
330
70
100
AcDbEntity
  8
A-COB-___-___-EXI
100
AcDbPolyline
 90
        3
 70
     0
 43
0.0
 10
-71403.25568010323
 20
7149.011144606333
 10
-71403.25568010323
 20
7118.588102302102
 10
-71426.65802033724
 20
7118.588102302102
1001
REVIT
1002
{
1070
     1
1000
22989140
1002
}
1002
{
1070
     2
1000
-2000051
1002
}
1002
{
1070
     3
1000
22985857
1002
}
  0
LWPOLYLINE
  5
706
330
70
100
AcDbEntity
  8
A-COB-___-___-EXI
100
AcDbPolyline
 90
        3
 70
     0
 43
0.0
 10
-71103.70572510773
 20
7118.588102302102
 10
-71199.65532006722
 20
7118.588102302102
 10
-71199.65532006722
 20
7149.011144606333
1001
REVIT
1002
{
1070
     1
1000
22989138
1002
}
1002
{
1070
     2
1000
-2000051
1002
}
1002
{
1070
     3
1000
22985857
1002
}
  0
LWPOLYLINE
  5
707
330
70
100
AcDbEntity
  8
A-COB-___-___-EXI
100
AcDbPolyline
 90
        3
 70
     0
 43
0.0
 10
-71103.70572510773
 20
7141.990442536125
 10
-71176.2529798332
 20
7141.990442536125
 10
-71176.2529798332
 20
7160.712314723345
1001
REVIT
1002
{
1070
     1
1000
22989136
1002
}
1002
{
1070
     2
1000
-2000051
1002
}
1002
{
1070
     3
1000
22985857
1002
}
  0
LWPOLYLINE
  5
708
330
70
100
AcDbEntity
  8
A-COB-___-___-EXI
100
AcDbPolyline
 90
        3
 70
     0
 43
0.0
 10
-71740.24937947315
 20
7160.712314723345
 10
-71740.24937947315
 20
7141.990442536125
 10
-71709.82633716892
 20
7141.990442536125
1001
REVIT
1002
{
1070
     1
1000
22989134
1002
}
1002
{
1070
     2
1000
-2000051
1002
}
1002
{
1070
     3
1000
22985857
1002
}
  0
LWPOLYLINE
  5
709
330
70
100
AcDbEntity
  8
A-COB-___-___-EXI
100
AcDbPolyline
 90
        3
 70
     0
 43
0.0
 10
-71709.82633716892
 20
7149.011144606333
 10
-71709.82633716892
 20
7118.588102302102
 10
-71740.24937947315
 20
7118.588102302102
1001
REVIT
1002
{
1070
     1
1000
22989132
1002
}
1002
{
1070
     2
1000
-2000051
1002
}
1002
{
1070
     3
1000
22985857
1002
}
  0
LWPOLYLINE
  5
70A
330
70
100
AcDbEntity
  8
A-COB-___-___-EXI
100
AcDbPolyline
 90
        3
 70
     0
 43
0.0
 10
-71414.95685022023
 20
7118.588102302102
 10
-71510.90644517973
 20
7118.588102302102
 10
-71510.90644517973
 20
7149.011144606333
1001
REVIT
1002
{
1070
     1
1000
22989130
1002
}
1002
{
1070
     2
1000
-2000051
1002
}
1002
{
1070
     3
1000
22985857
1002
}
  0
LWPOLYLINE
  5
70B
330
70
100
AcDbEntity
  8
A-COB-___-___-EXI
100
AcDbPolyline
 90
        3
 70
     0
 43
0.0
 10
-71414.95685022023
 20
7141.990442536125
 10
-71487.50410494571
 20
7141.990442536125
 10
-71487.50410494571
 20
7160.712314723345
1001
REVIT
1002
{
1070
     1
1000
22989128
1002
}
1002
{
1070
     2
1000
-2000051
1002
}
1002
{
1070
     3
1000
22985857
1002
}
  0
LWPOLYLINE
  5
70C
330
70
100
AcDbEntity
  8
A-COB-___-___-EXI
100
AcDbPolyline
 90
        3
 70
     0
 43
0.0
 10
-72051.50050458566
 20
7160.712314723345
 10
-72051.50050458566
 20
7141.990442536125
 10
-72021.07746228143
 20
7141.990442536125
1001
REVIT
1002
{
1070
     1
1000
22989126
1002
}
1002
{
1070
     2
1000
-2000051
1002
}
1002
{
1070
     3
1000
22985857
1002
}
  0
LWPOLYLINE
  5
70D
330
70
100
AcDbEntity
  8
A-COB-___-___-EXI
100
AcDbPolyline
 90
        3
 70
     0
 43
0.0
 10
-72021.07746228143
 20
7149.011144606333
 10
-72021.07746228143
 20
7118.588102302102
 10
-72051.50050458566
 20
7118.588102302102
1001
REVIT
1002
{
1070
     1
1000
22989124
1002
}
1002
{
1070
     2
1000
-2000051
1002
}
1002
{
1070
     3
1000
22985857
1002
}
  0
LWPOLYLINE
  5
70E
330
70
100
AcDbEntity
  8
A-COB-___-___-EXI
100
AcDbPolyline
 90
        3
 70
     0
 43
0.0
 10
-71726.20797533276
 20
7118.588102302102
 10
-71822.15757029224
 20
7118.588102302102
 10
-71822.15757029224
 20
7149.011144606333
1001
REVIT
1002
{
1070
     1
1000
22989122
1002
}
1002
{
1070
     2
1000
-2000051
1002
}
1002
{
1070
     3
1000
22985857
1002
}
  0
LWPOLYLINE
  5
70F
330
70
100
AcDbEntity
  8
A-COB-___-___-EXI
100
AcDbPolyline
 90
        3
 70
     0
 43
0.0
 10
-71726.20797533276
 20
7141.990442536125
 10
-71798.75523005821
 20
7141.990442536125
 10
-71798.75523005821
 20
7160.712314723345
1001
REVIT
1002
{
1070
     1
1000
22989120
1002
}
1002
{
1070
     2
1000
-2000051
1002
}
1002
{
1070
     3
1000
22985857
1002
}
  0
LWPOLYLINE
  5
710
330
70
100
AcDbEntity
  8
A-COB-___-___-EXI
100
AcDbPolyline
 90
       11
 70
     0
 43
0.0
 10
-72332.32858739396
 20
7141.990442536125
 10
-72362.75162969818
 20
7141.990442536125
 10
-72362.75162969818
 20
7118.588102302102
 10
-72463.38169270448
 20
7069.443187810654
 10
-72458.70122465768
 20
7053.061549646837
 10
-72505.50590512572
 20
7034.339677459619
 10
-72512.52660719593
 20
7053.061549646837
 10
-72463.38169270448
 20
7069.443187810654
 10
-72812.07656219143
 20
6926.68891238311
 10
-72847.18007254247
 20
7022.638507342605
 10
-72493.80473500871
 20
7141.990442536125
1001
REVIT
1002
{
1070
     1
1000
22989116
1002
}
1002
{
1070
     2
1000
-2000051
1002
}
1002
{
1070
     3
1000
22985857
1002
}
  0
LWPOLYLINE
  5
711
330
70
100
AcDbEntity
  8
A-COB-___-___-EXI
100
AcDbPolyline
 90
        3
 70
     0
 43
0.0
 10
-72332.32858739396
 20
7149.011144606333
 10
-72332.32858739396
 20
7118.588102302102
 10
-72362.75162969818
 20
7118.588102302102
1001
REVIT
1002
{
1070
     1
1000
22989112
1002
}
1002
{
1070
     2
1000
-2000051
1002
}
1002
{
1070
     3
1000
22985857
1002
}
  0
LWPOLYLINE
  5
712
330
70
100
AcDbEntity
  8
A-COB-___-___-EXI
100
AcDbPolyline
 90
        3
 70
     0
 43
0.0
 10
-72039.79933446867
 20
7118.588102302102
 10
-72135.74892942816
 20
7118.588102302102
 10
-72135.74892942816
 20
7149.011144606333
1001
REVIT
1002
{
1070
     1
1000
22989110
1002
}
1002
{
1070
     2
1000
-2000051
1002
}
1002
{
1070
     3
1000
22985857
1002
}
  0
LWPOLYLINE
  5
713
330
70
100
AcDbEntity
  8
A-COB-___-___-EXI
100
AcDbPolyline
 90
        3
 70
     0
 43
0.0
 10
-72039.79933446867
 20
7141.990442536125
 10
-72110.00635517073
 20
7141.990442536125
 10
-72110.00635517073
 20
7160.712314723345
1001
REVIT
1002
{
1070
     1
1000
22989108
1002
}
1002
{
1070
     2
1000
-2000051
1002
}
1002
{
1070
     3
1000
22985857
1002
}
  0
LWPOLYLINE
  5
714
330
70
100
AcDbEntity
  8
A-COB-___-___-EXI
100
AcDbPolyline
 90
        7
 70
     0
 43
0.0
 10
-62969.05225976118
 20
5375.11375486736
 10
-63011.17647218243
 20
5398.516095101383
 10
-62999.47530206542
 20
5417.237967288601
 10
-62957.35108964417
 20
5393.835627054578
 10
-62969.05225976118
 20
5375.11375486736
 10
-63004.15577011222
 20
5302.566500141885
 10
-63256.90104463967
 20
5440.640307522625
1001
REVIT
1002
{
1070
     1
1000
22989106
1002
}
1002
{
1070
     2
1000
-2000051
1002
}
1002
{
1070
     3
1000
22985857
1002
}
  0
LWPOLYLINE
  5
715
330
70
100
AcDbEntity
  8
A-COB-___-___-EXI
100
AcDbPolyline
 90
        4
 70
     0
 43
0.0
 10
-63256.90104463967
 20
5639.560199511823
 10
-62919.90734526973
 20
5489.785222014074
 10
-62962.03155769098
 20
5393.835627054578
 10
-63292.00455499067
 20
5571.693412833137
1001
REVIT
1002
{
1070
     1
1000
22989103
1002
}
1002
{
1070
     2
1000
-2000051
1002
}
1002
{
1070
     3
1000
22985857
1002
}
  0
LWPOLYLINE
  5
716
330
70
100
AcDbEntity
  8
A-COB-___-___-EXI
100
AcDbPolyline
 90
        7
 70
     0
 43
0.0
 10
-63584.533807916
 20
5812.737517243597
 10
-63249.88034256946
 20
5662.962539745847
 10
-63292.0045549907
 20
5567.01294478635
 10
-63621.97755229043
 20
5740.190262518123
 10
-63951.95054959017
 20
5913.367580249897
 10
-64279.5833128665
 20
6088.885132005073
 10
-64609.55631016622
 20
6262.062449736845
1001
REVIT
1002
{
1070
     1
1000
22989100
1002
}
1002
{
1070
     2
1000
-2000051
1002
}
1002
{
1070
     3
1000
22985857
1002
}
  0
LWPOLYLINE
  5
717
330
70
100
AcDbEntity
  8
A-COB-___-___-EXI
100
AcDbPolyline
 90
        3
 70
     0
 43
0.0
 10
-63914.50680521574
 20
5985.914834975369
 10
-63579.8533398692
 20
5836.139857477618
 10
-63621.97755229043
 20
5740.190262518123
1001
REVIT
1002
{
1070
     1
1000
22989096
1002
}
1002
{
1070
     2
1000
-2000051
1002
}
1002
{
1070
     3
1000
22985857
1002
}
  0
LWPOLYLINE
  5
718
330
70
100
AcDbEntity
  8
A-COB-___-___-EXI
100
AcDbPolyline
 90
        3
 70
     0
 43
0.0
 10
-64244.47980251547
 20
6159.092152707144
 10
-63909.82633716893
 20
6004.636707162589
 10
-63951.95054959017
 20
5913.367580249897
1001
REVIT
1002
{
1070
     1
1000
22989093
1002
}
1002
{
1070
     2
1000
-2000051
1002
}
1002
{
1070
     3
1000
22985857
1002
}
  0
LWPOLYLINE
  5
719
330
70
100
AcDbEntity
  8
A-COB-___-___-EXI
100
AcDbPolyline
 90
        3
 70
     0
 43
0.0
 10
-64574.45279981519
 20
6327.589002392112
 10
-64237.45910044526
 20
6177.814024894362
 10
-64279.5833128665
 20
6088.885132005073
1001
REVIT
1002
{
1070
     1
1000
22989090
1002
}
1002
{
1070
     2
1000
-2000051
1002
}
1002
{
1070
     3
1000
22985857
1002
}
  0
LWPOLYLINE
  5
71A
330
70
100
AcDbEntity
  8
A-COB-___-___-EXI
100
AcDbPolyline
 90
        4
 70
     0
 43
0.0
 10
-64904.42579711491
 20
6500.766320123884
 10
-64567.43209774499
 20
6350.991342626134
 10
-64609.55631016622
 20
6255.041747666638
 10
-64939.52930746596
 20
6435.239767468622
1001
REVIT
1002
{
1070
     1
1000
22989088
1002
}
1002
{
1070
     2
1000
-2000051
1002
}
1002
{
1070
     3
1000
22985857
1002
}
  0
LWPOLYLINE
  5
71B
330
70
100
AcDbEntity
  8
A-COB-___-___-EXI
100
AcDbPolyline
 90
        4
 70
     0
 43
0.0
 10
-65232.05856039125
 20
6673.943637855657
 10
-64897.40509504471
 20
6524.16866035791
 10
-64939.52930746596
 20
6430.559299421813
 10
-65269.50230476568
 20
6603.736617153588
1001
REVIT
1002
{
1070
     1
1000
22989085
1002
}
1002
{
1070
     2
1000
-2000051
1002
}
1002
{
1070
     3
1000
22985857
1002
}
  0
LWPOLYLINE
  5
71C
330
70
100
AcDbEntity
  8
A-COB-___-___-EXI
100
AcDbPolyline
 90
        4
 70
     0
 43
0.0
 10
-65562.03155769098
 20
6849.461189610835
 10
-65227.37809234445
 20
6699.686212113083
 10
-65262.48160269547
 20
6603.736617153588
 10
-65599.47530206541
 20
6776.91393488536
1001
REVIT
1002
{
1070
     1
1000
22989082
1002
}
1002
{
1070
     2
1000
-2000051
1002
}
1002
{
1070
     3
1000
22985857
1002
}
  0
LWPOLYLINE
  5
71D
330
70
100
AcDbEntity
  8
A-COB-___-___-EXI
100
AcDbPolyline
 90
        4
 70
     0
 43
0.0
 10
-65892.00455499072
 20
7022.638507342605
 10
-65557.35108964417
 20
6865.842827774649
 10
-65592.4545999952
 20
6776.91393488536
 10
-65927.10806534174
 20
6950.091252617134
1001
REVIT
1002
{
1070
     1
1000
22989079
1002
}
1002
{
1070
     2
1000
-2000051
1002
}
1002
{
1070
     3
1000
22985857
1002
}
  0
LWPOLYLINE
  5
71E
330
70
100
AcDbEntity
  8
A-COB-___-___-EXI
100
AcDbPolyline
 90
        5
 70
     0
 43
0.0
 10
-66221.97755229044
 20
7191.135357027575
 10
-65884.98385292052
 20
7041.360379529827
 10
-65922.42759729494
 20
6950.091252617134
 10
-66257.08106264148
 20
7123.268570348908
 10
-66233.67872240745
 20
7172.413484840356
1001
REVIT
1002
{
1070
     1
1000
22989076
1002
}
1002
{
1070
     2
1000
-2000051
1002
}
1002
{
1070
     3
1000
22985857
1002
}
  0
LWPOLYLINE
  5
71F
330
70
100
AcDbEntity
  8
A-COB-___-___-EXI
100
AcDbPolyline
 90
        7
 70
     0
 43
0.0
 10
-76233.49870440565
 20
5471.063349826854
 10
-76184.3537899142
 20
5489.785222014074
 10
-76196.05496003122
 20
5506.166860177891
 10
-76238.17917245246
 20
5489.785222014074
 10
-76233.49870440565
 20
5471.063349826854
 10
-76203.07566210143
 20
5393.835627054578
 10
-72362.75162969818
 20
7010.937337225595
1001
REVIT
1002
{
1070
     1
1000
22989070
1002
}
1002
{
1070
     2
1000
-2000051
1002
}
1002
{
1070
     3
1000
22985857
1002
}
  0
LWPOLYLINE
  5
720
330
70
100
AcDbEntity
  8
A-COB-___-___-EXI
100
AcDbPolyline
 90
        4
 70
     1
 43
0.0
 10
-69402.35559009422
 20
5506.166860177891
 10
-69402.35559009422
 20
5950.811324624334
 10
-69283.00365490071
 20
5950.811324624334
 10
-69283.00365490071
 20
5506.166860177891
1001
REVIT
1002
{
1070
     1
1000
22989067
1002
}
1002
{
1070
     2
1000
-2000051
1002
}
1002
{
1070
     3
1000
22985857
1002
}
  0
LWPOLYLINE
  5
721
330
70
100
AcDbEntity
  8
A-COB-___-___-EXI
100
AcDbPolyline
 90
        3
 70
     0
 43
0.0
 10
-69655.10086462168
 20
5950.811324624334
 10
-69402.35559009422
 20
5950.811324624334
 10
-69402.35559009422
 20
6166.11285477735
1001
REVIT
1002
{
1070
     1
1000
22989056
1002
}
1002
{
1070
     2
1000
-2000051
1002
}
1002
{
1070
     3
1000
22985857
1002
}
  0
LWPOLYLINE
  5
722
330
70
100
AcDbEntity
  8
A-COB-___-___-EXI
100
AcDbPolyline
 90
        4
 70
     0
 43
0.0
 10
-69283.00365490071
 20
6704.366680159889
 10
-69283.00365490071
 20
6524.16866035791
 10
-69402.35559009422
 20
6524.16866035791
 10
-69283.00365490071
 20
6524.168660357908
1001
REVIT
1002
{
1070
     1
1000
22989055
1002
}
1002
{
1070
     2
1000
-2000051
1002
}
1002
{
1070
     3
1000
22985857
1002
}
  0
LWPOLYLINE
  5
723
330
70
100
AcDbEntity
  8
A-COB-___-___-EXI
100
AcDbPolyline
 90
        6
 70
     1
 43
0.0
 10
-71932.14856939215
 20
6872.863529844858
 10
-71932.14856939214
 20
6704.366680159889
 10
-71932.14856939215
 20
6524.16866035791
 10
-72051.50050458566
 20
6524.16866035791
 10
-72051.50050458566
 20
6704.366680159889
 10
-72051.50050458566
 20
6872.863529844858
1001
REVIT
1002
{
1070
     1
1000
22989049
1002
}
1002
{
1070
     2
1000
-2000051
1002
}
1002
{
1070
     3
1000
22985857
1002
}
  0
LWPOLYLINE
  5
724
330
70
100
AcDbEntity
  8
A-COB-___-___-EXI
100
AcDbPolyline
 90
       10
 70
     0
 43
0.0
 10
-72051.50050458566
 20
5506.166860177891
 10
-71932.14856939215
 20
5506.166860177891
 10
-71932.14856939215
 20
5356.391882680139
 10
-72051.50050458566
 20
5356.391882680139
 10
-72051.50050458566
 20
5506.166860177891
 10
-72051.50050458566
 20
5950.811324624334
 10
-72051.50050458566
 20
6166.11285477735
 10
-71932.14856939214
 20
6166.11285477735
 10
-71932.14856939215
 20
5950.811324624334
 10
-71932.14856939215
 20
5506.166860177891
1001
REVIT
1002
{
1070
     1
1000
22989038
1002
}
1002
{
1070
     2
1000
-2000051
1002
}
1002
{
1070
     3
1000
22985857
1002
}
  0
LWPOLYLINE
  5
725
330
70
100
AcDbEntity
  8
A-COB-___-___-EXI
100
AcDbPolyline
 90
        3
 70
     0
 43
0.0
 10
-72463.38169270448
 20
7069.443187810654
 10
-72500.82543707892
 20
7165.392782770151
 10
-72271.48250278548
 20
7244.960739565829
1001
REVIT
1002
{
1070
     1
1000
22989030
1002
}
1002
{
1070
     2
1000
-2000051
1002
}
1002
{
1070
     3
1000
22985857
1002
}
  0
LWPOLYLINE
  5
726
330
70
100
AcDbEntity
  8
A-COB-___-___-EXI
100
AcDbPolyline
 90
        4
 70
     0
 43
0.0
 10
-74206.85604013923
 20
6423.538597351606
 10
-74560.23137767298
 20
6304.186662158088
 10
-74525.12786732195
 20
6208.237067198593
 10
-74178.7732318584
 20
6350.991342626134
1001
REVIT
1002
{
1070
     1
1000
22989028
1002
}
1002
{
1070
     2
1000
-2000051
1002
}
1002
{
1070
     3
1000
22985857
1002
}
  0
LWPOLYLINE
  5
727
330
70
100
AcDbEntity
  8
A-COB-___-___-EXI
100
AcDbPolyline
 90
        4
 70
     0
 43
0.0
 10
-75919.90734526975
 20
5705.086752167089
 10
-76275.62291682689
 20
5585.73481697357
 10
-76238.17917245246
 20
5489.785222014074
 10
-75891.82453698891
 20
5632.539497441617
1001
REVIT
1002
{
1070
     1
1000
22989025
1002
}
1002
{
1070
     2
1000
-2000051
1002
}
1002
{
1070
     3
1000
22985857
1002
}
  0
LWPOLYLINE
  5
728
330
70
100
AcDbEntity
  8
A-COB-___-___-EXI
100
AcDbPolyline
 90
        4
 70
     0
 43
0.0
 10
-75580.57341187639
 20
5847.841027594633
 10
-75933.94874941015
 20
5728.489092401112
 10
-75896.50500503571
 20
5632.539497441617
 10
-75550.15036957217
 20
5775.29377286916
1001
REVIT
1002
{
1070
     1
1000
22989022
1002
}
1002
{
1070
     2
1000
-2000051
1002
}
1002
{
1070
     3
1000
22985857
1002
}
  0
LWPOLYLINE
  5
729
330
70
100
AcDbEntity
  8
A-COB-___-___-EXI
100
AcDbPolyline
 90
        4
 70
     0
 43
0.0
 10
-75238.89924445967
 20
5992.935537045576
 10
-75585.25387992321
 20
5871.243367828655
 10
-75554.83083761898
 20
5775.29377286916
 10
-75208.47620215543
 20
5920.388282320105
1001
REVIT
1002
{
1070
     1
1000
22989019
1002
}
1002
{
1070
     2
1000
-2000051
1002
}
1002
{
1070
     3
1000
22985857
1002
}
  0
LWPOLYLINE
  5
72A
330
70
100
AcDbEntity
  8
A-COB-___-___-EXI
100
AcDbPolyline
 90
        5
 70
     0
 43
0.0
 10
-74897.22507704292
 20
6135.68981247312
 10
-75243.57971250647
 20
6016.337877279601
 10
-75213.15667020224
 20
5920.388282320105
 10
-74866.80203473869
 20
6063.142557747648
 10
-74518.10716525174
 20
6208.237067198593
1001
REVIT
1002
{
1070
     1
1000
22989016
1002
}
1002
{
1070
     2
1000
-2000051
1002
}
1002
{
1070
     3
1000
22985857
1002
}
  0
LWPOLYLINE
  5
72B
330
70
100
AcDbEntity
  8
A-COB-___-___-EXI
100
AcDbPolyline
 90
        3
 70
     0
 43
0.0
 10
-74555.55090962617
 20
6280.784321924066
 10
-74901.90554508973
 20
6159.092152707144
 10
-74866.80203473869
 20
6063.142557747648
1001
REVIT
1002
{
1070
     1
1000
22989012
1002
}
1002
{
1070
     2
1000
-2000051
1002
}
1002
{
1070
     3
1000
22985857
1002
}
  0
LWPOLYLINE
  5
72C
330
70
100
AcDbEntity
  8
A-COB-___-___-EXI
100
AcDbPolyline
 90
        4
 70
     0
 43
0.0
 10
-73865.18187272248
 20
6566.29287277915
 10
-74213.87674220944
 20
6446.94093758563
 10
-74183.45369990521
 20
6350.991342626134
 10
-73837.09906444166
 20
6496.085852077081
1001
REVIT
1002
{
1070
     1
1000
22989010
1002
}
1002
{
1070
     2
1000
-2000051
1002
}
1002
{
1070
     3
1000
22985857
1002
}
  0
LWPOLYLINE
  5
72D
330
70
100
AcDbEntity
  8
A-COB-___-___-EXI
100
AcDbPolyline
 90
        6
 70
     0
 43
0.0
 10
-73523.50770530574
 20
6711.387382230094
 10
-73872.2025747927
 20
6592.035447036575
 10
-73841.77953248847
 20
6496.085852077081
 10
-73495.42489702492
 20
6638.840127504622
 10
-73153.75072960818
 20
6783.934636955567
 10
-72805.05586012123
 20
6926.68891238311
1001
REVIT
1002
{
1070
     1
1000
22989007
1002
}
1002
{
1070
     2
1000
-2000051
1002
}
1002
{
1070
     3
1000
22985857
1002
}
  0
LWPOLYLINE
  5
72E
330
70
100
AcDbEntity
  8
A-COB-___-___-EXI
100
AcDbPolyline
 90
        3
 70
     0
 43
0.0
 10
-73184.17377191241
 20
6854.141657657638
 10
-73530.52840737595
 20
6734.789722464118
 10
-73495.42489702492
 20
6638.840127504622
1001
REVIT
1002
{
1070
     1
1000
22989003
1002
}
1002
{
1070
     2
1000
-2000051
1002
}
1002
{
1070
     3
1000
22985857
1002
}
  0
LWPOLYLINE
  5
72F
330
70
100
AcDbEntity
  8
A-COB-___-___-EXI
100
AcDbPolyline
 90
        3
 70
     0
 43
0.0
 10
-72835.47890242545
 20
6999.236167108583
 10
-73188.85423995921
 20
6879.884231915065
 10
-73153.75072960818
 20
6783.934636955567
1001
REVIT
1002
{
1070
     1
1000
22989000
1002
}
1002
{
1070
     2
1000
-2000051
1002
}
1002
{
1070
     3
1000
22985857
1002
}
  0
LWPOLYLINE
  5
730
330
70
100
AcDbEntity
  8
A-COB-___-___-EXI
100
AcDbPolyline
 90
        4
 70
     1
 43
0.0
 10
-72308.92624715994
 20
7003.916635155388
 10
-72308.92624715994
 20
7099.866230114884
 10
-72362.75162969818
 20
7099.866230114884
 10
-72362.75162969818
 20
7003.916635155388
1001
REVIT
1002
{
1070
     1
1000
22988996
1002
}
1002
{
1070
     2
1000
-2000051
1002
}
1002
{
1070
     3
1000
22985857
1002
}
  0
LWPOLYLINE
  5
731
330
70
100
AcDbEntity
  8
A-COB-___-___-EXI
100
AcDbPolyline
 90
        4
 70
     1
 43
0.0
 10
-71782.3735918944
 20
7003.916635155388
 10
-71782.3735918944
 20
7099.866230114884
 10
-71829.17827236245
 20
7099.866230114884
 10
-71829.17827236245
 20
7003.916635155388
1001
REVIT
1002
{
1070
     1
1000
22988992
1002
}
1002
{
1070
     2
1000
-2000051
1002
}
1002
{
1070
     3
1000
22985857
1002
}
  0
LWPOLYLINE
  5
732
330
70
100
AcDbEntity
  8
A-COB-___-___-EXI
100
AcDbPolyline
 90
        4
 70
     1
 43
0.0
 10
-71248.80023455867
 20
7003.916635155388
 10
-71248.80023455867
 20
7099.866230114884
 10
-71295.60491502672
 20
7099.866230114884
 10
-71295.60491502672
 20
7003.916635155388
1001
REVIT
1002
{
1070
     1
1000
22988988
1002
}
1002
{
1070
     2
1000
-2000051
1002
}
1002
{
1070
     3
1000
22985857
1002
}
  0
LWPOLYLINE
  5
733
330
70
100
AcDbEntity
  8
A-COB-___-___-EXI
100
AcDbPolyline
 90
        4
 70
     1
 43
0.0
 10
-70715.22687722293
 20
7003.916635155388
 10
-70715.22687722293
 20
7099.866230114884
 10
-70769.05225976118
 20
7099.866230114884
 10
-70769.05225976118
 20
7003.916635155388
1001
REVIT
1002
{
1070
     1
1000
22988984
1002
}
1002
{
1070
     2
1000
-2000051
1002
}
1002
{
1070
     3
1000
22985857
1002
}
  0
LWPOLYLINE
  5
734
330
70
100
AcDbEntity
  8
A-COB-___-___-EXI
100
AcDbPolyline
 90
        4
 70
     1
 43
0.0
 10
-70188.6742219574
 20
7003.916635155388
 10
-70188.6742219574
 20
7099.866230114884
 10
-70235.47890242546
 20
7099.866230114884
 10
-70235.47890242546
 20
7003.916635155388
1001
REVIT
1002
{
1070
     1
1000
22988980
1002
}
1002
{
1070
     2
1000
-2000051
1002
}
1002
{
1070
     3
1000
22985857
1002
}
  0
LWPOLYLINE
  5
735
330
70
100
AcDbEntity
  8
A-COB-___-___-EXI
100
AcDbPolyline
 90
        4
 70
     1
 43
0.0
 10
-69655.10086462168
 20
7003.916635155388
 10
-69655.10086462168
 20
7099.866230114884
 10
-69701.90554508971
 20
7099.866230114884
 10
-69701.90554508971
 20
7003.916635155388
1001
REVIT
1002
{
1070
     1
1000
22988976
1002
}
1002
{
1070
     2
1000
-2000051
1002
}
1002
{
1070
     3
1000
22985857
1002
}
  0
LWPOLYLINE
  5
736
330
70
100
AcDbEntity
  8
A-COB-___-___-EXI
100
AcDbPolyline
 90
        4
 70
     1
 43
0.0
 10
-69121.52750728593
 20
7003.916635155388
 10
-69121.52750728593
 20
7099.866230114884
 10
-69175.35288982419
 20
7099.866230114884
 10
-69175.35288982419
 20
7003.916635155388
1001
REVIT
1002
{
1070
     1
1000
22988972
1002
}
1002
{
1070
     2
1000
-2000051
1002
}
1002
{
1070
     3
1000
22985857
1002
}
  0
LWPOLYLINE
  5
737
330
70
100
AcDbEntity
  8
A-COB-___-___-EXI
100
AcDbPolyline
 90
        4
 70
     1
 43
0.0
 10
-68594.97485202042
 20
7003.916635155388
 10
-68594.97485202042
 20
7099.866230114884
 10
-68641.77953248846
 20
7099.866230114884
 10
-68641.77953248846
 20
7003.916635155388
1001
REVIT
1002
{
1070
     1
1000
22988968
1002
}
1002
{
1070
     2
1000
-2000051
1002
}
1002
{
1070
     3
1000
22985857
1002
}
  0
LWPOLYLINE
  5
738
330
70
100
AcDbEntity
  8
A-COB-___-___-EXI
100
AcDbPolyline
 90
        4
 70
     1
 43
0.0
 10
-68061.40149468467
 20
7003.916635155388
 10
-68061.40149468467
 20
7099.866230114884
 10
-68108.20617515272
 20
7099.866230114884
 10
-68108.20617515272
 20
7003.916635155388
1001
REVIT
1002
{
1070
     1
1000
22988964
1002
}
1002
{
1070
     2
1000
-2000051
1002
}
1002
{
1070
     3
1000
22985857
1002
}
  0
LWPOLYLINE
  5
739
330
70
100
AcDbEntity
  8
A-COB-___-___-EXI
100
AcDbPolyline
 90
        4
 70
     1
 43
0.0
 10
-67527.82813734894
 20
7003.916635155388
 10
-67527.82813734894
 20
7099.866230114884
 10
-67581.6535198872
 20
7099.866230114884
 10
-67581.6535198872
 20
7003.916635155388
1001
REVIT
1002
{
1070
     1
1000
22988960
1002
}
1002
{
1070
     2
1000
-2000051
1002
}
1002
{
1070
     3
1000
22985857
1002
}
  0
LWPOLYLINE
  5
73A
330
70
100
AcDbEntity
  8
A-COB-___-___-EXI
100
AcDbPolyline
 90
        4
 70
     1
 43
0.0
 10
-67001.27548208342
 20
7003.916635155388
 10
-67001.27548208342
 20
7099.866230114884
 10
-67048.08016255147
 20
7099.866230114884
 10
-67048.08016255147
 20
7003.916635155388
1001
REVIT
1002
{
1070
     1
1000
22988956
1002
}
1002
{
1070
     2
1000
-2000051
1002
}
1002
{
1070
     3
1000
22985857
1002
}
  0
LWPOLYLINE
  5
73B
330
70
100
AcDbEntity
  8
A-COB-___-___-EXI
100
AcDbPolyline
 90
        4
 70
     1
 43
0.0
 10
-66467.70212474769
 20
7003.916635155388
 10
-66467.70212474769
 20
7099.866230114884
 10
-66521.52750728594
 20
7099.866230114884
 10
-66521.52750728594
 20
7003.916635155388
1001
REVIT
1002
{
1070
     1
1000
22988952
1002
}
1002
{
1070
     2
1000
-2000051
1002
}
1002
{
1070
     3
1000
22985857
1002
}
  0
LWPOLYLINE
  5
73C
330
70
100
AcDbEntity
  8
A-ALV-___-___-EXI
100
AcDbPolyline
 90
        6
 70
     1
 43
0.0
 10
-63196.05496003121
 20
2756.391882680139
 10
-63196.05496003121
 20
5356.391882680139
 10
-63514.32678721394
 20
5356.391882680139
 10
-63514.32678721394
 20
2756.391882680139
 10
-63514.32678721394
 20
5356.391882680139
 10
-63196.05496003121
 20
5356.391882680139
1001
REVIT
1002
{
1070
     1
1000
22988946
1002
}
1002
{
1070
     2
1000
-2000051
1002
}
1002
{
1070
     3
1000
22985857
1002
}
  0
LWPOLYLINE
  5
73D
330
70
100
AcDbEntity
  8
A-COB-___-___-EXI
100
AcDbPolyline
 90
        2
 70
     1
 43
0.0
 10
-66633.85874040925
 20
6524.16866035791
 10
-66755.55090962618
 20
6524.16866035791
1001
REVIT
1002
{
1070
     1
1000
22988943
1002
}
1002
{
1070
     2
1000
-2000051
1002
}
1002
{
1070
     3
1000
22985857
1002
}
  0
LWPOLYLINE
  5
73F
330
70
100
AcDbEntity
  8
A-POR-___-___-EXI
100
AcDbPolyline
 90
        4
 70
     0
 43
0.0
 10
-68204.15577011222
 20
2756.391882680139
 10
-68204.15577011222
 20
4560.712314723344
 10
-67401.45550008523
 20
4560.712314723344
 10
-67401.45550008523
 20
2756.391882680139
1001
REVIT
1002
{
1070
     1
1000
22988926
1002
}
1002
{
1070
     2
1000
-2000051
1002
}
1002
{
1070
     3
1000
22985857
1002
}
  0
LWPOLYLINE
  5
740
330
70
100
AcDbEntity
  8
A-POR-___-___-EXI
100
AcDbPolyline
 90
        4
 70
     0
 43
0.0
 10
-68253.30068460367
 20
2756.391882680139
 10
-68253.30068460367
 20
4607.516995191391
 10
-67354.65081961717
 20
4607.516995191391
 10
-67354.65081961717
 20
2756.391882680139
1001
REVIT
1002
{
1070
     1
1000
22988923
1002
}
1002
{
1070
     2
1000
-2000051
1002
}
1002
{
1070
     3
1000
22985857
1002
}
  0
LWPOLYLINE
  5
741
330
70
100
AcDbEntity
  8
A-JAN-___-___-EXI
100
AcDbPolyline
 90
        4
 70
     1
 43
0.0
 10
-71290.9244469799
 20
4811.117355227395
 10
-70492.90464499971
 20
4811.117355227395
 10
-70492.90464499971
 20
3708.867130204892
 10
-71290.9244469799
 20
3708.867130204892
1001
REVIT
1002
{
1070
     1
1000
22988920
1002
}
1002
{
1070
     2
1000
-2000051
1002
}
1002
{
1070
     3
1000
22985857
1002
}
  0
LWPOLYLINE
  5
742
330
70
100
AcDbEntity
  8
A-JAN-___-___-EXI
100
AcDbPolyline
 90
        4
 70
     1
 43
0.0
 10
-71337.72912744795
 20
4860.262269718845
 10
-70439.07926246145
 20
4860.262269718845
 10
-70439.07926246145
 20
3662.062449736845
 10
-71337.72912744795
 20
3662.062449736845
1001
REVIT
1002
{
1070
     1
1000
22988916
1002
}
1002
{
1070
     2
1000
-2000051
1002
}
1002
{
1070
     3
1000
22985857
1002
}
  0
LWPOLYLINE
  5
743
330
70
100
AcDbEntity
  8
A-COB-___-___-EXI
100
AcDbPolyline
 90
        4
 70
     1
 43
0.0
 10
-65342.04955949116
 20
5356.391882680139
 10
-65342.04955949116
 20
5506.166860177891
 10
-63256.90104463967
 20
5506.166860177891
 10
-63256.90104463967
 20
5356.391882680139
1001
REVIT
1002
{
1070
     1
1000
22988912
1002
}
1002
{
1070
     2
1000
-2000051
1002
}
1002
{
1070
     3
1000
22985857
1002
}
  0
LWPOLYLINE
  5
745
330
70
100
AcDbEntity
  8
A-ALV-___-___-EXI
100
AcDbPolyline
 90
       19
 70
     0
 43
0.0
 10
-76046.27998253347
 20
5459.362179709843
 10
-76046.27998253347
 20
5356.391882680139
 10
-76046.27998253347
 20
2756.39188268014
 10
-76046.27998253347
 20
5356.391882680139
 10
-75746.73002753796
 20
5356.391882680139
 10
-75746.73002753796
 20
2756.391882680139
 10
-75746.73002753796
 20
5356.391882680139
 10
-76046.27998253347
 20
5356.391882680139
 10
-73549.25027956317
 20
5356.391882680139
 10
-66245.37989252446
 20
5356.391882680139
 10
-66551.95054959016
 20
5356.391882680139
 10
-66551.95054959016
 20
2756.391882680139
 10
-66551.95054959016
 20
5356.391882680139
 10
-66245.37989252446
 20
5356.391882680139
 10
-66245.37989252446
 20
2756.391882680139
 10
-66245.37989252446
 20
5356.391882680139
 10
-66245.37989252446
 20
5506.166860177891
 10
-73549.25027956317
 20
5506.166860177891
 10
-75933.94874941015
 20
5506.166860177891
1001
REVIT
1002
{
1070
     1
1000
22988899
1002
}
1002
{
1070
     2
1000
-2000051
1002
}
1002
{
1070
     3
1000
22985857
1002
}
  0
LWPOLYLINE
  5
746
330
70
100
AcDbEntity
  8
A-COB-___-___-EXI
100
AcDbPolyline
 90
        3
 70
     0
 43
0.0
 10
-75004.87584211942
 20
6100.586302122084
 10
-75004.87584211942
 20
6159.092152707144
 10
-74897.22507704292
 20
6154.411684660337
1001
REVIT
1002
{
1070
     1
1000
22988530
1002
}
1002
{
1070
     2
1000
-2000051
1002
}
1002
{
1070
     3
1000
22985857
1002
}
  0
LWPOLYLINE
  5
747
330
70
100
AcDbEntity
  8
A-COB-___-___-EXI
100
AcDbPolyline
 90
        3
 70
     0
 43
0.0
 10
-75376.9730518404
 20
6063.142557747648
 10
-75376.9730518404
 20
6159.092152707144
 10
-75004.87584211942
 20
6142.710514543326
1001
REVIT
1002
{
1070
     1
1000
22988528
1002
}
1002
{
1070
     2
1000
-2000051
1002
}
1002
{
1070
     3
1000
22985857
1002
}
  0
LWPOLYLINE
  5
748
330
70
100
AcDbEntity
  8
A-COB-___-___-EXI
100
AcDbPolyline
 90
        3
 70
     0
 43
0.0
 10
-76130.52840737595
 20
6063.142557747648
 10
-76130.52840737595
 20
6159.092152707144
 10
-75753.75072960818
 20
6142.710514543326
1001
REVIT
1002
{
1070
     1
1000
22988526
1002
}
1002
{
1070
     2
1000
-2000051
1002
}
1002
{
1070
     3
1000
22985857
1002
}
  0
LWPOLYLINE
  5
749
330
70
100
AcDbEntity
  8
A-COB-___-___-EXI
100
AcDbPolyline
 90
        3
 70
     0
 43
0.0
 10
-75753.75072960818
 20
6063.142557747648
 10
-75753.75072960818
 20
6159.092152707144
 10
-75376.9730518404
 20
6142.710514543326
1001
REVIT
1002
{
1070
     1
1000
22988524
1002
}
1002
{
1070
     2
1000
-2000051
1002
}
1002
{
1070
     3
1000
22985857
1002
}
  0
LWPOLYLINE
  5
74A
330
70
100
AcDbEntity
  8
A-COB-___-___-EXI
100
AcDbPolyline
 90
        4
 70
     1
 43
0.0
 10
-63327.10806534175
 20
5585.73481697357
 10
-63334.12876741195
 20
5567.01294478635
 10
-63292.0045549907
 20
5548.291072599131
 10
-63280.3033848737
 20
5567.01294478635
1001
REVIT
1002
{
1070
     1
1000
22988458
1002
}
1002
{
1070
     2
1000
-2000051
1002
}
1002
{
1070
     3
1000
22985857
1002
}
  0
LWPOLYLINE
  5
74B
330
70
100
AcDbEntity
  8
A-COB-___-___-EXI
100
AcDbPolyline
 90
        4
 70
     1
 43
0.0
 10
-63652.40059459468
 20
5758.912134705341
 10
-63664.10176471167
 20
5740.190262518123
 10
-63614.95685022023
 20
5716.787922284099
 10
-63610.27638217342
 20
5735.509794471319
1001
REVIT
1002
{
1070
     1
1000
22988454
1002
}
1002
{
1070
     2
1000
-2000051
1002
}
1002
{
1070
     3
1000
22985857
1002
}
  0
LWPOLYLINE
  5
74C
330
70
100
AcDbEntity
  8
A-COB-___-___-EXI
100
AcDbPolyline
 90
        4
 70
     1
 43
0.0
 10
-63975.35288982419
 20
5925.06875036691
 10
-63987.0540599412
 20
5908.687112203091
 10
-63944.92984751996
 20
5889.965240015874
 10
-63933.22867740296
 20
5908.687112203091
1001
REVIT
1002
{
1070
     1
1000
22988450
1002
}
1002
{
1070
     2
1000
-2000051
1002
}
1002
{
1070
     3
1000
22985857
1002
}
  0
LWPOLYLINE
  5
74D
330
70
100
AcDbEntity
  8
A-COB-___-___-EXI
100
AcDbPolyline
 90
        4
 70
     1
 43
0.0
 10
-64305.32588712392
 20
6100.586302122084
 10
-64310.00635517073
 20
6081.864429934866
 10
-64267.88214274949
 20
6058.462089700842
 10
-64256.18097263247
 20
6074.843727864656
1001
REVIT
1002
{
1070
     1
1000
22988446
1002
}
1002
{
1070
     2
1000
-2000051
1002
}
1002
{
1070
     3
1000
22985857
1002
}
  0
LWPOLYLINE
  5
74E
330
70
100
AcDbEntity
  8
A-COB-___-___-EXI
100
AcDbPolyline
 90
        4
 70
     1
 43
0.0
 10
-64628.27818235345
 20
6266.74291778365
 10
-64639.97935247046
 20
6250.361279619835
 10
-64593.17467200241
 20
6231.639407432613
 10
-64586.15396993221
 20
6243.340577549629
1001
REVIT
1002
{
1070
     1
1000
22988442
1002
}
1002
{
1070
     2
1000
-2000051
1002
}
1002
{
1070
     3
1000
22985857
1002
}
  0
LWPOLYLINE
  5
74F
330
70
100
AcDbEntity
  8
A-COB-___-___-EXI
100
AcDbPolyline
 90
        4
 70
     1
 43
0.0
 10
-64958.25117965318
 20
6442.260469538827
 10
-64962.93164769997
 20
6423.538597351606
 10
-64920.80743527874
 20
6400.136257117586
 10
-64909.10626516172
 20
6416.5178952814
1001
REVIT
1002
{
1070
     1
1000
22988438
1002
}
1002
{
1070
     2
1000
-2000051
1002
}
1002
{
1070
     3
1000
22985857
1002
}
  0
LWPOLYLINE
  5
750
330
70
100
AcDbEntity
  8
A-COB-___-___-EXI
100
AcDbPolyline
 90
        4
 70
     1
 43
0.0
 10
-65281.2034748827
 20
6608.417085200392
 10
-65285.8839429295
 20
6592.035447036575
 10
-65246.09996453166
 20
6573.313574849357
 10
-65232.05856039125
 20
6585.014744966368
1001
REVIT
1002
{
1070
     1
1000
22988434
1002
}
1002
{
1070
     2
1000
-2000051
1002
}
1002
{
1070
     3
1000
22985857
1002
}
  0
LWPOLYLINE
  5
751
330
70
100
AcDbEntity
  8
A-COB-___-___-EXI
100
AcDbPolyline
 90
        4
 70
     1
 43
0.0
 10
-65604.15577011222
 20
6783.934636955567
 10
-65615.85694022923
 20
6765.212764768349
 10
-65569.05225976119
 20
6741.810424534325
 10
-65562.03155769098
 20
6758.192062698142
1001
REVIT
1002
{
1070
     1
1000
22988430
1002
}
1002
{
1070
     2
1000
-2000051
1002
}
1002
{
1070
     3
1000
22985857
1002
}
  0
LWPOLYLINE
  5
752
330
70
100
AcDbEntity
  8
A-COB-___-___-EXI
100
AcDbPolyline
 90
        4
 70
     1
 43
0.0
 10
-65934.12876741195
 20
6950.091252617134
 10
-65941.14946948216
 20
6933.709614453317
 10
-65899.02525706091
 20
6907.967040195891
 10
-65884.98385292052
 20
6926.68891238311
1001
REVIT
1002
{
1070
     1
1000
22988426
1002
}
1002
{
1070
     2
1000
-2000051
1002
}
1002
{
1070
     3
1000
22985857
1002
}
  0
LWPOLYLINE
  5
753
330
70
100
AcDbEntity
  8
A-COB-___-___-EXI
100
AcDbPolyline
 90
        5
 70
     0
 43
0.0
 10
-72051.50050458566
 20
6704.366680159889
 10
-71932.14856939215
 20
6704.366680159889
 10
-71932.14856939214
 20
6166.11285477735
 10
-71932.14856939215
 20
5950.811324624334
 10
-71829.17827236245
 20
5950.811324624334
1001
REVIT
1002
{
1070
     1
1000
22988339
1002
}
1002
{
1070
     2
1000
-2000051
1002
}
1002
{
1070
     3
1000
22985857
1002
}
  0
LWPOLYLINE
  5
754
330
70
100
AcDbEntity
  8
A-COB-___-___-EXI
100
AcDbPolyline
 90
        3
 70
     0
 43
0.0
 10
-72308.92624715994
 20
5950.811324624334
 10
-72051.50050458566
 20
5950.811324624334
 10
-71932.14856939214
 20
5950.811324624334
1001
REVIT
1002
{
1070
     1
1000
22988338
1002
}
1002
{
1070
     2
1000
-2000051
1002
}
1002
{
1070
     3
1000
22985857
1002
}
  0
LWPOLYLINE
  5
755
330
70
100
AcDbEntity
  8
A-COB-___-___-EXI
100
AcDbPolyline
 90
        4
 70
     1
 43
0.0
 10
-75854.38079261447
 20
5651.261369628835
 10
-75849.70032456768
 20
5632.539497441617
 10
-75891.82453698891
 20
5613.817625254397
 10
-75903.52570710591
 20
5632.539497441617
1001
REVIT
1002
{
1070
     1
1000
22988146
1002
}
1002
{
1070
     2
1000
-2000051
1002
}
1002
{
1070
     3
1000
22985857
1002
}
  0
LWPOLYLINE
  5
756
330
70
100
AcDbEntity
  8
A-COB-___-___-EXI
100
AcDbPolyline
 90
        4
 70
     1
 43
0.0
 10
-75512.70662519773
 20
5794.015645056378
 10
-75508.02615715094
 20
5775.29377286916
 10
-75554.83083761898
 20
5751.891432635135
 10
-75561.85153968919
 20
5770.613304822354
1001
REVIT
1002
{
1070
     1
1000
22988142
1002
}
1002
{
1070
     2
1000
-2000051
1002
}
1002
{
1070
     3
1000
22985857
1002
}
  0
LWPOLYLINE
  5
757
330
70
100
AcDbEntity
  8
A-COB-___-___-EXI
100
AcDbPolyline
 90
        4
 70
     1
 43
0.0
 10
-75178.0531598512
 20
5932.089452437116
 10
-75171.03245778099
 20
5913.367580249897
 10
-75213.15667020224
 20
5896.985942086081
 10
-75227.19807434265
 20
5913.367580249897
1001
REVIT
1002
{
1070
     1
1000
22988138
1002
}
1002
{
1070
     2
1000
-2000051
1002
}
1002
{
1070
     3
1000
22985857
1002
}
  0
LWPOLYLINE
  5
758
330
70
100
AcDbEntity
  8
A-COB-___-___-EXI
100
AcDbPolyline
 90
        4
 70
     1
 43
0.0
 10
-74836.37899243444
 20
6074.843727864656
 10
-74831.69852438764
 20
6058.462089700842
 10
-74878.5032048557
 20
6039.740217513624
 10
-74885.52390692591
 20
6058.462089700842
1001
REVIT
1002
{
1070
     1
1000
22988134
1002
}
1002
{
1070
     2
1000
-2000051
1002
}
1002
{
1070
     3
1000
22985857
1002
}
  0
LWPOLYLINE
  5
759
330
70
100
AcDbEntity
  8
A-COB-___-___-EXI
100
AcDbPolyline
 90
        4
 70
     1
 43
0.0
 10
-74501.72552708792
 20
6219.938237315603
 10
-74490.02435697091
 20
6201.216365128385
 10
-74536.82903743896
 20
6184.834726964568
 10
-74543.84973950917
 20
6201.216365128385
1001
REVIT
1002
{
1070
     1
1000
22988130
1002
}
1002
{
1070
     2
1000
-2000051
1002
}
1002
{
1070
     3
1000
22985857
1002
}
  0
LWPOLYLINE
  5
75A
330
70
100
AcDbEntity
  8
A-COB-___-___-EXI
100
AcDbPolyline
 90
        4
 70
     1
 43
0.0
 10
-74160.05135967118
 20
6362.692512743148
 10
-74153.03065760097
 20
6346.31087457933
 10
-74202.17557209243
 20
6320.568300321905
 10
-74206.85604013923
 20
6339.290172509123
1001
REVIT
1002
{
1070
     1
1000
22988126
1002
}
1002
{
1070
     2
1000
-2000051
1002
}
1002
{
1070
     3
1000
22985857
1002
}
  0
LWPOLYLINE
  5
75B
330
70
100
AcDbEntity
  8
A-COB-___-___-EXI
100
AcDbPolyline
 90
        4
 70
     1
 43
0.0
 10
-73823.05766030125
 20
6500.766320123884
 10
-73811.35649018423
 20
6484.384681960069
 10
-73860.50140467569
 20
6465.66280977285
 10
-73865.18187272248
 20
6484.384681960069
1001
REVIT
1002
{
1070
     1
1000
22988122
1002
}
1002
{
1070
     2
1000
-2000051
1002
}
1002
{
1070
     3
1000
22985857
1002
}
  0
LWPOLYLINE
  5
75C
330
70
100
AcDbEntity
  8
A-COB-___-___-EXI
100
AcDbPolyline
 90
        4
 70
     1
 43
0.0
 10
-73483.7237269079
 20
6645.860829574829
 10
-73476.7030248377
 20
6627.138957387611
 10
-73518.82723725894
 20
6608.417085200392
 10
-73530.52840737595
 20
6627.138957387611
1001
REVIT
1002
{
1070
     1
1000
22988118
1002
}
1002
{
1070
     2
1000
-2000051
1002
}
1002
{
1070
     3
1000
22985857
1002
}
  0
LWPOLYLINE
  5
75D
330
70
100
AcDbEntity
  8
A-COB-___-___-EXI
100
AcDbPolyline
 90
        4
 70
     1
 43
0.0
 10
-73142.04955949116
 20
6788.615105002371
 10
-73135.02885742096
 20
6769.893232815154
 10
-73184.17377191241
 20
6753.511594651339
 10
-73188.85423995921
 20
6769.893232815154
1001
REVIT
1002
{
1070
     1
1000
22988114
1002
}
1002
{
1070
     2
1000
-2000051
1002
}
1002
{
1070
     3
1000
22985857
1002
}
  0
LWPOLYLINE
  5
75E
330
70
100
AcDbEntity
  8
A-COB-___-___-EXI
100
AcDbPolyline
 90
        4
 70
     1
 43
0.0
 10
-72805.05586012123
 20
6933.709614453317
 10
-72800.37539207442
 20
6914.987742266101
 10
-72842.49960449566
 20
6891.585402032077
 10
-72854.20077461267
 20
6907.967040195891
1001
REVIT
1002
{
1070
     1
1000
22988110
1002
}
1002
{
1070
     2
1000
-2000051
1002
}
1002
{
1070
     3
1000
22985857
1002
}
  0
LWPOLYLINE
  5
75F
330
70
100
AcDbEntity
  8
A-COB-___-___-EXI
100
AcDbPolyline
 90
        3
 70
     0
 43
0.0
 10
-66226.65802033724
 20
7106.886932185091
 10
-72362.75162969818
 20
7106.886932185091
 10
-72362.75162969818
 20
7099.866230114884
1001
REVIT
1002
{
1070
     1
1000
22988014
1002
}
1002
{
1070
     2
1000
-2000051
1002
}
1002
{
1070
     3
1000
22985857
1002
}
  0
LWPOLYLINE
  5
760
330
70
100
AcDbEntity
  8
A-COB-___-___-EXI
100
AcDbPolyline
 90
        3
 70
     0
 43
0.0
 10
-67001.27548208342
 20
7069.443187810654
 10
-66521.52750728594
 20
7069.443187810654
 10
-66521.52750728594
 20
6381.414384930365
1001
REVIT
1002
{
1070
     1
1000
22988010
1002
}
1002
{
1070
     2
1000
-2000051
1002
}
1002
{
1070
     3
1000
22985857
1002
}
  0
LWPOLYLINE
  5
761
330
70
100
AcDbEntity
  8
A-COB-___-___-EXI
100
AcDbPolyline
 90
        4
 70
     0
 43
0.0
 10
-68594.97485202042
 20
7003.916635155388
 10
-68594.97485202042
 20
6381.414384930365
 10
-68594.97485202042
 20
6404.816725164389
 10
-68108.20617515272
 20
6404.816725164389
1001
REVIT
1002
{
1070
     1
1000
22987896
1002
}
1002
{
1070
     2
1000
-2000051
1002
}
1002
{
1070
     3
1000
22985857
1002
}
  0
LWPOLYLINE
  5
762
330
70
100
AcDbEntity
  8
A-COB-___-___-EXI
100
AcDbPolyline
 90
        4
 70
     0
 43
0.0
 10
-68108.20617515272
 20
6112.287472239096
 10
-68594.97485202042
 20
6112.287472239096
 10
-68594.97485202042
 20
6238.660109502823
 10
-68108.20617515272
 20
6238.660109502823
1001
REVIT
1002
{
1070
     1
1000
22987893
1002
}
1002
{
1070
     2
1000
-2000051
1002
}
1002
{
1070
     3
1000
22985857
1002
}
  0
LWPOLYLINE
  5
763
330
70
100
AcDbEntity
  8
A-COB-___-___-EXI
100
AcDbPolyline
 90
        4
 70
     0
 43
0.0
 10
-68108.20617515272
 20
6446.94093758563
 10
-68594.97485202042
 20
6446.94093758563
 10
-68594.97485202042
 20
6573.313574849357
 10
-68108.20617515272
 20
6573.313574849357
1001
REVIT
1002
{
1070
     1
1000
22987890
1002
}
1002
{
1070
     2
1000
-2000051
1002
}
1002
{
1070
     3
1000
22985857
1002
}
  0
LWPOLYLINE
  5
764
330
70
100
AcDbEntity
  8
A-COB-___-___-EXI
100
AcDbPolyline
 90
        4
 70
     0
 43
0.0
 10
-68108.20617515272
 20
5950.811324624334
 10
-68594.97485202042
 20
5950.811324624334
 10
-68594.97485202042
 20
6074.843727864656
 10
-68108.20617515272
 20
6074.843727864656
1001
REVIT
1002
{
1070
     1
1000
22987887
1002
}
1002
{
1070
     2
1000
-2000051
1002
}
1002
{
1070
     3
1000
22985857
1002
}
  0
LWPOLYLINE
  5
765
330
70
100
AcDbEntity
  8
A-COB-___-___-EXI
100
AcDbPolyline
 90
        4
 70
     0
 43
0.0
 10
-68108.20617515272
 20
6608.417085200392
 10
-68594.97485202042
 20
6608.417085200392
 10
-68594.97485202042
 20
6734.789722464118
 10
-68108.20617515272
 20
6734.789722464118
1001
REVIT
1002
{
1070
     1
1000
22987884
1002
}
1002
{
1070
     2
1000
-2000051
1002
}
1002
{
1070
     3
1000
22985857
1002
}
  0
LWPOLYLINE
  5
766
330
70
100
AcDbEntity
  8
A-COB-___-___-EXI
100
AcDbPolyline
 90
        4
 70
     0
 43
0.0
 10
-68108.20617515272
 20
5782.314474939366
 10
-68594.97485202042
 20
5782.314474939366
 10
-68594.97485202042
 20
5908.687112203091
 10
-68108.20617515272
 20
5908.687112203091
1001
REVIT
1002
{
1070
     1
1000
22987881
1002
}
1002
{
1070
     2
1000
-2000051
1002
}
1002
{
1070
     3
1000
22985857
1002
}
  0
LWPOLYLINE
  5
767
330
70
100
AcDbEntity
  8
A-COB-___-___-EXI
100
AcDbPolyline
 90
        4
 70
     0
 43
0.0
 10
-68108.20617515272
 20
6776.91393488536
 10
-68594.97485202042
 20
6776.91393488536
 10
-68594.97485202042
 20
6903.286572149088
 10
-68108.20617515272
 20
6903.286572149088
1001
REVIT
1002
{
1070
     1
1000
22987878
1002
}
1002
{
1070
     2
1000
-2000051
1002
}
1002
{
1070
     3
1000
22985857
1002
}
  0
LWPOLYLINE
  5
768
330
70
100
AcDbEntity
  8
A-COB-___-___-EXI
100
AcDbPolyline
 90
        4
 70
     0
 43
0.0
 10
-68108.20617515272
 20
5613.817625254397
 10
-68594.97485202042
 20
5613.817625254397
 10
-68594.97485202042
 20
5740.190262518123
 10
-68108.20617515272
 20
5740.190262518123
1001
REVIT
1002
{
1070
     1
1000
22987875
1002
}
1002
{
1070
     2
1000
-2000051
1002
}
1002
{
1070
     3
1000
22985857
1002
}
  0
LWPOLYLINE
  5
769
330
70
100
AcDbEntity
  8
A-COB-___-___-EXI
100
AcDbPolyline
 90
        4
 70
     0
 43
0.0
 10
-68108.20617515272
 20
6945.410784570329
 10
-68594.97485202042
 20
6945.410784570329
 10
-68594.97485202042
 20
7069.443187810654
 10
-68108.20617515272
 20
7069.443187810654
1001
REVIT
1002
{
1070
     1
1000
22987872
1002
}
1002
{
1070
     2
1000
-2000051
1002
}
1002
{
1070
     3
1000
22985857
1002
}
  0
LWPOLYLINE
  5
76A
330
70
100
AcDbEntity
  8
A-COB-___-___-EXI
100
AcDbPolyline
 90
        4
 70
     0
 43
0.0
 10
-68594.97485202042
 20
6273.763619853857
 10
-68594.97485202042
 20
5506.166860177891
 10
-68594.97485202042
 20
5578.714114903362
 10
-68108.20617515272
 20
5578.714114903362
1001
REVIT
1002
{
1070
     1
1000
22987869
1002
}
1002
{
1070
     2
1000
-2000051
1002
}
1002
{
1070
     3
1000
22985857
1002
}
  0
LWPOLYLINE
  5
76B
330
70
100
AcDbEntity
  8
A-COB-___-___-EXI
100
AcDbPolyline
 90
       12
 70
     1
 43
0.0
 10
-69283.00365490071
 20
6704.366680159889
 10
-69402.35559009422
 20
6704.366680159889
 10
-69402.35559009422
 20
6166.112854777351
 10
-69283.00365490071
 20
6166.11285477735
 10
-69402.35559009422
 20
6166.112854777351
 10
-69402.35559009422
 20
5950.811324624334
 10
-69283.00365490071
 20
5950.811324624334
 10
-69283.00365490071
 20
6166.112854777351
 10
-69283.00365490071
 20
6704.366680159889
 10
-69402.35559009422
 20
6704.366680159889
 10
-69402.35559009422
 20
6872.863529844858
 10
-69283.00365490071
 20
6872.863529844858
1001
REVIT
1002
{
1070
     1
1000
22984499
1002
}
1002
{
1070
     2
1000
-2000051
1002
}
1002
{
1070
     3
1000
-2000042
1002
}
  0
LWPOLYLINE
  5
76C
330
70
100
AcDbEntity
  8
A-COB-___-___-EXI
100
AcDbPolyline
 90
        3
 70
     0
 43
0.0
 10
-69283.00365490071
 20
6166.11285477735
 10
-69283.00365490071
 20
5950.811324624334
 10
-69175.35288982419
 20
5950.811324624334
1001
REVIT
1002
{
1070
     1
1000
22989064
1002
}
1002
{
1070
     2
1000
-2000051
1002
}
1002
{
1070
     3
1000
22985857
1002
}
  0
LWPOLYLINE
  5
76D
330
70
100
AcDbEntity
  8
A-COB-___-___-EXI
100
AcDbPolyline
 90
        4
 70
     0
 43
0.0
 10
-71932.14856939215
 20
6704.366680159889
 10
-72051.50050458566
 20
6704.366680159889
 10
-72051.50050458566
 20
6166.11285477735
 10
-71932.14856939215
 20
6166.11285477735
1001
REVIT
1002
{
1070
     1
1000
22989048
1002
}
1002
{
1070
     2
1000
-2000051
1002
}
1002
{
1070
     3
1000
22985857
1002
}
  0
LWPOLYLINE
  5
76E
330
70
100
AcDbEntity
  8
A-ALV-___-___-EXI
100
AcDbPolyline
 90
        4
 70
     1
 43
0.0
 10
-72128.72822735796
 20
5356.391882680139
 10
-72128.72822735796
 20
4860.262269718845
 10
-71847.90014454967
 20
4860.262269718845
 10
-71847.90014454967
 20
5356.391882680139
1001
REVIT
1002
{
1070
     1
1000
22988929
1002
}
1002
{
1070
     2
1000
-2000051
1002
}
1002
{
1070
     3
1000
22985857
1002
}
  0
LINE
  5
782
330
70
100
AcDbEntity
  8
A-POR-___-___-EXI
100
AcDbLine
 10
-72128.72822735796
 20
2756.391882680139
 30
0.0
 11
-72128.72822735796
 21
4811.117355227395
 31
0.0
1001
REVIT
1002
{
1070
     1
1000
22988938
1002
}
1002
{
1070
     2
1000
-2000051
1002
}
1002
{
1070
     3
1000
22985857
1002
}
  0
LINE
  5
783
330
70
100
AcDbEntity
  8
A-COB-___-___-EXI
100
AcDbLine
 10
-72128.72822735796
 20
4811.117355227395
 30
0.0
 11
-72128.72822735796
 21
4860.262269718845
 31
0.0
1001
REVIT
1002
{
1070
     1
1000
22988938
1002
}
1002
{
1070
     2
1000
-2000051
1002
}
1002
{
1070
     3
1000
22985857
1002
}
  0
LINE
  5
784
330
70
100
AcDbEntity
  8
A-COB-___-___-EXI
100
AcDbLine
 10
-72128.72822735796
 20
4860.262269718845
 30
0.0
 11
-71847.90014454967
 21
4860.262269718845
 31
0.0
1001
REVIT
1002
{
1070
     1
1000
22988938
1002
}
1002
{
1070
     2
1000
-2000051
1002
}
1002
{
1070
     3
1000
22985857
1002
}
  0
LINE
  5
785
330
70
100
AcDbEntity
  8
A-COB-___-___-EXI
100
AcDbLine
 10
-71847.90014454967
 20
4860.262269718845
 30
0.0
 11
-71847.90014454967
 21
4811.117355227395
 31
0.0
1001
REVIT
1002
{
1070
     1
1000
22988938
1002
}
1002
{
1070
     2
1000
-2000051
1002
}
1002
{
1070
     3
1000
22985857
1002
}
  0
LINE
  5
786
330
70
100
AcDbEntity
  8
A-COB-___-___-EXI
100
AcDbLine
 10
-71847.90014454967
 20
4811.117355227395
 30
0.0
 11
-71847.90014454967
 21
4860.262269718845
 31
0.0
1001
REVIT
1002
{
1070
     1
1000
22988938
1002
}
1002
{
1070
     2
1000
-2000051
1002
}
1002
{
1070
     3
1000
22985857
1002
}
  0
LINE
  5
787
330
70
100
AcDbEntity
  8
A-ALV-___-___-EXI
100
AcDbLine
 10
-71847.90014454967
 20
4860.262269718845
 30
0.0
 11
-71847.90014454967
 21
5356.391882680139
 31
0.0
1001
REVIT
1002
{
1070
     1
1000
22988938
1002
}
1002
{
1070
     2
1000
-2000051
1002
}
1002
{
1070
     3
1000
22985857
1002
}
  0
LINE
  5
788
330
70
100
AcDbEntity
  8
A-ALV-___-___-EXI
100
AcDbLine
 10
-71847.90014454967
 20
5356.391882680139
 30
0.0
 11
-72128.72822735796
 21
5356.391882680139
 31
0.0
1001
REVIT
1002
{
1070
     1
1000
22988938
1002
}
1002
{
1070
     2
1000
-2000051
1002
}
1002
{
1070
     3
1000
22985857
1002
}
  0
LINE
  5
789
330
70
100
AcDbEntity
  8
A-ALV-___-___-EXI
100
AcDbLine
 10
-72128.72822735796
 20
5356.391882680139
 30
0.0
 11
-72128.72822735796
 21
4860.262269718845
 31
0.0
1001
REVIT
1002
{
1070
     1
1000
22988938
1002
}
1002
{
1070
     2
1000
-2000051
1002
}
1002
{
1070
     3
1000
22985857
1002
}
  0
LINE
  5
78A
330
70
100
AcDbEntity
  8
A-COB-___-___-EXI
100
AcDbLine
 10
-72128.72822735796
 20
4860.262269718845
 30
0.0
 11
-72128.72822735796
 21
4811.117355227395
 31
0.0
1001
REVIT
1002
{
1070
     1
1000
22988938
1002
}
1002
{
1070
     2
1000
-2000051
1002
}
1002
{
1070
     3
1000
22985857
1002
}
  0
LINE
  5
78B
330
70
100
AcDbEntity
  8
A-COB-___-___-EXI
100
AcDbLine
 10
-72128.72822735796
 20
4811.117355227395
 30
0.0
 11
-71847.90014454967
 21
4811.117355227395
 31
0.0
1001
REVIT
1002
{
1070
     1
1000
22988938
1002
}
1002
{
1070
     2
1000
-2000051
1002
}
1002
{
1070
     3
1000
22985857
1002
}
  0
LINE
  5
78C
330
70
100
AcDbEntity
  8
A-COB-___-___-EXI
100
AcDbLine
 10
-72128.72822735796
 20
4811.117355227395
 30
0.0
 11
-71847.90014454967
 21
4811.117355227395
 31
0.0
1001
REVIT
1002
{
1070
     1
1000
22988907
1002
}
1002
{
1070
     2
1000
-2000051
1002
}
1002
{
1070
     3
1000
22985857
1002
}
  0
LINE
  5
78D
330
70
100
AcDbEntity
  8
A-POR-___-___-EXI
100
AcDbLine
 10
-71847.90014454967
 20
4811.117355227395
 30
0.0
 11
-71847.90014454967
 21
2756.391882680139
 31
0.0
1001
REVIT
1002
{
1070
     1
1000
22988907
1002
}
1002
{
1070
     2
1000
-2000051
1002
}
1002
{
1070
     3
1000
22985857
1002
}
  0
VIEWPORT
  5
687
330
6C
100
AcDbEntity
 67
     1
  8
A-JAN-___-___-EXI
100
AcDbViewport
 10
167.0605836712849
 20
211.0069541029067
 30
0.0
 40
153.4107755380675
 41
58.31782983905917
 68
     2
 69
     2
 12
-69750.07597013365
 22
5377.947200387557
 13
0.0
 23
0.0
 14
0.0
 24
0.0
 15
0.0
 25
0.0
 16
0.0
 26
0.0
 36
1.0
 17
0.0
 27
0.0
 37
0.0
 42
0.0
 43
0.0
 44
0.0
 45
5831.782983905917
 50
0.0
 51
0.0
 72
  1000
 90
    32768
  1

281
     0
 71
     1
 74
     1
110
0.0
120
0.0
130
0.0
111
1.0
121
0.0
131
0.0
112
0.0
122
1.0
132
0.0
 79
     0
146
0.0
170
     0
 61
     5
292
     1
282
     1
141
0.0
142
0.0
 63
   250
421
  3355443
  0
VIEWPORT
  5
689
330
6C
100
AcDbEntity
 67
     1
  8
0
100
AcDbViewport
 10
12.49429657794677
 20
4.5
 30
0.0
 40
28.99161327290723
 41
11.45366463509923
 68
     1
 69
     1
 12
12.49429657794677
 22
4.5
 13
0.0
 23
0.0
 14
0.0
 24
0.0
 15
0.0
 25
0.0
 16
0.0
 26
0.0
 36
1.0
 17
0.0
 27
0.0
 37
0.0
 42
50.0
 43
0.0
 44
0.0
 45
11.45366463509923
 50
0.0
 51
0.0
 72
   100
 90
    32800
  1

281
     0
 71
     1
 74
     1
110
0.0
120
0.0
130
0.0
111
1.0
121
0.0
131
0.0
112
0.0
122
1.0
132
0.0
 79
     0
146
0.0
170
     0
 61
     5
348
2F
292
     1
282
     1
141
0.0
142
0.0
 63
   250
421
  3355443
  0
INSERT
  5
695
330
6C
100
AcDbEntity
 67
     1
  8
A-POR-___-___-EXI
100
AcDbBlockReference
  2
A4 HORIZONTAL - A4-23007375-Não nomeada
 10
0.0
 20
0.0
 30
0.0
1001
REVIT
1002
{
1070
     1
1000
23005958
1002
}
1002
{
1070
     5
1000
23007375
1002
}
1002
{
1070
     2
1000
-2000280
1002
}
  0
ENDSEC
  0
SECTION
  2
OBJECTS
  0
DICTIONARY
  5
C
330
0
100
AcDbDictionary
281
     1
  3
ACAD_CIP_PREVIOUS_PRODUCT_INFO
350
79
  3
ACAD_COLOR
350
63
  3
ACAD_DETAILVIEWSTYLE
350
6A
  3
ACAD_GROUP
350
D
  3
ACAD_IMAGE_VARS
350
7A
  3
ACAD_LAYOUT
350
62
  3
ACAD_MATERIAL
350
10
  3
ACAD_MLEADERSTYLE
350
66
  3
ACAD_MLINESTYLE
350
5F
  3
ACAD_PLOTSETTINGS
350
61
  3
ACAD_PLOTSTYLENAME
350
E
  3
ACAD_RENDER_ACTIVE_RAPIDRT_SETTINGS
350
6B5
  3
ACAD_RENDER_RAPIDRT_SETTINGS
350
6AE
  3
ACAD_SCALELIST
350
42
  3
ACAD_SECTIONVIEWSTYLE
350
68
  3
ACAD_TABLESTYLE
350
64
  3
ACAD_VISUALSTYLE
350
29
  3
ACDB_RECOMPOSE_DATA
350
7B3
  3
AcDbVariableDictionary
350
69E
  3
REVIT_DICTIONARY
350
696
  0
SUN
  5
69D
330
57
100
AcDbSun
 90
        1
290
     1
 63
     7
421
 16777215
 40
0.3
291
     1
 91
  2460364
 92
 55026000
292
     0
 70
     1
 71
   128
280
     1
  0
DICTIONARY
  5
6BA
330
2
100
AcDbDictionary
280
     1
281
     1
  3
ACAD_LAYERSTATES
360
6BB
  0
DICTIONARY
  5
69B
330
70
100
AcDbDictionary
280
     1
281
     1
  3
ACAD_SORTENTS
360
69C
  0
XRECORD
  5
79
102
{ACAD_REACTORS
330
C
102
}
330
C
100
AcDbXrecord
280
     1
300
ACD
300
2022
300

  0
DICTIONARY
  5
63
102
{ACAD_REACTORS
330
C
102
}
330
C
100
AcDbDictionary
281
     1
  0
DICTIONARY
  5
6A
102
{ACAD_REACTORS
330
C
102
}
330
C
100
AcDbDictionary
281
     1
  3
Imperial24
350
6B
  3
Metric50
350
6A6
  0
DICTIONARY
  5
D
102
{ACAD_REACTORS
330
C
102
}
330
C
100
AcDbDictionary
281
     1
  0
RASTERVARIABLES
  5
7A
102
{ACAD_REACTORS
330
C
102
}
330
C
100
AcDbRasterVariables
 90
        0
 70
     0
 71
     1
 72
     1
  0
DICTIONARY
  5
62
102
{ACAD_REACTORS
330
C
102
}
330
C
100
AcDbDictionary
281
     1
  3
Layout1
350
6F
  3
Model
350
73
  0
DICTIONARY
  5
10
102
{ACAD_REACTORS
330
C
102
}
330
C
100
AcDbDictionary
281
     1
  3
ByBlock
350
19
  3
ByLayer
350
11
  3
Global
350
21
  0
DICTIONARY
  5
66
102
{ACAD_REACTORS
330
C
102
}
330
C
100
AcDbDictionary
281
     1
  3
Standard
350
67
  0
DICTIONARY
  5
5F
102
{ACAD_REACTORS
330
C
102
}
330
C
100
AcDbDictionary
281
     1
  3
Standard
350
60
  0
DICTIONARY
  5
61
102
{ACAD_REACTORS
330
C
102
}
330
C
100
AcDbDictionary
281
     1
  0
ACDBDICTIONARYWDFLT
  5
E
102
{ACAD_REACTORS
330
C
102
}
330
C
100
AcDbDictionary
281
     1
  3
Normal
350
F
100
AcDbDictionaryWithDefault
340
F
  0
RAPIDRTRENDERSETTINGS
  5
6B5
102
{ACAD_REACTORS
330
C
102
}
330
C
100
AcDbRenderSettings
 90
        2
  1
Médio
290
     1
290
     0
290
     1
290
     1
  1

  1
Aplica 5 níveis de renderização
 90
        0
100
AcDbRapidRTRenderSettings
 90
        3
 70
     0
 90
        5
 90
        1
 70
     1
 70
     2
 40
3.0
 40
3.0
290
     1
  0
DICTIONARY
  5
6AE
102
{ACAD_REACTORS
330
C
102
}
330
C
100
AcDbDictionary
281
     1
  3
Alto
350
6B1
  3
Baixo
350
6AF
  3
Médio
350
6B0
  3
Qualidade de curta duração
350
6B2
  3
Qualidade de longa duração
350
6B4
  3
Qualidade de média duração
350
6B3
  0
DICTIONARY
  5
42
102
{ACAD_REACTORS
330
C
102
}
330
C
100
AcDbDictionary
281
     1
  3
A0
350
43
  3
A1
350
44
  3
A2
350
45
  3
A3
350
46
  3
A4
350
47
  3
A5
350
48
  3
A6
350
49
  3
A7
350
4A
  3
A8
350
4B
  3
A9
350
4C
  3
B0
350
4D
  3
B1
350
4E
  3
B2
350
4F
  3
B3
350
50
  3
B4
350
51
  3
B5
350
52
  3
B6
350
53
  0
DICTIONARY
  5
68
102
{ACAD_REACTORS
330
C
102
}
330
C
100
AcDbDictionary
281
     1
  3
Imperial24
350
69
  3
Metric50
350
6A5
  0
DICTIONARY
  5
64
102
{ACAD_REACTORS
330
C
102
}
330
C
100
AcDbDictionary
281
     1
  3
Standard
350
65
  0
DICTIONARY
  5
29
102
{ACAD_REACTORS
330
C
102
}
330
C
100
AcDbDictionary
281
     1
  3
2dWireframe
350
2F
  3
Basic
350
2E
  3
Brighten
350
35
  3
ColorChange
350
39
  3
Conceptual
350
32
  3
Dim
350
34
  3
EdgeColorOff
350
41
  3
Facepattern
350
38
  3
Flat
350
2A
  3
FlatWithEdges
350
2B
  3
Gouraud
350
2C
  3
GouraudWithEdges
350
2D
  3
Hidden
350
31
  3
JitterOff
350
3F
  3
Linepattern
350
37
  3
OverhangOff
350
40
  3
Realistic
350
33
  3
Shaded
350
3E
  3
Shaded with edges
350
3D
  3
Shades of Gray
350
3A
  3
Sketchy
350
3B
  3
Thicken
350
36
  3
Wireframe
350
30
  3
X-Ray
350
3C
  0
XRECORD
  5
7B3
102
{ACAD_REACTORS
330
C
102
}
330
C
100
AcDbXrecord
280
     1
 90
        1
330
65
  0
DICTIONARY
  5
69E
102
{ACAD_REACTORS
330
C
102
}
330
C
100
AcDbDictionary
281
     1
  3
CANNOSCALE
350
6A3
  3
CMLEADERSTYLE
350
6A0
  3
CTABLESTYLE
350
69F
  3
CVIEWDETAILSTYLE
350
6A1
  3
CVIEWSECTIONSTYLE
350
6A2
  0
DICTIONARY
  5
696
102
{ACAD_REACTORS
330
C
102
}
330
C
100
AcDbDictionary
281
     1
  3
DRAWING_TOOL
350
69A
  3
REVIT_CATEGORY_MAPPING
350
698
  3
REVIT_SUB_CATEGORY_MAPPING
350
699
  3
REVIT_TYPE_MAPPING
350
697
  0
DICTIONARY
  5
6BB
102
{ACAD_REACTORS
330
6BA
102
}
330
6BA
100
AcDbDictionary
281
     1
  0
SORTENTSTABLE
  5
69C
102
{ACAD_REACTORS
330
69B
102
}
330
69B
100
AcDbSortentsTable
330
70
331
73F
  5
74A
331
740
  5
74B
331
741
  5
74C
331
742
  5
74D
331
743
  5
74E
331
745
  5
751
331
746
  5
752
331
747
  5
753
331
748
  5
754
331
749
  5
755
331
74A
  5
756
331
74B
  5
757
331
74C
  5
758
331
74D
  5
759
331
74E
  5
75A
331
74F
  5
75B
331
750
  5
75C
331
751
  5
75D
331
752
  5
75E
331
753
  5
75F
331
754
  5
760
331
755
  5
761
331
756
  5
762
331
757
  5
763
331
758
  5
764
331
759
  5
765
331
75A
  5
766
331
75B
  5
767
331
75C
  5
768
331
75D
  5
769
331
75E
  5
76A
331
75F
  5
76B
331
760
  5
76C
331
761
  5
76D
331
762
  5
76E
331
763
  5
782
331
764
  5
783
331
765
  5
784
331
766
  5
785
331
767
  5
786
331
768
  5
787
331
769
  5
788
331
76A
  5
789
331
76B
  5
78A
331
76C
  5
78B
331
76D
  5
78C
331
76E
  5
78D
331
782
  5
73F
331
783
  5
740
331
784
  5
741
331
785
  5
742
331
786
  5
743
331
787
  5
745
331
788
  5
746
331
789
  5
747
331
78A
  5
748
331
78B
  5
749
331
78C
  5
74F
331
78D
  5
750
  0
ACDBDETAILVIEWSTYLE
  5
6B
102
{ACAD_REACTORS
330
6A
102
}
330
6A
100
AcDbModelDocViewStyle
 70
     0
  3
Imperial24
290
     1
300
Imperial24
 90
        0
100
AcDbDetailViewStyle
 70
     0
 71
     0
 90
        3
 71
     1
340
55
 62
   256
 40
0.24
340
0
 62
   256
 40
0.24
300

 40
0.36
280
     3
 71
     2
340
5D
 90
       25
 62
   256
 71
     3
340
55
 62
   256
 40
0.24
 90
        1
 40
0.75
 90
        1
300
%<\AcVar ViewType \f "%tc1">% %<\AcVar ViewDetailId>%\PSCALE %<\AcVar ViewScale \f "%sn">%
 71
     4
340
5D
 90
       25
 62
   256
340
5D
 90
       25
 62
   256
280
     0
  0
ACDBDETAILVIEWSTYLE
  5
6A6
102
{ACAD_REACTORS
330
6A
102
}
330
6A
100
AcDbModelDocViewStyle
 70
     0
  3
Metric50
290
     1
300
Metric50
 90
        0
100
AcDbDetailViewStyle
 70
     0
 71
     0
 90
        3
 71
     1
340
55
 62
   256
 40
5.0
340
0
 62
   256
 40
5.0
300

 40
0.0
280
     1
 71
     2
340
5D
 90
       25
 62
   256
 71
     3
340
55
 62
   256
 40
5.0
 90
        0
 40
15.0
 90
        1
300
%<\AcVar ViewDetailId>% (%<\AcVar ViewScale \f "%sn">%)
 71
     4
340
5D
 90
       25
 62
   256
340
5D
 90
       25
 62
   256
280
     0
  0
LAYOUT
  5
6F
102
{ACAD_REACTORS
330
62
102
}
330
62
100
AcDbPlotSettings
  1

  2
PDF24
  4
A4
  6

 40
0.0
 41
0.0
 42
0.1113433837890625
 43
0.0
 44
210.0
 45
297.0
 46
0.0
 47
0.0
 48
0.0
 49
0.0
140
0.0
141
0.0
142
1.0
143
1.000647896891756
 70
   688
 72
     1
 73
     1
 74
     1
  7

 75
     0
147
0.9993525226068337
 76
     0
 77
     2
 78
   300
148
-20.76884200533789
149
-102.9849099062627
100
AcDbLayout
  1
Layout1
 70
     0
 71
     1
 10
20.76884200533789
 20
102.9849099062627
 11
317.9612673821897
 21
313.1209682535316
 12
0.0
 22
0.0
 32
0.0
 14
20.76884200533789
 24
102.9849099062627
 34
-0.0015258207003583
 15
317.8025497169167
 25
313.0095527307103
 35
0.0000000349246037
146
0.0
 13
0.0
 23
0.0
 33
0.0
 16
1.0
 26
0.0
 36
0.0
 17
0.0
 27
1.0
 37
0.0
 76
     0
330
6C
331
689
1001
ACAD_PSEXT
1000
PDF24
1000
PDF24
1000
\\.\pipe\PDFPrint
1000
PDF24 Printer
1070
     0
  0
LAYOUT
  5
73
102
{ACAD_REACTORS
330
62
102
}
330
62
100
AcDbPlotSettings
  1

  2

  4

  6

 40
0.0
 41
0.0
 42
0.0
 43
0.0
 44
0.0
 45
0.0
 46
0.0
 47
0.0
 48
0.0
 49
0.0
140
0.0
141
0.0
142
1.0
143
1.0
 70
  1712
 72
     0
 73
     0
 74
     0
  7

 75
     0
147
1.0
 76
     0
 77
     2
 78
   300
148
0.0
149
0.0
100
AcDbLayout
  1
Model
 70
     1
 71
     0
 10
0.0
 20
0.0
 11
12.0
 21
9.0
 12
0.0
 22
0.0
 32
0.0
 14
0.0
 24
0.0
 34
0.0
 15
0.0
 25
0.0
 35
0.0
146
0.0
 13
0.0
 23
0.0
 33
0.0
 16
1.0
 26
0.0
 36
0.0
 17
0.0
 27
1.0
 37
0.0
 76
     0
330
70
331
57
  0
MATERIAL
  5
19
102
{ACAD_XDICTIONARY
360
1A
102
}
102
{ACAD_REACTORS
330
10
102
}
330
10
100
AcDbMaterial
  1
ByBlock
 72
     0
 43
0.0208333333333333
 43
0.0
 43
0.0
 43
0.0
 43
0.0
 43
0.0208333333333333
 43
0.0
 43
0.0
 43
0.0
 43
0.0
 43
1.0
 43
0.0
 43
0.0
 43
0.0
 43
0.0
 43
1.0
 77
     0
 47
0.0208333333333333
 47
0.0
 47
0.0
 47
0.0
 47
0.0
 47
0.0208333333333333
 47
0.0
 47
0.0
 47
0.0
 47
0.0
 47
1.0
 47
0.0
 47
0.0
 47
0.0
 47
0.0
 47
1.0
171
     0
 49
0.0208333333333333
 49
0.0
 49
0.0
 49
0.0
 49
0.0
 49
0.0208333333333333
 49
0.0
 49
0.0
 49
0.0
 49
0.0
 49
1.0
 49
0.0
 49
0.0
 49
0.0
 49
0.0
 49
1.0
175
     0
142
0.0208333333333333
142
0.0
142
0.0
142
0.0
142
0.0
142
0.0208333333333333
142
0.0
142
0.0
142
0.0
142
0.0
142
1.0
142
0.0
142
0.0
142
0.0
142
0.0
142
1.0
179
     0
144
0.0208333333333333
144
0.0
144
0.0
144
0.0
144
0.0
144
0.0208333333333333
144
0.0
144
0.0
144
0.0
144
0.0
144
1.0
144
0.0
144
0.0
144
0.0
144
0.0
144
1.0
147
0.0208333333333333
147
0.0
147
0.0
147
0.0
147
0.0
147
0.0208333333333333
147
0.0
147
0.0
147
0.0
147
0.0
147
1.0
147
0.0
147
0.0
147
0.0
147
0.0
147
1.0
  0
MATERIAL
  5
11
102
{ACAD_XDICTIONARY
360
12
102
}
102
{ACAD_REACTORS
330
10
102
}
330
10
100
AcDbMaterial
  1
ByLayer
 72
     0
 43
0.0208333333333333
 43
0.0
 43
0.0
 43
0.0
 43
0.0
 43
0.0208333333333333
 43
0.0
 43
0.0
 43
0.0
 43
0.0
 43
1.0
 43
0.0
 43
0.0
 43
0.0
 43
0.0
 43
1.0
 77
     0
 47
0.0208333333333333
 47
0.0
 47
0.0
 47
0.0
 47
0.0
 47
0.0208333333333333
 47
0.0
 47
0.0
 47
0.0
 47
0.0
 47
1.0
 47
0.0
 47
0.0
 47
0.0
 47
0.0
 47
1.0
171
     0
 49
0.0208333333333333
 49
0.0
 49
0.0
 49
0.0
 49
0.0
 49
0.0208333333333333
 49
0.0
 49
0.0
 49
0.0
 49
0.0
 49
1.0
 49
0.0
 49
0.0
 49
0.0
 49
0.0
 49
1.0
175
     0
142
0.0208333333333333
142
0.0
142
0.0
142
0.0
142
0.0
142
0.0208333333333333
142
0.0
142
0.0
142
0.0
142
0.0
142
1.0
142
0.0
142
0.0
142
0.0
142
0.0
142
1.0
179
     0
144
0.0208333333333333
144
0.0
144
0.0
144
0.0
144
0.0
144
0.0208333333333333
144
0.0
144
0.0
144
0.0
144
0.0
144
1.0
144
0.0
144
0.0
144
0.0
144
0.0
144
1.0
147
0.0208333333333333
147
0.0
147
0.0
147
0.0
147
0.0
147
0.0208333333333333
147
0.0
147
0.0
147
0.0
147
0.0
147
1.0
147
0.0
147
0.0
147
0.0
147
0.0
147
1.0
  0
MATERIAL
  5
21
102
{ACAD_XDICTIONARY
360
22
102
}
102
{ACAD_REACTORS
330
10
102
}
330
10
100
AcDbMaterial
  1
Global
 72
     0
 43
0.0208333333333333
 43
0.0
 43
0.0
 43
0.0
 43
0.0
 43
0.0208333333333333
 43
0.0
 43
0.0
 43
0.0
 43
0.0
 43
1.0
 43
0.0
 43
0.0
 43
0.0
 43
0.0
 43
1.0
 77
     0
 47
0.0208333333333333
 47
0.0
 47
0.0
 47
0.0
 47
0.0
 47
0.0208333333333333
 47
0.0
 47
0.0
 47
0.0
 47
0.0
 47
1.0
 47
0.0
 47
0.0
 47
0.0
 47
0.0
 47
1.0
171
     0
 49
0.0208333333333333
 49
0.0
 49
0.0
 49
0.0
 49
0.0
 49
0.0208333333333333
 49
0.0
 49
0.0
 49
0.0
 49
0.0
 49
1.0
 49
0.0
 49
0.0
 49
0.0
 49
0.0
 49
1.0
175
     0
142
0.0208333333333333
142
0.0
142
0.0
142
0.0
142
0.0
142
0.0208333333333333
142
0.0
142
0.0
142
0.0
142
0.0
142
1.0
142
0.0
142
0.0
142
0.0
142
0.0
142
1.0
179
     0
144
0.0208333333333333
144
0.0
144
0.0
144
0.0
144
0.0
144
0.0208333333333333
144
0.0
144
0.0
144
0.0
144
0.0
144
1.0
144
0.0
144
0.0
144
0.0
144
0.0
144
1.0
147
0.0208333333333333
147
0.0
147
0.0
147
0.0
147
0.0
147
0.0208333333333333
147
0.0
147
0.0
147
0.0
147
0.0
147
1.0
147
0.0
147
0.0
147
0.0
147
0.0
147
1.0
  0
MLEADERSTYLE
  5
67
102
{ACAD_REACTORS
330
66
102
}
330
66
100
AcDbMLeaderStyle
179
     2
170
     2
171
     1
172
     0
 90
        2
 40
0.0
 41
0.0
173
     1
 91
-1056964608
340
5B
 92
       -2
290
     1
 42
0.09
291
     1
 43
0.36
  3
Standard
 44
0.18
300

342
55
174
     1
178
     6
175
     1
176
     0
 93
-1056964608
 45
0.18
292
     0
297
     0
 46
0.18
 94
-1056964608
 47
1.0
 49
1.0
140
1.0
293
     1
141
0.0
294
     1
177
     0
142
1.0
295
     1
296
     0
143
0.125
271
     0
272
     9
273
     9
298
     1
  0
MLINESTYLE
  5
60
102
{ACAD_REACTORS
330
5F
102
}
330
5F
100
AcDbMlineStyle
  2
STANDARD
 70
     0
  3

 62
   256
 51
90.0
 52
90.0
 71
     2
 49
0.5
 62
   256
  6
BYLAYER
 49
-0.5
 62
   256
  6
BYLAYER
  0
ACDBPLACEHOLDER
  5
F
102
{ACAD_REACTORS
330
E
102
}
330
E
  0
RAPIDRTRENDERSETTINGS
  5
6B1
102
{ACAD_REACTORS
330
6AE
102
}
330
6AE
100
AcDbRenderSettings
 90
        2
  1
Alto
290
     1
290
     0
290
     1
290
     1
  1

  1
Aplica 10 níveis de renderização
 90
        2
100
AcDbRapidRTRenderSettings
 90
        3
 70
     0
 90
       10
 90
        1
 70
     2
 70
     2
 40
3.0
 40
3.0
290
     1
  0
RAPIDRTRENDERSETTINGS
  5
6AF
102
{ACAD_REACTORS
330
6AE
102
}
330
6AE
100
AcDbRenderSettings
 90
        2
  1
Baixo
290
     1
290
     0
290
     1
290
     1
  1

  1
Aplica 1 nível de renderização
 90
        0
100
AcDbRapidRTRenderSettings
 90
        3
 70
     0
 90
        1
 90
        1
 70
     0
 70
     2
 40
3.0
 40
3.0
290
     1
  0
RAPIDRTRENDERSETTINGS
  5
6B0
102
{ACAD_REACTORS
330
6AE
102
}
330
6AE
100
AcDbRenderSettings
 90
        2
  1
Médio
290
     1
290
     0
290
     1
290
     1
  1

  1
Aplica 5 níveis de renderização
 90
        1
100
AcDbRapidRTRenderSettings
 90
        3
 70
     0
 90
        5
 90
        1
 70
     1
 70
     2
 40
3.0
 40
3.0
290
     1
  0
RAPIDRTRENDERSETTINGS
  5
6B2
102
{ACAD_REACTORS
330
6AE
102
}
330
6AE
100
AcDbRenderSettings
 90
        2
  1
Qualidade de curta duração
290
     1
290
     0
290
     1
290
     1
  1

  1
Renderiza por 10 minutos
 90
        3
100
AcDbRapidRTRenderSettings
 90
        3
 70
     1
 90
        1
 90
       10
 70
     1
 70
     2
 40
3.0
 40
3.0
290
     1
  0
RAPIDRTRENDERSETTINGS
  5
6B4
102
{ACAD_REACTORS
330
6AE
102
}
330
6AE
100
AcDbRenderSettings
 90
        2
  1
Qualidade de longa duração
290
     1
290
     0
290
     1
290
     1
  1

  1
Renderiza por 12 horas
 90
        5
100
AcDbRapidRTRenderSettings
 90
        3
 70
     1
 90
        1
 90
      720
 70
     2
 70
     2
 40
3.0
 40
3.0
290
     1
  0
RAPIDRTRENDERSETTINGS
  5
6B3
102
{ACAD_REACTORS
330
6AE
102
}
330
6AE
100
AcDbRenderSettings
 90
        2
  1
Qualidade de média duração
290
     1
290
     0
290
     1
290
     1
  1

  1
Renderiza por 60 minutos
 90
        4
100
AcDbRapidRTRenderSettings
 90
        3
 70
     1
 90
        1
 90
       60
 70
     2
 70
     2
 40
3.0
 40
3.0
290
     1
  0
SCALE
  5
43
102
{ACAD_REACTORS
330
42
102
}
330
42
100
AcDbScale
 70
     0
300
1:1
140
1.0
141
1.0
290
     1
  0
SCALE
  5
44
102
{ACAD_REACTORS
330
42
102
}
330
42
100
AcDbScale
 70
     0
300
1/128" = 1'-0"
140
0.0078125
141
12.0
290
     0
  0
SCALE
  5
45
102
{ACAD_REACTORS
330
42
102
}
330
42
100
AcDbScale
 70
     0
300
1/64" = 1'-0"
140
0.015625
141
12.0
290
     0
  0
SCALE
  5
46
102
{ACAD_REACTORS
330
42
102
}
330
42
100
AcDbScale
 70
     0
300
1/32" = 1'-0"
140
0.03125
141
12.0
290
     0
  0
SCALE
  5
47
102
{ACAD_REACTORS
330
42
102
}
330
42
100
AcDbScale
 70
     0
300
1/16" = 1'-0"
140
0.0625
141
12.0
290
     0
  0
SCALE
  5
48
102
{ACAD_REACTORS
330
42
102
}
330
42
100
AcDbScale
 70
     0
300
3/32" = 1'-0"
140
0.09375
141
12.0
290
     0
  0
SCALE
  5
49
102
{ACAD_REACTORS
330
42
102
}
330
42
100
AcDbScale
 70
     0
300
1/8" = 1'-0"
140
0.125
141
12.0
290
     0
  0
SCALE
  5
4A
102
{ACAD_REACTORS
330
42
102
}
330
42
100
AcDbScale
 70
     0
300
3/16" = 1'-0"
140
0.1875
141
12.0
290
     0
  0
SCALE
  5
4B
102
{ACAD_REACTORS
330
42
102
}
330
42
100
AcDbScale
 70
     0
300
1/4" = 1'-0"
140
0.25
141
12.0
290
     0
  0
SCALE
  5
4C
102
{ACAD_REACTORS
330
42
102
}
330
42
100
AcDbScale
 70
     0
300
3/8" = 1'-0"
140
0.375
141
12.0
290
     0
  0
SCALE
  5
4D
102
{ACAD_REACTORS
330
42
102
}
330
42
100
AcDbScale
 70
     0
300
1/2" = 1'-0"
140
0.5
141
12.0
290
     0
  0
SCALE
  5
4E
102
{ACAD_REACTORS
330
42
102
}
330
42
100
AcDbScale
 70
     0
300
3/4" = 1'-0"
140
0.75
141
12.0
290
     0
  0
SCALE
  5
4F
102
{ACAD_REACTORS
330
42
102
}
330
42
100
AcDbScale
 70
     0
300
1" = 1'-0"
140
1.0
141
12.0
290
     0
  0
SCALE
  5
50
102
{ACAD_REACTORS
330
42
102
}
330
42
100
AcDbScale
 70
     0
300
1-1/2" = 1'-0"
140
1.5
141
12.0
290
     0
  0
SCALE
  5
51
102
{ACAD_REACTORS
330
42
102
}
330
42
100
AcDbScale
 70
     0
300
3" = 1'-0"
140
3.0
141
12.0
290
     0
  0
SCALE
  5
52
102
{ACAD_REACTORS
330
42
102
}
330
42
100
AcDbScale
 70
     0
300
6" = 1'-0"
140
6.0
141
12.0
290
     0
  0
SCALE
  5
53
102
{ACAD_REACTORS
330
42
102
}
330
42
100
AcDbScale
 70
     0
300
1'-0" = 1'-0"
140
12.0
141
12.0
290
     0
  0
ACDBSECTIONVIEWSTYLE
  5
69
102
{ACAD_REACTORS
330
68
102
}
330
68
100
AcDbModelDocViewStyle
 70
     0
  3
Imperial24
290
     1
300
Imperial24
 90
        0
100
AcDbSectionViewStyle
 70
     0
 71
     0
 90
       78
 71
     1
340
55
 62
   256
 40
0.24
340
0
340
0
 62
   256
 40
0.24
300
I, O, Q, S, X, Z
 40
0.48
 90
        3
 40
0.18
 90
        1
 71
     2
340
5D
 90
       25
 62
   256
340
5D
 90
       50
 62
   256
 40
0.24
 40
0.0
 40
0.24
 71
     3
340
55
 62
   256
 40
0.24
 90
        1
 40
0.75
 90
        1
300
%<\AcVar ViewType \f "%tc1">% %<\AcVar ViewSectionStartId>%-%<\AcVar ViewSectionEndId>%\PSCALE %<\AcVar ViewScale \f "%sn">%
 71
     4
 62
   256
 62
   257
300
ANSI31
 40
1.0
 90
        0
290
     0
290
     0
 90
        6
 40
0.0
 40
1.570796326794896
 40
0.2617993877991494
 40
1.308996938995747
 40
-0.2617993877991494
 40
1.832595714594046
  0
ACDBSECTIONVIEWSTYLE
  5
6A5
102
{ACAD_REACTORS
330
68
102
}
330
68
100
AcDbModelDocViewStyle
 70
     0
  3
Metric50
290
     1
300
Metric50
 90
        0
100
AcDbSectionViewStyle
 70
     0
 71
     0
 90
      102
 71
     1
340
55
 62
   256
 40
5.0
340
0
340
0
 62
   256
 40
5.0
300
I, O, Q, S, X, Z
 40
10.0
 90
        0
 40
2.5
 90
        0
 71
     2
340
5D
 90
       25
 62
   256
340
5D
 90
       50
 62
   256
 40
5.0
 40
2.5
 40
5.0
 71
     3
340
55
 62
   256
 40
5.0
 90
        0
 40
15.0
 90
        1
300
%<\AcVar ViewSectionStartId>%-%<\AcVar ViewSectionEndId>% (%<\AcVar ViewScale \f "%sn">%)
 71
     4
 62
   256
 62
   257
300
ANSI31
 40
1.0
 90
        0
290
     0
290
     0
 90
        6
 40
0.0
 40
1.570796326794896
 40
0.2617993877991494
 40
1.308996938995747
 40
-0.2617993877991494
 40
1.832595714594046
  0
TABLESTYLE
  5
65
102
{ACAD_XDICTIONARY
360
7B1
102
}
102
{ACAD_REACTORS
330
64
102
}
330
64
100
AcDbTableStyle
280
     0
  3
Standard
 70
     0
 71
     0
 40
0.06
 41
0.06
280
     0
281
     0
  7
Standard
140
0.18
170
     2
 62
     0
 63
     7
283
     0
 90
      512
 91
        0
  1

274
    -2
284
     1
 64
     0
275
    -2
285
     1
 65
     0
276
    -2
286
     1
 66
     0
277
    -2
287
     1
 67
     0
278
    -2
288
     1
 68
     0
279
    -2
289
     1
 69
     0
  7
Standard
140
0.25
170
     5
 62
     0
 63
     7
283
     0
 90
      512
 91
        0
  1

274
    -2
284
     1
 64
     0
275
    -2
285
     1
 65
     0
276
    -2
286
     1
 66
     0
277
    -2
287
     1
 67
     0
278
    -2
288
     1
 68
     0
279
    -2
289
     1
 69
     0
  7
Standard
140
0.18
170
     5
 62
     0
 63
     7
283
     0
 90
      512
 91
        0
  1

274
    -2
284
     1
 64
     0
275
    -2
285
     1
 65
     0
276
    -2
286
     1
 66
     0
277
    -2
287
     1
 67
     0
278
    -2
288
     1
 68
     0
279
    -2
289
     1
 69
     0
  0
VISUALSTYLE
  5
2F
102
{ACAD_REACTORS
330
29
102
}
330
29
100
AcDbVisualStyle
  2
2dWireframe
 70
     4
177
     3
291
     0
 70
    58
 90
        0
176
     1
 90
        2
176
     1
 90
        0
176
     1
 90
        0
176
     1
 40
0.6
176
     1
 40
30.0
176
     1
 62
     7
420
 16777215
176
     1
 90
        1
176
     1
 90
        4
176
     1
 62
     7
176
     1
 62
   257
176
     1
 90
        1
176
     1
 90
        1
176
     1
 40
1.0
176
     1
 90
        0
176
     1
 62
   257
176
     1
 40
1.0
176
     1
 90
        1
176
     1
 90
        6
176
     1
 90
        2
176
     1
 62
     7
176
     1
 90
        5
176
     1
 90
        0
176
     1
 90
        0
176
     1
290
     0
176
     1
 90
        1
176
     1
 40
0.0
176
     1
 90
        0
176
     1
290
     1
176
     1
290
     1
176
     1
290
     0
176
     1
290
     0
176
     1
290
     0
176
     1
290
     0
176
     1
290
     0
176
     1
290
     0
176
     1
290
     0
176
     1
 90
       50
176
     1
 40
0.0
176
     1
 40
1.0
176
     1
 90
        0
176
     1
 62
    18
420
        0
176
     1
 90
       50
176
     1
 90
        3
176
     1
 62
     5
420
      255
176
     1
290
     0
176
     1
 90
       50
176
     1
 90
       50
176
     1
 90
       50
176
     1
290
     0
176
     1
 90
       50
176
     1
 62
   256
176
     0
 40
1.0
176
     0
 90
        2
176
     1
  1
strokes_ogs.tif
176
     1
290
     0
176
     1
 40
1.0
176
     1
 40
1.0
176
     1
  0
VISUALSTYLE
  5
2E
102
{ACAD_REACTORS
330
29
102
}
330
29
100
AcDbVisualStyle
  2
Basic
 70
     7
177
     3
291
     1
 70
    58
 90
        1
176
     1
 90
        0
176
     1
 90
        1
176
     1
 90
        0
176
     1
 40
0.6
176
     1
 40
30.0
176
     1
 62
     7
420
 16777215
176
     1
 90
        0
176
     1
 90
        4
176
     1
 62
     7
176
     1
 62
   257
176
     1
 90
        1
176
     1
 90
        1
176
     1
 40
1.0
176
     1
 90
        8
176
     1
 62
     7
176
     1
 40
1.0
176
     1
 90
        1
176
     1
 90
        6
176
     1
 90
        2
176
     1
 62
     7
176
     1
 90
        5
176
     1
 90
        0
176
     1
 90
        0
176
     1
290
     0
176
     1
 90
        1
176
     1
 40
0.0
176
     1
 90
        0
176
     1
290
     0
176
     1
290
     1
176
     1
290
     1
176
     1
290
     0
176
     1
290
     0
176
     1
290
     0
176
     1
290
     0
176
     1
290
     0
176
     1
290
     0
176
     1
 90
       50
176
     1
 40
0.0
176
     1
 40
1.0
176
     1
 90
        0
176
     1
 62
    18
420
        0
176
     1
 90
       50
176
     1
 90
        3
176
     1
 62
     5
420
      255
176
     1
290
     0
176
     1
 90
       50
176
     1
 90
       50
176
     1
 90
       50
176
     1
290
     0
176
     1
 90
       50
176
     1
 62
   256
176
     0
 40
1.0
176
     0
 90
        2
176
     1
  1
strokes_ogs.tif
176
     1
290
     0
176
     1
 40
1.0
176
     1
 40
1.0
176
     1
  0
VISUALSTYLE
  5
35
102
{ACAD_REACTORS
330
29
102
}
330
29
100
AcDbVisualStyle
  2
Brighten
 70
    12
177
     3
291
     1
 70
    58
 90
        2
176
     1
 90
        2
176
     1
 90
        0
176
     1
 90
        0
176
     1
 40
0.6
176
     1
 40
30.0
176
     1
 62
     7
420
 16777215
176
     1
 90
        1
176
     1
 90
        4
176
     1
 62
     7
176
     1
 62
   257
176
     1
 90
        1
176
     1
 90
        1
176
     1
 40
1.0
176
     1
 90
        8
176
     1
 62
     7
176
     1
 40
1.0
176
     1
 90
        1
176
     1
 90
        6
176
     1
 90
        2
176
     1
 62
     7
176
     1
 90
        5
176
     1
 90
        0
176
     1
 90
        0
176
     1
290
     0
176
     1
 90
        1
176
     1
 40
50.0
176
     1
 90
        0
176
     1
290
     0
176
     1
290
     1
176
     1
290
     1
176
     1
290
     0
176
     1
290
     0
176
     1
290
     0
176
     1
290
     0
176
     1
290
     0
176
     1
290
     0
176
     1
 90
       50
176
     1
 40
0.0
176
     1
 40
1.0
176
     1
 90
        0
176
     1
 62
    18
420
        0
176
     1
 90
       50
176
     1
 90
        3
176
     1
 62
     5
420
      255
176
     1
290
     0
176
     1
 90
       50
176
     1
 90
       50
176
     1
 90
       50
176
     1
290
     0
176
     1
 90
       50
176
     1
 62
   256
176
     0
 40
1.0
176
     0
 90
        2
176
     1
  1
strokes_ogs.tif
176
     1
290
     0
176
     1
 40
1.0
176
     1
 40
1.0
176
     1
  0
VISUALSTYLE
  5
39
102
{ACAD_REACTORS
330
29
102
}
330
29
100
AcDbVisualStyle
  2
ColorChange
 70
    16
177
     3
291
     1
 70
    58
 90
        2
176
     1
 90
        2
176
     1
 90
        3
176
     1
 90
        0
176
     1
 40
0.6
176
     1
 40
30.0
176
     1
 62
     8
420
  8421504
176
     1
 90
        1
176
     1
 90
        4
176
     1
 62
     7
176
     1
 62
   257
176
     1
 90
        1
176
     1
 90
        1
176
     1
 40
1.0
176
     1
 90
        8
176
     1
 62
     8
420
  8421504
176
     1
 40
1.0
176
     1
 90
        1
176
     1
 90
        6
176
     1
 90
        2
176
     1
 62
     7
176
     1
 90
        5
176
     1
 90
        0
176
     1
 90
        0
176
     1
290
     0
176
     1
 90
        1
176
     1
 40
0.0
176
     1
 90
        0
176
     1
290
     0
176
     1
290
     1
176
     1
290
     1
176
     1
290
     0
176
     1
290
     0
176
     1
290
     0
176
     1
290
     0
176
     1
290
     0
176
     1
290
     0
176
     1
 90
       50
176
     1
 40
0.0
176
     1
 40
1.0
176
     1
 90
        0
176
     1
 62
    18
420
        0
176
     1
 90
       50
176
     1
 90
        3
176
     1
 62
     5
420
      255
176
     1
290
     0
176
     1
 90
       50
176
     1
 90
       50
176
     1
 90
       50
176
     1
290
     0
176
     1
 90
       50
176
     1
 62
   256
176
     0
 40
1.0
176
     0
 90
        2
176
     1
  1
strokes_ogs.tif
176
     1
290
     0
176
     1
 40
1.0
176
     1
 40
1.0
176
     1
  0
VISUALSTYLE
  5
32
102
{ACAD_REACTORS
330
29
102
}
330
29
100
AcDbVisualStyle
  2
Conceptual
 70
     9
177
     3
291
     0
 70
    58
 90
        3
176
     1
 90
        2
176
     1
 90
        0
176
     1
 90
        0
176
     1
 40
0.6
176
     1
 40
30.0
176
     1
 62
     7
420
 16777215
176
     1
 90
        2
176
     1
 90
        2
176
     1
 62
     7
176
     1
 62
   257
176
     1
 90
        1
176
     1
 90
        1
176
     1
 40
179.0
176
     1
 90
        8
176
     1
 62
     7
176
     1
 40
1.0
176
     1
 90
        1
176
     1
 90
        6
176
     1
 90
        2
176
     1
 62
     7
176
     1
 90
        3
176
     1
 90
        0
176
     1
 90
        0
176
     1
290
     0
176
     1
 90
        1
176
     1
 40
0.0
176
     1
 90
        0
176
     1
290
     0
176
     1
290
     1
176
     1
290
     1
176
     1
290
     0
176
     1
290
     0
176
     1
290
     0
176
     1
290
     0
176
     1
290
     0
176
     1
290
     0
176
     1
 90
       50
176
     1
 40
0.0
176
     1
 40
1.0
176
     1
 90
        0
176
     1
 62
    18
420
        0
176
     1
 90
       50
176
     1
 90
        3
176
     1
 62
     5
420
      255
176
     1
290
     0
176
     1
 90
       50
176
     1
 90
       50
176
     1
 90
       50
176
     1
290
     0
176
     1
 90
       50
176
     1
 62
   256
176
     0
 40
1.0
176
     0
 90
        2
176
     1
  1
strokes_ogs.tif
176
     1
290
     0
176
     1
 40
1.0
176
     1
 40
1.0
176
     1
  0
VISUALSTYLE
  5
34
102
{ACAD_REACTORS
330
29
102
}
330
29
100
AcDbVisualStyle
  2
Dim
 70
    11
177
     3
291
     1
 70
    58
 90
        2
176
     1
 90
        2
176
     1
 90
        0
176
     1
 90
        0
176
     1
 40
0.6
176
     1
 40
30.0
176
     1
 62
     7
420
 16777215
176
     1
 90
        1
176
     1
 90
        4
176
     1
 62
     7
176
     1
 62
   257
176
     1
 90
        1
176
     1
 90
        1
176
     1
 40
1.0
176
     1
 90
        8
176
     1
 62
     7
176
     1
 40
1.0
176
     1
 90
        1
176
     1
 90
        6
176
     1
 90
        2
176
     1
 62
     7
176
     1
 90
        5
176
     1
 90
        0
176
     1
 90
        0
176
     1
290
     0
176
     1
 90
        1
176
     1
 40
-50.0
176
     1
 90
        0
176
     1
290
     0
176
     1
290
     1
176
     1
290
     1
176
     1
290
     0
176
     1
290
     0
176
     1
290
     0
176
     1
290
     0
176
     1
290
     0
176
     1
290
     0
176
     1
 90
       50
176
     1
 40
0.0
176
     1
 40
1.0
176
     1
 90
        0
176
     1
 62
    18
420
        0
176
     1
 90
       50
176
     1
 90
        3
176
     1
 62
     5
420
      255
176
     1
290
     0
176
     1
 90
       50
176
     1
 90
       50
176
     1
 90
       50
176
     1
290
     0
176
     1
 90
       50
176
     1
 62
   256
176
     0
 40
1.0
176
     0
 90
        2
176
     1
  1
strokes_ogs.tif
176
     1
290
     0
176
     1
 40
1.0
176
     1
 40
1.0
176
     1
  0
VISUALSTYLE
  5
41
102
{ACAD_REACTORS
330
29
102
}
330
29
100
AcDbVisualStyle
  2
EdgeColorOff
 70
    22
177
     3
291
     1
 70
    58
 90
        2
176
     0
 90
        2
176
     0
 90
        0
176
     0
 90
        0
176
     0
 40
0.6
176
     0
 40
30.0
176
     0
 62
     7
420
 16777215
176
     0
 90
        1
176
     0
 90
        4
176
     0
 62
     7
176
     0
 62
   257
176
     0
 90
        1
176
     0
 90
        1
176
     0
 40
1.0
176
     0
 90
        8
176
     2
 62
     7
176
     0
 40
1.0
176
     0
 90
        1
176
     0
 90
        6
176
     0
 90
        2
176
     0
 62
     7
176
     0
 90
        5
176
     0
 90
        0
176
     0
 90
        0
176
     0
290
     0
176
     0
 90
        1
176
     0
 40
0.0
176
     0
 90
        0
176
     0
290
     0
176
     0
290
     1
176
     0
290
     1
176
     0
290
     0
176
     0
290
     0
176
     0
290
     0
176
     0
290
     0
176
     0
290
     0
176
     0
290
     0
176
     0
 90
       50
176
     0
 40
0.0
176
     0
 40
1.0
176
     0
 90
        0
176
     0
 62
    18
420
        0
176
     0
 90
       50
176
     0
 90
        3
176
     0
 62
     5
420
      255
176
     0
290
     0
176
     0
 90
       50
176
     0
 90
       50
176
     0
 90
       50
176
     0
290
     0
176
     0
 90
       50
176
     0
 62
   256
176
     0
 40
1.0
176
     0
 90
        2
176
     0
  1
strokes_ogs.tif
176
     0
290
     0
176
     0
 40
1.0
176
     0
 40
1.0
176
     0
  0
VISUALSTYLE
  5
38
102
{ACAD_REACTORS
330
29
102
}
330
29
100
AcDbVisualStyle
  2
Facepattern
 70
    15
177
     3
291
     1
 70
    58
 90
        2
176
     1
 90
        2
176
     1
 90
        0
176
     1
 90
        0
176
     1
 40
0.6
176
     1
 40
30.0
176
     1
 62
     7
420
 16777215
176
     1
 90
        1
176
     1
 90
        4
176
     1
 62
     7
176
     1
 62
   257
176
     1
 90
        1
176
     1
 90
        1
176
     1
 40
1.0
176
     1
 90
        8
176
     1
 62
     7
176
     1
 40
1.0
176
     1
 90
        1
176
     1
 90
        6
176
     1
 90
        2
176
     1
 62
     7
176
     1
 90
        5
176
     1
 90
        0
176
     1
 90
        0
176
     1
290
     0
176
     1
 90
        1
176
     1
 40
0.0
176
     1
 90
        0
176
     1
290
     0
176
     1
290
     1
176
     1
290
     1
176
     1
290
     0
176
     1
290
     0
176
     1
290
     0
176
     1
290
     0
176
     1
290
     0
176
     1
290
     0
176
     1
 90
       50
176
     1
 40
0.0
176
     1
 40
1.0
176
     1
 90
        0
176
     1
 62
    18
420
        0
176
     1
 90
       50
176
     1
 90
        3
176
     1
 62
     5
420
      255
176
     1
290
     0
176
     1
 90
       50
176
     1
 90
       50
176
     1
 90
       50
176
     1
290
     0
176
     1
 90
       50
176
     1
 62
   256
176
     0
 40
1.0
176
     0
 90
        2
176
     1
  1
strokes_ogs.tif
176
     1
290
     0
176
     1
 40
1.0
176
     1
 40
1.0
176
     1
  0
VISUALSTYLE
  5
2A
102
{ACAD_REACTORS
330
29
102
}
330
29
100
AcDbVisualStyle
  2
Flat
 70
     0
177
     3
291
     1
 70
    58
 90
        2
176
     1
 90
        1
176
     1
 90
        1
176
     1
 90
        2
176
     1
 40
0.6
176
     1
 40
30.0
176
     1
 62
     7
420
 16777215
176
     1
 90
        0
176
     1
 90
        0
176
     1
 62
     7
176
     1
 62
   257
176
     1
 90
        1
176
     1
 90
        1
176
     1
 40
1.0
176
     1
 90
        8
176
     1
 62
     7
176
     1
 40
1.0
176
     1
 90
        1
176
     1
 90
        6
176
     1
 90
        2
176
     1
 62
     7
176
     1
 90
        5
176
     1
 90
        0
176
     1
 90
        0
176
     1
290
     0
176
     1
 90
       13
176
     1
 40
0.0
176
     1
 90
        0
176
     1
290
     0
176
     1
290
     1
176
     1
290
     1
176
     1
290
     0
176
     1
290
     0
176
     1
290
     0
176
     1
290
     0
176
     1
290
     0
176
     1
290
     0
176
     1
 90
       50
176
     1
 40
0.0
176
     1
 40
1.0
176
     1
 90
        0
176
     1
 62
    18
420
        0
176
     1
 90
       50
176
     1
 90
        3
176
     1
 62
     5
420
      255
176
     1
290
     0
176
     1
 90
       50
176
     1
 90
       50
176
     1
 90
       50
176
     1
290
     0
176
     1
 90
       50
176
     1
 62
   256
176
     0
 40
1.0
176
     0
 90
        2
176
     1
  1
strokes_ogs.tif
176
     1
290
     0
176
     1
 40
1.0
176
     1
 40
1.0
176
     1
  0
VISUALSTYLE
  5
2B
102
{ACAD_REACTORS
330
29
102
}
330
29
100
AcDbVisualStyle
  2
FlatWithEdges
 70
     1
177
     3
291
     1
 70
    58
 90
        2
176
     1
 90
        1
176
     1
 90
        1
176
     1
 90
        2
176
     1
 40
0.6
176
     1
 40
30.0
176
     1
 62
     7
420
 16777215
176
     1
 90
        1
176
     1
 90
        0
176
     1
 62
     7
176
     1
 62
   257
176
     1
 90
        1
176
     1
 90
        1
176
     1
 40
1.0
176
     1
 90
        0
176
     1
 62
   257
176
     1
 40
1.0
176
     1
 90
        1
176
     1
 90
        6
176
     1
 90
        2
176
     1
 62
     7
176
     1
 90
        5
176
     1
 90
        0
176
     1
 90
        0
176
     1
290
     0
176
     1
 90
       13
176
     1
 40
0.0
176
     1
 90
        0
176
     1
290
     0
176
     1
290
     1
176
     1
290
     1
176
     1
290
     0
176
     1
290
     0
176
     1
290
     0
176
     1
290
     0
176
     1
290
     0
176
     1
290
     0
176
     1
 90
       50
176
     1
 40
0.0
176
     1
 40
1.0
176
     1
 90
        0
176
     1
 62
    18
420
        0
176
     1
 90
       50
176
     1
 90
        3
176
     1
 62
     5
420
      255
176
     1
290
     0
176
     1
 90
       50
176
     1
 90
       50
176
     1
 90
       50
176
     1
290
     0
176
     1
 90
       50
176
     1
 62
   256
176
     0
 40
1.0
176
     0
 90
        2
176
     1
  1
strokes_ogs.tif
176
     1
290
     0
176
     1
 40
1.0
176
     1
 40
1.0
176
     1
  0
VISUALSTYLE
  5
2C
102
{ACAD_REACTORS
330
29
102
}
330
29
100
AcDbVisualStyle
  2
Gouraud
 70
     2
177
     3
291
     1
 70
    58
 90
        2
176
     1
 90
        2
176
     1
 90
        1
176
     1
 90
        2
176
     1
 40
0.6
176
     1
 40
30.0
176
     1
 62
     7
420
 16777215
176
     1
 90
        0
176
     1
 90
        0
176
     1
 62
     7
176
     1
 62
   257
176
     1
 90
        1
176
     1
 90
        1
176
     1
 40
1.0
176
     1
 90
        0
176
     1
 62
     7
176
     1
 40
1.0
176
     1
 90
        1
176
     1
 90
        6
176
     1
 90
        2
176
     1
 62
     7
176
     1
 90
        5
176
     1
 90
        0
176
     1
 90
        0
176
     1
290
     0
176
     1
 90
       13
176
     1
 40
0.0
176
     1
 90
        0
176
     1
290
     0
176
     1
290
     1
176
     1
290
     1
176
     1
290
     0
176
     1
290
     0
176
     1
290
     0
176
     1
290
     0
176
     1
290
     0
176
     1
290
     0
176
     1
 90
       50
176
     1
 40
0.0
176
     1
 40
1.0
176
     1
 90
        0
176
     1
 62
    18
420
        0
176
     1
 90
       50
176
     1
 90
        3
176
     1
 62
     5
420
      255
176
     1
290
     0
176
     1
 90
       50
176
     1
 90
       50
176
     1
 90
       50
176
     1
290
     0
176
     1
 90
       50
176
     1
 62
   256
176
     0
 40
1.0
176
     0
 90
        2
176
     1
  1
strokes_ogs.tif
176
     1
290
     0
176
     1
 40
1.0
176
     1
 40
1.0
176
     1
  0
VISUALSTYLE
  5
2D
102
{ACAD_REACTORS
330
29
102
}
330
29
100
AcDbVisualStyle
  2
GouraudWithEdges
 70
     3
177
     3
291
     1
 70
    58
 90
        2
176
     1
 90
        2
176
     1
 90
        1
176
     1
 90
        2
176
     1
 40
0.6
176
     1
 40
30.0
176
     1
 62
     7
420
 16777215
176
     1
 90
        1
176
     1
 90
        0
176
     1
 62
     7
176
     1
 62
   257
176
     1
 90
        1
176
     1
 90
        1
176
     1
 40
1.0
176
     1
 90
        0
176
     1
 62
   257
176
     1
 40
1.0
176
     1
 90
        1
176
     1
 90
        6
176
     1
 90
        2
176
     1
 62
     7
176
     1
 90
        5
176
     1
 90
        0
176
     1
 90
        0
176
     1
290
     0
176
     1
 90
       13
176
     1
 40
0.0
176
     1
 90
        0
176
     1
290
     0
176
     1
290
     1
176
     1
290
     1
176
     1
290
     0
176
     1
290
     0
176
     1
290
     0
176
     1
290
     0
176
     1
290
     0
176
     1
290
     0
176
     1
 90
       50
176
     1
 40
0.0
176
     1
 40
1.0
176
     1
 90
        0
176
     1
 62
    18
420
        0
176
     1
 90
       50
176
     1
 90
        3
176
     1
 62
     5
420
      255
176
     1
290
     0
176
     1
 90
       50
176
     1
 90
       50
176
     1
 90
       50
176
     1
290
     0
176
     1
 90
       50
176
     1
 62
   256
176
     0
 40
1.0
176
     0
 90
        2
176
     1
  1
strokes_ogs.tif
176
     1
290
     0
176
     1
 40
1.0
176
     1
 40
1.0
176
     1
  0
VISUALSTYLE
  5
31
102
{ACAD_REACTORS
330
29
102
}
330
29
100
AcDbVisualStyle
  2
Hidden
 70
     6
177
     3
291
     0
 70
    58
 90
        1
176
     1
 90
        2
176
     1
 90
        2
176
     1
 90
        0
176
     1
 40
0.6
176
     1
 40
30.0
176
     1
 62
     7
420
 16777215
176
     1
 90
        2
176
     1
 90
        2
176
     1
 62
     7
176
     1
 62
   257
176
     1
 90
        2
176
     1
 90
        1
176
     1
 40
40.0
176
     1
 90
        0
176
     1
 62
   257
176
     1
 40
1.0
176
     1
 90
        1
176
     1
 90
        6
176
     1
 90
        2
176
     1
 62
     7
176
     1
 90
        3
176
     1
 90
        0
176
     1
 90
        0
176
     1
290
     0
176
     1
 90
        1
176
     1
 40
0.0
176
     1
 90
        0
176
     1
290
     0
176
     1
290
     1
176
     1
290
     1
176
     1
290
     0
176
     1
290
     0
176
     1
290
     0
176
     1
290
     0
176
     1
290
     0
176
     1
290
     0
176
     1
 90
       50
176
     1
 40
0.0
176
     1
 40
1.0
176
     1
 90
        0
176
     1
 62
    18
420
        0
176
     1
 90
       50
176
     1
 90
        3
176
     1
 62
     5
420
      255
176
     1
290
     0
176
     1
 90
       50
176
     1
 90
       50
176
     1
 90
       50
176
     1
290
     0
176
     1
 90
       50
176
     1
 62
   256
176
     0
 40
1.0
176
     0
 90
        2
176
     1
  1
strokes_ogs.tif
176
     1
290
     0
176
     1
 40
1.0
176
     1
 40
1.0
176
     1
  0
VISUALSTYLE
  5
3F
102
{ACAD_REACTORS
330
29
102
}
330
29
100
AcDbVisualStyle
  2
JitterOff
 70
    20
177
     3
291
     1
 70
    58
 90
        2
176
     0
 90
        2
176
     0
 90
        0
176
     0
 90
        0
176
     0
 40
0.6
176
     0
 40
30.0
176
     0
 62
     7
420
 16777215
176
     0
 90
        1
176
     0
 90
        4
176
     0
 62
     7
176
     0
 62
   257
176
     0
 90
        1
176
     0
 90
        1
176
     0
 40
1.0
176
     0
 90
       10
176
     2
 62
     7
176
     0
 40
1.0
176
     0
 90
        1
176
     0
 90
        6
176
     0
 90
        2
176
     0
 62
     7
176
     0
 90
        5
176
     0
 90
        0
176
     0
 90
        0
176
     0
290
     0
176
     0
 90
        1
176
     0
 40
0.0
176
     0
 90
        0
176
     0
290
     0
176
     0
290
     1
176
     0
290
     1
176
     0
290
     0
176
     0
290
     0
176
     0
290
     0
176
     0
290
     0
176
     0
290
     0
176
     0
290
     0
176
     0
 90
       50
176
     0
 40
0.0
176
     0
 40
1.0
176
     0
 90
        0
176
     0
 62
    18
420
        0
176
     0
 90
       50
176
     0
 90
        3
176
     0
 62
     5
420
      255
176
     0
290
     0
176
     0
 90
       50
176
     0
 90
       50
176
     0
 90
       50
176
     0
290
     0
176
     0
 90
       50
176
     0
 62
   256
176
     0
 40
1.0
176
     0
 90
        2
176
     0
  1
strokes_ogs.tif
176
     0
290
     0
176
     0
 40
1.0
176
     0
 40
1.0
176
     0
  0
VISUALSTYLE
  5
37
102
{ACAD_REACTORS
330
29
102
}
330
29
100
AcDbVisualStyle
  2
Linepattern
 70
    14
177
     3
291
     1
 70
    58
 90
        2
176
     1
 90
        2
176
     1
 90
        0
176
     1
 90
        0
176
     1
 40
0.6
176
     1
 40
30.0
176
     1
 62
     7
420
 16777215
176
     1
 90
        1
176
     1
 90
        4
176
     1
 62
     7
176
     1
 62
   257
176
     1
 90
        7
176
     1
 90
        7
176
     1
 40
1.0
176
     1
 90
        8
176
     1
 62
     7
176
     1
 40
1.0
176
     1
 90
        1
176
     1
 90
        6
176
     1
 90
        2
176
     1
 62
     7
176
     1
 90
        5
176
     1
 90
        0
176
     1
 90
        0
176
     1
290
     0
176
     1
 90
        1
176
     1
 40
0.0
176
     1
 90
        0
176
     1
290
     0
176
     1
290
     1
176
     1
290
     1
176
     1
290
     0
176
     1
290
     0
176
     1
290
     0
176
     1
290
     0
176
     1
290
     0
176
     1
290
     0
176
     1
 90
       50
176
     1
 40
0.0
176
     1
 40
1.0
176
     1
 90
        0
176
     1
 62
    18
420
        0
176
     1
 90
       50
176
     1
 90
        3
176
     1
 62
     5
420
      255
176
     1
290
     0
176
     1
 90
       50
176
     1
 90
       50
176
     1
 90
       50
176
     1
290
     0
176
     1
 90
       50
176
     1
 62
   256
176
     0
 40
1.0
176
     0
 90
        2
176
     1
  1
strokes_ogs.tif
176
     1
290
     0
176
     1
 40
1.0
176
     1
 40
1.0
176
     1
  0
VISUALSTYLE
  5
40
102
{ACAD_REACTORS
330
29
102
}
330
29
100
AcDbVisualStyle
  2
OverhangOff
 70
    21
177
     3
291
     1
 70
    58
 90
        2
176
     0
 90
        2
176
     0
 90
        0
176
     0
 90
        0
176
     0
 40
0.6
176
     0
 40
30.0
176
     0
 62
     7
420
 16777215
176
     0
 90
        1
176
     0
 90
        4
176
     0
 62
     7
176
     0
 62
   257
176
     0
 90
        1
176
     0
 90
        1
176
     0
 40
1.0
176
     0
 90
        9
176
     2
 62
     7
176
     0
 40
1.0
176
     0
 90
        1
176
     0
 90
        6
176
     0
 90
        2
176
     0
 62
     7
176
     0
 90
        5
176
     0
 90
        0
176
     0
 90
        0
176
     0
290
     0
176
     0
 90
        1
176
     0
 40
0.0
176
     0
 90
        0
176
     0
290
     0
176
     0
290
     1
176
     0
290
     1
176
     0
290
     0
176
     0
290
     0
176
     0
290
     0
176
     0
290
     0
176
     0
290
     0
176
     0
290
     0
176
     0
 90
       50
176
     0
 40
0.0
176
     0
 40
1.0
176
     0
 90
        0
176
     0
 62
    18
420
        0
176
     0
 90
       50
176
     0
 90
        3
176
     0
 62
     5
420
      255
176
     0
290
     0
176
     0
 90
       50
176
     0
 90
       50
176
     0
 90
       50
176
     0
290
     0
176
     0
 90
       50
176
     0
 62
   256
176
     0
 40
1.0
176
     0
 90
        2
176
     0
  1
strokes_ogs.tif
176
     0
290
     0
176
     0
 40
1.0
176
     0
 40
1.0
176
     0
  0
VISUALSTYLE
  5
33
102
{ACAD_REACTORS
330
29
102
}
330
29
100
AcDbVisualStyle
  2
Realistic
 70
     8
177
     3
291
     0
 70
    58
 90
        2
176
     1
 90
        3
176
     1
 90
        0
176
     1
 90
        2
176
     1
 40
0.6
176
     1
 40
30.0
176
     1
 62
     7
420
 16777215
176
     1
 90
        0
176
     1
 90
        0
176
     1
 62
     7
176
     1
 62
   257
176
     1
 90
        1
176
     1
 90
        1
176
     1
 40
1.0
176
     1
 90
        8
176
     1
 62
   257
176
     1
 40
1.0
176
     1
 90
        1
176
     1
 90
        6
176
     1
 90
        2
176
     1
 62
     7
176
     1
 90
        3
176
     1
 90
        0
176
     1
 90
        0
176
     1
290
     0
176
     1
 90
       13
176
     1
 40
0.0
176
     1
 90
        0
176
     1
290
     0
176
     1
290
     1
176
     1
290
     1
176
     1
290
     0
176
     1
290
     0
176
     1
290
     0
176
     1
290
     0
176
     1
290
     0
176
     1
290
     0
176
     1
 90
       50
176
     1
 40
0.0
176
     1
 40
1.0
176
     1
 90
        0
176
     1
 62
    18
420
        0
176
     1
 90
       50
176
     1
 90
        3
176
     1
 62
     5
420
      255
176
     1
290
     0
176
     1
 90
       50
176
     1
 90
       50
176
     1
 90
       50
176
     1
290
     0
176
     1
 90
       50
176
     1
 62
   256
176
     0
 40
1.0
176
     0
 90
        2
176
     1
  1
strokes_ogs.tif
176
     1
290
     0
176
     1
 40
1.0
176
     1
 40
1.0
176
     1
  0
VISUALSTYLE
  5
3E
102
{ACAD_REACTORS
330
29
102
}
330
29
100
AcDbVisualStyle
  2
Shaded
 70
    27
177
     3
291
     0
 70
    58
 90
        2
176
     1
 90
        2
176
     1
 90
        1
176
     1
 90
        2
176
     1
 40
0.6
176
     1
 40
30.0
176
     1
 62
     7
420
 16777215
176
     1
 90
        0
176
     1
 90
        4
176
     1
 62
     7
176
     1
 62
   257
176
     1
 90
        1
176
     1
 90
        1
176
     1
 40
1.0
176
     1
 90
        8
176
     1
 62
   257
176
     1
 40
1.0
176
     1
 90
        1
176
     1
 90
        6
176
     1
 90
        2
176
     1
 62
     8
420
  7895160
176
     1
 90
        3
176
     1
 90
        0
176
     1
 90
        0
176
     1
290
     0
176
     1
 90
        5
176
     1
 40
0.0
176
     1
 90
        0
176
     1
290
     0
176
     1
290
     1
176
     1
290
     1
176
     1
290
     0
176
     1
290
     0
176
     1
290
     0
176
     1
290
     0
176
     1
290
     0
176
     1
290
     0
176
     1
 90
       50
176
     1
 40
0.0
176
     1
 40
1.0
176
     1
 90
        0
176
     1
 62
    18
420
        0
176
     1
 90
       50
176
     1
 90
        3
176
     1
 62
     5
420
      255
176
     1
290
     0
176
     1
 90
       50
176
     1
 90
       50
176
     1
 90
       50
176
     1
290
     0
176
     1
 90
       50
176
     1
 62
   256
176
     0
 40
1.0
176
     0
 90
        2
176
     1
  1
strokes_ogs.tif
176
     1
290
     0
176
     1
 40
1.0
176
     1
 40
1.0
176
     1
  0
VISUALSTYLE
  5
3D
102
{ACAD_REACTORS
330
29
102
}
330
29
100
AcDbVisualStyle
  2
Shaded with edges
 70
    26
177
     3
291
     0
 70
    58
 90
        2
176
     1
 90
        2
176
     1
 90
        1
176
     1
 90
        2
176
     1
 40
0.6
176
     1
 40
30.0
176
     1
 62
     7
420
 16777215
176
     1
 90
        1
176
     1
 90
        2
176
     1
 62
     7
176
     1
 62
   257
176
     1
 90
        2
176
     1
 90
        1
176
     1
 40
1.0
176
     1
 90
        8
176
     1
 62
   257
176
     1
 40
1.0
176
     1
 90
        1
176
     1
 90
        6
176
     1
 90
        2
176
     1
 62
     7
176
     1
 90
        3
176
     1
 90
        0
176
     1
 90
        0
176
     1
290
     0
176
     1
 90
        5
176
     1
 40
0.0
176
     1
 90
        0
176
     1
290
     0
176
     1
290
     1
176
     1
290
     1
176
     1
290
     0
176
     1
290
     0
176
     1
290
     0
176
     1
290
     0
176
     1
290
     0
176
     1
290
     0
176
     1
 90
       50
176
     1
 40
0.0
176
     1
 40
1.0
176
     1
 90
        0
176
     1
 62
    18
420
        0
176
     1
 90
       50
176
     1
 90
        3
176
     1
 62
     5
420
      255
176
     1
290
     0
176
     1
 90
       50
176
     1
 90
       50
176
     1
 90
       50
176
     1
290
     0
176
     1
 90
       50
176
     1
 62
   256
176
     0
 40
1.0
176
     0
 90
        2
176
     1
  1
strokes_ogs.tif
176
     1
290
     0
176
     1
 40
1.0
176
     1
 40
1.0
176
     1
  0
VISUALSTYLE
  5
3A
102
{ACAD_REACTORS
330
29
102
}
330
29
100
AcDbVisualStyle
  2
Shades of Gray
 70
    23
177
     3
291
     0
 70
    58
 90
        2
176
     1
 90
        2
176
     1
 90
        3
176
     1
 90
        0
176
     1
 40
0.6
176
     1
 40
30.0
176
     1
 62
     7
420
 16777215
176
     1
 90
        2
176
     1
 90
        2
176
     1
 62
     7
176
     1
 62
     7
176
     1
 90
        1
176
     1
 90
        1
176
     1
 40
40.0
176
     1
 90
        8
176
     1
 62
     7
176
     1
 40
1.0
176
     1
 90
        1
176
     1
 90
        6
176
     1
 90
        2
176
     1
 62
     7
176
     1
 90
        3
176
     1
 90
        0
176
     1
 90
        0
176
     1
290
     0
176
     1
 90
        1
176
     1
 40
0.0
176
     1
 90
        0
176
     1
290
     0
176
     1
290
     1
176
     1
290
     1
176
     1
290
     0
176
     1
290
     0
176
     1
290
     0
176
     1
290
     0
176
     1
290
     0
176
     1
290
     0
176
     1
 90
       50
176
     1
 40
0.0
176
     1
 40
1.0
176
     1
 90
        0
176
     1
 62
    18
420
        0
176
     1
 90
       50
176
     1
 90
        3
176
     1
 62
     5
420
      255
176
     1
290
     0
176
     1
 90
       50
176
     1
 90
       50
176
     1
 90
       50
176
     1
290
     0
176
     1
 90
       50
176
     1
 62
   256
176
     0
 40
1.0
176
     0
 90
        2
176
     1
  1
strokes_ogs.tif
176
     1
290
     0
176
     1
 40
1.0
176
     1
 40
1.0
176
     1
  0
VISUALSTYLE
  5
3B
102
{ACAD_REACTORS
330
29
102
}
330
29
100
AcDbVisualStyle
  2
Sketchy
 70
    24
177
     3
291
     0
 70
    58
 90
        1
176
     1
 90
        2
176
     1
 90
        2
176
     1
 90
        0
176
     1
 40
0.6
176
     1
 40
30.0
176
     1
 62
     7
420
 16777215
176
     1
 90
        2
176
     1
 90
        2
176
     1
 62
     7
176
     1
 62
     7
176
     1
 90
        1
176
     1
 90
        1
176
     1
 40
40.0
176
     1
 90
       11
176
     1
 62
     7
176
     1
 40
1.0
176
     1
 90
        1
176
     1
 90
        6
176
     1
 90
        2
176
     1
 62
     7
176
     1
 90
        6
176
     1
 90
        0
176
     1
 90
        0
176
     1
290
     0
176
     1
 90
        1
176
     1
 40
0.0
176
     1
 90
        0
176
     1
290
     0
176
     1
290
     1
176
     1
290
     1
176
     1
290
     0
176
     1
290
     0
176
     1
290
     0
176
     1
290
     0
176
     1
290
     0
176
     1
290
     0
176
     1
 90
       50
176
     1
 40
0.0
176
     1
 40
1.0
176
     1
 90
        0
176
     1
 62
    18
420
        0
176
     1
 90
       50
176
     1
 90
        3
176
     1
 62
     5
420
      255
176
     1
290
     0
176
     1
 90
       50
176
     1
 90
       50
176
     1
 90
       50
176
     1
290
     0
176
     1
 90
       50
176
     1
 62
   256
176
     0
 40
1.0
176
     0
 90
        2
176
     1
  1
strokes_ogs.tif
176
     1
290
     0
176
     1
 40
1.0
176
     1
 40
1.0
176
     1
  0
VISUALSTYLE
  5
36
102
{ACAD_REACTORS
330
29
102
}
330
29
100
AcDbVisualStyle
  2
Thicken
 70
    13
177
     3
291
     1
 70
    58
 90
        2
176
     1
 90
        2
176
     1
 90
        0
176
     1
 90
        0
176
     1
 40
0.6
176
     1
 40
30.0
176
     1
 62
     7
420
 16777215
176
     1
 90
        1
176
     1
 90
        4
176
     1
 62
     7
176
     1
 62
   257
176
     1
 90
        1
176
     1
 90
        1
176
     1
 40
1.0
176
     1
 90
       12
176
     1
 62
     7
176
     1
 40
1.0
176
     1
 90
        1
176
     1
 90
        6
176
     1
 90
        2
176
     1
 62
     7
176
     1
 90
        5
176
     1
 90
        0
176
     1
 90
        0
176
     1
290
     0
176
     1
 90
        1
176
     1
 40
0.0
176
     1
 90
        0
176
     1
290
     0
176
     1
290
     1
176
     1
290
     1
176
     1
290
     0
176
     1
290
     0
176
     1
290
     0
176
     1
290
     0
176
     1
290
     0
176
     1
290
     0
176
     1
 90
       50
176
     1
 40
0.0
176
     1
 40
1.0
176
     1
 90
        0
176
     1
 62
    18
420
        0
176
     1
 90
       50
176
     1
 90
        3
176
     1
 62
     5
420
      255
176
     1
290
     0
176
     1
 90
       50
176
     1
 90
       50
176
     1
 90
       50
176
     1
290
     0
176
     1
 90
       50
176
     1
 62
   256
176
     0
 40
1.0
176
     0
 90
        2
176
     1
  1
strokes_ogs.tif
176
     1
290
     0
176
     1
 40
1.0
176
     1
 40
1.0
176
     1
  0
VISUALSTYLE
  5
30
102
{ACAD_REACTORS
330
29
102
}
330
29
100
AcDbVisualStyle
  2
Wireframe
 70
     5
177
     3
291
     0
 70
    58
 90
        0
176
     1
 90
        2
176
     1
 90
        0
176
     1
 90
        0
176
     1
 40
0.6
176
     1
 40
30.0
176
     1
 62
     7
420
 16777215
176
     1
 90
        1
176
     1
 90
        4
176
     1
 62
     7
176
     1
 62
   257
176
     1
 90
        1
176
     1
 90
        1
176
     1
 40
1.0
176
     1
 90
        0
176
     1
 62
   257
176
     1
 40
1.0
176
     1
 90
        1
176
     1
 90
        6
176
     1
 90
        2
176
     1
 62
     7
176
     1
 90
        3
176
     1
 90
        0
176
     1
 90
        0
176
     1
290
     0
176
     1
 90
        1
176
     1
 40
0.0
176
     1
 90
        0
176
     1
290
     0
176
     1
290
     1
176
     1
290
     1
176
     1
290
     0
176
     1
290
     0
176
     1
290
     0
176
     1
290
     0
176
     1
290
     0
176
     1
290
     0
176
     1
 90
       50
176
     1
 40
0.0
176
     1
 40
1.0
176
     1
 90
        0
176
     1
 62
    18
420
        0
176
     1
 90
       50
176
     1
 90
        3
176
     1
 62
     5
420
      255
176
     1
290
     0
176
     1
 90
       50
176
     1
 90
       50
176
     1
 90
       50
176
     1
290
     0
176
     1
 90
       50
176
     1
 62
   256
176
     0
 40
1.0
176
     0
 90
        2
176
     1
  1
strokes_ogs.tif
176
     1
290
     0
176
     1
 40
1.0
176
     1
 40
1.0
176
     1
  0
VISUALSTYLE
  5
3C
102
{ACAD_REACTORS
330
29
102
}
330
29
100
AcDbVisualStyle
  2
X-Ray
 70
    25
177
     3
291
     0
 70
    58
 90
        2
176
     1
 90
        2
176
     1
 90
        1
176
     1
 90
        1
176
     1
 40
0.5
176
     1
 40
30.0
176
     1
 62
     7
420
 16777215
176
     1
 90
        1
176
     1
 90
        0
176
     1
 62
     7
176
     1
 62
   257
176
     1
 90
        1
176
     1
 90
        1
176
     1
 40
1.0
176
     1
 90
        8
176
     1
 62
     7
176
     1
 40
1.0
176
     1
 90
        1
176
     1
 90
        6
176
     1
 90
        2
176
     1
 62
     7
176
     1
 90
        3
176
     1
 90
        0
176
     1
 90
        0
176
     1
290
     0
176
     1
 90
       13
176
     1
 40
0.0
176
     1
 90
        0
176
     1
290
     0
176
     1
290
     1
176
     1
290
     1
176
     1
290
     0
176
     1
290
     0
176
     1
290
     0
176
     1
290
     0
176
     1
290
     0
176
     1
290
     0
176
     1
 90
       50
176
     1
 40
0.0
176
     1
 40
1.0
176
     1
 90
        0
176
     1
 62
    18
420
        0
176
     1
 90
       50
176
     1
 90
        3
176
     1
 62
     5
420
      255
176
     1
290
     0
176
     1
 90
       50
176
     1
 90
       50
176
     1
 90
       50
176
     1
290
     0
176
     1
 90
       50
176
     1
 62
   256
176
     0
 40
1.0
176
     0
 90
        2
176
     1
  1
strokes_ogs.tif
176
     1
290
     0
176
     1
 40
1.0
176
     1
 40
1.0
176
     1
  0
DICTIONARYVAR
  5
6A3
102
{ACAD_REACTORS
330
69E
102
}
330
69E
100
DictionaryVariables
280
     0
  1
1:1
  0
DICTIONARYVAR
  5
6A0
102
{ACAD_REACTORS
330
69E
102
}
330
69E
100
DictionaryVariables
280
     0
  1
STANDARD
  0
DICTIONARYVAR
  5
69F
102
{ACAD_REACTORS
330
69E
102
}
330
69E
100
DictionaryVariables
280
     0
  1
STANDARD
  0
DICTIONARYVAR
  5
6A1
102
{ACAD_REACTORS
330
69E
102
}
330
69E
100
DictionaryVariables
280
     0
  1
Imperial24
  0
DICTIONARYVAR
  5
6A2
102
{ACAD_REACTORS
330
69E
102
}
330
69E
100
DictionaryVariables
280
     0
  1
Imperial24
  0
XRECORD
  5
69A
102
{ACAD_REACTORS
330
696
102
}
330
696
100
AcDbXrecord
280
     1
  1
BUILDING_ID
  1
Casa à Praça da Matriz, nº50, Centro, Natividade, TO
  1
FLOOR_ID
  1
23005953
  0
XRECORD
  5
698
102
{ACAD_REACTORS
330
696
102
}
330
696
100
AcDbXrecord
280
     1
  1
-2000051
  1
Linhas
  1
-2000280
  1
Blocos de margens e carimbo
  1
-2002000
  1
Itens de detalhe
  0
XRECORD
  5
699
102
{ACAD_REACTORS
330
696
102
}
330
696
100
AcDbXrecord
280
     1
  1
-2000042
  1
<Linhas finas>
  1
-2000281
  1
<Linhas finas>
  1
22985857
  1
0
  0
XRECORD
  5
697
102
{ACAD_REACTORS
330
696
102
}
330
696
100
AcDbXrecord
280
     1
  1
23007375
  1
A4 HORIZONTAL : A4
  1
383807
  1
Região preenchida : Marcenaria corte
  0
DICTIONARY
  5
1A
330
19
100
AcDbDictionary
280
     1
281
     1
  3
BUMPTILE
360
1C
  3
DIFFUSETILE
360
1B
  3
OPACITYTILE
360
1F
  3
REFLECTIONTILE
360
1E
  3
REFRACTIONTILE
360
20
  3
SPECULARTILE
360
1D
  0
DICTIONARY
  5
12
330
11
100
AcDbDictionary
280
     1
281
     1
  3
BUMPTILE
360
14
  3
DIFFUSETILE
360
13
  3
OPACITYTILE
360
17
  3
REFLECTIONTILE
360
16
  3
REFRACTIONTILE
360
18
  3
SPECULARTILE
360
15
  0
DICTIONARY
  5
22
330
21
100
AcDbDictionary
280
     1
281
     1
  3
BUMPTILE
360
24
  3
DIFFUSETILE
360
23
  3
OPACITYTILE
360
27
  3
REFLECTIONTILE
360
26
  3
REFRACTIONTILE
360
28
  3
SPECULARTILE
360
25
  0
DICTIONARY
  5
7B1
330
65
100
AcDbDictionary
280
     1
281
     1
  3
ACAD_ROUNDTRIP_2008_TABLESTYLE_CELLSTYLEMAP
360
7B2
  0
XRECORD
  5
1C
102
{ACAD_REACTORS
330
1A
102
}
330
1A
100
AcDbXrecord
280
     1
270
     1
271
     1
  0
XRECORD
  5
1B
102
{ACAD_REACTORS
330
1A
102
}
330
1A
100
AcDbXrecord
280
     1
270
     1
271
     1
  0
XRECORD
  5
1F
102
{ACAD_REACTORS
330
1A
102
}
330
1A
100
AcDbXrecord
280
     1
270
     1
271
     1
  0
XRECORD
  5
1E
102
{ACAD_REACTORS
330
1A
102
}
330
1A
100
AcDbXrecord
280
     1
270
     1
271
     1
  0
XRECORD
  5
20
102
{ACAD_REACTORS
330
1A
102
}
330
1A
100
AcDbXrecord
280
     1
270
     1
271
     1
  0
XRECORD
  5
1D
102
{ACAD_REACTORS
330
1A
102
}
330
1A
100
AcDbXrecord
280
     1
270
     1
271
     1
  0
XRECORD
  5
14
102
{ACAD_REACTORS
330
12
102
}
330
12
100
AcDbXrecord
280
     1
270
     1
271
     1
  0
XRECORD
  5
13
102
{ACAD_REACTORS
330
12
102
}
330
12
100
AcDbXrecord
280
     1
270
     1
271
     1
  0
XRECORD
  5
17
102
{ACAD_REACTORS
330
12
102
}
330
12
100
AcDbXrecord
280
     1
270
     1
271
     1
  0
XRECORD
  5
16
102
{ACAD_REACTORS
330
12
102
}
330
12
100
AcDbXrecord
280
     1
270
     1
271
     1
  0
XRECORD
  5
18
102
{ACAD_REACTORS
330
12
102
}
330
12
100
AcDbXrecord
280
     1
270
     1
271
     1
  0
XRECORD
  5
15
102
{ACAD_REACTORS
330
12
102
}
330
12
100
AcDbXrecord
280
     1
270
     1
271
     1
  0
XRECORD
  5
24
102
{ACAD_REACTORS
330
22
102
}
330
22
100
AcDbXrecord
280
     1
270
     1
271
     1
  0
XRECORD
  5
23
102
{ACAD_REACTORS
330
22
102
}
330
22
100
AcDbXrecord
280
     1
270
     1
271
     1
  0
XRECORD
  5
27
102
{ACAD_REACTORS
330
22
102
}
330
22
100
AcDbXrecord
280
     1
270
     1
271
     1
  0
XRECORD
  5
26
102
{ACAD_REACTORS
330
22
102
}
330
22
100
AcDbXrecord
280
     1
270
     1
271
     1
  0
XRECORD
  5
28
102
{ACAD_REACTORS
330
22
102
}
330
22
100
AcDbXrecord
280
     1
270
     1
271
     1
  0
XRECORD
  5
25
102
{ACAD_REACTORS
330
22
102
}
330
22
100
AcDbXrecord
280
     1
270
     1
271
     1
  0
CELLSTYLEMAP
  5
7B2
102
{ACAD_REACTORS
330
7B1
102
}
330
7B1
100
AcDbCellStyleMap
 90
        3
300
CELLSTYLE
  1
TABLEFORMAT_BEGIN
 90
        5
170
     1
 91
        0
 92
    32768
 62
   257
 93
        1
300
CONTENTFORMAT
  1
CONTENTFORMAT_BEGIN
 90
        0
 91
        0
 92
      512
 93
        0
300

 40
0.0
140
1.0
 94
        5
 62
     0
340
55
144
0.25
309
CONTENTFORMAT_END
171
     0
 94
        0
309
TABLEFORMAT_END
  1
CELLSTYLE_BEGIN
 90
        1
 91
        1
300
_TITLE
309
CELLSTYLE_END
300
CELLSTYLE
  1
TABLEFORMAT_BEGIN
 90
        5
170
     1
 91
        0
 92
        0
 62
   257
 93
        1
300
CONTENTFORMAT
  1
CONTENTFORMAT_BEGIN
 90
        0
 91
        0
 92
      512
 93
        0
300

 40
0.0
140
1.0
 94
        5
 62
     0
340
55
144
0.18
309
CONTENTFORMAT_END
171
     0
 94
        0
309
TABLEFORMAT_END
  1
CELLSTYLE_BEGIN
 90
        2
 91
        1
300
_HEADER
309
CELLSTYLE_END
300
CELLSTYLE
  1
TABLEFORMAT_BEGIN
 90
        5
170
     1
 91
        0
 92
        0
 62
   257
 93
        1
300
CONTENTFORMAT
  1
CONTENTFORMAT_BEGIN
 90
        0
 91
        0
 92
      512
 93
        0
300

 40
0.0
140
1.0
 94
        2
 62
     0
340
55
144
0.18
309
CONTENTFORMAT_END
171
     0
 94
        0
309
TABLEFORMAT_END
  1
CELLSTYLE_BEGIN
 90
        3
 91
        2
300
_DATA
309
CELLSTYLE_END
  0
ENDSEC
  0
SECTION
  2
ACDSDATA
 70
     2
 71
     8
  0
ACDSSCHEMA
 90
        0
  1
AcDb_Thumbnail_Schema
  2
AcDbDs::ID
280
    10
 91
        8
  2
Thumbnail_Data
280
    15
 91
        0
101
ACDSRECORD
 95
        0
 90
        1
  2
AcDbDs::TreatedAsObjectData
280
     1
291
     1
101
ACDSRECORD
 95
        0
 90
        2
  2
AcDbDs::Legacy
280
     1
291
     1
101
ACDSRECORD
  1
AcDbDs::ID
 90
        3
  2
AcDs:Indexable
280
     1
291
     1
101
ACDSRECORD
  1
AcDbDs::ID
 90
        4
  2
AcDbDs::HandleAttribute
280
     7
282
     1
  0
ACDSSCHEMA
 90
        1
  1
AcDbDs::TreatedAsObjectDataSchema
  2
AcDbDs::TreatedAsObjectData
280
     1
 91
        0
  0
ACDSSCHEMA
 90
        2
  1
AcDbDs::LegacySchema
  2
AcDbDs::Legacy
280
     1
 91
        0
  0
ACDSSCHEMA
 90
        3
  1
AcDbDs::IndexedPropertySchema
  2
AcDs:Indexable
280
     1
 91
        0
  0
ACDSSCHEMA
 90
        4
  1
AcDbDs::HandleAttributeSchema
  2
AcDbDs::HandleAttribute
280
     7
 91
        1
284
     1
  0
ACDSRECORD
 90
        0
  2
AcDbDs::ID
280
    10
320
6F
  2
Thumbnail_Data
280
    15
 94
     1280
310
89504E470D0A1A0A0000000D4948445200000100000000B5080300000087DCD12600000300504C5445FFFFFFFFFFFFFFFFFF0000000000000000000000000000000000000000000000000000330000660000990000CC0000FF0033000033330033660033990033CC0033FF0066000066330066660066990066CC0066FF0099
310
000099330099660099990099CC0099FF00CC0000CC3300CC6600CC9900CCCC00CCFF00FF0000FF3300FF6600FF9900FFCC00FFFF3300003300333300663300993300CC3300FF3333003333333333663333993333CC3333FF3366003366333366663366993366CC3366FF3399003399333399663399993399CC3399FF33CC00
310
33CC3333CC6633CC9933CCCC33CCFF33FF0033FF3333FF6633FF9933FFCC33FFFF6600006600336600666600996600CC6600FF6633006633336633666633996633CC6633FF6666006666336666666666996666CC6666FF6699006699336699666699996699CC6699FF66CC0066CC3366CC6666CC9966CCCC66CCFF66FF0066
310
FF3366FF6666FF9966FFCC66FFFF9900009900339900669900999900CC9900FF9933009933339933669933999933CC9933FF9966009966339966669966999966CC9966FF9999009999339999669999999999CC9999FF99CC0099CC3399CC6699CC9999CCCC99CCFF99FF0099FF3399FF6699FF9999FFCC99FFFFCC0000CC00
310
33CC0066CC0099CC00CCCC00FFCC3300CC3333CC3366CC3399CC33CCCC33FFCC6600CC6633CC6666CC6699CC66CCCC66FFCC9900CC9933CC9966CC9999CC99CCCC99FFCCCC00CCCC33CCCC66CCCC99CCCCCCCCCCFFCCFF00CCFF33CCFF66CCFF99CCFFCCCCFFFFFF0000FF0033FF0066FF0099FF00CCFF00FFFF3300FF3333
310
FF3366FF3399FF33CCFF33FFFF6600FF6633FF6666FF6699FF66CCFF66FFFF9900FF9933FF9966FF9999FF99CCFF99FFFFCC00FFCC33FFCC66FFCC99FFCCCCFFCCFFFFFF00FFFF33FFFF66FFFF99FFFFCCFFFFFF0000000D0D0D1A1A1A2828283535354343435050505D5D5D6B6B6B787878868686939393A1A1A1AEAEAEBB
310
BBBBC9C9C9D6D6D6E4E4E4F1F1F1FFFFFF000000000000000000000000000000000000000000000000000000000000AD4AB4E4000001BB4944415478DAEDDDEB6DC2301406508F73B763B0AE925F9D8321AA2A15B4909067C98D7D3E0911C951129FD8CE0509512E8DA75C4AD3010000000000000000000000000000000000
310
0000000000000000000000000000000000000000000000000000000000000000000000000000000000000000000000000080523E12E45880E3EF2000000000000000203F40AC4A3500B13A3500C4B69C1C20B6E7C400F3FAB789203340EC983302C4BE3919C0929E6D224809B0F0D64EF6BB7F0D13E40088FF4B7FF8DB496A
310
04F89C1CF5F7F76782340065C96C5E38E96F5B036B412A8095DD9C5CF31E00221D40BC0FE0691EA4018877013C105400103316C1F136007900BADF2375A06689AE8B2507BFEF1F032D91EC29F07D557780B22FC0AB1600792AC149807EDECEFEB2EB6400A57180321FE0670700E39FA2DB05F8F3D403000000000035028C16
310
4200DAA8035E947E6D8C00000000006817206A0438F6BFE232005C8FCBE100ADFF62A482000000000000000000000000000000000000000000000000000000000000000000000000000000000000000000000000000000000000000000000000000000000000000000000000D400D078CAB5F17C01F06682DDC63165A70000
310
000049454E44AE426082
  0
ACDSRECORD
 90
        0
  2
AcDbDs::ID
280
    10
320
73
  2
Thumbnail_Data
280
    15
 94
     1044
310
89504E470D0A1A0A0000000D494844520000010000000065080300000095E2CD0900000300504C5445FFFFFFFFFFFFFFFFFF0000000000000000000000000000000000000000000000000000330000660000990000CC0000FF0033000033330033660033990033CC0033FF0066000066330066660066990066CC0066FF0099
310
000099330099660099990099CC0099FF00CC0000CC3300CC6600CC9900CCCC00CCFF00FF0000FF3300FF6600FF9900FFCC00FFFF3300003300333300663300993300CC3300FF3333003333333333663333993333CC3333FF3366003366333366663366993366CC3366FF3399003399333399663399993399CC3399FF33CC00
310
33CC3333CC6633CC9933CCCC33CCFF33FF0033FF3333FF6633FF9933FFCC33FFFF6600006600336600666600996600CC6600FF6633006633336633666633996633CC6633FF6666006666336666666666996666CC6666FF6699006699336699666699996699CC6699FF66CC0066CC3366CC6666CC9966CCCC66CCFF66FF0066
310
FF3366FF6666FF9966FFCC66FFFF9900009900339900669900999900CC9900FF9933009933339933669933999933CC9933FF9966009966339966669966999966CC9966FF9999009999339999669999999999CC9999FF99CC0099CC3399CC6699CC9999CCCC99CCFF99FF0099FF3399FF6699FF9999FFCC99FFFFCC0000CC00
310
33CC0066CC0099CC00CCCC00FFCC3300CC3333CC3366CC3399CC33CCCC33FFCC6600CC6633CC6666CC6699CC66CCCC66FFCC9900CC9933CC9966CC9999CC99CCCC99FFCCCC00CCCC33CCCC66CCCC99CCCCCCCCCCFFCCFF00CCFF33CCFF66CCFF99CCFFCCCCFFFFFF0000FF0033FF0066FF0099FF00CCFF00FFFF3300FF3333
310
FF3366FF3399FF33CCFF33FFFF6600FF6633FF6666FF6699FF66CCFF66FFFF9900FF9933FF9966FF9999FF99CCFF99FFFFCC00FFCC33FFCC66FFCC99FFCCCCFFCCFFFFFF00FFFF33FFFF66FFFF99FFFFCCFFFFFF0000000D0D0D1A1A1A2828283535354343435050505D5D5D6B6B6B787878868686939393A1A1A1AEAEAEBB
310
BBBBC9C9C9D6D6D6E4E4E4F1F1F1FFFFFF000000000000000000000000000000000000000000000000000000000000AD4AB4E4000000CF4944415478DAEDD7010A82401040D1B9FF65BA88A798930486265899A5E53AEF2185500BF3D9D422000000000000803FC8158A8F7FBA02F981E2E39F28417EA3F8F8CD27C84D549C
310
F936770EEB550CD0AF755FB0E6AECFC992A5E61F171BDE1A4A90B147808676C196978068F17EB0678068660B74B35D3C9E76EF0C317C2A577FF3100162B300D16680973BA07FBE59FA41371E2016030C8700F3AB67E100D3570104104080330778F41C50E92EF0E46F649D1D208000029C3640FEC0B1035C76274000000000
310
00000000000010573C4C4D1832DD9A300000000049454E44AE426082
  0
ENDSEC
  0
EOF
