  0
SECTION
  2
HEADER
  9
$ACADVER
  1
AC1032
  9
$ACADMAINTVER
 90
      204
  9
$DWGCODEPAGE
  3
ANSI_1252
  9
$LASTSAVEDBY
  1
duda-
  9
$REQUIREDVERSIONS
160
                 0
  9
$INSBASE
 10
0.0
 20
0.0
 30
0.0
  9
$EXTMIN
 10
-20110.45283275353
 20
9739.6365551702
 30
0.0
  9
$EXTMAX
 10
-5818.522765711327
 20
30038.42237811282
 30
0.0
  9
$LIMMIN
 10
0.0
 20
0.0
  9
$LIMMAX
 10
12.0
 20
9.0
  9
$ORTHOMODE
 70
     0
  9
$REGENMODE
 70
     1
  9
$FILLMODE
 70
     1
  9
$QTEXTMODE
 70
     0
  9
$MIRRTEXT
 70
     0
  9
$LTSCALE
 40
1.0
  9
$ATTMODE
 70
     1
  9
$TEXTSIZE
 40
0.2
  9
$TRACEWID
 40
0.05
  9
$TEXTSTYLE
  7
Standard
  9
$CLAYER
  8
0
  9
$CELTYPE
  6
ByLayer
  9
$CECOLOR
 62
   256
  9
$CELTSCALE
 40
1.0
  9
$DISPSILH
 70
     0
  9
$DIMSCALE
 40
1.0
  9
$DIMASZ
 40
0.18
  9
$DIMEXO
 40
0.0625
  9
$DIMDLI
 40
0.38
  9
$DIMRND
 40
0.0
  9
$DIMDLE
 40
0.0
  9
$DIMEXE
 40
0.18
  9
$DIMTP
 40
0.0
  9
$DIMTM
 40
0.0
  9
$DIMTXT
 40
0.18
  9
$DIMCEN
 40
0.09
  9
$DIMTSZ
 40
0.0
  9
$DIMTOL
 70
     0
  9
$DIMLIM
 70
     0
  9
$DIMTIH
 70
     1
  9
$DIMTOH
 70
     1
  9
$DIMSE1
 70
     0
  9
$DIMSE2
 70
     0
  9
$DIMTAD
 70
     0
  9
$DIMZIN
 70
     0
  9
$DIMBLK
  1

  9
$DIMASO
 70
     1
  9
$DIMSHO
 70
     1
  9
$DIMPOST
  1

  9
$DIMAPOST
  1

  9
$DIMALT
 70
     0
  9
$DIMALTD
 70
     2
  9
$DIMALTF
 40
25.4
  9
$DIMLFAC
 40
1.0
  9
$DIMTOFL
 70
     0
  9
$DIMTVP
 40
0.0
  9
$DIMTIX
 70
     0
  9
$DIMSOXD
 70
     0
  9
$DIMSAH
 70
     0
  9
$DIMBLK1
  1

  9
$DIMBLK2
  1

  9
$DIMSTYLE
  2
Standard
  9
$DIMCLRD
 70
     0
  9
$DIMCLRE
 70
     0
  9
$DIMCLRT
 70
     0
  9
$DIMTFAC
 40
1.0
  9
$DIMGAP
 40
0.09
  9
$DIMJUST
 70
     0
  9
$DIMSD1
 70
     0
  9
$DIMSD2
 70
     0
  9
$DIMTOLJ
 70
     1
  9
$DIMTZIN
 70
     0
  9
$DIMALTZ
 70
     0
  9
$DIMALTTZ
 70
     0
  9
$DIMUPT
 70
     0
  9
$DIMDEC
 70
     4
  9
$DIMTDEC
 70
     4
  9
$DIMALTU
 70
     2
  9
$DIMALTTD
 70
     2
  9
$DIMTXSTY
  7
Standard
  9
$DIMAUNIT
 70
     0
  9
$DIMADEC
 70
     0
  9
$DIMALTRND
 40
0.0
  9
$DIMAZIN
 70
     0
  9
$DIMDSEP
 70
    46
  9
$DIMATFIT
 70
     3
  9
$DIMFRAC
 70
     0
  9
$DIMLDRBLK
  1

  9
$DIMLUNIT
 70
     2
  9
$DIMLWD
 70
    -2
  9
$DIMLWE
 70
    -2
  9
$DIMTMOVE
 70
     0
  9
$DIMFXL
 40
1.0
  9
$DIMFXLON
 70
     0
  9
$DIMJOGANG
 40
0.7853981633974483
  9
$DIMTFILL
 70
     0
  9
$DIMTFILLCLR
 70
     0
  9
$DIMARCSYM
 70
     0
  9
$DIMLTYPE
  6

  9
$DIMLTEX1
  6

  9
$DIMLTEX2
  6

  9
$DIMTXTDIRECTION
 70
     0
  9
$LUNITS
 70
     2
  9
$LUPREC
 70
     4
  9
$SKETCHINC
 40
0.1
  9
$FILLETRAD
 40
0.0
  9
$AUNITS
 70
     0
  9
$AUPREC
 70
     0
  9
$MENU
  1
.
  9
$ELEVATION
 40
0.0
  9
$PELEVATION
 40
0.0
  9
$THICKNESS
 40
0.0
  9
$LIMCHECK
 70
     0
  9
$CHAMFERA
 40
0.0
  9
$CHAMFERB
 40
0.0
  9
$CHAMFERC
 40
0.0
  9
$CHAMFERD
 40
0.0
  9
$SKPOLY
 70
     0
  9
$TDCREATE
 40
2460730.637013889
  9
$TDUCREATE
 40
2460730.762013889
  9
$TDUPDATE
 40
2460739.024780093
  9
$TDUUPDATE
 40
2460739.149780093
  9
$TDINDWG
 40
0.0516550926
  9
$TDUSRTIMER
 40
0.0516550926
  9
$USRTIMER
 70
     1
  9
$ANGBASE
 50
0.0
  9
$ANGDIR
 70
     0
  9
$PDMODE
 70
     0
  9
$PDSIZE
 40
0.0
  9
$PLINEWID
 40
0.0
  9
$SPLFRAME
 70
     0
  9
$SPLINETYPE
 70
     6
  9
$SPLINESEGS
 70
     8
  9
$HANDSEED
  5
984
  9
$SURFTAB1
 70
     6
  9
$SURFTAB2
 70
     6
  9
$SURFTYPE
 70
     6
  9
$SURFU
 70
     6
  9
$SURFV
 70
     6
  9
$UCSBASE
  2

  9
$UCSNAME
  2

  9
$UCSORG
 10
0.0
 20
0.0
 30
0.0
  9
$UCSXDIR
 10
1.0
 20
0.0
 30
0.0
  9
$UCSYDIR
 10
0.0
 20
1.0
 30
0.0
  9
$UCSORTHOREF
  2

  9
$UCSORTHOVIEW
 70
     0
  9
$UCSORGTOP
 10
0.0
 20
0.0
 30
0.0
  9
$UCSORGBOTTOM
 10
0.0
 20
0.0
 30
0.0
  9
$UCSORGLEFT
 10
0.0
 20
0.0
 30
0.0
  9
$UCSORGRIGHT
 10
0.0
 20
0.0
 30
0.0
  9
$UCSORGFRONT
 10
0.0
 20
0.0
 30
0.0
  9
$UCSORGBACK
 10
0.0
 20
0.0
 30
0.0
  9
$PUCSBASE
  2

  9
$PUCSNAME
  2

  9
$PUCSORG
 10
0.0
 20
0.0
 30
0.0
  9
$PUCSXDIR
 10
1.0
 20
0.0
 30
0.0
  9
$PUCSYDIR
 10
0.0
 20
1.0
 30
0.0
  9
$PUCSORTHOREF
  2

  9
$PUCSORTHOVIEW
 70
     0
  9
$PUCSORGTOP
 10
0.0
 20
0.0
 30
0.0
  9
$PUCSORGBOTTOM
 10
0.0
 20
0.0
 30
0.0
  9
$PUCSORGLEFT
 10
0.0
 20
0.0
 30
0.0
  9
$PUCSORGRIGHT
 10
0.0
 20
0.0
 30
0.0
  9
$PUCSORGFRONT
 10
0.0
 20
0.0
 30
0.0
  9
$PUCSORGBACK
 10
0.0
 20
0.0
 30
0.0
  9
$USERI1
 70
     0
  9
$USERI2
 70
     0
  9
$USERI3
 70
     0
  9
$USERI4
 70
     0
  9
$USERI5
 70
     0
  9
$USERR1
 40
0.0
  9
$USERR2
 40
0.0
  9
$USERR3
 40
0.0
  9
$USERR4
 40
0.0
  9
$USERR5
 40
0.0
  9
$WORLDVIEW
 70
     1
  9
$SHADEDGE
 70
     3
  9
$SHADEDIF
 70
    70
  9
$TILEMODE
 70
     1
  9
$MAXACTVP
 70
    64
  9
$PINSBASE
 10
0.0
 20
0.0
 30
0.0
  9
$PLIMCHECK
 70
     0
  9
$PEXTMIN
 10
64.27901684485153
 20
59.47287840171589
 30
-0.0015258207003583
  9
$PEXTMAX
 10
274.3012221009852
 20
356.5108803466415
 30
0.0000000349246037
  9
$PLIMMIN
 10
64.27901684485153
 20
59.47287840171589
  9
$PLIMMAX
 10
484.5984757423225
 20
356.6684553999278
  9
$UNITMODE
 70
     0
  9
$VISRETAIN
 70
     1
  9
$PLINEGEN
 70
     0
  9
$PSLTSCALE
 70
     0
  9
$TREEDEPTH
 70
  3020
  9
$CMLSTYLE
  2
Standard
  9
$CMLJUST
 70
     0
  9
$CMLSCALE
 40
1.0
  9
$PROXYGRAPHICS
 70
     1
  9
$MEASUREMENT
 70
     1
  9
$CELWEIGHT
370
    -1
  9
$ENDCAPS
280
     0
  9
$JOINSTYLE
280
     0
  9
$LWDISPLAY
290
     0
  9
$INSUNITS
 70
     4
  9
$HYPERLINKBASE
  1

  9
$STYLESHEET
  1

  9
$XEDIT
290
     1
  9
$CEPSNTYPE
380
     0
  9
$PSTYLEMODE
290
     1
  9
$FINGERPRINTGUID
  2
{DD168841-2AFC-AF42-BB10-23C7AEB326F3}
  9
$VERSIONGUID
  2
{31FC3956-9507-8C42-8D40-921B16B63EDE}
  9
$EXTNAMES
290
     1
  9
$PSVPSCALE
 40
0.0
  9
$OLESTARTUP
290
     0
  9
$SORTENTS
280
   127
  9
$INDEXCTL
280
     0
  9
$HIDETEXT
280
     1
  9
$XCLIPFRAME
280
     2
  9
$HALOGAP
280
     0
  9
$OBSCOLOR
 70
   257
  9
$OBSLTYPE
280
     0
  9
$INTERSECTIONDISPLAY
280
     0
  9
$INTERSECTIONCOLOR
 70
   257
  9
$DIMASSOC
280
     2
  9
$PROJECTNAME
  1

  9
$CAMERADISPLAY
290
     0
  9
$LENSLENGTH
 40
50.0
  9
$CAMERAHEIGHT
 40
0.0
  9
$STEPSPERSEC
 40
2.0
  9
$STEPSIZE
 40
6.0
  9
$3DDWFPREC
 40
2.0
  9
$PSOLWIDTH
 40
0.25
  9
$PSOLHEIGHT
 40
4.0
  9
$LOFTANG1
 40
1.570796326794896
  9
$LOFTANG2
 40
1.570796326794896
  9
$LOFTMAG1
 40
0.0
  9
$LOFTMAG2
 40
0.0
  9
$LOFTPARAM
 70
     7
  9
$LOFTNORMALS
280
     1
  9
$LATITUDE
 40
0.0
  9
$LONGITUDE
 40
0.0
  9
$NORTHDIRECTION
 40
0.0
  9
$TIMEZONE
 70
     0
  9
$LIGHTGLYPHDISPLAY
280
     1
  9
$TILEMODELIGHTSYNCH
280
     1
  9
$CMATERIAL
347
11
  9
$SOLIDHIST
280
     0
  9
$SHOWHIST
280
     1
  9
$DWFFRAME
280
     2
  9
$DGNFRAME
280
     0
  9
$REALWORLDSCALE
290
     1
  9
$INTERFERECOLOR
 62
     1
  9
$INTERFEREOBJVS
345
33
  9
$INTERFEREVPVS
346
30
  9
$CSHADOW
280
     0
  9
$SHADOWPLANELOCATION
 40
0.0
  0
ENDSEC
  0
SECTION
  2
CLASSES
  0
CLASS
  1
ACDBDICTIONARYWDFLT
  2
AcDbDictionaryWithDefault
  3
ObjectDBX Classes
 90
        0
 91
        1
280
     0
281
     0
  0
CLASS
  1
MATERIAL
  2
AcDbMaterial
  3
ObjectDBX Classes
 90
     1153
 91
        3
280
     0
281
     0
  0
CLASS
  1
VISUALSTYLE
  2
AcDbVisualStyle
  3
ObjectDBX Classes
 90
     4095
 91
       24
280
     0
281
     0
  0
CLASS
  1
SCALE
  2
AcDbScale
  3
ObjectDBX Classes
 90
     1153
 91
       17
280
     0
281
     0
  0
CLASS
  1
TABLESTYLE
  2
AcDbTableStyle
  3
ObjectDBX Classes
 90
     4095
 91
        1
280
     0
281
     0
  0
CLASS
  1
MLEADERSTYLE
  2
AcDbMLeaderStyle
  3
ACDB_MLEADERSTYLE_CLASS
 90
     4095
 91
        1
280
     0
281
     0
  0
CLASS
  1
ACDBSECTIONVIEWSTYLE
  2
AcDbSectionViewStyle
  3
ObjectDBX Classes
 90
     1025
 91
        2
280
     0
281
     0
  0
CLASS
  1
ACDBDETAILVIEWSTYLE
  2
AcDbDetailViewStyle
  3
ObjectDBX Classes
 90
     1025
 91
        2
280
     0
281
     0
  0
CLASS
  1
RASTERVARIABLES
  2
AcDbRasterVariables
  3
ISM
 90
        0
 91
        1
280
     0
281
     0
  0
CLASS
  1
DICTIONARYVAR
  2
AcDbDictionaryVar
  3
ObjectDBX Classes
 90
        0
 91
        5
280
     0
281
     0
  0
CLASS
  1
SORTENTSTABLE
  2
AcDbSortentsTable
  3
ObjectDBX Classes
 90
        0
 91
        1
280
     0
281
     0
  0
CLASS
  1
SUN
  2
AcDbSun
  3
SCENEOE
 90
     1153
 91
        1
280
     0
281
     0
  0
CLASS
  1
RAPIDRTRENDERSETTINGS
  2
AcDbRapidRTRenderSettings
  3
ObjectDBX Classes
 90
     1024
 91
        7
280
     0
281
     0
  0
CLASS
  1
CELLSTYLEMAP
  2
AcDbCellStyleMap
  3
ObjectDBX Classes
 90
     1152
 91
        1
280
     0
281
     0
  0
ENDSEC
  0
SECTION
  2
TABLES
  0
TABLE
  2
VPORT
  5
8
330
0
100
AcDbSymbolTable
 70
     1
  0
VPORT
  5
57
330
8
100
AcDbSymbolTableRecord
100
AcDbViewportTableRecord
  2
*Active
 70
     0
 10
0.0
 20
0.0
 11
1.0
 21
1.0
 12
-12289.29031184857
 22
15704.97559839647
 13
0.0
 23
0.0
 14
1.0
 24
1.0
 15
0.0
 25
0.0
 16
0.0
 26
0.0
 36
1.0
 17
0.0
 27
0.0
 37
0.0
 40
33307.56284313221
 41
2.531208499335989
 42
50.0
 43
0.0
 44
0.0
 50
0.0
 51
0.0
 71
     0
 72
  1000
 73
     1
 74
     1
 75
     0
 76
     0
 77
     0
 78
     0
281
     0
 65
     1
110
0.0
120
0.0
130
0.0
111
1.0
121
0.0
131
0.0
112
0.0
122
1.0
132
0.0
 79
     0
146
0.0
348
2F
 60
     3
 61
     5
292
     1
282
     1
141
0.0
142
0.0
 63
   250
421
  3355443
361
8B0
1001
ACAD_NAV_VCDISPLAY
1070
     3
  0
ENDTAB
  0
TABLE
  2
LTYPE
  5
5
330
0
100
AcDbSymbolTable
 70
     1
  0
LTYPE
  5
5B
330
5
100
AcDbSymbolTableRecord
100
AcDbLinetypeTableRecord
  2
ByBlock
 70
     0
  3

 72
    65
 73
     0
 40
0.0
  0
LTYPE
  5
5C
330
5
100
AcDbSymbolTableRecord
100
AcDbLinetypeTableRecord
  2
ByLayer
 70
     0
  3

 72
    65
 73
     0
 40
0.0
  0
LTYPE
  5
5D
330
5
100
AcDbSymbolTableRecord
100
AcDbLinetypeTableRecord
  2
Continuous
 70
     0
  3
Solid line
 72
    65
 73
     0
 40
0.0
  0
ENDTAB
  0
TABLE
  2
LAYER
  5
2
102
{ACAD_XDICTIONARY
360
8CD
102
}
330
0
100
AcDbSymbolTable
 70
     9
  0
LAYER
  5
54
330
2
100
AcDbSymbolTableRecord
100
AcDbLayerTableRecord
  2
0
 70
     0
 62
   250
  6
Continuous
370
    25
390
F
347
21
348
0
  0
LAYER
  5
81
330
2
100
AcDbSymbolTableRecord
100
AcDbLayerTableRecord
  2
A-JAN-___-___-EXI
 70
     0
 62
   250
  6
Continuous
370
    25
390
F
347
21
348
0
  0
LAYER
  5
82
330
2
100
AcDbSymbolTableRecord
100
AcDbLayerTableRecord
  2
A-COB-___-___-EXI
 70
     0
 62
   250
  6
Continuous
370
    25
390
F
347
21
348
0
  0
LAYER
  5
155
330
2
100
AcDbSymbolTableRecord
100
AcDbLayerTableRecord
  2
A-ESC-___-___-EXI
 70
     0
 62
   250
  6
Continuous
370
    25
390
F
347
21
348
0
  0
LAYER
  5
899
330
2
100
AcDbSymbolTableRecord
100
AcDbLayerTableRecord
  2
A-ALV-___-___-EXI
 70
     0
 62
   250
  6
Continuous
370
    35
390
F
347
21
348
0
  0
LAYER
  5
89F
330
2
100
AcDbSymbolTableRecord
100
AcDbLayerTableRecord
  2
A-POR-___-___-EXI
 70
     0
 62
   250
  6
Continuous
370
    25
390
F
347
21
348
0
  0
LAYER
  5
8A1
330
2
100
AcDbSymbolTableRecord
100
AcDbLayerTableRecord
  2
A-PIS-___-___-EXI
 70
     0
 62
   250
  6
Continuous
370
    25
390
F
347
21
348
0
  0
LAYER
  5
96F
330
2
100
AcDbSymbolTableRecord
100
AcDbLayerTableRecord
  2
A-MOB-___-___-EXI
 70
     0
 62
   250
  6
Continuous
370
    25
390
F
347
21
348
0
1001
AcAecLayerStandard
1000

1000

1001
AcCmTransparency
1071
        0
  0
LAYER
  5
972
330
2
100
AcDbSymbolTableRecord
100
AcDbLayerTableRecord
  2
A-CER-___-___-EXI
 70
     0
 62
   250
  6
Continuous
370
    25
390
F
347
21
348
0
1001
AcAecLayerStandard
1000

1000

1001
AcCmTransparency
1071
        0
  0
ENDTAB
  0
TABLE
  2
STYLE
  5
3
330
0
100
AcDbSymbolTable
 70
     2
  0
STYLE
  5
55
330
3
100
AcDbSymbolTableRecord
100
AcDbTextStyleTableRecord
  2
Standard
 70
     0
 40
0.0
 41
1.0
 50
0.0
 71
     0
 42
0.2
  3
txt
  4

  0
STYLE
  5
5A
330
3
100
AcDbSymbolTableRecord
100
AcDbTextStyleTableRecord
  2
Annotative
 70
     0
 40
0.0
 41
1.0
 50
0.0
 71
     0
 42
0.2
  3
txt
  4

1001
AcadAnnotative
1000
AnnotativeData
1002
{
1070
     1
1070
     1
1002
}
  0
ENDTAB
  0
TABLE
  2
VIEW
  5
6
330
0
100
AcDbSymbolTable
 70
     0
  0
ENDTAB
  0
TABLE
  2
UCS
  5
7
330
0
100
AcDbSymbolTable
 70
     0
  0
ENDTAB
  0
TABLE
  2
APPID
  5
9
330
0
100
AcDbSymbolTable
 70
     7
  0
APPID
  5
56
330
9
100
AcDbSymbolTableRecord
100
AcDbRegAppTableRecord
  2
ACAD
 70
     0
  0
APPID
  5
5E
330
9
100
AcDbSymbolTableRecord
100
AcDbRegAppTableRecord
  2
AcadAnnotative
 70
     0
  0
APPID
  5
78
330
9
100
AcDbSymbolTableRecord
100
AcDbRegAppTableRecord
  2
REVIT
 70
     0
  0
APPID
  5
8C0
330
9
100
AcDbSymbolTableRecord
100
AcDbRegAppTableRecord
  2
ACAD_PSEXT
 70
     0
  0
APPID
  5
967
330
9
100
AcDbSymbolTableRecord
100
AcDbRegAppTableRecord
  2
ACAD_NAV_VCDISPLAY
 70
     0
  0
APPID
  5
970
330
9
100
AcDbSymbolTableRecord
100
AcDbRegAppTableRecord
  2
AcAecLayerStandard
 70
     0
  0
APPID
  5
971
330
9
100
AcDbSymbolTableRecord
100
AcDbRegAppTableRecord
  2
AcCmTransparency
 70
     0
  0
ENDTAB
  0
TABLE
  2
DIMSTYLE
  5
A
330
0
100
AcDbSymbolTable
 70
     2
100
AcDbDimStyleTable
 71
     0
  0
DIMSTYLE
105
58
330
A
100
AcDbSymbolTableRecord
100
AcDbDimStyleTableRecord
  2
Standard
 70
     0
340
55
  0
DIMSTYLE
105
59
330
A
100
AcDbSymbolTableRecord
100
AcDbDimStyleTableRecord
  2
Annotative
 70
     0
340
55
1001
AcadAnnotative
1000
AnnotativeData
1002
{
1070
     1
1070
     1
1002
}
  0
ENDTAB
  0
TABLE
  2
BLOCK_RECORD
  5
1
330
0
100
AcDbSymbolTable
 70
     1
  0
BLOCK_RECORD
  5
70
102
{ACAD_XDICTIONARY
360
8AE
102
}
330
1
100
AcDbSymbolTableRecord
100
AcDbBlockTableRecord
  2
*Model_Space
340
73
 70
     0
280
     1
281
     0
  0
BLOCK_RECORD
  5
6C
330
1
100
AcDbSymbolTableRecord
100
AcDbBlockTableRecord
  2
*Paper_Space
340
6F
 70
     0
280
     1
281
     0
  0
BLOCK_RECORD
  5
8A0
330
1
100
AcDbSymbolTableRecord
100
AcDbBlockTableRecord
  2
SVG - A4-23005949-Não nomeada
340
0
102
{BLKREFS
331
8A8
102
}
 70
     0
280
     1
281
     0
  0
ENDTAB
  0
ENDSEC
  0
SECTION
  2
BLOCKS
  0
BLOCK
  5
71
330
70
100
AcDbEntity
  8
0
100
AcDbBlockBegin
  2
*Model_Space
 70
     0
 10
0.0
 20
0.0
 30
0.0
  3
*Model_Space
  1

  0
ENDBLK
  5
72
330
70
100
AcDbEntity
  8
0
100
AcDbBlockEnd
  0
BLOCK
  5
6D
330
6C
100
AcDbEntity
 67
     1
  8
0
100
AcDbBlockBegin
  2
*Paper_Space
 70
     0
 10
0.0
 20
0.0
 30
0.0
  3
*Paper_Space
  1

  0
ENDBLK
  5
6E
330
6C
100
AcDbEntity
 67
     1
  8
0
100
AcDbBlockEnd
  0
BLOCK
  5
8A6
330
8A0
100
AcDbEntity
  8
0
100
AcDbBlockBegin
  2
SVG - A4-23005949-Não nomeada
 70
     0
 10
0.0
 20
0.0
 30
0.0
  3
SVG - A4-23005949-Não nomeada
  1

  0
LINE
  5
8A2
330
8A0
100
AcDbEntity
  8
A-PIS-___-___-EXI
100
AcDbLine
 10
64.29285070883699
 20
356.4999999999859
 30
0.0
 11
64.29285070883699
 21
59.49999999998593
 31
0.0
1001
REVIT
1002
{
1070
     1
1000
23005976
1002
}
1002
{
1070
     5
1000
23005949
1002
}
1002
{
1070
     3
1000
-2000281
1002
}
  0
LINE
  5
8A3
330
8A0
100
AcDbEntity
  8
A-PIS-___-___-EXI
100
AcDbLine
 10
64.29285070883699
 20
59.49999999998593
 30
0.0
 11
274.292850708837
 21
59.49999999998593
 31
0.0
1001
REVIT
1002
{
1070
     1
1000
23005976
1002
}
1002
{
1070
     5
1000
23005949
1002
}
1002
{
1070
     3
1000
-2000281
1002
}
  0
LINE
  5
8A4
330
8A0
100
AcDbEntity
  8
A-PIS-___-___-EXI
100
AcDbLine
 10
274.292850708837
 20
59.49999999998593
 30
0.0
 11
274.292850708837
 21
356.4999999999859
 31
0.0
1001
REVIT
1002
{
1070
     1
1000
23005976
1002
}
1002
{
1070
     5
1000
23005949
1002
}
1002
{
1070
     3
1000
-2000281
1002
}
  0
LINE
  5
8A5
330
8A0
100
AcDbEntity
  8
A-PIS-___-___-EXI
100
AcDbLine
 10
274.292850708837
 20
356.4999999999859
 30
0.0
 11
64.29285070883699
 21
356.4999999999859
 31
0.0
1001
REVIT
1002
{
1070
     1
1000
23005976
1002
}
1002
{
1070
     5
1000
23005949
1002
}
1002
{
1070
     3
1000
-2000281
1002
}
  0
ENDBLK
  5
8A7
330
8A0
100
AcDbEntity
  8
0
100
AcDbBlockEnd
  0
ENDSEC
  0
SECTION
  2
ENTITIES
  0
HATCH
  5
87
330
70
100
AcDbEntity
  8
A-CER-___-___-EXI
 62
     7
100
AcDbHatch
 10
0.0
 20
0.0
 30
0.0
210
0.0
220
0.0
230
1.0
  2
SOLID
 70
     1
 71
     0
 91
        1
 92
        1
 93
        4
 72
     1
 10
-10655.6099880717
 20
29295.52502314283
 11
-10655.6099880717
 21
29392.21959950401
 72
     1
 10
-10655.6099880717
 20
29392.21959950401
 11
-12037.63490874608
 21
29392.21959950401
 72
     1
 10
-12037.63490874608
 20
29392.21959950401
 11
-11986.52372159291
 21
29388.6435608124
 72
     1
 10
-11986.52372159291
 20
29388.6435608124
 11
-10655.6099880717
 21
29295.52502314283
 97
        0
 75
     0
 76
     1
 98
        1
 10
0.0
 20
0.0
450
        0
451
        0
460
0.0
461
0.0
452
        0
462
0.0
453
        0
470

1001
REVIT
1002
{
1070
     1
1000
22999551
1002
}
1002
{
1070
     5
1000
22999545
1002
}
1002
{
1070
     2
1000
-2002000
1002
}
  0
HATCH
  5
8C
330
70
100
AcDbEntity
  8
A-CER-___-___-EXI
 62
     7
100
AcDbHatch
 10
0.0
 20
0.0
 30
0.0
210
0.0
220
0.0
230
1.0
  2
SOLID
 70
     1
 71
     0
 91
        1
 92
        1
 93
        4
 72
     1
 10
-11986.52372159291
 20
29295.52502314283
 11
-10655.6099880717
 21
29295.52502314283
 72
     1
 10
-10655.6099880717
 20
29295.52502314283
 11
-12037.63490874608
 21
29392.21959950401
 72
     1
 10
-12037.63490874608
 20
29392.21959950401
 11
-12037.63490874608
 21
29295.52502314283
 72
     1
 10
-12037.63490874608
 20
29295.52502314283
 11
-11986.52372159291
 21
29295.52502314283
 97
        0
 75
     0
 76
     1
 98
        1
 10
0.0
 20
0.0
450
        0
451
        0
460
0.0
461
0.0
452
        0
462
0.0
453
        0
470

1001
REVIT
1002
{
1070
     1
1000
22999557
1002
}
1002
{
1070
     5
1000
22999545
1002
}
1002
{
1070
     2
1000
-2002000
1002
}
  0
HATCH
  5
90
330
70
100
AcDbEntity
  8
A-CER-___-___-EXI
 62
     7
100
AcDbHatch
 10
0.0
 20
0.0
 30
0.0
210
0.0
220
0.0
230
1.0
  2
SOLID
 70
     1
 71
     0
 91
        1
 92
        1
 93
        3
 72
     1
 10
-13047.0319497847
 20
29314.39225755476
 11
-13047.0319497847
 21
29404.01162101145
 72
     1
 10
-13047.0319497847
 20
29404.01162101145
 11
-14429.05687045909
 21
29404.01162101145
 72
     1
 10
-14429.05687045909
 20
29404.01162101145
 11
-13047.0319497847
 21
29314.39225755476
 97
        0
 75
     0
 76
     1
 98
        1
 10
0.0
 20
0.0
450
        0
451
        0
460
0.0
461
0.0
452
        0
462
0.0
453
        0
470

1001
REVIT
1002
{
1070
     1
1000
22999563
1002
}
1002
{
1070
     5
1000
22999545
1002
}
1002
{
1070
     2
1000
-2002000
1002
}
  0
HATCH
  5
94
330
70
100
AcDbEntity
  8
A-CER-___-___-EXI
 62
     7
100
AcDbHatch
 10
0.0
 20
0.0
 30
0.0
210
0.0
220
0.0
230
1.0
  2
SOLID
 70
     1
 71
     0
 91
        1
 92
        1
 93
        3
 72
     1
 10
-14429.05687045909
 20
29314.39225755475
 11
-13047.0319497847
 21
29314.39225755476
 72
     1
 10
-13047.0319497847
 20
29314.39225755476
 11
-14429.05687045909
 21
29404.01162101145
 72
     1
 10
-14429.05687045909
 20
29404.01162101145
 11
-14429.05687045909
 21
29314.39225755475
 97
        0
 75
     0
 76
     1
 98
        1
 10
0.0
 20
0.0
450
        0
451
        0
460
0.0
461
0.0
452
        0
462
0.0
453
        0
470

1001
REVIT
1002
{
1070
     1
1000
22999569
1002
}
1002
{
1070
     5
1000
22999545
1002
}
1002
{
1070
     2
1000
-2002000
1002
}
  0
HATCH
  5
154
330
70
100
AcDbEntity
  8
A-ALV-___-___-EXI
 62
    11
100
AcDbHatch
 10
0.0
 20
0.0
 30
0.0
210
0.0
220
0.0
230
1.0
  2
SOLID
 70
     1
 71
     0
 91
       14
 92
        1
 93
       42
 72
     1
 10
-19777.91782624315
 20
10083.96358318801
 11
-18419.47694858369
 21
10133.49007351935
 72
     1
 10
-18419.47694858369
 20
10133.49007351935
 11
-18431.26897009115
 21
10470.74188863272
 72
     1
 10
-18431.26897009115
 20
10470.74188863272
 11
-19483.11728855663
 21
10447.15784561779
 72
     1
 10
-19483.11728855663
 20
10447.15784561779
 11
-19499.62611866709
 21
13822.03440105302
 72
     1
 10
-19499.62611866709
 20
13822.03440105302
 11
-15872.40030297221
 21
13888.06972149481
 72
     1
 10
-15872.40030297221
 20
13888.06972149481
 11
-15877.1171115752
 21
12850.37182883828
 72
     1
 10
-15877.1171115752
 20
12850.37182883828
 11
-15563.44933947674
 21
12850.37182883828
 72
     1
 10
-15563.44933947674
 20
12850.37182883828
 11
-15570.52455238122
 21
13810.24237954557
 72
     1
 10
-15570.52455238122
 20
13810.24237954557
 11
-14502.16740380529
 21
13826.75120965602
 72
     1
 10
-14502.16740380529
 20
13826.75120965602
 11
-14502.16740380529
 21
14128.62696024701
 72
     1
 10
-14502.16740380529
 20
14128.62696024701
 11
-15563.44933947674
 21
14112.11813013656
 72
     1
 10
-15563.44933947674
 20
14112.11813013656
 11
-15617.69263841108
 21
17986.97639748811
 72
     1
 10
-15617.69263841108
 20
17986.97639748811
 11
-15063.46762756043
 21
17986.97639748811
 72
     1
 10
-15063.46762756043
 20
17986.97639748811
 11
-15068.18443616341
 21
18288.8521480791
 72
     1
 10
-15068.18443616341
 20
18288.8521480791
 11
-15872.40030297222
 21
18288.8521480791
 72
     1
 10
-15872.40030297222
 20
18288.8521480791
 11
-15895.98434598715
 21
19194.47939985207
 72
     1
 10
-15895.98434598715
 20
19194.47939985207
 11
-16306.34669444678
 21
19213.34663426401
 72
     1
 10
-16306.34669444678
 20
19213.34663426401
 11
-16348.79797187363
 21
18272.34331796865
 72
     1
 10
-16348.79797187363
 20
18272.34331796865
 11
-18999.64440675077
 21
18258.19289215969
 72
     1
 10
-18999.64440675077
 20
18258.19289215969
 11
-18992.5691938463
 21
21767.49849277996
 72
     1
 10
-18992.5691938463
 20
21767.49849277996
 11
-16197.86009657815
 21
21701.4631723382
 72
     1
 10
-16197.86009657815
 20
21701.4631723382
 11
-16275.68743852738
 21
20118.97388603698
 72
     1
 10
-16275.68743852738
 20
20118.97388603698
 11
-15919.56838900208
 21
20100.10665162505
 72
     1
 10
-15919.56838900208
 20
20100.10665162505
 11
-15950.22764492147
 21
21694.38795943372
 72
     1
 10
-15950.22764492147
 20
21694.38795943372
 11
-15721.46242767674
 21
21689.67115083073
 72
     1
 10
-15721.46242767674
 20
21689.67115083073
 11
-15714.38721477226
 21
21991.54690142173
 72
     1
 10
-15714.38721477226
 20
21991.54690142173
 11
-18987.85238524333
 21
22069.37424337096
 72
     1
 10
-18987.85238524333
 20
22069.37424337096
 11
-18895.87461748514
 21
24531.54833412873
 72
     1
 10
-18895.87461748514
 20
24531.54833412873
 11
-18202.50375284645
 21
24526.83152552575
 72
     1
 10
-18202.50375284645
 20
24526.83152552575
 11
-18202.50375284646
 21
24828.70727611673
 72
     1
 10
-18202.50375284646
 20
24828.70727611673
 11
-19193.03355947315
 21
24840.49929762419
 72
     1
 10
-19193.03355947315
 20
24840.49929762419
 11
-19452.45803263726
 21
17456.33542965237
 72
     1
 10
-19452.45803263726
 20
17456.33542965237
 11
-19112.84781322239
 21
17420.95936512999
 72
     1
 10
-19112.84781322239
 20
17420.95936512999
 11
-19065.67972719255
 21
17909.14905553886
 72
     1
 10
-19065.67972719255
 20
17909.14905553886
 11
-15919.56838900207
 21
17920.94107704633
 72
     1
 10
-15919.56838900207
 20
17920.94107704633
 11
-15877.1171115752
 21
14189.9454720858
 72
     1
 10
-15877.1171115752
 20
14189.9454720858
 11
-19464.25005414471
 21
14171.07823767385
 72
     1
 10
-19464.25005414471
 20
14171.07823767385
 11
-19209.54238958357
 21
16520.04892196
 72
     1
 10
-19209.54238958357
 20
16520.04892196
 11
-19511.41814017455
 21
16550.7081778794
 72
     1
 10
-19511.41814017455
 20
16550.7081778794
 11
-19801.50186925808
 21
13791.37514513358
 72
     1
 10
-19801.50186925808
 20
13791.37514513358
 11
-19797.71287026762
 21
13195.74450383319
 72
     1
 10
-19797.71287026762
 20
13195.74450383319
 11
-19777.91782624315
 21
10083.96358318801
 97
        0
 92
        1
 93
        8
 72
     1
 10
-17617.61948607636
 20
10164.14932943875
 11
-14730.93262105002
 21
10272.6359273074
 72
     1
 10
-14730.93262105002
 20
10272.6359273074
 11
-14742.72464255748
 21
10574.51167789839
 72
     1
 10
-14742.72464255748
 20
10574.51167789839
 11
-15551.65731796927
 21
10543.85242197899
 72
     1
 10
-15551.65731796927
 20
10543.85242197899
 11
-15558.73253087375
 21
11642.86882647431
 72
     1
 10
-15558.73253087375
 20
11642.86882647431
 11
-15877.11711157519
 21
11642.86882647431
 72
     1
 10
-15877.11711157519
 20
11642.86882647431
 11
-15884.19232447966
 21
10532.06040047153
 72
     1
 10
-15884.19232447966
 20
10532.06040047153
 11
-17629.41150758383
 21
10489.60912304466
 72
     1
 10
-17629.41150758383
 20
10489.60912304466
 11
-17617.61948607636
 21
10164.14932943875
 97
        0
 92
        1
 93
       17
 72
     1
 10
-13721.53558001139
 20
10315.08720473426
 11
-6096.814473287378
 21
10609.8877424208
 72
     1
 10
-6096.814473287378
 20
10609.8877424208
 11
-6386.898202370924
 21
14437.5779237425
 72
     1
 10
-6386.898202370924
 20
14437.5779237425
 11
-9563.668796480838
 21
14220.60472800521
 72
     1
 10
-9563.668796480838
 20
14220.60472800521
 11
-11054.18031502382
 21
14182.87025918134
 72
     1
 10
-11054.18031502382
 20
14182.87025918134
 11
-11042.38829351636
 21
13876.27769998737
 72
     1
 10
-11042.38829351636
 20
13876.27769998737
 11
-10492.88009126869
 21
13869.20248708289
 72
     1
 10
-10492.88009126869
 20
13869.20248708289
 11
-10474.01285685676
 21
13442.33130851281
 72
     1
 10
-10474.01285685676
 20
13442.33130851281
 11
-10167.42029766278
 21
13458.84013862326
 72
     1
 10
-10167.42029766278
 20
13458.84013862326
 11
-10183.92912777323
 21
13869.20248708289
 72
     1
 10
-10183.92912777323
 20
13869.20248708289
 11
-6665.18990994699
 21
14112.11813013659
 72
     1
 10
-6665.18990994699
 20
14112.11813013659
 11
-6398.690223878373
 21
10888.17944999686
 72
     1
 10
-6398.690223878373
 20
10888.17944999686
 11
-9974.03114494042
 21
10760.82561771628
 72
     1
 10
-9974.03114494042
 20
10760.82561771628
 11
-10099.02657291951
 21
12506.04480082045
 72
     1
 10
-10099.02657291951
 20
12506.04480082045
 11
-10407.97753641498
 21
12482.46075780553
 72
     1
 10
-10407.97753641498
 20
12482.46075780553
 11
-10280.62370413439
 21
10753.7504048118
 72
     1
 10
-10280.62370413439
 20
10753.7504048118
 11
-13735.68600582035
 21
10621.67976392824
 72
     1
 10
-13735.68600582035
 20
10621.67976392824
 11
-13721.53558001139
 21
10315.08720473426
 97
        0
 92
        1
 93
        8
 72
     1
 10
-13542.296853098
 20
13840.90163546497
 11
-11952.73235389231
 21
13864.48567847989
 72
     1
 10
-11952.73235389231
 20
13864.48567847989
 11
-11959.80756679679
 21
14171.07823767387
 72
     1
 10
-11959.80756679679
 20
14171.07823767387
 11
-13179.10259066821
 21
14149.3374645885
 72
     1
 10
-13179.10259066821
 20
14149.3374645885
 11
-13179.10259066821
 21
14692.28558830363
 72
     1
 10
-13179.10259066821
 20
14692.28558830363
 11
-13469.18631975175
 21
14692.28558830363
 72
     1
 10
-13469.18631975175
 20
14692.28558830363
 11
-13469.18631975175
 21
14144.16509497631
 72
     1
 10
-13469.18631975175
 20
14144.16509497631
 11
-13547.01366170099
 21
14142.77738605597
 72
     1
 10
-13547.01366170099
 20
14142.77738605597
 11
-13542.296853098
 21
13840.90163546497
 97
        0
 92
        1
 93
       28
 72
     1
 10
-9610.836882510646
 20
14557.8565431186
 11
-6460.00873571718
 21
14654.55111947978
 72
     1
 10
-6460.00873571718
 20
14654.55111947978
 11
-6460.0087357172
 21
18156.78150719524
 72
     1
 10
-6460.0087357172
 20
18156.78150719524
 11
-6301.995647517233
 21
22383.04201546937
 72
     1
 10
-6301.995647517233
 20
22383.04201546937
 11
-6332.654903436634
 21
23668.37235978265
 72
     1
 10
-6332.654903436634
 20
23668.37235978265
 11
-6634.530654027624
 21
23663.65555117966
 72
     1
 10
-6634.530654027624
 20
23663.65555117966
 11
-6603.871398108227
 21
22456.1525488157
 72
     1
 10
-6603.871398108227
 20
22456.1525488157
 11
-7207.622899290207
 21
22467.94457032316
 72
     1
 10
-7207.622899290207
 20
22467.94457032316
 11
-7214.698112194681
 21
22166.06881973217
 72
     1
 10
-7214.698112194681
 20
22166.06881973217
 11
-6610.9466110127
 21
22154.27679822471
 72
     1
 10
-6610.9466110127
 20
22154.27679822471
 11
-6761.884486308182
 21
18137.91427278363
 72
     1
 10
-6761.884486308182
 20
18137.91427278363
 11
-8016.555574701987
 21
18137.91427278363
 72
     1
 10
-8016.555574701987
 20
18137.91427278363
 11
-8016.555574701991
 21
19291.17397621327
 72
     1
 10
-8016.555574701991
 20
19291.17397621327
 11
-10353.73423748068
 21
19279.38195470581
 72
     1
 10
-10353.73423748068
 20
19279.38195470581
 11
-10311.28296005382
 21
20595.37155493841
 72
     1
 10
-10311.28296005382
 20
20595.37155493841
 11
-10589.57466762989
 21
20602.44676784289
 72
     1
 10
-10589.57466762989
 20
20602.44676784289
 11
-10620.23392354928
 21
19147.31131382225
 72
     1
 10
-10620.23392354928
 20
19147.31131382225
 11
-8150.984619887044
 21
19163.8201439327
 72
     1
 10
-8150.984619887044
 20
19163.8201439327
 11
-8150.984619887038
 21
18005.84363190007
 72
     1
 10
-8150.984619887038
 20
18005.84363190007
 11
-6599.154589505225
 21
18005.84363190007
 72
     1
 10
-6599.154589505225
 20
18005.84363190007
 11
-6599.154589505218
 21
15819.60284441688
 72
     1
 10
-6599.154589505218
 20
15819.60284441688
 11
-8856.147506033176
 21
15819.60284441688
 72
     1
 10
-8856.147506033176
 20
15819.60284441688
 11
-8856.147506033176
 21
15675.74018202585
 72
     1
 10
-8856.147506033176
 20
15675.74018202585
 11
-6599.154589505218
 21
15675.74018202586
 72
     1
 10
-6599.154589505218
 20
15675.74018202586
 11
-6599.154589505213
 21
14793.69697326781
 72
     1
 10
-6599.154589505213
 20
14793.69697326781
 11
-9466.974220119626
 21
14704.0776098111
 72
     1
 10
-9466.974220119626
 20
14704.0776098111
 11
-9471.691028722617
 21
16104.96976489742
 72
     1
 10
-9471.691028722617
 20
16104.96976489742
 11
-9610.836882510653
 21
16104.96976489742
 72
     1
 10
-9610.836882510653
 20
16104.96976489742
 11
-9610.836882510646
 21
14557.8565431186
 97
        0
 92
        1
 93
        8
 72
     1
 10
-13457.39429824429
 20
15699.32422504076
 11
-13167.31056916076
 21
15699.32422504076
 72
     1
 10
-13167.31056916076
 20
15699.32422504076
 11
-13148.44822497475
 21
18005.24580178154
 72
     1
 10
-13148.44822497475
 20
18005.24580178154
 11
-11952.73235389233
 21
18012.91884480453
 72
     1
 10
-11952.73235389233
 20
18012.91884480453
 11
-11952.73235389233
 21
18314.79459539553
 72
     1
 10
-11952.73235389233
 20
18314.79459539553
 11
-14157.84037578746
 21
18300.64416958656
 72
     1
 10
-14157.84037578746
 20
18300.64416958656
 11
-14157.84037578746
 21
17998.76841899557
 72
     1
 10
-14157.84037578746
 20
17998.76841899557
 11
-13445.5788374431
 21
18003.33908127372
 72
     1
 10
-13445.5788374431
 20
18003.33908127372
 11
-13457.39429824429
 21
15699.32422504076
 97
        0
 92
        1
 93
       12
 72
     1
 10
-9617.912095415132
 20
16666.26998865254
 11
-9471.691028722618
 21
16666.26998865255
 72
     1
 10
-9471.691028722618
 20
16666.26998865255
 11
-9471.691028722622
 21
18017.63565340753
 72
     1
 10
-9471.691028722622
 20
18017.63565340753
 11
-9158.023256624172
 21
18017.63565340753
 72
     1
 10
-9158.023256624172
 20
18017.63565340753
 11
-9158.023256624172
 21
18300.64416958658
 72
     1
 10
-9158.023256624172
 20
18300.64416958658
 11
-10377.31828049559
 21
18319.51140399851
 72
     1
 10
-10377.31828049559
 20
18319.51140399851
 11
-10372.60147189261
 21
18524.69257822833
 72
     1
 10
-10372.60147189261
 20
18524.69257822833
 11
-10624.95073215227
 21
18524.69257822833
 72
     1
 10
-10624.95073215227
 20
18524.69257822833
 11
-10632.02594505674
 21
18326.58661690298
 72
     1
 10
-10632.02594505674
 20
18326.58661690298
 11
-11054.18031502384
 21
18319.51140399851
 72
     1
 10
-11054.18031502384
 20
18319.51140399851
 11
-11047.10510211936
 21
18017.63565340753
 72
     1
 10
-11047.10510211936
 20
18017.63565340753
 11
-9617.912095415134
 21
18029.42767491499
 72
     1
 10
-9617.912095415134
 20
18029.42767491499
 11
-9617.912095415132
 21
16666.26998865254
 97
        0
 92
        1
 93
       12
 72
     1
 10
-10299.49093854636
 20
21453.83072068154
 11
-10287.6989170389
 21
22213.236905762
 72
     1
 10
-10287.6989170389
 20
22213.236905762
 11
-8228.81196183629
 21
22177.86084123963
 72
     1
 10
-8228.81196183629
 20
22177.86084123963
 11
-8221.736748931816
 21
22479.73659183062
 72
     1
 10
-8221.736748931816
 20
22479.73659183062
 11
-10280.62370413443
 21
22515.11265635299
 72
     1
 10
-10280.62370413443
 20
22515.11265635299
 11
-10287.6989170389
 21
22967.92628223947
 72
     1
 10
-10287.6989170389
 20
22967.92628223947
 11
-10589.5746676299
 21
22967.92628223947
 72
     1
 10
-10589.5746676299
 20
22967.92628223947
 11
-10577.78264612243
 21
21911.361155171
 72
     1
 10
-10577.78264612243
 20
21911.361155171
 11
-11379.64010862976
 21
21918.43636807548
 72
     1
 10
-11379.64010862976
 20
21918.43636807548
 11
-11386.71532153423
 21
21616.56061748449
 72
     1
 10
-11386.71532153423
 20
21616.56061748449
 11
-10582.49945472542
 21
21604.76859597704
 72
     1
 10
-10582.49945472542
 20
21604.76859597704
 11
-10582.49945472542
 21
21458.54752928452
 72
     1
 10
-10582.49945472542
 20
21458.54752928452
 11
-10299.49093854636
 21
21453.83072068154
 97
        0
 92
        1
 93
       16
 72
     1
 10
-13311.1732315518
 20
21640.14466049941
 11
-13306.45642294882
 21
21942.0204110904
 72
     1
 10
-13306.45642294882
 20
21942.0204110904
 11
-14131.89792847106
 21
21953.81243259785
 72
     1
 10
-14131.89792847106
 20
21953.81243259785
 11
-14072.93782093376
 21
24472.58822659144
 72
     1
 10
-14072.93782093376
 20
24472.58822659144
 11
-12841.85077555487
 21
24453.7209921795
 72
     1
 10
-12841.85077555487
 20
24453.7209921795
 11
-12834.7755626504
 21
24755.59674277049
 72
     1
 10
-12834.7755626504
 20
24755.59674277049
 11
-14023.41133060243
 21
24774.46397718243
 72
     1
 10
-14023.41133060243
 20
24774.46397718243
 11
-14030.48654350691
 21
25076.33972777341
 72
     1
 10
-14030.48654350691
 20
25076.33972777341
 11
-14386.60559303222
 21
25076.33972777341
 72
     1
 10
-14386.60559303222
 20
25076.33972777341
 11
-14386.60559303222
 21
24779.18078578541
 72
     1
 10
-14386.60559303222
 20
24779.18078578541
 11
-15129.50294800223
 21
24786.25599868989
 72
     1
 10
-15129.50294800223
 20
24786.25599868989
 11
-15129.50294800223
 21
24484.38024809889
 72
     1
 10
-15129.50294800223
 20
24484.38024809889
 11
-14506.88421240831
 21
24477.30503519442
 72
     1
 10
-14506.88421240831
 20
24477.30503519442
 11
-14452.64091347398
 21
21960.88764550232
 72
     1
 10
-14452.64091347398
 20
21960.88764550232
 11
-14556.41070273964
 21
21960.88764550233
 72
     1
 10
-14556.41070273964
 20
21960.88764550233
 11
-14561.12751134262
 21
21659.01189491135
 72
     1
 10
-14561.12751134262
 20
21659.01189491135
 11
-13311.1732315518
 21
21640.14466049941
 97
        0
 92
        1
 93
       16
 72
     1
 10
-10601.36668913737
 20
23977.3233232781
 11
-10299.49093854637
 21
23977.3233232781
 72
     1
 10
-10299.49093854637
 20
23977.3233232781
 11
-10318.35817295832
 21
25637.63995152855
 72
     1
 10
-10318.35817295832
 20
25637.63995152855
 11
-10160.34508475834
 21
25642.35676013154
 72
     1
 10
-10160.34508475834
 20
25642.35676013154
 11
-10160.34508475835
 21
25920.64846770761
 72
     1
 10
-10160.34508475835
 20
25920.64846770761
 11
-10318.35817295832
 21
25920.64846770761
 72
     1
 10
-10318.35817295832
 20
25920.64846770761
 11
-10323.0749815613
 21
27158.81072599097
 72
     1
 10
-10323.0749815613
 20
27158.81072599097
 11
-10632.02594505677
 21
27158.81072599097
 72
     1
 10
-10632.02594505677
 20
27158.81072599097
 11
-10632.02594505677
 21
27073.90817113724
 72
     1
 10
-10632.02594505677
 20
27073.90817113724
 11
-10933.90169564776
 21
27073.90817113724
 72
     1
 10
-10933.90169564776
 20
27073.90817113724
 11
-10933.90169564776
 21
26795.61646356118
 72
     1
 10
-10933.90169564776
 20
26795.61646356118
 11
-10632.02594505677
 21
26790.8996549582
 72
     1
 10
-10632.02594505677
 20
26790.8996549582
 11
-10606.08349774035
 21
24732.01269975558
 72
     1
 10
-10606.08349774035
 20
24732.01269975558
 11
-11881.98022484759
 21
24743.80472126304
 72
     1
 10
-11881.98022484759
 20
24743.80472126304
 11
-11881.98022484759
 21
24441.92897067205
 72
     1
 10
-11881.98022484759
 20
24441.92897067205
 11
-10601.36668913737
 21
24430.1369491646
 72
     1
 10
-10601.36668913737
 20
24430.1369491646
 11
-10601.36668913737
 21
23977.3233232781
 97
        0
 92
        1
 93
       10
 72
     1
 10
-6658.114697042549
 20
24472.58822659147
 11
-6356.238946451558
 21
24477.30503519445
 72
     1
 10
-6356.238946451558
 20
24477.30503519445
 11
-6476.51756582767
 21
29361.56034358461
 72
     1
 10
-6476.51756582767
 20
29361.56034358461
 11
-7908.068976833385
 21
29373.35236509207
 72
     1
 10
-7908.068976833385
 20
29373.35236509207
 11
-7915.144189737862
 21
29059.68459299362
 72
     1
 10
-7915.144189737862
 20
29059.68459299362
 11
-6700.565974469423
 21
29059.68459299363
 72
     1
 10
-6700.565974469423
 20
29059.68459299363
 11
-6688.773952961952
 21
25956.02453223
 72
     1
 10
-6688.773952961952
 20
25956.02453223
 11
-9158.023256624197
 21
25932.44048921508
 72
     1
 10
-9158.023256624197
 20
25932.44048921508
 11
-9150.948043719719
 21
25649.43197303601
 72
     1
 10
-9150.948043719719
 20
25649.43197303601
 11
-6688.773952961949
 21
25680.09122895542
 72
     1
 10
-6688.773952961949
 20
25680.09122895542
 11
-6658.114697042549
 21
24472.58822659147
 97
        0
 92
        1
 93
        4
 72
     1
 10
-16337.00595036619
 20
24503.24748251083
 11
-16329.93073746172
 21
24805.12323310182
 72
     1
 10
-16329.93073746172
 20
24805.12323310182
 11
-16987.92553757802
 21
24809.8400417048
 72
     1
 10
-16987.92553757802
 20
24809.8400417048
 11
-16987.92553757802
 21
24507.96429111381
 72
     1
 10
-16987.92553757802
 20
24507.96429111381
 11
-16337.00595036619
 21
24503.24748251083
 97
        0
 92
        1
 93
        4
 72
     1
 10
-13976.24324457259
 20
26807.40848506863
 11
-13980.96005317558
 21
27092.77540554918
 72
     1
 10
-13980.96005317558
 20
27092.77540554918
 11
-14405.47282744416
 21
27092.77540554917
 72
     1
 10
-14405.47282744416
 20
27092.77540554917
 11
-14398.39761453968
 21
26814.48369797311
 72
     1
 10
-14398.39761453968
 20
26814.48369797311
 11
-13976.24324457259
 21
26807.40848506863
 97
        0
 92
        1
 93
        6
 72
     1
 10
-10330.15019446579
 20
28366.31372835493
 11
-10330.15019446579
 21
29059.68459299361
 72
     1
 10
-10330.15019446579
 20
29059.68459299361
 11
-9122.647192101826
 21
29059.68459299362
 72
     1
 10
-9122.647192101826
 20
29059.68459299362
 11
-9122.647192101824
 21
29380.42757799655
 72
     1
 10
-9122.647192101824
 20
29380.42757799655
 11
-10655.6099880717
 21
29392.21959950401
 72
     1
 10
-10655.6099880717
 20
29392.21959950401
 11
-10648.53477516722
 21
28366.31372835493
 72
     1
 10
-10648.53477516722
 20
28366.31372835493
 11
-10330.15019446579
 21
28366.31372835493
 97
        0
 75
     0
 76
     1
 98
        1
 10
0.0
 20
0.0
450
        0
451
        0
460
0.0
461
0.0
452
        0
462
0.0
453
        0
470

1001
REVIT
1002
{
1070
     1
1000
22985239
1002
}
1002
{
1070
     2
1000
-2002000
1002
}
  0
SPLINE
  5
163
330
70
100
AcDbEntity
  8
A-MOB-___-___-EXI
100
AcDbSpline
210
0.0
220
0.0
230
1.0
 70
     8
 71
     3
 72
    20
 73
    16
 74
     0
 42
0.000000001
 43
0.0000000001
 40
0.0
 40
0.0
 40
0.0
 40
0.0
 40
0.0625
 40
0.0625
 40
0.0625
 40
0.062501
 40
0.125
 40
0.125
 40
0.125
 40
0.125001
 40
0.1875
 40
0.1875
 40
0.1875
 40
0.187501
 40
1.0
 40
1.0
 40
1.0
 40
1.0
 10
-13827.66377357857
 20
17944.52512006127
 30
0.0
 10
-13938.5087757487
 20
17937.44990715679
 30
0.0
 10
-14021.05292630093
 20
17845.4721393986
 30
0.0
 10
-14018.69452199943
 20
17736.98554152996
 30
0.0
 10
-14018.69452199943
 20
17736.98554152996
 30
0.0
 10
-14013.97771339645
 20
17626.14053935984
 30
0.0
 10
-13924.35834993974
 20
17538.87958020462
 30
0.0
 10
-13813.51334776961
 20
17541.23798450612
 30
0.0
 10
-13813.51334776961
 20
17541.23798450612
 30
0.0
 10
-13705.02674990098
 20
17541.23798450612
 30
0.0
 10
-13615.40738644428
 20
17630.85734796283
 30
0.0
 10
-13613.04898214279
 20
17739.34394583146
 30
0.0
 10
-13613.04898214279
 20
17739.34394583146
 30
0.0
 10
-13613.04898214279
 20
17850.18894800159
 30
0.0
 10
-13697.9515369965
 20
17939.80831145829
 30
0.0
 10
-13808.79653916663
 20
17944.52512006127
 30
0.0
1001
REVIT
1002
{
1070
     1
1000
22994516
1002
}
1002
{
1070
     2
1000
-2000051
1002
}
1002
{
1070
     3
1000
22985857
1002
}
  0
SPLINE
  5
164
330
70
100
AcDbEntity
  8
A-MOB-___-___-EXI
100
AcDbSpline
210
0.0
220
0.0
230
1.0
 70
     8
 71
     3
 72
     8
 73
     4
 74
     0
 42
0.000000001
 43
0.0000000001
 40
0.3358433734939759
 40
0.3358433734939759
 40
0.3358433734939759
 40
0.3358433734939759
 40
1.0
 40
1.0
 40
1.0
 40
1.0
 10
-13446.90199422075
 20
17936.60162401942
 30
0.0
 10
-13521.186183774
 20
17906.17830563567
 30
0.0
 10
-13572.38782087014
 20
17832.91302228523
 30
0.0
 10
-13570.59770471593
 20
17748.77756303743
 30
0.0
1001
REVIT
1002
{
1070
     1
1000
22994517
1002
}
1002
{
1070
     2
1000
-2000051
1002
}
1002
{
1070
     3
1000
22985857
1002
}
  0
SPLINE
  5
167
330
70
100
AcDbEntity
  8
A-MOB-___-___-EXI
100
AcDbSpline
210
0.0
220
0.0
230
1.0
 70
    12
 71
     3
 72
    22
 73
    18
 74
     0
 42
0.000000001
 43
0.0000000001
 40
0.0
 40
0.0
 40
0.0
 40
0.0
 40
1.0
 40
1.0
 40
1.0
 40
2.0
 40
2.0
 40
2.0
 40
2.08333333581686
 40
2.08333333581686
 40
2.08333333581686
 40
2.08333433581686
 40
2.16666667163372
 40
2.16666667163372
 40
2.16666667163372
 40
2.16666767163372
 40
3.0
 40
3.0
 40
3.0
 40
3.0
 10
-13825.30536927708
 20
17998.7684189956
 30
0.0
 41
1.0
 10
-13825.30536927708
 20
17944.52512006128
 30
0.0
 41
1.0
 10
-13825.30536927708
 20
17890.28182112696
 30
0.0
 41
1.0
 10
-13825.30536927708
 20
17836.03852219264
 30
0.0
 41
1.0
 10
-13825.30536927708
 20
17834.46625265831
 30
0.0
 41
1.0
 10
-13825.30536927708
 20
17832.89398312398
 30
0.0
 41
1.0
 10
-13825.30536927708
 20
17831.32171358965
 30
0.0
 41
1.0
 10
-13825.30536927708
 20
17826.60490498666
 30
0.0
 41
1.0
 10
-13825.30536927708
 20
17824.24650068517
 30
0.0
 41
1.0
 10
-13820.58856067409
 20
17819.52969208219
 30
0.0
 41
1.0
 10
-13820.58856067409
 20
17819.52969208219
 30
0.0
 41
1.0
 10
-13818.2301563726
 20
17817.1712877807
 30
0.0
 41
1.0
 10
-13813.51334776962
 20
17817.1712877807
 30
0.0
 41
1.0
 10
-13811.15494346812
 20
17819.52969208219
 30
0.0
 41
1.0
 10
-13811.15494346812
 20
17819.52969208219
 30
0.0
 41
1.0
 10
-13806.43813486514
 20
17824.24650068517
 30
0.0
 41
1.0
 10
-13806.43813486514
 20
17828.96330928816
 30
0.0
 41
1.0
 10
-13808.79653916663
 20
17831.32171358965
 30
0.0
 41
1.0
1001
REVIT
1002
{
1070
     1
1000
22994521
1002
}
1002
{
1070
     2
1000
-2000051
1002
}
1002
{
1070
     3
1000
22985857
1002
}
  0
SPLINE
  5
169
330
70
100
AcDbEntity
  8
A-MOB-___-___-EXI
100
AcDbSpline
210
0.0
220
0.0
230
1.0
 70
     8
 71
     3
 72
    12
 73
     8
 74
     0
 42
0.000000001
 43
0.0000000001
 40
0.0
 40
0.0
 40
0.0
 40
0.0
 40
0.125
 40
0.125
 40
0.125
 40
0.125001
 40
1.0
 40
1.0
 40
1.0
 40
1.0
 10
-13825.30536927708
 20
17826.60490498666
 30
0.0
 10
-13825.30536927708
 20
17821.88809638368
 30
0.0
 10
-13820.58856067409
 20
17819.52969208219
 30
0.0
 10
-13815.87175207111
 20
17819.52969208219
 30
0.0
 10
-13815.87175207111
 20
17819.52969208219
 30
0.0
 10
-13811.15494346812
 20
17819.52969208219
 30
0.0
 10
-13806.43813486514
 20
17821.88809638368
 30
0.0
 10
-13806.43813486514
 20
17826.60490498666
 30
0.0
1001
REVIT
1002
{
1070
     1
1000
22994523
1002
}
1002
{
1070
     2
1000
-2000051
1002
}
1002
{
1070
     3
1000
22985857
1002
}
  0
LINE
  5
16C
330
70
100
AcDbEntity
  8
A-MOB-___-___-EXI
100
AcDbLine
 10
-13565.88089611294
 20
17696.8926684046
 30
0.0
 11
-13447.13973665406
 21
17698.96373513935
 31
0.0
1001
REVIT
1002
{
1070
     1
1000
22994527
1002
}
1002
{
1070
     2
1000
-2000051
1002
}
1002
{
1070
     3
1000
22985857
1002
}
  0
LINE
  5
16D
330
70
100
AcDbEntity
  8
A-MOB-___-___-EXI
100
AcDbLine
 10
-13565.88089611294
 20
17649.72458237476
 30
0.0
 11
-13447.39224512977
 21
17649.72458237476
 31
0.0
1001
REVIT
1002
{
1070
     1
1000
22994528
1002
}
1002
{
1070
     2
1000
-2000051
1002
}
1002
{
1070
     3
1000
22985857
1002
}
  0
LINE
  5
16E
330
70
100
AcDbEntity
  8
A-MOB-___-___-EXI
100
AcDbLine
 10
-13565.88089611294
 20
17600.19809204343
 30
0.0
 11
-13447.64622713147
 21
17600.19809204343
 31
0.0
1001
REVIT
1002
{
1070
     1
1000
22994529
1002
}
1002
{
1070
     2
1000
-2000051
1002
}
1002
{
1070
     3
1000
22985857
1002
}
  0
LINE
  5
16F
330
70
100
AcDbEntity
  8
A-MOB-___-___-EXI
100
AcDbLine
 10
-13565.88089611294
 20
17673.30862538968
 30
0.0
 11
-13447.26069128323
 21
17675.37758245066
 31
0.0
1001
REVIT
1002
{
1070
     1
1000
22994530
1002
}
1002
{
1070
     2
1000
-2000051
1002
}
1002
{
1070
     3
1000
22985857
1002
}
  0
LINE
  5
170
330
70
100
AcDbEntity
  8
A-MOB-___-___-EXI
100
AcDbLine
 10
-13565.88089611294
 20
17626.14053935984
 30
0.0
 11
-13447.51318894011
 21
17626.14053935984
 31
0.0
1001
REVIT
1002
{
1070
     1
1000
22994531
1002
}
1002
{
1070
     2
1000
-2000051
1002
}
1002
{
1070
     3
1000
22985857
1002
}
  0
LINE
  5
171
330
70
100
AcDbEntity
  8
A-MOB-___-___-EXI
100
AcDbLine
 10
-13565.88089611294
 20
17571.89724042552
 30
0.0
 11
-13447.78431757039
 21
17573.27045645508
 31
0.0
1001
REVIT
1002
{
1070
     1
1000
22994532
1002
}
1002
{
1070
     2
1000
-2000051
1002
}
1002
{
1070
     3
1000
22985857
1002
}
  0
LINE
  5
172
330
70
100
AcDbEntity
  8
A-MOB-___-___-EXI
100
AcDbLine
 10
-13565.88089611294
 20
17722.83511572102
 30
0.0
 11
-13447.01023102525
 21
17724.21733275692
 31
0.0
1001
REVIT
1002
{
1070
     1
1000
22994533
1002
}
1002
{
1070
     2
1000
-2000051
1002
}
1002
{
1070
     3
1000
22985857
1002
}
  0
LINE
  5
17A
330
70
100
AcDbEntity
  8
A-POR-___-___-EXI
100
AcDbLine
 10
-8221.73674893183
 20
22267.48020469634
 30
0.0
 11
-8226.821514962686
 21
22262.78657451401
 31
0.0
1001
REVIT
1002
{
1070
     1
1000
22994639
1002
}
1002
{
1070
     2
1000
-2000051
1002
}
1002
{
1070
     3
1000
22985857
1002
}
  0
LINE
  5
17B
330
70
100
AcDbEntity
  8
A-POR-___-___-EXI
100
AcDbLine
 10
-8221.736748931832
 20
22371.24999396199
 30
0.0
 11
-8224.340427280683
 21
22368.64631561314
 31
0.0
1001
REVIT
1002
{
1070
     1
1000
22994640
1002
}
1002
{
1070
     2
1000
-2000051
1002
}
1002
{
1070
     3
1000
22985857
1002
}
  0
LINE
  5
17C
330
70
100
AcDbEntity
  8
A-ALV-___-___-EXI
100
AcDbLine
 10
-8306.639303785548
 20
22484.45340043361
 30
0.0
 11
-8309.8422717896
 21
22481.25043242956
 31
0.0
1001
REVIT
1002
{
1070
     1
1000
22994642
1002
}
1002
{
1070
     2
1000
-2000051
1002
}
1002
{
1070
     3
1000
22985857
1002
}
  0
LINE
  5
17D
330
70
100
AcDbEntity
  8
A-ALV-___-___-EXI
100
AcDbLine
 10
-8606.738283568315
 20
22184.35442065085
 30
0.0
 11
-8608.515054376537
 21
22182.57764984263
 31
0.0
1001
REVIT
1002
{
1070
     1
1000
22994642
1002
}
1002
{
1070
     2
1000
-2000051
1002
}
1002
{
1070
     3
1000
22985857
1002
}
  0
LINE
  5
17E
330
70
100
AcDbEntity
  8
A-ALV-___-___-EXI
100
AcDbLine
 10
-8410.4090930512
 20
22484.45340043361
 30
0.0
 11
-8411.859192993334
 21
22483.00330049148
 31
0.0
1001
REVIT
1002
{
1070
     1
1000
22994643
1002
}
1002
{
1070
     2
1000
-2000051
1002
}
1002
{
1070
     3
1000
22985857
1002
}
  0
LINE
  5
17F
330
70
100
AcDbEntity
  8
A-ALV-___-___-EXI
100
AcDbLine
 10
-8608.515054376537
 20
22491.52861333809
 30
0.0
 11
-8613.496730498885
 21
22486.46786299158
 31
0.0
1001
REVIT
1002
{
1070
     1
1000
22994645
1002
}
1002
{
1070
     2
1000
-2000051
1002
}
1002
{
1070
     3
1000
22985857
1002
}
  0
LINE
  5
180
330
70
100
AcDbEntity
  8
A-ALV-___-___-EXI
100
AcDbLine
 10
-8705.209630737714
 20
22491.52861333809
 30
0.0
 11
-8708.635691040555
 21
22488.10255303525
 31
0.0
1001
REVIT
1002
{
1070
     1
1000
22994646
1002
}
1002
{
1070
     2
1000
-2000051
1002
}
1002
{
1070
     3
1000
22985857
1002
}
  0
LINE
  5
181
330
70
100
AcDbEntity
  8
A-ALV-___-___-EXI
100
AcDbLine
 10
-8808.979420003366
 20
22491.52861333809
 30
0.0
 11
-8810.65261224429
 21
22489.85542109716
 31
0.0
1001
REVIT
1002
{
1070
     1
1000
22994647
1002
}
1002
{
1070
     2
1000
-2000051
1002
}
1002
{
1070
     3
1000
22985857
1002
}
  0
LINE
  5
182
330
70
100
AcDbEntity
  8
A-ALV-___-___-EXI
100
AcDbLine
 10
-9000.01016842423
 20
22498.60382624257
 30
0.0
 11
-9005.412189087785
 21
22493.20180557901
 31
0.0
1001
REVIT
1002
{
1070
     1
1000
22994649
1002
}
1002
{
1070
     2
1000
-2000051
1002
}
1002
{
1070
     3
1000
22985857
1002
}
  0
LINE
  5
183
330
70
100
AcDbEntity
  8
A-ALV-___-___-EXI
100
AcDbLine
 10
-9103.779957689884
 20
22498.60382624257
 30
0.0
 11
-9107.400634160361
 21
22494.95418436032
 31
0.0
1001
REVIT
1002
{
1070
     1
1000
22994650
1002
}
1002
{
1070
     2
1000
-2000051
1002
}
1002
{
1070
     3
1000
22985857
1002
}
  0
LINE
  5
184
330
70
100
AcDbEntity
  8
A-ALV-___-___-EXI
100
AcDbLine
 10
-9200.474534051059
 20
22498.60382624257
 30
0.0
 11
-9202.474602057677
 21
22496.58775769189
 31
0.0
1001
REVIT
1002
{
1070
     1
1000
22994651
1002
}
1002
{
1070
     2
1000
-2000051
1002
}
1002
{
1070
     3
1000
22985857
1002
}
  0
LINE
  5
185
330
70
100
AcDbEntity
  8
A-ALV-___-___-EXI
100
AcDbLine
 10
-9398.580495376396
 20
22503.32063484555
 30
0.0
 11
-9401.836236464228
 21
22500.01321532775
 31
0.0
1001
REVIT
1002
{
1070
     1
1000
22994654
1002
}
1002
{
1070
     2
1000
-2000051
1002
}
1002
{
1070
     3
1000
22985857
1002
}
  0
LINE
  5
186
330
70
100
AcDbEntity
  8
A-ALV-___-___-EXI
100
AcDbLine
 10
-9694.170405514842
 20
22203.03882137157
 30
0.0
 11
-9695.739437364402
 21
22201.44488425455
 31
0.0
1001
REVIT
1002
{
1070
     1
1000
22994654
1002
}
1002
{
1070
     2
1000
-2000051
1002
}
1002
{
1070
     3
1000
22985857
1002
}
  0
LINE
  5
187
330
70
100
AcDbEntity
  8
A-POR-___-___-EXI
100
AcDbLine
 10
-10441.10401816225
 20
21456.19093867515
 30
0.0
 11
-10443.3536009374
 21
21453.83072068155
 31
0.0
1001
REVIT
1002
{
1070
     1
1000
22994655
1002
}
1002
{
1070
     2
1000
-2000051
1002
}
1002
{
1070
     3
1000
22985857
1002
}
  0
LINE
  5
188
330
70
100
AcDbEntity
  8
A-ALV-___-___-EXI
100
AcDbLine
 10
-9495.275071737573
 20
22503.32063484555
 30
0.0
 11
-9496.987726272873
 21
22501.64812065091
 31
0.0
1001
REVIT
1002
{
1070
     1
1000
22994656
1002
}
1002
{
1070
     2
1000
-2000051
1002
}
1002
{
1070
     3
1000
22985857
1002
}
  0
LINE
  5
189
330
70
100
AcDbEntity
  8
A-ALV-___-___-EXI
100
AcDbLine
 10
-10292.4157256419
 20
21706.17998094121
 30
0.0
 11
-10295.62085843878
 21
21703.06387961091
 31
0.0
1001
REVIT
1002
{
1070
     1
1000
22994657
1002
}
1002
{
1070
     2
1000
-2000051
1002
}
1002
{
1070
     3
1000
22985857
1002
}
  0
LINE
  5
18A
330
70
100
AcDbEntity
  8
A-ALV-___-___-EXI
100
AcDbLine
 10
-10292.4157256419
 20
21809.94977020686
 30
0.0
 11
-10293.98551525583
 21
21808.37998059294
 31
0.0
1001
REVIT
1002
{
1070
     1
1000
22994659
1002
}
1002
{
1070
     2
1000
-2000051
1002
}
1002
{
1070
     3
1000
22985857
1002
}
  0
LINE
  5
18B
330
70
100
AcDbEntity
  8
A-ALV-___-___-EXI
100
AcDbLine
 10
-9695.739437364402
 20
22510.39584775003
 30
0.0
 11
-9700.982106385968
 21
22505.15317872846
 31
0.0
1001
REVIT
1002
{
1070
     1
1000
22994660
1002
}
1002
{
1070
     2
1000
-2000051
1002
}
1002
{
1070
     3
1000
22985857
1002
}
  0
LINE
  5
18C
330
70
100
AcDbEntity
  8
A-ALV-___-___-EXI
100
AcDbLine
 10
-9797.150822328566
 20
22510.39584775003
 30
0.0
 11
-9800.680461198709
 21
22506.86620887988
 31
0.0
1001
REVIT
1002
{
1070
     1
1000
22994662
1002
}
1002
{
1070
     2
1000
-2000051
1002
}
1002
{
1070
     3
1000
22985857
1002
}
  0
LINE
  5
18D
330
70
100
AcDbEntity
  8
A-ALV-___-___-EXI
100
AcDbLine
 10
-10287.69891703892
 20
22015.13094443667
 30
0.0
 11
-10290.82305034723
 21
22012.04272070662
 31
0.0
1001
REVIT
1002
{
1070
     1
1000
22994663
1002
}
1002
{
1070
     2
1000
-2000051
1002
}
1002
{
1070
     3
1000
22985857
1002
}
  0
LINE
  5
18E
330
70
100
AcDbEntity
  8
A-ALV-___-___-EXI
100
AcDbLine
 10
-9893.845398689743
 20
22510.39584775003
 30
0.0
 11
-9895.741683229456
 21
22508.49956321031
 31
0.0
1001
REVIT
1002
{
1070
     1
1000
22994664
1002
}
1002
{
1070
     2
1000
-2000051
1002
}
1002
{
1070
     3
1000
22985857
1002
}
  0
LINE
  5
18F
330
70
100
AcDbEntity
  8
A-ALV-___-___-EXI
100
AcDbLine
 10
-10287.69891703892
 20
22116.54232940084
 30
0.0
 11
-10289.22406808563
 21
22115.01717835413
 31
0.0
1001
REVIT
1002
{
1070
     1
1000
22994665
1002
}
1002
{
1070
     2
1000
-2000051
1002
}
1002
{
1070
     3
1000
22985857
1002
}
  0
LINE
  5
190
330
70
100
AcDbEntity
  8
A-ALV-___-___-EXI
100
AcDbLine
 10
-10094.30976431657
 20
22515.112656353
 30
0.0
 11
-10097.427060329
 21
22511.96494769655
 31
0.0
1001
REVIT
1002
{
1070
     1
1000
22994668
1002
}
1002
{
1070
     2
1000
-2000051
1002
}
1002
{
1070
     3
1000
22985857
1002
}
  0
LINE
  5
191
330
70
100
AcDbEntity
  8
A-ALV-___-___-EXI
100
AcDbLine
 10
-10991.60996795625
 20
21610.76728385433
 30
0.0
 11
-10992.86180318506
 21
21609.48540458003
 31
0.0
1001
REVIT
1002
{
1070
     1
1000
22994669
1002
}
1002
{
1070
     2
1000
-2000051
1002
}
1002
{
1070
     3
1000
22985857
1002
}
  0
LINE
  5
192
330
70
100
AcDbEntity
  8
A-ALV-___-___-EXI
100
AcDbLine
 10
-10191.00434067774
 20
22515.112656353
 30
0.0
 11
-10192.51818127668
 21
22513.59881575407
 31
0.0
1001
REVIT
1002
{
1070
     1
1000
22994670
1002
}
1002
{
1070
     2
1000
-2000051
1002
}
1002
{
1070
     3
1000
22985857
1002
}
  0
LINE
  5
193
330
70
100
AcDbEntity
  8
A-ALV-___-___-EXI
100
AcDbLine
 10
-10581.29682471738
 20
22226.23155727752
 30
0.0
 11
-10582.49945472543
 21
22225.02892726947
 31
0.0
1001
REVIT
1002
{
1070
     1
1000
22994672
1002
}
1002
{
1070
     2
1000
-2000051
1002
}
1002
{
1070
     3
1000
22985857
1002
}
  0
LINE
  5
194
330
70
100
AcDbEntity
  8
A-ALV-___-___-EXI
100
AcDbLine
 10
-10280.62370413445
 20
22623.59925422164
 30
0.0
 11
-10282.29333074586
 21
22621.96875948393
 31
0.0
1001
REVIT
1002
{
1070
     1
1000
22994674
1002
}
1002
{
1070
     2
1000
-2000051
1002
}
1002
{
1070
     3
1000
22985857
1002
}
  0
LINE
  5
195
330
70
100
AcDbEntity
  8
A-POR-___-___-EXI
100
AcDbLine
 10
-10280.62370413445
 20
22727.3690434873
 30
0.0
 11
-10283.88918701344
 21
22724.1035606083
 31
0.0
1001
REVIT
1002
{
1070
     1
1000
22994676
1002
}
1002
{
1070
     2
1000
-2000051
1002
}
1002
{
1070
     3
1000
22985857
1002
}
  0
LINE
  5
196
330
70
100
AcDbEntity
  8
A-ALV-___-___-EXI
100
AcDbLine
 10
-11096.63159245072
 20
21918.43636807549
 30
0.0
 11
-11099.04845334706
 21
21915.96055935241
 31
0.0
1001
REVIT
1002
{
1070
     1
1000
22994677
1002
}
1002
{
1070
     2
1000
-2000051
1002
}
1002
{
1070
     3
1000
22985857
1002
}
  0
LINE
  5
197
330
70
100
AcDbEntity
  8
A-ALV-___-___-EXI
100
AcDbLine
 10
-11193.32616881189
 20
21918.43636807549
 30
0.0
 11
-11194.95573679864
 21
21916.80680008875
 31
0.0
1001
REVIT
1002
{
1070
     1
1000
22994679
1002
}
1002
{
1070
     2
1000
-2000051
1002
}
1002
{
1070
     3
1000
22985857
1002
}
  0
LINE
  5
198
330
70
100
AcDbEntity
  8
A-ALV-___-___-EXI
100
AcDbLine
 10
-11384.11164318539
 20
21727.65089370199
 30
0.0
 11
-11386.71532153424
 21
21725.04721535315
 31
0.0
1001
REVIT
1002
{
1070
     1
1000
22994679
1002
}
1002
{
1070
     2
1000
-2000051
1002
}
1002
{
1070
     3
1000
22985857
1002
}
  0
LINE
  5
199
330
70
100
AcDbEntity
  8
A-ALV-___-___-EXI
100
AcDbLine
 10
-11381.67776994626
 20
21831.49615190529
 30
0.0
 11
-11386.71532153424
 21
21826.4586003173
 31
0.0
1001
REVIT
1002
{
1070
     1
1000
22994681
1002
}
1002
{
1070
     2
1000
-2000051
1002
}
1002
{
1070
     3
1000
22985857
1002
}
  0
LINE
  5
19A
330
70
100
AcDbEntity
  8
A-POR-___-___-EXI
100
AcDbLine
 10
-10588.03802074614
 20
22830.24272145375
 30
0.0
 11
-10589.57466762991
 21
22828.78042845145
 31
0.0
1001
REVIT
1002
{
1070
     1
1000
22994683
1002
}
1002
{
1070
     2
1000
-2000051
1002
}
1002
{
1070
     3
1000
22985857
1002
}
  0
LINE
  5
19B
330
70
100
AcDbEntity
  8
A-POR-___-___-EXI
100
AcDbLine
 10
-11952.73235389233
 20
14003.63153226795
 30
0.0
 11
-11955.87098217326
 21
14000.49290398702
 31
0.0
1001
REVIT
1002
{
1070
     1
1000
22994686
1002
}
1002
{
1070
     2
1000
-2000051
1002
}
1002
{
1070
     3
1000
22985857
1002
}
  0
LINE
  5
19C
330
70
100
AcDbEntity
  8
A-ALV-___-___-EXI
100
AcDbLine
 10
-12297.05938191017
 20
14166.36142907091
 30
0.0
 11
-12298.37951744958
 21
14165.0412935315
 31
0.0
1001
REVIT
1002
{
1070
     1
1000
22994691
1002
}
1002
{
1070
     2
1000
-2000051
1002
}
1002
{
1070
     3
1000
22985857
1002
}
  0
LINE
  5
19D
330
70
100
AcDbEntity
  8
A-ALV-___-___-EXI
100
AcDbLine
 10
-12707.4217303698
 20
14159.28621616644
 30
0.0
 11
-12709.00032243403
 21
14157.7196744233
 31
0.0
1001
REVIT
1002
{
1070
     1
1000
22994695
1002
}
1002
{
1070
     2
1000
-2000051
1002
}
1002
{
1070
     3
1000
22985857
1002
}
  0
LINE
  5
19E
330
70
100
AcDbEntity
  8
A-ALV-___-___-EXI
100
AcDbLine
 10
-13116.19109728179
 20
13847.22367931983
 30
0.0
 11
-13117.78407882943
 21
13845.61844406798
 31
0.0
1001
REVIT
1002
{
1070
     1
1000
22994696
1002
}
1002
{
1070
     2
1000
-2000051
1002
}
1002
{
1070
     3
1000
22985857
1002
}
  0
LINE
  5
19F
330
70
100
AcDbEntity
  8
A-ALV-___-___-EXI
100
AcDbLine
 10
-13016.37269386527
 20
14154.56940756345
 30
0.0
 11
-13018.72693161527
 21
14152.19706029229
 31
0.0
1001
REVIT
1002
{
1070
     1
1000
22994698
1002
}
1002
{
1070
     2
1000
-2000051
1002
}
1002
{
1070
     3
1000
22985857
1002
}
  0
LINE
  5
1A0
330
70
100
AcDbEntity
  8
A-POR-___-___-EXI
100
AcDbLine
 10
-13545.23543695444
 20
14028.97100227627
 30
0.0
 11
-13547.013661701
 21
14027.21557528287
 31
0.0
1001
REVIT
1002
{
1070
     1
1000
22994702
1002
}
1002
{
1070
     2
1000
-2000051
1002
}
1002
{
1070
     3
1000
22985857
1002
}
  0
LINE
  5
1A1
330
70
100
AcDbEntity
  8
A-POR-___-___-EXI
100
AcDbLine
 10
-10299.49093854639
 20
24121.18598566913
 30
0.0
 11
-10301.10737295527
 21
24119.56955126024
 31
0.0
1001
REVIT
1002
{
1070
     1
1000
22994710
1002
}
1002
{
1070
     2
1000
-2000051
1002
}
1002
{
1070
     3
1000
22985857
1002
}
  0
LINE
  5
1A2
330
70
100
AcDbEntity
  8
A-ALV-___-___-EXI
100
AcDbLine
 10
-10299.49093854639
 20
24224.95577493478
 30
0.0
 11
-10302.27332564366
 21
24222.17338783752
 31
0.0
1001
REVIT
1002
{
1070
     1
1000
22994711
1002
}
1002
{
1070
     2
1000
-2000051
1002
}
1002
{
1070
     3
1000
22985857
1002
}
  0
LINE
  5
1A3
330
70
100
AcDbEntity
  8
A-ALV-___-___-EXI
100
AcDbLine
 10
-10299.49093854639
 20
24321.65035129596
 30
0.0
 11
-10303.36046089812
 21
24317.84129023097
 31
0.0
1001
REVIT
1002
{
1070
     1
1000
22994712
1002
}
1002
{
1070
     2
1000
-2000051
1002
}
1002
{
1070
     3
1000
22985857
1002
}
  0
LINE
  5
1A4
330
70
100
AcDbEntity
  8
A-ALV-___-___-EXI
100
AcDbLine
 10
-10299.49093854639
 20
24423.06173626012
 30
0.0
 11
-10304.49923532146
 21
24418.05343948504
 31
0.0
1001
REVIT
1002
{
1070
     1
1000
22994713
1002
}
1002
{
1070
     2
1000
-2000051
1002
}
1002
{
1070
     3
1000
22985857
1002
}
  0
LINE
  5
1A5
330
70
100
AcDbEntity
  8
A-ALV-___-___-EXI
100
AcDbLine
 10
-10304.20774714937
 20
24519.7563126213
 30
0.0
 11
-10305.63881669966
 21
24518.33660076585
 31
0.0
1001
REVIT
1002
{
1070
     1
1000
22994714
1002
}
1002
{
1070
     2
1000
-2000051
1002
}
1002
{
1070
     3
1000
22985857
1002
}
  0
LINE
  5
1A6
330
70
100
AcDbEntity
  8
A-ALV-___-___-EXI
100
AcDbLine
 10
-10304.20774714937
 20
24623.52610188695
 30
0.0
 11
-10306.80417870383
 21
24620.88845713322
 31
0.0
1001
REVIT
1002
{
1070
     1
1000
22994715
1002
}
1002
{
1070
     2
1000
-2000051
1002
}
1002
{
1070
     3
1000
22985857
1002
}
  0
LINE
  5
1A7
330
70
100
AcDbEntity
  8
A-ALV-___-___-EXI
100
AcDbLine
 10
-10304.20774714937
 20
24720.22067824813
 30
0.0
 11
-10307.89109768766
 21
24716.53732770984
 31
0.0
1001
REVIT
1002
{
1070
     1
1000
22994716
1002
}
1002
{
1070
     2
1000
-2000051
1002
}
1002
{
1070
     3
1000
22985857
1002
}
  0
LINE
  5
1A8
330
70
100
AcDbEntity
  8
A-ALV-___-___-EXI
100
AcDbLine
 10
-10304.20774714937
 20
24821.63206321229
 30
0.0
 11
-10309.03087595704
 21
24816.83781541545
 31
0.0
1001
REVIT
1002
{
1070
     1
1000
22994717
1002
}
1002
{
1070
     2
1000
-2000051
1002
}
1002
{
1070
     3
1000
22985857
1002
}
  0
LINE
  5
1A9
330
70
100
AcDbEntity
  8
A-ALV-___-___-EXI
100
AcDbLine
 10
-10304.20774714937
 20
24918.32663957346
 30
0.0
 11
-10310.11732659513
 21
24912.44547156735
 31
0.0
1001
REVIT
1002
{
1070
     1
1000
22994718
1002
}
1002
{
1070
     2
1000
-2000051
1002
}
1002
{
1070
     3
1000
22985857
1002
}
  0
LINE
  5
1AA
330
70
100
AcDbEntity
  8
A-ALV-___-___-EXI
100
AcDbLine
 10
-10792.98289628598
 20
24431.90137096155
 30
0.0
 11
-10794.75584185973
 21
24430.1369491646
 31
0.0
1001
REVIT
1002
{
1070
     1
1000
22994718
1002
}
1002
{
1070
     2
1000
-2000051
1002
}
1002
{
1070
     3
1000
22985857
1002
}
  0
LINE
  5
1AB
330
70
100
AcDbEntity
  8
A-ALV-___-___-EXI
100
AcDbLine
 10
-10304.20774714937
 20
25022.09642883912
 30
0.0
 11
-10311.28296005385
 21
25015.02121593464
 31
0.0
1001
REVIT
1002
{
1070
     1
1000
22994719
1002
}
1002
{
1070
     2
1000
-2000051
1002
}
1002
{
1070
     3
1000
22985857
1002
}
  0
LINE
  5
1AC
330
70
100
AcDbEntity
  8
A-ALV-___-___-EXI
100
AcDbLine
 10
-10893.4774408961
 20
24432.8267350924
 30
0.0
 11
-10896.16722682389
 21
24430.1369491646
 31
0.0
1001
REVIT
1002
{
1070
     1
1000
22994719
1002
}
1002
{
1070
     2
1000
-2000051
1002
}
1002
{
1070
     3
1000
22985857
1002
}
  0
LINE
  5
1AD
330
70
100
AcDbEntity
  8
A-ALV-___-___-EXI
100
AcDbLine
 10
-10311.28296005385
 20
25118.7910052003
 30
0.0
 11
-10312.44880794691
 21
25117.61583052409
 31
0.0
1001
REVIT
1002
{
1070
     1
1000
22994720
1002
}
1002
{
1070
     2
1000
-2000051
1002
}
1002
{
1070
     3
1000
22985857
1002
}
  0
LINE
  5
1AE
330
70
100
AcDbEntity
  8
A-ALV-___-___-EXI
100
AcDbLine
 10
-10989.37274093864
 20
24433.70974890494
 30
0.0
 11
-10992.86180318507
 21
24430.1369491646
 31
0.0
1001
REVIT
1002
{
1070
     1
1000
22994721
1002
}
1002
{
1070
     2
1000
-2000051
1002
}
1002
{
1070
     3
1000
22985857
1002
}
  0
LINE
  5
1AF
330
70
100
AcDbEntity
  8
A-ALV-___-___-EXI
100
AcDbLine
 10
-10311.28296005385
 20
25220.20239016446
 30
0.0
 11
-10313.58774499084
 21
25217.84229038898
 31
0.0
1001
REVIT
1002
{
1070
     1
1000
22994722
1002
}
1002
{
1070
     2
1000
-2000051
1002
}
1002
{
1070
     3
1000
22985857
1002
}
  0
LINE
  5
1B0
330
70
100
AcDbEntity
  8
A-ALV-___-___-EXI
100
AcDbLine
 10
-10311.28296005385
 20
25316.89696652563
 30
0.0
 11
-10314.67571587751
 21
25313.58372841659
 31
0.0
1001
REVIT
1002
{
1070
     1
1000
22994724
1002
}
1002
{
1070
     2
1000
-2000051
1002
}
1002
{
1070
     3
1000
22985857
1002
}
  0
LINE
  5
1B1
330
70
100
AcDbEntity
  8
A-ALV-___-___-EXI
100
AcDbLine
 10
-10609.78019156097
 20
25025.39576388196
 30
0.0
 11
-10613.15871064484
 21
25022.09642883912
 31
0.0
1001
REVIT
1002
{
1070
     1
1000
22994724
1002
}
1002
{
1070
     2
1000
-2000051
1002
}
1002
{
1070
     3
1000
22985857
1002
}
  0
LINE
  5
1B2
330
70
100
AcDbEntity
  8
A-POR-___-___-EXI
100
AcDbLine
 10
-10311.28296005385
 20
25420.66675579129
 30
0.0
 11
-10315.84077510842
 21
25416.10894073672
 31
0.0
1001
REVIT
1002
{
1070
     1
1000
22994726
1002
}
1002
{
1070
     2
1000
-2000051
1002
}
1002
{
1070
     3
1000
22985857
1002
}
  0
LINE
  5
1B3
330
70
100
AcDbEntity
  8
A-ALV-___-___-EXI
100
AcDbLine
 10
-10610.98438993702
 20
25120.96532590812
 30
0.0
 11
-10613.15871064484
 21
25118.7910052003
 31
0.0
1001
REVIT
1002
{
1070
     1
1000
22994726
1002
}
1002
{
1070
     2
1000
-2000051
1002
}
1002
{
1070
     3
1000
22985857
1002
}
  0
LINE
  5
1B4
330
70
100
AcDbEntity
  8
A-ALV-___-___-EXI
100
AcDbLine
 10
-11293.08494930201
 20
24436.50636224163
 30
0.0
 11
-11294.73755377606
 21
24434.85375776758
 31
0.0
1001
REVIT
1002
{
1070
     1
1000
22994727
1002
}
1002
{
1070
     2
1000
-2000051
1002
}
1002
{
1070
     3
1000
22985857
1002
}
  0
LINE
  5
1B5
330
70
100
AcDbEntity
  8
A-ALV-___-___-EXI
100
AcDbLine
 10
-11388.9561570491
 20
24437.38915420983
 30
0.0
 11
-11391.43213013724
 21
24434.85375776758
 31
0.0
1001
REVIT
1002
{
1070
     1
1000
22994729
1002
}
1002
{
1070
     2
1000
-2000051
1002
}
1002
{
1070
     3
1000
22985857
1002
}
  0
LINE
  5
1B6
330
70
100
AcDbEntity
  8
A-POR-___-___-EXI
100
AcDbLine
 10
-10311.28296005385
 20
25517.36133215246
 30
0.0
 11
-10316.92822211495
 21
25511.80427731106
 31
0.0
1001
REVIT
1002
{
1070
     1
1000
22994730
1002
}
1002
{
1070
     2
1000
-2000051
1002
}
1002
{
1070
     3
1000
22985857
1002
}
  0
LINE
  5
1B7
330
70
100
AcDbEntity
  8
A-ALV-___-___-EXI
100
AcDbLine
 10
-10617.29308377276
 20
25621.64620941738
 30
0.0
 11
-10620.23392354932
 21
25618.77271711662
 31
0.0
1001
REVIT
1002
{
1070
     1
1000
22994738
1002
}
1002
{
1070
     2
1000
-2000051
1002
}
1002
{
1070
     3
1000
22985857
1002
}
  0
LINE
  5
1B8
330
70
100
AcDbEntity
  8
A-ALV-___-___-EXI
100
AcDbLine
 10
-11495.20191940289
 20
24743.80472126305
 30
0.0
 11
-11498.66157393186
 21
24740.26203502538
 31
0.0
1001
REVIT
1002
{
1070
     1
1000
22994739
1002
}
1002
{
1070
     2
1000
-2000051
1002
}
1002
{
1070
     3
1000
22985857
1002
}
  0
LINE
  5
1B9
330
70
100
AcDbEntity
  8
A-ALV-___-___-EXI
100
AcDbLine
 10
-10618.49713486123
 20
25717.20408216589
 30
0.0
 11
-10620.23392354932
 21
25715.4672934778
 31
0.0
1001
REVIT
1002
{
1070
     1
1000
22994740
1002
}
1002
{
1070
     2
1000
-2000051
1002
}
1002
{
1070
     3
1000
22985857
1002
}
  0
LINE
  5
1BA
330
70
100
AcDbEntity
  8
A-ALV-___-___-EXI
100
AcDbLine
 10
-11591.89649576407
 20
24743.80472126305
 30
0.0
 11
-11594.55294016959
 21
24741.14827685752
 31
0.0
1001
REVIT
1002
{
1070
     1
1000
22994741
1002
}
1002
{
1070
     2
1000
-2000051
1002
}
1002
{
1070
     3
1000
22985857
1002
}
  0
LINE
  5
1BB
330
70
100
AcDbEntity
  8
A-ALV-___-___-EXI
100
AcDbLine
 10
-11693.30788072823
 20
24743.80472126305
 30
0.0
 11
-11695.0573171465
 21
24742.0771528
 31
0.0
1001
REVIT
1002
{
1070
     1
1000
22994743
1002
}
1002
{
1070
     2
1000
-2000051
1002
}
1002
{
1070
     3
1000
22985857
1002
}
  0
LINE
  5
1BC
330
70
100
AcDbEntity
  8
A-POR-___-___-EXI
100
AcDbLine
 10
-10318.35817295833
 20
26319.21879465978
 30
0.0
 11
-10319.87077381963
 21
26317.70619379849
 31
0.0
1001
REVIT
1002
{
1070
     1
1000
22994746
1002
}
1002
{
1070
     2
1000
-2000051
1002
}
1002
{
1070
     3
1000
22985857
1002
}
  0
LINE
  5
1BD
330
70
100
AcDbEntity
  8
A-POR-___-___-EXI
100
AcDbLine
 10
-10318.35817295833
 20
26422.98858392544
 30
0.0
 11
-10320.26441750714
 21
26421.03766177001
 31
0.0
1001
REVIT
1002
{
1070
     1
1000
22994747
1002
}
1002
{
1070
     2
1000
-2000051
1002
}
1002
{
1070
     3
1000
22985857
1002
}
  0
LINE
  5
1BE
330
70
100
AcDbEntity
  8
A-POR-___-___-EXI
100
AcDbLine
 10
-10318.35817295833
 20
26519.68316028662
 30
0.0
 11
-10320.63168214104
 21
26517.44462816826
 31
0.0
1001
REVIT
1002
{
1070
     1
1000
22994748
1002
}
1002
{
1070
     2
1000
-2000051
1002
}
1002
{
1070
     3
1000
22985857
1002
}
  0
LINE
  5
1BF
330
70
100
AcDbEntity
  8
A-ALV-___-___-EXI
100
AcDbLine
 10
-10318.35817295833
 20
26621.09454525078
 30
0.0
 11
-10321.0164123418
 21
26618.43630586731
 31
0.0
1001
REVIT
1002
{
1070
     1
1000
22994749
1002
}
1002
{
1070
     2
1000
-2000051
1002
}
1002
{
1070
     3
1000
22985857
1002
}
  0
LINE
  5
1C0
330
70
100
AcDbEntity
  8
A-ALV-___-___-EXI
100
AcDbLine
 10
-10318.35817295833
 20
26724.86433451643
 30
0.0
 11
-10321.41013648837
 21
26721.78889434384
 31
0.0
1001
REVIT
1002
{
1070
     1
1000
22994750
1002
}
1002
{
1070
     2
1000
-2000051
1002
}
1002
{
1070
     3
1000
22985857
1002
}
  0
LINE
  5
1C1
330
70
100
AcDbEntity
  8
A-ALV-___-___-EXI
100
AcDbLine
 10
-10318.35817295833
 20
26821.5589108776
 30
0.0
 11
-10321.77708811516
 21
26818.11369637342
 31
0.0
1001
REVIT
1002
{
1070
     1
1000
22994751
1002
}
1002
{
1070
     2
1000
-2000051
1002
}
1002
{
1070
     3
1000
22985857
1002
}
  0
LINE
  5
1C2
330
70
100
AcDbEntity
  8
A-ALV-___-___-EXI
100
AcDbLine
 10
-10318.35817295833
 20
26922.97029584176
 30
0.0
 11
-10322.16205086396
 21
26919.16641793613
 31
0.0
1001
REVIT
1002
{
1070
     1
1000
22994752
1002
}
1002
{
1070
     2
1000
-2000051
1002
}
1002
{
1070
     3
1000
22985857
1002
}
  0
LINE
  5
1C3
330
70
100
AcDbEntity
  8
A-ALV-___-___-EXI
100
AcDbLine
 10
-9466.97422011969
 20
29387.50279090103
 30
0.0
 11
-9471.335610148244
 21
29383.1097965969
 31
0.0
1001
REVIT
1002
{
1070
     1
1000
22994768
1002
}
1002
{
1070
     2
1000
-2000051
1002
}
1002
{
1070
     3
1000
22985857
1002
}
  0
LINE
  5
1C4
330
70
100
AcDbEntity
  8
A-ALV-___-___-EXI
100
AcDbLine
 10
-9568.385605083852
 20
29387.50279090103
 30
0.0
 11
-9571.926709114702
 21
29383.88357428126
 31
0.0
1001
REVIT
1002
{
1070
     1
1000
22994770
1002
}
1002
{
1070
     2
1000
-2000051
1002
}
1002
{
1070
     3
1000
22985857
1002
}
  0
LINE
  5
1C5
330
70
100
AcDbEntity
  8
A-ALV-___-___-EXI
100
AcDbLine
 10
-9672.155394349504
 20
29387.50279090103
 30
0.0
 11
-9674.901144372586
 21
29384.67568532171
 31
0.0
1001
REVIT
1002
{
1070
     1
1000
22994772
1002
}
1002
{
1070
     2
1000
-2000051
1002
}
1002
{
1070
     3
1000
22985857
1002
}
  0
LINE
  5
1C6
330
70
100
AcDbEntity
  8
A-ALV-___-___-EXI
100
AcDbLine
 10
-9768.849970710681
 20
29387.50279090103
 30
0.0
 11
-9770.923418429177
 21
29385.41431819906
 31
0.0
1001
REVIT
1002
{
1070
     1
1000
22994774
1002
}
1002
{
1070
     2
1000
-2000051
1002
}
1002
{
1070
     3
1000
22985857
1002
}
  0
LINE
  5
1C7
330
70
100
AcDbEntity
  8
A-ALV-___-___-EXI
100
AcDbLine
 10
-9870.261355674841
 20
29387.50279090103
 30
0.0
 11
-9871.566197773548
 21
29386.1884934248
 31
0.0
1001
REVIT
1002
{
1070
     1
1000
22994776
1002
}
1002
{
1070
     2
1000
-2000051
1002
}
1002
{
1070
     3
1000
22985857
1002
}
  0
LINE
  5
1C8
330
70
100
AcDbEntity
  8
A-ALV-___-___-EXI
100
AcDbLine
 10
-10652.96060029738
 20
29008.05837222663
 30
0.0
 11
-10655.60998807171
 21
29005.4412940593
 31
0.0
1001
REVIT
1002
{
1070
     1
1000
22994782
1002
}
1002
{
1070
     2
1000
-2000051
1002
}
1002
{
1070
     3
1000
22985857
1002
}
  0
LINE
  5
1C9
330
70
100
AcDbEntity
  8
A-ALV-___-___-EXI
100
AcDbLine
 10
-10372.60147189266
 20
29392.21959950401
 30
0.0
 11
-10374.70954277667
 21
29390.0588268479
 31
0.0
1001
REVIT
1002
{
1070
     1
1000
22994783
1002
}
1002
{
1070
     2
1000
-2000051
1002
}
1002
{
1070
     3
1000
22985857
1002
}
  0
LINE
  5
1CA
330
70
100
AcDbEntity
  8
A-ALV-___-___-EXI
100
AcDbLine
 10
-10653.62345337503
 20
29104.17206848458
 30
0.0
 11
-10655.60998807171
 21
29102.13587042047
 31
0.0
1001
REVIT
1002
{
1070
     1
1000
22994783
1002
}
1002
{
1070
     2
1000
-2000051
1002
}
1002
{
1070
     3
1000
22985857
1002
}
  0
LINE
  5
1CB
330
70
100
AcDbEntity
  8
A-ALV-___-___-EXI
100
AcDbLine
 10
-10469.29604825384
 20
29392.21959950401
 30
0.0
 11
-10470.71829206924
 21
29390.7973556886
 31
0.0
1001
REVIT
1002
{
1070
     1
1000
22994784
1002
}
1002
{
1070
     2
1000
-2000051
1002
}
1002
{
1070
     3
1000
22985857
1002
}
  0
LINE
  5
1CC
330
70
100
AcDbEntity
  8
A-ALV-___-___-EXI
100
AcDbLine
 10
-10654.33386519625
 20
29207.18178256159
 30
0.0
 11
-10655.60998807171
 21
29205.90565968613
 31
0.0
1001
REVIT
1002
{
1070
     1
1000
22994784
1002
}
1002
{
1070
     2
1000
-2000051
1002
}
1002
{
1070
     3
1000
22985857
1002
}
  0
LINE
  5
1CD
330
70
100
AcDbEntity
  8
A-JAN-___-___-EXI
100
AcDbLine
 10
-16564.15838862461
 20
24504.89351467214
 30
0.0
 11
-16565.77116761093
 21
24503.24748251083
 31
0.0
1001
REVIT
1002
{
1070
     1
1000
22994788
1002
}
1002
{
1070
     2
1000
-2000051
1002
}
1002
{
1070
     3
1000
22985857
1002
}
  0
LINE
  5
1CE
330
70
100
AcDbEntity
  8
A-JAN-___-___-EXI
100
AcDbLine
 10
-16667.14861870025
 20
24505.63982068717
 30
0.0
 11
-16669.54095687659
 21
24503.24748251084
 31
0.0
1001
REVIT
1002
{
1070
     1
1000
22994789
1002
}
1002
{
1070
     2
1000
-2000051
1002
}
1002
{
1070
     3
1000
22985857
1002
}
  0
LINE
  5
1CF
330
70
100
AcDbEntity
  8
A-JAN-___-___-EXI
100
AcDbLine
 10
-16669.54095687659
 20
24809.84004170482
 30
0.0
 11
-16671.75429721293
 21
24807.57358120041
 31
0.0
1001
REVIT
1002
{
1070
     1
1000
22994792
1002
}
1002
{
1070
     2
1000
-2000051
1002
}
1002
{
1070
     3
1000
22985857
1002
}
  0
LINE
  5
1D0
330
70
100
AcDbEntity
  8
A-JAN-___-___-EXI
100
AcDbLine
 10
-16766.23553323777
 20
24809.84004170481
 30
0.0
 11
-16767.79690591285
 21
24808.26205868213
 31
0.0
1001
REVIT
1002
{
1070
     1
1000
22994793
1002
}
1002
{
1070
     2
1000
-2000051
1002
}
1002
{
1070
     3
1000
22985857
1002
}
  0
LINE
  5
1D1
330
70
100
AcDbEntity
  8
A-ALV-___-___-EXI
100
AcDbLine
 10
-13306.45642294883
 20
21814.66657880984
 30
0.0
 11
-13308.47661235692
 21
21812.72828897234
 31
0.0
1001
REVIT
1002
{
1070
     1
1000
22994797
1002
}
1002
{
1070
     2
1000
-2000051
1002
}
1002
{
1070
     3
1000
22985857
1002
}
  0
LINE
  5
1D2
330
70
100
AcDbEntity
  8
A-ALV-___-___-EXI
100
AcDbLine
 10
-13384.28376489807
 20
21949.09562399489
 30
0.0
 11
-13390.02726464166
 21
21943.21428025745
 31
0.0
1001
REVIT
1002
{
1070
     1
1000
22994799
1002
}
1002
{
1070
     2
1000
-2000051
1002
}
1002
{
1070
     3
1000
22985857
1002
}
  0
LINE
  5
1D3
330
70
100
AcDbEntity
  8
A-ALV-___-___-EXI
100
AcDbLine
 10
-13480.97834125924
 20
21949.09562399489
 30
0.0
 11
-13485.49584809027
 21
21944.57811716386
 31
0.0
1001
REVIT
1002
{
1070
     1
1000
22994800
1002
}
1002
{
1070
     2
1000
-2000051
1002
}
1002
{
1070
     3
1000
22985857
1002
}
  0
LINE
  5
1D4
330
70
100
AcDbEntity
  8
A-ALV-___-___-EXI
100
AcDbLine
 10
-13584.74813052489
 20
21949.09562399489
 30
0.0
 11
-13587.78017630099
 21
21946.03932185258
 31
0.0
1001
REVIT
1002
{
1070
     1
1000
22994801
1002
}
1002
{
1070
     2
1000
-2000051
1002
}
1002
{
1070
     3
1000
22985857
1002
}
  0
LINE
  5
1D5
330
70
100
AcDbEntity
  8
A-ALV-___-___-EXI
100
AcDbLine
 10
-13679.08430258458
 20
21949.09562399489
 30
0.0
 11
-13680.83860958399
 21
21947.36872804234
 31
0.0
1001
REVIT
1002
{
1070
     1
1000
22994802
1002
}
1002
{
1070
     2
1000
-2000051
1002
}
1002
{
1070
     3
1000
22985857
1002
}
  0
LINE
  5
1D6
330
70
100
AcDbEntity
  8
A-ALV-___-___-EXI
100
AcDbLine
 10
-13879.54866821141
 20
21953.81243259787
 30
0.0
 11
-13883.10288314464
 21
21950.25821766463
 31
0.0
1001
REVIT
1002
{
1070
     1
1000
22994804
1002
}
1002
{
1070
     2
1000
-2000051
1002
}
1002
{
1070
     3
1000
22985857
1002
}
  0
LINE
  5
1D7
330
70
100
AcDbEntity
  8
A-ALV-___-___-EXI
100
AcDbLine
 10
-14180.10055616475
 20
21653.26054464452
 30
0.0
 11
-14181.4244188024
 21
21651.93668200688
 31
0.0
1001
REVIT
1002
{
1070
     1
1000
22994804
1002
}
1002
{
1070
     2
1000
-2000051
1002
}
1002
{
1070
     3
1000
22985857
1002
}
  0
LINE
  5
1D8
330
70
100
AcDbEntity
  8
A-ALV-___-___-EXI
100
AcDbLine
 10
-13980.96005317557
 20
21953.81243259787
 30
0.0
 11
-13983.05318241695
 21
21951.68607908281
 31
0.0
1001
REVIT
1002
{
1070
     1
1000
22994805
1002
}
1002
{
1070
     2
1000
-2000051
1002
}
1002
{
1070
     3
1000
22985857
1002
}
  0
LINE
  5
1D9
330
70
100
AcDbEntity
  8
A-ALV-___-___-EXI
100
AcDbLine
 10
-14275.39981474508
 20
21654.69902401932
 30
0.0
 11
-14278.11899516358
 21
21651.93668200688
 31
0.0
1001
REVIT
1002
{
1070
     1
1000
22994805
1002
}
1002
{
1070
     2
1000
-2000051
1002
}
1002
{
1070
     3
1000
22985857
1002
}
  0
LINE
  5
1DA
330
70
100
AcDbEntity
  8
A-ALV-___-___-EXI
100
AcDbLine
 10
-14127.18111986808
 20
22104.75030789336
 30
0.0
 11
-14128.39310903932
 21
22103.53831872212
 31
0.0
1001
REVIT
1002
{
1070
     1
1000
22994808
1002
}
1002
{
1070
     2
1000
-2000051
1002
}
1002
{
1070
     3
1000
22985857
1002
}
  0
LINE
  5
1DB
330
70
100
AcDbEntity
  8
A-POR-___-___-EXI
100
AcDbLine
 10
-14559.21865624817
 20
21781.17862095697
 30
0.0
 11
-14561.12751134263
 21
21779.29051428745
 31
0.0
1001
REVIT
1002
{
1070
     1
1000
22994809
1002
}
1002
{
1070
     2
1000
-2000051
1002
}
1002
{
1070
     3
1000
22985857
1002
}
  0
LINE
  5
1DC
330
70
100
AcDbEntity
  8
A-ALV-___-___-EXI
100
AcDbLine
 10
-14108.31388545615
 20
22828.78042845144
 30
0.0
 11
-14111.49032369599
 21
22825.62530858905
 31
0.0
1001
REVIT
1002
{
1070
     1
1000
22994816
1002
}
1002
{
1070
     2
1000
-2000051
1002
}
1002
{
1070
     3
1000
22985857
1002
}
  0
LINE
  5
1DD
330
70
100
AcDbEntity
  8
A-POR-___-___-EXI
100
AcDbLine
 10
-14470.20742813294
 20
22775.82117337585
 30
0.0
 11
-14471.50814788593
 21
22774.53712951713
 31
0.0
1001
REVIT
1002
{
1070
     1
1000
22994819
1002
}
1002
{
1070
     2
1000
-2000051
1002
}
1002
{
1070
     3
1000
22985857
1002
}
  0
LINE
  5
1DE
330
70
100
AcDbEntity
  8
A-ALV-___-___-EXI
100
AcDbLine
 10
-14096.52186394869
 20
23342.91256617672
 30
0.0
 11
-14099.45008405457
 21
23339.98434607084
 31
0.0
1001
REVIT
1002
{
1070
     1
1000
22994823
1002
}
1002
{
1070
     2
1000
-2000051
1002
}
1002
{
1070
     3
1000
22985857
1002
}
  0
LINE
  5
1DF
330
70
100
AcDbEntity
  8
A-ALV-___-___-EXI
100
AcDbLine
 10
-12884.30205298174
 20
24762.67195567498
 30
0.0
 11
-12890.49286427316
 21
24756.48114438357
 31
0.0
1001
REVIT
1002
{
1070
     1
1000
22994826
1002
}
1002
{
1070
     2
1000
-2000051
1002
}
1002
{
1070
     3
1000
22985857
1002
}
  0
LINE
  5
1E0
330
70
100
AcDbEntity
  8
A-ALV-___-___-EXI
100
AcDbLine
 10
-14091.8050553457
 20
23555.16895331101
 30
0.0
 11
-14094.47589438497
 21
23552.48172875617
 31
0.0
1001
REVIT
1002
{
1070
     1
1000
22994827
1002
}
1002
{
1070
     2
1000
-2000051
1002
}
1002
{
1070
     3
1000
22985857
1002
}
  0
LINE
  5
1E1
330
70
100
AcDbEntity
  8
A-ALV-___-___-EXI
100
AcDbLine
 10
-12985.71343794591
 20
24762.67195567498
 30
0.0
 11
-12990.24883083339
 21
24758.0645724242
 31
0.0
1001
REVIT
1002
{
1070
     1
1000
22994828
1002
}
1002
{
1070
     2
1000
-2000051
1002
}
1002
{
1070
     3
1000
22985857
1002
}
  0
LINE
  5
1E2
330
70
100
AcDbEntity
  8
A-ALV-___-___-EXI
100
AcDbLine
 10
-13082.40801430708
 20
24762.67195567498
 30
0.0
 11
-13085.55177367351
 21
24759.57731754865
 31
0.0
1001
REVIT
1002
{
1070
     1
1000
22994830
1002
}
1002
{
1070
     2
1000
-2000051
1002
}
1002
{
1070
     3
1000
22985857
1002
}
  0
LINE
  5
1E3
330
70
100
AcDbEntity
  8
A-ALV-___-___-EXI
100
AcDbLine
 10
-14084.72984244123
 20
23760.35012754083
 30
0.0
 11
-14089.72561949372
 21
23755.41347211025
 31
0.0
1001
REVIT
1002
{
1070
     1
1000
22994831
1002
}
1002
{
1070
     2
1000
-2000051
1002
}
1002
{
1070
     3
1000
22985857
1002
}
  0
LINE
  5
1E4
330
70
100
AcDbEntity
  8
A-ALV-___-___-EXI
100
AcDbLine
 10
-13186.17780357274
 20
24762.67195567498
 30
0.0
 11
-13187.64028918696
 21
24761.19777017585
 31
0.0
1001
REVIT
1002
{
1070
     1
1000
22994832
1002
}
1002
{
1070
     2
1000
-2000051
1002
}
1002
{
1070
     3
1000
22985857
1002
}
  0
LINE
  5
1E5
330
70
100
AcDbEntity
  8
A-ALV-___-___-EXI
100
AcDbLine
 10
-14084.72984244123
 20
23861.76151250499
 30
0.0
 11
-14087.2962747348
 21
23859.19508021141
 31
0.0
1001
REVIT
1002
{
1070
     1
1000
22994833
1002
}
1002
{
1070
     2
1000
-2000051
1002
}
1002
{
1070
     3
1000
22985857
1002
}
  0
LINE
  5
1E6
330
70
100
AcDbEntity
  8
A-ALV-___-___-EXI
100
AcDbLine
 10
-13384.28376489807
 20
24767.38876427797
 30
0.0
 11
-13387.23573022843
 21
24764.36595177968
 31
0.0
1001
REVIT
1002
{
1070
     1
1000
22994836
1002
}
1002
{
1070
     2
1000
-2000051
1002
}
1002
{
1070
     3
1000
22985857
1002
}
  0
LINE
  5
1E7
330
70
100
AcDbEntity
  8
A-ALV-___-___-EXI
100
AcDbLine
 10
-14077.65462953675
 20
24066.9426867348
 30
0.0
 11
-14082.54513033881
 21
24062.16396880823
 31
0.0
1001
REVIT
1002
{
1070
     1
1000
22994837
1002
}
1002
{
1070
     2
1000
-2000051
1002
}
1002
{
1070
     3
1000
22985857
1002
}
  0
LINE
  5
1E8
330
70
100
AcDbEntity
  8
A-ALV-___-___-EXI
100
AcDbLine
 10
-13480.97834125925
 20
24767.38876427797
 30
0.0
 11
-13482.48919401489
 21
24765.87791152232
 31
0.0
1001
REVIT
1002
{
1070
     1
1000
22994838
1002
}
1002
{
1070
     2
1000
-2000051
1002
}
1002
{
1070
     3
1000
22985857
1002
}
  0
LINE
  5
1E9
330
70
100
AcDbEntity
  8
A-ALV-___-___-EXI
100
AcDbLine
 10
-13780.26429693804
 20
24468.10280859918
 30
0.0
 11
-13782.85409185024
 21
24465.51301368697
 31
0.0
1001
REVIT
1002
{
1070
     1
1000
22994838
1002
}
1002
{
1070
     2
1000
-2000051
1002
}
1002
{
1070
     3
1000
22985857
1002
}
  0
LINE
  5
1EA
330
70
100
AcDbEntity
  8
A-ALV-___-___-EXI
100
AcDbLine
 10
-14077.65462953675
 20
24170.71247600045
 30
0.0
 11
-14080.06018900505
 21
24168.32066258626
 31
0.0
1001
REVIT
1002
{
1070
     1
1000
22994839
1002
}
1002
{
1070
     2
1000
-2000051
1002
}
1002
{
1070
     3
1000
22985857
1002
}
  0
LINE
  5
1EB
330
70
100
AcDbEntity
  8
A-ALV-___-___-EXI
100
AcDbLine
 10
-14072.93782093377
 20
24272.12386096462
 30
0.0
 11
-14077.74088582669
 21
24267.40129436599
 31
0.0
1001
REVIT
1002
{
1070
     1
1000
22994841
1002
}
1002
{
1070
     2
1000
-2000051
1002
}
1002
{
1070
     3
1000
22985857
1002
}
  0
LINE
  5
1EC
330
70
100
AcDbEntity
  8
A-ALV-___-___-EXI
100
AcDbLine
 10
-14493.54678137078
 20
23858.5642127137
 30
0.0
 11
-14495.09219090086
 21
23857.044703902
 31
0.0
1001
REVIT
1002
{
1070
     1
1000
22994841
1002
}
1002
{
1070
     2
1000
-2000051
1002
}
1002
{
1070
     3
1000
22985857
1002
}
  0
LINE
  5
1ED
330
70
100
AcDbEntity
  8
A-ALV-___-___-EXI
100
AcDbLine
 10
-14072.93782093377
 20
24380.61045883326
 30
0.0
 11
-14075.14246541503
 21
24378.405814352
 31
0.0
1001
REVIT
1002
{
1070
     1
1000
22994843
1002
}
1002
{
1070
     2
1000
-2000051
1002
}
1002
{
1070
     3
1000
22985857
1002
}
  0
LINE
  5
1EE
330
70
100
AcDbEntity
  8
A-ALV-___-___-EXI
100
AcDbLine
 10
-13879.54866821142
 20
24774.46397718244
 30
0.0
 11
-13881.79652231128
 21
24772.21612308258
 31
0.0
1001
REVIT
1002
{
1070
     1
1000
22994845
1002
}
1002
{
1070
     2
1000
-2000051
1002
}
1002
{
1070
     3
1000
22985857
1002
}
  0
LINE
  5
1EF
330
70
100
AcDbEntity
  8
A-ALV-___-___-EXI
100
AcDbLine
 10
-14499.9171831874
 20
24154.09546220645
 30
0.0
 11
-14502.16740380533
 21
24151.84524158851
 31
0.0
1001
REVIT
1002
{
1070
     1
1000
22994845
1002
}
1002
{
1070
     2
1000
-2000051
1002
}
1002
{
1070
     3
1000
22985857
1002
}
  0
LINE
  5
1F0
330
70
100
AcDbEntity
  8
A-ALV-___-___-EXI
100
AcDbLine
 10
-14674.78139953477
 20
24479.21295777541
 30
0.0
 11
-14676.68932211575
 21
24477.30503519443
 31
0.0
1001
REVIT
1002
{
1070
     1
1000
22994850
1002
}
1002
{
1070
     2
1000
-2000051
1002
}
1002
{
1070
     3
1000
22985857
1002
}
  0
LINE
  5
1F1
330
70
100
AcDbEntity
  8
A-ALV-___-___-EXI
100
AcDbLine
 10
-14775.05333073529
 20
24480.35241153905
 30
0.0
 11
-14778.10070707991
 21
24477.30503519442
 31
0.0
1001
REVIT
1002
{
1070
     1
1000
22994852
1002
}
1002
{
1070
     2
1000
-2000051
1002
}
1002
{
1070
     3
1000
22985857
1002
}
  0
LINE
  5
1F2
330
70
100
AcDbEntity
  8
A-ALV-___-___-EXI
100
AcDbLine
 10
-14778.10070707991
 20
24786.25599868989
 30
0.0
 11
-14781.36450498322
 21
24782.94039447066
 31
0.0
1001
REVIT
1002
{
1070
     1
1000
22994857
1002
}
1002
{
1070
     2
1000
-2000051
1002
}
1002
{
1070
     3
1000
22985857
1002
}
  0
LINE
  5
1F3
330
70
100
AcDbEntity
  8
A-ALV-___-___-EXI
100
AcDbLine
 10
-14874.79528344109
 20
24786.25599868989
 30
0.0
 11
-14877.1549015379
 21
24783.85268396166
 31
0.0
1001
REVIT
1002
{
1070
     1
1000
22994858
1002
}
1002
{
1070
     2
1000
-2000051
1002
}
1002
{
1070
     3
1000
22985857
1002
}
  0
LINE
  5
1F4
330
70
100
AcDbEntity
  8
A-ALV-___-___-EXI
100
AcDbLine
 10
-14971.48985980227
 20
24786.25599868989
 30
0.0
 11
-14972.98054931359
 21
24784.76530917857
 31
0.0
1001
REVIT
1002
{
1070
     1
1000
22994859
1002
}
1002
{
1070
     2
1000
-2000051
1002
}
1002
{
1070
     3
1000
22985857
1002
}
  0
LINE
  5
1F5
330
70
100
AcDbEntity
  8
A-ALV-___-___-EXI
100
AcDbLine
 10
-9466.974220119652
 20
18307.71938249107
 30
0.0
 11
-9469.214936459897
 21
18305.45951472912
 31
0.0
1001
REVIT
1002
{
1070
     1
1000
22994880
1002
}
1002
{
1070
     2
1000
-2000051
1002
}
1002
{
1070
     3
1000
22985857
1002
}
  0
LINE
  5
1F6
330
70
100
AcDbEntity
  8
A-ALV-___-___-EXI
100
AcDbLine
 10
-9946.079541214118
 20
18026.72002272194
 30
0.0
 11
-9948.088697624045
 21
18024.71086631202
 31
0.0
1001
REVIT
1002
{
1070
     1
1000
22994882
1002
}
1002
{
1070
     2
1000
-2000051
1002
}
1002
{
1070
     3
1000
22985857
1002
}
  0
LINE
  5
1F7
330
70
100
AcDbEntity
  8
A-ALV-___-___-EXI
100
AcDbLine
 10
-10043.57856496598
 20
18025.91557533125
 30
0.0
 11
-10044.78327398522
 21
18024.71086631202
 31
0.0
1001
REVIT
1002
{
1070
     1
1000
22994883
1002
}
1002
{
1070
     2
1000
-2000051
1002
}
1002
{
1070
     3
1000
22985857
1002
}
  0
LINE
  5
1F8
330
70
100
AcDbEntity
  8
A-ALV-___-___-EXI
100
AcDbLine
 10
-9865.54454707182
 20
18314.79459539555
 30
0.0
 11
-9868.622299211338
 21
18311.63989945255
 31
0.0
1001
REVIT
1002
{
1070
     1
1000
22994884
1002
}
1002
{
1070
     2
1000
-2000051
1002
}
1002
{
1070
     3
1000
22985857
1002
}
  0
LINE
  5
1F9
330
70
100
AcDbEntity
  8
A-ALV-___-___-EXI
100
AcDbLine
 10
-9962.239123433
 20
18314.79459539555
 30
0.0
 11
-9963.905753003352
 21
18313.11430492709
 31
0.0
1001
REVIT
1002
{
1070
     1
1000
22994885
1002
}
1002
{
1070
     2
1000
-2000051
1002
}
1002
{
1070
     3
1000
22985857
1002
}
  0
LINE
  5
1FA
330
70
100
AcDbEntity
  8
A-ALV-___-___-EXI
100
AcDbLine
 10
-10257.03966111951
 20
18319.51140399853
 30
0.0
 11
-10258.87247817667
 21
18317.67858694137
 31
0.0
1001
REVIT
1002
{
1070
     1
1000
22994888
1002
}
1002
{
1070
     2
1000
-2000051
1002
}
1002
{
1070
     3
1000
22985857
1002
}
  0
LINE
  5
1FB
330
70
100
AcDbEntity
  8
A-ALV-___-___-EXI
100
AcDbLine
 10
-10859.24112952431
 20
18019.18568618473
 30
0.0
 11
-10860.79116230149
 21
18017.63565340754
 31
0.0
1001
REVIT
1002
{
1070
     1
1000
22994891
1002
}
1002
{
1070
     2
1000
-2000051
1002
}
1002
{
1070
     3
1000
22985857
1002
}
  0
LINE
  5
1FC
330
70
100
AcDbEntity
  8
A-ALV-___-___-EXI
100
AcDbLine
 10
-10757.02137303583
 20
18326.58661690301
 30
0.0
 11
-10759.15197692185
 21
18324.45601301699
 31
0.0
1001
REVIT
1002
{
1070
     1
1000
22994895
1002
}
1002
{
1070
     2
1000
-2000051
1002
}
1002
{
1070
     3
1000
22985857
1002
}
  0
LINE
  5
1FD
330
70
100
AcDbEntity
  8
A-ALV-___-___-EXI
100
AcDbLine
 10
-13456.21509609356
 20
15929.26864443627
 30
0.0
 11
-13457.3942982443
 21
15928.08944228552
 31
0.0
1001
REVIT
1002
{
1070
     1
1000
22994903
1002
}
1002
{
1070
     2
1000
-2000051
1002
}
1002
{
1070
     3
1000
22985857
1002
}
  0
LINE
  5
1FE
330
70
100
AcDbEntity
  8
A-ALV-___-___-EXI
100
AcDbLine
 10
-13455.71645949944
 20
16026.50278028777
 30
0.0
 11
-13457.3942982443
 21
16024.78401864669
 31
0.0
1001
REVIT
1002
{
1070
     1
1000
22994904
1002
}
1002
{
1070
     2
1000
-2000051
1002
}
1002
{
1070
     3
1000
22985857
1002
}
  0
LINE
  5
1FF
330
70
100
AcDbEntity
  8
A-ALV-___-___-EXI
100
AcDbLine
 10
-13455.18186513152
 20
16130.74868203217
 30
0.0
 11
-13457.3942982443
 21
16128.55380791235
 31
0.0
1001
REVIT
1002
{
1070
     1
1000
22994905
1002
}
1002
{
1070
     2
1000
-2000051
1002
}
1002
{
1070
     3
1000
22985857
1002
}
  0
LINE
  5
200
330
70
100
AcDbEntity
  8
A-ALV-___-___-EXI
100
AcDbLine
 10
-13454.65903552349
 20
16232.70045559731
 30
0.0
 11
-13457.3942982443
 21
16229.9651928765
 31
0.0
1001
REVIT
1002
{
1070
     1
1000
22994906
1002
}
1002
{
1070
     2
1000
-2000051
1002
}
1002
{
1070
     3
1000
22985857
1002
}
  0
LINE
  5
201
330
70
100
AcDbEntity
  8
A-ALV-___-___-EXI
100
AcDbLine
 10
-13454.12454099823
 20
16336.92688802524
 30
0.0
 11
-13457.3942982443
 21
16333.73498214216
 31
0.0
1001
REVIT
1002
{
1070
     1
1000
22994907
1002
}
1002
{
1070
     2
1000
-2000051
1002
}
1002
{
1070
     3
1000
22985857
1002
}
  0
LINE
  5
202
330
70
100
AcDbEntity
  8
A-ALV-___-___-EXI
100
AcDbLine
 10
-12377.71344920044
 20
18010.19169339081
 30
0.0
 11
-12381.9619367639
 21
18005.84363190007
 31
0.0
1001
REVIT
1002
{
1070
     1
1000
22994917
1002
}
1002
{
1070
     2
1000
-2000051
1002
}
1002
{
1070
     3
1000
22985857
1002
}
  0
LINE
  5
203
330
70
100
AcDbEntity
  8
A-ALV-___-___-EXI
100
AcDbLine
 10
-12183.85597543857
 20
18314.79459539554
 30
0.0
 11
-12185.31430041657
 21
18313.30209092587
 31
0.0
1001
REVIT
1002
{
1070
     1
1000
22994919
1002
}
1002
{
1070
     2
1000
-2000051
1002
}
1002
{
1070
     3
1000
22985857
1002
}
  0
LINE
  5
204
330
70
100
AcDbEntity
  8
A-ALV-___-___-EXI
100
AcDbLine
 10
-12482.13799661948
 20
18009.52158934319
 30
0.0
 11
-12485.73172602955
 21
18005.84363190007
 31
0.0
1001
REVIT
1002
{
1070
     1
1000
22994919
1002
}
1002
{
1070
     2
1000
-2000051
1002
}
1002
{
1070
     3
1000
22985857
1002
}
  0
LINE
  5
205
330
70
100
AcDbEntity
  8
A-ALV-___-___-EXI
100
AcDbLine
 10
-12280.55055179974
 20
18314.79459539554
 30
0.0
 11
-12282.65151884603
 21
18312.67746706429
 31
0.0
1001
REVIT
1002
{
1070
     1
1000
22994921
1002
}
1002
{
1070
     2
1000
-2000051
1002
}
1002
{
1070
     3
1000
22985857
1002
}
  0
LINE
  5
206
330
70
100
AcDbEntity
  8
A-ALV-___-___-EXI
100
AcDbLine
 10
-12584.14280913266
 20
18008.86701300622
 30
0.0
 11
-12587.14311099372
 21
18005.84363190007
 31
0.0
1001
REVIT
1002
{
1070
     1
1000
22994921
1002
}
1002
{
1070
     2
1000
-2000051
1002
}
1002
{
1070
     3
1000
22985857
1002
}
  0
LINE
  5
207
330
70
100
AcDbEntity
  8
A-ALV-___-___-EXI
100
AcDbLine
 10
-12381.9619367639
 20
18314.79459539554
 30
0.0
 11
-12384.67025458019
 21
18312.02280138044
 31
0.0
1001
REVIT
1002
{
1070
     1
1000
22994923
1002
}
1002
{
1070
     2
1000
-2000051
1002
}
1002
{
1070
     3
1000
22985857
1002
}
  0
LINE
  5
208
330
70
100
AcDbEntity
  8
A-ALV-___-___-EXI
100
AcDbLine
 10
-12681.4939507831
 20
18008.24229979776
 30
0.0
 11
-12683.83768735489
 21
18005.84363190007
 31
0.0
1001
REVIT
1002
{
1070
     1
1000
22994923
1002
}
1002
{
1070
     2
1000
-2000051
1002
}
1002
{
1070
     3
1000
22985857
1002
}
  0
LINE
  5
209
330
70
100
AcDbEntity
  8
A-ALV-___-___-EXI
100
AcDbLine
 10
-12785.87865710568
 20
18007.57245141494
 30
0.0
 11
-12787.60747662055
 21
18005.84363190007
 31
0.0
1001
REVIT
1002
{
1070
     1
1000
22994925
1002
}
1002
{
1070
     2
1000
-2000051
1002
}
1002
{
1070
     3
1000
22985857
1002
}
  0
LINE
  5
20A
330
70
100
AcDbEntity
  8
A-ALV-___-___-EXI
100
AcDbLine
 10
-13495.59587836148
 20
18003.01811630528
 30
0.0
 11
-13499.84557567116
 21
17998.76841899559
 31
0.0
1001
REVIT
1002
{
1070
     1
1000
22994936
1002
}
1002
{
1070
     2
1000
-2000051
1002
}
1002
{
1070
     3
1000
22985857
1002
}
  0
LINE
  5
20B
330
70
100
AcDbEntity
  8
A-ALV-___-___-EXI
100
AcDbLine
 10
-13294.66440144135
 20
18307.71938249106
 30
0.0
 11
-13296.19856083126
 21
18306.17342187507
 31
0.0
1001
REVIT
1002
{
1070
     1
1000
22994937
1002
}
1002
{
1070
     2
1000
-2000051
1002
}
1002
{
1070
     3
1000
22985857
1002
}
  0
LINE
  5
20C
330
70
100
AcDbEntity
  8
A-ALV-___-___-EXI
100
AcDbLine
 10
-13597.6898511179
 20
18002.362967817
 30
0.0
 11
-13601.25696063533
 21
17998.76841899559
 31
0.0
1001
REVIT
1002
{
1070
     1
1000
22994937
1002
}
1002
{
1070
     2
1000
-2000051
1002
}
1002
{
1070
     3
1000
22985857
1002
}
  0
LINE
  5
20D
330
70
100
AcDbEntity
  8
A-ALV-___-___-EXI
100
AcDbLine
 10
-13396.07578640551
 20
18307.71938249106
 30
0.0
 11
-13398.22607170471
 21
18305.51869988016
 31
0.0
1001
REVIT
1002
{
1070
     1
1000
22994938
1002
}
1002
{
1070
     2
1000
-2000051
1002
}
1002
{
1070
     3
1000
22985857
1002
}
  0
LINE
  5
20E
330
70
100
AcDbEntity
  8
A-ALV-___-___-EXI
100
AcDbLine
 10
-13695.04976790762
 20
18001.7381982975
 30
0.0
 11
-13697.9515369965
 21
17998.76841899559
 31
0.0
1001
REVIT
1002
{
1070
     1
1000
22994938
1002
}
1002
{
1070
     2
1000
-2000051
1002
}
1002
{
1070
     3
1000
22985857
1002
}
  0
LINE
  5
20F
330
70
100
AcDbEntity
  8
A-ALV-___-___-EXI
100
AcDbLine
 10
-13799.42131087233
 20
18001.06843438542
 30
0.0
 11
-13801.72132626215
 21
17998.76841899559
 31
0.0
1001
REVIT
1002
{
1070
     1
1000
22994939
1002
}
1002
{
1070
     2
1000
-2000051
1002
}
1002
{
1070
     3
1000
22985857
1002
}
  0
LINE
  5
210
330
70
100
AcDbEntity
  8
A-ALV-___-___-EXI
100
AcDbLine
 10
-13901.48766710644
 20
18000.41346311547
 30
0.0
 11
-13903.13271122632
 21
17998.76841899559
 31
0.0
1001
REVIT
1002
{
1070
     1
1000
22994940
1002
}
1002
{
1070
     2
1000
-2000051
1002
}
1002
{
1070
     3
1000
22985857
1002
}
  0
LINE
  5
211
330
70
100
AcDbEntity
  8
A-ALV-___-___-EXI
100
AcDbLine
 10
-7051.968215391717
 20
14781.90495176037
 30
0.0
 11
-7054.285077594297
 21
14779.47414551504
 31
0.0
1001
REVIT
1002
{
1070
     1
1000
22994958
1002
}
1002
{
1070
     2
1000
-2000051
1002
}
1002
{
1070
     3
1000
22985857
1002
}
  0
LINE
  5
212
330
70
100
AcDbEntity
  8
A-ALV-___-___-EXI
100
AcDbLine
 10
-7399.205060610069
 20
14625.72847777276
 30
0.0
 11
-7401.012052012551
 21
14623.8918635604
 31
0.0
1001
REVIT
1002
{
1070
     1
1000
22994962
1002
}
1002
{
1070
     2
1000
-2000051
1002
}
1002
{
1070
     3
1000
22985857
1002
}
  0
LINE
  5
213
330
70
100
AcDbEntity
  8
A-ALV-___-___-EXI
100
AcDbLine
 10
-7775.998335949795
 20
14758.32090874545
 30
0.0
 11
-7777.419755911022
 21
14756.87618681764
 31
0.0
1001
REVIT
1002
{
1070
     1
1000
22994973
1002
}
1002
{
1070
     2
1000
-2000051
1002
}
1002
{
1070
     3
1000
22985857
1002
}
  0
LINE
  5
214
330
70
100
AcDbEntity
  8
A-ALV-___-___-EXI
100
AcDbLine
 10
-8191.077493012407
 20
14746.52888723798
 30
0.0
 11
-8193.740207546353
 21
14743.86617270404
 31
0.0
1001
REVIT
1002
{
1070
     1
1000
22994985
1002
}
1002
{
1070
     2
1000
-2000051
1002
}
1002
{
1070
     3
1000
22985857
1002
}
  0
LINE
  5
215
330
70
100
AcDbEntity
  8
A-ALV-___-___-EXI
100
AcDbLine
 10
-8396.258667242225
 20
14739.45367433351
 30
0.0
 11
-8398.337260863884
 21
14737.47251478786
 31
0.0
1001
REVIT
1002
{
1070
     1
1000
22994991
1002
}
1002
{
1070
     2
1000
-2000051
1002
}
1002
{
1070
     3
1000
22985857
1002
}
  0
LINE
  5
216
330
70
100
AcDbEntity
  8
A-ALV-___-___-EXI
100
AcDbLine
 10
-8608.515054376514
 20
14732.37846142903
 30
0.0
 11
-8610.062367251572
 21
14730.85610521325
 31
0.0
1001
REVIT
1002
{
1070
     1
1000
22994997
1002
}
1002
{
1070
     2
1000
-2000051
1002
}
1002
{
1070
     3
1000
22985857
1002
}
  0
LINE
  5
217
330
70
100
AcDbEntity
  8
A-ALV-___-___-EXI
100
AcDbLine
 10
-8813.696228606326
 20
14727.66165282604
 30
0.0
 11
-8816.862142940557
 21
14724.39361222297
 31
0.0
1001
REVIT
1002
{
1070
     1
1000
22995003
1002
}
1002
{
1070
     2
1000
-2000051
1002
}
1002
{
1070
     3
1000
22985857
1002
}
  0
LINE
  5
218
330
70
100
AcDbEntity
  8
A-ALV-___-___-EXI
100
AcDbLine
 10
-9025.952615740617
 20
14720.58643992157
 30
0.0
 11
-9028.631487662341
 21
14717.77582020041
 31
0.0
1001
REVIT
1002
{
1070
     1
1000
22995009
1002
}
1002
{
1070
     2
1000
-2000051
1002
}
1002
{
1070
     3
1000
22985857
1002
}
  0
LINE
  5
219
330
70
100
AcDbEntity
  8
A-ALV-___-___-EXI
100
AcDbLine
 10
-9168.104587580929
 20
14571.44338749895
 30
0.0
 11
-9169.815278131634
 21
14569.64856462608
 31
0.0
1001
REVIT
1002
{
1070
     1
1000
22995009
1002
}
1002
{
1070
     2
1000
-2000051
1002
}
1002
{
1070
     3
1000
22985857
1002
}
  0
LINE
  5
21A
330
70
100
AcDbEntity
  8
A-ALV-___-___-EXI
100
AcDbLine
 10
-9127.364000704778
 20
14715.86963131858
 30
0.0
 11
-9128.581241634575
 21
14714.65239038878
 31
0.0
1001
REVIT
1002
{
1070
     1
1000
22995012
1002
}
1002
{
1070
     2
1000
-2000051
1002
}
1002
{
1070
     3
1000
22985857
1002
}
  0
LINE
  5
21B
330
70
100
AcDbEntity
  8
A-ALV-___-___-EXI
100
AcDbLine
 10
-9466.974220119643
 20
15076.70548944687
 30
0.0
 11
-9468.224649245941
 21
15075.45506032057
 31
0.0
1001
REVIT
1002
{
1070
     1
1000
22995033
1002
}
1002
{
1070
     2
1000
-2000051
1002
}
1002
{
1070
     3
1000
22985857
1002
}
  0
LINE
  5
21C
330
70
100
AcDbEntity
  8
A-ALV-___-___-EXI
100
AcDbLine
 10
-6452.933522812732
 20
18192.15757171797
 30
0.0
 11
-6458.906614254899
 21
18186.25914391883
 31
0.0
1001
REVIT
1002
{
1070
     1
1000
22995035
1002
}
1002
{
1070
     2
1000
-2000051
1002
}
1002
{
1070
     3
1000
22985857
1002
}
  0
LINE
  5
21D
330
70
100
AcDbEntity
  8
A-ALV-___-___-EXI
100
AcDbLine
 10
-9466.974220119643
 20
15180.47527871253
 30
0.0
 11
-9468.572782075915
 21
15178.85051082255
 31
0.0
1001
REVIT
1002
{
1070
     1
1000
22995036
1002
}
1002
{
1070
     2
1000
-2000051
1002
}
1002
{
1070
     3
1000
22985857
1002
}
  0
LINE
  5
21E
330
70
100
AcDbEntity
  8
A-ALV-___-___-EXI
100
AcDbLine
 10
-6452.933522812734
 20
18295.92736098362
 30
0.0
 11
-6454.879035462596
 21
18293.98184833376
 31
0.0
1001
REVIT
1002
{
1070
     1
1000
22995038
1002
}
1002
{
1070
     2
1000
-2000051
1002
}
1002
{
1070
     3
1000
22985857
1002
}
  0
LINE
  5
21F
330
70
100
AcDbEntity
  8
A-ALV-___-___-EXI
100
AcDbLine
 10
-9466.974220119643
 20
15281.88666367669
 30
0.0
 11
-9468.91317667624
 21
15279.94770712009
 31
0.0
1001
REVIT
1002
{
1070
     1
1000
22995039
1002
}
1002
{
1070
     2
1000
-2000051
1002
}
1002
{
1070
     3
1000
22985857
1002
}
  0
LINE
  5
220
330
70
100
AcDbEntity
  8
A-ALV-___-___-EXI
100
AcDbLine
 10
-6448.216714209748
 20
18397.33874594778
 30
0.0
 11
-6451.121359373702
 21
18394.4856625323
 31
0.0
1001
REVIT
1002
{
1070
     1
1000
22995040
1002
}
1002
{
1070
     2
1000
-2000051
1002
}
1002
{
1070
     3
1000
22985857
1002
}
  0
LINE
  5
221
330
70
100
AcDbEntity
  8
A-ALV-___-___-EXI
100
AcDbLine
 10
-9466.974220119643
 20
15378.58124003787
 30
0.0
 11
-9469.237655120405
 21
15376.31780503711
 31
0.0
1001
REVIT
1002
{
1070
     1
1000
22995041
1002
}
1002
{
1070
     2
1000
-2000051
1002
}
1002
{
1070
     3
1000
22985857
1002
}
  0
LINE
  5
222
330
70
100
AcDbEntity
  8
A-ALV-___-___-EXI
100
AcDbLine
 10
-9466.974220119643
 20
15482.35102930352
 30
0.0
 11
-9469.585732226427
 21
15479.69670552285
 31
0.0
1001
REVIT
1002
{
1070
     1
1000
22995043
1002
}
1002
{
1070
     2
1000
-2000051
1002
}
1002
{
1070
     3
1000
22985857
1002
}
  0
LINE
  5
223
330
70
100
AcDbEntity
  8
A-ALV-___-___-EXI
100
AcDbLine
 10
-6441.141501305273
 20
18609.59513308207
 30
0.0
 11
-6443.154006309216
 21
18607.58262807813
 31
0.0
1001
REVIT
1002
{
1070
     1
1000
22995045
1002
}
1002
{
1070
     2
1000
-2000051
1002
}
1002
{
1070
     3
1000
22985857
1002
}
  0
LINE
  5
225
330
70
100
AcDbEntity
  8
A-ALV-___-___-EXI
100
AcDbLine
 10
-6434.066288400797
 20
18711.00651804623
 30
0.0
 11
-6439.483653695539
 21
18705.75086514835
 31
0.0
1001
REVIT
1002
{
1070
     1
1000
22995048
1002
}
1002
{
1070
     2
1000
-2000051
1002
}
1002
{
1070
     3
1000
22985857
1002
}
  0
LINE
  5
226
330
70
100
AcDbEntity
  8
A-ALV-___-___-EXI
100
AcDbLine
 10
-9466.974220119645
 20
15680.45699062886
 30
0.0
 11
-9470.250660994866
 21
15677.18054975364
 31
0.0
1001
REVIT
1002
{
1070
     1
1000
22995049
1002
}
1002
{
1070
     2
1000
-2000051
1002
}
1002
{
1070
     3
1000
22985857
1002
}
  0
LINE
  5
227
330
70
100
AcDbEntity
  8
A-ALV-___-___-EXI
100
AcDbLine
 10
-9466.974220119645
 20
15784.22677989451
 30
0.0
 11
-9470.598682376925
 21
15780.54290022317
 31
0.0
1001
REVIT
1002
{
1070
     1
1000
22995052
1002
}
1002
{
1070
     2
1000
-2000051
1002
}
1002
{
1070
     3
1000
22985857
1002
}
  0
LINE
  5
228
330
70
100
AcDbEntity
  8
A-ALV-___-___-EXI
100
AcDbLine
 10
-6429.349479797813
 20
18923.26290518053
 30
0.0
 11
-6431.428977155831
 21
18921.18340782251
 31
0.0
1001
REVIT
1002
{
1070
     1
1000
22995054
1002
}
1002
{
1070
     2
1000
-2000051
1002
}
1002
{
1070
     3
1000
22985857
1002
}
  0
LINE
  5
229
330
70
100
AcDbEntity
  8
A-ALV-___-___-EXI
100
AcDbLine
 10
-6422.274266893336
 20
19027.03269444617
 30
0.0
 11
-6427.670152186514
 21
19021.71795028523
 31
0.0
1001
REVIT
1002
{
1070
     1
1000
22995057
1002
}
1002
{
1070
     2
1000
-2000051
1002
}
1002
{
1070
     3
1000
22985857
1002
}
  0
LINE
  5
22A
330
70
100
AcDbEntity
  8
A-ALV-___-___-EXI
100
AcDbLine
 10
-6422.274266893336
 20
19135.51929231481
 30
0.0
 11
-6423.460324718759
 21
19134.31512673633
 31
0.0
1001
REVIT
1002
{
1070
     1
1000
22995060
1002
}
1002
{
1070
     2
1000
-2000051
1002
}
1002
{
1070
     3
1000
22985857
1002
}
  0
LINE
  5
22B
330
70
100
AcDbEntity
  8
A-ALV-___-___-EXI
100
AcDbLine
 10
-6417.557458290353
 20
19236.93067727898
 30
0.0
 11
-6419.70394800243
 21
19234.7841875669
 31
0.0
1001
REVIT
1002
{
1070
     1
1000
22995063
1002
}
1002
{
1070
     2
1000
-2000051
1002
}
1002
{
1070
     3
1000
22985857
1002
}
  0
LINE
  5
22C
330
70
100
AcDbEntity
  8
A-ALV-___-___-EXI
100
AcDbLine
 10
-6410.482245385877
 20
19340.70046654463
 30
0.0
 11
-6415.94508392782
 21
19335.31977595069
 31
0.0
1001
REVIT
1002
{
1070
     1
1000
22995066
1002
}
1002
{
1070
     2
1000
-2000051
1002
}
1002
{
1070
     3
1000
22985857
1002
}
  0
LINE
  5
22D
330
70
100
AcDbEntity
  8
A-ALV-___-___-EXI
100
AcDbLine
 10
-6410.482245385877
 20
19449.18706441326
 30
0.0
 11
-6411.73459224974
 21
19447.9347175494
 31
0.0
1001
REVIT
1002
{
1070
     1
1000
22995068
1002
}
1002
{
1070
     2
1000
-2000051
1002
}
1002
{
1070
     3
1000
22985857
1002
}
  0
LINE
  5
22E
330
70
100
AcDbEntity
  8
A-ALV-___-___-EXI
100
AcDbLine
 10
-6405.765436782893
 20
19550.59844937743
 30
0.0
 11
-6407.978918849045
 21
19548.38496731128
 31
0.0
1001
REVIT
1002
{
1070
     1
1000
22995070
1002
}
1002
{
1070
     2
1000
-2000051
1002
}
1002
{
1070
     3
1000
22985857
1002
}
  0
LINE
  5
22F
330
70
100
AcDbEntity
  8
A-ALV-___-___-EXI
100
AcDbLine
 10
-6398.690223878419
 20
19654.36823864308
 30
0.0
 11
-6404.220015669121
 21
19648.92160161614
 31
0.0
1001
REVIT
1002
{
1070
     1
1000
22995072
1002
}
1002
{
1070
     2
1000
-2000051
1002
}
1002
{
1070
     3
1000
22985857
1002
}
  0
LINE
  5
230
330
70
100
AcDbEntity
  8
A-ALV-___-___-EXI
100
AcDbLine
 10
-6398.690223878419
 20
19762.85483651172
 30
0.0
 11
-6400.009563096354
 21
19761.53549729378
 31
0.0
1001
REVIT
1002
{
1070
     1
1000
22995074
1002
}
1002
{
1070
     2
1000
-2000051
1002
}
1002
{
1070
     3
1000
22985857
1002
}
  0
LINE
  5
231
330
70
100
AcDbEntity
  8
A-ALV-___-___-EXI
100
AcDbLine
 10
-6393.973415275434
 20
19864.26622147588
 30
0.0
 11
-6396.253889695658
 21
19861.98574705565
 31
0.0
1001
REVIT
1002
{
1070
     1
1000
22995076
1002
}
1002
{
1070
     2
1000
-2000051
1002
}
1002
{
1070
     3
1000
22985857
1002
}
  0
LINE
  5
232
330
70
100
AcDbEntity
  8
A-ALV-___-___-EXI
100
AcDbLine
 10
-6386.898202370958
 20
20076.52260861017
 30
0.0
 11
-6388.284533942965
 21
20075.13627703816
 31
0.0
1001
REVIT
1002
{
1070
     1
1000
22995080
1002
}
1002
{
1070
     2
1000
-2000051
1002
}
1002
{
1070
     3
1000
22985857
1002
}
  0
LINE
  5
233
330
70
100
AcDbEntity
  8
A-ALV-___-___-EXI
100
AcDbLine
 10
-6379.822989466482
 20
20180.29239787582
 30
0.0
 11
-6384.528860542271
 21
20175.58652680004
 31
0.0
1001
REVIT
1002
{
1070
     1
1000
22995082
1002
}
1002
{
1070
     2
1000
-2000051
1002
}
1002
{
1070
     3
1000
22985857
1002
}
  0
LINE
  5
234
330
70
100
AcDbEntity
  8
A-ALV-___-___-EXI
100
AcDbLine
 10
-6375.106180863499
 20
20390.19038070862
 30
0.0
 11
-6376.559504789575
 21
20388.73705678254
 31
0.0
1001
REVIT
1002
{
1070
     1
1000
22995086
1002
}
1002
{
1070
     2
1000
-2000051
1002
}
1002
{
1070
     3
1000
22985857
1002
}
  0
LINE
  5
235
330
70
100
AcDbEntity
  8
A-ALV-___-___-EXI
100
AcDbLine
 10
-6368.030967959023
 20
20493.96016997428
 30
0.0
 11
-6372.803831388883
 21
20489.18730654442
 31
0.0
1001
REVIT
1002
{
1070
     1
1000
22995088
1002
}
1002
{
1070
     2
1000
-2000051
1002
}
1002
{
1070
     3
1000
22985857
1002
}
  0
LINE
  5
236
330
70
100
AcDbEntity
  8
A-ALV-___-___-EXI
100
AcDbLine
 10
-6363.314159356039
 20
20703.85815280707
 30
0.0
 11
-6364.83447563619
 21
20702.33783652692
 31
0.0
1001
REVIT
1002
{
1070
     1
1000
22995092
1002
}
1002
{
1070
     2
1000
-2000051
1002
}
1002
{
1070
     3
1000
22985857
1002
}
  0
LINE
  5
237
330
70
100
AcDbEntity
  8
A-ALV-___-___-EXI
100
AcDbLine
 10
-6356.238946451564
 20
20807.62794207272
 30
0.0
 11
-6361.078802235494
 21
20802.7880862888
 31
0.0
1001
REVIT
1002
{
1070
     1
1000
22995094
1002
}
1002
{
1070
     2
1000
-2000051
1002
}
1002
{
1070
     3
1000
22985857
1002
}
  0
LINE
  5
238
330
70
100
AcDbEntity
  8
A-ALV-___-___-EXI
100
AcDbLine
 10
-6351.52213784858
 20
21017.52592490552
 30
0.0
 11
-6353.109446482797
 21
21015.93861627131
 31
0.0
1001
REVIT
1002
{
1070
     1
1000
22995098
1002
}
1002
{
1070
     2
1000
-2000051
1002
}
1002
{
1070
     3
1000
22985857
1002
}
  0
LINE
  5
239
330
70
100
AcDbEntity
  8
A-ALV-___-___-EXI
100
AcDbLine
 10
-8302.938423189344
 20
19162.80421592592
 30
0.0
 11
-8306.639303785535
 21
19159.10333532973
 31
0.0
1001
REVIT
1002
{
1070
     1
1000
22995101
1002
}
1002
{
1070
     2
1000
-2000051
1002
}
1002
{
1070
     3
1000
22985857
1002
}
  0
LINE
  5
23A
330
70
100
AcDbEntity
  8
A-ALV-___-___-EXI
100
AcDbLine
 10
-8275.98004786614
 20
19291.17397621329
 30
0.0
 11
-8277.319200840214
 21
19289.85831715104
 31
0.0
1001
REVIT
1002
{
1070
     1
1000
22995103
1002
}
1002
{
1070
     2
1000
-2000051
1002
}
1002
{
1070
     3
1000
22985857
1002
}
  0
LINE
  5
23B
330
70
100
AcDbEntity
  8
A-ALV-___-___-EXI
100
AcDbLine
 10
-8407.352680779368
 20
19162.10612633362
 30
0.0
 11
-8410.409093051189
 21
19159.10333532973
 31
0.0
1001
REVIT
1002
{
1070
     1
1000
22995103
1002
}
1002
{
1070
     2
1000
-2000051
1002
}
1002
{
1070
     3
1000
22985857
1002
}
  0
LINE
  5
23C
330
70
100
AcDbEntity
  8
A-ALV-___-___-EXI
100
AcDbLine
 10
-6339.730116341121
 20
21333.55210130547
 30
0.0
 11
-6341.293272034438
 21
21331.97719256182
 31
0.0
1001
REVIT
1002
{
1070
     1
1000
22995104
1002
}
1002
{
1070
     2
1000
-2000051
1002
}
1002
{
1070
     3
1000
22985857
1002
}
  0
LINE
  5
23D
330
70
100
AcDbEntity
  8
A-ALV-___-___-EXI
100
AcDbLine
 10
-8379.749837131793
 20
19291.17397621329
 30
0.0
 11
-8381.591593026463
 21
19289.33222031861
 31
0.0
1001
REVIT
1002
{
1070
     1
1000
22995105
1002
}
1002
{
1070
     2
1000
-2000051
1002
}
1002
{
1070
     3
1000
22985857
1002
}
  0
LINE
  5
23E
330
70
100
AcDbEntity
  8
A-ALV-___-___-EXI
100
AcDbLine
 10
-8509.500624553401
 20
19161.42318879168
 30
0.0
 11
-8511.82047801535
 21
19159.10333532973
 31
0.0
1001
REVIT
1002
{
1070
     1
1000
22995105
1002
}
1002
{
1070
     2
1000
-2000051
1002
}
1002
{
1070
     3
1000
22985857
1002
}
  0
LINE
  5
23F
330
70
100
AcDbEntity
  8
A-ALV-___-___-EXI
100
AcDbLine
 10
-8481.161222095954
 20
19291.17397621329
 30
0.0
 11
-8483.432679829562
 21
19288.81839041547
 31
0.0
1001
REVIT
1002
{
1070
     1
1000
22995107
1002
}
1002
{
1070
     2
1000
-2000051
1002
}
1002
{
1070
     3
1000
22985857
1002
}
  0
LINE
  5
240
330
70
100
AcDbEntity
  8
A-ALV-___-___-EXI
100
AcDbLine
 10
-8606.906024600737
 20
19160.77195880091
 30
0.0
 11
-8608.515054376526
 21
19159.10333532973
 31
0.0
1001
REVIT
1002
{
1070
     1
1000
22995107
1002
}
1002
{
1070
     2
1000
-2000051
1002
}
1002
{
1070
     3
1000
22985857
1002
}
  0
LINE
  5
241
330
70
100
AcDbEntity
  8
A-ALV-___-___-EXI
100
AcDbLine
 10
-8577.855798457131
 20
19291.17397621329
 30
0.0
 11
-8580.753238528306
 21
19288.32736842407
 31
0.0
1001
REVIT
1002
{
1070
     1
1000
22995109
1002
}
1002
{
1070
     2
1000
-2000051
1002
}
1002
{
1070
     3
1000
22985857
1002
}
  0
LINE
  5
242
330
70
100
AcDbEntity
  8
A-ALV-___-___-EXI
100
AcDbLine
 10
-6325.579690532169
 20
21647.21987340392
 30
0.0
 11
-6329.658205997628
 21
21643.17179462103
 31
0.0
1001
REVIT
1002
{
1070
     1
1000
22995110
1002
}
1002
{
1070
     2
1000
-2000051
1002
}
1002
{
1070
     3
1000
22985857
1002
}
  0
LINE
  5
243
330
70
100
AcDbEntity
  8
A-ALV-___-___-EXI
100
AcDbLine
 10
-8681.625587722782
 20
19291.17397621329
 30
0.0
 11
-8684.998153711728
 21
19287.80141022435
 31
0.0
1001
REVIT
1002
{
1070
     1
1000
22995111
1002
}
1002
{
1070
     2
1000
-2000051
1002
}
1002
{
1070
     3
1000
22985857
1002
}
  0
LINE
  5
244
330
70
100
AcDbEntity
  8
A-ALV-___-___-EXI
100
AcDbLine
 10
-8783.036972686943
 20
19291.17397621329
 30
0.0
 11
-8786.993561019439
 21
19287.28680171119
 31
0.0
1001
REVIT
1002
{
1070
     1
1000
22995113
1002
}
1002
{
1070
     2
1000
-2000051
1002
}
1002
{
1070
     3
1000
22985857
1002
}
  0
LINE
  5
245
330
70
100
AcDbEntity
  8
A-ALV-___-___-EXI
100
AcDbLine
 10
-8886.806761952597
 20
19291.17397621329
 30
0.0
 11
-8891.219800427492
 21
19286.76093773839
 31
0.0
1001
REVIT
1002
{
1070
     1
1000
22995115
1002
}
1002
{
1070
     2
1000
-2000051
1002
}
1002
{
1070
     3
1000
22985857
1002
}
  0
LINE
  5
246
330
70
100
AcDbEntity
  8
A-ALV-___-___-EXI
100
AcDbLine
 10
-6313.787669024709
 20
21960.88764550237
 30
0.0
 11
-6317.934359022636
 21
21956.74095550444
 31
0.0
1001
REVIT
1002
{
1070
     1
1000
22995116
1002
}
1002
{
1070
     2
1000
-2000051
1002
}
1002
{
1070
     3
1000
22985857
1002
}
  0
LINE
  5
247
330
70
100
AcDbEntity
  8
A-ALV-___-___-EXI
100
AcDbLine
 10
-8983.501338313773
 20
19291.17397621329
 30
0.0
 11
-8988.404714396994
 21
19286.27060013007
 31
0.0
1001
REVIT
1002
{
1070
     1
1000
22995117
1002
}
1002
{
1070
     2
1000
-2000051
1002
}
1002
{
1070
     3
1000
22985857
1002
}
  0
LINE
  5
248
330
70
100
AcDbEntity
  8
A-ALV-___-___-EXI
100
AcDbLine
 10
-9188.682512543588
 20
19286.4571676103
 30
0.0
 11
-9189.930428017992
 21
19285.2538205457
 31
0.0
1001
REVIT
1002
{
1070
     1
1000
22995121
1002
}
1002
{
1070
     2
1000
-2000051
1002
}
1002
{
1070
     3
1000
22985857
1002
}
  0
LINE
  5
249
330
70
100
AcDbEntity
  8
A-ALV-___-___-EXI
100
AcDbLine
 10
-6301.995647517249
 20
22274.55541760082
 30
0.0
 11
-6306.209329869248
 21
22270.34173524882
 31
0.0
1001
REVIT
1002
{
1070
     1
1000
22995122
1002
}
1002
{
1070
     2
1000
-2000051
1002
}
1002
{
1070
     3
1000
22985857
1002
}
  0
LINE
  5
24A
330
70
100
AcDbEntity
  8
A-ALV-___-___-EXI
100
AcDbLine
 10
-9290.093897507748
 20
19286.4571676103
 30
0.0
 11
-9291.81127508226
 21
19284.73979003579
 31
0.0
1001
REVIT
1002
{
1070
     1
1000
22995123
1002
}
1002
{
1070
     2
1000
-2000051
1002
}
1002
{
1070
     3
1000
22985857
1002
}
  0
LINE
  5
24B
330
70
100
AcDbEntity
  8
A-ALV-___-___-EXI
100
AcDbLine
 10
-9421.223444367148
 20
19155.3276207509
 30
0.0
 11
-9424.522942692798
 21
19152.02812242525
 31
0.0
1001
REVIT
1002
{
1070
     1
1000
22995123
1002
}
1002
{
1070
     2
1000
-2000051
1002
}
1002
{
1070
     3
1000
22985857
1002
}
  0
LINE
  5
24C
330
70
100
AcDbEntity
  8
A-ALV-___-___-EXI
100
AcDbLine
 10
-6614.353994408657
 20
22063.60845567358
 30
0.0
 11
-6615.663419615701
 21
22062.29903046653
 31
0.0
1001
REVIT
1002
{
1070
     1
1000
22995124
1002
}
1002
{
1070
     2
1000
-2000051
1002
}
1002
{
1070
     3
1000
22985857
1002
}
  0
LINE
  5
24D
330
70
100
AcDbEntity
  8
A-ALV-___-___-EXI
100
AcDbLine
 10
-9393.863686773402
 20
19286.4571676103
 30
0.0
 11
-9395.988629311764
 21
19284.2141727087
 31
0.0
1001
REVIT
1002
{
1070
     1
1000
22995125
1002
}
1002
{
1070
     2
1000
-2000051
1002
}
1002
{
1070
     3
1000
22985857
1002
}
  0
LINE
  5
24E
330
70
100
AcDbEntity
  8
A-ALV-___-___-EXI
100
AcDbLine
 10
-9518.709141857907
 20
19154.67585390999
 30
0.0
 11
-9521.217519053974
 21
19152.02812242525
 31
0.0
1001
REVIT
1002
{
1070
     1
1000
22995125
1002
}
1002
{
1070
     2
1000
-2000051
1002
}
1002
{
1070
     3
1000
22985857
1002
}
  0
LINE
  5
24F
330
70
100
AcDbEntity
  8
A-ALV-___-___-EXI
100
AcDbLine
 10
-6301.995647517251
 20
22472.66137892615
 30
0.0
 11
-6304.08461182624
 21
22470.61782688475
 31
0.0
1001
REVIT
1002
{
1070
     1
1000
22995126
1002
}
1002
{
1070
     2
1000
-2000051
1002
}
1002
{
1070
     3
1000
22985857
1002
}
  0
LINE
  5
250
330
70
100
AcDbEntity
  8
A-ALV-___-___-EXI
100
AcDbLine
 10
-9490.558263134579
 20
19286.4571676103
 30
0.0
 11
-9493.243991647572
 21
19283.72347965957
 31
0.0
1001
REVIT
1002
{
1070
     1
1000
22995127
1002
}
1002
{
1070
     2
1000
-2000051
1002
}
1002
{
1070
     3
1000
22985857
1002
}
  0
LINE
  5
251
330
70
100
AcDbEntity
  8
A-ALV-___-___-EXI
100
AcDbLine
 10
-9620.697532121326
 20
19153.99398310593
 30
0.0
 11
-9622.628904018137
 21
19152.02812242525
 31
0.0
1001
REVIT
1002
{
1070
     1
1000
22995127
1002
}
1002
{
1070
     2
1000
-2000051
1002
}
1002
{
1070
     3
1000
22985857
1002
}
  0
LINE
  5
252
330
70
100
AcDbEntity
  8
A-ALV-___-___-EXI
100
AcDbLine
 10
-6721.981369850777
 20
22156.44544585828
 30
0.0
 11
-6724.150017484338
 21
22154.27679822472
 31
0.0
1001
REVIT
1002
{
1070
     1
1000
22995128
1002
}
1002
{
1070
     2
1000
-2000051
1002
}
1002
{
1070
     3
1000
22985857
1002
}
  0
LINE
  5
253
330
70
100
AcDbEntity
  8
A-ALV-___-___-EXI
100
AcDbLine
 10
-9591.969648098737
 20
19286.4571676103
 30
0.0
 11
-9595.217835767529
 21
19283.20897994151
 31
0.0
1001
REVIT
1002
{
1070
     1
1000
22995129
1002
}
1002
{
1070
     2
1000
-2000051
1002
}
1002
{
1070
     3
1000
22985857
1002
}
  0
LINE
  5
254
330
70
100
AcDbEntity
  8
A-ALV-___-___-EXI
100
AcDbLine
 10
-9725.131050971736
 20
19153.2957647373
 30
0.0
 11
-9726.39869328379
 21
19152.02812242524
 31
0.0
1001
REVIT
1002
{
1070
     1
1000
22995129
1002
}
1002
{
1070
     2
1000
-2000051
1002
}
1002
{
1070
     3
1000
22985857
1002
}
  0
LINE
  5
255
330
70
100
AcDbEntity
  8
A-ALV-___-___-EXI
100
AcDbLine
 10
-6816.877355601921
 20
22158.29888307998
 30
0.0
 11
-6820.844593845514
 21
22154.27679822472
 31
0.0
1001
REVIT
1002
{
1070
     1
1000
22995130
1002
}
1002
{
1070
     2
1000
-2000051
1002
}
1002
{
1070
     3
1000
22985857
1002
}
  0
LINE
  5
256
330
70
100
AcDbEntity
  8
A-ALV-___-___-EXI
100
AcDbLine
 10
-9695.739437364395
 20
19286.4571676103
 30
0.0
 11
-9699.447293526691
 21
19282.68309973082
 31
0.0
1001
REVIT
1002
{
1070
     1
1000
22995131
1002
}
1002
{
1070
     2
1000
-2000051
1002
}
1002
{
1070
     3
1000
22985857
1002
}
  0
LINE
  5
257
330
70
100
AcDbEntity
  8
A-ALV-___-___-EXI
100
AcDbLine
 10
-6309.070860421726
 20
22769.82032091416
 30
0.0
 11
-6311.171054897742
 21
22767.70332488234
 31
0.0
1001
REVIT
1002
{
1070
     1
1000
22995132
1002
}
1002
{
1070
     2
1000
-2000051
1002
}
1002
{
1070
     3
1000
22985857
1002
}
  0
LINE
  5
258
330
70
100
AcDbEntity
  8
A-ALV-___-___-EXI
100
AcDbLine
 10
-9797.150822328555
 20
19286.4571676103
 30
0.0
 11
-9801.439482483297
 21
19282.16850745555
 31
0.0
1001
REVIT
1002
{
1070
     1
1000
22995133
1002
}
1002
{
1070
     2
1000
-2000051
1002
}
1002
{
1070
     3
1000
22985857
1002
}
  0
LINE
  5
259
330
70
100
AcDbEntity
  8
A-ALV-___-___-EXI
100
AcDbLine
 10
-6923.231870244777
 20
22160.3761196941
 30
0.0
 11
-6924.614383111168
 21
22158.99360682771
 31
0.0
1001
REVIT
1002
{
1070
     1
1000
22995134
1002
}
1002
{
1070
     2
1000
-2000051
1002
}
1002
{
1070
     3
1000
22985857
1002
}
  0
LINE
  5
25A
330
70
100
AcDbEntity
  8
A-ALV-___-___-EXI
100
AcDbLine
 10
-6606.849725826127
 20
22573.45284047393
 30
0.0
 11
-6610.946611012717
 21
22569.35595528734
 31
0.0
1001
REVIT
1002
{
1070
     1
1000
22995135
1002
}
1002
{
1070
     2
1000
-2000051
1002
}
1002
{
1070
     3
1000
22985857
1002
}
  0
LINE
  5
25B
330
70
100
AcDbEntity
  8
A-ALV-___-___-EXI
100
AcDbLine
 10
-9900.920611594205
 20
19286.4571676103
 30
0.0
 11
-9905.480856082185
 21
19281.64357620632
 31
0.0
1001
REVIT
1002
{
1070
     1
1000
22995136
1002
}
1002
{
1070
     2
1000
-2000051
1002
}
1002
{
1070
     3
1000
22985857
1002
}
  0
LINE
  5
25C
330
70
100
AcDbEntity
  8
A-ALV-___-___-EXI
100
AcDbLine
 10
-7018.074060085623
 20
22162.22850621443
 30
0.0
 11
-7021.308959472342
 21
22158.99360682771
 31
0.0
1001
REVIT
1002
{
1070
     1
1000
22995137
1002
}
1002
{
1070
     2
1000
-2000051
1002
}
1002
{
1070
     3
1000
22985857
1002
}
  0
LINE
  5
25D
330
70
100
AcDbEntity
  8
A-ALV-___-___-EXI
100
AcDbLine
 10
-6313.787669024712
 20
22967.9262822395
 30
0.0
 11
-6315.897098031785
 21
22965.83359473248
 31
0.0
1001
REVIT
1002
{
1070
     1
1000
22995138
1002
}
1002
{
1070
     2
1000
-2000051
1002
}
1002
{
1070
     3
1000
22985857
1002
}
  0
LINE
  5
25E
330
70
100
AcDbEntity
  8
A-ALV-___-___-EXI
100
AcDbLine
 10
-6609.41896324708
 20
22674.64126813001
 30
0.0
 11
-6610.946611012717
 21
22673.12574455298
 31
0.0
1001
REVIT
1002
{
1070
     1
1000
22995138
1002
}
1002
{
1070
     2
1000
-2000051
1002
}
1002
{
1070
     3
1000
22985857
1002
}
  0
LINE
  5
25F
330
70
100
AcDbEntity
  8
A-ALV-___-___-EXI
100
AcDbLine
 10
-9997.615187955382
 20
19286.4571676103
 30
0.0
 11
-10002.82686410745
 21
19281.15242581265
 31
0.0
1001
REVIT
1002
{
1070
     1
1000
22995139
1002
}
1002
{
1070
     2
1000
-2000051
1002
}
1002
{
1070
     3
1000
22985857
1002
}
  0
LINE
  5
260
330
70
100
AcDbEntity
  8
A-ALV-___-___-EXI
100
AcDbLine
 10
-7117.542698211392
 20
22164.17125305282
 30
0.0
 11
-7122.720344436505
 21
22158.99360682771
 31
0.0
1001
REVIT
1002
{
1070
     1
1000
22995140
1002
}
1002
{
1070
     2
1000
-2000051
1002
}
1002
{
1070
     3
1000
22985857
1002
}
  0
LINE
  5
261
330
70
100
AcDbEntity
  8
A-ALV-___-___-EXI
100
AcDbLine
 10
-10099.02657291954
 20
19286.4571676103
 30
0.0
 11
-10104.84604316856
 21
19280.63769736128
 31
0.0
1001
REVIT
1002
{
1070
     1
1000
22995142
1002
}
1002
{
1070
     2
1000
-2000051
1002
}
1002
{
1070
     3
1000
22985857
1002
}
  0
LINE
  5
262
330
70
100
AcDbEntity
  8
A-ALV-___-___-EXI
100
AcDbLine
 10
-6614.324744412185
 20
22867.85357247886
 30
0.0
 11
-6615.663419615701
 21
22866.51489727534
 31
0.0
1001
REVIT
1002
{
1070
     1
1000
22995144
1002
}
1002
{
1070
     2
1000
-2000051
1002
}
1002
{
1070
     3
1000
22985857
1002
}
  0
LINE
  5
263
330
70
100
AcDbEntity
  8
A-POR-___-___-EXI
100
AcDbLine
 10
-7212.096717996854
 20
22277.0616388402
 30
0.0
 11
-7214.698112194696
 21
22274.55541760082
 31
0.0
1001
REVIT
1002
{
1070
     1
1000
22995146
1002
}
1002
{
1070
     2
1000
-2000051
1002
}
1002
{
1070
     3
1000
22985857
1002
}
  0
LINE
  5
264
330
70
100
AcDbEntity
  8
A-ALV-___-___-EXI
100
AcDbLine
 10
-6320.862881929189
 20
23258.01001132303
 30
0.0
 11
-6322.820495504841
 21
23256.08371956459
 31
0.0
1001
REVIT
1002
{
1070
     1
1000
22995147
1002
}
1002
{
1070
     2
1000
-2000051
1002
}
1002
{
1070
     3
1000
22985857
1002
}
  0
LINE
  5
265
330
70
100
AcDbEntity
  8
A-ALV-___-___-EXI
100
AcDbLine
 10
-6619.405421107405
 20
23067.95407001346
 30
0.0
 11
-6622.738632520179
 21
23064.62085860068
 31
0.0
1001
REVIT
1002
{
1070
     1
1000
22995150
1002
}
1002
{
1070
     2
1000
-2000051
1002
}
1002
{
1070
     3
1000
22985857
1002
}
  0
LINE
  5
266
330
70
100
AcDbEntity
  8
A-ALV-___-___-EXI
100
AcDbLine
 10
-10346.65902457621
 20
19333.62525364014
 30
0.0
 11
-10352.15509785477
 21
19328.33528310953
 31
0.0
1001
REVIT
1002
{
1070
     1
1000
22995151
1002
}
1002
{
1070
     2
1000
-2000051
1002
}
1002
{
1070
     3
1000
22985857
1002
}
  0
LINE
  5
267
330
70
100
AcDbEntity
  8
A-ALV-___-___-EXI
100
AcDbLine
 10
-6325.579690532175
 20
23458.47437694986
 30
0.0
 11
-6327.599972353162
 21
23456.45409512888
 31
0.0
1001
REVIT
1002
{
1070
     1
1000
22995152
1002
}
1002
{
1070
     2
1000
-2000051
1002
}
1002
{
1070
     3
1000
22985857
1002
}
  0
LINE
  5
268
330
70
100
AcDbEntity
  8
A-ALV-___-___-EXI
100
AcDbLine
 10
-10346.65902457621
 20
19442.11185150878
 30
0.0
 11
-10348.54520601125
 21
19440.24193025853
 31
0.0
1001
REVIT
1002
{
1070
     1
1000
22995153
1002
}
1002
{
1070
     2
1000
-2000051
1002
}
1002
{
1070
     3
1000
22985857
1002
}
  0
LINE
  5
269
330
70
100
AcDbEntity
  8
A-ALV-___-___-EXI
100
AcDbLine
 10
-10341.94221597323
 20
19545.88164077443
 30
0.0
 11
-10345.24118625779
 21
19542.66654261575
 31
0.0
1001
REVIT
1002
{
1070
     1
1000
22995155
1002
}
1002
{
1070
     2
1000
-2000051
1002
}
1002
{
1070
     3
1000
22985857
1002
}
  0
LINE
  5
26A
330
70
100
AcDbEntity
  8
A-ALV-___-___-EXI
100
AcDbLine
 10
-10617.49436333112
 20
19277.33505648496
 30
0.0
 11
-10620.2339235493
 21
19274.66514610284
 31
0.0
1001
REVIT
1002
{
1070
     1
1000
22995155
1002
}
1002
{
1070
     2
1000
-2000051
1002
}
1002
{
1070
     3
1000
22985857
1002
}
  0
LINE
  5
26B
330
70
100
AcDbEntity
  8
A-POR-___-___-EXI
100
AcDbLine
 10
-6417.557458290367
 20
23668.37235978266
 30
0.0
 11
-6418.905117891222
 21
23667.02470018181
 31
0.0
1001
REVIT
1002
{
1070
     1
1000
22995158
1002
}
1002
{
1070
     2
1000
-2000051
1002
}
1002
{
1070
     3
1000
22985857
1002
}
  0
LINE
  5
26C
330
70
100
AcDbEntity
  8
A-ALV-___-___-EXI
100
AcDbLine
 10
-10334.86700306875
 20
19751.06281500424
 30
0.0
 11
-10338.63725482253
 21
19747.38841710861
 31
0.0
1001
REVIT
1002
{
1070
     1
1000
22995159
1002
}
1002
{
1070
     2
1000
-2000051
1002
}
1002
{
1070
     3
1000
22985857
1002
}
  0
LINE
  5
26D
330
70
100
AcDbEntity
  8
A-POR-___-___-EXI
100
AcDbLine
 10
-6518.96884325453
 20
23668.37235978266
 30
0.0
 11
-6521.988817800046
 21
23665.41401737072
 31
0.0
1001
REVIT
1002
{
1070
     1
1000
22995160
1002
}
1002
{
1070
     2
1000
-2000051
1002
}
1002
{
1070
     3
1000
22985857
1002
}
  0
LINE
  5
26E
330
70
100
AcDbEntity
  8
A-ALV-___-___-EXI
100
AcDbLine
 10
-6631.842961011061
 20
23557.80179544973
 30
0.0
 11
-6634.530654027641
 21
23555.16895331104
 31
0.0
1001
REVIT
1002
{
1070
     1
1000
22995160
1002
}
1002
{
1070
     2
1000
-2000051
1002
}
1002
{
1070
     3
1000
22985857
1002
}
  0
LINE
  5
26F
330
70
100
AcDbEntity
  8
A-ALV-___-___-EXI
100
AcDbLine
 10
-10611.14818627922
 20
19578.53438271735
 30
0.0
 11
-10613.15871064482
 21
19576.54089669383
 31
0.0
1001
REVIT
1002
{
1070
     1
1000
22995161
1002
}
1002
{
1070
     2
1000
-2000051
1002
}
1002
{
1070
     3
1000
22985857
1002
}
  0
LINE
  5
270
330
70
100
AcDbEntity
  8
A-ALV-___-___-EXI
100
AcDbLine
 10
-10330.15019446577
 20
19960.96079783704
 30
0.0
 11
-10331.80248969497
 21
19959.26613606351
 31
0.0
1001
REVIT
1002
{
1070
     1
1000
22995163
1002
}
1002
{
1070
     2
1000
-2000051
1002
}
1002
{
1070
     3
1000
22985857
1002
}
  0
LINE
  5
271
330
70
100
AcDbEntity
  8
A-ALV-___-___-EXI
100
AcDbLine
 10
-10323.07498156129
 20
20166.14197206686
 30
0.0
 11
-10325.19754543264
 21
20164.01940819551
 31
0.0
1001
REVIT
1002
{
1070
     1
1000
22995165
1002
}
1002
{
1070
     2
1000
-2000051
1002
}
1002
{
1070
     3
1000
22985857
1002
}
  0
LINE
  5
272
330
70
100
AcDbEntity
  8
A-ALV-___-___-EXI
100
AcDbLine
 10
-10604.70125415967
 20
19884.51569946849
 30
0.0
 11
-10606.08349774035
 21
19883.1334558878
 31
0.0
1001
REVIT
1002
{
1070
     1
1000
22995165
1002
}
1002
{
1070
     2
1000
-2000051
1002
}
1002
{
1070
     3
1000
22985857
1002
}
  0
LINE
  5
273
330
70
100
AcDbEntity
  8
A-ALV-___-___-EXI
100
AcDbLine
 10
-10602.46779843045
 20
19990.51894446336
 30
0.0
 11
-10606.08349774035
 21
19986.90324515345
 31
0.0
1001
REVIT
1002
{
1070
     1
1000
22995166
1002
}
1002
{
1070
     2
1000
-2000051
1002
}
1002
{
1070
     3
1000
22985857
1002
}
  0
LINE
  5
274
330
70
100
AcDbEntity
  8
A-ALV-___-___-EXI
100
AcDbLine
 10
-10598.15316804443
 20
20195.2979404762
 30
0.0
 11
-10601.36668913737
 21
20192.08441938327
 31
0.0
1001
REVIT
1002
{
1070
     1
1000
22995168
1002
}
1002
{
1070
     2
1000
-2000051
1002
}
1002
{
1070
     3
1000
22985857
1002
}
  0
LINE
  5
275
330
70
100
AcDbEntity
  8
A-ALV-___-___-EXI
100
AcDbLine
 10
-10595.97047267269
 20
20298.89202081211
 30
0.0
 11
-10601.36668913737
 21
20293.49580434743
 31
0.0
1001
REVIT
1002
{
1070
     1
1000
22995169
1002
}
1002
{
1070
     2
1000
-2000051
1002
}
1002
{
1070
     3
1000
22985857
1002
}
  0
LINE
  5
276
330
70
100
AcDbEntity
  8
A-POR-___-___-EXI
100
AcDbLine
 10
-10497.59689987171
 20
20602.44676784289
 30
0.0
 11
-10499.72545404561
 21
20600.16246580262
 31
0.0
1001
REVIT
1002
{
1070
     1
1000
22995171
1002
}
1002
{
1070
     2
1000
-2000051
1002
}
1002
{
1070
     3
1000
22985857
1002
}
  0
LINE
  5
277
330
70
100
AcDbEntity
  8
A-ALV-___-___-EXI
100
AcDbLine
 10
-10591.70252539158
 20
20501.45536484596
 30
0.0
 11
-10594.29147623289
 21
20498.67697857724
 31
0.0
1001
REVIT
1002
{
1070
     1
1000
22995171
1002
}
1002
{
1070
     2
1000
-2000051
1002
}
1002
{
1070
     3
1000
22985857
1002
}
  0
LINE
  5
278
330
70
100
AcDbEntity
  8
A-POR-___-___-EXI
100
AcDbLine
 10
-14552.47121573376
 20
13825.97388805891
 30
0.0
 11
-14556.41070273962
 21
13822.03440105305
 31
0.0
1001
REVIT
1002
{
1070
     1
1000
22995172
1002
}
1002
{
1070
     2
1000
-2000051
1002
}
1002
{
1070
     3
1000
22985857
1002
}
  0
LINE
  5
279
330
70
100
AcDbEntity
  8
A-ALV-___-___-EXI
100
AcDbLine
 10
-14650.75792606564
 20
13824.45510887056
 30
0.0
 11
-14653.1052791008
 21
13822.03440105305
 31
0.0
1001
REVIT
1002
{
1070
     1
1000
22995173
1002
}
1002
{
1070
     2
1000
-2000051
1002
}
1002
{
1070
     3
1000
22985857
1002
}
  0
LINE
  5
27A
330
70
100
AcDbEntity
  8
A-ALV-___-___-EXI
100
AcDbLine
 10
-15563.44933947675
 20
13013.10172564126
 30
0.0
 11
-15564.64004603872
 21
13011.91101907928
 31
0.0
1001
REVIT
1002
{
1070
     1
1000
22995177
1002
}
1002
{
1070
     2
1000
-2000051
1002
}
1002
{
1070
     3
1000
22985857
1002
}
  0
LINE
  5
27B
330
70
100
AcDbEntity
  8
A-ALV-___-___-EXI
100
AcDbLine
 10
-15563.44933947675
 20
13114.51311060542
 30
0.0
 11
-15565.38220572147
 21
13112.59734937171
 31
0.0
1001
REVIT
1002
{
1070
     1
1000
22995180
1002
}
1002
{
1070
     2
1000
-2000051
1002
}
1002
{
1070
     3
1000
22985857
1002
}
  0
LINE
  5
27C
330
70
100
AcDbEntity
  8
A-ALV-___-___-EXI
100
AcDbLine
 10
-14954.93889298666
 20
13819.75474072829
 30
0.0
 11
-14959.69783829477
 21
13814.95918814858
 31
0.0
1001
REVIT
1002
{
1070
     1
1000
22995181
1002
}
1002
{
1070
     2
1000
-2000051
1002
}
1002
{
1070
     3
1000
22985857
1002
}
  0
LINE
  5
27D
330
70
100
AcDbEntity
  8
A-ALV-___-___-EXI
100
AcDbLine
 10
-15060.30017424967
 20
13818.12664145933
 30
0.0
 11
-15063.46762756043
 21
13814.95918814858
 31
0.0
1001
REVIT
1002
{
1070
     1
1000
22995184
1002
}
1002
{
1070
     2
1000
-2000051
1002
}
1002
{
1070
     3
1000
22985857
1002
}
  0
LINE
  5
27E
330
70
100
AcDbEntity
  8
A-ALV-___-___-EXI
100
AcDbLine
 10
-15163.31543402203
 20
13816.53479417807
 30
0.0
 11
-15164.87901252459
 21
13814.95918814858
 31
0.0
1001
REVIT
1002
{
1070
     1
1000
22995187
1002
}
1002
{
1070
     2
1000
-2000051
1002
}
1002
{
1070
     3
1000
22985857
1002
}
  0
LINE
  5
27F
330
70
100
AcDbEntity
  8
A-ALV-___-___-EXI
100
AcDbLine
 10
-18516.17152494487
 20
10470.74188863275
 30
0.0
 11
-18518.13229258696
 21
10468.79428050504
 31
0.0
1001
REVIT
1002
{
1070
     1
1000
22995188
1002
}
1002
{
1070
     2
1000
-2000051
1002
}
1002
{
1070
     3
1000
22985857
1002
}
  0
LINE
  5
280
330
70
100
AcDbEntity
  8
A-ALV-___-___-EXI
100
AcDbLine
 10
-15875.93260815039
 20
13110.96258229764
 30
0.0
 11
-15877.1171115752
 21
13109.79630200243
 31
0.0
1001
REVIT
1002
{
1070
     1
1000
22995189
1002
}
1002
{
1070
     2
1000
-2000051
1002
}
1002
{
1070
     3
1000
22985857
1002
}
  0
LINE
  5
281
330
70
100
AcDbEntity
  8
A-ALV-___-___-EXI
100
AcDbLine
 10
-15875.49099719381
 20
13208.116992745
 30
0.0
 11
-15877.1171115752
 21
13206.49087836361
 31
0.0
1001
REVIT
1002
{
1070
     1
1000
22995192
1002
}
1002
{
1070
     2
1000
-2000051
1002
}
1002
{
1070
     3
1000
22985857
1002
}
  0
LINE
  5
282
330
70
100
AcDbEntity
  8
A-ALV-___-___-EXI
100
AcDbLine
 10
-15366.91388505173
 20
13813.38868124826
 30
0.0
 11
-15370.0601867544
 21
13810.24237954559
 31
0.0
1001
REVIT
1002
{
1070
     1
1000
22995193
1002
}
1002
{
1070
     2
1000
-2000051
1002
}
1002
{
1070
     3
1000
22985857
1002
}
  0
LINE
  5
283
330
70
100
AcDbEntity
  8
A-ALV-___-___-EXI
100
AcDbLine
 10
-18721.35269917468
 20
10466.02508002976
 30
0.0
 11
-18723.14410753991
 21
10464.19760303973
 31
0.0
1001
REVIT
1002
{
1070
     1
1000
22995194
1002
}
1002
{
1070
     2
1000
-2000051
1002
}
1002
{
1070
     3
1000
22985857
1002
}
  0
LINE
  5
284
330
70
100
AcDbEntity
  8
A-ALV-___-___-EXI
100
AcDbLine
 10
-19070.59465483068
 20
10109.75140714579
 30
0.0
 11
-19072.754940097
 21
10107.54762620296
 31
0.0
1001
REVIT
1002
{
1070
     1
1000
22995194
1002
}
1002
{
1070
     2
1000
-2000051
1002
}
1002
{
1070
     3
1000
22985857
1002
}
  0
LINE
  5
285
330
70
100
AcDbEntity
  8
A-ALV-___-___-EXI
100
AcDbLine
 10
-15875.02807826235
 20
13309.95915766658
 30
0.0
 11
-15877.1171115752
 21
13307.90226332777
 31
0.0
1001
REVIT
1002
{
1070
     1
1000
22995195
1002
}
1002
{
1070
     2
1000
-2000051
1002
}
1002
{
1070
     3
1000
22985857
1002
}
  0
LINE
  5
286
330
70
100
AcDbEntity
  8
A-ALV-___-___-EXI
100
AcDbLine
 10
-15472.30048942244
 20
13811.76019067299
 30
0.0
 11
-15473.82997602005
 21
13810.24237954559
 31
0.0
1001
REVIT
1002
{
1070
     1
1000
22995196
1002
}
1002
{
1070
     2
1000
-2000051
1002
}
1002
{
1070
     3
1000
22985857
1002
}
  0
LINE
  5
287
330
70
100
AcDbEntity
  8
A-ALV-___-___-EXI
100
AcDbLine
 10
-19030.30366267015
 20
10458.94986712529
 30
0.0
 11
-19031.94710961917
 21
10457.27376891238
 31
0.0
1001
REVIT
1002
{
1070
     1
1000
22995202
1002
}
1002
{
1070
     2
1000
-2000051
1002
}
1002
{
1070
     3
1000
22985857
1002
}
  0
LINE
  5
288
330
70
100
AcDbEntity
  8
A-ALV-___-___-EXI
100
AcDbLine
 10
-19383.89961416297
 20
10098.32883050346
 30
0.0
 11
-19386.42271219546
 21
10095.7556046955
 31
0.0
1001
REVIT
1002
{
1070
     1
1000
22995202
1002
}
1002
{
1070
     2
1000
-2000051
1002
}
1002
{
1070
     3
1000
22985857
1002
}
  0
LINE
  5
289
330
70
100
AcDbEntity
  8
A-ALV-___-___-EXI
100
AcDbLine
 10
-15563.44933947675
 20
14225.3215366082
 30
0.0
 11
-15565.01186564034
 21
14223.73684695293
 31
0.0
1001
REVIT
1002
{
1070
     1
1000
22995207
1002
}
1002
{
1070
     2
1000
-2000051
1002
}
1002
{
1070
     3
1000
22985857
1002
}
  0
LINE
  5
28A
330
70
100
AcDbEntity
  8
A-ALV-___-___-EXI
100
AcDbLine
 10
-19697.1456659499
 20
10086.90840153205
 30
0.0
 11
-19700.09048429391
 21
10083.96358318804
 31
0.0
1001
REVIT
1002
{
1070
     1
1000
22995208
1002
}
1002
{
1070
     2
1000
-2000051
1002
}
1002
{
1070
     3
1000
22985857
1002
}
  0
LINE
  5
28B
330
70
100
AcDbEntity
  8
A-ALV-___-___-EXI
100
AcDbLine
 10
-15563.44933947675
 20
14322.01611296938
 30
0.0
 11
-15566.34730699957
 21
14319.13381013588
 31
0.0
1001
REVIT
1002
{
1070
     1
1000
22995209
1002
}
1002
{
1070
     2
1000
-2000051
1002
}
1002
{
1070
     3
1000
22985857
1002
}
  0
LINE
  5
28C
330
70
100
AcDbEntity
  8
A-ALV-___-___-EXI
100
AcDbLine
 10
-15563.44933947675
 20
14425.78590223503
 30
0.0
 11
-15567.77968687067
 21
14421.45555484112
 31
0.0
1001
REVIT
1002
{
1070
     1
1000
22995211
1002
}
1002
{
1070
     2
1000
-2000051
1002
}
1002
{
1070
     3
1000
22985857
1002
}
  0
LINE
  5
28D
330
70
100
AcDbEntity
  8
A-ALV-___-___-EXI
100
AcDbLine
 10
-19778.76664491616
 20
10217.39787858528
 30
0.0
 11
-19784.99303914762
 21
10211.31741546861
 31
0.0
1001
REVIT
1002
{
1070
     1
1000
22995212
1002
}
1002
{
1070
     2
1000
-2000051
1002
}
1002
{
1070
     3
1000
22985857
1002
}
  0
LINE
  5
28E
330
70
100
AcDbEntity
  8
A-ALV-___-___-EXI
100
AcDbLine
 10
-19779.37878466
 20
10313.62624631741
 30
0.0
 11
-19784.99303914762
 21
10308.01199182979
 31
0.0
1001
REVIT
1002
{
1070
     1
1000
22995214
1002
}
1002
{
1070
     2
1000
-2000051
1002
}
1002
{
1070
     3
1000
22985857
1002
}
  0
LINE
  5
28F
330
70
100
AcDbEntity
  8
A-ALV-___-___-EXI
100
AcDbLine
 10
-19483.11728855664
 20
10711.29912738494
 30
0.0
 11
-19484.40309451795
 21
10710.01332142363
 31
0.0
1001
REVIT
1002
{
1070
     1
1000
22995217
1002
}
1002
{
1070
     2
1000
-2000051
1002
}
1002
{
1070
     3
1000
22985857
1002
}
  0
LINE
  5
290
330
70
100
AcDbEntity
  8
A-ALV-___-___-EXI
100
AcDbLine
 10
-19780.01981743474
 20
10414.39659850683
 30
0.0
 11
-19784.99303914762
 21
10409.42337679395
 31
0.0
1001
REVIT
1002
{
1070
     1
1000
22995217
1002
}
1002
{
1070
     2
1000
-2000051
1002
}
1002
{
1070
     3
1000
22985857
1002
}
  0
LINE
  5
291
330
70
100
AcDbEntity
  8
A-ALV-___-___-EXI
100
AcDbLine
 10
-15570.52455238123
 20
14720.58643992155
 30
0.0
 11
-15571.94723924978
 21
14719.163753053
 31
0.0
1001
REVIT
1002
{
1070
     1
1000
22995219
1002
}
1002
{
1070
     2
1000
-2000051
1002
}
1002
{
1070
     3
1000
22985857
1002
}
  0
LINE
  5
292
330
70
100
AcDbEntity
  8
A-ALV-___-___-EXI
100
AcDbLine
 10
-19483.11728855664
 20
10807.99370374612
 30
0.0
 11
-19484.87379134308
 21
10806.23720095968
 31
0.0
1001
REVIT
1002
{
1070
     1
1000
22995220
1002
}
1002
{
1070
     2
1000
-2000051
1002
}
1002
{
1070
     3
1000
22985857
1002
}
  0
LINE
  5
293
330
70
100
AcDbEntity
  8
A-ALV-___-___-EXI
100
AcDbLine
 10
-19780.63103473159
 20
10510.47995757116
 30
0.0
 11
-19784.99303914762
 21
10506.11795315512
 31
0.0
1001
REVIT
1002
{
1070
     1
1000
22995220
1002
}
1002
{
1070
     2
1000
-2000051
1002
}
1002
{
1070
     3
1000
22985857
1002
}
  0
LINE
  5
294
330
70
100
AcDbEntity
  8
A-ALV-___-___-EXI
100
AcDbLine
 10
-16101.16552021696
 20
14189.94547208582
 30
0.0
 11
-16102.36836150723
 21
14188.7607186345
 31
0.0
1001
REVIT
1002
{
1070
     1
1000
22995221
1002
}
1002
{
1070
     2
1000
-2000051
1002
}
1002
{
1070
     3
1000
22985857
1002
}
  0
LINE
  5
295
330
70
100
AcDbEntity
  8
A-ALV-___-___-EXI
100
AcDbLine
 10
-15570.52455238123
 20
14817.28101628272
 30
0.0
 11
-15573.28215837121
 21
14814.52341029275
 31
0.0
1001
REVIT
1002
{
1070
     1
1000
22995222
1002
}
1002
{
1070
     2
1000
-2000051
1002
}
1002
{
1070
     3
1000
22985857
1002
}
  0
LINE
  5
296
330
70
100
AcDbEntity
  8
A-ALV-___-___-EXI
100
AcDbLine
 10
-19483.11728855664
 20
10911.76349301177
 30
0.0
 11
-19485.37892939931
 21
10909.5018521691
 31
0.0
1001
REVIT
1002
{
1070
     1
1000
22995223
1002
}
1002
{
1070
     2
1000
-2000051
1002
}
1002
{
1070
     3
1000
22985857
1002
}
  0
LINE
  5
297
330
70
100
AcDbEntity
  8
A-ALV-___-___-EXI
100
AcDbLine
 10
-19781.28697524528
 20
10613.59380632312
 30
0.0
 11
-19784.99303914762
 21
10609.88774242078
 31
0.0
1001
REVIT
1002
{
1070
     1
1000
22995223
1002
}
1002
{
1070
     2
1000
-2000051
1002
}
1002
{
1070
     3
1000
22985857
1002
}
  0
LINE
  5
298
330
70
100
AcDbEntity
  8
A-ALV-___-___-EXI
100
AcDbLine
 10
-16204.93530948261
 20
14189.94547208582
 30
0.0
 11
-16206.66865091239
 21
14188.21213065603
 31
0.0
1001
REVIT
1002
{
1070
     1
1000
22995224
1002
}
1002
{
1070
     2
1000
-2000051
1002
}
1002
{
1070
     3
1000
22985857
1002
}
  0
LINE
  5
299
330
70
100
AcDbEntity
  8
A-ALV-___-___-EXI
100
AcDbLine
 10
-15881.94594438251
 20
14614.34622215008
 30
0.0
 11
-15884.19232447968
 21
14612.09984205291
 31
0.0
1001
REVIT
1002
{
1070
     1
1000
22995225
1002
}
1002
{
1070
     2
1000
-2000051
1002
}
1002
{
1070
     3
1000
22985857
1002
}
  0
LINE
  5
29A
330
70
100
AcDbEntity
  8
A-ALV-___-___-EXI
100
AcDbLine
 10
-19483.11728855664
 20
11008.45806937295
 30
0.0
 11
-19485.84983406321
 21
11005.76821988991
 31
0.0
1001
REVIT
1002
{
1070
     1
1000
22995226
1002
}
1002
{
1070
     2
1000
-2000051
1002
}
1002
{
1070
     3
1000
22985857
1002
}
  0
LINE
  5
29B
330
70
100
AcDbEntity
  8
A-ALV-___-___-EXI
100
AcDbLine
 10
-19781.92770526502
 20
10714.31656542563
 30
0.0
 11
-19784.99303914762
 21
10711.29912738494
 31
0.0
1001
REVIT
1002
{
1070
     1
1000
22995226
1002
}
1002
{
1070
     2
1000
-2000051
1002
}
1002
{
1070
     3
1000
22985857
1002
}
  0
LINE
  5
29C
330
70
100
AcDbEntity
  8
A-ALV-___-___-EXI
100
AcDbLine
 10
-16306.34669444677
 20
14189.94547208582
 30
0.0
 11
-16308.61624941239
 21
14187.6759171202
 31
0.0
1001
REVIT
1002
{
1070
     1
1000
22995227
1002
}
1002
{
1070
     2
1000
-2000051
1002
}
1002
{
1070
     3
1000
22985857
1002
}
  0
LINE
  5
29D
330
70
100
AcDbEntity
  8
A-ALV-___-___-EXI
100
AcDbLine
 10
-19483.11728855664
 20
11109.86945433711
 30
0.0
 11
-19486.34328387029
 21
11106.64345902345
 31
0.0
1001
REVIT
1002
{
1070
     1
1000
22995229
1002
}
1002
{
1070
     2
1000
-2000051
1002
}
1002
{
1070
     3
1000
22985857
1002
}
  0
LINE
  5
29E
330
70
100
AcDbEntity
  8
A-ALV-___-___-EXI
100
AcDbLine
 10
-19782.53922531687
 20
10810.44751757687
 30
0.0
 11
-19784.99303914762
 21
10807.99370374611
 31
0.0
1001
REVIT
1002
{
1070
     1
1000
22995229
1002
}
1002
{
1070
     2
1000
-2000051
1002
}
1002
{
1070
     3
1000
22985857
1002
}
  0
LINE
  5
29F
330
70
100
AcDbEntity
  8
A-ALV-___-___-EXI
100
AcDbLine
 10
-16403.04127080794
 20
14189.94547208582
 30
0.0
 11
-16405.88516377902
 21
14187.16431204793
 31
0.0
1001
REVIT
1002
{
1070
     1
1000
22995230
1002
}
1002
{
1070
     2
1000
-2000051
1002
}
1002
{
1070
     3
1000
22985857
1002
}
  0
LINE
  5
2A0
330
70
100
AcDbEntity
  8
A-ALV-___-___-EXI
100
AcDbLine
 10
-15575.24136098422
 20
15119.15676687372
 30
0.0
 11
-15577.51506837241
 21
15116.90041603047
 31
0.0
1001
REVIT
1002
{
1070
     1
1000
22995231
1002
}
1002
{
1070
     2
1000
-2000051
1002
}
1002
{
1070
     3
1000
22985857
1002
}
  0
LINE
  5
2A1
330
70
100
AcDbEntity
  8
A-ALV-___-___-EXI
100
AcDbLine
 10
-19483.11728855664
 20
11206.56403069828
 30
0.0
 11
-19486.81440250192
 21
11202.95356786109
 31
0.0
1001
REVIT
1002
{
1070
     1
1000
22995232
1002
}
1002
{
1070
     2
1000
-2000051
1002
}
1002
{
1070
     3
1000
22985857
1002
}
  0
LINE
  5
2A2
330
70
100
AcDbEntity
  8
A-ALV-___-___-EXI
100
AcDbLine
 10
-19783.19489943423
 20
10913.51948882564
 30
0.0
 11
-19784.99303914762
 21
10911.76349301177
 31
0.0
1001
REVIT
1002
{
1070
     1
1000
22995232
1002
}
1002
{
1070
     2
1000
-2000051
1002
}
1002
{
1070
     3
1000
22985857
1002
}
  0
LINE
  5
2A3
330
70
100
AcDbEntity
  8
A-ALV-___-___-EXI
100
AcDbLine
 10
-16506.8110600736
 20
14189.94547208582
 30
0.0
 11
-16510.11596183269
 21
14186.61608957295
 31
0.0
1001
REVIT
1002
{
1070
     1
1000
22995233
1002
}
1002
{
1070
     2
1000
-2000051
1002
}
1002
{
1070
     3
1000
22985857
1002
}
  0
LINE
  5
2A4
330
70
100
AcDbEntity
  8
A-ALV-___-___-EXI
100
AcDbLine
 10
-16823.65788051614
 20
13870.75163815853
 30
0.0
 11
-16825.19564077503
 21
13869.20248708289
 31
0.0
1001
REVIT
1002
{
1070
     1
1000
22995233
1002
}
1002
{
1070
     2
1000
-2000051
1002
}
1002
{
1070
     3
1000
22985857
1002
}
  0
LINE
  5
2A5
330
70
100
AcDbEntity
  8
A-ALV-___-___-EXI
100
AcDbLine
 10
-15575.24136098422
 20
15215.85134323489
 30
0.0
 11
-15578.85012819001
 21
15212.27012387037
 31
0.0
1001
REVIT
1002
{
1070
     1
1000
22995234
1002
}
1002
{
1070
     2
1000
-2000051
1002
}
1002
{
1070
     3
1000
22985857
1002
}
  0
LINE
  5
2A6
330
70
100
AcDbEntity
  8
A-ALV-___-___-EXI
100
AcDbLine
 10
-19783.80650217874
 20
11009.66344026198
 30
0.0
 11
-19784.99303914762
 21
11008.45806937295
 31
0.0
1001
REVIT
1002
{
1070
     1
1000
22995235
1002
}
1002
{
1070
     2
1000
-2000051
1002
}
1002
{
1070
     3
1000
22985857
1002
}
  0
LINE
  5
2A7
330
70
100
AcDbEntity
  8
A-ALV-___-___-EXI
100
AcDbLine
 10
-16608.22244503776
 20
14189.94547208582
 30
0.0
 11
-16612.08817052864
 21
14186.07974659493
 31
0.0
1001
REVIT
1002
{
1070
     1
1000
22995236
1002
}
1002
{
1070
     2
1000
-2000051
1002
}
1002
{
1070
     3
1000
22985857
1002
}
  0
LINE
  5
2A8
330
70
100
AcDbEntity
  8
A-ALV-___-___-EXI
100
AcDbLine
 10
-15887.57085445414
 20
15108.71331844576
 30
0.0
 11
-15888.90913308267
 21
15107.36474536625
 31
0.0
1001
REVIT
1002
{
1070
     1
1000
22995240
1002
}
1002
{
1070
     2
1000
-2000051
1002
}
1002
{
1070
     3
1000
22985857
1002
}
  0
LINE
  5
2A9
330
70
100
AcDbEntity
  8
A-ALV-___-___-EXI
100
AcDbLine
 10
-19785.0884486769
 20
11211.18542977199
 30
0.0
 11
-19789.70984775061
 21
11206.56403069828
 31
0.0
1001
REVIT
1002
{
1070
     1
1000
22995241
1002
}
1002
{
1070
     2
1000
-2000051
1002
}
1002
{
1070
     3
1000
22985857
1002
}
  0
LINE
  5
2AA
330
70
100
AcDbEntity
  8
A-ALV-___-___-EXI
100
AcDbLine
 10
-19785.74438919058
 20
11314.29927852396
 30
0.0
 11
-19789.70984775061
 21
11310.33381996394
 31
0.0
1001
REVIT
1002
{
1070
     1
1000
22995244
1002
}
1002
{
1070
     2
1000
-2000051
1002
}
1002
{
1070
     3
1000
22985857
1002
}
  0
LINE
  5
2AB
330
70
100
AcDbEntity
  8
A-ALV-___-___-EXI
100
AcDbLine
 10
-15582.31657388869
 20
15614.42167018706
 30
0.0
 11
-15584.4498963871
 21
15612.28834768865
 31
0.0
1001
REVIT
1002
{
1070
     1
1000
22995246
1002
}
1002
{
1070
     2
1000
-2000051
1002
}
1002
{
1070
     3
1000
22985857
1002
}
  0
LINE
  5
2AC
330
70
100
AcDbEntity
  8
A-ALV-___-___-EXI
100
AcDbLine
 10
-19487.83409715962
 20
11708.90414691611
 30
0.0
 11
-19489.28237908177
 21
11707.47849439899
 31
0.0
1001
REVIT
1002
{
1070
     1
1000
22995247
1002
}
1002
{
1070
     2
1000
-2000051
1002
}
1002
{
1070
     3
1000
22985857
1002
}
  0
LINE
  5
2AD
330
70
100
AcDbEntity
  8
A-ALV-___-___-EXI
100
AcDbLine
 10
-19786.38509358806
 20
11415.01800980686
 30
0.0
 11
-19789.70984775061
 21
11411.7452049281
 31
0.0
1001
REVIT
1002
{
1070
     1
1000
22995247
1002
}
1002
{
1070
     2
1000
-2000051
1002
}
1002
{
1070
     3
1000
22985857
1002
}
  0
LINE
  5
2AE
330
70
100
AcDbEntity
  8
A-ALV-___-___-EXI
100
AcDbLine
 10
-19487.83409715962
 20
11810.31553188027
 30
0.0
 11
-19489.77592657059
 21
11808.3737024693
 31
0.0
1001
REVIT
1002
{
1070
     1
1000
22995250
1002
}
1002
{
1070
     2
1000
-2000051
1002
}
1002
{
1070
     3
1000
22985857
1002
}
  0
LINE
  5
2AF
330
70
100
AcDbEntity
  8
A-ALV-___-___-EXI
100
AcDbLine
 10
-19786.99663926218
 20
11511.15298977771
 30
0.0
 11
-19789.70984775061
 21
11508.43978128927
 31
0.0
1001
REVIT
1002
{
1070
     1
1000
22995250
1002
}
1002
{
1070
     2
1000
-2000051
1002
}
1002
{
1070
     3
1000
22985857
1002
}
  0
LINE
  5
2B0
330
70
100
AcDbEntity
  8
A-ALV-___-___-EXI
100
AcDbLine
 10
-17438.59317173583
 20
13859.55645730407
 30
0.0
 11
-17440.73916346447
 21
13857.41046557543
 31
0.0
1001
REVIT
1002
{
1070
     1
1000
22995251
1002
}
1002
{
1070
     2
1000
-2000051
1002
}
1002
{
1070
     3
1000
22985857
1002
}
  0
LINE
  5
2B1
330
70
100
AcDbEntity
  8
A-ALV-___-___-EXI
100
AcDbLine
 10
-19487.83409715962
 20
11914.08532114591
 30
0.0
 11
-19490.28106462682
 21
11911.63835367872
 31
0.0
1001
REVIT
1002
{
1070
     1
1000
22995253
1002
}
1002
{
1070
     2
1000
-2000051
1002
}
1002
{
1070
     3
1000
22985857
1002
}
  0
LINE
  5
2B2
330
70
100
AcDbEntity
  8
A-ALV-___-___-EXI
100
AcDbLine
 10
-19787.65257977586
 20
11614.26683852967
 30
0.0
 11
-19789.70984775061
 21
11612.20957055492
 31
0.0
1001
REVIT
1002
{
1070
     1
1000
22995253
1002
}
1002
{
1070
     2
1000
-2000051
1002
}
1002
{
1070
     3
1000
22985857
1002
}
  0
LINE
  5
2B3
330
70
100
AcDbEntity
  8
A-ALV-___-___-EXI
100
AcDbLine
 10
-15587.03338249168
 20
15911.58061217507
 30
0.0
 11
-15588.61794973823
 21
15910.03233272805
 31
0.0
1001
REVIT
1002
{
1070
     1
1000
22995255
1002
}
1002
{
1070
     2
1000
-2000051
1002
}
1002
{
1070
     3
1000
22985857
1002
}
  0
LINE
  5
2B4
330
70
100
AcDbEntity
  8
A-ALV-___-___-EXI
100
AcDbLine
 10
-15893.30096976635
 20
15612.32678644103
 30
0.0
 11
-15895.98434598715
 21
15609.70486158407
 31
0.0
1001
REVIT
1002
{
1070
     1
1000
22995255
1002
}
1002
{
1070
     2
1000
-2000051
1002
}
1002
{
1070
     3
1000
22985857
1002
}
  0
LINE
  5
2B5
330
70
100
AcDbEntity
  8
A-ALV-___-___-EXI
100
AcDbLine
 10
-19487.83409715962
 20
12010.77989750709
 30
0.0
 11
-19490.75176145194
 21
12007.86223321478
 31
0.0
1001
REVIT
1002
{
1070
     1
1000
22995256
1002
}
1002
{
1070
     2
1000
-2000051
1002
}
1002
{
1070
     3
1000
22985857
1002
}
  0
LINE
  5
2B6
330
70
100
AcDbEntity
  8
A-ALV-___-___-EXI
100
AcDbLine
 10
-19788.26379707271
 20
11710.350197594
 30
0.0
 11
-19789.70984775061
 21
11708.9041469161
 31
0.0
1001
REVIT
1002
{
1070
     1
1000
22995256
1002
}
1002
{
1070
     2
1000
-2000051
1002
}
1002
{
1070
     3
1000
22985857
1002
}
  0
LINE
  5
2B7
330
70
100
AcDbEntity
  8
A-ALV-___-___-EXI
100
AcDbLine
 10
-15587.03338249168
 20
16012.99199713923
 30
0.0
 11
-15590.01780040844
 21
16010.03036103863
 31
0.0
1001
REVIT
1002
{
1070
     1
1000
22995258
1002
}
1002
{
1070
     2
1000
-2000051
1002
}
1002
{
1070
     3
1000
22985857
1002
}
  0
LINE
  5
2B8
330
70
100
AcDbEntity
  8
A-ALV-___-___-EXI
100
AcDbLine
 10
-15894.38933810239
 20
15707.9822701973
 30
0.0
 11
-15895.98434598715
 21
15706.39943794525
 31
0.0
1001
REVIT
1002
{
1070
     1
1000
22995258
1002
}
1002
{
1070
     2
1000
-2000051
1002
}
1002
{
1070
     3
1000
22985857
1002
}
  0
LINE
  5
2B9
330
70
100
AcDbEntity
  8
A-ALV-___-___-EXI
100
AcDbLine
 10
-19487.83409715962
 20
12112.19128247126
 30
0.0
 11
-19491.24541909781
 21
12108.77996053307
 31
0.0
1001
REVIT
1002
{
1070
     1
1000
22995259
1002
}
1002
{
1070
     2
1000
-2000051
1002
}
1002
{
1070
     3
1000
22985857
1002
}
  0
LINE
  5
2BA
330
70
100
AcDbEntity
  8
A-ALV-___-___-EXI
100
AcDbLine
 10
-17748.45986762998
 20
13853.91519105893
 30
0.0
 11
-17749.69012695994
 21
13852.69365697245
 31
0.0
1001
REVIT
1002
{
1070
     1
1000
22995260
1002
}
1002
{
1070
     2
1000
-2000051
1002
}
1002
{
1070
     3
1000
22985857
1002
}
  0
LINE
  5
2BB
330
70
100
AcDbEntity
  8
A-ALV-___-___-EXI
100
AcDbLine
 10
-19487.83409715962
 20
12208.88585883243
 30
0.0
 11
-19491.7165588759
 21
12205.09439231263
 31
0.0
1001
REVIT
1002
{
1070
     1
1000
22995262
1002
}
1002
{
1070
     2
1000
-2000051
1002
}
1002
{
1070
     3
1000
22985857
1002
}
  0
LINE
  5
2BC
330
70
100
AcDbEntity
  8
A-ALV-___-___-EXI
100
AcDbLine
 10
-17520.92490971521
 20
14182.87025918134
 30
0.0
 11
-17522.50393387741
 21
14181.29123501914
 31
0.0
1001
REVIT
1002
{
1070
     1
1000
22995263
1002
}
1002
{
1070
     2
1000
-2000051
1002
}
1002
{
1070
     3
1000
22985857
1002
}
  0
LINE
  5
2BD
330
70
100
AcDbEntity
  8
A-ALV-___-___-EXI
100
AcDbLine
 10
-17622.33629467937
 20
14182.87025918134
 30
0.0
 11
-17624.46672167989
 21
14180.75494159217
 31
0.0
1001
REVIT
1002
{
1070
     1
1000
22995266
1002
}
1002
{
1070
     2
1000
-2000051
1002
}
1002
{
1070
     3
1000
22985857
1002
}
  0
LINE
  5
2BE
330
70
100
AcDbEntity
  8
A-ALV-___-___-EXI
100
AcDbLine
 10
-18053.55987428624
 20
13848.36070459184
 30
0.0
 11
-18056.28268615392
 21
13845.61844406796
 31
0.0
1001
REVIT
1002
{
1070
     1
1000
22995269
1002
}
1002
{
1070
     2
1000
-2000051
1002
}
1002
{
1070
     3
1000
22985857
1002
}
  0
LINE
  5
2BF
330
70
100
AcDbEntity
  8
A-ALV-___-___-EXI
100
AcDbLine
 10
-15594.10859539616
 20
16406.84551548841
 30
0.0
 11
-15595.55297304717
 21
16405.43421518819
 31
0.0
1001
REVIT
1002
{
1070
     1
1000
22995270
1002
}
1002
{
1070
     2
1000
-2000051
1002
}
1002
{
1070
     3
1000
22985857
1002
}
  0
LINE
  5
2C0
330
70
100
AcDbEntity
  8
A-ALV-___-___-EXI
100
AcDbLine
 10
-15898.95192913826
 20
16108.98332679384
 30
0.0
 11
-15903.05955889162
 21
16104.96976489742
 31
0.0
1001
REVIT
1002
{
1070
     1
1000
22995270
1002
}
1002
{
1070
     2
1000
-2000051
1002
}
1002
{
1070
     3
1000
22985857
1002
}
  0
LINE
  5
2C1
330
70
100
AcDbEntity
  8
A-ALV-___-___-EXI
100
AcDbLine
 10
-19791.46896094643
 20
12214.2019585411
 30
0.0
 11
-19796.78506065509
 21
12208.88585883243
 31
0.0
1001
REVIT
1002
{
1070
     1
1000
22995271
1002
}
1002
{
1070
     2
1000
-2000051
1002
}
1002
{
1070
     3
1000
22985857
1002
}
  0
LINE
  5
2C2
330
70
100
AcDbEntity
  8
A-ALV-___-___-EXI
100
AcDbLine
 10
-15900.0938654825
 20
16209.3468432707
 30
0.0
 11
-15903.05955889162
 21
16206.38114986158
 31
0.0
1001
REVIT
1002
{
1070
     1
1000
22995273
1002
}
1002
{
1070
     2
1000
-2000051
1002
}
1002
{
1070
     3
1000
22985857
1002
}
  0
LINE
  5
2C3
330
70
100
AcDbEntity
  8
A-ALV-___-___-EXI
100
AcDbLine
 10
-19792.12490146011
 20
12317.31580729307
 30
0.0
 11
-19796.7850606551
 21
12312.65564809808
 31
0.0
1001
REVIT
1002
{
1070
     1
1000
22995274
1002
}
1002
{
1070
     2
1000
-2000051
1002
}
1002
{
1070
     3
1000
22985857
1002
}
  0
LINE
  5
2C4
330
70
100
AcDbEntity
  8
A-ALV-___-___-EXI
100
AcDbLine
 10
-15901.18167946656
 20
16304.95360564782
 30
0.0
 11
-15903.05955889162
 21
16303.07572622276
 31
0.0
1001
REVIT
1002
{
1070
     1
1000
22995276
1002
}
1002
{
1070
     2
1000
-2000051
1002
}
1002
{
1070
     3
1000
22985857
1002
}
  0
LINE
  5
2C5
330
70
100
AcDbEntity
  8
A-ALV-___-___-EXI
100
AcDbLine
 10
-19792.73611875696
 20
12413.39916635739
 30
0.0
 11
-19796.78506065509
 21
12409.35022445926
 31
0.0
1001
REVIT
1002
{
1070
     1
1000
22995277
1002
}
1002
{
1070
     2
1000
-2000051
1002
}
1002
{
1070
     3
1000
22985857
1002
}
  0
LINE
  5
2C6
330
70
100
AcDbEntity
  8
A-ALV-___-___-EXI
100
AcDbLine
 10
-18363.41564792294
 20
13842.71963719143
 30
0.0
 11
-18365.23364964939
 21
13840.90163546498
 31
0.0
1001
REVIT
1002
{
1070
     1
1000
22995278
1002
}
1002
{
1070
     2
1000
-2000051
1002
}
1002
{
1070
     3
1000
22985857
1002
}
  0
LINE
  5
2C7
330
70
100
AcDbEntity
  8
A-ALV-___-___-EXI
100
AcDbLine
 10
-19793.37715153169
 20
12514.16951854682
 30
0.0
 11
-19796.7850606551
 21
12510.76160942342
 31
0.0
1001
REVIT
1002
{
1070
     1
1000
22995280
1002
}
1002
{
1070
     2
1000
-2000051
1002
}
1002
{
1070
     3
1000
22985857
1002
}
  0
LINE
  5
2C8
330
70
100
AcDbEntity
  8
A-ALV-___-___-EXI
100
AcDbLine
 10
-19794.03268427786
 20
12617.21926624496
 30
0.0
 11
-19796.78506065509
 21
12614.53139868908
 31
0.0
1001
REVIT
1002
{
1070
     1
1000
22995283
1002
}
1002
{
1070
     2
1000
-2000051
1002
}
1002
{
1070
     3
1000
22985857
1002
}
  0
LINE
  5
2C9
330
70
100
AcDbEntity
  8
A-ALV-___-___-EXI
100
AcDbLine
 10
-15601.18380830064
 20
16906.82722740473
 30
0.0
 11
-15602.55270203385
 21
16905.45833367152
 31
0.0
1001
REVIT
1002
{
1070
     1
1000
22995285
1002
}
1002
{
1070
     2
1000
-2000051
1002
}
1002
{
1070
     3
1000
22985857
1002
}
  0
LINE
  5
2CA
330
70
100
AcDbEntity
  8
A-ALV-___-___-EXI
100
AcDbLine
 10
-19794.64430934223
 20
12713.36672636311
 30
0.0
 11
-19796.7850606551
 21
12711.22597505025
 31
0.0
1001
REVIT
1002
{
1070
     1
1000
22995286
1002
}
1002
{
1070
     2
1000
-2000051
1002
}
1002
{
1070
     3
1000
22985857
1002
}
  0
LINE
  5
2CB
330
70
100
AcDbEntity
  8
A-ALV-___-___-EXI
100
AcDbLine
 10
-18670.88909455138
 20
13837.12194115398
 30
0.0
 11
-18674.18461314485
 21
13833.8264225605
 31
0.0
1001
REVIT
1002
{
1070
     1
1000
22995287
1002
}
1002
{
1070
     2
1000
-2000051
1002
}
1002
{
1070
     3
1000
22985857
1002
}
  0
LINE
  5
2CC
330
70
100
AcDbEntity
  8
A-ALV-___-___-EXI
100
AcDbLine
 10
-15905.71865974156
 20
16703.70376092798
 30
0.0
 11
-15907.77636749461
 21
16701.64605317492
 31
0.0
1001
REVIT
1002
{
1070
     1
1000
22995288
1002
}
1002
{
1070
     2
1000
-2000051
1002
}
1002
{
1070
     3
1000
22985857
1002
}
  0
LINE
  5
2CD
330
70
100
AcDbEntity
  8
A-ALV-___-___-EXI
100
AcDbLine
 10
-19494.9093100641
 20
13114.51311060541
 30
0.0
 11
-19496.15903473569
 21
13113.26338593383
 31
0.0
1001
REVIT
1002
{
1070
     1
1000
22995289
1002
}
1002
{
1070
     2
1000
-2000051
1002
}
1002
{
1070
     3
1000
22985857
1002
}
  0
LINE
  5
2CE
330
70
100
AcDbEntity
  8
A-ALV-___-___-EXI
100
AcDbLine
 10
-19795.28534211698
 20
12814.13707855253
 30
0.0
 11
-19796.7850606551
 21
12812.63736001441
 31
0.0
1001
REVIT
1002
{
1070
     1
1000
22995289
1002
}
1002
{
1070
     2
1000
-2000051
1002
}
1002
{
1070
     3
1000
22985857
1002
}
  0
LINE
  5
2CF
330
70
100
AcDbEntity
  8
A-ALV-___-___-EXI
100
AcDbLine
 10
-18431.26897009116
 20
14178.15345057835
 30
0.0
 11
-18432.91969722619
 21
14176.50272344333
 31
0.0
1001
REVIT
1002
{
1070
     1
1000
22995290
1002
}
1002
{
1070
     2
1000
-2000051
1002
}
1002
{
1070
     3
1000
22985857
1002
}
  0
LINE
  5
2D0
330
70
100
AcDbEntity
  8
A-ALV-___-___-EXI
100
AcDbLine
 10
-18774.18095552812
 20
13835.24146514139
 30
0.0
 11
-18775.59599810901
 21
13833.8264225605
 31
0.0
1001
REVIT
1002
{
1070
     1
1000
22995290
1002
}
1002
{
1070
     2
1000
-2000051
1002
}
1002
{
1070
     3
1000
22985857
1002
}
  0
LINE
  5
2D1
330
70
100
AcDbEntity
  8
A-ALV-___-___-EXI
100
AcDbLine
 10
-18535.03875935682
 20
14178.15345057835
 30
0.0
 11
-18537.2381701099
 21
14175.95403982527
 31
0.0
1001
REVIT
1002
{
1070
     1
1000
22995293
1002
}
1002
{
1070
     2
1000
-2000051
1002
}
1002
{
1070
     3
1000
22985857
1002
}
  0
LINE
  5
2D2
330
70
100
AcDbEntity
  8
A-ALV-___-___-EXI
100
AcDbLine
 10
-18636.45014432098
 20
14178.15345057835
 30
0.0
 11
-18639.13040358609
 21
14175.41811749272
 31
0.0
1001
REVIT
1002
{
1070
     1
1000
22995296
1002
}
1002
{
1070
     2
1000
-2000051
1002
}
1002
{
1070
     3
1000
22985857
1002
}
  0
LINE
  5
2D3
330
70
100
AcDbEntity
  8
A-ALV-___-___-EXI
100
AcDbLine
 10
-18976.05914824716
 20
13831.56617944821
 30
0.0
 11
-18980.77717233882
 21
13826.75120965603
 31
0.0
1001
REVIT
1002
{
1070
     1
1000
22995296
1002
}
1002
{
1070
     2
1000
-2000051
1002
}
1002
{
1070
     3
1000
22985857
1002
}
  0
LINE
  5
2D4
330
70
100
AcDbEntity
  8
A-ALV-___-___-EXI
100
AcDbLine
 10
-15605.90061690362
 20
17298.32234145243
 30
0.0
 11
-15608.02330136192
 21
17296.24940741112
 31
0.0
1001
REVIT
1002
{
1070
     1
1000
22995297
1002
}
1002
{
1070
     2
1000
-2000051
1002
}
1002
{
1070
     3
1000
22985857
1002
}
  0
LINE
  5
2D5
330
70
100
AcDbEntity
  8
A-ALV-___-___-EXI
100
AcDbLine
 10
-19081.65440215656
 20
13829.64376910395
 30
0.0
 11
-19084.54696160448
 21
13826.75120965603
 31
0.0
1001
REVIT
1002
{
1070
     1
1000
22995299
1002
}
1002
{
1070
     2
1000
-2000051
1002
}
1002
{
1070
     3
1000
22985857
1002
}
  0
LINE
  5
2D6
330
70
100
AcDbEntity
  8
A-ALV-___-___-EXI
100
AcDbLine
 10
-19797.834565477
 20
13214.87499074766
 30
0.0
 11
-19801.50186925808
 21
13211.20768696658
 31
0.0
1001
REVIT
1002
{
1070
     1
1000
22995301
1002
}
1002
{
1070
     2
1000
-2000051
1002
}
1002
{
1070
     3
1000
22985857
1002
}
  0
LINE
  5
2D7
330
70
100
AcDbEntity
  8
A-ALV-___-___-EXI
100
AcDbLine
 10
-19798.49005978788
 20
13317.91869641797
 30
0.0
 11
-19801.50186925808
 21
13314.97747623223
 31
0.0
1001
REVIT
1002
{
1070
     1
1000
22995304
1002
}
1002
{
1070
     2
1000
-2000051
1002
}
1002
{
1070
     3
1000
22985857
1002
}
  0
LINE
  5
2D8
330
70
100
AcDbEntity
  8
A-ALV-___-___-EXI
100
AcDbLine
 10
-15911.4224473685
 20
17205.00331791823
 30
0.0
 11
-15914.85158039909
 21
17201.62776509125
 31
0.0
1001
REVIT
1002
{
1070
     1
1000
22995305
1002
}
1002
{
1070
     2
1000
-2000051
1002
}
1002
{
1070
     3
1000
22985857
1002
}
  0
LINE
  5
2D9
330
70
100
AcDbEntity
  8
A-ALV-___-___-EXI
100
AcDbLine
 10
-19285.80919850378
 20
13825.92703679073
 30
0.0
 11
-19289.72813583429
 21
13822.03440105304
 31
0.0
1001
REVIT
1002
{
1070
     1
1000
22995306
1002
}
1002
{
1070
     2
1000
-2000051
1002
}
1002
{
1070
     3
1000
22985857
1002
}
  0
LINE
  5
2DA
330
70
100
AcDbEntity
  8
A-ALV-___-___-EXI
100
AcDbLine
 10
-19799.10172328753
 20
13414.07219856396
 30
0.0
 11
-19801.50186925808
 21
13411.67205259341
 31
0.0
1001
REVIT
1002
{
1070
     1
1000
22995308
1002
}
1002
{
1070
     2
1000
-2000051
1002
}
1002
{
1070
     3
1000
22985857
1002
}
  0
LINE
  5
2DB
330
70
100
AcDbEntity
  8
A-ALV-___-___-EXI
100
AcDbLine
 10
-15912.51086412986
 20
17300.66305772166
 30
0.0
 11
-15914.85158039909
 21
17298.32234145243
 31
0.0
1001
REVIT
1002
{
1070
     1
1000
22995309
1002
}
1002
{
1070
     2
1000
-2000051
1002
}
1002
{
1070
     3
1000
22985857
1002
}
  0
LINE
  5
2DC
330
70
100
AcDbEntity
  8
A-ALV-___-___-EXI
100
AcDbLine
 10
-19389.12784878499
 20
13824.0460730665
 30
0.0
 11
-19391.13952079845
 21
13822.03440105304
 31
0.0
1001
REVIT
1002
{
1070
     1
1000
22995310
1002
}
1002
{
1070
     2
1000
-2000051
1002
}
1002
{
1070
     3
1000
22985857
1002
}
  0
LINE
  5
2DD
330
70
100
AcDbEntity
  8
A-ALV-___-___-EXI
100
AcDbLine
 10
-19799.74275606228
 20
13514.84255075337
 30
0.0
 11
-19801.50186925808
 21
13513.08343755756
 31
0.0
1001
REVIT
1002
{
1070
     1
1000
22995312
1002
}
1002
{
1070
     2
1000
-2000051
1002
}
1002
{
1070
     3
1000
22985857
1002
}
  0
LINE
  5
2DE
330
70
100
AcDbEntity
  8
A-ALV-___-___-EXI
100
AcDbLine
 10
-15913.67796480967
 20
17403.23823969212
 30
0.0
 11
-15914.85158039909
 21
17402.09213071808
 31
0.0
1001
REVIT
1002
{
1070
     1
1000
22995313
1002
}
1002
{
1070
     2
1000
-2000051
1002
}
1002
{
1070
     3
1000
22985857
1002
}
  0
LINE
  5
2DF
330
70
100
AcDbEntity
  8
A-ALV-___-___-EXI
100
AcDbLine
 10
-15917.04762022581
 20
17699.39351015496
 30
0.0
 11
-15919.56838900207
 21
17696.8926684046
 31
0.0
1001
REVIT
1002
{
1070
     1
1000
22995321
1002
}
1002
{
1070
     2
1000
-2000051
1002
}
1002
{
1070
     3
1000
22985857
1002
}
  0
LINE
  5
2E0
330
70
100
AcDbEntity
  8
A-ALV-___-___-EXI
100
AcDbLine
 10
-19798.73125102423
 20
13817.72980638241
 30
0.0
 11
-19801.50186925808
 21
13814.95918814856
 31
0.0
1001
REVIT
1002
{
1070
     1
1000
22995322
1002
}
1002
{
1070
     2
1000
-2000051
1002
}
1002
{
1070
     3
1000
22985857
1002
}
  0
LINE
  5
2E1
330
70
100
AcDbEntity
  8
A-ALV-___-___-EXI
100
AcDbLine
 10
-15918.2150370311
 20
17801.99647604164
 30
0.0
 11
-15919.56838900208
 21
17800.66245767025
 31
0.0
1001
REVIT
1002
{
1070
     1
1000
22995323
1002
}
1002
{
1070
     2
1000
-2000051
1002
}
1002
{
1070
     3
1000
22985857
1002
}
  0
LINE
  5
2E2
330
70
100
AcDbEntity
  8
A-ALV-___-___-EXI
100
AcDbLine
 10
-19452.45803263725
 20
14267.77281403505
 30
0.0
 11
-19453.92406774358
 21
14266.30677892872
 31
0.0
1001
REVIT
1002
{
1070
     1
1000
22995324
1002
}
1002
{
1070
     2
1000
-2000051
1002
}
1002
{
1070
     3
1000
22985857
1002
}
  0
LINE
  5
2E3
330
70
100
AcDbEntity
  8
A-ALV-___-___-EXI
100
AcDbLine
 10
-19786.54053079532
 20
13933.69031587698
 30
0.0
 11
-19789.70984775062
 21
13930.52099892167
 31
0.0
1001
REVIT
1002
{
1070
     1
1000
22995324
1002
}
1002
{
1070
     2
1000
-2000051
1002
}
1002
{
1070
     3
1000
22985857
1002
}
  0
LINE
  5
2E4
330
70
100
AcDbEntity
  8
A-ALV-___-___-EXI
100
AcDbLine
 10
-19440.66601112979
 20
14376.25941190369
 30
0.0
 11
-19442.16391656452
 21
14374.76150646896
 31
0.0
1001
REVIT
1002
{
1070
     1
1000
22995326
1002
}
1002
{
1070
     2
1000
-2000051
1002
}
1002
{
1070
     3
1000
22985857
1002
}
  0
LINE
  5
2E5
330
70
100
AcDbEntity
  8
A-ALV-___-___-EXI
100
AcDbLine
 10
-19775.18099603655
 20
14041.74442699691
 30
0.0
 11
-19777.91782624316
 21
14039.00759679031
 31
0.0
1001
REVIT
1002
{
1070
     1
1000
22995326
1002
}
1002
{
1070
     2
1000
-2000051
1002
}
1002
{
1070
     3
1000
22985857
1002
}
  0
LINE
  5
2E6
330
70
100
AcDbEntity
  8
A-ALV-___-___-EXI
100
AcDbLine
 10
-19762.99027580764
 20
14157.70493649149
 30
0.0
 11
-19766.1258047357
 21
14154.56940756343
 31
0.0
1001
REVIT
1002
{
1070
     1
1000
22995328
1002
}
1002
{
1070
     2
1000
-2000051
1002
}
1002
{
1070
     3
1000
22985857
1002
}
  0
LINE
  5
2E7
330
70
100
AcDbEntity
  8
A-ALV-___-___-EXI
100
AcDbLine
 10
-19414.72356381338
 20
14607.38303344991
 30
0.0
 11
-19417.20944942847
 21
14604.89714783482
 31
0.0
1001
REVIT
1002
{
1070
     1
1000
22995330
1002
}
1002
{
1070
     2
1000
-2000051
1002
}
1002
{
1070
     3
1000
22985857
1002
}
  0
LINE
  5
2E8
330
70
100
AcDbEntity
  8
A-ALV-___-___-EXI
100
AcDbLine
 10
-19751.07661740211
 20
14271.02997986118
 30
0.0
 11
-19754.33378322824
 21
14267.77281403505
 31
0.0
1001
REVIT
1002
{
1070
     1
1000
22995330
1002
}
1002
{
1070
     2
1000
-2000051
1002
}
1002
{
1070
     3
1000
22985857
1002
}
  0
LINE
  5
2E9
330
70
100
AcDbEntity
  8
A-ALV-___-___-EXI
100
AcDbLine
 10
-19402.93154230592
 20
14715.86963131855
 30
0.0
 11
-19405.4492982494
 21
14713.35187537506
 31
0.0
1001
REVIT
1002
{
1070
     1
1000
22995332
1002
}
1002
{
1070
     2
1000
-2000051
1002
}
1002
{
1070
     3
1000
22985857
1002
}
  0
LINE
  5
2EA
330
70
100
AcDbEntity
  8
A-ALV-___-___-EXI
100
AcDbLine
 10
-19739.71708264335
 20
14379.08409098111
 30
0.0
 11
-19742.54176172078
 21
14376.25941190368
 31
0.0
1001
REVIT
1002
{
1070
     1
1000
22995332
1002
}
1002
{
1070
     2
1000
-2000051
1002
}
1002
{
1070
     3
1000
22985857
1002
}
  0
LINE
  5
2EB
330
70
100
AcDbEntity
  8
A-ALV-___-___-EXI
100
AcDbLine
 10
-15872.40030297223
 20
18343.09544701343
 30
0.0
 11
-15873.77761266364
 21
18341.74084022903
 31
0.0
1001
REVIT
1002
{
1070
     1
1000
22995333
1002
}
1002
{
1070
     2
1000
-2000051
1002
}
1002
{
1070
     3
1000
22985857
1002
}
  0
LINE
  5
2EC
330
70
100
AcDbEntity
  8
A-ALV-___-___-EXI
100
AcDbLine
 10
-19391.13952079845
 20
14829.07303779017
 30
0.0
 11
-19393.11381368207
 21
14827.11245527381
 31
0.0
1001
REVIT
1002
{
1070
     1
1000
22995334
1002
}
1002
{
1070
     2
1000
-2000051
1002
}
1002
{
1070
     3
1000
22985857
1002
}
  0
LINE
  5
2ED
330
70
100
AcDbEntity
  8
A-ALV-___-___-EXI
100
AcDbLine
 10
-19727.52898997651
 20
14495.01960659253
 30
0.0
 11
-19730.74974021333
 21
14491.8212226768
 31
0.0
1001
REVIT
1002
{
1070
     1
1000
22995334
1002
}
1002
{
1070
     2
1000
-2000051
1002
}
1002
{
1070
     3
1000
22985857
1002
}
  0
LINE
  5
2EE
330
70
100
AcDbEntity
  8
A-ALV-___-___-EXI
100
AcDbLine
 10
-15877.11711157522
 20
18543.55981264026
 30
0.0
 11
-15878.98485800952
 21
18541.69906151096
 31
0.0
1001
REVIT
1002
{
1070
     1
1000
22995337
1002
}
1002
{
1070
     2
1000
-2000051
1002
}
1002
{
1070
     3
1000
22985857
1002
}
  0
LINE
  5
2EF
330
70
100
AcDbEntity
  8
A-ALV-___-___-EXI
100
AcDbLine
 10
-16504.27631700141
 20
17918.74951809582
 30
0.0
 11
-16506.81106007361
 21
17916.22426844336
 31
0.0
1001
REVIT
1002
{
1070
     1
1000
22995337
1002
}
1002
{
1070
     2
1000
-2000051
1002
}
1002
{
1070
     3
1000
22985857
1002
}
  0
LINE
  5
2F0
330
70
100
AcDbEntity
  8
A-ALV-___-___-EXI
100
AcDbLine
 10
-19367.55547778354
 20
15053.12144643192
 30
0.0
 11
-19368.73467993428
 21
15051.94224428118
 31
0.0
1001
REVIT
1002
{
1070
     1
1000
22995338
1002
}
1002
{
1070
     2
1000
-2000051
1002
}
1002
{
1070
     3
1000
22985857
1002
}
  0
LINE
  5
2F1
330
70
100
AcDbEntity
  8
A-ALV-___-___-EXI
100
AcDbLine
 10
-16601.35834305453
 20
17918.38564243595
 30
0.0
 11
-16603.50563643479
 21
17916.22426844336
 31
0.0
1001
REVIT
1002
{
1070
     1
1000
22995339
1002
}
1002
{
1070
     2
1000
-2000051
1002
}
1002
{
1070
     3
1000
22985857
1002
}
  0
LINE
  5
2F2
330
70
100
AcDbEntity
  8
A-ALV-___-___-EXI
100
AcDbLine
 10
-16703.17261963243
 20
17918.00402970515
 30
0.0
 11
-16704.91702139895
 21
17916.22426844336
 31
0.0
1001
REVIT
1002
{
1070
     1
1000
22995343
1002
}
1002
{
1070
     2
1000
-2000051
1002
}
1002
{
1070
     3
1000
22985857
1002
}
  0
LINE
  5
2F3
330
70
100
AcDbEntity
  8
A-ALV-___-___-EXI
100
AcDbLine
 10
-15884.19232447969
 20
18838.36035032678
 30
0.0
 11
-15886.6465015447
 21
18835.90617326177
 31
0.0
1001
REVIT
1002
{
1070
     1
1000
22995344
1002
}
1002
{
1070
     2
1000
-2000051
1002
}
1002
{
1070
     3
1000
22985857
1002
}
  0
LINE
  5
2F4
330
70
100
AcDbEntity
  8
A-ALV-___-___-EXI
100
AcDbLine
 10
-19667.96169218234
 20
15061.63536609797
 30
0.0
 11
-19669.43122837452
 21
15060.1966593364
 31
0.0
1001
REVIT
1002
{
1070
     1
1000
22995345
1002
}
1002
{
1070
     2
1000
-2000051
1002
}
1002
{
1070
     3
1000
22985857
1002
}
  0
LINE
  5
2F5
330
70
100
AcDbEntity
  8
A-ALV-___-___-EXI
100
AcDbLine
 10
-16807.31579404365
 20
17917.61368797197
 30
0.0
 11
-16808.68681066461
 21
17916.22426844336
 31
0.0
1001
REVIT
1002
{
1070
     1
1000
22995346
1002
}
1002
{
1070
     2
1000
-2000051
1002
}
1002
{
1070
     3
1000
22985857
1002
}
  0
LINE
  5
2F6
330
70
100
AcDbEntity
  8
A-ALV-___-___-EXI
100
AcDbLine
 10
-15888.90913308268
 20
19038.82471595361
 30
0.0
 11
-15891.85414556069
 21
19035.8797034756
 31
0.0
1001
REVIT
1002
{
1070
     1
1000
22995350
1002
}
1002
{
1070
     2
1000
-2000051
1002
}
1002
{
1070
     3
1000
22985857
1002
}
  0
LINE
  5
2F7
330
70
100
AcDbEntity
  8
A-ALV-___-___-EXI
100
AcDbLine
 10
-16334.31328403771
 20
18593.42056499858
 30
0.0
 11
-16337.00595036618
 21
18590.72789867011
 31
0.0
1001
REVIT
1002
{
1070
     1
1000
22995350
1002
}
1002
{
1070
     2
1000
-2000051
1002
}
1002
{
1070
     3
1000
22985857
1002
}
  0
LINE
  5
2F8
330
70
100
AcDbEntity
  8
A-ALV-___-___-EXI
100
AcDbLine
 10
-15888.90913308268
 20
19135.51929231479
 30
0.0
 11
-15894.30832262569
 21
19130.12010277178
 31
0.0
1001
REVIT
1002
{
1070
     1
1000
22995353
1002
}
1002
{
1070
     2
1000
-2000051
1002
}
1002
{
1070
     3
1000
22985857
1002
}
  0
LINE
  5
2F9
330
70
100
AcDbEntity
  8
A-ALV-___-___-EXI
100
AcDbLine
 10
-19632.49796818163
 20
15398.97322854382
 30
0.0
 11
-19634.05516385214
 21
15397.44847444977
 31
0.0
1001
REVIT
1002
{
1070
     1
1000
22995354
1002
}
1002
{
1070
     2
1000
-2000051
1002
}
1002
{
1070
     3
1000
22985857
1002
}
  0
LINE
  5
2FA
330
70
100
AcDbEntity
  8
A-POR-___-___-EXI
100
AcDbLine
 10
-16124.74956323189
 20
19206.27142135955
 30
0.0
 11
-16125.96764017882
 21
19205.05334441262
 31
0.0
1001
REVIT
1002
{
1070
     1
1000
22995362
1002
}
1002
{
1070
     2
1000
-2000051
1002
}
1002
{
1070
     3
1000
22985857
1002
}
  0
LINE
  5
2FB
330
70
100
AcDbEntity
  8
A-ALV-___-___-EXI
100
AcDbLine
 10
-16315.26034849967
 20
19015.76063609177
 30
0.0
 11
-16318.13871595424
 21
19012.88226863719
 31
0.0
1001
REVIT
1002
{
1070
     1
1000
22995362
1002
}
1002
{
1070
     2
1000
-2000051
1002
}
1002
{
1070
     3
1000
22985857
1002
}
  0
LINE
  5
2FC
330
70
100
AcDbEntity
  8
A-ALV-___-___-EXI
100
AcDbLine
 10
-16310.58411778341
 20
19119.41708363563
 30
0.0
 11
-16313.42190735126
 21
19116.65205790285
 31
0.0
1001
REVIT
1002
{
1070
     1
1000
22995365
1002
}
1002
{
1070
     2
1000
-2000051
1002
}
1002
{
1070
     3
1000
22985857
1002
}
  0
LINE
  5
2FD
330
70
100
AcDbEntity
  8
A-POR-___-___-EXI
100
AcDbLine
 10
-15907.77636749462
 20
20126.04909894148
 30
0.0
 11
-15919.81266816702
 21
20112.80916820184
 31
0.0
1001
REVIT
1002
{
1070
     1
1000
22995378
1002
}
1002
{
1070
     2
1000
-2000051
1002
}
1002
{
1070
     3
1000
22985857
1002
}
  0
LINE
  5
2FE
330
70
100
AcDbEntity
  8
A-POR-___-___-EXI
100
AcDbLine
 10
-19487.83409715964
 20
16550.70817787941
 30
0.0
 11
-19489.54308578391
 21
16548.48649266786
 31
0.0
1001
REVIT
1002
{
1070
     1
1000
22995379
1002
}
1002
{
1070
     2
1000
-2000051
1002
}
1002
{
1070
     3
1000
22985857
1002
}
  0
LINE
  5
2FF
330
70
100
AcDbEntity
  8
A-ALV-___-___-EXI
100
AcDbLine
 10
-18121.13614258909
 20
17912.68932384699
 30
0.0
 11
-18124.6764108972
 21
17909.14905553887
 31
0.0
1001
REVIT
1002
{
1070
     1
1000
22995380
1002
}
1002
{
1070
     2
1000
-2000051
1002
}
1002
{
1070
     3
1000
22985857
1002
}
  0
LINE
  5
300
330
70
100
AcDbEntity
  8
A-ALV-___-___-EXI
100
AcDbLine
 10
-15914.8515803991
 20
20220.38527100116
 30
0.0
 11
-15921.7488005261
 21
20213.48805087415
 31
0.0
1001
REVIT
1002
{
1070
     1
1000
22995381
1002
}
1002
{
1070
     2
1000
-2000051
1002
}
1002
{
1070
     3
1000
22985857
1002
}
  0
LINE
  5
301
330
70
100
AcDbEntity
  8
A-ALV-___-___-EXI
100
AcDbLine
 10
-18218.23673470218
 20
17912.32537859919
 30
0.0
 11
-18221.37098725838
 21
17909.14905553887
 31
0.0
1001
REVIT
1002
{
1070
     1
1000
22995382
1002
}
1002
{
1070
     2
1000
-2000051
1002
}
1002
{
1070
     3
1000
22985857
1002
}
  0
LINE
  5
302
330
70
100
AcDbEntity
  8
A-ALV-___-___-EXI
100
AcDbLine
 10
-15914.8515803991
 20
20317.07984736234
 30
0.0
 11
-15923.57692602693
 21
20308.55057691715
 31
0.0
1001
REVIT
1002
{
1070
     1
1000
22995383
1002
}
1002
{
1070
     2
1000
-2000051
1002
}
1002
{
1070
     3
1000
22985857
1002
}
  0
LINE
  5
303
330
70
100
AcDbEntity
  8
A-ALV-___-___-EXI
100
AcDbLine
 10
-17973.73853560171
 20
18265.26810506419
 30
0.0
 11
-17975.31385960551
 21
18263.66084881707
 31
0.0
1001
REVIT
1002
{
1070
     1
1000
22995384
1002
}
1002
{
1070
     2
1000
-2000051
1002
}
1002
{
1070
     3
1000
22985857
1002
}
  0
LINE
  5
304
330
70
100
AcDbEntity
  8
A-ALV-___-___-EXI
100
AcDbLine
 10
-18320.04315708567
 20
17911.9437953069
 30
0.0
 11
-18322.78237222253
 21
17909.14905553887
 31
0.0
1001
REVIT
1002
{
1070
     1
1000
22995384
1002
}
1002
{
1070
     2
1000
-2000051
1002
}
1002
{
1070
     3
1000
22985857
1002
}
  0
LINE
  5
305
330
70
100
AcDbEntity
  8
A-ALV-___-___-EXI
100
AcDbLine
 10
-15919.56838900208
 20
20413.77442372351
 30
0.0
 11
-15925.48926716586
 21
20407.99231614169
 31
0.0
1001
REVIT
1002
{
1070
     1
1000
22995385
1002
}
1002
{
1070
     2
1000
-2000051
1002
}
1002
{
1070
     3
1000
22985857
1002
}
  0
LINE
  5
306
330
70
100
AcDbEntity
  8
A-ALV-___-___-EXI
100
AcDbLine
 10
-18075.14992056587
 20
18265.26810506419
 30
0.0
 11
-18077.27294541773
 21
18263.11658323445
 31
0.0
1001
REVIT
1002
{
1070
     1
1000
22995386
1002
}
1002
{
1070
     2
1000
-2000051
1002
}
1002
{
1070
     3
1000
22985857
1002
}
  0
LINE
  5
307
330
70
100
AcDbEntity
  8
A-ALV-___-___-EXI
100
AcDbLine
 10
-18424.17958483252
 20
17911.55347886107
 30
0.0
 11
-18426.55216148819
 21
17909.14905553887
 31
0.0
1001
REVIT
1002
{
1070
     1
1000
22995386
1002
}
1002
{
1070
     2
1000
-2000051
1002
}
1002
{
1070
     3
1000
22985857
1002
}
  0
LINE
  5
308
330
70
100
AcDbEntity
  8
A-ALV-___-___-EXI
100
AcDbLine
 10
-15919.56838900208
 20
20517.54421298916
 30
0.0
 11
-15927.44456940519
 21
20509.66803258606
 31
0.0
1001
REVIT
1002
{
1070
     1
1000
22995387
1002
}
1002
{
1070
     2
1000
-2000051
1002
}
1002
{
1070
     3
1000
22985857
1002
}
  0
LINE
  5
309
330
70
100
AcDbEntity
  8
A-ALV-___-___-EXI
100
AcDbLine
 10
-18171.84449692705
 20
18265.26810506419
 30
0.0
 11
-18174.51510501799
 21
18262.59749697324
 31
0.0
1001
REVIT
1002
{
1070
     1
1000
22995388
1002
}
1002
{
1070
     2
1000
-2000051
1002
}
1002
{
1070
     3
1000
22985857
1002
}
  0
LINE
  5
30A
330
70
100
AcDbEntity
  8
A-ALV-___-___-EXI
100
AcDbLine
 10
-18525.94053599057
 20
17911.17206600065
 30
0.0
 11
-18527.96354645235
 21
17909.14905553887
 31
0.0
1001
REVIT
1002
{
1070
     1
1000
22995388
1002
}
1002
{
1070
     2
1000
-2000051
1002
}
1002
{
1070
     3
1000
22985857
1002
}
  0
LINE
  5
30B
330
70
100
AcDbEntity
  8
A-ALV-___-___-EXI
100
AcDbLine
 10
-15926.64360190656
 20
20614.23878935034
 30
0.0
 11
-15929.40248995736
 21
20611.47990129954
 31
0.0
1001
REVIT
1002
{
1070
     1
1000
22995389
1002
}
1002
{
1070
     2
1000
-2000051
1002
}
1002
{
1070
     3
1000
22985857
1002
}
  0
LINE
  5
30D
330
70
100
AcDbEntity
  8
A-ALV-___-___-EXI
100
AcDbLine
 10
-18630.06751040257
 20
17910.78178498711
 30
0.0
 11
-18631.73333571801
 21
17909.14905553887
 31
0.0
1001
REVIT
1002
{
1070
     1
1000
22995391
1002
}
1002
{
1070
     2
1000
-2000051
1002
}
1002
{
1070
     3
1000
22985857
1002
}
  0
LINE
  5
30E
330
70
100
AcDbEntity
  8
A-ALV-___-___-EXI
100
AcDbLine
 10
-15926.64360190656
 20
20710.93336571152
 30
0.0
 11
-15931.22691592644
 21
20706.35005169163
 31
0.0
1001
REVIT
1002
{
1070
     1
1000
22995392
1002
}
1002
{
1070
     2
1000
-2000051
1002
}
1002
{
1070
     3
1000
22985857
1002
}
  0
LINE
  5
30F
330
70
100
AcDbEntity
  8
A-ALV-___-___-EXI
100
AcDbLine
 10
-18727.15048854708
 20
17910.41790575868
 30
0.0
 11
-18728.42791207919
 21
17909.14905553887
 31
0.0
1001
REVIT
1002
{
1070
     1
1000
22995394
1002
}
1002
{
1070
     2
1000
-2000051
1002
}
1002
{
1070
     3
1000
22985857
1002
}
  0
LINE
  5
310
330
70
100
AcDbEntity
  8
A-ALV-___-___-EXI
100
AcDbLine
 10
-15926.64360190656
 20
20807.62794207269
 30
0.0
 11
-15933.05309455963
 21
20801.31134061749
 31
0.0
1001
REVIT
1002
{
1070
     1
1000
22995395
1002
}
1002
{
1070
     2
1000
-2000051
1002
}
1002
{
1070
     3
1000
22985857
1002
}
  0
LINE
  5
311
330
70
100
AcDbEntity
  8
A-ALV-___-___-EXI
100
AcDbLine
 10
-19089.26377020748
 20
17649.72458237474
 30
0.0
 11
-19090.90330260958
 21
17648.08504997263
 31
0.0
1001
REVIT
1002
{
1070
     1
1000
22995396
1002
}
1002
{
1070
     2
1000
-2000051
1002
}
1002
{
1070
     3
1000
22985857
1002
}
  0
LINE
  5
312
330
70
100
AcDbEntity
  8
A-POR-___-___-EXI
100
AcDbLine
 10
-19298.67227290222
 20
17440.31607967999
 30
0.0
 11
-19301.52015734176
 21
17437.46819524045
 31
0.0
1001
REVIT
1002
{
1070
     1
1000
22995396
1002
}
1002
{
1070
     2
1000
-2000051
1002
}
1002
{
1070
     3
1000
22985857
1002
}
  0
LINE
  5
313
330
70
100
AcDbEntity
  8
A-ALV-___-___-EXI
100
AcDbLine
 10
-15931.36041050954
 20
20909.03932703686
 30
0.0
 11
-15935.05271303176
 21
20905.29150116845
 31
0.0
1001
REVIT
1002
{
1070
     1
1000
22995398
1002
}
1002
{
1070
     2
1000
-2000051
1002
}
1002
{
1070
     3
1000
22985857
1002
}
  0
LINE
  5
314
330
70
100
AcDbEntity
  8
A-ALV-___-___-EXI
100
AcDbLine
 10
-19077.47174870001
 20
17758.21118024339
 30
0.0
 11
-19080.55667520494
 21
17755.17264361071
 31
0.0
1001
REVIT
1002
{
1070
     1
1000
22995399
1002
}
1002
{
1070
     2
1000
-2000051
1002
}
1002
{
1070
     3
1000
22985857
1002
}
  0
LINE
  5
315
330
70
100
AcDbEntity
  8
A-ALV-___-___-EXI
100
AcDbLine
 10
-15931.36041050954
 20
21005.73390339803
 30
0.0
 11
-15936.88053593393
 21
21000.33829208097
 31
0.0
1001
REVIT
1002
{
1070
     1
1000
22995401
1002
}
1002
{
1070
     2
1000
-2000051
1002
}
1002
{
1070
     3
1000
22985857
1002
}
  0
LINE
  5
316
330
70
100
AcDbEntity
  8
A-ALV-___-___-EXI
100
AcDbLine
 10
-19065.67972719255
 20
17873.77299101649
 30
0.0
 11
-19069.46326350511
 21
17869.98945470394
 31
0.0
1001
REVIT
1002
{
1070
     1
1000
22995402
1002
}
1002
{
1070
     2
1000
-2000051
1002
}
1002
{
1070
     3
1000
22985857
1002
}
  0
LINE
  5
317
330
70
100
AcDbEntity
  8
A-ALV-___-___-EXI
100
AcDbLine
 10
-19447.39343184507
 20
17600.49238492848
 30
0.0
 11
-19452.45803263726
 21
17595.48128344042
 31
0.0
1001
REVIT
1002
{
1070
     1
1000
22995405
1002
}
1002
{
1070
     2
1000
-2000051
1002
}
1002
{
1070
     3
1000
22985857
1002
}
  0
LINE
  5
318
330
70
100
AcDbEntity
  8
A-ALV-___-___-EXI
100
AcDbLine
 10
-15938.43562341402
 20
21206.19826902486
 30
0.0
 11
-15940.79367178369
 21
21203.82135626824
 31
0.0
1001
REVIT
1002
{
1070
     1
1000
22995406
1002
}
1002
{
1070
     2
1000
-2000051
1002
}
1002
{
1070
     3
1000
22985857
1002
}
  0
LINE
  5
319
330
70
100
AcDbEntity
  8
A-ALV-___-___-EXI
100
AcDbLine
 10
-19443.95653550279
 20
17698.31895263458
 30
0.0
 11
-19445.38281973278
 21
17696.89266840459
 31
0.0
1001
REVIT
1002
{
1070
     1
1000
22995407
1002
}
1002
{
1070
     2
1000
-2000051
1002
}
1002
{
1070
     3
1000
22985857
1002
}
  0
LINE
  5
31A
330
70
100
AcDbEntity
  8
A-ALV-___-___-EXI
100
AcDbLine
 10
-15943.15243201701
 20
21399.58742174721
 30
0.0
 11
-15944.53187604241
 21
21398.20797772181
 31
0.0
1001
REVIT
1002
{
1070
     1
1000
22995410
1002
}
1002
{
1070
     2
1000
-2000051
1002
}
1002
{
1070
     3
1000
22985857
1002
}
  0
LINE
  5
31B
330
70
100
AcDbEntity
  8
A-ALV-___-___-EXI
100
AcDbLine
 10
-19436.65727028631
 20
17906.08258347788
 30
0.0
 11
-19440.6660111298
 21
17902.0738426344
 31
0.0
1001
REVIT
1002
{
1070
     1
1000
22995411
1002
}
1002
{
1070
     2
1000
-2000051
1002
}
1002
{
1070
     3
1000
22985857
1002
}
  0
LINE
  5
31C
330
70
100
AcDbEntity
  8
A-ALV-___-___-EXI
100
AcDbLine
 10
-15943.15243201701
 20
21496.28199810839
 30
0.0
 11
-15946.35732692191
 21
21493.13142345611
 31
0.0
1001
REVIT
1002
{
1070
     1
1000
22995414
1002
}
1002
{
1070
     2
1000
-2000051
1002
}
1002
{
1070
     3
1000
22985857
1002
}
  0
LINE
  5
31D
330
70
100
AcDbEntity
  8
A-POR-___-___-EXI
100
AcDbLine
 10
-15714.38721477227
 20
21826.45860031728
 30
0.0
 11
-15718.34772294461
 21
21822.56521940211
 31
0.0
1001
REVIT
1002
{
1070
     1
1000
22995415
1002
}
1002
{
1070
     2
1000
-2000051
1002
}
1002
{
1070
     3
1000
22985857
1002
}
  0
LINE
  5
31E
330
70
100
AcDbEntity
  8
A-POR-___-___-EXI
100
AcDbLine
 10
-15850.81991820789
 20
21692.33831558397
 30
0.0
 11
-15853.53306856031
 21
21689.67115083074
 31
0.0
1001
REVIT
1002
{
1070
     1
1000
22995415
1002
}
1002
{
1070
     2
1000
-2000051
1002
}
1002
{
1070
     3
1000
22985857
1002
}
  0
LINE
  5
31F
330
70
100
AcDbEntity
  8
A-ALV-___-___-EXI
100
AcDbLine
 10
-19429.18625765299
 20
18118.73477034101
 30
0.0
 11
-19433.59079822532
 21
18114.33022976869
 31
0.0
1001
REVIT
1002
{
1070
     1
1000
22995416
1002
}
1002
{
1070
     2
1000
-2000051
1002
}
1002
{
1070
     3
1000
22985857
1002
}
  0
LINE
  5
320
330
70
100
AcDbEntity
  8
A-POR-___-___-EXI
100
AcDbLine
 10
-15714.38721477227
 20
21930.22838958294
 30
0.0
 11
-15715.85885905641
 21
21928.75674529881
 31
0.0
1001
REVIT
1002
{
1070
     1
1000
22995418
1002
}
1002
{
1070
     2
1000
-2000051
1002
}
1002
{
1070
     3
1000
22985857
1002
}
  0
LINE
  5
321
330
70
100
AcDbEntity
  8
A-ALV-___-___-EXI
100
AcDbLine
 10
-19425.57824317361
 20
18221.43198247701
 30
0.0
 11
-19428.87398962234
 21
18218.10001903434
 31
0.0
1001
REVIT
1002
{
1070
     1
1000
22995419
1002
}
1002
{
1070
     2
1000
-2000051
1002
}
1002
{
1070
     3
1000
22985857
1002
}
  0
LINE
  5
322
330
70
100
AcDbEntity
  8
A-ALV-___-___-EXI
100
AcDbLine
 10
-16200.30464765566
 20
21651.75730042899
 30
0.0
 11
-16204.93530948263
 21
21647.21987340389
 31
0.0
1001
REVIT
1002
{
1070
     1
1000
22995422
1002
}
1002
{
1070
     2
1000
-2000051
1002
}
1002
{
1070
     3
1000
22985857
1002
}
  0
LINE
  5
323
330
70
100
AcDbEntity
  8
A-ALV-___-___-EXI
100
AcDbLine
 10
-19418.19442297408
 20
18431.60235561093
 30
0.0
 11
-19421.79877671787
 21
18427.99800186714
 31
0.0
1001
REVIT
1002
{
1070
     1
1000
22995423
1002
}
1002
{
1070
     2
1000
-2000051
1002
}
1002
{
1070
     3
1000
22985857
1002
}
  0
LINE
  5
324
330
70
100
AcDbEntity
  8
A-ALV-___-___-EXI
100
AcDbLine
 10
-16345.31383295504
 20
21704.94731125682
 30
0.0
 11
-16348.79797187365
 21
21701.46317233821
 31
0.0
1001
REVIT
1002
{
1070
     1
1000
22995426
1002
}
1002
{
1070
     2
1000
-2000051
1002
}
1002
{
1070
     3
1000
22985857
1002
}
  0
LINE
  5
325
330
70
100
AcDbEntity
  8
A-ALV-___-___-EXI
100
AcDbLine
 10
-18992.5691938463
 20
19152.02812242522
 30
0.0
 11
-18997.85279145813
 21
19146.83407731529
 31
0.0
1001
REVIT
1002
{
1070
     1
1000
22995429
1002
}
1002
{
1070
     2
1000
-2000051
1002
}
1002
{
1070
     3
1000
22985857
1002
}
  0
LINE
  5
326
330
70
100
AcDbEntity
  8
A-ALV-___-___-EXI
100
AcDbLine
 10
-19407.20431781627
 20
18744.42071242084
 30
0.0
 11
-19410.00675521041
 21
18741.66577396559
 31
0.0
1001
REVIT
1002
{
1070
     1
1000
22995429
1002
}
1002
{
1070
     2
1000
-2000051
1002
}
1002
{
1070
     3
1000
22985857
1002
}
  0
LINE
  5
327
330
70
100
AcDbEntity
  8
A-ALV-___-___-EXI
100
AcDbLine
 10
-16538.8468619497
 20
21709.52024358749
 30
0.0
 11
-16542.187124596
 21
21706.17998094118
 31
0.0
1001
REVIT
1002
{
1070
     1
1000
22995430
1002
}
1002
{
1070
     2
1000
-2000051
1002
}
1002
{
1070
     3
1000
22985857
1002
}
  0
LINE
  5
328
330
70
100
AcDbEntity
  8
A-ALV-___-___-EXI
100
AcDbLine
 10
-18992.5691938463
 20
19255.79791169088
 30
0.0
 11
-18997.64333643436
 21
19250.72376910281
 31
0.0
1001
REVIT
1002
{
1070
     1
1000
22995431
1002
}
1002
{
1070
     2
1000
-2000051
1002
}
1002
{
1070
     3
1000
22985857
1002
}
  0
LINE
  5
329
330
70
100
AcDbEntity
  8
A-ALV-___-___-EXI
100
AcDbLine
 10
-16637.96139699475
 20
21711.86219040712
 30
0.0
 11
-16643.59850956016
 21
21706.17998094118
 31
0.0
1001
REVIT
1002
{
1070
     1
1000
22995432
1002
}
1002
{
1070
     2
1000
-2000051
1002
}
1002
{
1070
     3
1000
22985857
1002
}
  0
LINE
  5
32A
330
70
100
AcDbEntity
  8
A-ALV-___-___-EXI
100
AcDbLine
 10
-18992.5691938463
 20
19357.20929665503
 30
0.0
 11
-18997.43846494958
 21
19352.34002555175
 31
0.0
1001
REVIT
1002
{
1070
     1
1000
22995433
1002
}
1002
{
1070
     2
1000
-2000051
1002
}
1002
{
1070
     3
1000
22985857
1002
}
  0
LINE
  5
32B
330
70
100
AcDbEntity
  8
A-ALV-___-___-EXI
100
AcDbLine
 10
-19399.98919678712
 20
18949.78929371421
 30
0.0
 11
-19402.93154230593
 21
18946.8469481954
 31
0.0
1001
REVIT
1002
{
1070
     1
1000
22995433
1002
}
1002
{
1070
     2
1000
-2000051
1002
}
1002
{
1070
     3
1000
22985857
1002
}
  0
LINE
  5
32C
330
70
100
AcDbEntity
  8
A-ALV-___-___-EXI
100
AcDbLine
 10
-18992.5691938463
 20
19453.90387301621
 30
0.0
 11
-18997.24295768595
 21
19449.3116283133
 31
0.0
1001
REVIT
1002
{
1070
     1
1000
22995435
1002
}
1002
{
1070
     2
1000
-2000051
1002
}
1002
{
1070
     3
1000
22985857
1002
}
  0
LINE
  5
32D
330
70
100
AcDbEntity
  8
A-ALV-___-___-EXI
100
AcDbLine
 10
-19396.2120255147
 20
19057.30132329551
 30
0.0
 11
-19398.21473370294
 21
19055.33354606404
 31
0.0
1001
REVIT
1002
{
1070
     1
1000
22995435
1002
}
1002
{
1070
     2
1000
-2000051
1002
}
1002
{
1070
     3
1000
22985857
1002
}
  0
LINE
  5
32E
330
70
100
AcDbEntity
  8
A-ALV-___-___-EXI
100
AcDbLine
 10
-16833.75433470347
 20
21716.48852142471
 30
0.0
 11
-16836.98766228252
 21
21713.25519384566
 31
0.0
1001
REVIT
1002
{
1070
     1
1000
22995436
1002
}
1002
{
1070
     2
1000
-2000051
1002
}
1002
{
1070
     3
1000
22985857
1002
}
  0
LINE
  5
32F
330
70
100
AcDbEntity
  8
A-ALV-___-___-EXI
100
AcDbLine
 10
-18992.5691938463
 20
19557.67366228186
 30
0.0
 11
-18997.03348643317
 21
19553.209369695
 31
0.0
1001
REVIT
1002
{
1070
     1
1000
22995437
1002
}
1002
{
1070
     2
1000
-2000051
1002
}
1002
{
1070
     3
1000
22985857
1002
}
  0
LINE
  5
330
330
70
100
AcDbEntity
  8
A-ALV-___-___-EXI
100
AcDbLine
 10
-18992.5691938463
 20
19659.08504724603
 30
0.0
 11
-18996.82861494839
 21
19654.82562614394
 31
0.0
1001
REVIT
1002
{
1070
     1
1000
22995439
1002
}
1002
{
1070
     2
1000
-2000051
1002
}
1002
{
1070
     3
1000
22985857
1002
}
  0
LINE
  5
331
330
70
100
AcDbEntity
  8
A-ALV-___-___-EXI
100
AcDbLine
 10
-19388.9973621082
 20
19262.65687898412
 30
0.0
 11
-19391.13952079847
 21
19260.51472029385
 31
0.0
1001
REVIT
1002
{
1070
     1
1000
22995439
1002
}
1002
{
1070
     2
1000
-2000051
1002
}
1002
{
1070
     3
1000
22985857
1002
}
  0
LINE
  5
332
330
70
100
AcDbEntity
  8
A-ALV-___-___-EXI
100
AcDbLine
 10
-17034.1992575908
 20
21721.2247727672
 30
0.0
 11
-17037.45202790935
 21
21717.97200244864
 31
0.0
1001
REVIT
1002
{
1070
     1
1000
22995440
1002
}
1002
{
1070
     2
1000
-2000051
1002
}
1002
{
1070
     3
1000
22985857
1002
}
  0
LINE
  5
333
330
70
100
AcDbEntity
  8
A-ALV-___-___-EXI
100
AcDbLine
 10
-18992.5691938463
 20
19755.7796236072
 30
0.0
 11
-18996.63307572647
 21
19751.81308021518
 31
0.0
1001
REVIT
1002
{
1070
     1
1000
22995441
1002
}
1002
{
1070
     2
1000
-2000051
1002
}
1002
{
1070
     3
1000
22985857
1002
}
  0
LINE
  5
334
330
70
100
AcDbEntity
  8
A-ALV-___-___-EXI
100
AcDbLine
 10
-19385.13416901707
 20
19372.61740233274
 30
0.0
 11
-19386.42271219548
 21
19371.35972246399
 31
0.0
1001
REVIT
1002
{
1070
     1
1000
22995441
1002
}
1002
{
1070
     2
1000
-2000051
1002
}
1002
{
1070
     3
1000
22985857
1002
}
  0
LINE
  5
335
330
70
100
AcDbEntity
  8
A-ALV-___-___-EXI
100
AcDbLine
 10
-17128.66180745724
 20
21723.45679926193
 30
0.0
 11
-17134.14660427053
 21
21717.97200244864
 31
0.0
1001
REVIT
1002
{
1070
     1
1000
22995442
1002
}
1002
{
1070
     2
1000
-2000051
1002
}
1002
{
1070
     3
1000
22985857
1002
}
  0
LINE
  5
336
330
70
100
AcDbEntity
  8
A-ALV-___-___-EXI
100
AcDbLine
 10
-18992.5691938463
 20
19859.54941287286
 30
0.0
 11
-18996.42363643198
 21
19855.69497028718
 31
0.0
1001
REVIT
1002
{
1070
     1
1000
22995443
1002
}
1002
{
1070
     2
1000
-2000051
1002
}
1002
{
1070
     3
1000
22985857
1002
}
  0
LINE
  5
337
330
70
100
AcDbEntity
  8
A-ALV-___-___-EXI
100
AcDbLine
 10
-18992.5691938463
 20
19960.96079783702
 30
0.0
 11
-18996.21871999123
 21
19957.33352490029
 31
0.0
1001
REVIT
1002
{
1070
     1
1000
22995445
1002
}
1002
{
1070
     2
1000
-2000051
1002
}
1002
{
1070
     3
1000
22985857
1002
}
  0
LINE
  5
338
330
70
100
AcDbEntity
  8
A-ALV-___-___-EXI
100
AcDbLine
 10
-19377.91997066515
 20
19577.95972087682
 30
0.0
 11
-19379.34749929101
 21
19576.5408966938
 31
0.0
1001
REVIT
1002
{
1070
     1
1000
22995445
1002
}
1002
{
1070
     2
1000
-2000051
1002
}
1002
{
1070
     3
1000
22985857
1002
}
  0
LINE
  5
339
330
70
100
AcDbEntity
  8
A-ALV-___-___-EXI
100
AcDbLine
 10
-17329.10673034458
 20
21728.19305060442
 30
0.0
 11
-17332.25256559586
 21
21725.04721535312
 31
0.0
1001
REVIT
1002
{
1070
     1
1000
22995446
1002
}
1002
{
1070
     2
1000
-2000051
1002
}
1002
{
1070
     3
1000
22985857
1002
}
  0
LINE
  5
33A
330
70
100
AcDbEntity
  8
A-ALV-___-___-EXI
100
AcDbLine
 10
-18992.5691938463
 20
20064.73058710267
 30
0.0
 11
-18996.00908611251
 21
20061.31192873934
 31
0.0
1001
REVIT
1002
{
1070
     1
1000
22995447
1002
}
1002
{
1070
     2
1000
-2000051
1002
}
1002
{
1070
     3
1000
22985857
1002
}
  0
LINE
  5
33B
330
70
100
AcDbEntity
  8
A-ALV-___-___-EXI
100
AcDbLine
 10
-17423.56928021101
 20
21730.42507709915
 30
0.0
 11
-17428.94714195704
 21
21725.04721535312
 31
0.0
1001
REVIT
1002
{
1070
     1
1000
22995448
1002
}
1002
{
1070
     2
1000
-2000051
1002
}
1002
{
1070
     3
1000
22985857
1002
}
  0
LINE
  5
33C
330
70
100
AcDbEntity
  8
A-ALV-___-___-EXI
100
AcDbLine
 10
-18992.5691938463
 20
20161.42516346385
 30
0.0
 11
-18995.81366505139
 21
20158.24077505886
 31
0.0
1001
REVIT
1002
{
1070
     1
1000
22995449
1002
}
1002
{
1070
     2
1000
-2000051
1002
}
1002
{
1070
     3
1000
22985857
1002
}
  0
LINE
  5
33D
330
70
100
AcDbEntity
  8
A-ALV-___-___-EXI
100
AcDbLine
 10
-19370.45145911121
 20
19790.54071792607
 30
0.0
 11
-19374.63069068803
 21
19786.4388795266
 31
0.0
1001
REVIT
1002
{
1070
     1
1000
22995449
1002
}
1002
{
1070
     2
1000
-2000051
1002
}
1002
{
1070
     3
1000
22985857
1002
}
  0
LINE
  5
33E
330
70
100
AcDbEntity
  8
A-ALV-___-___-EXI
100
AcDbLine
 10
-17522.66303871486
 20
21732.76653299628
 30
0.0
 11
-17525.64171831821
 21
21729.76402395611
 31
0.0
1001
REVIT
1002
{
1070
     1
1000
22995450
1002
}
1002
{
1070
     2
1000
-2000051
1002
}
1002
{
1070
     3
1000
22985857
1002
}
  0
LINE
  5
33F
330
70
100
AcDbEntity
  8
A-ALV-___-___-EXI
100
AcDbLine
 10
-18992.5691938463
 20
20262.83654842801
 30
0.0
 11
-18995.60887632479
 21
20259.81598344938
 31
0.0
1001
REVIT
1002
{
1070
     1
1000
22995451
1002
}
1002
{
1070
     2
1000
-2000051
1002
}
1002
{
1070
     3
1000
22985857
1002
}
  0
LINE
  5
340
330
70
100
AcDbEntity
  8
A-ALV-___-___-EXI
100
AcDbLine
 10
-17624.01420309835
 20
21735.16132844163
 30
0.0
 11
-17629.41150758387
 21
21729.76402395611
 31
0.0
1001
REVIT
1002
{
1070
     1
1000
22995452
1002
}
1002
{
1070
     2
1000
-2000051
1002
}
1002
{
1070
     3
1000
22985857
1002
}
  0
LINE
  5
341
330
70
100
AcDbEntity
  8
A-ALV-___-___-EXI
100
AcDbLine
 10
-18992.5691938463
 20
20366.60633769366
 30
0.0
 11
-18995.3992790081
 21
20363.77625253187
 31
0.0
1001
REVIT
1002
{
1070
     1
1000
22995453
1002
}
1002
{
1070
     2
1000
-2000051
1002
}
1002
{
1070
     3
1000
22985857
1002
}
  0
LINE
  5
342
330
70
100
AcDbEntity
  8
A-ALV-___-___-EXI
100
AcDbLine
 10
-18992.56919384631
 20
20463.30091405483
 30
0.0
 11
-18995.20386819146
 21
20460.70001758591
 31
0.0
1001
REVIT
1002
{
1070
     1
1000
22995455
1002
}
1002
{
1070
     2
1000
-2000051
1002
}
1002
{
1070
     3
1000
22985857
1002
}
  0
LINE
  5
343
330
70
100
AcDbEntity
  8
A-ALV-___-___-EXI
100
AcDbLine
 10
-17819.82814993718
 20
21739.78815587749
 30
0.0
 11
-17822.80066030622
 21
21736.83923686058
 31
0.0
1001
REVIT
1002
{
1070
     1
1000
22995456
1002
}
1002
{
1070
     2
1000
-2000051
1002
}
1002
{
1070
     3
1000
22985857
1002
}
  0
LINE
  5
344
330
70
100
AcDbEntity
  8
A-ALV-___-___-EXI
100
AcDbLine
 10
-18992.56919384631
 20
20564.712299019
 30
0.0
 11
-18994.99903306971
 21
20562.29823797237
 31
0.0
1001
REVIT
1002
{
1070
     1
1000
22995457
1002
}
1002
{
1070
     2
1000
-2000051
1002
}
1002
{
1070
     3
1000
22985857
1002
}
  0
LINE
  5
345
330
70
100
AcDbEntity
  8
A-ALV-___-___-EXI
100
AcDbLine
 10
-17914.39476666359
 20
21742.022641336
 30
0.0
 11
-17919.4952366674
 21
21736.83923686058
 31
0.0
1001
REVIT
1002
{
1070
     1
1000
22995458
1002
}
1002
{
1070
     2
1000
-2000051
1002
}
1002
{
1070
     3
1000
22985857
1002
}
  0
LINE
  5
346
330
70
100
AcDbEntity
  8
A-ALV-___-___-EXI
100
AcDbLine
 10
-18992.56919384631
 20
20668.48208828465
 30
0.0
 11
-18994.7894290069
 21
20666.26185312405
 31
0.0
1001
REVIT
1002
{
1070
     1
1000
22995459
1002
}
1002
{
1070
     2
1000
-2000051
1002
}
1002
{
1070
     3
1000
22985857
1002
}
  0
LINE
  5
347
330
70
100
AcDbEntity
  8
A-ALV-___-___-EXI
100
AcDbLine
 10
-19352.24341490058
 20
20308.80786723038
 30
0.0
 11
-19355.76345627609
 21
20305.28782585486
 31
0.0
1001
REVIT
1002
{
1070
     1
1000
22995459
1002
}
1002
{
1070
     2
1000
-2000051
1002
}
1002
{
1070
     3
1000
22985857
1002
}
  0
LINE
  5
348
330
70
100
AcDbEntity
  8
A-ALV-___-___-EXI
100
AcDbLine
 10
-18992.56919384631
 20
20769.89347324881
 30
0.0
 11
-18994.58455752212
 21
20767.878109573
 31
0.0
1001
REVIT
1002
{
1070
     1
1000
22995461
1002
}
1002
{
1070
     2
1000
-2000051
1002
}
1002
{
1070
     3
1000
22985857
1002
}
  0
LINE
  5
349
330
70
100
AcDbEntity
  8
A-ALV-___-___-EXI
100
AcDbLine
 10
-18114.75866947766
 20
21746.75697828013
 30
0.0
 11
-18117.60119799274
 21
21743.91444976506
 31
0.0
1001
REVIT
1002
{
1070
     1
1000
22995462
1002
}
1002
{
1070
     2
1000
-2000051
1002
}
1002
{
1070
     3
1000
22985857
1002
}
  0
LINE
  5
34A
330
70
100
AcDbEntity
  8
A-ALV-___-___-EXI
100
AcDbLine
 10
-18992.56919384631
 20
20866.58804960999
 30
0.0
 11
-18994.38919026738
 21
20864.78026793
 31
0.0
1001
REVIT
1002
{
1070
     1
1000
22995463
1002
}
1002
{
1070
     2
1000
-2000051
1002
}
1002
{
1070
     3
1000
22985857
1002
}
  0
LINE
  5
34B
330
70
100
AcDbEntity
  8
A-ALV-___-___-EXI
100
AcDbLine
 10
-18992.56919384631
 20
20970.35783887565
 30
0.0
 11
-18994.1795790057
 21
20968.74745371624
 31
0.0
1001
REVIT
1002
{
1070
     1
1000
22995465
1002
}
1002
{
1070
     2
1000
-2000051
1002
}
1002
{
1070
     3
1000
22985857
1002
}
  0
LINE
  5
34C
330
70
100
AcDbEntity
  8
A-ALV-___-___-EXI
100
AcDbLine
 10
-19341.25158022166
 20
20621.67545250029
 30
0.0
 11
-19343.97143476863
 21
20618.95559795332
 31
0.0
1001
REVIT
1002
{
1070
     1
1000
22995465
1002
}
1002
{
1070
     2
1000
-2000051
1002
}
1002
{
1070
     3
1000
22985857
1002
}
  0
LINE
  5
34D
330
70
100
AcDbEntity
  8
A-ALV-___-___-EXI
100
AcDbLine
 10
-18315.20359236499
 20
21751.49322962261
 30
0.0
 11
-18318.06556361957
 21
21748.63125836804
 31
0.0
1001
REVIT
1002
{
1070
     1
1000
22995466
1002
}
1002
{
1070
     2
1000
-2000051
1002
}
1002
{
1070
     3
1000
22985857
1002
}
  0
LINE
  5
34E
330
70
100
AcDbEntity
  8
A-ALV-___-___-EXI
100
AcDbLine
 10
-18992.56919384631
 20
21071.7692238398
 30
0.0
 11
-18993.97468807311
 21
21070.37335628578
 31
0.0
1001
REVIT
1002
{
1070
     1
1000
22995467
1002
}
1002
{
1070
     2
1000
-2000051
1002
}
1002
{
1070
     3
1000
22985857
1002
}
  0
LINE
  5
34F
330
70
100
AcDbEntity
  8
A-ALV-___-___-EXI
100
AcDbLine
 10
-18409.66614223143
 20
21753.72525611735
 30
0.0
 11
-18414.76013998074
 21
21748.63125836804
 31
0.0
1001
REVIT
1002
{
1070
     1
1000
22995468
1002
}
1002
{
1070
     2
1000
-2000051
1002
}
1002
{
1070
     3
1000
22985857
1002
}
  0
LINE
  5
350
330
70
100
AcDbEntity
  8
A-ALV-___-___-EXI
100
AcDbLine
 10
-18992.56919384631
 20
21175.53901310545
 30
0.0
 11
-18993.76510513834
 21
21174.32649193437
 31
0.0
1001
REVIT
1002
{
1070
     1
1000
22995469
1002
}
1002
{
1070
     2
1000
-2000051
1002
}
1002
{
1070
     3
1000
22985857
1002
}
  0
LINE
  5
351
330
70
100
AcDbEntity
  8
A-ALV-___-___-EXI
100
AcDbLine
 10
-19330.17437882655
 20
20936.97288493765
 30
0.0
 11
-19332.17941326117
 21
20934.98177435326
 31
0.0
1001
REVIT
1002
{
1070
     1
1000
22995471
1002
}
1002
{
1070
     2
1000
-2000051
1002
}
1002
{
1070
     3
1000
22985857
1002
}
  0
LINE
  5
352
330
70
100
AcDbEntity
  8
A-ALV-___-___-EXI
100
AcDbLine
 10
-18610.11106511877
 20
21758.46150745983
 30
0.0
 11
-18612.86610130608
 21
21755.70647127252
 31
0.0
1001
REVIT
1002
{
1070
     1
1000
22995472
1002
}
1002
{
1070
     2
1000
-2000051
1002
}
1002
{
1070
     3
1000
22985857
1002
}
  0
LINE
  5
353
330
70
100
AcDbEntity
  8
A-ALV-___-___-EXI
100
AcDbLine
 10
-19322.78873290942
 20
21147.19522463334
 30
0.0
 11
-19325.1042003567
 21
21144.87975718606
 31
0.0
1001
REVIT
1002
{
1070
     1
1000
22995475
1002
}
1002
{
1070
     2
1000
-2000051
1002
}
1002
{
1070
     3
1000
22985857
1002
}
  0
LINE
  5
354
330
70
100
AcDbEntity
  8
A-ALV-___-___-EXI
100
AcDbLine
 10
-18803.64409411342
 20
21763.03443979051
 30
0.0
 11
-18806.25525402844
 21
21760.42327987549
 31
0.0
1001
REVIT
1002
{
1070
     1
1000
22995476
1002
}
1002
{
1070
     2
1000
-2000051
1002
}
1002
{
1070
     3
1000
22985857
1002
}
  0
LINE
  5
355
330
70
100
AcDbEntity
  8
A-ALV-___-___-EXI
100
AcDbLine
 10
-19319.18235282171
 20
21249.84591603888
 30
0.0
 11
-19320.38739175371
 21
21248.64954645171
 31
0.0
1001
REVIT
1002
{
1070
     1
1000
22995477
1002
}
1002
{
1070
     2
1000
-2000051
1002
}
1002
{
1070
     3
1000
22985857
1002
}
  0
LINE
  5
356
330
70
100
AcDbEntity
  8
A-ALV-___-___-EXI
100
AcDbLine
 10
-18898.21935806713
 20
21765.26912957169
 30
0.0
 11
-18902.94983038961
 21
21760.42327987549
 31
0.0
1001
REVIT
1002
{
1070
     1
1000
22995478
1002
}
1002
{
1070
     2
1000
-2000051
1002
}
1002
{
1070
     3
1000
22985857
1002
}
  0
LINE
  5
357
330
70
100
AcDbEntity
  8
A-ALV-___-___-EXI
100
AcDbLine
 10
-19311.79689823051
 20
21460.06280990324
 30
0.0
 11
-19313.31217884924
 21
21458.54752928451
 31
0.0
1001
REVIT
1002
{
1070
     1
1000
22995480
1002
}
1002
{
1070
     2
1000
-2000051
1002
}
1002
{
1070
     3
1000
22985857
1002
}
  0
LINE
  5
358
330
70
100
AcDbEntity
  8
A-ALV-___-___-EXI
100
AcDbLine
 10
-18980.77717233885
 20
22189.65286274706
 30
0.0
 11
-18983.459417231
 21
22186.97061785492
 31
0.0
1001
REVIT
1002
{
1070
     1
1000
22995484
1002
}
1002
{
1070
     2
1000
-2000051
1002
}
1002
{
1070
     3
1000
22985857
1002
}
  0
LINE
  5
359
330
70
100
AcDbEntity
  8
A-ALV-___-___-EXI
100
AcDbLine
 10
-18968.98515083139
 20
22503.32063484552
 30
0.0
 11
-18971.74483586478
 21
22500.56094981213
 31
0.0
1001
REVIT
1002
{
1070
     1
1000
22995487
1002
}
1002
{
1070
     2
1000
-2000051
1002
}
1002
{
1070
     3
1000
22985857
1002
}
  0
LINE
  5
35A
330
70
100
AcDbEntity
  8
A-ALV-___-___-EXI
100
AcDbLine
 10
-18961.90993792691
 20
22708.50180907533
 30
0.0
 11
-18964.05465742765
 21
22706.42111105223
 31
0.0
1001
REVIT
1002
{
1070
     1
1000
22995489
1002
}
1002
{
1070
     2
1000
-2000051
1002
}
1002
{
1070
     3
1000
22985857
1002
}
  0
LINE
  5
35B
330
70
100
AcDbEntity
  8
A-ALV-___-___-EXI
100
AcDbLine
 10
-19275.0437369678
 20
22506.19142729891
 30
0.0
 11
-19277.93611432686
 21
22503.32063484552
 31
0.0
1001
REVIT
1002
{
1070
     1
1000
22995490
1002
}
1002
{
1070
     2
1000
-2000051
1002
}
1002
{
1070
     3
1000
22985857
1002
}
  0
LINE
  5
35C
330
70
100
AcDbEntity
  8
A-ALV-___-___-EXI
100
AcDbLine
 10
-18950.11791641946
 20
23022.16958117378
 30
0.0
 11
-18952.34256047699
 21
23019.94493711625
 31
0.0
1001
REVIT
1002
{
1070
     1
1000
22995492
1002
}
1002
{
1070
     2
1000
-2000051
1002
}
1002
{
1070
     3
1000
22985857
1002
}
  0
LINE
  5
35D
330
70
100
AcDbEntity
  8
A-ALV-___-___-EXI
100
AcDbLine
 10
-18938.325894912
 20
23335.83735327223
 30
0.0
 11
-18940.62797911077
 21
23333.53526907346
 31
0.0
1001
REVIT
1002
{
1070
     1
1000
22995495
1002
}
1002
{
1070
     2
1000
-2000051
1002
}
1002
{
1070
     3
1000
22985857
1002
}
  0
LINE
  5
35E
330
70
100
AcDbEntity
  8
A-ALV-___-___-EXI
100
AcDbLine
 10
-19245.84549828952
 20
23337.27947549633
 30
0.0
 11
-19247.27685840747
 21
23335.83735327223
 31
0.0
1001
REVIT
1002
{
1070
     1
1000
22995498
1002
}
1002
{
1070
     2
1000
-2000051
1002
}
1002
{
1070
     3
1000
22985857
1002
}
  0
LINE
  5
35F
330
70
100
AcDbEntity
  8
A-ALV-___-___-EXI
100
AcDbLine
 10
-18453.19414655529
 20
24528.5369023537
 30
0.0
 11
-18454.85301310612
 21
24526.83152552575
 31
0.0
1001
REVIT
1002
{
1070
     1
1000
22995504
1002
}
1002
{
1070
     2
1000
-2000051
1002
}
1002
{
1070
     3
1000
22985857
1002
}
  0
LINE
  5
360
330
70
100
AcDbEntity
  8
A-ALV-___-___-EXI
100
AcDbLine
 10
-19053.88770568512
 20
24840.4992976242
 30
0.0
 11
-19055.49861801783
 21
24838.86197689259
 31
0.0
1001
REVIT
1002
{
1070
     1
1000
22995518
1002
}
1002
{
1070
     2
1000
-2000051
1002
}
1002
{
1070
     3
1000
22985857
1002
}
  0
LINE
  5
361
330
70
100
AcDbEntity
  8
A-ALV-___-___-EXI
100
AcDbLine
 10
-14885.31400687061
 20
10266.83401248084
 30
0.0
 11
-14886.5873049485
 21
10265.56071440294
 31
0.0
1001
REVIT
1002
{
1070
     1
1000
22995521
1002
}
1002
{
1070
     2
1000
-2000051
1002
}
1002
{
1070
     3
1000
22985857
1002
}
  0
LINE
  5
362
330
70
100
AcDbEntity
  8
A-POR-___-___-EXI
100
AcDbLine
 10
-14778.10070707987
 20
10574.51167789841
 30
0.0
 11
-14779.49430962166
 21
10573.11807535663
 31
0.0
1001
REVIT
1002
{
1070
     1
1000
22995523
1002
}
1002
{
1070
     2
1000
-2000051
1002
}
1002
{
1070
     3
1000
22985857
1002
}
  0
LINE
  5
363
330
70
100
AcDbEntity
  8
A-ALV-___-___-EXI
100
AcDbLine
 10
-14886.5873049485
 20
10574.51167789841
 30
0.0
 11
-14892.16804600504
 21
10568.84764219924
 31
0.0
1001
REVIT
1002
{
1070
     1
1000
22995524
1002
}
1002
{
1070
     2
1000
-2000051
1002
}
1002
{
1070
     3
1000
22985857
1002
}
  0
LINE
  5
364
330
70
100
AcDbEntity
  8
A-ALV-___-___-EXI
100
AcDbLine
 10
-15201.44637282425
 20
10254.95322094989
 30
0.0
 11
-15202.61348134845
 21
10253.76869289549
 31
0.0
1001
REVIT
1002
{
1070
     1
1000
22995524
1002
}
1002
{
1070
     2
1000
-2000051
1002
}
1002
{
1070
     3
1000
22985857
1002
}
  0
LINE
  5
365
330
70
100
AcDbEntity
  8
A-ALV-___-___-EXI
100
AcDbLine
 10
-14990.35709421416
 20
10567.43646499394
 30
0.0
 11
-14992.75837859386
 21
10565.03518061424
 31
0.0
1001
REVIT
1002
{
1070
     1
1000
22995525
1002
}
1002
{
1070
     2
1000
-2000051
1002
}
1002
{
1070
     3
1000
22985857
1002
}
  0
LINE
  5
366
330
70
100
AcDbEntity
  8
A-ALV-___-___-EXI
100
AcDbLine
 10
-15202.61348134845
 20
10560.36125208946
 30
0.0
 11
-15205.96998546032
 21
10556.95427423154
 31
0.0
1001
REVIT
1002
{
1070
     1
1000
22995527
1002
}
1002
{
1070
     2
1000
-2000051
1002
}
1002
{
1070
     3
1000
22985857
1002
}
  0
LINE
  5
367
330
70
100
AcDbEntity
  8
A-ALV-___-___-EXI
100
AcDbLine
 10
-15515.11033643589
 20
10243.16519617364
 30
0.0
 11
-15516.2812534469
 21
10241.97667138802
 31
0.0
1001
REVIT
1002
{
1070
     1
1000
22995527
1002
}
1002
{
1070
     2
1000
-2000051
1002
}
1002
{
1070
     3
1000
22985857
1002
}
  0
LINE
  5
368
330
70
100
AcDbEntity
  8
A-ALV-___-___-EXI
100
AcDbLine
 10
-15304.02486631261
 20
10555.64444348647
 30
0.0
 11
-15306.52620420813
 21
10553.14310559095
 31
0.0
1001
REVIT
1002
{
1070
     1
1000
22995528
1002
}
1002
{
1070
     2
1000
-2000051
1002
}
1002
{
1070
     3
1000
22985857
1002
}
  0
LINE
  5
369
330
70
100
AcDbEntity
  8
A-ALV-___-___-EXI
100
AcDbLine
 10
-15516.2812534469
 20
10548.569230582
 30
0.0
 11
-15519.79027318033
 21
10545.06021084857
 31
0.0
1001
REVIT
1002
{
1070
     1
1000
22995530
1002
}
1002
{
1070
     2
1000
-2000051
1002
}
1002
{
1070
     3
1000
22985857
1002
}
  0
LINE
  5
36A
330
70
100
AcDbEntity
  8
A-ALV-___-___-EXI
100
AcDbLine
 10
-15551.65731796928
 20
10807.99370374613
 30
0.0
 11
-15553.34705023647
 21
10806.32416748214
 31
0.0
1001
REVIT
1002
{
1070
     1
1000
22995533
1002
}
1002
{
1070
     2
1000
-2000051
1002
}
1002
{
1070
     3
1000
22985857
1002
}
  0
LINE
  5
36B
330
70
100
AcDbEntity
  8
A-ALV-___-___-EXI
100
AcDbLine
 10
-15551.65731796928
 20
10911.76349301178
 30
0.0
 11
-15554.01069369017
 21
10909.4101172909
 31
0.0
1001
REVIT
1002
{
1070
     1
1000
22995534
1002
}
1002
{
1070
     2
1000
-2000051
1002
}
1002
{
1070
     3
1000
22985857
1002
}
  0
LINE
  5
36C
330
70
100
AcDbEntity
  8
A-ALV-___-___-EXI
100
AcDbLine
 10
-15931.36041050951
 20
10532.06040047155
 30
0.0
 11
-15932.53634617231
 21
10530.88446480876
 31
0.0
1001
REVIT
1002
{
1070
     1
1000
22995535
1002
}
1002
{
1070
     2
1000
-2000051
1002
}
1002
{
1070
     3
1000
22985857
1002
}
  0
LINE
  5
36D
330
70
100
AcDbEntity
  8
A-ALV-___-___-EXI
100
AcDbLine
 10
-15551.65731796928
 20
11013.17487797594
 30
0.0
 11
-15554.65951678498
 21
11010.19397135043
 31
0.0
1001
REVIT
1002
{
1070
     1
1000
22995536
1002
}
1002
{
1070
     2
1000
-2000051
1002
}
1002
{
1070
     3
1000
22985857
1002
}
  0
LINE
  5
36E
330
70
100
AcDbEntity
  8
A-ALV-___-___-EXI
100
AcDbLine
 10
-16035.13019977516
 20
10532.06040047155
 30
0.0
 11
-16038.80816400228
 21
10528.29947464532
 31
0.0
1001
REVIT
1002
{
1070
     1
1000
22995537
1002
}
1002
{
1070
     2
1000
-2000051
1002
}
1002
{
1070
     3
1000
22985857
1002
}
  0
LINE
  5
36F
330
70
100
AcDbEntity
  8
A-ALV-___-___-EXI
100
AcDbLine
 10
-15551.65731796928
 20
11109.86945433712
 30
0.0
 11
-15555.27838882058
 21
11106.32542754649
 31
0.0
1001
REVIT
1002
{
1070
     1
1000
22995538
1002
}
1002
{
1070
     2
1000
-2000051
1002
}
1002
{
1070
     3
1000
22985857
1002
}
  0
LINE
  5
370
330
70
100
AcDbEntity
  8
A-ALV-___-___-EXI
100
AcDbLine
 10
-15882.57492161151
 20
10785.99265077238
 30
0.0
 11
-15884.19232447967
 21
10784.40966073121
 31
0.0
1001
REVIT
1002
{
1070
     1
1000
22995538
1002
}
1002
{
1070
     2
1000
-2000051
1002
}
1002
{
1070
     3
1000
22985857
1002
}
  0
LINE
  5
371
330
70
100
AcDbEntity
  8
A-ALV-___-___-EXI
100
AcDbLine
 10
-15551.65731796928
 20
11213.63924360277
 30
0.0
 11
-15555.94166864065
 21
11209.35489293141
 31
0.0
1001
REVIT
1002
{
1070
     1
1000
22995540
1002
}
1002
{
1070
     2
1000
-2000051
1002
}
1002
{
1070
     3
1000
22985857
1002
}
  0
LINE
  5
372
330
70
100
AcDbEntity
  8
A-ALV-___-___-EXI
100
AcDbLine
 10
-15881.9548639885
 20
10883.34169758355
 30
0.0
 11
-15884.19232447967
 21
10881.10423709238
 31
0.0
1001
REVIT
1002
{
1070
     1
1000
22995540
1002
}
1002
{
1070
     2
1000
-2000051
1002
}
1002
{
1070
     3
1000
22985857
1002
}
  0
LINE
  5
373
330
70
100
AcDbEntity
  8
A-ALV-___-___-EXI
100
AcDbLine
 10
-16240.31137400498
 20
10524.98518756707
 30
0.0
 11
-16241.93808500518
 21
10523.35847656687
 31
0.0
1001
REVIT
1002
{
1070
     1
1000
22995541
1002
}
1002
{
1070
     2
1000
-2000051
1002
}
1002
{
1070
     3
1000
22985857
1002
}
  0
LINE
  5
374
330
70
100
AcDbEntity
  8
A-ALV-___-___-EXI
100
AcDbLine
 10
-15551.65731796928
 20
11310.33381996396
 30
0.0
 11
-15556.56085141374
 21
11305.53461701831
 31
0.0
1001
REVIT
1002
{
1070
     1
1000
22995542
1002
}
1002
{
1070
     2
1000
-2000051
1002
}
1002
{
1070
     3
1000
22985857
1002
}
  0
LINE
  5
375
330
70
100
AcDbEntity
  8
A-ALV-___-___-EXI
100
AcDbLine
 10
-15881.29006886578
 20
10987.71453185249
 30
0.0
 11
-15884.19232447967
 21
10984.87402635804
 31
0.0
1001
REVIT
1002
{
1070
     1
1000
22995542
1002
}
1002
{
1070
     2
1000
-2000051
1002
}
1002
{
1070
     3
1000
22985857
1002
}
  0
LINE
  5
376
330
70
100
AcDbEntity
  8
A-ALV-___-___-EXI
100
AcDbLine
 10
-15551.65731796928
 20
11411.74520492811
 30
0.0
 11
-15557.20962660793
 21
11406.31103051582
 31
0.0
1001
REVIT
1002
{
1070
     1
1000
22995544
1002
}
1002
{
1070
     2
1000
-2000051
1002
}
1002
{
1070
     3
1000
22985857
1002
}
  0
LINE
  5
377
330
70
100
AcDbEntity
  8
A-ALV-___-___-EXI
100
AcDbLine
 10
-15880.64008453559
 20
11089.76207169301
 30
0.0
 11
-15884.19232447967
 21
11086.2854113222
 31
0.0
1001
REVIT
1002
{
1070
     1
1000
22995544
1002
}
1002
{
1070
     2
1000
-2000051
1002
}
1002
{
1070
     3
1000
22985857
1002
}
  0
LINE
  5
378
330
70
100
AcDbEntity
  8
A-ALV-___-___-EXI
100
AcDbLine
 10
-16452.56776113927
 20
10520.26837896409
 30
0.0
 11
-16454.63607762931
 21
10518.18474161116
 31
0.0
1001
REVIT
1002
{
1070
     1
1000
22995545
1002
}
1002
{
1070
     2
1000
-2000051
1002
}
1002
{
1070
     3
1000
22985857
1002
}
  0
LINE
  5
379
330
70
100
AcDbEntity
  8
A-ALV-___-___-EXI
100
AcDbLine
 10
-15880.01976302319
 20
11187.15254913986
 30
0.0
 11
-15884.19232447967
 21
11182.97998768337
 31
0.0
1001
REVIT
1002
{
1070
     1
1000
22995546
1002
}
1002
{
1070
     2
1000
-2000051
1002
}
1002
{
1070
     3
1000
22985857
1002
}
  0
LINE
  5
37A
330
70
100
AcDbEntity
  8
A-ALV-___-___-EXI
100
AcDbLine
 10
-15879.35457206635
 20
11291.58752936234
 30
0.0
 11
-15884.19232447967
 21
11286.74977694903
 31
0.0
1001
REVIT
1002
{
1070
     1
1000
22995548
1002
}
1002
{
1070
     2
1000
-2000051
1002
}
1002
{
1070
     3
1000
22985857
1002
}
  0
LINE
  5
37B
330
70
100
AcDbEntity
  8
A-ALV-___-___-EXI
100
AcDbLine
 10
-15878.70449908582
 20
11393.64898730703
 30
0.0
 11
-15884.19232447967
 21
11388.16116191318
 31
0.0
1001
REVIT
1002
{
1070
     1
1000
22995550
1002
}
1002
{
1070
     2
1000
-2000051
1002
}
1002
{
1070
     3
1000
22985857
1002
}
  0
LINE
  5
37C
330
70
100
AcDbEntity
  8
A-ALV-___-___-EXI
100
AcDbLine
 10
-16759.16032033324
 20
10513.19316605961
 30
0.0
 11
-16761.63631820101
 21
10510.71716819184
 31
0.0
1001
REVIT
1002
{
1070
     1
1000
22995551
1002
}
1002
{
1070
     2
1000
-2000051
1002
}
1002
{
1070
     3
1000
22985857
1002
}
  0
LINE
  5
37D
330
70
100
AcDbEntity
  8
A-POR-___-___-EXI
100
AcDbLine
 10
-17627.9271971843
 20
10448.64215601736
 30
0.0
 11
-17629.41150758384
 21
10447.15784561783
 31
0.0
1001
REVIT
1002
{
1070
     1
1000
22995561
1002
}
1002
{
1070
     2
1000
-2000051
1002
}
1002
{
1070
     3
1000
22985857
1002
}
  0
LINE
  5
37E
330
70
100
AcDbEntity
  8
A-ALV-___-___-EXI
100
AcDbLine
 10
-6356.238946451576
 20
24538.62354703325
 30
0.0
 11
-6357.712671288417
 21
24537.14982219641
 31
0.0
1001
REVIT
1002
{
1070
     1
1000
22995562
1002
}
1002
{
1070
     2
1000
-2000051
1002
}
1002
{
1070
     3
1000
22985857
1002
}
  0
LINE
  5
37F
330
70
100
AcDbEntity
  8
A-ALV-___-___-EXI
100
AcDbLine
 10
-6356.238946451576
 20
24635.31812339442
 30
0.0
 11
-6360.036621992669
 21
24631.52044785333
 31
0.0
1001
REVIT
1002
{
1070
     1
1000
22995563
1002
}
1002
{
1070
     2
1000
-2000051
1002
}
1002
{
1070
     3
1000
22985857
1002
}
  0
LINE
  5
380
330
70
100
AcDbEntity
  8
A-ALV-___-___-EXI
100
AcDbLine
 10
-6516.760178908683
 20
24474.79689093732
 30
0.0
 11
-6518.968843254531
 21
24472.58822659147
 31
0.0
1001
REVIT
1002
{
1070
     1
1000
22995563
1002
}
1002
{
1070
     2
1000
-2000051
1002
}
1002
{
1070
     3
1000
22985857
1002
}
  0
LINE
  5
381
330
70
100
AcDbEntity
  8
A-ALV-___-___-EXI
100
AcDbLine
 10
-6363.314159356051
 20
24833.42408471976
 30
0.0
 11
-6364.967932023641
 21
24831.77031205218
 31
0.0
1001
REVIT
1002
{
1070
     1
1000
22995565
1002
}
1002
{
1070
     2
1000
-2000051
1002
}
1002
{
1070
     3
1000
22985857
1002
}
  0
LINE
  5
382
330
70
100
AcDbEntity
  8
A-ALV-___-___-EXI
100
AcDbLine
 10
-6662.318830763976
 20
24638.16641623477
 30
0.0
 11
-6665.189909947042
 21
24635.31812339442
 31
0.0
1001
REVIT
1002
{
1070
     1
1000
22995566
1002
}
1002
{
1070
     2
1000
-2000051
1002
}
1002
{
1070
     3
1000
22985857
1002
}
  0
LINE
  5
383
330
70
100
AcDbEntity
  8
A-ALV-___-___-EXI
100
AcDbLine
 10
-6368.030967959039
 20
25026.81323744212
 30
0.0
 11
-6369.72952087242
 21
25025.12816510741
 31
0.0
1001
REVIT
1002
{
1070
     1
1000
22995567
1002
}
1002
{
1070
     2
1000
-2000051
1002
}
1002
{
1070
     3
1000
22985857
1002
}
  0
LINE
  5
384
330
70
100
AcDbEntity
  8
A-ALV-___-___-EXI
100
AcDbLine
 10
-6368.030967959039
 20
25123.50781380329
 30
0.0
 11
-6372.055450540947
 21
25119.57915223524
 31
0.0
1001
REVIT
1002
{
1070
     1
1000
22995568
1002
}
1002
{
1070
     2
1000
-2000051
1002
}
1002
{
1070
     3
1000
22985857
1002
}
  0
LINE
  5
385
330
70
100
AcDbEntity
  8
A-ALV-___-___-EXI
100
AcDbLine
 10
-6375.106180863515
 20
25323.97217943012
 30
0.0
 11
-6377.040767375113
 21
25322.02211622644
 31
0.0
1001
REVIT
1002
{
1070
     1
1000
22995570
1002
}
1002
{
1070
     2
1000
-2000051
1002
}
1002
{
1070
     3
1000
22985857
1002
}
  0
LINE
  5
386
330
70
100
AcDbEntity
  8
A-ALV-___-___-EXI
100
AcDbLine
 10
-6674.699894530395
 20
25125.78985072741
 30
0.0
 11
-6676.981931454506
 21
25123.50781380329
 31
0.0
1001
REVIT
1002
{
1070
     1
1000
22995571
1002
}
1002
{
1070
     2
1000
-2000051
1002
}
1002
{
1070
     3
1000
22985857
1002
}
  0
LINE
  5
387
330
70
100
AcDbEntity
  8
A-ALV-___-___-EXI
100
AcDbLine
 10
-6379.822989466499
 20
25522.07814075546
 30
0.0
 11
-6381.916166911459
 21
25520.00157582991
 31
0.0
1001
REVIT
1002
{
1070
     1
1000
22995572
1002
}
1002
{
1070
     2
1000
-2000051
1002
}
1002
{
1070
     3
1000
22985857
1002
}
  0
LINE
  5
388
330
70
100
AcDbEntity
  8
A-ALV-___-___-EXI
100
AcDbLine
 10
-6379.822989466499
 20
25618.77271711664
 30
0.0
 11
-6384.240560983369
 21
25614.39020569117
 31
0.0
1001
REVIT
1002
{
1070
     1
1000
22995573
1002
}
1002
{
1070
     2
1000
-2000051
1002
}
1002
{
1070
     3
1000
22985857
1002
}
  0
LINE
  5
389
330
70
100
AcDbEntity
  8
A-ALV-___-___-EXI
100
AcDbLine
 10
-6386.898202370977
 20
25812.16186983899
 30
0.0
 11
-6389.058495658971
 21
25810.03614124361
 31
0.0
1001
REVIT
1002
{
1070
     1
1000
22995575
1002
}
1002
{
1070
     2
1000
-2000051
1002
}
1002
{
1070
     3
1000
22985857
1002
}
  0
LINE
  5
38A
330
70
100
AcDbEntity
  8
A-ALV-___-___-EXI
100
AcDbLine
 10
-6687.255890532608
 20
25620.30292404543
 30
0.0
 11
-6688.773952961966
 21
25618.77271711664
 31
0.0
1001
REVIT
1002
{
1070
     1
1000
22995576
1002
}
1002
{
1070
     2
1000
-2000051
1002
}
1002
{
1070
     3
1000
22985857
1002
}
  0
LINE
  5
38B
330
70
100
AcDbEntity
  8
A-ALV-___-___-EXI
100
AcDbLine
 10
-6393.973415275453
 20
26106.96240752551
 30
0.0
 11
-6396.312925668781
 21
26104.62289713218
 31
0.0
1001
REVIT
1002
{
1070
     1
1000
22995578
1002
}
1002
{
1070
     2
1000
-2000051
1002
}
1002
{
1070
     3
1000
22985857
1002
}
  0
LINE
  5
38C
330
70
100
AcDbEntity
  8
A-ALV-___-___-EXI
100
AcDbLine
 10
-6822.50988805648
 20
25678.42593474448
 30
0.0
 11
-6827.919806750002
 21
25673.01601605096
 31
0.0
1001
REVIT
1002
{
1070
     1
1000
22995578
1002
}
1002
{
1070
     2
1000
-2000051
1002
}
1002
{
1070
     3
1000
22985857
1002
}
  0
LINE
  5
38D
330
70
100
AcDbEntity
  8
A-ALV-___-___-EXI
100
AcDbLine
 10
-6925.255015386321
 20
25677.1465413965
 30
0.0
 11
-6929.331191714164
 21
25673.01601605096
 31
0.0
1001
REVIT
1002
{
1070
     1
1000
22995579
1002
}
1002
{
1070
     2
1000
-2000051
1002
}
1002
{
1070
     3
1000
22985857
1002
}
  0
LINE
  5
38E
330
70
100
AcDbEntity
  8
A-ALV-___-___-EXI
100
AcDbLine
 10
-6398.690223878439
 20
26307.42677315233
 30
0.0
 11
-6401.244235699751
 21
26304.87276133102
 31
0.0
1001
REVIT
1002
{
1070
     1
1000
22995580
1002
}
1002
{
1070
     2
1000
-2000051
1002
}
1002
{
1070
     3
1000
22985857
1002
}
  0
LINE
  5
38F
330
70
100
AcDbEntity
  8
A-ALV-___-___-EXI
100
AcDbLine
 10
-7030.278215792586
 20
25675.83878123819
 30
0.0
 11
-7033.100980979816
 21
25673.01601605096
 31
0.0
1001
REVIT
1002
{
1070
     1
1000
22995581
1002
}
1002
{
1070
     2
1000
-2000051
1002
}
1002
{
1070
     3
1000
22985857
1002
}
  0
LINE
  5
390
330
70
100
AcDbEntity
  8
A-ALV-___-___-EXI
100
AcDbLine
 10
-6851.503849764923
 20
25956.02453223001
 30
0.0
 11
-6853.073086956853
 21
25954.45529503808
 31
0.0
1001
REVIT
1002
{
1070
     1
1000
22995583
1002
}
1002
{
1070
     2
1000
-2000051
1002
}
1002
{
1070
     3
1000
22985857
1002
}
  0
LINE
  5
391
330
70
100
AcDbEntity
  8
A-ALV-___-___-EXI
100
AcDbLine
 10
-7132.968308811581
 20
25674.56007318335
 30
0.0
 11
-7134.512365943976
 21
25673.01601605096
 31
0.0
1001
REVIT
1002
{
1070
     1
1000
22995583
1002
}
1002
{
1070
     2
1000
-2000051
1002
}
1002
{
1070
     3
1000
22985857
1002
}
  0
LINE
  5
392
330
70
100
AcDbEntity
  8
A-ALV-___-___-EXI
100
AcDbLine
 10
-6955.273639030576
 20
25956.02453223001
 30
0.0
 11
-6957.843549214458
 21
25953.45462204613
 31
0.0
1001
REVIT
1002
{
1070
     1
1000
22995585
1002
}
1002
{
1070
     2
1000
-2000051
1002
}
1002
{
1070
     3
1000
22985857
1002
}
  0
LINE
  5
393
330
70
100
AcDbEntity
  8
A-ALV-___-___-EXI
100
AcDbLine
 10
-6405.765436782916
 20
26602.22731083885
 30
0.0
 11
-6408.499496434976
 21
26599.49325118679
 31
0.0
1001
REVIT
1002
{
1070
     1
1000
22995586
1002
}
1002
{
1070
     2
1000
-2000051
1002
}
1002
{
1070
     3
1000
22985857
1002
}
  0
LINE
  5
394
330
70
100
AcDbEntity
  8
A-ALV-___-___-EXI
100
AcDbLine
 10
-7051.968215391754
 20
25956.02453223001
 30
0.0
 11
-7055.529515827091
 21
25952.52161376903
 31
0.0
1001
REVIT
1002
{
1070
     1
1000
22995587
1002
}
1002
{
1070
     2
1000
-2000051
1002
}
1002
{
1070
     3
1000
22985857
1002
}
  0
LINE
  5
395
330
70
100
AcDbEntity
  8
A-ALV-___-___-EXI
100
AcDbLine
 10
-7153.379600355913
 20
25956.02453223001
 30
0.0
 11
-7157.896966971161
 21
25951.54389217261
 31
0.0
1001
REVIT
1002
{
1070
     1
1000
22995589
1002
}
1002
{
1070
     2
1000
-2000051
1002
}
1002
{
1070
     3
1000
22985857
1002
}
  0
LINE
  5
396
330
70
100
AcDbEntity
  8
A-ALV-___-___-EXI
100
AcDbLine
 10
-7441.018460252064
 20
25670.72419965009
 30
0.0
 11
-7443.463329439444
 21
25668.29920744797
 31
0.0
1001
REVIT
1002
{
1070
     1
1000
22995589
1002
}
1002
{
1070
     2
1000
-2000051
1002
}
1002
{
1070
     3
1000
22985857
1002
}
  0
LINE
  5
397
330
70
100
AcDbEntity
  8
A-ALV-___-___-EXI
100
AcDbLine
 10
-6410.4822453859
 20
26795.61646356121
 30
0.0
 11
-6413.261327328581
 21
26792.86093316041
 31
0.0
1001
REVIT
1002
{
1070
     1
1000
22995590
1002
}
1002
{
1070
     2
1000
-2000051
1002
}
1002
{
1070
     3
1000
22985857
1002
}
  0
LINE
  5
398
330
70
100
AcDbEntity
  8
A-ALV-___-___-EXI
100
AcDbLine
 10
-7538.95239749133
 20
25669.50471575726
 30
0.0
 11
-7540.157905800622
 21
25668.29920744797
 31
0.0
1001
REVIT
1002
{
1070
     1
1000
22995591
1002
}
1002
{
1070
     2
1000
-2000051
1002
}
1002
{
1070
     3
1000
22985857
1002
}
  0
LINE
  5
399
330
70
100
AcDbEntity
  8
A-ALV-___-___-EXI
100
AcDbLine
 10
-7358.560774585727
 20
25951.30772362703
 30
0.0
 11
-7360.25737015845
 21
25949.6111280543
 31
0.0
1001
REVIT
1002
{
1070
     1
1000
22995593
1002
}
1002
{
1070
     2
1000
-2000051
1002
}
1002
{
1070
     3
1000
22985857
1002
}
  0
LINE
  5
39A
330
70
100
AcDbEntity
  8
A-ALV-___-___-EXI
100
AcDbLine
 10
-7462.330563851381
 20
25951.30772362702
 30
0.0
 11
-7465.027832416058
 21
25948.61045506234
 31
0.0
1001
REVIT
1002
{
1070
     1
1000
22995595
1002
}
1002
{
1070
     2
1000
-2000051
1002
}
1002
{
1070
     3
1000
22985857
1002
}
  0
LINE
  5
39B
330
70
100
AcDbEntity
  8
A-ALV-___-___-EXI
100
AcDbLine
 10
-6417.557458290379
 20
27092.77540554921
 30
0.0
 11
-6420.574547290485
 21
27089.83502220165
 31
0.0
1001
REVIT
1002
{
1070
     1
1000
22995596
1002
}
1002
{
1070
     2
1000
-2000051
1002
}
1002
{
1070
     3
1000
22985857
1002
}
  0
LINE
  5
39C
330
70
100
AcDbEntity
  8
A-ALV-___-___-EXI
100
AcDbLine
 10
-6692.076427127246
 20
26825.23573253023
 30
0.0
 11
-6695.849165866448
 21
26821.55891087762
 31
0.0
1001
REVIT
1002
{
1070
     1
1000
22995596
1002
}
1002
{
1070
     2
1000
-2000051
1002
}
1002
{
1070
     3
1000
22985857
1002
}
  0
LINE
  5
39D
330
70
100
AcDbEntity
  8
A-ALV-___-___-EXI
100
AcDbLine
 10
-7563.741948815541
 20
25951.30772362702
 30
0.0
 11
-7567.448072286542
 21
25947.63222927562
 31
0.0
1001
REVIT
1002
{
1070
     1
1000
22995597
1002
}
1002
{
1070
     2
1000
-2000051
1002
}
1002
{
1070
     3
1000
22985857
1002
}
  0
LINE
  5
39E
330
70
100
AcDbEntity
  8
A-ALV-___-___-EXI
100
AcDbLine
 10
-6692.460301688228
 20
26926.2715169809
 30
0.0
 11
-6695.849165866448
 21
26922.97029584178
 31
0.0
1001
REVIT
1002
{
1070
     1
1000
22995598
1002
}
1002
{
1070
     2
1000
-2000051
1002
}
1002
{
1070
     3
1000
22985857
1002
}
  0
LINE
  5
39F
330
70
100
AcDbEntity
  8
A-ALV-___-___-EXI
100
AcDbLine
 10
-7667.511738081195
 20
25951.30772362702
 30
0.0
 11
-7672.187610061787
 21
25946.63185164643
 31
0.0
1001
REVIT
1002
{
1070
     1
1000
22995599
1002
}
1002
{
1070
     2
1000
-2000051
1002
}
1002
{
1070
     3
1000
22985857
1002
}
  0
LINE
  5
3A0
330
70
100
AcDbEntity
  8
A-ALV-___-___-EXI
100
AcDbLine
 10
-6422.274266893364
 20
27290.88136687455
 30
0.0
 11
-6425.447989619271
 21
27287.73500382731
 31
0.0
1001
REVIT
1002
{
1070
     1
1000
22995600
1002
}
1002
{
1070
     2
1000
-2000051
1002
}
1002
{
1070
     3
1000
22985857
1002
}
  0
LINE
  5
3A1
330
70
100
AcDbEntity
  8
A-ALV-___-___-EXI
100
AcDbLine
 10
-6692.826524860638
 20
27022.66145595872
 30
0.0
 11
-6695.849165866448
 21
27019.66487220295
 31
0.0
1001
REVIT
1002
{
1070
     1
1000
22995600
1002
}
1002
{
1070
     2
1000
-2000051
1002
}
1002
{
1070
     3
1000
22985857
1002
}
  0
LINE
  5
3A2
330
70
100
AcDbEntity
  8
A-ALV-___-___-EXI
100
AcDbLine
 10
-7764.206314442372
 20
25951.30772362702
 30
0.0
 11
-7769.814631710916
 21
25945.69940635848
 31
0.0
1001
REVIT
1002
{
1070
     1
1000
22995601
1002
}
1002
{
1070
     2
1000
-2000051
1002
}
1002
{
1070
     3
1000
22985857
1002
}
  0
LINE
  5
3A3
330
70
100
AcDbEntity
  8
A-ALV-___-___-EXI
100
AcDbLine
 10
-8052.402862586303
 20
25663.11117548309
 30
0.0
 11
-8054.290043525901
 21
25661.22399454349
 31
0.0
1001
REVIT
1002
{
1070
     1
1000
22995601
1002
}
1002
{
1070
     2
1000
-2000051
1002
}
1002
{
1070
     3
1000
22985857
1002
}
  0
LINE
  5
3A4
330
70
100
AcDbEntity
  8
A-ALV-___-___-EXI
100
AcDbLine
 10
-6693.219305229345
 20
27126.04124900273
 30
0.0
 11
-6695.849165866448
 21
27123.43466146861
 31
0.0
1001
REVIT
1002
{
1070
     1
1000
22995602
1002
}
1002
{
1070
     2
1000
-2000051
1002
}
1002
{
1070
     3
1000
22985857
1002
}
  0
LINE
  5
3A5
330
70
100
AcDbEntity
  8
A-ALV-___-___-EXI
100
AcDbLine
 10
-6693.603010852483
 20
27227.03256901273
 30
0.0
 11
-6695.849165866448
 21
27224.84604643276
 31
0.0
1001
REVIT
1002
{
1070
     1
1000
22995604
1002
}
1002
{
1070
     2
1000
-2000051
1002
}
1002
{
1070
     3
1000
22985857
1002
}
  0
LINE
  5
3A6
330
70
100
AcDbEntity
  8
A-ALV-___-___-EXI
100
AcDbLine
 10
-6429.349479797841
 20
27588.04030886255
 30
0.0
 11
-6432.759274518374
 21
27584.63051414202
 31
0.0
1001
REVIT
1002
{
1070
     1
1000
22995606
1002
}
1002
{
1070
     2
1000
-2000051
1002
}
1002
{
1070
     3
1000
22985857
1002
}
  0
LINE
  5
3A7
330
70
100
AcDbEntity
  8
A-ALV-___-___-EXI
100
AcDbLine
 10
-6693.969226631421
 20
27323.42056202897
 30
0.0
 11
-6695.84916586645
 21
27321.54062279394
 31
0.0
1001
REVIT
1002
{
1070
     1
1000
22995606
1002
}
1002
{
1070
     2
1000
-2000051
1002
}
1002
{
1070
     3
1000
22985857
1002
}
  0
LINE
  5
3A8
330
70
100
AcDbEntity
  8
A-ALV-___-___-EXI
100
AcDbLine
 10
-8070.798873636347
 20
25944.23251072254
 30
0.0
 11
-8072.232244409473
 21
25942.81098598886
 31
0.0
1001
REVIT
1002
{
1070
     1
1000
22995607
1002
}
1002
{
1070
     2
1000
-2000051
1002
}
1002
{
1070
     3
1000
22985857
1002
}
  0
LINE
  5
3A9
330
70
100
AcDbEntity
  8
A-ALV-___-___-EXI
100
AcDbLine
 10
-6694.361945749085
 20
27426.78423379753
 30
0.0
 11
-6695.849165866448
 21
27425.3104120596
 31
0.0
1001
REVIT
1002
{
1070
     1
1000
22995608
1002
}
1002
{
1070
     2
1000
-2000051
1002
}
1002
{
1070
     3
1000
22985857
1002
}
  0
LINE
  5
3AA
330
70
100
AcDbEntity
  8
A-ALV-___-___-EXI
100
AcDbLine
 10
-8174.568662901998
 20
25944.23251072254
 30
0.0
 11
-8176.990746393888
 21
25941.81042723066
 31
0.0
1001
REVIT
1002
{
1070
     1
1000
22995609
1002
}
1002
{
1070
     2
1000
-2000051
1002
}
1002
{
1070
     3
1000
22985857
1002
}
  0
LINE
  5
3AB
330
70
100
AcDbEntity
  8
A-ALV-___-___-EXI
100
AcDbLine
 10
-6434.066288400825
 20
27781.42946158491
 30
0.0
 11
-6437.521287458807
 21
27778.00558864456
 31
0.0
1001
REVIT
1002
{
1070
     1
1000
22995610
1002
}
1002
{
1070
     2
1000
-2000051
1002
}
1002
{
1070
     3
1000
22985857
1002
}
  0
LINE
  5
3AC
330
70
100
AcDbEntity
  8
A-ALV-___-___-EXI
100
AcDbLine
 10
-8275.980047866161
 20
25944.23251072254
 30
0.0
 11
-8279.324252631491
 21
25940.83302984539
 31
0.0
1001
REVIT
1002
{
1070
     1
1000
22995611
1002
}
1002
{
1070
     2
1000
-2000051
1002
}
1002
{
1070
     3
1000
22985857
1002
}
  0
LINE
  5
3AD
330
70
100
AcDbEntity
  8
A-ALV-___-___-EXI
100
AcDbLine
 10
-8558.732659170519
 20
25656.80630253712
 30
0.0
 11
-8561.346968346708
 21
25654.14878163901
 31
0.0
1001
REVIT
1002
{
1070
     1
1000
22995611
1002
}
1002
{
1070
     2
1000
-2000051
1002
}
1002
{
1070
     3
1000
22985857
1002
}
  0
LINE
  5
3AE
330
70
100
AcDbEntity
  8
A-ALV-___-___-EXI
100
AcDbLine
 10
-8661.390537793122
 20
25655.52799561941
 30
0.0
 11
-8662.758353310868
 21
25654.14878163901
 31
0.0
1001
REVIT
1002
{
1070
     1
1000
22995613
1002
}
1002
{
1070
     2
1000
-2000051
1002
}
1002
{
1070
     3
1000
22985857
1002
}
  0
LINE
  5
3AF
330
70
100
AcDbEntity
  8
A-ALV-___-___-EXI
100
AcDbLine
 10
-6441.141501305302
 20
27979.53542291024
 30
0.0
 11
-6442.451266466012
 21
27978.20140283915
 31
0.0
1001
REVIT
1002
{
1070
     1
1000
22995614
1002
}
1002
{
1070
     2
1000
-2000051
1002
}
1002
{
1070
     3
1000
22985857
1002
}
  0
LINE
  5
3B0
330
70
100
AcDbEntity
  8
A-ALV-___-___-EXI
100
AcDbLine
 10
-6441.141501305303
 20
28076.22999927142
 30
0.0
 11
-6444.77660905485
 21
28072.62854992696
 31
0.0
1001
REVIT
1002
{
1070
     1
1000
22995616
1002
}
1002
{
1070
     2
1000
-2000051
1002
}
1002
{
1070
     3
1000
22985857
1002
}
  0
LINE
  5
3B1
330
70
100
AcDbEntity
  8
A-ALV-___-___-EXI
100
AcDbLine
 10
-8577.85579845715
 20
25939.51570211956
 30
0.0
 11
-8579.430417804857
 21
25937.96668633848
 31
0.0
1001
REVIT
1002
{
1070
     1
1000
22995617
1002
}
1002
{
1070
     2
1000
-2000051
1002
}
1002
{
1070
     3
1000
22985857
1002
}
  0
LINE
  5
3B2
330
70
100
AcDbEntity
  8
A-ALV-___-___-EXI
100
AcDbLine
 10
-8681.625587722804
 20
25939.51570211956
 30
0.0
 11
-8684.21758227314
 21
25936.96585382208
 31
0.0
1001
REVIT
1002
{
1070
     1
1000
22995619
1002
}
1002
{
1070
     2
1000
-2000051
1002
}
1002
{
1070
     3
1000
22985857
1002
}
  0
LINE
  5
3B3
330
70
100
AcDbEntity
  8
A-ALV-___-___-EXI
100
AcDbLine
 10
-6448.216714209779
 20
28276.69436489825
 30
0.0
 11
-6449.763444445932
 21
28275.13317923934
 31
0.0
1001
REVIT
1002
{
1070
     1
1000
22995620
1002
}
1002
{
1070
     2
1000
-2000051
1002
}
1002
{
1070
     3
1000
22985857
1002
}
  0
LINE
  5
3B4
330
70
100
AcDbEntity
  8
A-ALV-___-___-EXI
100
AcDbLine
 10
-6696.638415095875
 20
28025.95096587303
 30
0.0
 11
-6700.565974469435
 21
28021.9867003371
 31
0.0
1001
REVIT
1002
{
1070
     1
1000
22995620
1002
}
1002
{
1070
     2
1000
-2000051
1002
}
1002
{
1070
     3
1000
22985857
1002
}
  0
LINE
  5
3B5
330
70
100
AcDbEntity
  8
A-ALV-___-___-EXI
100
AcDbLine
 10
-8783.036972686964
 20
25939.51570211955
 30
0.0
 11
-8786.564344983595
 21
25935.98832982292
 31
0.0
1001
REVIT
1002
{
1070
     1
1000
22995621
1002
}
1002
{
1070
     2
1000
-2000051
1002
}
1002
{
1070
     3
1000
22985857
1002
}
  0
LINE
  5
3B6
330
70
100
AcDbEntity
  8
A-ALV-___-___-EXI
100
AcDbLine
 10
-6697.030918562586
 20
28129.2578783105
 30
0.0
 11
-6700.565974469435
 21
28125.75648960276
 31
0.0
1001
REVIT
1002
{
1070
     1
1000
22995622
1002
}
1002
{
1070
     2
1000
-2000051
1002
}
1002
{
1070
     3
1000
22985857
1002
}
  0
LINE
  5
3B7
330
70
100
AcDbEntity
  8
A-ALV-___-___-EXI
100
AcDbLine
 10
-8886.806761952618
 20
25939.51570211955
 30
0.0
 11
-8891.29435308161
 21
25934.98804321262
 31
0.0
1001
REVIT
1002
{
1070
     1
1000
22995623
1002
}
1002
{
1070
     2
1000
-2000051
1002
}
1002
{
1070
     3
1000
22985857
1002
}
  0
LINE
  5
3B8
330
70
100
AcDbEntity
  8
A-ALV-___-___-EXI
100
AcDbLine
 10
-6452.933522812767
 20
28467.72511331911
 30
0.0
 11
-6454.468374999556
 21
28466.19026113232
 31
0.0
1001
REVIT
1002
{
1070
     1
1000
22995624
1002
}
1002
{
1070
     2
1000
-2000051
1002
}
1002
{
1070
     3
1000
22985857
1002
}
  0
LINE
  5
3B9
330
70
100
AcDbEntity
  8
A-ALV-___-___-EXI
100
AcDbLine
 10
-6697.388109475756
 20
28223.27052665612
 30
0.0
 11
-6700.565974469435
 21
28220.09266166244
 31
0.0
1001
REVIT
1002
{
1070
     1
1000
22995624
1002
}
1002
{
1070
     2
1000
-2000051
1002
}
1002
{
1070
     3
1000
22985857
1002
}
  0
LINE
  5
3BA
330
70
100
AcDbEntity
  8
A-ALV-___-___-EXI
100
AcDbLine
 10
-6452.933522812767
 20
28564.41968968029
 30
0.0
 11
-6456.794977301742
 21
28560.66856246243
 31
0.0
1001
REVIT
1002
{
1070
     1
1000
22995626
1002
}
1002
{
1070
     2
1000
-2000051
1002
}
1002
{
1070
     3
1000
22985857
1002
}
  0
LINE
  5
3BB
330
70
100
AcDbEntity
  8
A-ALV-___-___-EXI
100
AcDbLine
 10
-6697.78057808481
 20
28326.56826455887
 30
0.0
 11
-6700.565974469438
 21
28323.86245092809
 31
0.0
1001
REVIT
1002
{
1070
     1
1000
22995626
1002
}
1002
{
1070
     2
1000
-2000051
1002
}
1002
{
1070
     3
1000
22985857
1002
}
  0
LINE
  5
3BC
330
70
100
AcDbEntity
  8
A-ALV-___-___-EXI
100
AcDbLine
 10
-6698.173649137115
 20
28430.02456552606
 30
0.0
 11
-6700.565974469435
 21
28427.63224019374
 31
0.0
1001
REVIT
1002
{
1070
     1
1000
22995628
1002
}
1002
{
1070
     2
1000
-2000051
1002
}
1002
{
1070
     3
1000
22985857
1002
}
  0
LINE
  5
3BD
330
70
100
AcDbEntity
  8
A-ALV-___-___-EXI
100
AcDbLine
 10
-6460.008735717242
 20
28764.88405530712
 30
0.0
 11
-6461.779900125525
 21
28763.09552654189
 31
0.0
1001
REVIT
1002
{
1070
     1
1000
22995629
1002
}
1002
{
1070
     2
1000
-2000051
1002
}
1002
{
1070
     3
1000
22985857
1002
}
  0
LINE
  5
3BE
330
70
100
AcDbEntity
  8
A-ALV-___-___-EXI
100
AcDbLine
 10
-6698.530788141155
 20
28524.02355138885
 30
0.0
 11
-6700.565974469435
 21
28521.96841225343
 31
0.0
1001
REVIT
1002
{
1070
     1
1000
22995629
1002
}
1002
{
1070
     2
1000
-2000051
1002
}
1002
{
1070
     3
1000
22985857
1002
}
  0
LINE
  5
3BF
330
70
100
AcDbEntity
  8
A-ALV-___-___-EXI
100
AcDbLine
 10
-6698.923482450233
 20
28627.38069353829
 30
0.0
 11
-6700.565974469438
 21
28625.73820151908
 31
0.0
1001
REVIT
1002
{
1070
     1
1000
22995630
1002
}
1002
{
1070
     2
1000
-2000051
1002
}
1002
{
1070
     3
1000
22985857
1002
}
  0
LINE
  5
3C0
330
70
100
AcDbEntity
  8
A-ALV-___-___-EXI
100
AcDbLine
 10
-6464.725544320228
 20
28962.99001663246
 30
0.0
 11
-6466.654018789327
 21
28961.02297267398
 31
0.0
1001
REVIT
1002
{
1070
     1
1000
22995631
1002
}
1002
{
1070
     2
1000
-2000051
1002
}
1002
{
1070
     3
1000
22985857
1002
}
  0
LINE
  5
3C1
330
70
100
AcDbEntity
  8
A-ALV-___-___-EXI
100
AcDbLine
 10
-6699.289569143903
 20
28723.73471131231
 30
0.0
 11
-6700.565974469438
 21
28722.43277788026
 31
0.0
1001
REVIT
1002
{
1070
     1
1000
22995631
1002
}
1002
{
1070
     2
1000
-2000051
1002
}
1002
{
1070
     3
1000
22985857
1002
}
  0
LINE
  5
3C2
330
70
100
AcDbEntity
  8
A-ALV-___-___-EXI
100
AcDbLine
 10
-6464.725544320228
 20
29059.68459299363
 30
0.0
 11
-6468.978896469995
 21
29055.43124084387
 31
0.0
1001
REVIT
1002
{
1070
     1
1000
22995632
1002
}
1002
{
1070
     2
1000
-2000051
1002
}
1002
{
1070
     3
1000
22985857
1002
}
  0
LINE
  5
3C3
330
70
100
AcDbEntity
  8
A-ALV-___-___-EXI
100
AcDbLine
 10
-6471.800757224703
 20
29253.07374571599
 30
0.0
 11
-6473.796843051982
 21
29251.07765988871
 31
0.0
1001
REVIT
1002
{
1070
     1
1000
22995634
1002
}
1002
{
1070
     2
1000
-2000051
1002
}
1002
{
1070
     3
1000
22985857
1002
}
  0
LINE
  5
3C4
330
70
100
AcDbEntity
  8
A-ALV-___-___-EXI
100
AcDbLine
 10
-6568.495333585881
 20
29368.6355564891
 30
0.0
 11
-6574.618940637808
 21
29362.3684273969
 31
0.0
1001
REVIT
1002
{
1070
     1
1000
22995636
1002
}
1002
{
1070
     2
1000
-2000051
1002
}
1002
{
1070
     3
1000
22985857
1002
}
  0
LINE
  5
3C5
330
70
100
AcDbEntity
  8
A-ALV-___-___-EXI
100
AcDbLine
 10
-6665.189909947057
 20
29368.6355564891
 30
0.0
 11
-6670.541475519498
 21
29363.15856359856
 31
0.0
1001
REVIT
1002
{
1070
     1
1000
22995637
1002
}
1002
{
1070
     2
1000
-2000051
1002
}
1002
{
1070
     3
1000
22985857
1002
}
  0
LINE
  5
3C6
330
70
100
AcDbEntity
  8
A-ALV-___-___-EXI
100
AcDbLine
 10
-6766.601294911218
 20
29368.6355564891
 30
0.0
 11
-6771.1431584442
 21
29363.98724302957
 31
0.0
1001
REVIT
1002
{
1070
     1
1000
22995638
1002
}
1002
{
1070
     2
1000
-2000051
1002
}
1002
{
1070
     3
1000
22985857
1002
}
  0
LINE
  5
3C7
330
70
100
AcDbEntity
  8
A-ALV-___-___-EXI
100
AcDbLine
 10
-6863.295871272396
 20
29368.6355564891
 30
0.0
 11
-6867.153326674024
 21
29364.77810108747
 31
0.0
1001
REVIT
1002
{
1070
     1
1000
22995639
1002
}
1002
{
1070
     2
1000
-2000051
1002
}
1002
{
1070
     3
1000
22985857
1002
}
  0
LINE
  5
3C8
330
70
100
AcDbEntity
  8
A-ALV-___-___-EXI
100
AcDbLine
 10
-6967.065660538048
 20
29368.6355564891
 30
0.0
 11
-6970.052535296126
 21
29365.62570577134
 31
0.0
1001
REVIT
1002
{
1070
     1
1000
22995640
1002
}
1002
{
1070
     2
1000
-2000051
1002
}
1002
{
1070
     3
1000
22985857
1002
}
  0
LINE
  5
3C9
330
70
100
AcDbEntity
  8
A-ALV-___-___-EXI
100
AcDbLine
 10
-7063.760236899226
 20
29368.6355564891
 30
0.0
 11
-7065.963104838605
 21
29366.41574341173
 31
0.0
1001
REVIT
1002
{
1070
     1
1000
22995641
1002
}
1002
{
1070
     2
1000
-2000051
1002
}
1002
{
1070
     3
1000
22985857
1002
}
  0
LINE
  5
3CA
330
70
100
AcDbEntity
  8
A-ALV-___-___-EXI
100
AcDbLine
 10
-7165.171621863386
 20
29368.6355564891
 30
0.0
 11
-7166.562772113127
 21
29367.24440623935
 31
0.0
1001
REVIT
1002
{
1070
     1
1000
22995642
1002
}
1002
{
1070
     2
1000
-2000051
1002
}
1002
{
1070
     3
1000
22985857
1002
}
  0
LINE
  5
3CB
330
70
100
AcDbEntity
  8
A-ALV-___-___-EXI
100
AcDbLine
 10
-7563.741948815554
 20
29373.35236509208
 30
0.0
 11
-7566.555078129429
 21
29370.5392357782
 31
0.0
1001
REVIT
1002
{
1070
     1
1000
22995646
1002
}
1002
{
1070
     2
1000
-2000051
1002
}
1002
{
1070
     3
1000
22985857
1002
}
  0
LINE
  5
3CC
330
70
100
AcDbEntity
  8
A-ALV-___-___-EXI
100
AcDbLine
 10
-7667.511738081207
 20
29373.35236509208
 30
0.0
 11
-7669.477074999121
 21
29371.38702817417
 31
0.0
1001
REVIT
1002
{
1070
     1
1000
22995647
1002
}
1002
{
1070
     2
1000
-2000051
1002
}
1002
{
1070
     3
1000
22985857
1002
}
  0
LINE
  5
3CD
330
70
100
AcDbEntity
  8
A-JAN-___-___-EXI
100
AcDbLine
 10
-7913.620297727682
 20
29127.24380544561
 30
0.0
 11
-7915.144189737877
 21
29125.71991343541
 31
0.0
1001
REVIT
1002
{
1070
     1
1000
22995647
1002
}
1002
{
1070
     2
1000
-2000051
1002
}
1002
{
1070
     3
1000
22985857
1002
}
  0
LINE
  5
3CE
330
70
100
AcDbEntity
  8
A-JAN-___-___-EXI
100
AcDbLine
 10
-7911.227068268748
 20
29233.34364479165
 30
0.0
 11
-7915.144189737877
 21
29229.48970270106
 31
0.0
1001
REVIT
1002
{
1070
     1
1000
22995648
1002
}
1002
{
1070
     2
1000
-2000051
1002
}
1002
{
1070
     3
1000
22985857
1002
}
  0
LINE
  5
3CF
330
70
100
AcDbEntity
  8
A-ALV-___-___-EXI
100
AcDbLine
 10
-14059.7463067639
 20
26808.80797773107
 30
0.0
 11
-14061.14579942632
 21
26807.40848506864
 31
0.0
1001
REVIT
1002
{
1070
     1
1000
22995650
1002
}
1002
{
1070
     2
1000
-2000051
1002
}
1002
{
1070
     3
1000
22985857
1002
}
  0
LINE
  5
3D0
330
70
100
AcDbEntity
  8
A-ALV-___-___-EXI
100
AcDbLine
 10
-14154.92351724071
 20
26810.40312651
 30
0.0
 11
-14157.84037578749
 21
26807.40848506864
 31
0.0
1001
REVIT
1002
{
1070
     1
1000
22995651
1002
}
1002
{
1070
     2
1000
-2000051
1002
}
1002
{
1070
     3
1000
22985857
1002
}
  0
LINE
  5
3D1
330
70
100
AcDbEntity
  8
A-ALV-___-___-EXI
100
AcDbLine
 10
-14399.9136889396
 20
26874.11595770269
 30
0.0
 11
-14405.47282744416
 21
26868.72699690743
 31
0.0
1001
REVIT
1002
{
1070
     1
1000
22995654
1002
}
1002
{
1070
     2
1000
-2000051
1002
}
1002
{
1070
     3
1000
22985857
1002
}
  0
LINE
  5
3D2
330
70
100
AcDbEntity
  8
A-ALV-___-___-EXI
100
AcDbLine
 10
-14402.48659965276
 20
26975.31711242052
 30
0.0
 11
-14405.47282744416
 21
26972.49678617308
 31
0.0
1001
REVIT
1002
{
1070
     1
1000
22995655
1002
}
1002
{
1070
     2
1000
-2000051
1002
}
1002
{
1070
     3
1000
22985857
1002
}
  0
LINE
  5
3D3
330
70
100
AcDbEntity
  8
A-ALV-___-___-EXI
100
AcDbLine
 10
-6178.112774283711
 20
10606.74444281533
 30
0.0
 11
-6181.717028141116
 21
10602.81252951635
 31
0.0
1001
REVIT
1002
{
1070
     1
1000
22995657
1002
}
1002
{
1070
     2
1000
-2000051
1002
}
1002
{
1070
     3
1000
22985857
1002
}
  0
LINE
  5
3D4
330
70
100
AcDbEntity
  8
A-ALV-___-___-EXI
100
AcDbLine
 10
-6499.148534259963
 20
10594.33198689296
 30
0.0
 11
-6502.460013144042
 21
10591.02050800888
 31
0.0
1001
REVIT
1002
{
1070
     1
1000
22995660
1002
}
1002
{
1070
     2
1000
-2000051
1002
}
1002
{
1070
     3
1000
22985857
1002
}
  0
LINE
  5
3D5
330
70
100
AcDbEntity
  8
A-ALV-___-___-EXI
100
AcDbLine
 10
-6399.132687185855
 20
10893.53208133586
 30
0.0
 11
-6404.723419323629
 21
10887.96454725675
 31
0.0
1001
REVIT
1002
{
1070
     1
1000
22995662
1002
}
1002
{
1070
     2
1000
-2000051
1002
}
1002
{
1070
     3
1000
22985857
1002
}
  0
LINE
  5
3D6
330
70
100
AcDbEntity
  8
A-ALV-___-___-EXI
100
AcDbLine
 10
-6406.973322229172
 20
10988.38294951475
 30
0.0
 11
-6429.349479797787
 21
10966.00679194613
 31
0.0
1001
REVIT
1002
{
1070
     1
1000
22995663
1002
}
1002
{
1070
     2
1000
-2000051
1002
}
1002
{
1070
     3
1000
22985857
1002
}
  0
LINE
  5
3D7
330
70
100
AcDbEntity
  8
A-ALV-___-___-EXI
100
AcDbLine
 10
-6495.384800239566
 20
10899.97147150435
 30
0.0
 11
-6511.18385066968
 21
10884.17242107424
 31
0.0
1001
REVIT
1002
{
1070
     1
1000
22995664
1002
}
1002
{
1070
     2
1000
-2000051
1002
}
1002
{
1070
     3
1000
22985857
1002
}
  0
LINE
  5
3D8
330
70
100
AcDbEntity
  8
A-ALV-___-___-EXI
100
AcDbLine
 10
-6813.165362336116
 20
10582.1909094078
 30
0.0
 11
-6816.127785242493
 21
10579.22848650142
 31
0.0
1001
REVIT
1002
{
1070
     1
1000
22995664
1002
}
1002
{
1070
     2
1000
-2000051
1002
}
1002
{
1070
     3
1000
22985857
1002
}
  0
LINE
  5
3D9
330
70
100
AcDbEntity
  8
A-ALV-___-___-EXI
100
AcDbLine
 10
-6414.227800902944
 20
11076.14288178948
 30
0.0
 11
-6434.066288400771
 21
11055.62615540283
 31
0.0
1001
REVIT
1002
{
1070
     1
1000
22995665
1002
}
1002
{
1070
     2
1000
-2000051
1002
}
1002
{
1070
     3
1000
22985857
1002
}
  0
LINE
  5
3DA
330
70
100
AcDbEntity
  8
A-ALV-___-___-EXI
100
AcDbLine
 10
-6603.871398108205
 20
10892.89625859987
 30
0.0
 11
-6616.340936583272
 21
10880.42672012481
 31
0.0
1001
REVIT
1002
{
1070
     1
1000
22995666
1002
}
1002
{
1070
     2
1000
-2000051
1002
}
1002
{
1070
     3
1000
22985857
1002
}
  0
LINE
  5
3DB
330
70
100
AcDbEntity
  8
A-ALV-___-___-EXI
100
AcDbLine
 10
-6422.135872598184
 20
11171.80955442125
 30
0.0
 11
-6441.141501305249
 21
11152.32073176401
 31
0.0
1001
REVIT
1002
{
1070
     1
1000
22995667
1002
}
1002
{
1070
     2
1000
-2000051
1002
}
1002
{
1070
     3
1000
22985857
1002
}
  0
LINE
  5
3DC
330
70
100
AcDbEntity
  8
A-ALV-___-___-EXI
100
AcDbLine
 10
-6707.641187373856
 20
10888.17944999689
 30
0.0
 11
-6719.052508870965
 21
10876.76812849978
 31
0.0
1001
REVIT
1002
{
1070
     1
1000
22995668
1002
}
1002
{
1070
     2
1000
-2000051
1002
}
1002
{
1070
     3
1000
22985857
1002
}
  0
LINE
  5
3DD
330
70
100
AcDbEntity
  8
A-ALV-___-___-EXI
100
AcDbLine
 10
-6430.021943727003
 20
11267.21007860791
 30
0.0
 11
-6452.93352281271
 21
11244.2984995222
 31
0.0
1001
REVIT
1002
{
1070
     1
1000
22995669
1002
}
1002
{
1070
     2
1000
-2000051
1002
}
1002
{
1070
     3
1000
22985857
1002
}
  0
LINE
  5
3DE
330
70
100
AcDbEntity
  8
A-ALV-___-___-EXI
100
AcDbLine
 10
-6809.052572338017
 20
10888.17944999689
 30
0.0
 11
-6824.20959478455
 21
10873.02242755036
 31
0.0
1001
REVIT
1002
{
1070
     1
1000
22995670
1002
}
1002
{
1070
     2
1000
-2000051
1002
}
1002
{
1070
     3
1000
22985857
1002
}
  0
LINE
  5
3DF
330
70
100
AcDbEntity
  8
A-ALV-___-___-EXI
100
AcDbLine
 10
-7127.182190412272
 20
10570.04983192263
 30
0.0
 11
-7129.795557340944
 21
10567.43646499396
 31
0.0
1001
REVIT
1002
{
1070
     1
1000
22995670
1002
}
1002
{
1070
     2
1000
-2000051
1002
}
1002
{
1070
     3
1000
22985857
1002
}
  0
LINE
  5
3E0
330
70
100
AcDbEntity
  8
A-ALV-___-___-EXI
100
AcDbLine
 10
-6437.930976236535
 20
11362.88837454187
 30
0.0
 11
-6460.008735717187
 21
11340.99307588338
 31
0.0
1001
REVIT
1002
{
1070
     1
1000
22995671
1002
}
1002
{
1070
     2
1000
-2000051
1002
}
1002
{
1070
     3
1000
22985857
1002
}
  0
LINE
  5
3E1
330
70
100
AcDbEntity
  8
A-ALV-___-___-EXI
100
AcDbLine
 10
-6917.539170206653
 20
10881.10423709241
 30
0.0
 11
-6929.366680698137
 21
10869.27672660093
 31
0.0
1001
REVIT
1002
{
1070
     1
1000
22995672
1002
}
1002
{
1070
     2
1000
-2000051
1002
}
1002
{
1070
     3
1000
22985857
1002
}
  0
LINE
  5
3E2
330
70
100
AcDbEntity
  8
A-ALV-___-___-EXI
100
AcDbLine
 10
-6445.147601584945
 20
11450.1903820753
 30
0.0
 11
-6464.725544320171
 21
11430.61243934008
 31
0.0
1001
REVIT
1002
{
1070
     1
1000
22995673
1002
}
1002
{
1070
     2
1000
-2000051
1002
}
1002
{
1070
     3
1000
22985857
1002
}
  0
LINE
  5
3E3
330
70
100
AcDbEntity
  8
A-ALV-___-___-EXI
100
AcDbLine
 10
-7021.308959472307
 20
10876.38742848943
 30
0.0
 11
-7031.994939644636
 21
10865.62110260152
 31
0.0
1001
REVIT
1002
{
1070
     1
1000
22995674
1002
}
1002
{
1070
     2
1000
-2000051
1002
}
1002
{
1070
     3
1000
22985857
1002
}
  0
LINE
  5
3E4
330
70
100
AcDbEntity
  8
A-ALV-___-___-EXI
100
AcDbLine
 10
-7333.269089635938
 20
10562.08173343734
 30
0.0
 11
-7334.976731570757
 21
10560.36125208948
 31
0.0
1001
REVIT
1002
{
1070
     1
1000
22995674
1002
}
1002
{
1070
     2
1000
-2000051
1002
}
1002
{
1070
     3
1000
22985857
1002
}
  0
LINE
  5
3E5
330
70
100
AcDbEntity
  8
A-ALV-___-___-EXI
100
AcDbLine
 10
-6453.070565224826
 20
11546.03720770107
 30
0.0
 11
-6471.800757224646
 21
11527.30701570125
 31
0.0
1001
REVIT
1002
{
1070
     1
1000
22995675
1002
}
1002
{
1070
     2
1000
-2000051
1002
}
1002
{
1070
     3
1000
22985857
1002
}
  0
LINE
  5
3E6
330
70
100
AcDbEntity
  8
A-ALV-___-___-EXI
100
AcDbLine
 10
-7122.720344436469
 20
10876.38742848943
 30
0.0
 11
-7137.235338899419
 21
10861.87243402647
 31
0.0
1001
REVIT
1002
{
1070
     1
1000
22995676
1002
}
1002
{
1070
     2
1000
-2000051
1002
}
1002
{
1070
     3
1000
22985857
1002
}
  0
LINE
  5
3E7
330
70
100
AcDbEntity
  8
A-ALV-___-___-EXI
100
AcDbLine
 10
-7441.19901848841
 20
10557.90875443748
 30
0.0
 11
-7443.463329439395
 21
10555.6444434865
 31
0.0
1001
REVIT
1002
{
1070
     1
1000
22995676
1002
}
1002
{
1070
     2
1000
-2000051
1002
}
1002
{
1070
     3
1000
22985857
1002
}
  0
LINE
  5
3E8
330
70
100
AcDbEntity
  8
A-ALV-___-___-EXI
100
AcDbLine
 10
-6460.315551602916
 20
11633.6823083989
 30
0.0
 11
-6476.517565827632
 21
11616.92637915795
 31
0.0
1001
REVIT
1002
{
1070
     1
1000
22995677
1002
}
1002
{
1070
     2
1000
-2000051
1002
}
1002
{
1070
     3
1000
22985857
1002
}
  0
LINE
  5
3E9
330
70
100
AcDbEntity
  8
A-ALV-___-___-EXI
100
AcDbLine
 10
-7231.206942305106
 20
10869.31221558496
 30
0.0
 11
-7242.479656754049
 21
10858.12362587071
 31
0.0
1001
REVIT
1002
{
1070
     1
1000
22995678
1002
}
1002
{
1070
     2
1000
-2000051
1002
}
1002
{
1070
     3
1000
22985857
1002
}
  0
LINE
  5
3EA
330
70
100
AcDbEntity
  8
A-ALV-___-___-EXI
100
AcDbLine
 10
-6468.226051990045
 20
11729.37836175464
 30
0.0
 11
-6483.592778732108
 21
11713.62095551913
 31
0.0
1001
REVIT
1002
{
1070
     1
1000
22995679
1002
}
1002
{
1070
     2
1000
-2000051
1002
}
1002
{
1070
     3
1000
22985857
1002
}
  0
LINE
  5
3EB
330
70
100
AcDbEntity
  8
A-ALV-___-___-EXI
100
AcDbLine
 10
-7334.976731570757
 20
10862.23700268047
 30
0.0
 11
-7342.838305836187
 21
10854.54884549443
 31
0.0
1001
REVIT
1002
{
1070
     1
1000
22995680
1002
}
1002
{
1070
     2
1000
-2000051
1002
}
1002
{
1070
     3
1000
22985857
1002
}
  0
LINE
  5
3EC
330
70
100
AcDbEntity
  8
A-ALV-___-___-EXI
100
AcDbLine
 10
-6476.45523313307
 20
11828.9296062017
 30
0.0
 11
-6495.384800239569
 21
11810.31553188031
 31
0.0
1001
REVIT
1002
{
1070
     1
1000
22995681
1002
}
1002
{
1070
     2
1000
-2000051
1002
}
1002
{
1070
     3
1000
22985857
1002
}
  0
LINE
  5
3ED
330
70
100
AcDbEntity
  8
A-ALV-___-___-EXI
100
AcDbLine
 10
-7436.388116534918
 20
10862.23700268047
 30
0.0
 11
-7447.903367734828
 21
10850.80642244527
 31
0.0
1001
REVIT
1002
{
1070
     1
1000
22995682
1002
}
1002
{
1070
     2
1000
-2000051
1002
}
1002
{
1070
     3
1000
22985857
1002
}
  0
LINE
  5
3EE
330
70
100
AcDbEntity
  8
A-ALV-___-___-EXI
100
AcDbLine
 10
-7755.201084505869
 20
10545.76824770931
 30
0.0
 11
-7757.131101537845
 21
10543.85242197904
 31
0.0
1001
REVIT
1002
{
1070
     1
1000
22995682
1002
}
1002
{
1070
     2
1000
-2000051
1002
}
1002
{
1070
     3
1000
22985857
1002
}
  0
LINE
  5
3EF
330
70
100
AcDbEntity
  8
A-ALV-___-___-EXI
100
AcDbLine
 10
-6484.030521299662
 20
11920.57048163293
 30
0.0
 11
-6502.460013144046
 21
11902.2932996385
 31
0.0
1001
REVIT
1002
{
1070
     1
1000
22995683
1002
}
1002
{
1070
     2
1000
-2000051
1002
}
1002
{
1070
     3
1000
22985857
1002
}
  0
LINE
  5
3F0
330
70
100
AcDbEntity
  8
A-ALV-___-___-EXI
100
AcDbLine
 10
-7547.233118705048
 20
10857.52019407749
 30
0.0
 11
-7557.863682553776
 21
10846.88963022876
 31
0.0
1001
REVIT
1002
{
1070
     1
1000
22995684
1002
}
1002
{
1070
     2
1000
-2000051
1002
}
1002
{
1070
     3
1000
22985857
1002
}
  0
LINE
  5
3F1
330
70
100
AcDbEntity
  8
A-ALV-___-___-EXI
100
AcDbLine
 10
-6491.765435310613
 20
12014.14240599549
 30
0.0
 11
-6507.17682174703
 21
11998.98787599968
 31
0.0
1001
REVIT
1002
{
1070
     1
1000
22995685
1002
}
1002
{
1070
     2
1000
-2000051
1002
}
1002
{
1070
     3
1000
22985857
1002
}
  0
LINE
  5
3F2
330
70
100
AcDbEntity
  8
A-ALV-___-___-EXI
100
AcDbLine
 10
-7648.644503669209
 20
10850.44498117302
 30
0.0
 11
-7655.849020698688
 21
10843.39938731331
 31
0.0
1001
REVIT
1002
{
1070
     1
1000
22995686
1002
}
1002
{
1070
     2
1000
-2000051
1002
}
1002
{
1070
     3
1000
22985857
1002
}
  0
LINE
  5
3F3
330
70
100
AcDbEntity
  8
A-ALV-___-___-EXI
100
AcDbLine
 10
-6228.885114170962
 20
12371.61575563543
 30
0.0
 11
-6230.227187325351
 21
12370.28477399471
 31
0.0
1001
REVIT
1002
{
1070
     1
1000
22995687
1002
}
1002
{
1070
     2
1000
-2000051
1002
}
1002
{
1070
     3
1000
22985857
1002
}
  0
LINE
  5
3F4
330
70
100
AcDbEntity
  8
A-ALV-___-___-EXI
100
AcDbLine
 10
-6499.158284020002
 20
12103.57624834712
 30
0.0
 11
-6514.252034651507
 21
12088.60723945638
 31
0.0
1001
REVIT
1002
{
1070
     1
1000
22995687
1002
}
1002
{
1070
     2
1000
-2000051
1002
}
1002
{
1070
     3
1000
22985857
1002
}
  0
LINE
  5
3F5
330
70
100
AcDbEntity
  8
A-ALV-___-___-EXI
100
AcDbLine
 10
-7757.131101537847
 20
10850.44498117302
 30
0.0
 11
-7768.008246856981
 21
10839.40426975886
 31
0.0
1001
REVIT
1002
{
1070
     1
1000
22995688
1002
}
1002
{
1070
     2
1000
-2000051
1002
}
1002
{
1070
     3
1000
22985857
1002
}
  0
LINE
  5
3F6
330
70
100
AcDbEntity
  8
A-ALV-___-___-EXI
100
AcDbLine
 10
-8069.256796410726
 20
10533.62566682836
 30
0.0
 11
-8070.798873636297
 21
10532.06040047158
 31
0.0
1001
REVIT
1002
{
1070
     1
1000
22995688
1002
}
1002
{
1070
     2
1000
-2000051
1002
}
1002
{
1070
     3
1000
22985857
1002
}
  0
LINE
  5
3F7
330
70
100
AcDbEntity
  8
A-ALV-___-___-EXI
100
AcDbLine
 10
-6506.918568221
 20
12197.45508465475
 30
0.0
 11
-6518.968843254491
 21
12185.30181581755
 31
0.0
1001
REVIT
1002
{
1070
     1
1000
22995689
1002
}
1002
{
1070
     2
1000
-2000051
1002
}
1002
{
1070
     3
1000
22985857
1002
}
  0
LINE
  5
3F8
330
70
100
AcDbEntity
  8
A-ALV-___-___-EXI
100
AcDbLine
 10
-7860.900890803499
 20
10845.72817257003
 30
0.0
 11
-7870.661139076489
 21
10835.74776832096
 31
0.0
1001
REVIT
1002
{
1070
     1
1000
22995690
1002
}
1002
{
1070
     2
1000
-2000051
1002
}
1002
{
1070
     3
1000
22985857
1002
}
  0
LINE
  5
3F9
330
70
100
AcDbEntity
  8
A-ALV-___-___-EXI
100
AcDbLine
 10
-8169.925143481313
 20
10529.7334480273
 30
0.0
 11
-8174.568662901949
 21
10524.9851875671
 31
0.0
1001
REVIT
1002
{
1070
     1
1000
22995690
1002
}
1002
{
1070
     2
1000
-2000051
1002
}
1002
{
1070
     3
1000
22985857
1002
}
  0
LINE
  5
3FA
330
70
100
AcDbEntity
  8
A-ALV-___-___-EXI
100
AcDbLine
 10
-6514.488487387969
 20
12289.03100944456
 30
0.0
 11
-6526.044056158969
 21
12277.27958357574
 31
0.0
1001
REVIT
1002
{
1070
     1
1000
22995691
1002
}
1002
{
1070
     2
1000
-2000051
1002
}
1002
{
1070
     3
1000
22985857
1002
}
  0
LINE
  5
3FB
330
70
100
AcDbEntity
  8
A-ALV-___-___-EXI
100
AcDbLine
 10
-7962.312275767661
 20
10838.65295966555
 30
0.0
 11
-7968.859735561178
 21
10832.24992913218
 31
0.0
1001
REVIT
1002
{
1070
     1
1000
22995692
1002
}
1002
{
1070
     2
1000
-2000051
1002
}
1002
{
1070
     3
1000
22985857
1002
}
  0
LINE
  5
3FC
330
70
100
AcDbEntity
  8
A-ALV-___-___-EXI
100
AcDbLine
 10
-6522.557121613508
 20
12386.6400624208
 30
0.0
 11
-6537.83607766643
 21
12371.61575563543
 31
0.0
1001
REVIT
1002
{
1070
     1
1000
22995693
1002
}
1002
{
1070
     2
1000
-2000051
1002
}
1002
{
1070
     3
1000
22985857
1002
}
  0
LINE
  5
3FD
330
70
100
AcDbEntity
  8
A-ALV-___-___-EXI
100
AcDbLine
 10
-8070.798873636297
 20
10838.65295966555
 30
0.0
 11
-8081.043848418481
 21
10828.25392511221
 31
0.0
1001
REVIT
1002
{
1070
     1
1000
22995694
1002
}
1002
{
1070
     2
1000
-2000051
1002
}
1002
{
1070
     3
1000
22985857
1002
}
  0
LINE
  5
3FE
330
70
100
AcDbEntity
  8
A-ALV-___-___-EXI
100
AcDbLine
 10
-8383.268248510997
 20
10521.48479719875
 30
0.0
 11
-8384.466645734747
 21
10520.26837896411
 31
0.0
1001
REVIT
1002
{
1070
     1
1000
22995694
1002
}
1002
{
1070
     2
1000
-2000051
1002
}
1002
{
1070
     3
1000
22985857
1002
}
  0
LINE
  5
3FF
330
70
100
AcDbEntity
  8
A-ALV-___-___-EXI
100
AcDbLine
 10
-6530.130066362787
 20
12478.25258872399
 30
0.0
 11
-6544.911290570905
 21
12463.59352339363
 31
0.0
1001
REVIT
1002
{
1070
     1
1000
22995695
1002
}
1002
{
1070
     2
1000
-2000051
1002
}
1002
{
1070
     3
1000
22985857
1002
}
  0
LINE
  5
400
330
70
100
AcDbEntity
  8
A-ALV-___-___-EXI
100
AcDbLine
 10
-8174.56866290195
 20
10833.93615106257
 30
0.0
 11
-8183.843927428291
 21
10824.59218087307
 31
0.0
1001
REVIT
1002
{
1070
     1
1000
22995696
1002
}
1002
{
1070
     2
1000
-2000051
1002
}
1002
{
1070
     3
1000
22985857
1002
}
  0
LINE
  5
401
330
70
100
AcDbEntity
  8
A-ALV-___-___-EXI
100
AcDbLine
 10
-8488.771750658198
 20
10517.40563302664
 30
0.0
 11
-8492.953243603384
 21
10513.19316605964
 31
0.0
1001
REVIT
1002
{
1070
     1
1000
22995696
1002
}
1002
{
1070
     2
1000
-2000051
1002
}
1002
{
1070
     3
1000
22985857
1002
}
  0
LINE
  5
402
330
70
100
AcDbEntity
  8
A-ALV-___-___-EXI
100
AcDbLine
 10
-6537.867323791051
 20
12571.85286221459
 30
0.0
 11
-6549.62809917389
 21
12560.2880997548
 31
0.0
1001
REVIT
1002
{
1070
     1
1000
22995697
1002
}
1002
{
1070
     2
1000
-2000051
1002
}
1002
{
1070
     3
1000
22985857
1002
}
  0
LINE
  5
403
330
70
100
AcDbEntity
  8
A-ALV-___-___-EXI
100
AcDbLine
 10
-8275.980047866111
 20
10826.86093815809
 30
0.0
 11
-8281.870450423669
 21
10821.10047095107
 31
0.0
1001
REVIT
1002
{
1070
     1
1000
22995698
1002
}
1002
{
1070
     2
1000
-2000051
1002
}
1002
{
1070
     3
1000
22985857
1002
}
  0
LINE
  5
404
330
70
100
AcDbEntity
  8
A-ALV-___-___-EXI
100
AcDbLine
 10
-6545.287211420682
 20
12661.61380371642
 30
0.0
 11
-6556.703312078368
 21
12649.9074632115
 31
0.0
1001
REVIT
1002
{
1070
     1
1000
22995699
1002
}
1002
{
1070
     2
1000
-2000051
1002
}
1002
{
1070
     3
1000
22985857
1002
}
  0
LINE
  5
405
330
70
100
AcDbEntity
  8
A-ALV-___-___-EXI
100
AcDbLine
 10
-8384.466645734748
 20
10826.86093815809
 30
0.0
 11
-8394.006216559702
 21
10817.10618904385
 31
0.0
1001
REVIT
1002
{
1070
     1
1000
22995700
1002
}
1002
{
1070
     2
1000
-2000051
1002
}
1002
{
1070
     3
1000
22985857
1002
}
  0
LINE
  5
406
330
70
100
AcDbEntity
  8
A-ALV-___-___-EXI
100
AcDbLine
 10
-8694.889218327514
 20
10509.4363526497
 30
0.0
 11
-8698.134417833198
 21
10506.11795315516
 31
0.0
1001
REVIT
1002
{
1070
     1
1000
22995700
1002
}
1002
{
1070
     2
1000
-2000051
1002
}
1002
{
1070
     3
1000
22985857
1002
}
  0
LINE
  5
407
330
70
100
AcDbEntity
  8
A-ALV-___-___-EXI
100
AcDbLine
 10
-6553.007947500564
 20
12755.01421275347
 30
0.0
 11
-6561.420120681351
 21
12746.60203957268
 31
0.0
1001
REVIT
1002
{
1070
     1
1000
22995701
1002
}
1002
{
1070
     2
1000
-2000051
1002
}
1002
{
1070
     3
1000
22985857
1002
}
  0
LINE
  5
408
330
70
100
AcDbEntity
  8
A-ALV-___-___-EXI
100
AcDbLine
 10
-8488.2364350004
 20
10822.1441295551
 30
0.0
 11
-8496.940914898388
 21
10813.43964965712
 31
0.0
1001
REVIT
1002
{
1070
     1
1000
22995702
1002
}
1002
{
1070
     2
1000
-2000051
1002
}
1002
{
1070
     3
1000
22985857
1002
}
  0
LINE
  5
409
330
70
100
AcDbEntity
  8
A-ALV-___-___-EXI
100
AcDbLine
 10
-8805.209615444184
 20
10505.17094911132
 30
0.0
 11
-8808.979420003327
 21
10501.40114455218
 31
0.0
1001
REVIT
1002
{
1070
     1
1000
22995702
1002
}
1002
{
1070
     2
1000
-2000051
1002
}
1002
{
1070
     3
1000
22985857
1002
}
  0
LINE
  5
40A
330
70
100
AcDbEntity
  8
A-ALV-___-___-EXI
100
AcDbLine
 10
-6560.930911140435
 20
12850.86103837925
 30
0.0
 11
-6573.212142188812
 21
12838.57980733087
 31
0.0
1001
REVIT
1002
{
1070
     1
1000
22995703
1002
}
1002
{
1070
     2
1000
-2000051
1002
}
1002
{
1070
     3
1000
22985857
1002
}
  0
LINE
  5
40B
330
70
100
AcDbEntity
  8
A-ALV-___-___-EXI
100
AcDbLine
 10
-8589.647819964563
 20
10815.06891665063
 30
0.0
 11
-8594.881165286153
 21
10809.95101276996
 31
0.0
1001
REVIT
1002
{
1070
     1
1000
22995704
1002
}
1002
{
1070
     2
1000
-2000051
1002
}
1002
{
1070
     3
1000
22985857
1002
}
  0
LINE
  5
40C
330
70
100
AcDbEntity
  8
A-ALV-___-___-EXI
100
AcDbLine
 10
-6568.832009001456
 20
12946.44334613158
 30
0.0
 11
-6580.287355093289
 21
12935.27438369205
 31
0.0
1001
REVIT
1002
{
1070
     1
1000
22995705
1002
}
1002
{
1070
     2
1000
-2000051
1002
}
1002
{
1070
     3
1000
22985857
1002
}
  0
LINE
  5
40D
330
70
100
AcDbEntity
  8
A-ALV-___-___-EXI
100
AcDbLine
 10
-8698.1344178332
 20
10815.06891665063
 30
0.0
 11
-8707.116080652978
 21
10805.9531991619
 31
0.0
1001
REVIT
1002
{
1070
     1
1000
22995706
1002
}
1002
{
1070
     2
1000
-2000051
1002
}
1002
{
1070
     3
1000
22985857
1002
}
  0
LINE
  5
40E
330
70
100
AcDbEntity
  8
A-ALV-___-___-EXI
100
AcDbLine
 10
-9011.327149943657
 20
10497.20166615047
 30
0.0
 11
-9014.160594233143
 21
10494.32593164771
 31
0.0
1001
REVIT
1002
{
1070
     1
1000
22995706
1002
}
1002
{
1070
     2
1000
-2000051
1002
}
1002
{
1070
     3
1000
22985857
1002
}
  0
LINE
  5
40F
330
70
100
AcDbEntity
  8
A-ALV-___-___-EXI
100
AcDbLine
 10
-6576.056568998385
 20
13033.84134184663
 30
0.0
 11
-6585.004163696274
 21
13024.89374714875
 31
0.0
1001
REVIT
1002
{
1070
     1
1000
22995707
1002
}
1002
{
1070
     2
1000
-2000051
1002
}
1002
{
1070
     3
1000
22985857
1002
}
  0
LINE
  5
410
330
70
100
AcDbEntity
  8
A-ALV-___-___-EXI
100
AcDbLine
 10
-8801.904207098855
 20
10807.99370374615
 30
0.0
 11
-8807.564300926937
 21
10802.37522825504
 31
0.0
1001
REVIT
1002
{
1070
     1
1000
22995708
1002
}
1002
{
1070
     2
1000
-2000051
1002
}
1002
{
1070
     3
1000
22985857
1002
}
  0
LINE
  5
411
330
70
100
AcDbEntity
  8
A-ALV-___-___-EXI
100
AcDbLine
 10
-9119.200077688095
 20
10493.03089102889
 30
0.0
 11
-9122.64719210178
 21
10489.60912304472
 31
0.0
1001
REVIT
1002
{
1070
     1
1000
22995708
1002
}
1002
{
1070
     2
1000
-2000051
1002
}
1002
{
1070
     3
1000
22985857
1002
}
  0
LINE
  5
412
330
70
100
AcDbEntity
  8
A-ALV-___-___-EXI
100
AcDbLine
 10
-6583.96921227149
 20
13129.56331843369
 30
0.0
 11
-6592.079376600749
 21
13121.58832350992
 31
0.0
1001
REVIT
1002
{
1070
     1
1000
22995709
1002
}
1002
{
1070
     2
1000
-2000051
1002
}
1002
{
1070
     3
1000
22985857
1002
}
  0
LINE
  5
413
330
70
100
AcDbEntity
  8
A-ALV-___-___-EXI
100
AcDbLine
 10
-8905.673996364507
 20
10807.99370374615
 30
0.0
 11
-8915.12374492685
 21
10798.54395518381
 31
0.0
1001
REVIT
1002
{
1070
     1
1000
22995710
1002
}
1002
{
1070
     2
1000
-2000051
1002
}
1002
{
1070
     3
1000
22985857
1002
}
  0
LINE
  5
414
330
70
100
AcDbEntity
  8
A-ALV-___-___-EXI
100
AcDbLine
 10
-6591.377390812539
 20
13219.18261104981
 30
0.0
 11
-6599.154589505225
 21
13211.20768696663
 31
0.0
1001
REVIT
1002
{
1070
     1
1000
22995711
1002
}
1002
{
1070
     2
1000
-2000051
1002
}
1002
{
1070
     3
1000
22985857
1002
}
  0
LINE
  5
415
330
70
100
AcDbEntity
  8
A-ALV-___-___-EXI
100
AcDbLine
 10
-9014.160594233144
 20
10803.27689514317
 30
0.0
 11
-9022.530574583527
 21
10794.71811824353
 31
0.0
1001
REVIT
1002
{
1070
     1
1000
22995712
1002
}
1002
{
1070
     2
1000
-2000051
1002
}
1002
{
1070
     3
1000
22985857
1002
}
  0
LINE
  5
416
330
70
100
AcDbEntity
  8
A-ALV-___-___-EXI
100
AcDbLine
 10
-9325.357951720455
 20
10485.06004838922
 30
0.0
 11
-9327.828366331592
 21
10482.53391014024
 31
0.0
1001
REVIT
1002
{
1070
     1
1000
22995712
1002
}
1002
{
1070
     2
1000
-2000051
1002
}
1002
{
1070
     3
1000
22985857
1002
}
  0
LINE
  5
417
330
70
100
AcDbEntity
  8
A-ALV-___-___-EXI
100
AcDbLine
 10
-6599.105190496207
 20
13312.6684709398
 30
0.0
 11
-6603.871398108212
 21
13307.9022633278
 31
0.0
1001
REVIT
1002
{
1070
     1
1000
22995713
1002
}
1002
{
1070
     2
1000
-2000051
1002
}
1002
{
1070
     3
1000
22985857
1002
}
  0
LINE
  5
418
330
70
100
AcDbEntity
  8
A-ALV-___-___-EXI
100
AcDbLine
 10
-9115.571979197305
 20
10796.20168223868
 30
0.0
 11
-9120.585112271911
 21
10791.22541043669
 31
0.0
1001
REVIT
1002
{
1070
     1
1000
22995714
1002
}
1002
{
1070
     2
1000
-2000051
1002
}
1002
{
1070
     3
1000
22985857
1002
}
  0
LINE
  5
419
330
70
100
AcDbEntity
  8
A-ALV-___-___-EXI
100
AcDbLine
 10
-9433.219596155288
 20
10480.88970952305
 30
0.0
 11
-9436.314964200231
 21
10477.81710153725
 31
0.0
1001
REVIT
1002
{
1070
     1
1000
22995714
1002
}
1002
{
1070
     2
1000
-2000051
1002
}
1002
{
1070
     3
1000
22985857
1002
}
  0
LINE
  5
41A
330
70
100
AcDbEntity
  8
A-ALV-___-___-EXI
100
AcDbLine
 10
-6607.02815413609
 20
13408.51529656558
 30
0.0
 11
-6615.663419615671
 21
13399.88003108599
 31
0.0
1001
REVIT
1002
{
1070
     1
1000
22995715
1002
}
1002
{
1070
     2
1000
-2000051
1002
}
1002
{
1070
     3
1000
22985857
1002
}
  0
LINE
  5
41B
330
70
100
AcDbEntity
  8
A-ALV-___-___-EXI
100
AcDbLine
 10
-9219.341768462957
 20
10796.20168223868
 30
0.0
 11
-9228.14948904171
 21
10787.39396165993
 31
0.0
1001
REVIT
1002
{
1070
     1
1000
22995716
1002
}
1002
{
1070
     2
1000
-2000051
1002
}
1002
{
1070
     3
1000
22985857
1002
}
  0
LINE
  5
41C
330
70
100
AcDbEntity
  8
A-ALV-___-___-EXI
100
AcDbLine
 10
-6614.936224666379
 20
13504.1819551046
 30
0.0
 11
-6622.73863252015
 21
13496.57460744717
 31
0.0
1001
REVIT
1002
{
1070
     1
1000
22995717
1002
}
1002
{
1070
     2
1000
-2000051
1002
}
1002
{
1070
     3
1000
22985857
1002
}
  0
LINE
  5
41D
330
70
100
AcDbEntity
  8
A-ALV-___-___-EXI
100
AcDbLine
 10
-9327.828366331594
 20
10791.4848736357
 30
0.0
 11
-9335.691690348401
 21
10783.56330277433
 31
0.0
1001
REVIT
1002
{
1070
     1
1000
22995718
1002
}
1002
{
1070
     2
1000
-2000051
1002
}
1002
{
1070
     3
1000
22985857
1002
}
  0
LINE
  5
41E
330
70
100
AcDbEntity
  8
A-ALV-___-___-EXI
100
AcDbLine
 10
-9644.238541396024
 20
10472.73091949672
 30
0.0
 11
-9646.21294703303
 21
10470.74188863278
 31
0.0
1001
REVIT
1002
{
1070
     1
1000
22995718
1002
}
1002
{
1070
     2
1000
-2000051
1002
}
1002
{
1070
     3
1000
22985857
1002
}
  0
LINE
  5
41F
330
70
100
AcDbEntity
  8
A-ALV-___-___-EXI
100
AcDbLine
 10
-6622.153811994038
 20
13591.49560003297
 30
0.0
 11
-6627.455441123133
 21
13586.19397090387
 31
0.0
1001
REVIT
1002
{
1070
     1
1000
22995719
1002
}
1002
{
1070
     2
1000
-2000051
1002
}
1002
{
1070
     3
1000
22985857
1002
}
  0
LINE
  5
420
330
70
100
AcDbEntity
  8
A-ALV-___-___-EXI
100
AcDbLine
 10
-9429.239751295757
 20
10784.40966073123
 30
0.0
 11
-9433.605923616907
 21
10780.07559261832
 31
0.0
1001
REVIT
1002
{
1070
     1
1000
22995720
1002
}
1002
{
1070
     2
1000
-2000051
1002
}
1002
{
1070
     3
1000
22985857
1002
}
  0
LINE
  5
421
330
70
100
AcDbEntity
  8
A-ALV-___-___-EXI
100
AcDbLine
 10
-9747.239114622484
 20
10468.74852801719
 30
0.0
 11
-9749.982736298683
 21
10466.02508002979
 31
0.0
1001
REVIT
1002
{
1070
     1
1000
22995720
1002
}
1002
{
1070
     2
1000
-2000051
1002
}
1002
{
1070
     3
1000
22985857
1002
}
  0
LINE
  5
422
330
70
100
AcDbEntity
  8
A-ALV-___-___-EXI
100
AcDbLine
 10
-6630.076775633909
 20
13687.34242565874
 30
0.0
 11
-6634.53065402761
 21
13682.88854726505
 31
0.0
1001
REVIT
1002
{
1070
     1
1000
22995721
1002
}
1002
{
1070
     2
1000
-2000051
1002
}
1002
{
1070
     3
1000
22985857
1002
}
  0
LINE
  5
423
330
70
100
AcDbEntity
  8
A-ALV-___-___-EXI
100
AcDbLine
 10
-9533.009540561408
 20
10784.40966073123
 30
0.0
 11
-9541.175233156591
 21
10776.24396813605
 31
0.0
1001
REVIT
1002
{
1070
     1
1000
22995722
1002
}
1002
{
1070
     2
1000
-2000051
1002
}
1002
{
1070
     3
1000
22985857
1002
}
  0
LINE
  5
424
330
70
100
AcDbEntity
  8
A-ALV-___-___-EXI
100
AcDbLine
 10
-6637.467570204403
 20
13776.75141838318
 30
0.0
 11
-6641.605866932086
 21
13772.50791072175
 31
0.0
1001
REVIT
1002
{
1070
     1
1000
22995723
1002
}
1002
{
1070
     2
1000
-2000051
1002
}
1002
{
1070
     3
1000
22985857
1002
}
  0
LINE
  5
425
330
70
100
AcDbEntity
  8
A-ALV-___-___-EXI
100
AcDbLine
 10
-9641.496138430046
 20
10779.69285212825
 30
0.0
 11
-9648.777832696085
 21
10772.41115786221
 31
0.0
1001
REVIT
1002
{
1070
     1
1000
22995724
1002
}
1002
{
1070
     2
1000
-2000051
1002
}
1002
{
1070
     3
1000
22985857
1002
}
  0
LINE
  5
426
330
70
100
AcDbEntity
  8
A-ALV-___-___-EXI
100
AcDbLine
 10
-9960.693412505648
 20
10460.49557805264
 30
0.0
 11
-9962.239123432974
 21
10458.94986712532
 31
0.0
1001
REVIT
1002
{
1070
     1
1000
22995724
1002
}
1002
{
1070
     2
1000
-2000051
1002
}
1002
{
1070
     3
1000
22985857
1002
}
  0
LINE
  5
427
330
70
100
AcDbEntity
  8
A-ALV-___-___-EXI
100
AcDbLine
 10
-6645.728116613338
 20
13876.68209927707
 30
0.0
 11
-6653.397888439546
 21
13869.20248708292
 31
0.0
1001
REVIT
1002
{
1070
     1
1000
22995725
1002
}
1002
{
1070
     2
1000
-2000051
1002
}
1002
{
1070
     3
1000
22985857
1002
}
  0
LINE
  5
428
330
70
100
AcDbEntity
  8
A-ALV-___-___-EXI
100
AcDbLine
 10
-9742.907523394206
 20
10772.61763922377
 30
0.0
 11
-9746.598377731968
 21
10768.92678488601
 31
0.0
1001
REVIT
1002
{
1070
     1
1000
22995726
1002
}
1002
{
1070
     2
1000
-2000051
1002
}
1002
{
1070
     3
1000
22985857
1002
}
  0
LINE
  5
429
330
70
100
AcDbEntity
  8
A-ALV-___-___-EXI
100
AcDbLine
 10
-10058.82367127944
 20
10456.70149133853
 30
0.0
 11
-10063.65050839713
 21
10451.87465422084
 31
0.0
1001
REVIT
1002
{
1070
     1
1000
22995726
1002
}
1002
{
1070
     2
1000
-2000051
1002
}
1002
{
1070
     3
1000
22985857
1002
}
  0
LINE
  5
42A
330
70
100
AcDbEntity
  8
A-ALV-___-___-EXI
100
AcDbLine
 10
-6653.125397131741
 20
13966.16955475191
 30
0.0
 11
-6658.114697042532
 21
13961.18025484112
 31
0.0
1001
REVIT
1002
{
1070
     1
1000
22995727
1002
}
1002
{
1070
     2
1000
-2000051
1002
}
1002
{
1070
     3
1000
22985857
1002
}
  0
LINE
  5
42B
330
70
100
AcDbEntity
  8
A-ALV-___-___-EXI
100
AcDbLine
 10
-9846.677312659858
 20
10772.61763922377
 30
0.0
 11
-9854.200977271458
 21
10765.09397461217
 31
0.0
1001
REVIT
1002
{
1070
     1
1000
22995728
1002
}
1002
{
1070
     2
1000
-2000051
1002
}
1002
{
1070
     3
1000
22985857
1002
}
  0
LINE
  5
42C
330
70
100
AcDbEntity
  8
A-ALV-___-___-EXI
100
AcDbLine
 10
-6661.037881002336
 20
14061.88960299177
 30
0.0
 11
-6665.189909947009
 21
14057.87483120229
 31
0.0
1001
REVIT
1002
{
1070
     1
1000
22995729
1002
}
1002
{
1070
     2
1000
-2000051
1002
}
1002
{
1070
     3
1000
22985857
1002
}
  0
LINE
  5
42D
330
70
100
AcDbEntity
  8
A-ALV-___-___-EXI
100
AcDbLine
 10
-9955.163910528497
 20
10767.90083062078
 30
0.0
 11
-9961.80357681095
 21
10761.26116433833
 31
0.0
1001
REVIT
1002
{
1070
     1
1000
22995730
1002
}
1002
{
1070
     2
1000
-2000051
1002
}
1002
{
1070
     3
1000
22985857
1002
}
  0
LINE
  5
42E
330
70
100
AcDbEntity
  8
A-ALV-___-___-EXI
100
AcDbLine
 10
-10274.71024058179
 20
10448.35450056749
 30
0.0
 11
-10275.90689553142
 21
10447.15784561785
 31
0.0
1001
REVIT
1002
{
1070
     1
1000
22995730
1002
}
1002
{
1070
     2
1000
-2000051
1002
}
1002
{
1070
     3
1000
22985857
1002
}
  0
LINE
  5
42F
330
70
100
AcDbEntity
  8
A-ALV-___-___-EXI
100
AcDbLine
 10
-10372.92312448572
 20
10444.55721925354
 30
0.0
 11
-10377.31828049558
 21
10440.08263271337
 31
0.0
1001
REVIT
1002
{
1070
     1
1000
22995732
1002
}
1002
{
1070
     2
1000
-2000051
1002
}
1002
{
1070
     3
1000
22985857
1002
}
  0
LINE
  5
430
330
70
100
AcDbEntity
  8
A-ALV-___-___-EXI
100
AcDbLine
 10
-10686.88889734197
 20
10432.41811575615
 30
0.0
 11
-10690.98605259404
 21
10428.29061120592
 31
0.0
1001
REVIT
1002
{
1070
     1
1000
22995738
1002
}
1002
{
1070
     2
1000
-2000051
1002
}
1002
{
1070
     3
1000
22985857
1002
}
  0
LINE
  5
431
330
70
100
AcDbEntity
  8
A-ALV-___-___-EXI
100
AcDbLine
 10
-10474.01285685676
 20
10749.03359620884
 30
0.0
 11
-10476.83729698048
 21
10746.25008999996
 31
0.0
1001
REVIT
1002
{
1070
     1
1000
22995741
1002
}
1002
{
1070
     2
1000
-2000051
1002
}
1002
{
1070
     3
1000
22985857
1002
}
  0
LINE
  5
432
330
70
100
AcDbEntity
  8
A-ALV-___-___-EXI
100
AcDbLine
 10
-6924.614383111142
 20
14402.20185922014
 30
0.0
 11
-6926.052069681164
 21
14400.7537546315
 31
0.0
1001
REVIT
1002
{
1070
     1
1000
22995743
1002
}
1002
{
1070
     2
1000
-2000051
1002
}
1002
{
1070
     3
1000
22985857
1002
}
  0
LINE
  5
433
330
70
100
AcDbEntity
  8
A-ALV-___-___-EXI
100
AcDbLine
 10
-11000.90305639427
 20
10420.27714146555
 30
0.0
 11
-11004.65382469248
 21
10416.49858969845
 31
0.0
1001
REVIT
1002
{
1070
     1
1000
22995747
1002
}
1002
{
1070
     2
1000
-2000051
1002
}
1002
{
1070
     3
1000
22985857
1002
}
  0
LINE
  5
434
330
70
100
AcDbEntity
  8
A-ALV-___-___-EXI
100
AcDbLine
 10
-10787.68062895521
 20
10737.24157470138
 30
0.0
 11
-10790.71409804116
 21
10734.25206893552
 31
0.0
1001
REVIT
1002
{
1070
     1
1000
22995750
1002
}
1002
{
1070
     2
1000
-2000051
1002
}
1002
{
1070
     3
1000
22985857
1002
}
  0
LINE
  5
435
330
70
100
AcDbEntity
  8
A-ALV-___-___-EXI
100
AcDbLine
 10
-10314.76608727499
 20
11217.20164262754
 30
0.0
 11
-10318.35817295828
 21
11213.63924360279
 31
0.0
1001
REVIT
1002
{
1070
     1
1000
22995751
1002
}
1002
{
1070
     2
1000
-2000051
1002
}
1002
{
1070
     3
1000
22985857
1002
}
  0
LINE
  5
436
330
70
100
AcDbEntity
  8
A-ALV-___-___-EXI
100
AcDbLine
 10
-11214.30746834089
 20
10412.02612027986
 30
0.0
 11
-11216.91021182677
 21
10409.42337679398
 31
0.0
1001
REVIT
1002
{
1070
     1
1000
22995753
1002
}
1002
{
1070
     2
1000
-2000051
1002
}
1002
{
1070
     3
1000
22985857
1002
}
  0
LINE
  5
437
330
70
100
AcDbEntity
  8
A-ALV-___-___-EXI
100
AcDbLine
 10
-10321.24204812738
 20
11305.10681493866
 30
0.0
 11
-10323.07498156126
 21
11303.25860705949
 31
0.0
1001
REVIT
1002
{
1070
     1
1000
22995754
1002
}
1002
{
1070
     2
1000
-2000051
1002
}
1002
{
1070
     3
1000
22985857
1002
}
  0
LINE
  5
438
330
70
100
AcDbEntity
  8
A-ALV-___-___-EXI
100
AcDbLine
 10
-10999.9370160895
 20
10730.16636179691
 30
0.0
 11
-11003.94312983457
 21
10726.10133461441
 31
0.0
1001
REVIT
1002
{
1070
     1
1000
22995756
1002
}
1002
{
1070
     2
1000
-2000051
1002
}
1002
{
1070
     3
1000
22985857
1002
}
  0
LINE
  5
439
330
70
100
AcDbEntity
  8
A-ALV-___-___-EXI
100
AcDbLine
 10
-11317.39449947279
 20
10408.04038601092
 30
0.0
 11
-11320.68000109243
 21
10404.70656819099
 31
0.0
1001
REVIT
1002
{
1070
     1
1000
22995756
1002
}
1002
{
1070
     2
1000
-2000051
1002
}
1002
{
1070
     3
1000
22985857
1002
}
  0
LINE
  5
43A
330
70
100
AcDbEntity
  8
A-ALV-___-___-EXI
100
AcDbLine
 10
-10328.3611635026
 20
11401.74221438381
 30
0.0
 11
-10330.15019446574
 21
11399.95318342067
 31
0.0
1001
REVIT
1002
{
1070
     1
1000
22995757
1002
}
1002
{
1070
     2
1000
-2000051
1002
}
1002
{
1070
     3
1000
22985857
1002
}
  0
LINE
  5
43B
330
70
100
AcDbEntity
  8
A-ALV-___-___-EXI
100
AcDbLine
 10
-11101.34840105366
 20
10725.44955319392
 30
0.0
 11
-11104.54203867414
 21
10722.25591557344
 31
0.0
1001
REVIT
1002
{
1070
     1
1000
22995759
1002
}
1002
{
1070
     2
1000
-2000051
1002
}
1002
{
1070
     3
1000
22985857
1002
}
  0
LINE
  5
43C
330
70
100
AcDbEntity
  8
A-ALV-___-___-EXI
100
AcDbLine
 10
-11422.83426823521
 20
10403.96368601237
 30
0.0
 11
-11429.16659896106
 21
10397.63135528652
 31
0.0
1001
REVIT
1002
{
1070
     1
1000
22995759
1002
}
1002
{
1070
     2
1000
-2000051
1002
}
1002
{
1070
     3
1000
22985857
1002
}
  0
LINE
  5
43D
330
70
100
AcDbEntity
  8
A-ALV-___-___-EXI
100
AcDbLine
 10
-11528.32429641705
 20
10399.8850427947
 30
0.0
 11
-11530.57798392523
 21
10397.63135528652
 31
0.0
1001
REVIT
1002
{
1070
     1
1000
22995762
1002
}
1002
{
1070
     2
1000
-2000051
1002
}
1002
{
1070
     3
1000
22985857
1002
}
  0
LINE
  5
43E
330
70
100
AcDbEntity
  8
A-ALV-___-___-EXI
100
AcDbLine
 10
-11313.60478818795
 20
10718.37434028944
 30
0.0
 11
-11317.87803601032
 21
10714.10109246708
 31
0.0
1001
REVIT
1002
{
1070
     1
1000
22995765
1002
}
1002
{
1070
     2
1000
-2000051
1002
}
1002
{
1070
     3
1000
22985857
1002
}
  0
LINE
  5
43F
330
70
100
AcDbEntity
  8
A-ALV-___-___-EXI
100
AcDbLine
 10
-11636.26758106822
 20
10395.71154740918
 30
0.0
 11
-11639.06458179386
 21
10392.91454668353
 31
0.0
1001
REVIT
1002
{
1070
     1
1000
22995765
1002
}
1002
{
1070
     2
1000
-2000051
1002
}
1002
{
1070
     3
1000
22985857
1002
}
  0
LINE
  5
440
330
70
100
AcDbEntity
  8
A-ALV-___-___-EXI
100
AcDbLine
 10
-11736.80598233129
 20
10391.8243528042
 30
0.0
 11
-11742.83437105952
 21
10385.83933377905
 31
0.0
1001
REVIT
1002
{
1070
     1
1000
22995768
1002
}
1002
{
1070
     2
1000
-2000051
1002
}
1002
{
1070
     3
1000
22985857
1002
}
  0
LINE
  5
441
330
70
100
AcDbEntity
  8
A-ALV-___-___-EXI
100
AcDbLine
 10
-11842.35568807979
 20
10387.74340222623
 30
0.0
 11
-11844.24575602368
 21
10385.83933377905
 31
0.0
1001
REVIT
1002
{
1070
     1
1000
22995771
1002
}
1002
{
1070
     2
1000
-2000051
1002
}
1002
{
1070
     3
1000
22985857
1002
}
  0
LINE
  5
442
330
70
100
AcDbEntity
  8
A-ALV-___-___-EXI
100
AcDbLine
 10
-10362.66740548924
 20
11867.4176843135
 30
0.0
 11
-10365.52625898813
 21
11864.55883081461
 31
0.0
1001
REVIT
1002
{
1070
     1
1000
22995772
1002
}
1002
{
1070
     2
1000
-2000051
1002
}
1002
{
1070
     3
1000
22985857
1002
}
  0
LINE
  5
443
330
70
100
AcDbEntity
  8
A-ALV-___-___-EXI
100
AcDbLine
 10
-8004.76355319453
 20
14329.09132587388
 30
0.0
 11
-8006.92464080148
 21
14326.93023826693
 31
0.0
1001
REVIT
1002
{
1070
     1
1000
22995773
1002
}
1002
{
1070
     2
1000
-2000051
1002
}
1002
{
1070
     3
1000
22985857
1002
}
  0
LINE
  5
444
330
70
100
AcDbEntity
  8
A-ALV-___-___-EXI
100
AcDbLine
 10
-11627.27256028641
 20
10706.58231878198
 30
0.0
 11
-11631.75168726354
 21
10702.10319180484
 31
0.0
1001
REVIT
1002
{
1070
     1
1000
22995774
1002
}
1002
{
1070
     2
1000
-2000051
1002
}
1002
{
1070
     3
1000
22985857
1002
}
  0
LINE
  5
445
330
70
100
AcDbEntity
  8
A-ALV-___-___-EXI
100
AcDbLine
 10
-11950.28440914436
 20
10383.57046992402
 30
0.0
 11
-11952.73235389231
 21
10381.12252517607
 31
0.0
1001
REVIT
1002
{
1070
     1
1000
22995774
1002
}
1002
{
1070
     2
1000
-2000051
1002
}
1002
{
1070
     3
1000
22985857
1002
}
  0
LINE
  5
446
330
70
100
AcDbEntity
  8
A-ALV-___-___-EXI
100
AcDbLine
 10
-10369.78442596778
 20
11964.02464747582
 30
0.0
 11
-10372.6014718926
 21
11961.25340717579
 31
0.0
1001
REVIT
1002
{
1070
     1
1000
22995775
1002
}
1002
{
1070
     2
1000
-2000051
1002
}
1002
{
1070
     3
1000
22985857
1002
}
  0
LINE
  5
447
330
70
100
AcDbEntity
  8
A-ALV-___-___-EXI
100
AcDbLine
 10
-11731.04234955206
 20
10699.50710587751
 30
0.0
 11
-11732.2893411806
 21
10698.26011424896
 31
0.0
1001
REVIT
1002
{
1070
     1
1000
22995777
1002
}
1002
{
1070
     2
1000
-2000051
1002
}
1002
{
1070
     3
1000
22985857
1002
}
  0
LINE
  5
448
330
70
100
AcDbEntity
  8
A-ALV-___-___-EXI
100
AcDbLine
 10
-12050.86792438752
 20
10379.68153104205
 30
0.0
 11
-12056.50214315796
 21
10374.04731227159
 31
0.0
1001
REVIT
1002
{
1070
     1
1000
22995777
1002
}
1002
{
1070
     2
1000
-2000051
1002
}
1002
{
1070
     3
1000
22985857
1002
}
  0
LINE
  5
449
330
70
100
AcDbEntity
  8
A-ALV-___-___-EXI
100
AcDbLine
 10
-12156.3698471321
 20
10375.60242793562
 30
0.0
 11
-12157.91352812213
 21
10374.04731227159
 31
0.0
1001
REVIT
1002
{
1070
     1
1000
22995780
1002
}
1002
{
1070
     2
1000
-2000051
1002
}
1002
{
1070
     3
1000
22985857
1002
}
  0
LINE
  5
44A
330
70
100
AcDbEntity
  8
A-ALV-___-___-EXI
100
AcDbLine
 10
-11940.94033238485
 20
10694.79029727452
 30
0.0
 11
-11945.62533851678
 21
10690.1052911426
 31
0.0
1001
REVIT
1002
{
1070
     1
1000
22995783
1002
}
1002
{
1070
     2
1000
-2000051
1002
}
1002
{
1070
     3
1000
22985857
1002
}
  0
LINE
  5
44B
330
70
100
AcDbEntity
  8
A-ALV-___-___-EXI
100
AcDbLine
 10
-12264.30123722051
 20
10371.42939243886
 30
0.0
 11
-12266.40012599076
 21
10369.33050366861
 31
0.0
1001
REVIT
1002
{
1070
     1
1000
22995783
1002
}
1002
{
1070
     2
1000
-2000051
1002
}
1002
{
1070
     3
1000
22985857
1002
}
  0
LINE
  5
44C
330
70
100
AcDbEntity
  8
A-POR-___-___-EXI
100
AcDbLine
 10
-10129.68582883892
 20
12506.04480082047
 30
0.0
 11
-10132.21965164216
 21
12503.51097801722
 31
0.0
1001
REVIT
1002
{
1070
     1
1000
22995784
1002
}
1002
{
1070
     2
1000
-2000051
1002
}
1002
{
1070
     3
1000
22985857
1002
}
  0
LINE
  5
44D
330
70
100
AcDbEntity
  8
A-ALV-___-___-EXI
100
AcDbLine
 10
-12044.71012165051
 20
10687.71508437004
 30
0.0
 11
-12046.16299243382
 21
10686.26221358672
 31
0.0
1001
REVIT
1002
{
1070
     1
1000
22995786
1002
}
1002
{
1070
     2
1000
-2000051
1002
}
1002
{
1070
     3
1000
22985857
1002
}
  0
LINE
  5
44E
330
70
100
AcDbEntity
  8
A-ALV-___-___-EXI
100
AcDbLine
 10
-12364.88475246366
 20
10367.54045355689
 30
0.0
 11
-12370.16991525642
 21
10362.25529076413
 31
0.0
1001
REVIT
1002
{
1070
     1
1000
22995786
1002
}
1002
{
1070
     2
1000
-2000051
1002
}
1002
{
1070
     3
1000
22985857
1002
}
  0
LINE
  5
44F
330
70
100
AcDbEntity
  8
A-ALV-___-___-EXI
100
AcDbLine
 10
-8547.196542537717
 20
14293.7152613515
 30
0.0
 11
-8551.060783146645
 21
14289.76578014091
 31
0.0
1001
REVIT
1002
{
1070
     1
1000
22995788
1002
}
1002
{
1070
     2
1000
-2000051
1002
}
1002
{
1070
     3
1000
22985857
1002
}
  0
LINE
  5
450
330
70
100
AcDbEntity
  8
A-ALV-___-___-EXI
100
AcDbLine
 10
-12470.38400618441
 20
10363.46145364501
 30
0.0
 11
-12471.58130022058
 21
10362.25529076413
 31
0.0
1001
REVIT
1002
{
1070
     1
1000
22995789
1002
}
1002
{
1070
     2
1000
-2000051
1002
}
1002
{
1070
     3
1000
22985857
1002
}
  0
LINE
  5
451
330
70
100
AcDbEntity
  8
A-POR-___-___-EXI
100
AcDbLine
 10
-10404.55215747778
 20
12435.9644103802
 30
0.0
 11
-10407.97753641499
 21
12432.93426747421
 31
0.0
1001
REVIT
1002
{
1070
     1
1000
22995790
1002
}
1002
{
1070
     2
1000
-2000051
1002
}
1002
{
1070
     3
1000
22985857
1002
}
  0
LINE
  5
452
330
70
100
AcDbEntity
  8
A-ALV-___-___-EXI
100
AcDbLine
 10
-12254.6081044833
 20
10682.99827576706
 30
0.0
 11
-12259.49898977001
 21
10678.10739048036
 31
0.0
1001
REVIT
1002
{
1070
     1
1000
22995792
1002
}
1002
{
1070
     2
1000
-2000051
1002
}
1002
{
1070
     3
1000
22985857
1002
}
  0
LINE
  5
453
330
70
100
AcDbEntity
  8
A-ALV-___-___-EXI
100
AcDbLine
 10
-12578.31806529667
 20
10359.28831495369
 30
0.0
 11
-12582.42630239071
 21
10355.18007785965
 31
0.0
1001
REVIT
1002
{
1070
     1
1000
22995792
1002
}
1002
{
1070
     2
1000
-2000051
1002
}
1002
{
1070
     3
1000
22985857
1002
}
  0
LINE
  5
454
330
70
100
AcDbEntity
  8
A-ALV-___-___-EXI
100
AcDbLine
 10
-12358.37789374896
 20
10675.92306286258
 30
0.0
 11
-12360.03664368706
 21
10674.26431292448
 31
0.0
1001
REVIT
1002
{
1070
     1
1000
22995794
1002
}
1002
{
1070
     2
1000
-2000051
1002
}
1002
{
1070
     3
1000
22985857
1002
}
  0
LINE
  5
455
330
70
100
AcDbEntity
  8
A-ALV-___-___-EXI
100
AcDbLine
 10
-12678.9015805398
 20
10355.39937607173
 30
0.0
 11
-12683.83768735487
 21
10350.46326925667
 31
0.0
1001
REVIT
1002
{
1070
     1
1000
22995794
1002
}
1002
{
1070
     2
1000
-2000051
1002
}
1002
{
1070
     3
1000
22985857
1002
}
  0
LINE
  5
456
330
70
100
AcDbEntity
  8
A-ALV-___-___-EXI
100
AcDbLine
 10
-8976.426125409281
 20
14263.0560054321
 30
0.0
 11
-8978.940503859801
 21
14260.54162698158
 31
0.0
1001
REVIT
1002
{
1070
     1
1000
22995797
1002
}
1002
{
1070
     2
1000
-2000051
1002
}
1002
{
1070
     3
1000
22985857
1002
}
  0
LINE
  5
457
330
70
100
AcDbEntity
  8
A-ALV-___-___-EXI
100
AcDbLine
 10
-12568.27587658176
 20
10671.2062542596
 30
0.0
 11
-12573.37264102323
 21
10666.10948981812
 31
0.0
1001
REVIT
1002
{
1070
     1
1000
22995798
1002
}
1002
{
1070
     2
1000
-2000051
1002
}
1002
{
1070
     3
1000
22985857
1002
}
  0
LINE
  5
458
330
70
100
AcDbEntity
  8
A-ALV-___-___-EXI
100
AcDbLine
 10
-12892.33489337282
 20
10347.14723746853
 30
0.0
 11
-12896.09407448916
 21
10343.3880563522
 31
0.0
1001
REVIT
1002
{
1070
     1
1000
22995798
1002
}
1002
{
1070
     2
1000
-2000051
1002
}
1002
{
1070
     3
1000
22985857
1002
}
  0
LINE
  5
459
330
70
100
AcDbEntity
  8
A-ALV-___-___-EXI
100
AcDbLine
 10
-12679.12087875189
 20
10664.13104135512
 30
0.0
 11
-12681.21824801585
 21
10661.98706388529
 31
0.0
1001
REVIT
1002
{
1070
     1
1000
22995800
1002
}
1002
{
1070
     2
1000
-2000051
1002
}
1002
{
1070
     3
1000
22985857
1002
}
  0
LINE
  5
45A
330
70
100
AcDbEntity
  8
A-ALV-___-___-EXI
100
AcDbLine
 10
-12993.0220470564
 20
10343.25429153273
 30
0.0
 11
-12997.50545945332
 21
10338.67124774921
 31
0.0
1001
REVIT
1002
{
1070
     1
1000
22995800
1002
}
1002
{
1070
     2
1000
-2000051
1002
}
1002
{
1070
     3
1000
22985857
1002
}
  0
LINE
  5
45B
330
70
100
AcDbEntity
  8
A-ALV-___-___-EXI
100
AcDbLine
 10
-12884.3020529817
 20
10657.05582845064
 30
0.0
 11
-12887.24629227646
 21
10654.11158915588
 31
0.0
1001
REVIT
1002
{
1070
     1
1000
22995804
1002
}
1002
{
1070
     2
1000
-2000051
1002
}
1002
{
1070
     3
1000
22985857
1002
}
  0
LINE
  5
45C
330
70
100
AcDbEntity
  8
A-ALV-___-___-EXI
100
AcDbLine
 10
-13206.35172144896
 20
10335.00615998337
 30
0.0
 11
-13209.76184658761
 21
10331.59603484473
 31
0.0
1001
REVIT
1002
{
1070
     1
1000
22995804
1002
}
1002
{
1070
     2
1000
-2000051
1002
}
1002
{
1070
     3
1000
22985857
1002
}
  0
LINE
  5
45D
330
70
100
AcDbEntity
  8
A-ALV-___-___-EXI
100
AcDbLine
 10
-9412.730921185323
 20
14232.3967495127
 30
0.0
 11
-9414.322609188014
 21
14230.80506151001
 31
0.0
1001
REVIT
1002
{
1070
     1
1000
22995805
1002
}
1002
{
1070
     2
1000
-2000051
1002
}
1002
{
1070
     3
1000
22985857
1002
}
  0
LINE
  5
45E
330
70
100
AcDbEntity
  8
A-ALV-___-___-EXI
100
AcDbLine
 10
-12992.78865085034
 20
10652.33901984766
 30
0.0
 11
-12995.08724977067
 21
10649.98934095132
 31
0.0
1001
REVIT
1002
{
1070
     1
1000
22995806
1002
}
1002
{
1070
     2
1000
-2000051
1002
}
1002
{
1070
     3
1000
22985857
1002
}
  0
LINE
  5
45F
330
70
100
AcDbEntity
  8
A-ALV-___-___-EXI
100
AcDbLine
 10
-13307.03098866726
 20
10331.11351896813
 30
0.0
 11
-13311.17323155177
 21
10326.87922624174
 31
0.0
1001
REVIT
1002
{
1070
     1
1000
22995806
1002
}
1002
{
1070
     2
1000
-2000051
1002
}
1002
{
1070
     3
1000
22985857
1002
}
  0
LINE
  5
460
330
70
100
AcDbEntity
  8
A-ALV-___-___-EXI
100
AcDbLine
 10
-9521.217519053958
 20
14225.32153660822
 30
0.0
 11
-9523.122694677825
 21
14223.37402374827
 31
0.0
1001
REVIT
1002
{
1070
     1
1000
22995808
1002
}
1002
{
1070
     2
1000
-2000051
1002
}
1002
{
1070
     3
1000
22985857
1002
}
  0
LINE
  5
461
330
70
100
AcDbEntity
  8
A-ALV-___-___-EXI
100
AcDbLine
 10
-13094.2000358145
 20
10652.33901984766
 30
0.0
 11
-13100.58228961264
 21
10645.95676604952
 31
0.0
1001
REVIT
1002
{
1070
     1
1000
22995809
1002
}
1002
{
1070
     2
1000
-2000051
1002
}
1002
{
1070
     3
1000
22985857
1002
}
  0
LINE
  5
462
330
70
100
AcDbEntity
  8
A-ALV-___-___-EXI
100
AcDbLine
 10
-9622.628904018121
 20
14220.60472800523
 30
0.0
 11
-9624.160335382724
 21
14219.07329664063
 31
0.0
1001
REVIT
1002
{
1070
     1
1000
22995811
1002
}
1002
{
1070
     2
1000
-2000051
1002
}
1002
{
1070
     3
1000
22985857
1002
}
  0
LINE
  5
463
330
70
100
AcDbEntity
  8
A-ALV-___-___-EXI
100
AcDbLine
 10
-13197.96982508015
 20
10645.26380694318
 30
0.0
 11
-13201.11994352969
 21
10642.11368849364
 31
0.0
1001
REVIT
1002
{
1070
     1
1000
22995812
1002
}
1002
{
1070
     2
1000
-2000051
1002
}
1002
{
1070
     3
1000
22985857
1002
}
  0
LINE
  5
464
330
70
100
AcDbEntity
  8
A-ALV-___-___-EXI
100
AcDbLine
 10
-13520.36854952512
 20
10322.86508249821
 30
0.0
 11
-13523.42961868606
 21
10319.80401333727
 31
0.0
1001
REVIT
1002
{
1070
     1
1000
22995812
1002
}
1002
{
1070
     2
1000
-2000051
1002
}
1002
{
1070
     3
1000
22985857
1002
}
  0
LINE
  5
465
330
70
100
AcDbEntity
  8
A-POR-___-___-EXI
100
AcDbLine
 10
-10396.74156145016
 20
13446.49207057319
 30
0.0
 11
-10400.90232351051
 21
13442.33130851284
 31
0.0
1001
REVIT
1002
{
1070
     1
1000
22995813
1002
}
1002
{
1070
     2
1000
-2000051
1002
}
1002
{
1070
     3
1000
22985857
1002
}
  0
LINE
  5
466
330
70
100
AcDbEntity
  8
A-ALV-___-___-EXI
100
AcDbLine
 10
-13306.45642294879
 20
10640.54699834019
 30
0.0
 11
-13309.014011148
 21
10637.98941014099
 31
0.0
1001
REVIT
1002
{
1070
     1
1000
22995815
1002
}
1002
{
1070
     2
1000
-2000051
1002
}
1002
{
1070
     3
1000
22985857
1002
}
  0
LINE
  5
467
330
70
100
AcDbEntity
  8
A-POR-___-___-EXI
100
AcDbLine
 10
-13628.31183417629
 20
10318.69158711269
 30
0.0
 11
-13631.9162165547
 21
10315.08720473429
 31
0.0
1001
REVIT
1002
{
1070
     1
1000
22995815
1002
}
1002
{
1070
     2
1000
-2000051
1002
}
1002
{
1070
     3
1000
22985857
1002
}
  0
LINE
  5
468
330
70
100
AcDbEntity
  8
A-ALV-___-___-EXI
100
AcDbLine
 10
-13407.86780791295
 20
10640.54699834019
 30
0.0
 11
-13414.30497083413
 21
10633.96463625538
 31
0.0
1001
REVIT
1002
{
1070
     1
1000
22995818
1002
}
1002
{
1070
     2
1000
-2000051
1002
}
1002
{
1070
     3
1000
22985857
1002
}
  0
LINE
  5
469
330
70
100
AcDbEntity
  8
A-POR-___-___-EXI
100
AcDbLine
 10
-10479.6016505054
 20
13568.7777648131
 30
0.0
 11
-10481.08806976124
 21
13567.32673649192
 31
0.0
1001
REVIT
1002
{
1070
     1
1000
22995819
1002
}
1002
{
1070
     2
1000
-2000051
1002
}
1002
{
1070
     3
1000
22985857
1002
}
  0
LINE
  5
46A
330
70
100
AcDbEntity
  8
A-ALV-___-___-EXI
100
AcDbLine
 10
-9931.579867513587
 20
14213.52951510076
 30
0.0
 11
-9933.877014560504
 21
14211.23236805385
 31
0.0
1001
REVIT
1002
{
1070
     1
1000
22995820
1002
}
1002
{
1070
     2
1000
-2000051
1002
}
1002
{
1070
     3
1000
22985857
1002
}
  0
LINE
  5
46B
330
70
100
AcDbEntity
  8
A-ALV-___-___-EXI
100
AcDbLine
 10
-13511.6375971786
 20
10633.47178543572
 30
0.0
 11
-13514.99359478292
 21
10630.1157878314
 31
0.0
1001
REVIT
1002
{
1070
     1
1000
22995821
1002
}
1002
{
1070
     2
1000
-2000051
1002
}
1002
{
1070
     3
1000
22985857
1002
}
  0
LINE
  5
46C
330
70
100
AcDbEntity
  8
A-POR-___-___-EXI
100
AcDbLine
 10
-13726.32175344678
 20
10418.78762916754
 30
0.0
 11
-13728.61079291588
 21
10416.49858969844
 31
0.0
1001
REVIT
1002
{
1070
     1
1000
22995821
1002
}
1002
{
1070
     2
1000
-2000051
1002
}
1002
{
1070
     3
1000
22985857
1002
}
  0
LINE
  5
46D
330
70
100
AcDbEntity
  8
A-POR-___-___-EXI
100
AcDbLine
 10
-13620.12419504724
 20
10628.75497683274
 30
0.0
 11
-13622.7121731004
 21
10625.9982176022
 31
0.0
1001
REVIT
1002
{
1070
     1
1000
22995823
1002
}
1002
{
1070
     2
1000
-2000051
1002
}
1002
{
1070
     3
1000
22985857
1002
}
  0
LINE
  5
46E
330
70
100
AcDbEntity
  8
A-ALV-___-___-EXI
100
AcDbLine
 10
-10136.7610417434
 20
14208.81270649778
 30
0.0
 11
-10139.54824682699
 21
14206.02550141419
 31
0.0
1001
REVIT
1002
{
1070
     1
1000
22995824
1002
}
1002
{
1070
     2
1000
-2000051
1002
}
1002
{
1070
     3
1000
22985857
1002
}
  0
LINE
  5
46F
330
70
100
AcDbEntity
  8
A-POR-___-___-EXI
100
AcDbLine
 10
-13721.5355800114
 20
10628.75497683274
 30
0.0
 11
-13729.75371971072
 21
10621.9065270833
 31
0.0
1001
REVIT
1002
{
1070
     1
1000
22995825
1002
}
1002
{
1070
     2
1000
-2000051
1002
}
1002
{
1070
     3
1000
22985857
1002
}
  0
LINE
  5
470
330
70
100
AcDbEntity
  8
A-ALV-___-___-EXI
100
AcDbLine
 10
-10450.42881384185
 20
14201.7374935933
 30
0.0
 11
-10454.10424911691
 21
14198.06205831824
 31
0.0
1001
REVIT
1002
{
1070
     1
1000
22995828
1002
}
1002
{
1070
     2
1000
-2000051
1002
}
1002
{
1070
     3
1000
22985857
1002
}
  0
LINE
  5
471
330
70
100
AcDbEntity
  8
A-ALV-___-___-EXI
100
AcDbLine
 10
-10551.84019880601
 20
14197.02068499031
 30
0.0
 11
-10553.31037291604
 21
14195.55051088028
 31
0.0
1001
REVIT
1002
{
1070
     1
1000
22995829
1002
}
1002
{
1070
     2
1000
-2000051
1002
}
1002
{
1070
     3
1000
22985857
1002
}
  0
LINE
  5
472
330
70
100
AcDbEntity
  8
A-ALV-___-___-EXI
100
AcDbLine
 10
-10655.60998807166
 20
14197.02068499031
 30
0.0
 11
-10659.7754813834
 21
14192.85519167859
 31
0.0
1001
REVIT
1002
{
1070
     1
1000
22995830
1002
}
1002
{
1070
     2
1000
-2000051
1002
}
1002
{
1070
     3
1000
22985857
1002
}
  0
LINE
  5
473
330
70
100
AcDbEntity
  8
A-ALV-___-___-EXI
100
AcDbLine
 10
-10757.02137303582
 20
14197.02068499031
 30
0.0
 11
-10763.82092829468
 21
14190.22112973146
 31
0.0
1001
REVIT
1002
{
1070
     1
1000
22995831
1002
}
1002
{
1070
     2
1000
-2000051
1002
}
1002
{
1070
     3
1000
22985857
1002
}
  0
LINE
  5
474
330
70
100
AcDbEntity
  8
A-POR-___-___-EXI
100
AcDbLine
 10
-11043.69851812831
 20
13910.34353989783
 30
0.0
 11
-11047.10510211935
 21
13906.93695590679
 31
0.0
1001
REVIT
1002
{
1070
     1
1000
22995831
1002
}
1002
{
1070
     2
1000
-2000051
1002
}
1002
{
1070
     3
1000
22985857
1002
}
  0
LINE
  5
475
330
70
100
AcDbEntity
  8
A-POR-___-___-EXI
100
AcDbLine
 10
-10860.79116230148
 20
14189.94547208584
 30
0.0
 11
-10863.0270520938
 21
14187.70958229351
 31
0.0
1001
REVIT
1002
{
1070
     1
1000
22995832
1002
}
1002
{
1070
     2
1000
-2000051
1002
}
1002
{
1070
     3
1000
22985857
1002
}
  0
LINE
  5
476
330
70
100
AcDbEntity
  8
A-POR-___-___-EXI
100
AcDbLine
 10
-10962.20254726564
 20
14189.94547208584
 30
0.0
 11
-10967.07249900508
 21
14185.07552034639
 31
0.0
1001
REVIT
1002
{
1070
     1
1000
22995833
1002
}
1002
{
1070
     2
1000
-2000051
1002
}
1002
{
1070
     3
1000
22985857
1002
}
  0
SPLINE
  5
478
330
70
100
AcDbEntity
  8
A-POR-___-___-EXI
100
AcDbSpline
210
0.0
220
0.0
230
1.0
 70
     8
 71
     3
 72
    12
 73
     8
 74
     0
 42
0.000000001
 43
0.0000000001
 40
0.0
 40
0.0
 40
0.0
 40
0.0
 40
0.125
 40
0.125
 40
0.125
 40
0.125001
 40
1.0
 40
1.0
 40
1.0
 40
1.0
 10
-12756.94822070117
 20
24449.00418357653
 30
0.0
 10
-12761.66502930415
 20
24243.82300934671
 30
0.0
 10
-12681.47928305342
 20
24043.35864371989
 30
0.0
 10
-12537.6166206624
 20
23894.77917272588
 30
0.0
 10
-12537.6166206624
 20
23894.77917272588
 30
0.0
 10
-12393.75395827138
 20
23748.55810603337
 30
0.0
 10
-12195.64799694604
 20
23663.65555117966
 30
0.0
 10
-11990.46682271623
 20
23663.65555117966
 30
0.0
1001
REVIT
1002
{
1070
     1
1000
22995835
1002
}
1002
{
1070
     2
1000
-2000051
1002
}
1002
{
1070
     3
1000
22985857
1002
}
  0
SPLINE
  5
47A
330
70
100
AcDbEntity
  8
A-POR-___-___-EXI
100
AcDbSpline
210
0.0
220
0.0
230
1.0
 70
     8
 71
     3
 72
    12
 73
     8
 74
     0
 42
0.000000001
 43
0.0000000001
 40
0.0
 40
0.0
 40
0.0
 40
0.0
 40
0.125
 40
0.125
 40
0.125
 40
0.125001
 40
1.0
 40
1.0
 40
1.0
 40
1.0
 10
-14396.03921023815
 20
13048.47779016364
 30
0.0
 10
-14188.49963170685
 20
13050.83619446514
 30
0.0
 10
-13992.752074683
 20
13135.73874931885
 30
0.0
 10
-13848.88941229198
 20
13284.31822031286
 30
0.0
 10
-13848.88941229198
 20
13284.31822031286
 30
0.0
 10
-13705.02674990097
 20
13432.89769130686
 30
0.0
 10
-13627.19940795173
 20
13631.0036526322
 30
0.0
 10
-13631.91621655471
 20
13838.5432311635
 30
0.0
1001
REVIT
1002
{
1070
     1
1000
22995837
1002
}
1002
{
1070
     2
1000
-2000051
1002
}
1002
{
1070
     3
1000
22985857
1002
}
  0
SPLINE
  5
47C
330
70
100
AcDbEntity
  8
A-POR-___-___-EXI
100
AcDbSpline
210
0.0
220
0.0
230
1.0
 70
     8
 71
     3
 72
    12
 73
     8
 74
     0
 42
0.000000001
 43
0.0000000001
 40
0.0
 40
0.0
 40
0.0
 40
0.0
 40
0.125
 40
0.125
 40
0.125
 40
0.125001
 40
1.0
 40
1.0
 40
1.0
 40
1.0
 10
-10113.17699872847
 20
12590.94735567419
 30
0.0
 10
-9905.637420197169
 20
12602.73937718165
 30
0.0
 10
-9714.606671776309
 20
12697.07554924133
 30
0.0
 10
-9577.819222289766
 20
12852.73023313981
 30
0.0
 10
-9577.819222289766
 20
12852.73023313981
 30
0.0
 10
-9441.031772803224
 20
13008.3849170383
 30
0.0
 10
-9374.996452361445
 20
13213.56609126811
 30
0.0
 10
-9389.146878170398
 20
13418.74726549792
 30
0.0
1001
REVIT
1002
{
1070
     1
1000
22995839
1002
}
1002
{
1070
     2
1000
-2000051
1002
}
1002
{
1070
     3
1000
22985857
1002
}
  0
SPLINE
  5
47D
330
70
100
AcDbEntity
  8
A-POR-___-___-EXI
100
AcDbSpline
210
0.0
220
0.0
230
1.0
 70
     8
 71
     3
 72
     8
 73
     4
 74
     0
 42
0.000000001
 43
0.0000000001
 40
0.0
 40
0.0
 40
0.0
 40
0.0
 40
1.0
 40
1.0
 40
1.0
 40
1.0
 10
-9466.97422011967
 20
23064.62085860067
 30
0.0
 10
-9471.691028722656
 20
23519.79288878865
 30
0.0
 10
-9844.318908358411
 20
23885.34555551993
 30
0.0
 10
-10299.49093854639
 20
23880.62874691694
 30
0.0
1001
REVIT
1002
{
1070
     1
1000
22995840
1002
}
1002
{
1070
     2
1000
-2000051
1002
}
1002
{
1070
     3
1000
22985857
1002
}
  0
SPLINE
  5
47E
330
70
100
AcDbEntity
  8
A-POR-___-___-EXI
100
AcDbSpline
210
0.0
220
0.0
230
1.0
 70
     8
 71
     3
 72
     8
 73
     4
 74
     0
 42
0.000000001
 43
0.0000000001
 40
0.0
 40
0.0
 40
0.0
 40
0.0
 40
1.0
 40
1.0
 40
1.0
 40
1.0
 10
-9660.363372842033
 20
25923.00687200912
 30
0.0
 10
-9662.721777143524
 20
26151.77208925385
 30
0.0
 10
-9849.035716961402
 20
26333.36922046874
 30
0.0
 10
-10077.80093420614
 20
26331.01081616724
 30
0.0
1001
REVIT
1002
{
1070
     1
1000
22995841
1002
}
1002
{
1070
     2
1000
-2000051
1002
}
1002
{
1070
     3
1000
22985857
1002
}
  0
SPLINE
  5
480
330
70
100
AcDbEntity
  8
A-POR-___-___-EXI
100
AcDbSpline
210
0.0
220
0.0
230
1.0
 70
     8
 71
     3
 72
    12
 73
     8
 74
     0
 42
0.000000001
 43
0.0000000001
 40
0.0
 40
0.0
 40
0.0
 40
0.0
 40
0.125
 40
0.125
 40
0.125
 40
0.125001
 40
1.0
 40
1.0
 40
1.0
 40
1.0
 10
-9257.076237286883
 20
26342.80283767471
 30
0.0
 10
-9365.56283515552
 20
26342.80283767471
 30
0.0
 10
-9471.691028722663
 20
26297.99315594636
 30
0.0
 10
-9547.159966370411
 20
26220.16581399712
 30
0.0
 10
-9547.159966370411
 20
26220.16581399712
 30
0.0
 10
-9624.987308319651
 20
26139.98006774639
 30
0.0
 10
-9667.438585746509
 20
26033.85187417924
 30
0.0
 10
-9665.080181445015
 20
25925.36527631061
 30
0.0
1001
REVIT
1002
{
1070
     1
1000
22995843
1002
}
1002
{
1070
     2
1000
-2000051
1002
}
1002
{
1070
     3
1000
22985857
1002
}
  0
SPLINE
  5
482
330
70
100
AcDbEntity
  8
A-POR-___-___-EXI
100
AcDbSpline
210
0.0
220
0.0
230
1.0
 70
     8
 71
     3
 72
    12
 73
     8
 74
     0
 42
0.000000001
 43
0.0000000001
 40
0.0
 40
0.0
 40
0.0
 40
0.0
 40
0.125
 40
0.125
 40
0.125
 40
0.125001
 40
1.0
 40
1.0
 40
1.0
 40
1.0
 10
-7726.471845618485
 20
22170.78562833517
 30
0.0
 10
-7728.830249919979
 20
22059.94062616503
 30
0.0
 10
-7686.37897249312
 20
21953.81243259789
 30
0.0
 10
-7610.910034845371
 20
21875.98509064865
 30
0.0
 10
-7610.910034845371
 20
21875.98509064865
 30
0.0
 10
-7535.441097197623
 20
21795.79934439792
 30
0.0
 10
-7429.312903630478
 20
21750.98966266957
 30
0.0
 10
-7320.826305761841
 20
21748.63125836808
 30
0.0
1001
REVIT
1002
{
1070
     1
1000
22995845
1002
}
1002
{
1070
     2
1000
-2000051
1002
}
1002
{
1070
     3
1000
22985857
1002
}
  0
SPLINE
  5
484
330
70
100
AcDbEntity
  8
A-POR-___-___-EXI
100
AcDbSpline
210
0.0
220
0.0
230
1.0
 70
     8
 71
     3
 72
    12
 73
     8
 74
     0
 42
0.000000001
 43
0.0000000001
 40
0.0
 40
0.0
 40
0.0
 40
0.0
 40
0.125
 40
0.125
 40
0.125
 40
0.125001
 40
1.0
 40
1.0
 40
1.0
 40
1.0
 10
-8148.626215585574
 20
21760.42327987553
 30
0.0
 10
-8037.781213415444
 20
21760.42327987553
 30
0.0
 10
-7931.653019848297
 20
21800.5161530009
 30
0.0
 10
-7853.825677899059
 20
21878.34349495014
 30
0.0
 10
-7853.825677899059
 20
21878.34349495014
 30
0.0
 10
-7773.639931648329
 20
21953.81243259789
 30
0.0
 10
-7728.830249919979
 20
22057.58222186354
 30
0.0
 10
-7726.471845618485
 20
22168.42722403367
 30
0.0
1001
REVIT
1002
{
1070
     1
1000
22995847
1002
}
1002
{
1070
     2
1000
-2000051
1002
}
1002
{
1070
     3
1000
22985857
1002
}
  0
SPLINE
  5
487
330
70
100
AcDbEntity
  8
A-POR-___-___-EXI
100
AcDbSpline
210
0.0
220
0.0
230
1.0
 70
     8
 71
     3
 72
    15
 73
    11
 74
     0
 42
0.000000001
 43
0.0000000001
 40
0.0
 40
0.0
 40
0.0
 40
0.0
 40
1.0
 40
1.0
 40
1.0
 40
1.125
 40
1.125
 40
1.125
 40
1.125000999999999
 40
2.0
 40
2.0
 40
2.0
 40
2.0
 10
-9075.479106071963
 20
17600.19809204344
 30
0.0
 10
-8846.713888827226
 20
17597.83968774195
 30
0.0
 10
-8660.399949009351
 20
17781.79522325833
 30
0.0
 10
-8658.04154470786
 20
18008.20203620158
 30
0.0
 10
-8658.041544707858
 20
17899.71543833294
 30
0.0
 10
-8615.590267280998
 20
17793.58724476579
 30
0.0
 10
-8540.121329633249
 20
17713.40149851506
 30
0.0
 10
-8540.121329633249
 20
17713.40149851506
 30
0.0
 10
-8462.293987684011
 20
17635.57415656582
 30
0.0
 10
-8358.524198418358
 20
17590.76447483747
 30
0.0
 10
-8250.03760054972
 20
17588.40607053598
 30
0.0
1001
REVIT
1002
{
1070
     1
1000
22995850
1002
}
1002
{
1070
     2
1000
-2000051
1002
}
1002
{
1070
     3
1000
22985857
1002
}
  0
SPLINE
  5
488
330
70
100
AcDbEntity
  8
A-POR-___-___-EXI
100
AcDbSpline
210
0.0
220
0.0
230
1.0
 70
     8
 71
     3
 72
     8
 73
     4
 74
     0
 42
0.000000001
 43
0.0000000001
 40
0.0
 40
0.0
 40
0.0
 40
0.0
 40
1.0
 40
1.0
 40
1.0
 40
1.0
 10
-10315.99976865682
 20
20687.34932269661
 30
0.0
 10
-9945.730293322561
 20
20682.63251409363
 30
0.0
 10
-9641.496138430079
 20
20977.43305178015
 30
0.0
 10
-9634.420925525605
 20
21347.70252711441
 30
0.0
1001
REVIT
1002
{
1070
     1
1000
22995851
1002
}
1002
{
1070
     2
1000
-2000051
1002
}
1002
{
1070
     3
1000
22985857
1002
}
  0
SPLINE
  5
48A
330
70
100
AcDbEntity
  8
A-POR-___-___-EXI
100
AcDbSpline
210
0.0
220
0.0
230
1.0
 70
     8
 71
     3
 72
    12
 73
     8
 74
     0
 42
0.000000001
 43
0.0000000001
 40
0.0
 40
0.0
 40
0.0
 40
0.0
 40
0.125
 40
0.125
 40
0.125
 40
0.125001
 40
1.0
 40
1.0
 40
1.0
 40
1.0
 10
-14636.59644899038
 20
22442.00212300674
 30
0.0
 10
-14766.30868557244
 20
22446.71893160972
 30
0.0
 10
-14891.30411355153
 20
22397.19244127838
 30
0.0
 10
-14983.28188130972
 20
22309.93148212318
 30
0.0
 10
-14983.28188130972
 20
22309.93148212318
 30
0.0
 10
-15077.6180533694
 20
22220.31211866647
 30
0.0
 10
-15131.86135230372
 20
22097.67509498888
 30
0.0
 10
-15134.21975660521
 20
21970.32126270831
 30
0.0
1001
REVIT
1002
{
1070
     1
1000
22995853
1002
}
1002
{
1070
     2
1000
-2000051
1002
}
1002
{
1070
     3
1000
22985857
1002
}
  0
SPLINE
  5
48B
330
70
100
AcDbEntity
  8
A-POR-___-___-EXI
100
AcDbSpline
210
0.0
220
0.0
230
1.0
 70
     8
 71
     3
 72
     8
 73
     4
 74
     0
 42
0.000000001
 43
0.0000000001
 40
0.0
 40
0.0
 40
0.0
 40
0.0
 40
1.0
 40
1.0
 40
1.0
 40
1.0
 10
-15141.29496950969
 20
21970.32126270831
 30
0.0
 10
-15134.21975660521
 20
22236.82094877692
 30
0.0
 10
-15346.47614373951
 20
22460.86935741868
 30
0.0
 10
-15615.33423410961
 20
22467.94457032314
 30
0.0
1001
REVIT
1002
{
1070
     1
1000
22995854
1002
}
1002
{
1070
     2
1000
-2000051
1002
}
1002
{
1070
     3
1000
22985857
1002
}
  0
SPLINE
  5
48C
330
70
100
AcDbEntity
  8
A-POR-___-___-EXI
100
AcDbSpline
210
0.0
220
0.0
230
1.0
 70
     8
 71
     3
 72
     8
 73
     4
 74
     0
 42
0.000000001
 43
0.0000000001
 40
0.0
 40
0.0
 40
0.0
 40
0.0
 40
1.0
 40
1.0
 40
1.0
 40
1.0
 10
-16395.96605790347
 20
12758.3940610801
 30
0.0
 10
-16398.32446220496
 20
12473.02714059956
 30
0.0
 10
-16167.20084065873
 20
12241.90351905334
 30
0.0
 10
-15881.83392017818
 20
12239.54511475184
 30
0.0
1001
REVIT
1002
{
1070
     1
1000
22995855
1002
}
1002
{
1070
     2
1000
-2000051
1002
}
1002
{
1070
     3
1000
22985857
1002
}
  0
SPLINE
  5
48D
330
70
100
AcDbEntity
  8
A-POR-___-___-EXI
100
AcDbSpline
210
0.0
220
0.0
230
1.0
 70
     8
 71
     3
 72
     8
 73
     4
 74
     0
 42
0.000000001
 43
0.0000000001
 40
0.0
 40
0.0
 40
0.0
 40
0.0
 40
1.0
 40
1.0
 40
1.0
 40
1.0
 10
-15879.47551587669
 20
12246.62032765632
 30
0.0
 10
-16164.84243635724
 20
12246.62032765632
 30
0.0
 10
-16395.96605790346
 20
12015.49670611009
 30
0.0
 10
-16395.96605790346
 20
11732.48818993104
 30
0.0
1001
REVIT
1002
{
1070
     1
1000
22995856
1002
}
1002
{
1070
     2
1000
-2000051
1002
}
1002
{
1070
     3
1000
22985857
1002
}
  0
SPLINE
  5
48E
330
70
100
AcDbEntity
  8
A-POR-___-___-EXI
100
AcDbSpline
210
0.0
220
0.0
230
1.0
 70
     8
 71
     3
 72
     8
 73
     4
 74
     0
 42
0.000000001
 43
0.0000000001
 40
0.0
 40
0.0
 40
0.0
 40
0.0
 40
1.0
 40
1.0
 40
1.0
 40
1.0
 10
-19204.82558098059
 20
16602.59307251224
 30
0.0
 10
-18806.25525402842
 20
16560.14179508539
 30
0.0
 10
-18447.77780020162
 20
16850.22552416892
 30
0.0
 10
-18405.32652277476
 20
17248.79585112108
 30
0.0
1001
REVIT
1002
{
1070
     1
1000
22995857
1002
}
1002
{
1070
     2
1000
-2000051
1002
}
1002
{
1070
     3
1000
22985857
1002
}
  0
SPLINE
  5
490
330
70
100
AcDbEntity
  8
A-POR-___-___-EXI
100
AcDbSpline
210
0.0
220
0.0
230
1.0
 70
     8
 71
     3
 72
    12
 73
     8
 74
     0
 42
0.000000001
 43
0.0000000001
 40
0.0
 40
0.0
 40
0.0
 40
0.0
 40
0.125
 40
0.125
 40
0.125
 40
0.125001
 40
1.0
 40
1.0
 40
1.0
 40
1.0
 10
-14254.53495214864
 20
18298.28576528509
 30
0.0
 10
-14254.53495214864
 20
18491.67491800744
 30
0.0
 10
-14334.72069839938
 20
18675.63045352383
 30
0.0
 10
-14471.50814788592
 20
18812.41790301037
 30
0.0
 10
-14471.50814788592
 20
18812.41790301037
 30
0.0
 10
-14610.65400167395
 20
18946.84694819542
 30
0.0
 10
-14794.60953719034
 20
19022.31588584317
 30
0.0
 10
-14987.99868991269
 20
19019.95748154167
 30
0.0
1001
REVIT
1002
{
1070
     1
1000
22995859
1002
}
1002
{
1070
     2
1000
-2000051
1002
}
1002
{
1070
     3
1000
22985857
1002
}
  0
SPLINE
  5
493
330
70
100
AcDbEntity
  8
A-MOB-___-___-EXI
100
AcDbSpline
210
0.0
220
0.0
230
1.0
 70
     8
 71
     3
 72
    16
 73
    12
 74
     0
 42
0.000000001
 43
0.0000000001
 40
0.0
 40
0.0
 40
0.0
 40
0.0
 40
0.0833333358168602
 40
0.0833333358168602
 40
0.0833333358168602
 40
0.0833343358168602
 40
0.1666666716337204
 40
0.1666666716337204
 40
0.1666666716337204
 40
0.1666676716337204
 40
1.0
 40
1.0
 40
1.0
 40
1.0
 10
-9294.810706110727
 20
16956.35371773609
 30
0.0
 10
-9280.660280301773
 20
16944.56169622863
 30
0.0
 10
-9261.793045889836
 20
16946.92010053012
 30
0.0
 10
-9252.359428683869
 20
16961.07052633908
 30
0.0
 10
-9252.359428683869
 20
16961.07052633908
 30
0.0
 10
-9240.567407176406
 20
16972.86254784653
 30
0.0
 10
-9240.567407176406
 20
16991.72978225847
 30
0.0
 10
-9252.359428683869
 20
17003.52180376594
 30
0.0
 10
-9252.359428683869
 20
17003.52180376594
 30
0.0
 10
-9261.793045889836
 20
17017.67222957489
 30
0.0
 10
-9280.660280301773
 20
17020.03063387638
 30
0.0
 10
-9294.810706110727
 20
17008.23861236892
 30
0.0
1001
REVIT
1002
{
1070
     1
1000
22995862
1002
}
1002
{
1070
     2
1000
-2000051
1002
}
1002
{
1070
     3
1000
22985857
1002
}
  0
SPLINE
  5
495
330
70
100
AcDbEntity
  8
A-MOB-___-___-EXI
100
AcDbSpline
210
0.0
220
0.0
230
1.0
 70
     8
 71
     3
 72
    11
 73
     7
 74
     0
 42
0.000000001
 43
0.0000000001
 40
0.0
 40
0.0
 40
0.0
 40
0.0
 40
1.0
 40
1.0
 40
1.0
 40
2.0
 40
2.0
 40
2.0
 40
2.0
 10
-6950.556830427565
 20
16961.07052633909
 30
0.0
 10
-6978.857682045471
 20
16961.07052633909
 30
0.0
 10
-7002.441725060392
 20
16937.48648332416
 30
0.0
 10
-7002.44172506039
 20
16909.18563170626
 30
0.0
 10
-7002.44172506039
 20
16880.88478008836
 30
0.0
 10
-6978.857682045469
 20
16859.65914137493
 30
0.0
 10
-6950.556830427564
 20
16859.65914137493
 30
0.0
1001
REVIT
1002
{
1070
     1
1000
22995864
1002
}
1002
{
1070
     2
1000
-2000051
1002
}
1002
{
1070
     3
1000
22985857
1002
}
  0
SPLINE
  5
496
330
70
100
AcDbEntity
  8
A-POR-___-___-EXI
100
AcDbSpline
210
0.0
220
0.0
230
1.0
 70
     8
 71
     3
 72
     8
 73
     4
 74
     0
 42
0.000000001
 43
0.0000000001
 40
0.0
 40
0.0
 40
0.0
 40
0.0
 40
1.0
 40
1.0
 40
1.0
 40
1.0
 10
-11506.99394091033
 20
18175.64874160751
 30
0.0
 10
-11509.35234521182
 20
18399.69715024926
 30
0.0
 10
-11683.87426352224
 20
18583.65268576564
 30
0.0
 10
-11905.5642678625
 20
18595.4447072731
 30
0.0
1001
REVIT
1002
{
1070
     1
1000
22995865
1002
}
1002
{
1070
     2
1000
-2000051
1002
}
1002
{
1070
     3
1000
22985857
1002
}
  0
SPLINE
  5
497
330
70
100
AcDbEntity
  8
A-POR-___-___-EXI
100
AcDbSpline
210
0.0
220
0.0
230
1.0
 70
     8
 71
     3
 72
     8
 73
     4
 74
     0
 42
0.000000001
 43
0.0000000001
 40
0.0
 40
0.0
 40
0.0
 40
0.0
 40
1.0
 40
1.0
 40
1.0
 40
1.0
 10
-11113.14042256115
 20
18607.23672878056
 30
0.0
 10
-11334.83042690141
 20
18590.72789867012
 30
0.0
 10
-11506.99394091033
 20
18406.77236315374
 30
0.0
 10
-11506.99394091033
 20
18182.72395451199
 30
0.0
1001
REVIT
1002
{
1070
     1
1000
22995866
1002
}
1002
{
1070
     2
1000
-2000051
1002
}
1002
{
1070
     3
1000
22985857
1002
}
  0
SPLINE
  5
498
330
70
100
AcDbEntity
  8
A-POR-___-___-EXI
100
AcDbSpline
210
0.0
220
0.0
230
1.0
 70
     8
 71
     3
 72
     8
 73
     4
 74
     0
 42
0.000000001
 43
0.0000000001
 40
0.0
 40
0.0
 40
0.0
 40
0.0
 40
1.0
 40
1.0
 40
1.0
 40
1.0
 10
-11896.13065065651
 20
13152.2475794293
 30
0.0
 10
-11436.24181186555
 20
13173.47321814273
 30
0.0
 10
-11077.76435803875
 20
13553.17631068296
 30
0.0
 10
-11084.83957094323
 20
14010.70674517243
 30
0.0
1001
REVIT
1002
{
1070
     1
1000
22995867
1002
}
1002
{
1070
     2
1000
-2000051
1002
}
1002
{
1070
     3
1000
22985857
1002
}
  0
SPLINE
  5
499
330
70
100
AcDbEntity
  8
A-POR-___-___-EXI
100
AcDbSpline
210
0.0
220
0.0
230
1.0
 70
     8
 71
     3
 72
     8
 73
     4
 74
     0
 42
0.000000001
 43
0.0000000001
 40
0.0
 40
0.0
 40
0.0
 40
0.0
 40
1.0
 40
1.0
 40
1.0
 40
1.0
 10
-6891.596722890286
 20
24399.47769324521
 30
0.0
 10
-6870.371084176854
 20
24206.08854052286
 30
0.0
 10
-6707.641187373901
 20
24062.22587813184
 30
0.0
 10
-6514.252034651545
 20
24066.94268673483
 30
0.0
1001
REVIT
1002
{
1070
     1
1000
22995868
1002
}
1002
{
1070
     2
1000
-2000051
1002
}
1002
{
1070
     3
1000
22985857
1002
}
  0
SPLINE
  5
49A
330
70
100
AcDbEntity
  8
A-POR-___-___-EXI
100
AcDbSpline
210
0.0
220
0.0
230
1.0
 70
    12
 71
     3
 72
    11
 73
     7
 74
     0
 42
0.000000001
 43
0.0000000001
 40
0.0
 40
0.0
 40
0.0
 40
0.0
 40
1.0
 40
1.0
 40
1.0
 40
2.0
 40
2.0
 40
2.0
 40
2.0
 10
-6483.592778732148
 20
24066.94268673483
 30
0.0
 41
1.0
 10
-6493.81253070528
 20
24066.94268673483
 30
0.0
 41
1.0
 10
-6504.032282678413
 20
24066.94268673483
 30
0.0
 41
1.0
 10
-6514.252034651545
 20
24066.94268673483
 30
0.0
 41
1.0
 10
-6707.641187373901
 20
24062.22587813184
 30
0.0
 41
1.0
 10
-6863.295871272376
 20
23911.28800283635
 30
0.0
 41
1.0
 10
-6875.087892779838
 20
23717.89885011399
 30
0.0
 41
1.0
1001
REVIT
1002
{
1070
     1
1000
22995869
1002
}
1002
{
1070
     2
1000
-2000051
1002
}
1002
{
1070
     3
1000
22985857
1002
}
  0
SPLINE
  5
49B
330
70
100
AcDbEntity
  8
A-POR-___-___-EXI
100
AcDbSpline
210
0.0
220
0.0
230
1.0
 70
     8
 71
     3
 72
     8
 73
     4
 74
     0
 42
0.000000001
 43
0.0000000001
 40
0.0
 40
0.0
 40
0.0
 40
0.0
 40
1.0
 40
1.0
 40
1.0
 40
1.0
 10
-17660.07076350323
 20
10341.02965205069
 30
0.0
 10
-17664.78757210622
 20
10746.67519190733
 30
0.0
 10
-17992.60577001362
 20
11069.77658121175
 30
0.0
 10
-18398.25130987026
 20
11074.49338981473
 30
0.0
1001
REVIT
1002
{
1070
     1
1000
22995870
1002
}
1002
{
1070
     2
1000
-2000051
1002
}
1002
{
1070
     3
1000
22985857
1002
}
  0
SPLINE
  5
49C
330
70
100
AcDbEntity
  8
A-POR-___-___-EXI
100
AcDbSpline
210
0.0
220
0.0
230
1.0
 70
     8
 71
     3
 72
     8
 73
     4
 74
     0
 42
0.000000001
 43
0.0000000001
 40
0.0
 40
0.0
 40
0.0
 40
0.0
 40
1.0
 40
1.0
 40
1.0
 40
1.0
 10
-13832.49239613051
 20
10617.06993581825
 30
0.0
 10
-13853.71513477033
 20
11053.31511897019
 30
0.0
 10
-14212.14360957626
 20
11397.59510134956
 30
0.0
 10
-14650.7468747993
 20
11399.95318342065
 30
0.0
1001
REVIT
1002
{
1070
     1
1000
22995871
1002
}
1002
{
1070
     2
1000
-2000051
1002
}
1002
{
1070
     3
1000
22985857
1002
}
  0
SPLINE
  5
49D
330
70
100
AcDbEntity
  8
A-POR-___-___-EXI
100
AcDbSpline
210
0.0
220
0.0
230
1.0
 70
     8
 71
     3
 72
     8
 73
     4
 74
     0
 42
0.000000001
 43
0.0000000001
 40
0.0
 40
0.0
 40
0.0
 40
0.0
 40
1.0
 40
1.0
 40
1.0
 40
1.0
 10
-16296.91307724082
 20
19659.08504724603
 30
0.0
 10
-16485.58542136019
 20
19666.16026015051
 30
0.0
 10
-16645.95691386165
 20
19527.01440636248
 30
0.0
 10
-16667.18255257508
 20
19340.7004665446
 30
0.0
1001
REVIT
1002
{
1070
     1
1000
22995872
1002
}
1002
{
1070
     2
1000
-2000051
1002
}
1002
{
1070
     3
1000
22985857
1002
}
  0
SPLINE
  5
49E
330
70
100
AcDbEntity
  8
A-POR-___-___-EXI
100
AcDbSpline
210
0.0
220
0.0
230
1.0
 70
     8
 71
     3
 72
     8
 73
     4
 74
     0
 42
0.000000001
 43
0.0000000001
 40
0.0
 40
0.0
 40
0.0
 40
0.0
 40
1.0
 40
1.0
 40
1.0
 40
1.0
 10
-16638.88170095718
 20
20008.12888386686
 30
0.0
 10
-16629.44808375121
 20
19821.81494404899
 30
0.0
 10
-16478.51020845571
 20
19673.23547305499
 30
0.0
 10
-16292.19626863783
 20
19666.16026015051
 30
0.0
1001
REVIT
1002
{
1070
     1
1000
22995873
1002
}
1002
{
1070
     2
1000
-2000051
1002
}
1002
{
1070
     3
1000
22985857
1002
}
  0
LINE
  5
49F
330
70
100
AcDbEntity
  8
A-POR-___-___-EXI
100
AcDbLine
 10
-14379.53038012775
 20
25177.75111273759
 30
0.0
 11
-14379.53038012775
 21
25432.45877729874
 31
0.0
1001
REVIT
1002
{
1070
     1
1000
22995962
1002
}
1002
{
1070
     2
1000
-2000051
1002
}
1002
{
1070
     3
1000
22985857
1002
}
  0
LINE
  5
4A1
330
70
100
AcDbEntity
  8
A-ALV-___-___-EXI
100
AcDbLine
 10
-10123.13756185472
 20
22210.40939106813
 30
0.0
 11
-10082.51774280911
 21
22208.52009715903
 31
0.0
1001
REVIT
1002
{
1070
     1
1000
22996140
1002
}
1002
{
1070
     2
1000
-2000051
1002
}
1002
{
1070
     3
1000
22985857
1002
}
  0
SPLINE
  5
4D5
330
70
100
AcDbEntity
  8
A-MOB-___-___-EXI
100
AcDbSpline
210
0.0
220
0.0
230
1.0
 70
     9
 71
     3
 72
    20
 73
    16
 74
     0
 42
0.000000001
 43
0.0000000001
 40
0.0
 40
0.0
 40
0.0
 40
0.0
 40
0.0625
 40
0.0625
 40
0.0625
 40
0.062501
 40
0.125
 40
0.125
 40
0.125
 40
0.125001
 40
0.1875
 40
0.1875
 40
0.1875
 40
0.187501
 40
1.0
 40
1.0
 40
1.0
 40
1.0
 10
-9419.806134089808
 20
17015.3138252734
 30
0.0
 10
-9438.673368501744
 20
17015.3138252734
 30
0.0
 10
-9452.823794310695
 20
17001.16339946444
 30
0.0
 10
-9452.823794310695
 20
16982.2961650525
 30
0.0
 10
-9452.823794310695
 20
16982.2961650525
 30
0.0
 10
-9452.823794310695
 20
16963.42893064056
 30
0.0
 10
-9438.673368501744
 20
16949.27850483162
 30
0.0
 10
-9419.806134089808
 20
16949.27850483162
 30
0.0
 10
-9419.806134089808
 20
16949.27850483162
 30
0.0
 10
-9403.297303979362
 20
16949.27850483162
 30
0.0
 10
-9386.788473868916
 20
16963.42893064056
 30
0.0
 10
-9386.788473868916
 20
16982.2961650525
 30
0.0
 10
-9386.788473868916
 20
16982.2961650525
 30
0.0
 10
-9386.788473868916
 20
17001.16339946444
 30
0.0
 10
-9403.297303979362
 20
17015.3138252734
 30
0.0
 10
-9419.806134089808
 20
17015.3138252734
 30
0.0
1001
REVIT
1002
{
1070
     1
1000
22996400
1002
}
1002
{
1070
     2
1000
-2000051
1002
}
1002
{
1070
     3
1000
22985857
1002
}
  0
SPLINE
  5
4D6
330
70
100
AcDbEntity
  8
A-MOB-___-___-EXI
100
AcDbSpline
210
0.0
220
0.0
230
1.0
 70
     8
 71
     3
 72
     8
 73
     4
 74
     0
 42
0.000000001
 43
0.0000000001
 40
0.0
 40
0.0
 40
0.0
 40
0.0
 40
1.0
 40
1.0
 40
1.0
 40
1.0
 10
-9316.036344824153
 20
16760.60616071225
 30
0.0
 10
-9332.545174934598
 20
16765.32296931523
 30
0.0
 10
-9353.770813648029
 20
16760.60616071225
 30
0.0
 10
-9365.562835155488
 20
16746.45573490329
 30
0.0
1001
REVIT
1002
{
1070
     1
1000
22996401
1002
}
1002
{
1070
     2
1000
-2000051
1002
}
1002
{
1070
     3
1000
22985857
1002
}
  0
SPLINE
  5
4D7
330
70
100
AcDbEntity
  8
A-MOB-___-___-EXI
100
AcDbSpline
210
0.0
220
0.0
230
1.0
 70
     8
 71
     3
 72
     8
 73
     4
 74
     0
 42
0.000000001
 43
0.0000000001
 40
0.0
 40
0.0
 40
0.0
 40
0.0
 40
1.0
 40
1.0
 40
1.0
 40
1.0
 10
-9365.56283515549
 20
17218.13659520171
 30
0.0
 10
-9353.770813648029
 20
17203.98616939277
 30
0.0
 10
-9332.545174934599
 20
17199.26936078978
 30
0.0
 10
-9316.036344824155
 20
17203.98616939277
 30
0.0
1001
REVIT
1002
{
1070
     1
1000
22996402
1002
}
1002
{
1070
     2
1000
-2000051
1002
}
1002
{
1070
     3
1000
22985857
1002
}
  0
SPLINE
  5
4DA
330
70
100
AcDbEntity
  8
A-MOB-___-___-EXI
100
AcDbSpline
210
0.0
220
0.0
230
1.0
 70
     8
 71
     3
 72
    16
 73
    12
 74
     0
 42
0.000000001
 43
0.0000000001
 40
0.0
 40
0.0
 40
0.0
 40
0.0
 40
0.0833333358168602
 40
0.0833333358168602
 40
0.0833333358168602
 40
0.0833343358168602
 40
0.1666666716337204
 40
0.1666666716337204
 40
0.1666666716337204
 40
0.1666676716337204
 40
1.0
 40
1.0
 40
1.0
 40
1.0
 10
-6665.189909947017
 20
16880.88478008836
 30
0.0
 10
-6665.189909947017
 20
16876.16797148537
 30
0.0
 10
-6662.831505645525
 20
16873.80956718388
 30
0.0
 10
-6660.473101344033
 20
16871.45116288238
 30
0.0
 10
-6660.473101344033
 20
16871.45116288238
 30
0.0
 10
-6658.114697042541
 20
16869.09275858089
 30
0.0
 10
-6653.397888439555
 20
16869.09275858089
 30
0.0
 10
-6651.039484138064
 20
16871.45116288238
 30
0.0
 10
-6651.039484138064
 20
16871.45116288238
 30
0.0
 10
-6648.681079836574
 20
16873.80956718388
 30
0.0
 10
-6646.32267553508
 20
16876.16797148537
 30
0.0
 10
-6646.32267553508
 20
16880.88478008836
 30
0.0
1001
REVIT
1002
{
1070
     1
1000
22996405
1002
}
1002
{
1070
     2
1000
-2000051
1002
}
1002
{
1070
     3
1000
22985857
1002
}
  0
SPLINE
  5
4DF
330
70
100
AcDbEntity
  8
A-MOB-___-___-EXI
100
AcDbSpline
210
0.0
220
0.0
230
1.0
 70
     9
 71
     3
 72
    20
 73
    16
 74
     0
 42
0.000000001
 43
0.0000000001
 40
0.0
 40
0.0
 40
0.0
 40
0.0
 40
0.0625
 40
0.0625
 40
0.0625
 40
0.062501
 40
0.125
 40
0.125
 40
0.125
 40
0.125001
 40
0.1875
 40
0.1875
 40
0.1875
 40
0.187501
 40
1.0
 40
1.0
 40
1.0
 40
1.0
 10
-6724.150017484321
 20
16831.35828975702
 30
0.0
 10
-6724.150017484321
 20
16826.64148115403
 30
0.0
 10
-6721.791613182827
 20
16821.92467255105
 30
0.0
 10
-6717.074804579843
 20
16821.92467255105
 30
0.0
 10
-6717.074804579843
 20
16821.92467255105
 30
0.0
 10
-6709.999591675368
 20
16821.92467255105
 30
0.0
 10
-6707.641187373877
 20
16826.64148115403
 30
0.0
 10
-6707.641187373877
 20
16831.35828975702
 30
0.0
 10
-6707.641187373877
 20
16831.35828975702
 30
0.0
 10
-6707.641187373877
 20
16836.07509836
 30
0.0
 10
-6709.999591675368
 20
16840.79190696299
 30
0.0
 10
-6714.716400278351
 20
16840.79190696299
 30
0.0
 10
-6714.716400278351
 20
16840.79190696299
 30
0.0
 10
-6721.791613182827
 20
16840.79190696299
 30
0.0
 10
-6724.150017484321
 20
16836.07509836
 30
0.0
 10
-6724.150017484321
 20
16831.35828975702
 30
0.0
1001
REVIT
1002
{
1070
     1
1000
22996410
1002
}
1002
{
1070
     2
1000
-2000051
1002
}
1002
{
1070
     3
1000
22985857
1002
}
  0
SPLINE
  5
4E3
330
70
100
AcDbEntity
  8
A-MOB-___-___-EXI
100
AcDbSpline
210
0.0
220
0.0
230
1.0
 70
     9
 71
     3
 72
    20
 73
    16
 74
     0
 42
0.000000001
 43
0.0000000001
 40
0.0
 40
0.0
 40
0.0
 40
0.0
 40
0.0625
 40
0.0625
 40
0.0625
 40
0.062501
 40
0.125
 40
0.125
 40
0.125
 40
0.125001
 40
0.1875
 40
0.1875
 40
0.1875
 40
0.187501
 40
1.0
 40
1.0
 40
1.0
 40
1.0
 10
-6724.150017484321
 20
16982.29616505251
 30
0.0
 10
-6724.150017484321
 20
16977.57935644953
 30
0.0
 10
-6721.791613182827
 20
16972.86254784654
 30
0.0
 10
-6717.074804579846
 20
16972.86254784654
 30
0.0
 10
-6717.074804579846
 20
16972.86254784654
 30
0.0
 10
-6709.999591675368
 20
16972.86254784654
 30
0.0
 10
-6707.641187373877
 20
16977.57935644953
 30
0.0
 10
-6707.641187373877
 20
16982.29616505251
 30
0.0
 10
-6707.641187373877
 20
16982.29616505251
 30
0.0
 10
-6707.641187373877
 20
16987.0129736555
 30
0.0
 10
-6709.999591675368
 20
16991.72978225848
 30
0.0
 10
-6714.716400278352
 20
16991.72978225848
 30
0.0
 10
-6714.716400278352
 20
16991.72978225848
 30
0.0
 10
-6721.791613182827
 20
16991.72978225848
 30
0.0
 10
-6724.150017484321
 20
16987.0129736555
 30
0.0
 10
-6724.150017484321
 20
16982.29616505251
 30
0.0
1001
REVIT
1002
{
1070
     1
1000
22996414
1002
}
1002
{
1070
     2
1000
-2000051
1002
}
1002
{
1070
     3
1000
22985857
1002
}
  0
SPLINE
  5
4E5
330
70
100
AcDbEntity
  8
A-MOB-___-___-EXI
100
AcDbSpline
210
0.0
220
0.0
230
1.0
 70
     8
 71
     3
 72
    15
 73
    11
 74
     0
 42
0.000000001
 43
0.0000000001
 40
0.0
 40
0.0
 40
0.0
 40
0.0
 40
1.0
 40
1.0
 40
1.0
 40
1.125
 40
1.125
 40
1.125
 40
1.125000999999999
 40
2.0
 40
2.0
 40
2.0
 40
2.0
 10
-6790.1853379261
 20
16850.22552416896
 30
0.0
 10
-6766.601294911179
 20
16885.60158869134
 30
0.0
 10
-6766.601294911179
 20
16932.76967472118
 30
0.0
 10
-6790.1853379261
 20
16970.50414354506
 30
0.0
 10
-6818.486189544005
 20
17012.95542097191
 30
0.0
 10
-6863.295871272356
 20
17043.61467689131
 30
0.0
 10
-6915.180765905183
 20
17055.40669839877
 30
0.0
 10
-6915.180765905183
 20
17055.40669839877
 30
0.0
 10
-6967.065660538009
 20
17064.84031560474
 30
0.0
 10
-7018.950555170836
 20
17053.04829409727
 30
0.0
 10
-7061.401832597693
 20
17022.38903817788
 30
0.0
1001
REVIT
1002
{
1070
     1
1000
22996416
1002
}
1002
{
1070
     2
1000
-2000051
1002
}
1002
{
1070
     3
1000
22985857
1002
}
  0
SPLINE
  5
4E6
330
70
100
AcDbEntity
  8
A-MOB-___-___-EXI
100
AcDbSpline
210
0.0
220
0.0
230
1.0
 70
     8
 71
     3
 72
     8
 73
     4
 74
     0
 42
0.000000001
 43
0.0000000001
 40
0.0
 40
0.0
 40
0.0
 40
0.0
 40
1.0
 40
1.0
 40
1.0
 40
1.0
 10
-6698.207570167908
 20
17003.52180376595
 30
0.0
 10
-6764.242890609688
 20
17053.04829409727
 30
0.0
 10
-6839.711828257434
 20
17083.70755001667
 30
0.0
 10
-6922.255978809658
 20
17095.49957152414
 30
0.0
1001
REVIT
1002
{
1070
     1
1000
22996417
1002
}
1002
{
1070
     2
1000
-2000051
1002
}
1002
{
1070
     3
1000
22985857
1002
}
  0
SPLINE
  5
4E7
330
70
100
AcDbEntity
  8
A-MOB-___-___-EXI
100
AcDbSpline
210
0.0
220
0.0
230
1.0
 70
     8
 71
     3
 72
     8
 73
     4
 74
     0
 42
0.000000001
 43
0.0000000001
 40
0.0
 40
0.0
 40
0.0
 40
0.0
 40
1.0
 40
1.0
 40
1.0
 40
1.0
 10
-6922.255978809658
 20
17097.85797582563
 30
0.0
 10
-6997.724916457404
 20
17107.2915930316
 30
0.0
 10
-7073.193854105155
 20
17076.63233711219
 30
0.0
 10
-7118.003535833503
 20
17017.67222957489
 30
0.0
1001
REVIT
1002
{
1070
     1
1000
22996418
1002
}
1002
{
1070
     2
1000
-2000051
1002
}
1002
{
1070
     3
1000
22985857
1002
}
  0
SPLINE
  5
4E8
330
70
100
AcDbEntity
  8
A-MOB-___-___-EXI
100
AcDbSpline
210
0.0
220
0.0
230
1.0
 70
     8
 71
     3
 72
     8
 73
     4
 74
     0
 42
0.000000001
 43
0.0000000001
 40
0.0
 40
0.0
 40
0.0
 40
0.0
 40
1.0
 40
1.0
 40
1.0
 40
1.0
 10
-7118.003535833503
 20
16803.05743813911
 30
0.0
 10
-7073.193854105153
 20
16744.09733060181
 30
0.0
 10
-7000.083320758898
 20
16711.07967038092
 30
0.0
 10
-6924.614383111151
 20
16720.51328758689
 30
0.0
1001
REVIT
1002
{
1070
     1
1000
22996419
1002
}
1002
{
1070
     2
1000
-2000051
1002
}
1002
{
1070
     3
1000
22985857
1002
}
  0
SPLINE
  5
4E9
330
70
100
AcDbEntity
  8
A-MOB-___-___-EXI
100
AcDbSpline
210
0.0
220
0.0
230
1.0
 70
     8
 71
     3
 72
     8
 73
     4
 74
     0
 42
0.000000001
 43
0.0000000001
 40
0.0
 40
0.0
 40
0.0
 40
0.0
 40
1.0
 40
1.0
 40
1.0
 40
1.0
 10
-7084.985875612614
 20
16821.92467255105
 30
0.0
 10
-7075.552258406644
 20
16812.49105534508
 30
0.0
 10
-7066.118641200677
 20
16805.41584244061
 30
0.0
 10
-7056.685023994707
 20
16798.34062953613
 30
0.0
1001
REVIT
1002
{
1070
     1
1000
22996420
1002
}
1002
{
1070
     2
1000
-2000051
1002
}
1002
{
1070
     3
1000
22985857
1002
}
  0
SPLINE
  5
4EA
330
70
100
AcDbEntity
  8
A-MOB-___-___-EXI
100
AcDbSpline
210
0.0
220
0.0
230
1.0
 70
     8
 71
     3
 72
     8
 73
     4
 74
     0
 42
0.000000001
 43
0.0000000001
 40
0.0
 40
0.0
 40
0.0
 40
0.0
 40
1.0
 40
1.0
 40
1.0
 40
1.0
 10
-7056.685023994709
 20
17022.38903817788
 30
0.0
 10
-7066.118641200678
 20
17015.3138252734
 30
0.0
 10
-7075.552258406645
 20
17005.88020806743
 30
0.0
 10
-7082.627471311123
 20
16998.80499516296
 30
0.0
1001
REVIT
1002
{
1070
     1
1000
22996421
1002
}
1002
{
1070
     2
1000
-2000051
1002
}
1002
{
1070
     3
1000
22985857
1002
}
  0
SPLINE
  5
4EB
330
70
100
AcDbEntity
  8
A-MOB-___-___-EXI
100
AcDbSpline
210
0.0
220
0.0
230
1.0
 70
     8
 71
     3
 72
     8
 73
     4
 74
     0
 42
0.000000001
 43
0.0000000001
 40
0.0
 40
0.0
 40
0.0
 40
0.0
 40
1.0
 40
1.0
 40
1.0
 40
1.0
 10
-6924.614383111151
 20
16722.87169188838
 30
0.0
 10
-6844.428636860418
 20
16734.66371339584
 30
0.0
 10
-6766.601294911179
 20
16765.32296931524
 30
0.0
 10
-6700.565974469398
 20
16812.49105534508
 30
0.0
1001
REVIT
1002
{
1070
     1
1000
22996422
1002
}
1002
{
1070
     2
1000
-2000051
1002
}
1002
{
1070
     3
1000
22985857
1002
}
  0
SPLINE
  5
4EC
330
70
100
AcDbEntity
  8
A-MOB-___-___-EXI
100
AcDbSpline
210
0.0
220
0.0
230
1.0
 70
     8
 71
     3
 72
     8
 73
     4
 74
     0
 42
0.000000001
 43
0.0000000001
 40
0.0
 40
0.0
 40
0.0
 40
0.0
 40
1.0
 40
1.0
 40
1.0
 40
1.0
 10
-6698.207570167906
 20
16826.64148115403
 30
0.0
 10
-6691.13235726343
 20
16831.35828975702
 30
0.0
 10
-6684.057144358956
 20
16836.07509836
 30
0.0
 10
-6674.623527152987
 20
16840.79190696299
 30
0.0
1001
REVIT
1002
{
1070
     1
1000
22996423
1002
}
1002
{
1070
     2
1000
-2000051
1002
}
1002
{
1070
     3
1000
22985857
1002
}
  0
SPLINE
  5
4ED
330
70
100
AcDbEntity
  8
A-MOB-___-___-EXI
100
AcDbSpline
210
0.0
220
0.0
230
1.0
 70
     8
 71
     3
 72
     8
 73
     4
 74
     0
 42
0.000000001
 43
0.0000000001
 40
0.0
 40
0.0
 40
0.0
 40
0.0
 40
1.0
 40
1.0
 40
1.0
 40
1.0
 10
-6698.207570167906
 20
16812.49105534508
 30
0.0
 10
-6695.849165866416
 20
16814.84945964657
 30
0.0
 10
-6695.849165866416
 20
16817.20786394807
 30
0.0
 10
-6695.849165866416
 20
16819.56626824956
 30
0.0
1001
REVIT
1002
{
1070
     1
1000
22996424
1002
}
1002
{
1070
     2
1000
-2000051
1002
}
1002
{
1070
     3
1000
22985857
1002
}
  0
SPLINE
  5
4EE
330
70
100
AcDbEntity
  8
A-MOB-___-___-EXI
100
AcDbSpline
210
0.0
220
0.0
230
1.0
 70
     8
 71
     3
 72
     8
 73
     4
 74
     0
 42
0.000000001
 43
0.0000000001
 40
0.0
 40
0.0
 40
0.0
 40
0.0
 40
1.0
 40
1.0
 40
1.0
 40
1.0
 10
-6674.623527152987
 20
16836.07509836
 30
0.0
 10
-6672.265122851493
 20
16838.4335026615
 30
0.0
 10
-6669.906718550001
 20
16840.79190696299
 30
0.0
 10
-6669.906718550001
 20
16843.15031126448
 30
0.0
1001
REVIT
1002
{
1070
     1
1000
22996425
1002
}
1002
{
1070
     2
1000
-2000051
1002
}
1002
{
1070
     3
1000
22985857
1002
}
  0
SPLINE
  5
4F0
330
70
100
AcDbEntity
  8
A-MOB-___-___-EXI
100
AcDbSpline
210
0.0
220
0.0
230
1.0
 70
     8
 71
     3
 72
    12
 73
     8
 74
     0
 42
0.000000001
 43
0.0000000001
 40
0.0
 40
0.0
 40
0.0
 40
0.0
 40
0.125
 40
0.125
 40
0.125
 40
0.125001
 40
1.0
 40
1.0
 40
1.0
 40
1.0
 10
-7063.760236899184
 20
16798.34062953613
 30
0.0
 10
-7021.308959472325
 20
16767.68137361673
 30
0.0
 10
-6967.065660538008
 20
16755.88935210927
 30
0.0
 10
-6915.180765905183
 20
16765.32296931524
 30
0.0
 10
-6915.180765905183
 20
16765.32296931524
 30
0.0
 10
-6865.654275573847
 20
16774.75658652121
 30
0.0
 10
-6820.844593845497
 20
16805.41584244061
 30
0.0
 10
-6792.54374222759
 20
16847.86711986746
 30
0.0
1001
REVIT
1002
{
1070
     1
1000
22996427
1002
}
1002
{
1070
     2
1000
-2000051
1002
}
1002
{
1070
     3
1000
22985857
1002
}
  0
SPLINE
  5
4F2
330
70
100
AcDbEntity
  8
A-MOB-___-___-EXI
100
AcDbSpline
210
0.0
220
0.0
230
1.0
 70
     8
 71
     3
 72
    12
 73
     8
 74
     0
 42
0.000000001
 43
0.0000000001
 40
0.0
 40
0.0
 40
0.0
 40
0.0
 40
0.125
 40
0.125
 40
0.125
 40
0.125001
 40
1.0
 40
1.0
 40
1.0
 40
1.0
 10
-6646.322675535081
 20
16935.12807902267
 30
0.0
 10
-6646.322675535081
 20
16939.84488762566
 30
0.0
 10
-6651.039484138066
 20
16942.20329192715
 30
0.0
 10
-6655.75629274105
 20
16942.20329192715
 30
0.0
 10
-6655.75629274105
 20
16942.20329192715
 30
0.0
 10
-6660.473101344035
 20
16942.20329192715
 30
0.0
 10
-6665.189909947017
 20
16939.84488762566
 30
0.0
 10
-6665.189909947017
 20
16935.12807902267
 30
0.0
1001
REVIT
1002
{
1070
     1
1000
22996429
1002
}
1002
{
1070
     2
1000
-2000051
1002
}
1002
{
1070
     3
1000
22985857
1002
}
  0
SPLINE
  5
4F3
330
70
100
AcDbEntity
  8
A-MOB-___-___-EXI
100
AcDbSpline
210
0.0
220
0.0
230
1.0
 70
     8
 71
     3
 72
     8
 73
     4
 74
     0
 42
0.000000001
 43
0.0000000001
 40
0.0
 40
0.0
 40
0.0
 40
0.0
 40
1.0
 40
1.0
 40
1.0
 40
1.0
 10
-6669.906718550002
 20
16970.50414354506
 30
0.0
 10
-6669.906718550002
 20
16972.86254784654
 30
0.0
 10
-6672.265122851495
 20
16975.22095214804
 30
0.0
 10
-6674.623527152988
 20
16977.57935644953
 30
0.0
1001
REVIT
1002
{
1070
     1
1000
22996430
1002
}
1002
{
1070
     2
1000
-2000051
1002
}
1002
{
1070
     3
1000
22985857
1002
}
  0
SPLINE
  5
4F4
330
70
100
AcDbEntity
  8
A-MOB-___-___-EXI
100
AcDbSpline
210
0.0
220
0.0
230
1.0
 70
     8
 71
     3
 72
     8
 73
     4
 74
     0
 42
0.000000001
 43
0.0000000001
 40
0.0
 40
0.0
 40
0.0
 40
0.0
 40
1.0
 40
1.0
 40
1.0
 40
1.0
 10
-6695.849165866416
 20
17001.16339946446
 30
0.0
 10
-6695.849165866416
 20
17003.52180376595
 30
0.0
 10
-6695.849165866416
 20
17005.88020806744
 30
0.0
 10
-6698.207570167908
 20
17008.23861236892
 30
0.0
1001
REVIT
1002
{
1070
     1
1000
22996431
1002
}
1002
{
1070
     2
1000
-2000051
1002
}
1002
{
1070
     3
1000
22985857
1002
}
  0
SPLINE
  5
4F5
330
70
100
AcDbEntity
  8
A-MOB-___-___-EXI
100
AcDbSpline
210
0.0
220
0.0
230
1.0
 70
     8
 71
     3
 72
     8
 73
     4
 74
     0
 42
0.000000001
 43
0.0000000001
 40
0.0
 40
0.0
 40
0.0
 40
0.0
 40
1.0
 40
1.0
 40
1.0
 40
1.0
 10
-6672.265122851495
 20
16977.57935644953
 30
0.0
 10
-6681.698740057463
 20
16982.29616505251
 30
0.0
 10
-6688.773952961938
 20
16987.0129736555
 30
0.0
 10
-6695.849165866416
 20
16991.72978225848
 30
0.0
1001
REVIT
1002
{
1070
     1
1000
22996432
1002
}
1002
{
1070
     2
1000
-2000051
1002
}
1002
{
1070
     3
1000
22985857
1002
}
  0
SPLINE
  5
4F6
330
70
100
AcDbEntity
  8
A-MOB-___-___-EXI
100
AcDbSpline
210
0.0
220
0.0
230
1.0
 70
     8
 71
     3
 72
     8
 73
     4
 74
     0
 42
0.000000001
 43
0.0000000001
 40
0.0
 40
0.0
 40
0.0
 40
0.0
 40
1.0
 40
1.0
 40
1.0
 40
1.0
 10
-7084.985875612614
 20
16996.44659086146
 30
0.0
 10
-7127.437153039473
 20
16946.92010053013
 30
0.0
 10
-7127.437153039472
 20
16873.80956718387
 30
0.0
 10
-7084.985875612614
 20
16824.28307685254
 30
0.0
1001
REVIT
1002
{
1070
     1
1000
22996433
1002
}
1002
{
1070
     2
1000
-2000051
1002
}
1002
{
1070
     3
1000
22985857
1002
}
  0
SPLINE
  5
4F7
330
70
100
AcDbEntity
  8
A-MOB-___-___-EXI
100
AcDbSpline
210
0.0
220
0.0
230
1.0
 70
     8
 71
     3
 72
     8
 73
     4
 74
     0
 42
0.000000001
 43
0.0000000001
 40
0.0
 40
0.0
 40
0.0
 40
0.0
 40
1.0
 40
1.0
 40
1.0
 40
1.0
 10
-7122.720344436489
 20
17017.67222957489
 30
0.0
 10
-7172.246834767822
 20
16953.99531343461
 30
0.0
 10
-7172.24683476782
 20
16866.7343542794
 30
0.0
 10
-7125.078748737981
 20
16803.05743813911
 30
0.0
1001
REVIT
1002
{
1070
     1
1000
22996434
1002
}
1002
{
1070
     2
1000
-2000051
1002
}
1002
{
1070
     3
1000
22985857
1002
}
  0
SPLINE
  5
4FB
330
70
100
AcDbEntity
  8
A-MOB-___-___-EXI
100
AcDbSpline
210
0.0
220
0.0
230
1.0
 70
     9
 71
     3
 72
    20
 73
    16
 74
     0
 42
0.000000001
 43
0.0000000001
 40
0.0
 40
0.0
 40
0.0
 40
0.0
 40
0.0625
 40
0.0625
 40
0.0625
 40
0.062501
 40
0.125
 40
0.125
 40
0.125
 40
0.125001
 40
0.1875
 40
0.1875
 40
0.1875
 40
0.187501
 40
1.0
 40
1.0
 40
1.0
 40
1.0
 10
-7441.104925137918
 20
15130.94878838121
 30
0.0
 10
-7448.180138042393
 20
15130.94878838121
 30
0.0
 10
-7455.255350946869
 20
15126.23197977822
 30
0.0
 10
-7455.255350946869
 20
15116.79836257225
 30
0.0
 10
-7455.255350946869
 20
15116.79836257225
 30
0.0
 10
-7455.255350946869
 20
15107.36474536628
 30
0.0
 10
-7448.180138042393
 20
15102.64793676329
 30
0.0
 10
-7441.104925137918
 20
15102.64793676329
 30
0.0
 10
-7441.104925137918
 20
15102.64793676329
 30
0.0
 10
-7431.671307931948
 20
15102.64793676329
 30
0.0
 10
-7424.596095027474
 20
15107.36474536628
 30
0.0
 10
-7424.596095027474
 20
15116.79836257225
 30
0.0
 10
-7424.596095027474
 20
15116.79836257225
 30
0.0
 10
-7424.596095027474
 20
15126.23197977822
 30
0.0
 10
-7431.671307931948
 20
15130.94878838121
 30
0.0
 10
-7441.104925137918
 20
15130.94878838121
 30
0.0
1001
REVIT
1002
{
1070
     1
1000
22996438
1002
}
1002
{
1070
     2
1000
-2000051
1002
}
1002
{
1070
     3
1000
22985857
1002
}
  0
SPLINE
  5
4FF
330
70
100
AcDbEntity
  8
A-MOB-___-___-EXI
100
AcDbSpline
210
0.0
220
0.0
230
1.0
 70
     9
 71
     3
 72
    20
 73
    16
 74
     0
 42
0.000000001
 43
0.0000000001
 40
0.0
 40
0.0
 40
0.0
 40
0.0
 40
0.0625
 40
0.0625
 40
0.0625
 40
0.062501
 40
0.125
 40
0.125
 40
0.125
 40
0.125001
 40
0.1875
 40
0.1875
 40
0.1875
 40
0.187501
 40
1.0
 40
1.0
 40
1.0
 40
1.0
 10
-7441.104925137918
 20
15161.6080443006
 30
0.0
 10
-7464.688968152839
 20
15161.6080443006
 30
0.0
 10
-7485.914606866268
 20
15142.74080988866
 30
0.0
 10
-7485.914606866268
 20
15116.79836257225
 30
0.0
 10
-7485.914606866268
 20
15116.79836257225
 30
0.0
 10
-7485.914606866268
 20
15090.85591525584
 30
0.0
 10
-7464.688968152839
 20
15071.9886808439
 30
0.0
 10
-7441.104925137918
 20
15071.9886808439
 30
0.0
 10
-7441.104925137918
 20
15071.9886808439
 30
0.0
 10
-7415.162477821502
 20
15071.9886808439
 30
0.0
 10
-7396.295243409567
 20
15090.85591525584
 30
0.0
 10
-7396.295243409567
 20
15116.79836257225
 30
0.0
 10
-7396.295243409567
 20
15116.79836257225
 30
0.0
 10
-7396.295243409567
 20
15142.74080988866
 30
0.0
 10
-7415.162477821502
 20
15161.6080443006
 30
0.0
 10
-7441.104925137918
 20
15161.6080443006
 30
0.0
1001
REVIT
1002
{
1070
     1
1000
22996442
1002
}
1002
{
1070
     2
1000
-2000051
1002
}
1002
{
1070
     3
1000
22985857
1002
}
  0
SPLINE
  5
503
330
70
100
AcDbEntity
  8
A-MOB-___-___-EXI
100
AcDbSpline
210
0.0
220
0.0
230
1.0
 70
     8
 71
     3
 72
    20
 73
    16
 74
     0
 42
0.000000001
 43
0.0000000001
 40
0.0
 40
0.0
 40
0.0
 40
0.0
 40
0.0625
 40
0.0625
 40
0.0625
 40
0.062501
 40
0.125
 40
0.125
 40
0.125
 40
0.125001
 40
0.1875
 40
0.1875
 40
0.1875
 40
0.187501
 40
1.0
 40
1.0
 40
1.0
 40
1.0
 10
-7415.162477821502
 20
15053.12144643196
 30
0.0
 10
-7384.503221902106
 20
15064.91346793942
 30
0.0
 10
-7365.635987490169
 20
15097.93112816031
 30
0.0
 10
-7372.711200394646
 20
15130.94878838121
 30
0.0
 10
-7372.711200394646
 20
15130.94878838121
 30
0.0
 10
-7377.428008997632
 20
15161.6080443006
 30
0.0
 10
-7408.087264917027
 20
15185.19208731552
 30
0.0
 10
-7441.104925137918
 20
15185.19208731552
 30
0.0
 10
-7441.104925137918
 20
15185.19208731552
 30
0.0
 10
-7474.122585358808
 20
15185.19208731552
 30
0.0
 10
-7502.423436976712
 20
15161.6080443006
 30
0.0
 10
-7509.498649881187
 20
15130.94878838121
 30
0.0
 10
-7509.498649881187
 20
15130.94878838121
 30
0.0
 10
-7514.215458484172
 20
15097.93112816031
 30
0.0
 10
-7497.706628373729
 20
15064.91346793942
 30
0.0
 10
-7467.047372454331
 20
15053.12144643196
 30
0.0
1001
REVIT
1002
{
1070
     1
1000
22996446
1002
}
1002
{
1070
     2
1000
-2000051
1002
}
1002
{
1070
     3
1000
22985857
1002
}
  0
LINE
  5
504
330
70
100
AcDbEntity
  8
A-POR-___-___-EXI
100
AcDbLine
 10
-11047.10510212564
 20
18017.63565340754
 30
0.0
 11
-11077.76435803876
 21
18017.63565340754
 31
0.0
1001
REVIT
1002
{
1070
     1
1000
22996460
1002
}
1002
{
1070
     2
1000
-2000051
1002
}
1002
{
1070
     3
1000
22985857
1002
}
  0
LINE
  5
506
330
70
100
AcDbEntity
  8
A-POR-___-___-EXI
100
AcDbLine
 10
-11084.83957094324
 20
18319.51140399853
 30
0.0
 11
-11054.18031502384
 21
18319.51140399853
 31
0.0
1001
REVIT
1002
{
1070
     1
1000
22996462
1002
}
1002
{
1070
     2
1000
-2000051
1002
}
1002
{
1070
     3
1000
22985857
1002
}
  0
LINE
  5
507
330
70
100
AcDbEntity
  8
A-JAN-___-___-EXI
100
AcDbLine
 10
-9122.647192109042
 20
29380.42757799655
 30
0.0
 11
-9091.987936182443
 21
29380.42757799655
 31
0.0
1001
REVIT
1002
{
1070
     1
1000
22996474
1002
}
1002
{
1070
     2
1000
-2000051
1002
}
1002
{
1070
     3
1000
22985857
1002
}
  0
LINE
  5
50C
330
70
100
AcDbEntity
  8
A-JAN-___-___-EXI
100
AcDbLine
 10
-10632.02594505679
 20
27189.46998191092
 30
0.0
 11
-10632.02594505679
 21
27158.81072599097
 31
0.0
1001
REVIT
1002
{
1070
     1
1000
22996482
1002
}
1002
{
1070
     2
1000
-2000051
1002
}
1002
{
1070
     3
1000
22985857
1002
}
  0
LINE
  5
50D
330
70
100
AcDbEntity
  8
A-POR-___-___-EXI
100
AcDbLine
 10
-17645.92033769428
 20
10164.14932943877
 30
0.0
 11
-17660.07076350323
 21
10489.60912304469
 31
0.0
1001
REVIT
1002
{
1070
     1
1000
22996487
1002
}
1002
{
1070
     2
1000
-2000051
1002
}
1002
{
1070
     3
1000
22985857
1002
}
  0
LINE
  5
513
330
70
100
AcDbEntity
  8
A-POR-___-___-EXI
100
AcDbLine
 10
-18419.47694858369
 20
10133.49007351938
 30
0.0
 11
-18388.81769266429
 21
10138.20688212236
 31
0.0
1001
REVIT
1002
{
1070
     1
1000
22996494
1002
}
1002
{
1070
     2
1000
-2000051
1002
}
1002
{
1070
     3
1000
22985857
1002
}
  0
LINE
  5
514
330
70
100
AcDbEntity
  8
A-POR-___-___-EXI
100
AcDbLine
 10
-18400.60971417175
 20
10374.04731227157
 30
0.0
 11
-17660.07076350323
 21
10397.6313552865
 31
0.0
1001
REVIT
1002
{
1070
     1
1000
22996495
1002
}
1002
{
1070
     2
1000
-2000051
1002
}
1002
{
1070
     3
1000
22985857
1002
}
  0
LINE
  5
517
330
70
100
AcDbEntity
  8
A-POR-___-___-EXI
100
AcDbLine
 10
-18400.60971417175
 20
10289.14475741785
 30
0.0
 11
-17652.99555059876
 21
10315.08720473427
 31
0.0
1001
REVIT
1002
{
1070
     1
1000
22996498
1002
}
1002
{
1070
     2
1000
-2000051
1002
}
1002
{
1070
     3
1000
22985857
1002
}
  0
LINE
  5
518
330
70
100
AcDbEntity
  8
A-POR-___-___-EXI
100
AcDbLine
 10
-18395.89290556877
 20
10234.90145848354
 30
0.0
 11
-17652.99555059876
 21
10258.48550149846
 31
0.0
1001
REVIT
1002
{
1070
     1
1000
22996499
1002
}
1002
{
1070
     2
1000
-2000051
1002
}
1002
{
1070
     3
1000
22985857
1002
}
  0
LINE
  5
522
330
70
100
AcDbEntity
  8
A-JAN-___-___-EXI
100
AcDbLine
 10
-7915.144189737877
 20
29059.68459299363
 30
0.0
 11
-7943.445041355783
 21
29059.68459299363
 31
0.0
1001
REVIT
1002
{
1070
     1
1000
22996522
1002
}
1002
{
1070
     2
1000
-2000051
1002
}
1002
{
1070
     3
1000
22985857
1002
}
  0
LINE
  5
524
330
70
100
AcDbEntity
  8
A-JAN-___-___-EXI
100
AcDbLine
 10
-9091.987936182443
 20
29283.73300163538
 30
0.0
 11
-7943.445041355783
 21
29283.73300163538
 31
0.0
1001
REVIT
1002
{
1070
     1
1000
22996524
1002
}
1002
{
1070
     2
1000
-2000051
1002
}
1002
{
1070
     3
1000
22985857
1002
}
  0
LINE
  5
525
330
70
100
AcDbEntity
  8
A-JAN-___-___-EXI
100
AcDbLine
 10
-9091.987936182443
 20
29229.48970270106
 30
0.0
 11
-7943.445041355783
 21
29229.48970270106
 31
0.0
1001
REVIT
1002
{
1070
     1
1000
22996525
1002
}
1002
{
1070
     2
1000
-2000051
1002
}
1002
{
1070
     3
1000
22985857
1002
}
  0
LINE
  5
526
330
70
100
AcDbEntity
  8
A-JAN-___-___-EXI
100
AcDbLine
 10
-9091.987936182443
 20
29198.83044678166
 30
0.0
 11
-7943.445041355783
 21
29198.83044678167
 31
0.0
1001
REVIT
1002
{
1070
     1
1000
22996526
1002
}
1002
{
1070
     2
1000
-2000051
1002
}
1002
{
1070
     3
1000
22985857
1002
}
  0
LINE
  5
527
330
70
100
AcDbEntity
  8
A-JAN-___-___-EXI
100
AcDbLine
 10
-9091.987936182443
 20
29144.58714784734
 30
0.0
 11
-7943.445041355783
 21
29144.58714784734
 31
0.0
1001
REVIT
1002
{
1070
     1
1000
22996527
1002
}
1002
{
1070
     2
1000
-2000051
1002
}
1002
{
1070
     3
1000
22985857
1002
}
  0
LINE
  5
52A
330
70
100
AcDbEntity
  8
A-JAN-___-___-EXI
100
AcDbLine
 10
-15160.16220392164
 20
24484.38024809891
 30
0.0
 11
-15160.16220392164
 21
24786.25599868989
 31
0.0
1001
REVIT
1002
{
1070
     1
1000
22996539
1002
}
1002
{
1070
     2
1000
-2000051
1002
}
1002
{
1070
     3
1000
22985857
1002
}
  0
LINE
  5
530
330
70
100
AcDbEntity
  8
A-JAN-___-___-EXI
100
AcDbLine
 10
-16306.3466944468
 20
24720.22067824811
 30
0.0
 11
-15160.16220392164
 21
24708.42865674065
 31
0.0
1001
REVIT
1002
{
1070
     1
1000
22996545
1002
}
1002
{
1070
     2
1000
-2000051
1002
}
1002
{
1070
     3
1000
22985857
1002
}
  0
LINE
  5
531
330
70
100
AcDbEntity
  8
A-JAN-___-___-EXI
100
AcDbLine
 10
-16306.3466944468
 20
24665.9773793138
 30
0.0
 11
-15160.16220392164
 21
24654.18535780634
 31
0.0
1001
REVIT
1002
{
1070
     1
1000
22996546
1002
}
1002
{
1070
     2
1000
-2000051
1002
}
1002
{
1070
     3
1000
22985857
1002
}
  0
LINE
  5
532
330
70
100
AcDbEntity
  8
A-JAN-___-___-EXI
100
AcDbLine
 10
-16306.3466944468
 20
24635.31812339439
 30
0.0
 11
-15160.16220392164
 21
24623.52610188694
 31
0.0
1001
REVIT
1002
{
1070
     1
1000
22996547
1002
}
1002
{
1070
     2
1000
-2000051
1002
}
1002
{
1070
     3
1000
22985857
1002
}
  0
LINE
  5
533
330
70
100
AcDbEntity
  8
A-JAN-___-___-EXI
100
AcDbLine
 10
-16313.42190735128
 20
24581.07482446008
 30
0.0
 11
-15160.16220392164
 21
24569.28280295262
 31
0.0
1001
REVIT
1002
{
1070
     1
1000
22996548
1002
}
1002
{
1070
     2
1000
-2000051
1002
}
1002
{
1070
     3
1000
22985857
1002
}
  0
LINE
  5
534
330
70
100
AcDbEntity
  8
A-JAN-___-___-EXI
100
AcDbLine
 10
-16306.34669444736
 20
24805.12323310183
 30
0.0
 11
-16329.93073746173
 21
24805.12323310183
 31
0.0
1001
REVIT
1002
{
1070
     1
1000
22996549
1002
}
1002
{
1070
     2
1000
-2000051
1002
}
1002
{
1070
     3
1000
22985857
1002
}
  0
LINE
  5
535
330
70
100
AcDbEntity
  8
A-JAN-___-___-EXI
100
AcDbLine
 10
-17018.58479349742
 20
24507.96429111381
 30
0.0
 11
-17018.58479349742
 21
24809.84004170481
 31
0.0
1001
REVIT
1002
{
1070
     1
1000
22996554
1002
}
1002
{
1070
     2
1000
-2000051
1002
}
1002
{
1070
     3
1000
22985857
1002
}
  0
LINE
  5
53B
330
70
100
AcDbEntity
  8
A-JAN-___-___-EXI
100
AcDbLine
 10
-18167.12768832408
 20
24743.80472126302
 30
0.0
 11
-17018.58479349742
 21
24732.01269975557
 31
0.0
1001
REVIT
1002
{
1070
     1
1000
22996564
1002
}
1002
{
1070
     2
1000
-2000051
1002
}
1002
{
1070
     3
1000
22985857
1002
}
  0
LINE
  5
53C
330
70
100
AcDbEntity
  8
A-JAN-___-___-EXI
100
AcDbLine
 10
-18167.12768832408
 20
24689.5614223287
 30
0.0
 11
-17018.58479349742
 21
24677.76940082125
 31
0.0
1001
REVIT
1002
{
1070
     1
1000
22996565
1002
}
1002
{
1070
     2
1000
-2000051
1002
}
1002
{
1070
     3
1000
22985857
1002
}
  0
LINE
  5
53D
330
70
100
AcDbEntity
  8
A-JAN-___-___-EXI
100
AcDbLine
 10
-18167.12768832408
 20
24658.90216640931
 30
0.0
 11
-17018.58479349742
 21
24647.11014490185
 31
0.0
1001
REVIT
1002
{
1070
     1
1000
22996566
1002
}
1002
{
1070
     2
1000
-2000051
1002
}
1002
{
1070
     3
1000
22985857
1002
}
  0
LINE
  5
53E
330
70
100
AcDbEntity
  8
A-JAN-___-___-EXI
100
AcDbLine
 10
-18171.84449692707
 20
24604.65886747499
 30
0.0
 11
-17018.58479349742
 21
24592.86684596753
 31
0.0
1001
REVIT
1002
{
1070
     1
1000
22996567
1002
}
1002
{
1070
     2
1000
-2000051
1002
}
1002
{
1070
     3
1000
22985857
1002
}
  0
LINE
  5
53F
330
70
100
AcDbEntity
  8
A-JAN-___-___-EXI
100
AcDbLine
 10
-18167.12768832461
 20
24828.70727611674
 30
0.0
 11
-18195.42853994198
 21
24828.70727611674
 31
0.0
1001
REVIT
1002
{
1070
     1
1000
22996568
1002
}
1002
{
1070
     2
1000
-2000051
1002
}
1002
{
1070
     3
1000
22985857
1002
}
  0
LINE
  5
543
330
70
100
AcDbEntity
  8
A-POR-___-___-EXI
100
AcDbLine
 10
-12839.41867111897
 20
24557.49078144516
 30
0.0
 11
-12738.08098628924
 21
24557.49078144516
 31
0.0
1001
REVIT
1002
{
1070
     1
1000
22996583
1002
}
1002
{
1070
     2
1000
-2000051
1002
}
1002
{
1070
     3
1000
22985857
1002
}
  0
LINE
  5
54F
330
70
100
AcDbEntity
  8
A-POR-___-___-EXI
100
AcDbLine
 10
-11881.9802248476
 20
24743.80472126305
 30
0.0
 11
-12834.77556265041
 21
24755.5967427705
 31
0.0
1001
REVIT
1002
{
1070
     1
1000
22996601
1002
}
1002
{
1070
     2
1000
-2000051
1002
}
1002
{
1070
     3
1000
22985857
1002
}
  0
LINE
  5
550
330
70
100
AcDbEntity
  8
A-POR-___-___-EXI
100
AcDbLine
 10
-13543.88140598808
 20
13942.31302042916
 30
0.0
 11
-13643.70823806217
 21
13942.31302042916
 31
0.0
1001
REVIT
1002
{
1070
     1
1000
22996607
1002
}
1002
{
1070
     2
1000
-2000051
1002
}
1002
{
1070
     3
1000
22985857
1002
}
  0
LINE
  5
555
330
70
100
AcDbEntity
  8
A-POR-___-___-EXI
100
AcDbLine
 10
-14502.1674038053
 20
13923.44578601722
 30
0.0
 11
-14398.39761453965
 21
13930.52099892169
 31
0.0
1001
REVIT
1002
{
1070
     1
1000
22996613
1002
}
1002
{
1070
     2
1000
-2000051
1002
}
1002
{
1070
     3
1000
22985857
1002
}
  0
LINE
  5
561
330
70
100
AcDbEntity
  8
A-POR-___-___-EXI
100
AcDbLine
 10
-10268.7979558825
 20
13453.38134164222
 30
0.0
 11
-10264.11487402397
 21
13350.35354075465
 31
0.0
1001
REVIT
1002
{
1070
     1
1000
22996630
1002
}
1002
{
1070
     2
1000
-2000051
1002
}
1002
{
1070
     3
1000
22985857
1002
}
  0
LINE
  5
589
330
70
100
AcDbEntity
  8
A-POR-___-___-EXI
100
AcDbLine
 10
-10160.34508475836
 20
25823.95389134644
 30
0.0
 11
-10063.65050839718
 21
25823.95389134644
 31
0.0
1001
REVIT
1002
{
1070
     1
1000
22996711
1002
}
1002
{
1070
     2
1000
-2000051
1002
}
1002
{
1070
     3
1000
22985857
1002
}
  0
LINE
  5
5B5
330
70
100
AcDbEntity
  8
A-POR-___-___-EXI
100
AcDbLine
 10
-8150.984619887053
 20
18107.25501686425
 30
0.0
 11
-8252.396004851215
 21
18107.25501686425
 31
0.0
1001
REVIT
1002
{
1070
     1
1000
22996765
1002
}
1002
{
1070
     2
1000
-2000051
1002
}
1002
{
1070
     3
1000
22985857
1002
}
  0
LINE
  5
5D8
330
70
100
AcDbEntity
  8
A-POR-___-___-EXI
100
AcDbLine
 10
-14558.03034010386
 20
21857.23085419233
 30
0.0
 11
-14657.82208770381
 21
21864.19306914116
 31
0.0
1001
REVIT
1002
{
1070
     1
1000
22996806
1002
}
1002
{
1070
     2
1000
-2000051
1002
}
1002
{
1070
     3
1000
22985857
1002
}
  0
LINE
  5
5F3
330
70
100
AcDbEntity
  8
A-POR-___-___-EXI
100
AcDbLine
 10
-16204.93530948263
 20
19208.68404185188
 30
0.0
 11
-16204.93530948263
 21
19310.0412106252
 31
0.0
1001
REVIT
1002
{
1070
     1
1000
22996838
1002
}
1002
{
1070
     2
1000
-2000051
1002
}
1002
{
1070
     3
1000
22985857
1002
}
  0
LINE
  5
609
330
70
100
AcDbEntity
  8
A-POR-___-___-EXI
100
AcDbLine
 10
-15780.42253521402
 20
11642.86882647433
 30
0.0
 11
-15780.42253521402
 21
11739.56340283551
 31
0.0
1001
REVIT
1002
{
1070
     1
1000
22996871
1002
}
1002
{
1070
     2
1000
-2000051
1002
}
1002
{
1070
     3
1000
22985857
1002
}
  0
LINE
  5
615
330
70
100
AcDbEntity
  8
A-POR-___-___-EXI
100
AcDbLine
 10
-14627.16283178437
 20
10579.22848650139
 30
0.0
 11
-13735.68600582036
 21
10621.67976392826
 31
0.0
1001
REVIT
1002
{
1070
     1
1000
22996891
1002
}
1002
{
1070
     2
1000
-2000051
1002
}
1002
{
1070
     3
1000
22985857
1002
}
  0
LINE
  5
622
330
70
100
AcDbEntity
  8
A-POR-___-___-EXI
100
AcDbLine
 10
-10415.05274931949
 20
20598.00976991975
 30
0.0
 11
-10415.05274931949
 21
20699.14134420395
 31
0.0
1001
REVIT
1002
{
1070
     1
1000
22996933
1002
}
1002
{
1070
     2
1000
-2000051
1002
}
1002
{
1070
     3
1000
22985857
1002
}
  0
LINE
  5
627
330
70
100
AcDbEntity
  8
A-JAN-___-___-EXI
100
AcDbLine
 10
-9525.934327656951
 20
16666.26998865256
 30
0.0
 11
-9525.934327656949
 21
16104.96976489744
 31
0.0
1001
REVIT
1002
{
1070
     1
1000
22996938
1002
}
1002
{
1070
     2
1000
-2000051
1002
}
1002
{
1070
     3
1000
22985857
1002
}
  0
LINE
  5
628
330
70
100
AcDbEntity
  8
A-JAN-___-___-EXI
100
AcDbLine
 10
-9556.593583576349
 20
16666.26998865256
 30
0.0
 11
-9556.593583576347
 21
16104.96976489744
 31
0.0
1001
REVIT
1002
{
1070
     1
1000
22996939
1002
}
1002
{
1070
     2
1000
-2000051
1002
}
1002
{
1070
     3
1000
22985857
1002
}
  0
LINE
  5
62B
330
70
100
AcDbEntity
  8
A-POR-___-___-EXI
100
AcDbLine
 10
-6641.605866932119
 20
23663.65555117968
 30
0.0
 11
-6641.605866932119
 21
23691.95640279758
 31
0.0
1001
REVIT
1002
{
1070
     1
1000
22996942
1002
}
1002
{
1070
     2
1000
-2000051
1002
}
1002
{
1070
     3
1000
22985857
1002
}
  0
LINE
  5
62E
330
70
100
AcDbEntity
  8
A-POR-___-___-EXI
100
AcDbLine
 10
-6434.066288400813
 20
24441.92897067207
 30
0.0
 11
-6417.557458290367
 21
23699.03161570205
 31
0.0
1001
REVIT
1002
{
1070
     1
1000
22996945
1002
}
1002
{
1070
     2
1000
-2000051
1002
}
1002
{
1070
     3
1000
22985857
1002
}
  0
LINE
  5
62F
330
70
100
AcDbEntity
  8
A-POR-___-___-EXI
100
AcDbLine
 10
-6490.667991636624
 20
24441.92897067207
 30
0.0
 11
-6471.800757224684
 21
23699.03161570206
 31
0.0
1001
REVIT
1002
{
1070
     1
1000
22996946
1002
}
1002
{
1070
     2
1000
-2000051
1002
}
1002
{
1070
     3
1000
22985857
1002
}
  0
LINE
  5
633
330
70
100
AcDbEntity
  8
A-POR-___-___-EXI
100
AcDbLine
 10
-6573.212142188849
 20
24441.92897067207
 30
0.0
 11
-6556.703312078403
 21
23691.95640279758
 31
0.0
1001
REVIT
1002
{
1070
     1
1000
22996950
1002
}
1002
{
1070
     2
1000
-2000051
1002
}
1002
{
1070
     3
1000
22985857
1002
}
  0
LINE
  5
638
330
70
100
AcDbEntity
  8
A-POR-___-___-EXI
100
AcDbLine
 10
-11929.14831087742
 20
18314.79459539554
 30
0.0
 11
-11952.73235389234
 21
18314.79459539554
 31
0.0
1001
REVIT
1002
{
1070
     1
1000
22996961
1002
}
1002
{
1070
     2
1000
-2000051
1002
}
1002
{
1070
     3
1000
22985857
1002
}
  0
LINE
  5
63D
330
70
100
AcDbEntity
  8
A-POR-___-___-EXI
100
AcDbLine
 10
-11929.14831087742
 20
18144.98948568811
 30
0.0
 11
-11077.76435803876
 21
18156.78150719557
 31
0.0
1001
REVIT
1002
{
1070
     1
1000
22996967
1002
}
1002
{
1070
     2
1000
-2000051
1002
}
1002
{
1070
     3
1000
22985857
1002
}
  0
LINE
  5
63E
330
70
100
AcDbEntity
  8
A-POR-___-___-EXI
100
AcDbLine
 10
-11929.14831087742
 20
18090.74618675379
 30
0.0
 11
-11077.76435803876
 21
18095.46299535677
 31
0.0
1001
REVIT
1002
{
1070
     1
1000
22996968
1002
}
1002
{
1070
     2
1000
-2000051
1002
}
1002
{
1070
     3
1000
22985857
1002
}
  0
LINE
  5
641
330
70
100
AcDbEntity
  8
A-COB-___-___-EXI
100
AcDbLine
 10
-19808.57708216257
 20
17057.76510270021
 30
0.0
 11
-19759.05059183123
 21
17057.76510270022
 31
0.0
1001
REVIT
1002
{
1070
     1
1000
22996975
1002
}
1002
{
1070
     2
1000
-2000051
1002
}
1002
{
1070
     3
1000
22985857
1002
}
  0
LINE
  5
64D
330
70
100
AcDbEntity
  8
A-POR-___-___-EXI
100
AcDbLine
 10
-19228.40962399553
 20
17328.98159737156
 30
0.0
 11
-19301.52015734176
 21
16628.53551982865
 31
0.0
1001
REVIT
1002
{
1070
     1
1000
22996991
1002
}
1002
{
1070
     2
1000
-2000051
1002
}
1002
{
1070
     3
1000
22985857
1002
}
  0
LINE
  5
653
330
70
100
AcDbEntity
  8
A-POR-___-___-EXI
100
AcDbLine
 10
-11929.1483108774
 20
14088.53408712167
 30
0.0
 11
-11084.83957094323
 21
14100.32610862914
 31
0.0
1001
REVIT
1002
{
1070
     1
1000
22997001
1002
}
1002
{
1070
     2
1000
-2000051
1002
}
1002
{
1070
     3
1000
22985857
1002
}
  0
LINE
  5
654
330
70
100
AcDbEntity
  8
A-POR-___-___-EXI
100
AcDbLine
 10
-11929.1483108774
 20
14031.93238388587
 30
0.0
 11
-11077.76435803875
 21
14046.08280969482
 31
0.0
1001
REVIT
1002
{
1070
     1
1000
22997002
1002
}
1002
{
1070
     2
1000
-2000051
1002
}
1002
{
1070
     3
1000
22985857
1002
}
  0
LINE
  5
657
330
70
100
AcDbEntity
  8
A-POR-___-___-EXI
100
AcDbLine
 10
-11924.43150227442
 20
13949.38823333363
 30
0.0
 11
-11077.76435803875
 21
13961.1802548411
 31
0.0
1001
REVIT
1002
{
1070
     1
1000
22997005
1002
}
1002
{
1070
     2
1000
-2000051
1002
}
1002
{
1070
     3
1000
22985857
1002
}
  0
LINE
  5
659
330
70
100
AcDbEntity
  8
A-POR-___-___-EXI
100
AcDbLine
 10
-14398.39761453969
 20
26814.48369797311
 30
0.0
 11
-14379.53038012775
 21
25076.33972777343
 31
0.0
1001
REVIT
1002
{
1070
     1
1000
22997034
1002
}
1002
{
1070
     2
1000
-2000051
1002
}
1002
{
1070
     3
1000
22985857
1002
}
  0
LINE
  5
65D
330
70
100
AcDbEntity
  8
A-COB-___-___-EXI
100
AcDbLine
 10
-6205.30107115605
 20
15130.94878838121
 30
0.0
 11
-6205.30107115605
 21
15378.58124003788
 31
0.0
1001
REVIT
1002
{
1070
     1
1000
22997038
1002
}
1002
{
1070
     2
1000
-2000051
1002
}
1002
{
1070
     3
1000
22985857
1002
}
  0
LINE
  5
65E
330
70
100
AcDbEntity
  8
A-COB-___-___-EXI
100
AcDbLine
 10
-6205.30107115605
 20
15505.93507231845
 30
0.0
 11
-6205.301071156052
 21
15760.6427368796
 31
0.0
1001
REVIT
1002
{
1070
     1
1000
22997039
1002
}
1002
{
1070
     2
1000
-2000051
1002
}
1002
{
1070
     3
1000
22985857
1002
}
  0
LINE
  5
65F
330
70
100
AcDbEntity
  8
A-COB-___-___-EXI
100
AcDbLine
 10
-6205.301071156052
 20
15885.63816485868
 30
0.0
 11
-6205.301071156053
 21
16133.27061651536
 31
0.0
1001
REVIT
1002
{
1070
     1
1000
22997040
1002
}
1002
{
1070
     2
1000
-2000051
1002
}
1002
{
1070
     3
1000
22985857
1002
}
  0
LINE
  5
660
330
70
100
AcDbEntity
  8
A-COB-___-___-EXI
100
AcDbLine
 10
-6205.301071156053
 20
16260.62444879593
 30
0.0
 11
-6205.301071156053
 21
16515.33211335708
 31
0.0
1001
REVIT
1002
{
1070
     1
1000
22997041
1002
}
1002
{
1070
     2
1000
-2000051
1002
}
1002
{
1070
     3
1000
22985857
1002
}
  0
LINE
  5
661
330
70
100
AcDbEntity
  8
A-COB-___-___-EXI
100
AcDbLine
 10
-6205.301071156054
 20
16640.32754133616
 30
0.0
 11
-6205.301071156054
 21
16895.03520589731
 31
0.0
1001
REVIT
1002
{
1070
     1
1000
22997042
1002
}
1002
{
1070
     2
1000
-2000051
1002
}
1002
{
1070
     3
1000
22985857
1002
}
  0
LINE
  5
662
330
70
100
AcDbEntity
  8
A-COB-___-___-EXI
100
AcDbLine
 10
-6205.301071156055
 20
17015.31382527341
 30
0.0
 11
-6205.301071156057
 21
17270.02148983456
 31
0.0
1001
REVIT
1002
{
1070
     1
1000
22997043
1002
}
1002
{
1070
     2
1000
-2000051
1002
}
1002
{
1070
     3
1000
22985857
1002
}
  0
LINE
  5
663
330
70
100
AcDbEntity
  8
A-COB-___-___-EXI
100
AcDbLine
 10
-6205.301071156057
 20
17395.01691781364
 30
0.0
 11
-6205.301071156058
 21
17649.72458237478
 31
0.0
1001
REVIT
1002
{
1070
     1
1000
22997044
1002
}
1002
{
1070
     2
1000
-2000051
1002
}
1002
{
1070
     3
1000
22985857
1002
}
  0
LINE
  5
664
330
70
100
AcDbEntity
  8
A-COB-___-___-EXI
100
AcDbLine
 10
-6205.301071156058
 20
17777.07841465536
 30
0.0
 11
-6205.30107115606
 21
18024.71086631203
 31
0.0
1001
REVIT
1002
{
1070
     1
1000
22997045
1002
}
1002
{
1070
     2
1000
-2000051
1002
}
1002
{
1070
     3
1000
22985857
1002
}
  0
LINE
  5
665
330
70
100
AcDbEntity
  8
A-COB-___-___-EXI
100
AcDbLine
 10
-6205.30107115606
 20
18149.70629429111
 30
0.0
 11
-6205.30107115606
 21
18404.41395885227
 31
0.0
1001
REVIT
1002
{
1070
     1
1000
22997046
1002
}
1002
{
1070
     2
1000
-2000051
1002
}
1002
{
1070
     3
1000
22985857
1002
}
  0
LINE
  5
666
330
70
100
AcDbEntity
  8
A-COB-___-___-EXI
100
AcDbLine
 10
-6212.376284060535
 20
18531.76779113283
 30
0.0
 11
-6212.376284060537
 21
18779.40024278951
 31
0.0
1001
REVIT
1002
{
1070
     1
1000
22997047
1002
}
1002
{
1070
     2
1000
-2000051
1002
}
1002
{
1070
     3
1000
22985857
1002
}
  0
LINE
  5
667
330
70
100
AcDbEntity
  8
A-COB-___-___-EXI
100
AcDbLine
 10
-6212.376284060537
 20
18904.39567076859
 30
0.0
 11
-6212.376284060538
 21
19159.10333532973
 31
0.0
1001
REVIT
1002
{
1070
     1
1000
22997048
1002
}
1002
{
1070
     2
1000
-2000051
1002
}
1002
{
1070
     3
1000
22985857
1002
}
  0
LINE
  5
668
330
70
100
AcDbEntity
  8
A-COB-___-___-EXI
100
AcDbLine
 10
-6212.376284060539
 20
19286.45716761031
 30
0.0
 11
-6212.376284060539
 21
19538.80642786996
 31
0.0
1001
REVIT
1002
{
1070
     1
1000
22997049
1002
}
1002
{
1070
     2
1000
-2000051
1002
}
1002
{
1070
     3
1000
22985857
1002
}
  0
LINE
  5
669
330
70
100
AcDbEntity
  8
A-COB-___-___-EXI
100
AcDbLine
 10
-6212.376284060541
 20
19659.08504724606
 30
0.0
 11
-6212.376284060541
 21
19913.79271180721
 31
0.0
1001
REVIT
1002
{
1070
     1
1000
22997050
1002
}
1002
{
1070
     2
1000
-2000051
1002
}
1002
{
1070
     3
1000
22985857
1002
}
  0
LINE
  5
66A
330
70
100
AcDbEntity
  8
A-COB-___-___-EXI
100
AcDbLine
 10
-6212.376284060542
 20
20041.14654408779
 30
0.0
 11
-6212.376284060542
 21
20293.49580434745
 31
0.0
1001
REVIT
1002
{
1070
     1
1000
22997051
1002
}
1002
{
1070
     2
1000
-2000051
1002
}
1002
{
1070
     3
1000
22985857
1002
}
  0
LINE
  5
66B
330
70
100
AcDbEntity
  8
A-COB-___-___-EXI
100
AcDbLine
 10
-6212.376284060542
 20
20420.84963662802
 30
0.0
 11
-6212.376284060542
 21
20668.48208828469
 31
0.0
1001
REVIT
1002
{
1070
     1
1000
22997052
1002
}
1002
{
1070
     2
1000
-2000051
1002
}
1002
{
1070
     3
1000
22985857
1002
}
  0
LINE
  5
66C
330
70
100
AcDbEntity
  8
A-COB-___-___-EXI
100
AcDbLine
 10
-6212.376284060542
 20
20795.83592056526
 30
0.0
 11
-6212.376284060544
 21
21048.18518082492
 31
0.0
1001
REVIT
1002
{
1070
     1
1000
22997053
1002
}
1002
{
1070
     2
1000
-2000051
1002
}
1002
{
1070
     3
1000
22985857
1002
}
  0
LINE
  5
66D
330
70
100
AcDbEntity
  8
A-COB-___-___-EXI
100
AcDbLine
 10
-6212.376284060544
 20
21175.53901310549
 30
0.0
 11
-6212.376284060545
 21
21423.17146476216
 31
0.0
1001
REVIT
1002
{
1070
     1
1000
22997054
1002
}
1002
{
1070
     2
1000
-2000051
1002
}
1002
{
1070
     3
1000
22985857
1002
}
  0
LINE
  5
66E
330
70
100
AcDbEntity
  8
A-COB-___-___-EXI
100
AcDbLine
 10
-6212.376284060545
 20
21550.52529704274
 30
0.0
 11
-6212.376284060547
 21
21802.8745573024
 31
0.0
1001
REVIT
1002
{
1070
     1
1000
22997055
1002
}
1002
{
1070
     2
1000
-2000051
1002
}
1002
{
1070
     3
1000
22985857
1002
}
  0
LINE
  5
66F
330
70
100
AcDbEntity
  8
A-COB-___-___-EXI
100
AcDbLine
 10
-6212.376284060547
 20
21930.22838958297
 30
0.0
 11
-6212.376284060548
 21
22182.57764984263
 31
0.0
1001
REVIT
1002
{
1070
     1
1000
22997056
1002
}
1002
{
1070
     2
1000
-2000051
1002
}
1002
{
1070
     3
1000
22985857
1002
}
  0
LINE
  5
670
330
70
100
AcDbEntity
  8
A-COB-___-___-EXI
100
AcDbLine
 10
-6212.376284060549
 20
22305.21467352022
 30
0.0
 11
-6212.376284060549
 21
22557.56393377987
 31
0.0
1001
REVIT
1002
{
1070
     1
1000
22997057
1002
}
1002
{
1070
     2
1000
-2000051
1002
}
1002
{
1070
     3
1000
22985857
1002
}
  0
LINE
  5
671
330
70
100
AcDbEntity
  8
A-COB-___-___-EXI
100
AcDbLine
 10
-6212.37628406055
 20
22684.91776606045
 30
0.0
 11
-6212.37628406055
 21
22937.2670263201
 31
0.0
1001
REVIT
1002
{
1070
     1
1000
22997058
1002
}
1002
{
1070
     2
1000
-2000051
1002
}
1002
{
1070
     3
1000
22985857
1002
}
  0
LINE
  5
672
330
70
100
AcDbEntity
  8
A-COB-___-___-EXI
100
AcDbLine
 10
-6212.37628406055
 20
23064.62085860068
 30
0.0
 11
-6212.376284060552
 21
23312.25331025735
 31
0.0
1001
REVIT
1002
{
1070
     1
1000
22997059
1002
}
1002
{
1070
     2
1000
-2000051
1002
}
1002
{
1070
     3
1000
22985857
1002
}
  0
LINE
  5
673
330
70
100
AcDbEntity
  8
A-COB-___-___-EXI
100
AcDbLine
 10
-6212.376284060552
 20
23439.60714253792
 30
0.0
 11
-6212.376284060553
 21
23691.95640279758
 31
0.0
1001
REVIT
1002
{
1070
     1
1000
22997060
1002
}
1002
{
1070
     2
1000
-2000051
1002
}
1002
{
1070
     3
1000
22985857
1002
}
  0
LINE
  5
674
330
70
100
AcDbEntity
  8
A-COB-___-___-EXI
100
AcDbLine
 10
-6212.376284060553
 20
23819.31023507815
 30
0.0
 11
-6212.376284060554
 21
24066.94268673483
 31
0.0
1001
REVIT
1002
{
1070
     1
1000
22997061
1002
}
1002
{
1070
     2
1000
-2000051
1002
}
1002
{
1070
     3
1000
22985857
1002
}
  0
LINE
  5
675
330
70
100
AcDbEntity
  8
A-COB-___-___-EXI
100
AcDbLine
 10
-6212.376284060554
 20
24194.2965190154
 30
0.0
 11
-6212.376284060555
 21
24446.64577927506
 31
0.0
1001
REVIT
1002
{
1070
     1
1000
22997062
1002
}
1002
{
1070
     2
1000
-2000051
1002
}
1002
{
1070
     3
1000
22985857
1002
}
  0
LINE
  5
676
330
70
100
AcDbEntity
  8
A-COB-___-___-EXI
100
AcDbLine
 10
-6217.09309266354
 20
24573.99961155563
 30
0.0
 11
-6217.093092663541
 21
24828.70727611678
 31
0.0
1001
REVIT
1002
{
1070
     1
1000
22997063
1002
}
1002
{
1070
     2
1000
-2000051
1002
}
1002
{
1070
     3
1000
22985857
1002
}
  0
LINE
  5
677
330
70
100
AcDbEntity
  8
A-COB-___-___-EXI
100
AcDbLine
 10
-6217.093092663541
 20
24948.98589549288
 30
0.0
 11
-6217.093092663542
 21
25201.33515575254
 31
0.0
1001
REVIT
1002
{
1070
     1
1000
22997064
1002
}
1002
{
1070
     2
1000
-2000051
1002
}
1002
{
1070
     3
1000
22985857
1002
}
  0
LINE
  5
678
330
70
100
AcDbEntity
  8
A-COB-___-___-EXI
100
AcDbLine
 10
-6217.093092663544
 20
25328.68898803311
 30
0.0
 11
-6217.093092663544
 21
25583.39665259426
 31
0.0
1001
REVIT
1002
{
1070
     1
1000
22997065
1002
}
1002
{
1070
     2
1000
-2000051
1002
}
1002
{
1070
     3
1000
22985857
1002
}
  0
LINE
  5
679
330
70
100
AcDbEntity
  8
A-COB-___-___-EXI
100
AcDbLine
 10
-6217.093092663545
 20
25710.75048487483
 30
0.0
 11
-6217.093092663545
 21
25956.02453223001
 31
0.0
1001
REVIT
1002
{
1070
     1
1000
22997066
1002
}
1002
{
1070
     2
1000
-2000051
1002
}
1002
{
1070
     3
1000
22985857
1002
}
  0
LINE
  5
67A
330
70
100
AcDbEntity
  8
A-COB-___-___-EXI
100
AcDbLine
 10
-6217.093092663546
 20
26083.37836451058
 30
0.0
 11
-6217.093092663546
 21
26338.08602907173
 31
0.0
1001
REVIT
1002
{
1070
     1
1000
22997067
1002
}
1002
{
1070
     2
1000
-2000051
1002
}
1002
{
1070
     3
1000
22985857
1002
}
  0
LINE
  5
67B
330
70
100
AcDbEntity
  8
A-COB-___-___-EXI
100
AcDbLine
 10
-6217.093092663546
 20
26465.43986135231
 30
0.0
 11
-6217.093092663549
 21
26710.71390870749
 31
0.0
1001
REVIT
1002
{
1070
     1
1000
22997068
1002
}
1002
{
1070
     2
1000
-2000051
1002
}
1002
{
1070
     3
1000
22985857
1002
}
  0
LINE
  5
67C
330
70
100
AcDbEntity
  8
A-COB-___-___-EXI
100
AcDbLine
 10
-6217.093092663549
 20
26838.06774098806
 30
0.0
 11
-6217.093092663549
 21
27092.77540554921
 31
0.0
1001
REVIT
1002
{
1070
     1
1000
22997069
1002
}
1002
{
1070
     2
1000
-2000051
1002
}
1002
{
1070
     3
1000
22985857
1002
}
  0
LINE
  5
67D
330
70
100
AcDbEntity
  8
A-COB-___-___-EXI
100
AcDbLine
 10
-6217.093092663549
 20
27220.12923782978
 30
0.0
 11
-6217.093092663549
 21
27472.47849808944
 31
0.0
1001
REVIT
1002
{
1070
     1
1000
22997070
1002
}
1002
{
1070
     2
1000
-2000051
1002
}
1002
{
1070
     3
1000
22985857
1002
}
  0
LINE
  5
67E
330
70
100
AcDbEntity
  8
A-COB-___-___-EXI
100
AcDbLine
 10
-6217.093092663549
 20
27592.75711746554
 30
0.0
 11
-6217.093092663551
 21
27847.46478202668
 31
0.0
1001
REVIT
1002
{
1070
     1
1000
22997071
1002
}
1002
{
1070
     2
1000
-2000051
1002
}
1002
{
1070
     3
1000
22985857
1002
}
  0
LINE
  5
67F
330
70
100
AcDbEntity
  8
A-COB-___-___-EXI
100
AcDbLine
 10
-6217.093092663551
 20
27974.81861430726
 30
0.0
 11
-6217.093092663552
 21
28227.16787456691
 31
0.0
1001
REVIT
1002
{
1070
     1
1000
22997072
1002
}
1002
{
1070
     2
1000
-2000051
1002
}
1002
{
1070
     3
1000
22985857
1002
}
  0
LINE
  5
680
330
70
100
AcDbEntity
  8
A-COB-___-___-EXI
100
AcDbLine
 10
-6217.093092663553
 20
28354.52170684749
 30
0.0
 11
-6217.093092663553
 21
28602.15415850416
 31
0.0
1001
REVIT
1002
{
1070
     1
1000
22997073
1002
}
1002
{
1070
     2
1000
-2000051
1002
}
1002
{
1070
     3
1000
22985857
1002
}
  0
LINE
  5
681
330
70
100
AcDbEntity
  8
A-COB-___-___-EXI
100
AcDbLine
 10
-6217.093092663555
 20
28729.50799078473
 30
0.0
 11
-6217.093092663555
 21
28981.85725104439
 31
0.0
1001
REVIT
1002
{
1070
     1
1000
22997074
1002
}
1002
{
1070
     2
1000
-2000051
1002
}
1002
{
1070
     3
1000
22985857
1002
}
  0
LINE
  5
682
330
70
100
AcDbEntity
  8
A-COB-___-___-EXI
100
AcDbLine
 10
-6217.093092663556
 20
29109.21108332497
 30
0.0
 11
-6217.093092663557
 21
29356.84353498164
 31
0.0
1001
REVIT
1002
{
1070
     1
1000
22997075
1002
}
1002
{
1070
     2
1000
-2000051
1002
}
1002
{
1070
     3
1000
22985857
1002
}
  0
LINE
  5
6A3
330
70
100
AcDbEntity
  8
A-COB-___-___-EXI
100
AcDbLine
 10
-5981.252662514297
 20
14498.89643558132
 30
0.0
 11
-5976.535853911312
 21
14251.26398392465
 31
0.0
1001
REVIT
1002
{
1070
     1
1000
22997108
1002
}
1002
{
1070
     2
1000
-2000051
1002
}
1002
{
1070
     3
1000
22985857
1002
}
  0
LINE
  5
6A4
330
70
100
AcDbEntity
  8
A-COB-___-___-EXI
100
AcDbLine
 10
-5969.460641006834
 20
14123.91015164408
 30
0.0
 11
-5957.668619499373
 21
13869.20248708293
 31
0.0
1001
REVIT
1002
{
1070
     1
1000
22997109
1002
}
1002
{
1070
     2
1000
-2000051
1002
}
1002
{
1070
     3
1000
22985857
1002
}
  0
LINE
  5
6A5
330
70
100
AcDbEntity
  8
A-COB-___-___-EXI
100
AcDbLine
 10
-5957.668619499373
 20
13744.20705910385
 30
0.0
 11
-5945.876597991912
 21
13496.57460744718
 31
0.0
1001
REVIT
1002
{
1070
     1
1000
22997110
1002
}
1002
{
1070
     2
1000
-2000051
1002
}
1002
{
1070
     3
1000
22985857
1002
}
  0
LINE
  5
6A6
330
70
100
AcDbEntity
  8
A-COB-___-___-EXI
100
AcDbLine
 10
-5941.159789388928
 20
13369.2207751666
 30
0.0
 11
-5934.08457648445
 21
13114.51311060545
 31
0.0
1001
REVIT
1002
{
1070
     1
1000
22997111
1002
}
1002
{
1070
     2
1000
-2000051
1002
}
1002
{
1070
     3
1000
22985857
1002
}
  0
LINE
  5
6A7
330
70
100
AcDbEntity
  8
A-COB-___-___-EXI
100
AcDbLine
 10
-5927.009363579973
 20
12989.51768262637
 30
0.0
 11
-5915.217342072511
 21
12741.88523096969
 31
0.0
1001
REVIT
1002
{
1070
     1
1000
22997112
1002
}
1002
{
1070
     2
1000
-2000051
1002
}
1002
{
1070
     3
1000
22985857
1002
}
  0
LINE
  5
6A8
330
70
100
AcDbEntity
  8
A-COB-___-___-EXI
100
AcDbLine
 10
-5915.217342072511
 20
12614.53139868912
 30
0.0
 11
-5903.42532056505
 21
12359.82373412797
 31
0.0
1001
REVIT
1002
{
1070
     1
1000
22997113
1002
}
1002
{
1070
     2
1000
-2000051
1002
}
1002
{
1070
     3
1000
22985857
1002
}
  0
LINE
  5
6A9
330
70
100
AcDbEntity
  8
A-COB-___-___-EXI
100
AcDbLine
 10
-5898.708511962067
 20
12234.82830614889
 30
0.0
 11
-5891.633299057589
 21
11987.19585449222
 31
0.0
1001
REVIT
1002
{
1070
     1
1000
22997114
1002
}
1002
{
1070
     2
1000
-2000051
1002
}
1002
{
1070
     3
1000
22985857
1002
}
  0
LINE
  5
6AA
330
70
100
AcDbEntity
  8
A-COB-___-___-EXI
100
AcDbLine
 10
-5886.916490454603
 20
11859.84202221164
 30
0.0
 11
-5872.76606464565
 21
11605.13435765049
 31
0.0
1001
REVIT
1002
{
1070
     1
1000
22997115
1002
}
1002
{
1070
     2
1000
-2000051
1002
}
1002
{
1070
     3
1000
22985857
1002
}
  0
LINE
  5
6AB
330
70
100
AcDbEntity
  8
A-COB-___-___-EXI
100
AcDbLine
 10
-5872.76606464565
 20
11480.13892967141
 30
0.0
 11
-5860.974043138188
 21
11225.43126511027
 31
0.0
1001
REVIT
1002
{
1070
     1
1000
22997116
1002
}
1002
{
1070
     2
1000
-2000051
1002
}
1002
{
1070
     3
1000
22985857
1002
}
  0
LINE
  5
6AC
330
70
100
AcDbEntity
  8
A-COB-___-___-EXI
100
AcDbLine
 10
-5856.257234535203
 20
11105.15264573417
 30
0.0
 11
-5849.182021630725
 21
10850.44498117302
 31
0.0
1001
REVIT
1002
{
1070
     1
1000
22997117
1002
}
1002
{
1070
     2
1000
-2000051
1002
}
1002
{
1070
     3
1000
22985857
1002
}
  0
LINE
  5
6AD
330
70
100
AcDbEntity
  8
A-COB-___-___-EXI
100
AcDbLine
 10
-5844.465213027742
 20
10725.44955319394
 30
0.0
 11
-5830.314787218789
 21
10470.74188863279
 31
0.0
1001
REVIT
1002
{
1070
     1
1000
22997118
1002
}
1002
{
1070
     2
1000
-2000051
1002
}
1002
{
1070
     3
1000
22985857
1002
}
  0
LINE
  5
6B0
330
70
100
AcDbEntity
  8
A-COB-___-___-EXI
100
AcDbLine
 10
-6235.960327075431
 20
10083.96358318808
 30
0.0
 11
-6490.667991636579
 21
10079.24677458509
 31
0.0
1001
REVIT
1002
{
1070
     1
1000
22997121
1002
}
1002
{
1070
     2
1000
-2000051
1002
}
1002
{
1070
     3
1000
22985857
1002
}
  0
LINE
  5
6B1
330
70
100
AcDbEntity
  8
A-COB-___-___-EXI
100
AcDbLine
 10
-6615.663419615661
 20
10072.17156168062
 30
0.0
 11
-6870.371084176809
 21
10060.37954017316
 31
0.0
1001
REVIT
1002
{
1070
     1
1000
22997122
1002
}
1002
{
1070
     2
1000
-2000051
1002
}
1002
{
1070
     3
1000
22985857
1002
}
  0
LINE
  5
6B2
330
70
100
AcDbEntity
  8
A-COB-___-___-EXI
100
AcDbLine
 10
-6990.649703552907
 20
10060.37954017316
 30
0.0
 11
-7245.357368114056
 21
10048.5875186657
 31
0.0
1001
REVIT
1002
{
1070
     1
1000
22997123
1002
}
1002
{
1070
     2
1000
-2000051
1002
}
1002
{
1070
     3
1000
22985857
1002
}
  0
LINE
  5
6B3
330
70
100
AcDbEntity
  8
A-COB-___-___-EXI
100
AcDbLine
 10
-7370.352796093138
 20
10041.51230576122
 30
0.0
 11
-7625.060460654286
 21
10036.79549715824
 31
0.0
1001
REVIT
1002
{
1070
     1
1000
22997124
1002
}
1002
{
1070
     2
1000
-2000051
1002
}
1002
{
1070
     3
1000
22985857
1002
}
  0
LINE
  5
6B4
330
70
100
AcDbEntity
  8
A-COB-___-___-EXI
100
AcDbLine
 10
-7752.41429293486
 20
10029.72028425376
 30
0.0
 11
-8000.046744591534
 21
10025.00347565077
 31
0.0
1001
REVIT
1002
{
1070
     1
1000
22997125
1002
}
1002
{
1070
     2
1000
-2000051
1002
}
1002
{
1070
     3
1000
22985857
1002
}
  0
LINE
  5
6B5
330
70
100
AcDbEntity
  8
A-COB-___-___-EXI
100
AcDbLine
 10
-8125.042172570614
 20
10017.9282627463
 30
0.0
 11
-8379.749837131761
 21
10006.13624123883
 31
0.0
1001
REVIT
1002
{
1070
     1
1000
22997126
1002
}
1002
{
1070
     2
1000
-2000051
1002
}
1002
{
1070
     3
1000
22985857
1002
}
  0
LINE
  5
6B6
330
70
100
AcDbEntity
  8
A-COB-___-___-EXI
100
AcDbLine
 10
-8507.103669412336
 20
9999.061028334359
 30
0.0
 11
-8754.736121069008
 21
9994.344219731374
 31
0.0
1001
REVIT
1002
{
1070
     1
1000
22997127
1002
}
1002
{
1070
     2
1000
-2000051
1002
}
1002
{
1070
     3
1000
22985857
1002
}
  0
LINE
  5
6B7
330
70
100
AcDbEntity
  8
A-COB-___-___-EXI
100
AcDbLine
 10
-8879.731549048091
 20
9987.269006826902
 30
0.0
 11
-9134.439213609239
 21
9982.552198223913
 31
0.0
1001
REVIT
1002
{
1070
     1
1000
22997128
1002
}
1002
{
1070
     2
1000
-2000051
1002
}
1002
{
1070
     3
1000
22985857
1002
}
  0
LINE
  5
6B8
330
70
100
AcDbEntity
  8
A-COB-___-___-EXI
100
AcDbLine
 10
-9261.793045889815
 20
9975.476985319435
 30
0.0
 11
-9509.425497546486
 21
9963.684963811973
 31
0.0
1001
REVIT
1002
{
1070
     1
1000
22997129
1002
}
1002
{
1070
     2
1000
-2000051
1002
}
1002
{
1070
     3
1000
22985857
1002
}
  0
LINE
  5
6B9
330
70
100
AcDbEntity
  8
A-COB-___-___-EXI
100
AcDbLine
 10
-9634.420925525569
 20
9956.609750907498
 30
0.0
 11
-9889.128590086713
 21
9951.892942304512
 31
0.0
1001
REVIT
1002
{
1070
     1
1000
22997130
1002
}
1002
{
1070
     2
1000
-2000051
1002
}
1002
{
1070
     3
1000
22985857
1002
}
  0
LINE
  5
6BA
330
70
100
AcDbEntity
  8
A-COB-___-___-EXI
100
AcDbLine
 10
-10016.48242236729
 20
9944.817729400035
 30
0.0
 11
-10264.11487402396
 21
9940.100920797055
 31
0.0
1001
REVIT
1002
{
1070
     1
1000
22997131
1002
}
1002
{
1070
     2
1000
-2000051
1002
}
1002
{
1070
     3
1000
22985857
1002
}
  0
LINE
  5
6BB
330
70
100
AcDbEntity
  8
A-COB-___-___-EXI
100
AcDbLine
 10
-10389.11030200304
 20
9933.02570789258
 30
0.0
 11
-10643.81796656419
 21
9921.233686385116
 31
0.0
1001
REVIT
1002
{
1070
     1
1000
22997132
1002
}
1002
{
1070
     2
1000
-2000051
1002
}
1002
{
1070
     3
1000
22985857
1002
}
  0
LINE
  5
6BC
330
70
100
AcDbEntity
  8
A-COB-___-___-EXI
100
AcDbLine
 10
-10771.17179884476
 20
9921.233686385114
 30
0.0
 11
-11023.52105910442
 21
9909.441664877647
 31
0.0
1001
REVIT
1002
{
1070
     1
1000
22997133
1002
}
1002
{
1070
     2
1000
-2000051
1002
}
1002
{
1070
     3
1000
22985857
1002
}
  0
LINE
  5
6BD
330
70
100
AcDbEntity
  8
A-COB-___-___-EXI
100
AcDbLine
 10
-11143.79967848052
 20
9902.366451973175
 30
0.0
 11
-11398.50734304167
 21
9897.649643370193
 31
0.0
1001
REVIT
1002
{
1070
     1
1000
22997134
1002
}
1002
{
1070
     2
1000
-2000051
1002
}
1002
{
1070
     3
1000
22985857
1002
}
  0
LINE
  5
6BE
330
70
100
AcDbEntity
  8
A-COB-___-___-EXI
100
AcDbLine
 10
-11525.86117532224
 20
9890.574430465713
 30
0.0
 11
-11778.2104355819
 21
9878.782408958251
 31
0.0
1001
REVIT
1002
{
1070
     1
1000
22997135
1002
}
1002
{
1070
     2
1000
-2000051
1002
}
1002
{
1070
     3
1000
22985857
1002
}
  0
LINE
  5
6BF
330
70
100
AcDbEntity
  8
A-COB-___-___-EXI
100
AcDbLine
 10
-11898.489054958
 20
9878.782408958251
 30
0.0
 11
-12153.19671951914
 21
9866.99038745079
 31
0.0
1001
REVIT
1002
{
1070
     1
1000
22997136
1002
}
1002
{
1070
     2
1000
-2000051
1002
}
1002
{
1070
     3
1000
22985857
1002
}
  0
LINE
  5
6C0
330
70
100
AcDbEntity
  8
A-COB-___-___-EXI
100
AcDbLine
 10
-12280.55055179972
 20
9862.273578847808
 30
0.0
 11
-12532.89981205937
 21
9855.19836594333
 31
0.0
1001
REVIT
1002
{
1070
     1
1000
22997137
1002
}
1002
{
1070
     2
1000
-2000051
1002
}
1002
{
1070
     3
1000
22985857
1002
}
  0
LINE
  5
6C1
330
70
100
AcDbEntity
  8
A-COB-___-___-EXI
100
AcDbLine
 10
-12660.25364433995
 20
9848.123153038848
 30
0.0
 11
-12907.88609599662
 21
9836.331131531395
 31
0.0
1001
REVIT
1002
{
1070
     1
1000
22997138
1002
}
1002
{
1070
     2
1000
-2000051
1002
}
1002
{
1070
     3
1000
22985857
1002
}
  0
LINE
  5
6C2
330
70
100
AcDbEntity
  8
A-COB-___-___-EXI
100
AcDbLine
 10
-13035.2399282772
 20
9836.331131531395
 30
0.0
 11
-13287.58918853685
 21
9824.539110023925
 31
0.0
1001
REVIT
1002
{
1070
     1
1000
22997139
1002
}
1002
{
1070
     2
1000
-2000051
1002
}
1002
{
1070
     3
1000
22985857
1002
}
  0
LINE
  5
6C3
330
70
100
AcDbEntity
  8
A-COB-___-___-EXI
100
AcDbLine
 10
-13414.94302081743
 20
9819.822301420941
 30
0.0
 11
-13662.5754724741
 21
9812.747088516472
 31
0.0
1001
REVIT
1002
{
1070
     1
1000
22997140
1002
}
1002
{
1070
     2
1000
-2000051
1002
}
1002
{
1070
     3
1000
22985857
1002
}
  0
LINE
  5
6C4
330
70
100
AcDbEntity
  8
A-COB-___-___-EXI
100
AcDbLine
 10
-13789.92930475467
 20
9805.671875611984
 30
0.0
 11
-14042.27856501433
 21
9793.879854104524
 31
0.0
1001
REVIT
1002
{
1070
     1
1000
22997141
1002
}
1002
{
1070
     2
1000
-2000051
1002
}
1002
{
1070
     3
1000
22985857
1002
}
  0
LINE
  5
6C5
330
70
100
AcDbEntity
  8
A-COB-___-___-EXI
100
AcDbLine
 10
-14169.6323972949
 20
9793.879854104527
 30
0.0
 11
-14417.26484895157
 21
9782.087832597063
 31
0.0
1001
REVIT
1002
{
1070
     1
1000
22997142
1002
}
1002
{
1070
     2
1000
-2000051
1002
}
1002
{
1070
     3
1000
22985857
1002
}
  0
LINE
  5
6C6
330
70
100
AcDbEntity
  8
A-COB-___-___-EXI
100
AcDbLine
 10
-14544.61868123215
 20
9777.371023994081
 30
0.0
 11
-14796.9679414918
 21
9770.295811089603
 31
0.0
1001
REVIT
1002
{
1070
     1
1000
22997143
1002
}
1002
{
1070
     2
1000
-2000051
1002
}
1002
{
1070
     3
1000
22985857
1002
}
  0
LINE
  5
6C7
330
70
100
AcDbEntity
  8
A-COB-___-___-EXI
100
AcDbLine
 10
-14924.32177377238
 20
9765.579002486623
 30
0.0
 11
-15176.67103403203
 21
9758.503789582139
 31
0.0
1001
REVIT
1002
{
1070
     1
1000
22997144
1002
}
1002
{
1070
     2
1000
-2000051
1002
}
1002
{
1070
     3
1000
22985857
1002
}
  0
LINE
  5
6CB
330
70
100
AcDbEntity
  8
A-COB-___-___-EXI
100
AcDbLine
 10
-15992.6789223483
 20
9921.233686385097
 30
0.0
 11
-16245.02818260796
 21
9909.441664877633
 31
0.0
1001
REVIT
1002
{
1070
     1
1000
22997148
1002
}
1002
{
1070
     2
1000
-2000051
1002
}
1002
{
1070
     3
1000
22985857
1002
}
  0
LINE
  5
6CC
330
70
100
AcDbEntity
  8
A-COB-___-___-EXI
100
AcDbLine
 10
-16372.38201488854
 20
9909.441664877633
 30
0.0
 11
-16620.01446654521
 21
9897.649643370179
 31
0.0
1001
REVIT
1002
{
1070
     1
1000
22997149
1002
}
1002
{
1070
     2
1000
-2000051
1002
}
1002
{
1070
     3
1000
22985857
1002
}
  0
LINE
  5
6CD
330
70
100
AcDbEntity
  8
A-COB-___-___-EXI
100
AcDbLine
 10
-16747.36829882578
 20
9890.574430465695
 30
0.0
 11
-16999.71755908544
 21
9885.857621862712
 31
0.0
1001
REVIT
1002
{
1070
     1
1000
22997150
1002
}
1002
{
1070
     2
1000
-2000051
1002
}
1002
{
1070
     3
1000
22985857
1002
}
  0
LINE
  5
6CE
330
70
100
AcDbEntity
  8
A-COB-___-___-EXI
100
AcDbLine
 10
-17127.07139136601
 20
9878.782408958235
 30
0.0
 11
-17398.28788603732
 21
9866.990387450785
 31
0.0
1001
REVIT
1002
{
1070
     1
1000
22997151
1002
}
1002
{
1070
     2
1000
-2000051
1002
}
1002
{
1070
     3
1000
22985857
1002
}
  0
LINE
  5
6CF
330
70
100
AcDbEntity
  8
A-COB-___-___-EXI
100
AcDbLine
 10
-17398.28788603745
 20
9866.990387450776
 30
0.0
 11
-17563.37618714205
 21
9862.273578847791
 31
0.0
1001
REVIT
1002
{
1070
     1
1000
22997152
1002
}
1002
{
1070
     2
1000
-2000051
1002
}
1002
{
1070
     3
1000
22985857
1002
}
  0
LINE
  5
6D0
330
70
100
AcDbEntity
  8
A-COB-___-___-EXI
100
AcDbLine
 10
-17683.65480651815
 20
9855.198365943314
 30
0.0
 11
-17936.00406677781
 21
9848.123153038828
 31
0.0
1001
REVIT
1002
{
1070
     1
1000
22997153
1002
}
1002
{
1070
     2
1000
-2000051
1002
}
1002
{
1070
     3
1000
22985857
1002
}
  0
LINE
  5
6D1
330
70
100
AcDbEntity
  8
A-COB-___-___-EXI
100
AcDbLine
 10
-18063.35789905838
 20
9843.406344435848
 30
0.0
 11
-18318.06556361953
 21
9831.614322928395
 31
0.0
1001
REVIT
1002
{
1070
     1
1000
22997154
1002
}
1002
{
1070
     2
1000
-2000051
1002
}
1002
{
1070
     3
1000
22985857
1002
}
  0
LINE
  5
6D2
330
70
100
AcDbEntity
  8
A-COB-___-___-EXI
100
AcDbLine
 10
-18443.06099159861
 20
9831.614322928388
 30
0.0
 11
-18690.69344325528
 21
9819.822301420924
 31
0.0
1001
REVIT
1002
{
1070
     1
1000
22997155
1002
}
1002
{
1070
     2
1000
-2000051
1002
}
1002
{
1070
     3
1000
22985857
1002
}
  0
LINE
  5
6D3
330
70
100
AcDbEntity
  8
A-COB-___-___-EXI
100
AcDbLine
 10
-18818.04727553586
 20
9812.747088516452
 30
0.0
 11
-19072.754940097
 21
9805.67187561197
 31
0.0
1001
REVIT
1002
{
1070
     1
1000
22997156
1002
}
1002
{
1070
     2
1000
-2000051
1002
}
1002
{
1070
     3
1000
22985857
1002
}
  0
LINE
  5
6D4
330
70
100
AcDbEntity
  8
A-COB-___-___-EXI
100
AcDbLine
 10
-19197.75036807609
 20
9800.955067008986
 30
0.0
 11
-19445.38281973276
 21
9789.163045501526
 31
0.0
1001
REVIT
1002
{
1070
     1
1000
22997157
1002
}
1002
{
1070
     2
1000
-2000051
1002
}
1002
{
1070
     3
1000
22985857
1002
}
  0
LINE
  5
6D5
330
70
100
AcDbEntity
  8
A-COB-___-___-EXI
100
AcDbLine
 10
-19572.73665201333
 20
9789.163045501528
 30
0.0
 11
-19827.44431657448
 21
9777.371023994065
 31
0.0
1001
REVIT
1002
{
1070
     1
1000
22997158
1002
}
1002
{
1070
     2
1000
-2000051
1002
}
1002
{
1070
     3
1000
22985857
1002
}
  0
LINE
  5
6D8
330
70
100
AcDbEntity
  8
A-COB-___-___-EXI
100
AcDbLine
 10
-20098.66081124608
 20
10149.99890362981
 30
0.0
 11
-20086.86878973862
 21
10404.70656819097
 31
0.0
1001
REVIT
1002
{
1070
     1
1000
22997161
1002
}
1002
{
1070
     2
1000
-2000051
1002
}
1002
{
1070
     3
1000
22985857
1002
}
  0
LINE
  5
6D9
330
70
100
AcDbEntity
  8
A-COB-___-___-EXI
100
AcDbLine
 10
-20086.86878973862
 20
10532.06040047154
 30
0.0
 11
-20075.07676823116
 21
10784.4096607312
 31
0.0
1001
REVIT
1002
{
1070
     1
1000
22997162
1002
}
1002
{
1070
     2
1000
-2000051
1002
}
1002
{
1070
     3
1000
22985857
1002
}
  0
LINE
  5
6DA
330
70
100
AcDbEntity
  8
A-COB-___-___-EXI
100
AcDbLine
 10
-20068.00155532668
 20
10904.68828010729
 30
0.0
 11
-20060.92634242221
 21
11159.39594466844
 31
0.0
1001
REVIT
1002
{
1070
     1
1000
22997163
1002
}
1002
{
1070
     2
1000
-2000051
1002
}
1002
{
1070
     3
1000
22985857
1002
}
  0
LINE
  5
6DB
330
70
100
AcDbEntity
  8
A-COB-___-___-EXI
100
AcDbLine
 10
-20056.20953381922
 20
11286.74977694901
 30
0.0
 11
-20044.41751231177
 21
11539.09903720867
 31
0.0
1001
REVIT
1002
{
1070
     1
1000
22997164
1002
}
1002
{
1070
     2
1000
-2000051
1002
}
1002
{
1070
     3
1000
22985857
1002
}
  0
LINE
  5
6DC
330
70
100
AcDbEntity
  8
A-COB-___-___-EXI
100
AcDbLine
 10
-20044.41751231177
 20
11659.37765658477
 30
0.0
 11
-20032.62549080431
 21
11914.08532114591
 31
0.0
1001
REVIT
1002
{
1070
     1
1000
22997165
1002
}
1002
{
1070
     2
1000
-2000051
1002
}
1002
{
1070
     3
1000
22985857
1002
}
  0
LINE
  5
6DD
330
70
100
AcDbEntity
  8
A-COB-___-___-EXI
100
AcDbLine
 10
-20025.55027789983
 20
12041.43915342649
 30
0.0
 11
-20018.47506499535
 21
12293.78841368615
 31
0.0
1001
REVIT
1002
{
1070
     1
1000
22997166
1002
}
1002
{
1070
     2
1000
-2000051
1002
}
1002
{
1070
     3
1000
22985857
1002
}
  0
LINE
  5
6DE
330
70
100
AcDbEntity
  8
A-COB-___-___-EXI
100
AcDbLine
 10
-20013.75825639237
 20
12421.14224596672
 30
0.0
 11
-20001.96623488491
 21
12668.77469762339
 31
0.0
1001
REVIT
1002
{
1070
     1
1000
22997167
1002
}
1002
{
1070
     2
1000
-2000051
1002
}
1002
{
1070
     3
1000
22985857
1002
}
  0
LINE
  5
6DF
330
70
100
AcDbEntity
  8
A-COB-___-___-EXI
100
AcDbLine
 10
-19994.89102198043
 20
12796.12852990396
 30
0.0
 11
-19990.17421337745
 21
13048.47779016362
 31
0.0
1001
REVIT
1002
{
1070
     1
1000
22997168
1002
}
1002
{
1070
     2
1000
-2000051
1002
}
1002
{
1070
     3
1000
22985857
1002
}
  0
LINE
  5
6E0
330
70
100
AcDbEntity
  8
A-COB-___-___-EXI
100
AcDbLine
 10
-19983.09900047297
 20
13175.8316224442
 30
0.0
 11
-19978.38219186998
 21
13423.46407410087
 31
0.0
1001
REVIT
1002
{
1070
     1
1000
22997169
1002
}
1002
{
1070
     2
1000
-2000051
1002
}
1002
{
1070
     3
1000
22985857
1002
}
  0
LINE
  5
6E1
330
70
100
AcDbEntity
  8
A-COB-___-___-EXI
100
AcDbLine
 10
-19971.30697896551
 20
13550.81790638144
 30
0.0
 11
-19959.51495745805
 21
13803.1671666411
 31
0.0
1001
REVIT
1002
{
1070
     1
1000
22997170
1002
}
1002
{
1070
     2
1000
-2000051
1002
}
1002
{
1070
     3
1000
22985857
1002
}
  0
LINE
  5
6E2
330
70
100
AcDbEntity
  8
A-COB-___-___-EXI
100
AcDbLine
 10
-19952.43974455357
 20
13930.52099892167
 30
0.0
 11
-19947.7229359506
 21
14178.15345057834
 31
0.0
1001
REVIT
1002
{
1070
     1
1000
22997171
1002
}
1002
{
1070
     2
1000
-2000051
1002
}
1002
{
1070
     3
1000
22985857
1002
}
  0
LINE
  5
6E3
330
70
100
AcDbEntity
  8
A-COB-___-___-EXI
100
AcDbLine
 10
-19940.64772304612
 20
14305.50728285892
 30
0.0
 11
-19928.85570153866
 21
14557.85654311858
 31
0.0
1001
REVIT
1002
{
1070
     1
1000
22997172
1002
}
1002
{
1070
     2
1000
-2000051
1002
}
1002
{
1070
     3
1000
22985857
1002
}
  0
LINE
  5
6E4
330
70
100
AcDbEntity
  8
A-COB-___-___-EXI
100
AcDbLine
 10
-19928.85570153866
 20
14685.21037539915
 30
0.0
 11
-19917.0636800312
 21
14932.84282705582
 31
0.0
1001
REVIT
1002
{
1070
     1
1000
22997173
1002
}
1002
{
1070
     2
1000
-2000051
1002
}
1002
{
1070
     3
1000
22985857
1002
}
  0
LINE
  5
6E5
330
70
100
AcDbEntity
  8
A-COB-___-___-EXI
100
AcDbLine
 10
-19909.98846712672
 20
15060.1966593364
 30
0.0
 11
-19905.27165852374
 21
15312.54591959605
 31
0.0
1001
REVIT
1002
{
1070
     1
1000
22997174
1002
}
1002
{
1070
     2
1000
-2000051
1002
}
1002
{
1070
     3
1000
22985857
1002
}
  0
LINE
  5
6E6
330
70
100
AcDbEntity
  8
A-COB-___-___-EXI
100
AcDbLine
 10
-19898.19644561926
 20
15439.89975187663
 30
0.0
 11
-19886.4044241118
 21
15687.5322035333
 31
0.0
1001
REVIT
1002
{
1070
     1
1000
22997175
1002
}
1002
{
1070
     2
1000
-2000051
1002
}
1002
{
1070
     3
1000
22985857
1002
}
  0
LINE
  5
6E7
330
70
100
AcDbEntity
  8
A-COB-___-___-EXI
100
AcDbLine
 10
-19886.4044241118
 20
15814.88603581387
 30
0.0
 11
-19874.61240260434
 21
16067.23529607353
 31
0.0
1001
REVIT
1002
{
1070
     1
1000
22997176
1002
}
1002
{
1070
     2
1000
-2000051
1002
}
1002
{
1070
     3
1000
22985857
1002
}
  0
LINE
  5
6E8
330
70
100
AcDbEntity
  8
A-COB-___-___-EXI
100
AcDbLine
 10
-19867.53718969987
 20
16194.5891283541
 30
0.0
 11
-19862.82038109689
 21
16442.22158001078
 31
0.0
1001
REVIT
1002
{
1070
     1
1000
22997177
1002
}
1002
{
1070
     2
1000
-2000051
1002
}
1002
{
1070
     3
1000
22985857
1002
}
  0
LINE
  5
6E9
330
70
100
AcDbEntity
  8
A-COB-___-___-EXI
100
AcDbLine
 10
-19855.74516819241
 20
16569.57541229135
 30
0.0
 11
-19843.95314668495
 21
16821.92467255101
 31
0.0
1001
REVIT
1002
{
1070
     1
1000
22997178
1002
}
1002
{
1070
     2
1000
-2000051
1002
}
1002
{
1070
     3
1000
22985857
1002
}
  0
LINE
  5
6EA
330
70
100
AcDbEntity
  8
A-COB-___-___-EXI
100
AcDbLine
 10
-19843.95314668495
 20
16949.27850483158
 30
0.0
 11
-19832.16112517749
 21
17201.62776509124
 31
0.0
1001
REVIT
1002
{
1070
     1
1000
22997179
1002
}
1002
{
1070
     2
1000
-2000051
1002
}
1002
{
1070
     3
1000
22985857
1002
}
  0
LINE
  5
6EB
330
70
100
AcDbEntity
  8
A-COB-___-___-EXI
100
AcDbLine
 10
-19827.44431657451
 20
17324.26478876883
 30
0.0
 11
-19820.36910367003
 21
17576.61404902849
 31
0.0
1001
REVIT
1002
{
1070
     1
1000
22997180
1002
}
1002
{
1070
     2
1000
-2000051
1002
}
1002
{
1070
     3
1000
22985857
1002
}
  0
LINE
  5
6EC
330
70
100
AcDbEntity
  8
A-COB-___-___-EXI
100
AcDbLine
 10
-19813.29389076555
 20
17703.96788130906
 30
0.0
 11
-19801.50186925809
 21
17956.31714156871
 31
0.0
1001
REVIT
1002
{
1070
     1
1000
22997181
1002
}
1002
{
1070
     2
1000
-2000051
1002
}
1002
{
1070
     3
1000
22985857
1002
}
  0
LINE
  5
6ED
330
70
100
AcDbEntity
  8
A-COB-___-___-EXI
100
AcDbLine
 10
-19796.78506065511
 20
18078.95416524631
 30
0.0
 11
-19789.70984775063
 21
18331.30342550596
 31
0.0
1001
REVIT
1002
{
1070
     1
1000
22997182
1002
}
1002
{
1070
     2
1000
-2000051
1002
}
1002
{
1070
     3
1000
22985857
1002
}
  0
LINE
  5
6EE
330
70
100
AcDbEntity
  8
A-COB-___-___-EXI
100
AcDbLine
 10
-19784.99303914765
 20
18458.65725778653
 30
0.0
 11
-19777.91782624318
 21
18711.00651804619
 31
0.0
1001
REVIT
1002
{
1070
     1
1000
22997183
1002
}
1002
{
1070
     2
1000
-2000051
1002
}
1002
{
1070
     3
1000
22985857
1002
}
  0
LINE
  5
6EF
330
70
100
AcDbEntity
  8
A-COB-___-___-EXI
100
AcDbLine
 10
-19773.20101764019
 20
18833.64354172378
 30
0.0
 11
-19759.05059183124
 21
19085.99280198344
 31
0.0
1001
REVIT
1002
{
1070
     1
1000
22997184
1002
}
1002
{
1070
     2
1000
-2000051
1002
}
1002
{
1070
     3
1000
22985857
1002
}
  0
LINE
  5
6F0
330
70
100
AcDbEntity
  8
A-COB-___-___-EXI
100
AcDbLine
 10
-19754.33378322825
 20
19213.34663426401
 30
0.0
 11
-19747.25857032378
 21
19465.69589452367
 31
0.0
1001
REVIT
1002
{
1070
     1
1000
22997185
1002
}
1002
{
1070
     2
1000
-2000051
1002
}
1002
{
1070
     3
1000
22985857
1002
}
  0
LINE
  5
6F1
330
70
100
AcDbEntity
  8
A-COB-___-___-EXI
100
AcDbLine
 10
-19742.5417617208
 20
19593.04972680424
 30
0.0
 11
-19730.74974021334
 21
19840.68217846091
 31
0.0
1001
REVIT
1002
{
1070
     1
1000
22997186
1002
}
1002
{
1070
     2
1000
-2000051
1002
}
1002
{
1070
     3
1000
22985857
1002
}
  0
LINE
  5
6F2
330
70
100
AcDbEntity
  8
A-COB-___-___-EXI
100
AcDbLine
 10
-19730.74974021334
 20
19968.03601074148
 30
0.0
 11
-19716.59931440438
 21
20220.38527100114
 31
0.0
1001
REVIT
1002
{
1070
     1
1000
22997187
1002
}
1002
{
1070
     2
1000
-2000051
1002
}
1002
{
1070
     3
1000
22985857
1002
}
  0
LINE
  5
6F3
330
70
100
AcDbEntity
  8
A-COB-___-___-EXI
100
AcDbLine
 10
-19711.8825058014
 20
20347.73910328172
 30
0.0
 11
-19704.80729289693
 21
20595.37155493839
 31
0.0
1001
REVIT
1002
{
1070
     1
1000
22997188
1002
}
1002
{
1070
     2
1000
-2000051
1002
}
1002
{
1070
     3
1000
22985857
1002
}
  0
LINE
  5
6F4
330
70
100
AcDbEntity
  8
A-COB-___-___-EXI
100
AcDbLine
 10
-19700.09048429394
 20
20722.72538721897
 30
0.0
 11
-19688.29846278648
 21
20975.07464747863
 31
0.0
1001
REVIT
1002
{
1070
     1
1000
22997189
1002
}
1002
{
1070
     2
1000
-2000051
1002
}
1002
{
1070
     3
1000
22985857
1002
}
  0
LINE
  5
6F5
330
70
100
AcDbEntity
  8
A-COB-___-___-EXI
100
AcDbLine
 10
-19688.29846278649
 20
21102.4284797592
 30
0.0
 11
-19676.50644127902
 21
21350.06093141587
 31
0.0
1001
REVIT
1002
{
1070
     1
1000
22997190
1002
}
1002
{
1070
     2
1000
-2000051
1002
}
1002
{
1070
     3
1000
22985857
1002
}
  0
LINE
  5
6F6
330
70
100
AcDbEntity
  8
A-COB-___-___-EXI
100
AcDbLine
 10
-19669.43122837455
 20
21477.41476369644
 30
0.0
 11
-19662.35601547007
 21
21729.7640239561
 31
0.0
1001
REVIT
1002
{
1070
     1
1000
22997191
1002
}
1002
{
1070
     2
1000
-2000051
1002
}
1002
{
1070
     3
1000
22985857
1002
}
  0
LINE
  5
6F7
330
70
100
AcDbEntity
  8
A-COB-___-___-EXI
100
AcDbLine
 10
-19657.63920686709
 20
21857.11785623667
 30
0.0
 11
-19645.84718535963
 21
22104.75030789334
 31
0.0
1001
REVIT
1002
{
1070
     1
1000
22997192
1002
}
1002
{
1070
     2
1000
-2000051
1002
}
1002
{
1070
     3
1000
22985857
1002
}
  0
LINE
  5
6F8
330
70
100
AcDbEntity
  8
A-COB-___-___-EXI
100
AcDbLine
 10
-19645.84718535963
 20
22232.10414017392
 30
0.0
 11
-19634.05516385217
 21
22484.45340043357
 31
0.0
1001
REVIT
1002
{
1070
     1
1000
22997193
1002
}
1002
{
1070
     2
1000
-2000051
1002
}
1002
{
1070
     3
1000
22985857
1002
}
  0
LINE
  5
6F9
330
70
100
AcDbEntity
  8
A-COB-___-___-EXI
100
AcDbLine
 10
-19626.97995094769
 20
22611.80723271415
 30
0.0
 11
-19622.26314234472
 21
22859.43968437082
 31
0.0
1001
REVIT
1002
{
1070
     1
1000
22997194
1002
}
1002
{
1070
     2
1000
-2000051
1002
}
1002
{
1070
     3
1000
22985857
1002
}
  0
LINE
  5
6FA
330
70
100
AcDbEntity
  8
A-COB-___-___-EXI
100
AcDbLine
 10
-19615.18792944023
 20
22986.79351665139
 30
0.0
 11
-19603.39590793277
 21
23239.14277691105
 31
0.0
1001
REVIT
1002
{
1070
     1
1000
22997195
1002
}
1002
{
1070
     2
1000
-2000051
1002
}
1002
{
1070
     3
1000
22985857
1002
}
  0
LINE
  5
6FB
330
70
100
AcDbEntity
  8
A-COB-___-___-EXI
100
AcDbLine
 10
-19596.3206950283
 20
23366.49660919162
 30
0.0
 11
-19591.60388642531
 21
23614.1290608483
 31
0.0
1001
REVIT
1002
{
1070
     1
1000
22997196
1002
}
1002
{
1070
     2
1000
-2000051
1002
}
1002
{
1070
     3
1000
22985857
1002
}
  0
LINE
  5
6FC
330
70
100
AcDbEntity
  8
A-COB-___-___-EXI
100
AcDbLine
 10
-19584.52867352084
 20
23741.48289312887
 30
0.0
 11
-19579.81186491785
 21
23993.83215338853
 31
0.0
1001
REVIT
1002
{
1070
     1
1000
22997197
1002
}
1002
{
1070
     2
1000
-2000051
1002
}
1002
{
1070
     3
1000
22985857
1002
}
  0
LINE
  5
6FD
330
70
100
AcDbEntity
  8
A-COB-___-___-EXI
100
AcDbLine
 10
-19572.73665201338
 20
24121.1859856691
 30
0.0
 11
-19560.94463050592
 21
24375.89365023025
 31
0.0
1001
REVIT
1002
{
1070
     1
1000
22997198
1002
}
1002
{
1070
     2
1000
-2000051
1002
}
1002
{
1070
     3
1000
22985857
1002
}
  0
LINE
  5
6FE
330
70
100
AcDbEntity
  8
A-COB-___-___-EXI
100
AcDbLine
 10
-19553.86941760144
 20
24496.17226960635
 30
0.0
 11
-19549.15260899846
 21
24748.521529866
 31
0.0
1001
REVIT
1002
{
1070
     1
1000
22997199
1002
}
1002
{
1070
     2
1000
-2000051
1002
}
1002
{
1070
     3
1000
22985857
1002
}
  0
LINE
  5
6FF
330
70
100
AcDbEntity
  8
A-COB-___-___-EXI
100
AcDbLine
 10
-19542.07739609399
 20
24875.87536214658
 30
0.0
 11
-19530.28537458653
 21
25135.29983531071
 31
0.0
1001
REVIT
1002
{
1070
     1
1000
22997200
1002
}
1002
{
1070
     2
1000
-2000051
1002
}
1002
{
1070
     3
1000
22985857
1002
}
  0
LINE
  5
702
330
70
100
AcDbEntity
  8
A-COB-___-___-EXI
100
AcDbLine
 10
-11004.65382469255
 20
29253.07374571597
 30
0.0
 11
-11011.72903759702
 21
29000.72448545632
 31
0.0
1001
REVIT
1002
{
1070
     1
1000
22997203
1002
}
1002
{
1070
     2
1000
-2000051
1002
}
1002
{
1070
     3
1000
22985857
1002
}
  0
LINE
  5
703
330
70
100
AcDbEntity
  8
A-COB-___-___-EXI
100
AcDbLine
 10
-11011.72903759702
 20
28873.37065317574
 30
0.0
 11
-11011.72903759702
 21
28618.6629886146
 31
0.0
1001
REVIT
1002
{
1070
     1
1000
22997204
1002
}
1002
{
1070
     2
1000
-2000051
1002
}
1002
{
1070
     3
1000
22985857
1002
}
  0
LINE
  5
704
330
70
100
AcDbEntity
  8
A-COB-___-___-EXI
100
AcDbLine
 10
-11011.72903759702
 20
28498.3843692385
 30
0.0
 11
-11011.72903759702
 21
28246.03510897884
 31
0.0
1001
REVIT
1002
{
1070
     1
1000
22997205
1002
}
1002
{
1070
     2
1000
-2000051
1002
}
1002
{
1070
     3
1000
22985857
1002
}
  0
LINE
  5
705
330
70
100
AcDbEntity
  8
A-COB-___-___-EXI
100
AcDbLine
 10
-11018.80425050149
 20
28118.68127669826
 30
0.0
 11
-11018.80425050149
 21
27863.97361213712
 31
0.0
1001
REVIT
1002
{
1070
     1
1000
22997206
1002
}
1002
{
1070
     2
1000
-2000051
1002
}
1002
{
1070
     3
1000
22985857
1002
}
  0
LINE
  5
709
330
70
100
AcDbEntity
  8
A-COB-___-___-EXI
100
AcDbLine
 10
-14735.64942965306
 20
25394.72430847486
 30
0.0
 11
-14742.72464255754
 21
25649.43197303601
 31
0.0
1001
REVIT
1002
{
1070
     1
1000
22997210
1002
}
1002
{
1070
     2
1000
-2000051
1002
}
1002
{
1070
     3
1000
22985857
1002
}
  0
LINE
  5
70A
330
70
100
AcDbEntity
  8
A-COB-___-___-EXI
100
AcDbLine
 10
-14742.72464255753
 20
25776.78580531658
 30
0.0
 11
-14742.72464255754
 21
26029.13506557624
 31
0.0
1001
REVIT
1002
{
1070
     1
1000
22997211
1002
}
1002
{
1070
     2
1000
-2000051
1002
}
1002
{
1070
     3
1000
22985857
1002
}
  0
LINE
  5
70B
330
70
100
AcDbEntity
  8
A-COB-___-___-EXI
100
AcDbLine
 10
-14742.72464255754
 20
26149.41368495233
 30
0.0
 11
-14749.79985546201
 21
26404.12134951348
 31
0.0
1001
REVIT
1002
{
1070
     1
1000
22997212
1002
}
1002
{
1070
     2
1000
-2000051
1002
}
1002
{
1070
     3
1000
22985857
1002
}
  0
LINE
  5
70C
330
70
100
AcDbEntity
  8
A-COB-___-___-EXI
100
AcDbLine
 10
-14749.79985546202
 20
26531.47518179406
 30
0.0
 11
-14754.516664065
 21
26783.82444205372
 31
0.0
1001
REVIT
1002
{
1070
     1
1000
22997213
1002
}
1002
{
1070
     2
1000
-2000051
1002
}
1002
{
1070
     3
1000
22985857
1002
}
  0
LINE
  5
70D
330
70
100
AcDbEntity
  8
A-COB-___-___-EXI
100
AcDbLine
 10
-14754.516664065
 20
26911.17827433429
 30
0.0
 11
-14754.516664065
 21
27158.81072599096
 31
0.0
1001
REVIT
1002
{
1070
     1
1000
22997214
1002
}
1002
{
1070
     2
1000
-2000051
1002
}
1002
{
1070
     3
1000
22985857
1002
}
  0
LINE
  5
710
330
70
100
AcDbEntity
  8
A-COB-___-___-EXI
100
AcDbLine
 10
-10632.02594505679
 20
29689.37854149201
 30
0.0
 11
-10377.31828049564
 21
29689.37854149201
 31
0.0
1001
REVIT
1002
{
1070
     1
1000
22997217
1002
}
1002
{
1070
     2
1000
-2000051
1002
}
1002
{
1070
     3
1000
22985857
1002
}
  0
LINE
  5
711
330
70
100
AcDbEntity
  8
A-COB-___-___-EXI
100
AcDbLine
 10
-10249.96444821507
 20
29689.37854149201
 30
0.0
 11
-9997.615187955416
 21
29682.30332858754
 31
0.0
1001
REVIT
1002
{
1070
     1
1000
22997218
1002
}
1002
{
1070
     2
1000
-2000051
1002
}
1002
{
1070
     3
1000
22985857
1002
}
  0
LINE
  5
712
330
70
100
AcDbEntity
  8
A-COB-___-___-EXI
100
AcDbLine
 10
-9870.261355674841
 20
29682.30332858754
 30
0.0
 11
-9622.628904018171
 21
29682.30332858754
 31
0.0
1001
REVIT
1002
{
1070
     1
1000
22997219
1002
}
1002
{
1070
     2
1000
-2000051
1002
}
1002
{
1070
     3
1000
22985857
1002
}
  0
LINE
  5
713
330
70
100
AcDbEntity
  8
A-COB-___-___-EXI
100
AcDbLine
 10
-9495.275071737596
 20
29682.30332858754
 30
0.0
 11
-9242.92581147794
 21
29682.30332858754
 31
0.0
1001
REVIT
1002
{
1070
     1
1000
22997220
1002
}
1002
{
1070
     2
1000
-2000051
1002
}
1002
{
1070
     3
1000
22985857
1002
}
  0
LINE
  5
714
330
70
100
AcDbEntity
  8
A-COB-___-___-EXI
100
AcDbLine
 10
-9115.571979197367
 20
29675.22811568306
 30
0.0
 11
-8863.222718937711
 21
29675.22811568306
 31
0.0
1001
REVIT
1002
{
1070
     1
1000
22997221
1002
}
1002
{
1070
     2
1000
-2000051
1002
}
1002
{
1070
     3
1000
22985857
1002
}
  0
LINE
  5
715
330
70
100
AcDbEntity
  8
A-COB-___-___-EXI
100
AcDbLine
 10
-8740.58569526012
 20
29675.22811568306
 30
0.0
 11
-8488.236435000464
 21
29675.22811568307
 31
0.0
1001
REVIT
1002
{
1070
     1
1000
22997222
1002
}
1002
{
1070
     2
1000
-2000051
1002
}
1002
{
1070
     3
1000
22985857
1002
}
  0
LINE
  5
716
330
70
100
AcDbEntity
  8
A-COB-___-___-EXI
100
AcDbLine
 10
-8360.88260271989
 20
29675.22811568307
 30
0.0
 11
-8108.533342460233
 21
29670.51130708009
 31
0.0
1001
REVIT
1002
{
1070
     1
1000
22997223
1002
}
1002
{
1070
     2
1000
-2000051
1002
}
1002
{
1070
     3
1000
22985857
1002
}
  0
LINE
  5
717
330
70
100
AcDbEntity
  8
A-COB-___-___-EXI
100
AcDbLine
 10
-7981.179510179659
 20
29670.51130708009
 30
0.0
 11
-7733.547058522987
 21
29670.51130708009
 31
0.0
1001
REVIT
1002
{
1070
     1
1000
22997224
1002
}
1002
{
1070
     2
1000
-2000051
1002
}
1002
{
1070
     3
1000
22985857
1002
}
  0
LINE
  5
718
330
70
100
AcDbEntity
  8
A-COB-___-___-EXI
100
AcDbLine
 10
-7606.193226242414
 20
29670.51130708009
 30
0.0
 11
-7353.843965982756
 21
29670.51130708009
 31
0.0
1001
REVIT
1002
{
1070
     1
1000
22997225
1002
}
1002
{
1070
     2
1000
-2000051
1002
}
1002
{
1070
     3
1000
22985857
1002
}
  0
LINE
  5
719
330
70
100
AcDbEntity
  8
A-COB-___-___-EXI
100
AcDbLine
 10
-7226.490133702182
 20
29663.43609417561
 30
0.0
 11
-6978.857682045511
 21
29663.43609417561
 31
0.0
1001
REVIT
1002
{
1070
     1
1000
22997226
1002
}
1002
{
1070
     2
1000
-2000051
1002
}
1002
{
1070
     3
1000
22985857
1002
}
  0
LINE
  5
71A
330
70
100
AcDbEntity
  8
A-COB-___-___-EXI
100
AcDbLine
 10
-6851.503849764935
 20
29663.43609417561
 30
0.0
 11
-6599.154589505281
 21
29663.43609417561
 31
0.0
1001
REVIT
1002
{
1070
     1
1000
22997227
1002
}
1002
{
1070
     2
1000
-2000051
1002
}
1002
{
1070
     3
1000
22985857
1002
}
  0
LINE
  5
71B
330
70
100
AcDbEntity
  8
A-COB-___-___-EXI
100
AcDbLine
 10
-11440.95862046858
 20
27430.02722066256
 30
0.0
 11
-11693.30788072824
 21
27430.02722066256
 31
0.0
1001
REVIT
1002
{
1070
     1
1000
22997228
1002
}
1002
{
1070
     2
1000
-2000051
1002
}
1002
{
1070
     3
1000
22985857
1002
}
  0
LINE
  5
71C
330
70
100
AcDbEntity
  8
A-COB-___-___-EXI
100
AcDbLine
 10
-11820.66171300881
 20
27430.02722066256
 30
0.0
 11
-12068.29416466548
 21
27437.10243356704
 31
0.0
1001
REVIT
1002
{
1070
     1
1000
22997229
1002
}
1002
{
1070
     2
1000
-2000051
1002
}
1002
{
1070
     3
1000
22985857
1002
}
  0
LINE
  5
71D
330
70
100
AcDbEntity
  8
A-COB-___-___-EXI
100
AcDbLine
 10
-12195.64799694606
 20
27437.10243356704
 30
0.0
 11
-12447.99725720571
 21
27437.10243356704
 31
0.0
1001
REVIT
1002
{
1070
     1
1000
22997230
1002
}
1002
{
1070
     2
1000
-2000051
1002
}
1002
{
1070
     3
1000
22985857
1002
}
  0
LINE
  5
71E
330
70
100
AcDbEntity
  8
A-COB-___-___-EXI
100
AcDbLine
 10
-12575.35108948629
 20
27437.10243356704
 30
0.0
 11
-12830.05875404744
 21
27437.10243356704
 31
0.0
1001
REVIT
1002
{
1070
     1
1000
22997231
1002
}
1002
{
1070
     2
1000
-2000051
1002
}
1002
{
1070
     3
1000
22985857
1002
}
  0
LINE
  5
71F
330
70
100
AcDbEntity
  8
A-COB-___-___-EXI
100
AcDbLine
 10
-12950.33737342353
 20
27441.81924217002
 30
0.0
 11
-13202.68663368319
 21
27441.81924217002
 31
0.0
1001
REVIT
1002
{
1070
     1
1000
22997232
1002
}
1002
{
1070
     2
1000
-2000051
1002
}
1002
{
1070
     3
1000
22985857
1002
}
  0
LINE
  5
720
330
70
100
AcDbEntity
  8
A-COB-___-___-EXI
100
AcDbLine
 10
-13330.04046596376
 20
27441.81924217002
 30
0.0
 11
-13584.74813052491
 21
27441.81924217002
 31
0.0
1001
REVIT
1002
{
1070
     1
1000
22997233
1002
}
1002
{
1070
     2
1000
-2000051
1002
}
1002
{
1070
     3
1000
22985857
1002
}
  0
LINE
  5
721
330
70
100
AcDbEntity
  8
A-COB-___-___-EXI
100
AcDbLine
 10
-13709.74355850399
 20
27441.81924217002
 30
0.0
 11
-13957.37601016067
 21
27448.8944550745
 31
0.0
1001
REVIT
1002
{
1070
     1
1000
22997234
1002
}
1002
{
1070
     2
1000
-2000051
1002
}
1002
{
1070
     3
1000
22985857
1002
}
  0
LINE
  5
722
330
70
100
AcDbEntity
  8
A-COB-___-___-EXI
100
AcDbLine
 10
-14084.72984244124
 20
27448.8944550745
 30
0.0
 11
-14339.43750700239
 21
27448.8944550745
 31
0.0
1001
REVIT
1002
{
1070
     1
1000
22997235
1002
}
1002
{
1070
     2
1000
-2000051
1002
}
1002
{
1070
     3
1000
22985857
1002
}
  0
LINE
  5
727
330
70
100
AcDbEntity
  8
A-JAN-___-___-EXI
100
AcDbLine
 10
-10551.84019880605
 20
27189.46998191037
 30
0.0
 11
-10551.84019880605
 21
28335.65447243554
 31
0.0
1001
REVIT
1002
{
1070
     1
1000
22997240
1002
}
1002
{
1070
     2
1000
-2000051
1002
}
1002
{
1070
     3
1000
22985857
1002
}
  0
LINE
  5
728
330
70
100
AcDbEntity
  8
A-JAN-___-___-EXI
100
AcDbLine
 10
-10497.59689987174
 20
27189.46998191037
 30
0.0
 11
-10497.59689987174
 21
28335.65447243554
 31
0.0
1001
REVIT
1002
{
1070
     1
1000
22997241
1002
}
1002
{
1070
     2
1000
-2000051
1002
}
1002
{
1070
     3
1000
22985857
1002
}
  0
LINE
  5
729
330
70
100
AcDbEntity
  8
A-JAN-___-___-EXI
100
AcDbLine
 10
-10469.29604825383
 20
27189.46998191037
 30
0.0
 11
-10469.29604825383
 21
28335.65447243554
 31
0.0
1001
REVIT
1002
{
1070
     1
1000
22997242
1002
}
1002
{
1070
     2
1000
-2000051
1002
}
1002
{
1070
     3
1000
22985857
1002
}
  0
LINE
  5
72A
330
70
100
AcDbEntity
  8
A-JAN-___-___-EXI
100
AcDbLine
 10
-10415.05274931951
 20
27189.46998191037
 30
0.0
 11
-10415.05274931951
 21
28335.65447243554
 31
0.0
1001
REVIT
1002
{
1070
     1
1000
22997243
1002
}
1002
{
1070
     2
1000
-2000051
1002
}
1002
{
1070
     3
1000
22985857
1002
}
  0
LINE
  5
72B
330
70
100
AcDbEntity
  8
A-JAN-___-___-EXI
100
AcDbLine
 10
-10330.1501944658
 20
28335.65447243641
 30
0.0
 11
-10330.1501944658
 21
28366.31372835494
 31
0.0
1001
REVIT
1002
{
1070
     1
1000
22997244
1002
}
1002
{
1070
     2
1000
-2000051
1002
}
1002
{
1070
     3
1000
22985857
1002
}
  0
LINE
  5
72C
330
70
100
AcDbEntity
  8
A-POR-___-___-EXI
100
AcDbLine
 10
-14049.29026680748
 20
26808.63273683794
 30
0.0
 11
-14030.48654350688
 21
25076.33972776996
 31
0.0
1001
REVIT
1002
{
1070
     1
1000
22997249
1002
}
1002
{
1070
     2
1000
-2000051
1002
}
1002
{
1070
     3
1000
22985857
1002
}
  0
LINE
  5
747
330
70
100
AcDbEntity
  8
A-MOB-___-___-EXI
100
AcDbLine
 10
-9358.487622251015
 20
17220.49499950321
 30
0.0
 11
-9471.691028722633
 21
17220.49499950321
 31
0.0
1001
REVIT
1002
{
1070
     1
1000
22997321
1002
}
1002
{
1070
     2
1000
-2000051
1002
}
1002
{
1070
     3
1000
22985857
1002
}
  0
LINE
  5
748
330
70
100
AcDbEntity
  8
A-MOB-___-___-EXI
100
AcDbLine
 10
-9471.691028722633
 20
16748.81413920479
 30
0.0
 11
-9358.487622251011
 21
16748.81413920479
 31
0.0
1001
REVIT
1002
{
1070
     1
1000
22997323
1002
}
1002
{
1070
     2
1000
-2000051
1002
}
1002
{
1070
     3
1000
22985857
1002
}
  0
LINE
  5
75F
330
70
100
AcDbEntity
  8
A-MOB-___-___-EXI
100
AcDbLine
 10
-6646.32267553508
 20
16883.24318438985
 30
0.0
 11
-6646.322675535081
 21
16942.20329192715
 31
0.0
1001
REVIT
1002
{
1070
     1
1000
22997346
1002
}
1002
{
1070
     2
1000
-2000051
1002
}
1002
{
1070
     3
1000
22985857
1002
}
  0
LINE
  5
763
330
70
100
AcDbEntity
  8
A-MOB-___-___-EXI
100
AcDbLine
 10
-6695.849165866416
 20
16821.92467255105
 30
0.0
 11
-6695.849165866416
 21
17003.52180376595
 31
0.0
1001
REVIT
1002
{
1070
     1
1000
22997350
1002
}
1002
{
1070
     2
1000
-2000051
1002
}
1002
{
1070
     3
1000
22985857
1002
}
  0
LINE
  5
764
330
70
100
AcDbEntity
  8
A-MOB-___-___-EXI
100
AcDbLine
 10
-6665.189909947017
 20
16883.24318438985
 30
0.0
 11
-6665.189909947017
 21
16845.50871556597
 31
0.0
1001
REVIT
1002
{
1070
     1
1000
22997351
1002
}
1002
{
1070
     2
1000
-2000051
1002
}
1002
{
1070
     3
1000
22985857
1002
}
  0
LINE
  5
765
330
70
100
AcDbEntity
  8
A-MOB-___-___-EXI
100
AcDbLine
 10
-6665.189909947017
 20
16942.20329192715
 30
0.0
 11
-6665.189909947017
 21
16972.86254784654
 31
0.0
1001
REVIT
1002
{
1070
     1
1000
22997352
1002
}
1002
{
1070
     2
1000
-2000051
1002
}
1002
{
1070
     3
1000
22985857
1002
}
  0
LINE
  5
766
330
70
100
AcDbEntity
  8
A-MOB-___-___-EXI
100
AcDbLine
 10
-6695.849165866416
 20
16864.37594997791
 30
0.0
 11
-6665.189909947017
 21
16864.37594997791
 31
0.0
1001
REVIT
1002
{
1070
     1
1000
22997353
1002
}
1002
{
1070
     2
1000
-2000051
1002
}
1002
{
1070
     3
1000
22985857
1002
}
  0
LINE
  5
767
330
70
100
AcDbEntity
  8
A-MOB-___-___-EXI
100
AcDbLine
 10
-6695.849165866416
 20
16961.07052633909
 30
0.0
 11
-6665.189909947017
 21
16961.07052633909
 31
0.0
1001
REVIT
1002
{
1070
     1
1000
22997354
1002
}
1002
{
1070
     2
1000
-2000051
1002
}
1002
{
1070
     3
1000
22985857
1002
}
  0
LINE
  5
768
330
70
100
AcDbEntity
  8
A-MOB-___-___-EXI
100
AcDbLine
 10
-6599.154589505238
 20
16887.95999299282
 30
0.0
 11
-6646.32267553508
 21
16887.95999299282
 31
0.0
1001
REVIT
1002
{
1070
     1
1000
22997355
1002
}
1002
{
1070
     2
1000
-2000051
1002
}
1002
{
1070
     3
1000
22985857
1002
}
  0
LINE
  5
769
330
70
100
AcDbEntity
  8
A-MOB-___-___-EXI
100
AcDbLine
 10
-6599.154589505238
 20
16937.48648332416
 30
0.0
 11
-6646.322675535081
 21
16937.48648332416
 31
0.0
1001
REVIT
1002
{
1070
     1
1000
22997356
1002
}
1002
{
1070
     2
1000
-2000051
1002
}
1002
{
1070
     3
1000
22985857
1002
}
  0
LINE
  5
76A
330
70
100
AcDbEntity
  8
A-ALV-___-___-EXI
100
AcDbLine
 10
-7382.144817600613
 20
14770.11293025291
 30
0.0
 11
-7490.631415469251
 21
14770.11293025291
 31
0.0
1001
REVIT
1002
{
1070
     1
1000
22997357
1002
}
1002
{
1070
     2
1000
-2000051
1002
}
1002
{
1070
     3
1000
22985857
1002
}
  0
LINE
  5
774
330
70
100
AcDbEntity
  8
A-POR-___-___-EXI
100
AcDbLine
 10
-11506.99394091033
 20
18180.36555021049
 30
0.0
 11
-11506.99394091033
 21
18149.7062942911
 31
0.0
1001
REVIT
1002
{
1070
     1
1000
22997383
1002
}
1002
{
1070
     2
1000
-2000051
1002
}
1002
{
1070
     3
1000
22985857
1002
}
  0
LINE
  5
775
330
70
100
AcDbEntity
  8
A-POR-___-___-EXI
100
AcDbLine
 10
-11929.14831087742
 20
18277.06012657167
 30
0.0
 11
-11929.14831087742
 21
18369.03789432986
 31
0.0
1001
REVIT
1002
{
1070
     1
1000
22997384
1002
}
1002
{
1070
     2
1000
-2000051
1002
}
1002
{
1070
     3
1000
22985857
1002
}
  0
LINE
  5
776
330
70
100
AcDbEntity
  8
A-POR-___-___-EXI
100
AcDbLine
 10
-11929.14831087742
 20
18409.13076745522
 30
0.0
 11
-11929.14831087742
 21
18501.10853521342
 31
0.0
1001
REVIT
1002
{
1070
     1
1000
22997385
1002
}
1002
{
1070
     2
1000
-2000051
1002
}
1002
{
1070
     3
1000
22985857
1002
}
  0
LINE
  5
77A
330
70
100
AcDbEntity
  8
A-POR-___-___-EXI
100
AcDbLine
 10
-11898.48905495802
 20
18501.10853521342
 30
0.0
 11
-11898.48905495802
 21
18409.13076745523
 31
0.0
1001
REVIT
1002
{
1070
     1
1000
22997389
1002
}
1002
{
1070
     2
1000
-2000051
1002
}
1002
{
1070
     3
1000
22985857
1002
}
  0
LINE
  5
77B
330
70
100
AcDbEntity
  8
A-POR-___-___-EXI
100
AcDbLine
 10
-11898.48905495802
 20
18369.03789432986
 30
0.0
 11
-11898.48905495802
 21
18277.06012657167
 31
0.0
1001
REVIT
1002
{
1070
     1
1000
22997390
1002
}
1002
{
1070
     2
1000
-2000051
1002
}
1002
{
1070
     3
1000
22985857
1002
}
  0
LINE
  5
77C
330
70
100
AcDbEntity
  8
A-POR-___-___-EXI
100
AcDbLine
 10
-11898.48905495802
 20
18234.60884914481
 30
0.0
 11
-11898.48905495802
 21
18175.64874160751
 31
0.0
1001
REVIT
1002
{
1070
     1
1000
22997391
1002
}
1002
{
1070
     2
1000
-2000051
1002
}
1002
{
1070
     3
1000
22985857
1002
}
  0
LINE
  5
77D
330
70
100
AcDbEntity
  8
A-POR-___-___-EXI
100
AcDbLine
 10
-11084.83957094324
 20
18284.13533947615
 30
0.0
 11
-11084.83957094324
 21
18373.75470293285
 31
0.0
1001
REVIT
1002
{
1070
     1
1000
22997392
1002
}
1002
{
1070
     2
1000
-2000051
1002
}
1002
{
1070
     3
1000
22985857
1002
}
  0
LINE
  5
77E
330
70
100
AcDbEntity
  8
A-POR-___-___-EXI
100
AcDbLine
 10
-11084.83957094324
 20
18416.2059803597
 30
0.0
 11
-11084.83957094324
 21
18505.8253438164
 31
0.0
1001
REVIT
1002
{
1070
     1
1000
22997393
1002
}
1002
{
1070
     2
1000
-2000051
1002
}
1002
{
1070
     3
1000
22985857
1002
}
  0
LINE
  5
782
330
70
100
AcDbEntity
  8
A-POR-___-___-EXI
100
AcDbLine
 10
-11113.14042256115
 20
18505.8253438164
 30
0.0
 11
-11113.14042256115
 21
18416.2059803597
 31
0.0
1001
REVIT
1002
{
1070
     1
1000
22997397
1002
}
1002
{
1070
     2
1000
-2000051
1002
}
1002
{
1070
     3
1000
22985857
1002
}
  0
LINE
  5
783
330
70
100
AcDbEntity
  8
A-POR-___-___-EXI
100
AcDbLine
 10
-11113.14042256115
 20
18373.75470293285
 30
0.0
 11
-11108.42361395816
 21
18284.13533947615
 31
0.0
1001
REVIT
1002
{
1070
     1
1000
22997398
1002
}
1002
{
1070
     2
1000
-2000051
1002
}
1002
{
1070
     3
1000
22985857
1002
}
  0
LINE
  5
784
330
70
100
AcDbEntity
  8
A-POR-___-___-EXI
100
AcDbLine
 10
-11108.42361395816
 20
18241.68406204929
 30
0.0
 11
-11108.42361395816
 21
18187.44076311497
 31
0.0
1001
REVIT
1002
{
1070
     1
1000
22997399
1002
}
1002
{
1070
     2
1000
-2000051
1002
}
1002
{
1070
     3
1000
22985857
1002
}
  0
LINE
  5
785
330
70
100
AcDbEntity
  8
A-POR-___-___-EXI
100
AcDbLine
 10
-11924.43150227442
 20
13888.06972149484
 30
0.0
 11
-11924.43150227442
 21
13798.45035803814
 31
0.0
1001
REVIT
1002
{
1070
     1
1000
22997400
1002
}
1002
{
1070
     2
1000
-2000051
1002
}
1002
{
1070
     3
1000
22985857
1002
}
  0
LINE
  5
786
330
70
100
AcDbEntity
  8
A-POR-___-___-EXI
100
AcDbLine
 10
-11924.43150227442
 20
13755.99908061128
 30
0.0
 11
-11924.43150227442
 21
13671.09652575757
 31
0.0
1001
REVIT
1002
{
1070
     1
1000
22997401
1002
}
1002
{
1070
     2
1000
-2000051
1002
}
1002
{
1070
     3
1000
22985857
1002
}
  0
LINE
  5
787
330
70
100
AcDbEntity
  8
A-POR-___-___-EXI
100
AcDbLine
 10
-11924.43150227442
 20
13621.57003542623
 30
0.0
 11
-11924.43150227442
 21
13539.02588487401
 31
0.0
1001
REVIT
1002
{
1070
     1
1000
22997402
1002
}
1002
{
1070
     2
1000
-2000051
1002
}
1002
{
1070
     3
1000
22985857
1002
}
  0
LINE
  5
788
330
70
100
AcDbEntity
  8
A-POR-___-___-EXI
100
AcDbLine
 10
-11924.43150227442
 20
13489.49939454267
 30
0.0
 11
-11924.43150227442
 21
13404.59683968896
 31
0.0
1001
REVIT
1002
{
1070
     1
1000
22997403
1002
}
1002
{
1070
     2
1000
-2000051
1002
}
1002
{
1070
     3
1000
22985857
1002
}
  0
LINE
  5
789
330
70
100
AcDbEntity
  8
A-POR-___-___-EXI
100
AcDbLine
 10
-11924.43150227442
 20
13357.42875365911
 30
0.0
 11
-11924.43150227442
 21
13272.5261988054
 31
0.0
1001
REVIT
1002
{
1070
     1
1000
22997404
1002
}
1002
{
1070
     2
1000
-2000051
1002
}
1002
{
1070
     3
1000
22985857
1002
}
  0
LINE
  5
78D
330
70
100
AcDbEntity
  8
A-POR-___-___-EXI
100
AcDbLine
 10
-11893.77224635502
 20
13272.5261988054
 30
0.0
 11
-11893.77224635502
 21
13362.1455622621
 31
0.0
1001
REVIT
1002
{
1070
     1
1000
22997408
1002
}
1002
{
1070
     2
1000
-2000051
1002
}
1002
{
1070
     3
1000
22985857
1002
}
  0
LINE
  5
78E
330
70
100
AcDbEntity
  8
A-POR-___-___-EXI
100
AcDbLine
 10
-11893.77224635502
 20
13404.59683968896
 30
0.0
 11
-11893.77224635502
 21
13489.49939454267
 31
0.0
1001
REVIT
1002
{
1070
     1
1000
22997409
1002
}
1002
{
1070
     2
1000
-2000051
1002
}
1002
{
1070
     3
1000
22985857
1002
}
  0
LINE
  5
78F
330
70
100
AcDbEntity
  8
A-POR-___-___-EXI
100
AcDbLine
 10
-11893.77224635502
 20
13539.02588487401
 30
0.0
 11
-11893.77224635502
 21
13621.57003542623
 31
0.0
1001
REVIT
1002
{
1070
     1
1000
22997410
1002
}
1002
{
1070
     2
1000
-2000051
1002
}
1002
{
1070
     3
1000
22985857
1002
}
  0
LINE
  5
790
330
70
100
AcDbEntity
  8
A-POR-___-___-EXI
100
AcDbLine
 10
-11893.77224635502
 20
13671.09652575756
 30
0.0
 11
-11893.77224635502
 21
13755.99908061128
 31
0.0
1001
REVIT
1002
{
1070
     1
1000
22997411
1002
}
1002
{
1070
     2
1000
-2000051
1002
}
1002
{
1070
     3
1000
22985857
1002
}
  0
LINE
  5
791
330
70
100
AcDbEntity
  8
A-POR-___-___-EXI
100
AcDbLine
 10
-11893.77224635502
 20
13803.16716664113
 30
0.0
 11
-11893.77224635502
 21
13888.06972149484
 31
0.0
1001
REVIT
1002
{
1070
     1
1000
22997412
1002
}
1002
{
1070
     2
1000
-2000051
1002
}
1002
{
1070
     3
1000
22985857
1002
}
  0
LINE
  5
792
330
70
100
AcDbEntity
  8
A-POR-___-___-EXI
100
AcDbLine
 10
-11893.77224635502
 20
13930.5209989217
 30
0.0
 11
-11898.48905495801
 21
14003.63153226795
 31
0.0
1001
REVIT
1002
{
1070
     1
1000
22997413
1002
}
1002
{
1070
     2
1000
-2000051
1002
}
1002
{
1070
     3
1000
22985857
1002
}
  0
LINE
  5
794
330
70
100
AcDbEntity
  8
A-POR-___-___-EXI
100
AcDbLine
 10
-11959.8075667968
 20
14171.07823767389
 30
0.0
 11
-11929.1483108773
 21
14171.07823767389
 31
0.0
1001
REVIT
1002
{
1070
     1
1000
22997415
1002
}
1002
{
1070
     2
1000
-2000051
1002
}
1002
{
1070
     3
1000
22985857
1002
}
  0
LINE
  5
795
330
70
100
AcDbEntity
  8
A-POR-___-___-EXI
100
AcDbLine
 10
-6665.189909947041
 20
24434.8537577676
 30
0.0
 11
-6750.092464800757
 21
24434.8537577676
 31
0.0
1001
REVIT
1002
{
1070
     1
1000
22997416
1002
}
1002
{
1070
     2
1000
-2000051
1002
}
1002
{
1070
     3
1000
22985857
1002
}
  0
LINE
  5
799
330
70
100
AcDbEntity
  8
A-POR-___-___-EXI
100
AcDbLine
 10
-6750.092464800758
 20
24406.55290614968
 30
0.0
 11
-6665.189909947042
 21
24406.55290614968
 31
0.0
1001
REVIT
1002
{
1070
     1
1000
22997420
1002
}
1002
{
1070
     2
1000
-2000051
1002
}
1002
{
1070
     3
1000
22985857
1002
}
  0
LINE
  5
79A
330
70
100
AcDbEntity
  8
A-POR-___-___-EXI
100
AcDbLine
 10
-6615.663419615707
 20
24411.26971475268
 30
0.0
 11
-6518.968843254531
 21
24411.26971475268
 31
0.0
1001
REVIT
1002
{
1070
     1
1000
22997421
1002
}
1002
{
1070
     2
1000
-2000051
1002
}
1002
{
1070
     3
1000
22985857
1002
}
  0
LINE
  5
79C
330
70
100
AcDbEntity
  8
A-POR-___-___-EXI
100
AcDbLine
 10
-6646.322675535103
 20
23691.95640279758
 30
0.0
 11
-6731.225230388819
 21
23691.95640279758
 31
0.0
1001
REVIT
1002
{
1070
     1
1000
22997423
1002
}
1002
{
1070
     2
1000
-2000051
1002
}
1002
{
1070
     3
1000
22985857
1002
}
  0
LINE
  5
7A0
330
70
100
AcDbEntity
  8
A-POR-___-___-EXI
100
AcDbLine
 10
-6731.225230388819
 20
23722.61565871697
 30
0.0
 11
-6646.322675535103
 21
23722.61565871697
 31
0.0
1001
REVIT
1002
{
1070
     1
1000
22997427
1002
}
1002
{
1070
     2
1000
-2000051
1002
}
1002
{
1070
     3
1000
22985857
1002
}
  0
LINE
  5
7A1
330
70
100
AcDbEntity
  8
A-POR-___-___-EXI
100
AcDbLine
 10
-6599.154589505261
 20
23722.61565871697
 30
0.0
 11
-6502.460013144084
 21
23729.69087162145
 31
0.0
1001
REVIT
1002
{
1070
     1
1000
22997428
1002
}
1002
{
1070
     2
1000
-2000051
1002
}
1002
{
1070
     3
1000
22985857
1002
}
  0
LINE
  5
7A2
330
70
100
AcDbEntity
  8
A-POR-___-___-EXI
100
AcDbLine
 10
-18400.60971417175
 20
10451.87465422081
 30
0.0
 11
-18407.68492707623
 21
10543.852421979
 31
0.0
1001
REVIT
1002
{
1070
     1
1000
22997429
1002
}
1002
{
1070
     2
1000
-2000051
1002
}
1002
{
1070
     3
1000
22985857
1002
}
  0
LINE
  5
7A3
330
70
100
AcDbEntity
  8
A-POR-___-___-EXI
100
AcDbLine
 10
-18407.68492707623
 20
10586.30369940586
 30
0.0
 11
-18414.76013998071
 21
10675.92306286256
 31
0.0
1001
REVIT
1002
{
1070
     1
1000
22997430
1002
}
1002
{
1070
     2
1000
-2000051
1002
}
1002
{
1070
     3
1000
22985857
1002
}
  0
LINE
  5
7A4
330
70
100
AcDbEntity
  8
A-POR-___-___-EXI
100
AcDbLine
 10
-18414.76013998071
 20
10718.37434028942
 30
0.0
 11
-18419.47694858369
 21
10807.99370374612
 31
0.0
1001
REVIT
1002
{
1070
     1
1000
22997431
1002
}
1002
{
1070
     2
1000
-2000051
1002
}
1002
{
1070
     3
1000
22985857
1002
}
  0
LINE
  5
7A5
330
70
100
AcDbEntity
  8
A-POR-___-___-EXI
100
AcDbLine
 10
-18419.47694858369
 20
10850.44498117299
 30
0.0
 11
-18419.47694858369
 21
10942.42274893117
 31
0.0
1001
REVIT
1002
{
1070
     1
1000
22997432
1002
}
1002
{
1070
     2
1000
-2000051
1002
}
1002
{
1070
     3
1000
22985857
1002
}
  0
LINE
  5
7A6
330
70
100
AcDbEntity
  8
A-POR-___-___-EXI
100
AcDbLine
 10
-18372.30886255385
 20
10319.80401333726
 30
0.0
 11
-18372.30886255385
 21
10409.42337679396
 31
0.0
1001
REVIT
1002
{
1070
     1
1000
22997433
1002
}
1002
{
1070
     2
1000
-2000051
1002
}
1002
{
1070
     3
1000
22985857
1002
}
  0
LINE
  5
7A7
330
70
100
AcDbEntity
  8
A-POR-___-___-EXI
100
AcDbLine
 10
-18372.30886255385
 20
10451.87465422081
 30
0.0
 11
-18377.02567115684
 21
10543.852421979
 31
0.0
1001
REVIT
1002
{
1070
     1
1000
22997434
1002
}
1002
{
1070
     2
1000
-2000051
1002
}
1002
{
1070
     3
1000
22985857
1002
}
  0
LINE
  5
7A8
330
70
100
AcDbEntity
  8
A-POR-___-___-EXI
100
AcDbLine
 10
-18377.02567115684
 20
10586.30369940586
 30
0.0
 11
-18384.10088406131
 21
10675.92306286256
 31
0.0
1001
REVIT
1002
{
1070
     1
1000
22997435
1002
}
1002
{
1070
     2
1000
-2000051
1002
}
1002
{
1070
     3
1000
22985857
1002
}
  0
LINE
  5
7A9
330
70
100
AcDbEntity
  8
A-POR-___-___-EXI
100
AcDbLine
 10
-18384.10088406131
 20
10718.37434028942
 30
0.0
 11
-18388.81769266429
 21
10807.99370374612
 31
0.0
1001
REVIT
1002
{
1070
     1
1000
22997436
1002
}
1002
{
1070
     2
1000
-2000051
1002
}
1002
{
1070
     3
1000
22985857
1002
}
  0
LINE
  5
7AA
330
70
100
AcDbEntity
  8
A-POR-___-___-EXI
100
AcDbLine
 10
-18388.81769266429
 20
10850.44498117299
 30
0.0
 11
-18388.81769266429
 21
10942.42274893117
 31
0.0
1001
REVIT
1002
{
1070
     1
1000
22997437
1002
}
1002
{
1070
     2
1000
-2000051
1002
}
1002
{
1070
     3
1000
22985857
1002
}
  0
LINE
  5
7AE
330
70
100
AcDbEntity
  8
A-POR-___-___-EXI
100
AcDbLine
 10
-16287.47946003485
 20
19666.16026015051
 30
0.0
 11
-16259.17860841694
 21
19666.16026015051
 31
0.0
1001
REVIT
1002
{
1070
     1
1000
22997441
1002
}
1002
{
1070
     2
1000
-2000051
1002
}
1002
{
1070
     3
1000
22985857
1002
}
  0
LINE
  5
7B3
330
70
100
AcDbEntity
  8
A-POR-___-___-EXI
100
AcDbLine
 10
-14157.84037578746
 20
17998.76841899559
 30
0.0
 11
-15063.46762755971
 21
17986.97639748814
 31
0.0
1001
REVIT
1002
{
1070
     1
1000
22997446
1002
}
1002
{
1070
     2
1000
-2000051
1002
}
1002
{
1070
     3
1000
22985857
1002
}
  0
LINE
  5
7B4
330
70
100
AcDbEntity
  8
A-CER-___-___-EXI
100
AcDbLine
 10
-14405.47282744416
 20
27092.77540554917
 30
0.0
 11
-14405.47282744417
 21
29307.31704465028
 31
0.0
1001
REVIT
1002
{
1070
     1
1000
22997447
1002
}
1002
{
1070
     2
1000
-2000051
1002
}
1002
{
1070
     3
1000
22985857
1002
}
  0
LINE
  5
7B5
330
70
100
AcDbEntity
  8
A-POR-___-___-EXI
100
AcDbLine
 10
-13547.01366172894
 20
14142.77738605558
 30
0.0
 11
-14502.1674038053
 21
14128.62696024703
 31
0.0
1001
REVIT
1002
{
1070
     1
1000
22997454
1002
}
1002
{
1070
     2
1000
-2000051
1002
}
1002
{
1070
     3
1000
22985857
1002
}
  0
LINE
  5
7B6
330
70
100
AcDbEntity
  8
A-POR-___-___-EXI
100
AcDbLine
 10
-10474.01285685677
 20
13442.33130851283
 30
0.0
 11
-10407.97753641527
 21
12482.46075780962
 31
0.0
1001
REVIT
1002
{
1070
     1
1000
22997456
1002
}
1002
{
1070
     2
1000
-2000051
1002
}
1002
{
1070
     3
1000
22985857
1002
}
  0
LINE
  5
7B7
330
70
100
AcDbEntity
  8
A-POR-___-___-EXI
100
AcDbLine
 10
-10589.57466762991
 20
22967.92628223949
 30
0.0
 11
-10601.36668913738
 21
23977.32332327842
 31
0.0
1001
REVIT
1002
{
1070
     1
1000
22997458
1002
}
1002
{
1070
     2
1000
-2000051
1002
}
1002
{
1070
     3
1000
22985857
1002
}
  0
LINE
  5
7B8
330
70
100
AcDbEntity
  8
A-POR-___-___-EXI
100
AcDbLine
 10
-10160.34508475835
 20
25642.35676013155
 30
0.0
 11
-9150.948043719735
 21
25649.43197303603
 31
0.0
1001
REVIT
1002
{
1070
     1
1000
22997459
1002
}
1002
{
1070
     2
1000
-2000051
1002
}
1002
{
1070
     3
1000
22985857
1002
}
  0
LINE
  5
7B9
330
70
100
AcDbEntity
  8
A-POR-___-___-EXI
100
AcDbLine
 10
-7214.698112194698
 20
22467.94457032317
 30
0.0
 11
-8221.736748931832
 21
22479.73659183062
 31
0.0
1001
REVIT
1002
{
1070
     1
1000
22997461
1002
}
1002
{
1070
     2
1000
-2000051
1002
}
1002
{
1070
     3
1000
22985857
1002
}
  0
LINE
  5
7BA
330
70
100
AcDbEntity
  8
A-POR-___-___-EXI
100
AcDbLine
 10
-8150.984619887054
 20
18288.85214807914
 30
0.0
 11
-9158.023256606359
 21
18300.64416958639
 31
0.0
1001
REVIT
1002
{
1070
     1
1000
22997463
1002
}
1002
{
1070
     2
1000
-2000051
1002
}
1002
{
1070
     3
1000
22985857
1002
}
  0
LINE
  5
7BC
330
70
100
AcDbEntity
  8
A-POR-___-___-EXI
100
AcDbLine
 10
-14561.12751134263
 20
21659.01189491135
 30
0.0
 11
-15721.4624276713
 21
21689.6711508306
 31
0.0
1001
REVIT
1002
{
1070
     1
1000
22997467
1002
}
1002
{
1070
     2
1000
-2000051
1002
}
1002
{
1070
     3
1000
22985857
1002
}
  0
LINE
  5
7BD
330
70
100
AcDbEntity
  8
A-POR-___-___-EXI
100
AcDbLine
 10
-15895.98434598716
 20
19194.47939985209
 30
0.0
 11
-15919.56838900208
 21
20100.10665162506
 31
0.0
1001
REVIT
1002
{
1070
     1
1000
22997468
1002
}
1002
{
1070
     2
1000
-2000051
1002
}
1002
{
1070
     3
1000
22985857
1002
}
  0
LINE
  5
7BE
330
70
100
AcDbEntity
  8
A-POR-___-___-EXI
100
AcDbLine
 10
-15558.73253087376
 20
11642.86882647434
 30
0.0
 11
-15563.44933947675
 21
12850.3718288383
 31
0.0
1001
REVIT
1002
{
1070
     1
1000
22997472
1002
}
1002
{
1070
     2
1000
-2000051
1002
}
1002
{
1070
     3
1000
22985857
1002
}
  0
LINE
  5
7BF
330
70
100
AcDbEntity
  8
A-POR-___-___-EXI
100
AcDbLine
 10
-14730.93262105697
 20
10272.63592730713
 30
0.0
 11
-13721.53557989684
 21
10315.0872047391
 31
0.0
1001
REVIT
1002
{
1070
     1
1000
22997473
1002
}
1002
{
1070
     2
1000
-2000051
1002
}
1002
{
1070
     3
1000
22985857
1002
}
  0
LINE
  5
7C0
330
70
100
AcDbEntity
  8
A-ALV-___-___-EXI
100
AcDbLine
 10
-13179.10259066823
 20
14692.28558830365
 30
0.0
 11
-13167.31056916077
 21
15699.32422504078
 31
0.0
1001
REVIT
1002
{
1070
     1
1000
22999082
1002
}
1002
{
1070
     2
1000
-2000051
1002
}
1002
{
1070
     3
1000
22985857
1002
}
  0
LINE
  5
7D4
330
70
100
AcDbEntity
  8
A-CER-___-___-EXI
100
AcDbLine
 10
-14429.0568704591
 20
29404.01162101145
 30
0.0
 11
-13047.03194978474
 21
29314.39225755476
 31
0.0
1001
REVIT
1002
{
1070
     1
1000
22999110
1002
}
1002
{
1070
     2
1000
-2000051
1002
}
1002
{
1070
     3
1000
22985857
1002
}
  0
LWPOLYLINE
  5
8D2
330
70
100
AcDbEntity
  8
A-ALV-___-___-EXI
100
AcDbPolyline
 90
        8
 70
     1
 43
0.0
 10
-13469.18631975176
 20
14692.28558830365
 10
-13469.18631975176
 20
14144.16509497633
 10
-13547.013661701
 20
14142.77738605599
 10
-13542.29685309801
 20
13840.90163546499
 10
-11952.73235389233
 20
13864.48567847992
 10
-11959.8075667968
 20
14171.07823767389
 10
-13179.10259066823
 20
14149.33746458852
 10
-13179.10259066823
 20
14692.28558830365
1001
REVIT
1002
{
1070
     1
1000
22985239
1002
}
1002
{
1070
     2
1000
-2000051
1002
}
1002
{
1070
     3
1000
-2000042
1002
}
  0
LWPOLYLINE
  5
8D3
330
70
100
AcDbEntity
  8
A-ALV-___-___-EXI
100
AcDbPolyline
 90
       17
 70
     1
 43
0.0
 10
-6386.898202370941
 20
14437.57792374252
 10
-9563.668796480852
 20
14220.60472800523
 10
-11054.18031502383
 20
14182.87025918136
 10
-11042.38829351637
 20
13876.27769998739
 10
-10492.88009126871
 20
13869.20248708291
 10
-10474.01285685677
 20
13442.33130851283
 10
-10167.42029766279
 20
13458.84013862328
 10
-10183.92912777324
 20
13869.20248708291
 10
-6665.189909947009
 20
14112.11813013661
 10
-6398.69022387839
 20
10888.17944999689
 10
-9974.031144940436
 20
10760.8256177163
 10
-10099.02657291952
 20
12506.04480082047
 10
-10407.97753641499
 20
12482.46075780555
 10
-10280.62370413441
 20
10753.75040481183
 10
-13735.68600582036
 20
10621.67976392826
 10
-13721.5355800114
 20
10315.08720473429
 10
-6096.814473287398
 20
10609.88774242082
1001
REVIT
1002
{
1070
     1
1000
22985239
1002
}
1002
{
1070
     2
1000
-2000051
1002
}
1002
{
1070
     3
1000
-2000042
1002
}
  0
LWPOLYLINE
  5
8D4
330
70
100
AcDbEntity
  8
A-ALV-___-___-EXI
100
AcDbPolyline
 90
       12
 70
     1
 43
0.0
 10
-10377.31828049561
 20
18319.51140399853
 10
-10372.60147189263
 20
18524.69257822835
 10
-10624.95073215228
 20
18524.69257822835
 10
-10632.02594505676
 20
18326.586616903
 10
-11054.18031502385
 20
18319.51140399853
 10
-11047.10510211937
 20
18017.63565340754
 10
-9617.91209541515
 20
18029.427674915
 10
-9617.912095415146
 20
16666.26998865256
 10
-9471.691028722633
 20
16666.26998865256
 10
-9471.691028722636
 20
18017.63565340754
 10
-9158.023256624186
 20
18017.63565340754
 10
-9158.023256624188
 20
18300.64416958659
1001
REVIT
1002
{
1070
     1
1000
22985239
1002
}
1002
{
1070
     2
1000
-2000051
1002
}
1002
{
1070
     3
1000
-2000042
1002
}
  0
LWPOLYLINE
  5
8D5
330
70
100
AcDbEntity
  8
A-ALV-___-___-EXI
100
AcDbPolyline
 90
        8
 70
     1
 43
0.0
 10
-14157.84037578746
 20
18300.64416958658
 10
-14157.84037578746
 20
17998.76841899559
 10
-13445.57883744311
 20
18003.33908127374
 10
-13457.3942982443
 20
15699.32422504078
 10
-13167.31056916077
 20
15699.32422504078
 10
-13148.44822497476
 20
18005.24580178156
 10
-11952.73235389234
 20
18012.91884480455
 10
-11952.73235389234
 20
18314.79459539554
1001
REVIT
1002
{
1070
     1
1000
22985239
1002
}
1002
{
1070
     2
1000
-2000051
1002
}
1002
{
1070
     3
1000
-2000042
1002
}
  0
LWPOLYLINE
  5
8D6
330
70
100
AcDbEntity
  8
A-ALV-___-___-EXI
100
AcDbPolyline
 90
       28
 70
     1
 43
0.0
 10
-6603.871398108241
 20
22456.15254881571
 10
-7207.622899290221
 20
22467.94457032317
 10
-7214.698112194696
 20
22166.06881973218
 10
-6610.946611012716
 20
22154.27679822472
 10
-6761.884486308199
 20
18137.91427278365
 10
-8016.555574702001
 20
18137.91427278365
 10
-8016.555574702008
 20
19291.17397621329
 10
-10353.73423748069
 20
19279.38195470582
 10
-10311.28296005384
 20
20595.37155493842
 10
-10589.5746676299
 20
20602.44676784289
 10
-10620.2339235493
 20
19147.31131382226
 10
-8150.984619887058
 20
19163.82014393271
 10
-8150.984619887053
 20
18005.84363190008
 10
-6599.154589505243
 20
18005.84363190009
 10
-6599.154589505236
 20
15819.6028444169
 10
-8856.147506033188
 20
15819.6028444169
 10
-8856.147506033188
 20
15675.74018202587
 10
-6599.154589505236
 20
15675.74018202588
 10
-6599.154589505231
 20
14793.69697326783
 10
-9466.974220119643
 20
14704.07760981112
 10
-9471.691028722631
 20
16104.96976489744
 10
-9610.836882510666
 20
16104.96976489744
 10
-9610.83688251066
 20
14557.85654311862
 10
-6460.008735717197
 20
14654.5511194798
 10
-6460.00873571722
 20
18156.78150719526
 10
-6301.995647517249
 20
22383.04201546938
 10
-6332.654903436651
 20
23668.37235978266
 10
-6634.530654027641
 20
23663.65555117967
1001
REVIT
1002
{
1070
     1
1000
22985239
1002
}
1002
{
1070
     2
1000
-2000051
1002
}
1002
{
1070
     3
1000
-2000042
1002
}
  0
LWPOLYLINE
  5
8D7
330
70
100
AcDbEntity
  8
A-ALV-___-___-EXI
100
AcDbPolyline
 90
        8
 70
     1
 43
0.0
 10
-14742.72464255749
 20
10574.51167789841
 10
-15551.65731796928
 20
10543.85242197902
 10
-15558.73253087376
 20
11642.86882647434
 10
-15877.1171115752
 20
11642.86882647433
 10
-15884.19232447967
 20
10532.06040047155
 10
-17629.41150758384
 20
10489.60912304469
 10
-17617.61948607637
 20
10164.14932943877
 10
-14730.93262105002
 20
10272.63592730742
1001
REVIT
1002
{
1070
     1
1000
22985239
1002
}
1002
{
1070
     2
1000
-2000051
1002
}
1002
{
1070
     3
1000
-2000042
1002
}
  0
LWPOLYLINE
  5
8D8
330
70
100
AcDbEntity
  8
A-ALV-___-___-EXI
100
AcDbPolyline
 90
       41
 70
     1
 43
0.0
 10
-19452.45803263726
 20
17456.33542965239
 10
-19112.8478132224
 20
17420.95936513001
 10
-19065.67972719255
 20
17909.14905553887
 10
-15919.56838900208
 20
17920.94107704635
 10
-15877.1171115752
 20
14189.94547208582
 10
-19464.25005414471
 20
14171.07823767387
 10
-19209.54238958357
 20
16520.04892196002
 10
-19511.41814017456
 20
16550.70817787941
 10
-19801.50186925808
 20
13791.3751451336
 10
-19777.91782624315
 20
10083.96358318803
 10
-18419.47694858369
 20
10133.49007351938
 10
-18431.26897009115
 20
10470.74188863275
 10
-19483.11728855664
 20
10447.15784561782
 10
-19499.62611866709
 20
13822.03440105304
 10
-15872.40030297222
 20
13888.06972149483
 10
-15877.1171115752
 20
12850.3718288383
 10
-15563.44933947675
 20
12850.3718288383
 10
-15570.52455238123
 20
13810.24237954559
 10
-14502.1674038053
 20
13826.75120965604
 10
-14502.1674038053
 20
14128.62696024703
 10
-15563.44933947675
 20
14112.11813013658
 10
-15617.69263841108
 20
17986.97639748812
 10
-15063.46762756044
 20
17986.97639748812
 10
-15068.18443616342
 20
18288.85214807912
 10
-15872.40030297223
 20
18288.85214807911
 10
-15895.98434598716
 20
19194.47939985209
 10
-16306.34669444679
 20
19213.34663426402
 10
-16348.79797187364
 20
18272.34331796867
 10
-18999.64440675077
 20
18258.19289215971
 10
-18992.56919384631
 20
21767.49849277998
 10
-16197.86009657816
 20
21701.46317233821
 10
-16275.68743852739
 20
20118.973886037
 10
-15919.56838900208
 20
20100.10665162506
 10
-15950.22764492148
 20
21694.38795943373
 10
-15721.46242767675
 20
21689.67115083074
 10
-15714.38721477227
 20
21991.54690142174
 10
-18987.85238524333
 20
22069.37424337097
 10
-18895.87461748515
 20
24531.54833412874
 10
-18202.50375284646
 20
24526.83152552575
 10
-18202.50375284646
 20
24828.70727611674
 10
-19193.03355947315
 20
24840.4992976242
1001
REVIT
1002
{
1070
     1
1000
22985239
1002
}
1002
{
1070
     2
1000
-2000051
1002
}
1002
{
1070
     3
1000
-2000042
1002
}
  0
LWPOLYLINE
  5
8D9
330
70
100
AcDbEntity
  8
A-ALV-___-___-EXI
100
AcDbPolyline
 90
       12
 70
     1
 43
0.0
 10
-10280.62370413445
 20
22515.112656353
 10
-10287.69891703892
 20
22967.92628223949
 10
-10589.57466762991
 20
22967.92628223949
 10
-10577.78264612245
 20
21911.36115517102
 10
-11379.64010862977
 20
21918.43636807549
 10
-11386.71532153424
 20
21616.56061748451
 10
-10582.49945472543
 20
21604.76859597705
 10
-10582.49945472543
 20
21458.54752928453
 10
-10299.49093854638
 20
21453.83072068155
 10
-10287.69891703892
 20
22213.23690576201
 10
-8228.811961836305
 20
22177.86084123964
 10
-8221.736748931832
 20
22479.73659183063
1001
REVIT
1002
{
1070
     1
1000
22985239
1002
}
1002
{
1070
     2
1000
-2000051
1002
}
1002
{
1070
     3
1000
-2000042
1002
}
  0
LWPOLYLINE
  5
8DA
330
70
100
AcDbEntity
  8
A-ALV-___-___-EXI
100
AcDbPolyline
 90
       16
 70
     1
 43
0.0
 10
-14030.48654350692
 20
25076.33972777343
 10
-14386.60559303222
 20
25076.33972777342
 10
-14386.60559303222
 20
24779.18078578542
 10
-15129.50294800224
 20
24786.2559986899
 10
-15129.50294800224
 20
24484.38024809891
 10
-14506.88421240832
 20
24477.30503519443
 10
-14452.64091347399
 20
21960.88764550234
 10
-14556.41070273965
 20
21960.88764550234
 10
-14561.12751134263
 20
21659.01189491135
 10
-13311.17323155181
 20
21640.14466049942
 10
-13306.45642294883
 20
21942.02041109041
 10
-14131.89792847107
 20
21953.81243259786
 10
-14072.93782093377
 20
24472.58822659145
 10
-12841.85077555489
 20
24453.72099217951
 10
-12834.77556265041
 20
24755.5967427705
 10
-14023.41133060244
 20
24774.46397718245
1001
REVIT
1002
{
1070
     1
1000
22985239
1002
}
1002
{
1070
     2
1000
-2000051
1002
}
1002
{
1070
     3
1000
-2000042
1002
}
  0
LWPOLYLINE
  5
8DB
330
70
100
AcDbEntity
  8
A-JAN-___-___-EXI
100
AcDbPolyline
 90
        4
 70
     1
 43
0.0
 10
-16987.92553757802
 20
24507.96429111381
 10
-16337.0059503662
 20
24503.24748251084
 10
-16329.93073746173
 20
24805.12323310183
 10
-16987.92553757802
 20
24809.84004170481
1001
REVIT
1002
{
1070
     1
1000
22985239
1002
}
1002
{
1070
     2
1000
-2000051
1002
}
1002
{
1070
     3
1000
-2000042
1002
}
  0
LWPOLYLINE
  5
8DC
330
70
100
AcDbEntity
  8
A-ALV-___-___-EXI
100
AcDbPolyline
 90
        4
 70
     1
 43
0.0
 10
-13976.2432445726
 20
26807.40848506864
 10
-13980.96005317559
 20
27092.77540554919
 10
-14405.47282744417
 20
27092.77540554918
 10
-14398.39761453969
 20
26814.48369797311
1001
REVIT
1002
{
1070
     1
1000
22985239
1002
}
1002
{
1070
     2
1000
-2000051
1002
}
1002
{
1070
     3
1000
-2000042
1002
}
  0
LWPOLYLINE
  5
8DD
330
70
100
AcDbEntity
  8
A-ALV-___-___-EXI
100
AcDbPolyline
 90
       16
 70
     1
 43
0.0
 10
-10632.02594505678
 20
27073.90817113725
 10
-10933.90169564777
 20
27073.90817113725
 10
-10933.90169564777
 20
26795.61646356119
 10
-10632.02594505678
 20
26790.8996549582
 10
-10606.08349774036
 20
24732.01269975559
 10
-11881.9802248476
 20
24743.80472126305
 10
-11881.9802248476
 20
24441.92897067206
 10
-10601.36668913738
 20
24430.1369491646
 10
-10601.36668913738
 20
23977.32332327811
 10
-10299.49093854639
 20
23977.32332327811
 10
-10318.35817295833
 20
25637.63995152856
 10
-10160.34508475835
 20
25642.35676013155
 10
-10160.34508475836
 20
25920.64846770762
 10
-10318.35817295833
 20
25920.64846770762
 10
-10323.07498156132
 20
27158.81072599097
 10
-10632.02594505679
 20
27158.81072599097
1001
REVIT
1002
{
1070
     1
1000
22985239
1002
}
1002
{
1070
     2
1000
-2000051
1002
}
1002
{
1070
     3
1000
-2000042
1002
}
  0
LWPOLYLINE
  5
8DE
330
70
100
AcDbEntity
  8
A-ALV-___-___-EXI
100
AcDbPolyline
 90
        6
 70
     1
 43
0.0
 10
-10655.60998807171
 20
29392.21959950401
 10
-10648.53477516723
 20
28366.31372835494
 10
-10330.1501944658
 20
28366.31372835494
 10
-10330.1501944658
 20
29059.68459299362
 10
-9122.64719210184
 20
29059.68459299362
 10
-9122.647192101842
 20
29380.42757799655
1001
REVIT
1002
{
1070
     1
1000
22985239
1002
}
1002
{
1070
     2
1000
-2000051
1002
}
1002
{
1070
     3
1000
-2000042
1002
}
  0
LWPOLYLINE
  5
8DF
330
70
100
AcDbEntity
  8
A-ALV-___-___-EXI
100
AcDbPolyline
 90
       10
 70
     1
 43
0.0
 10
-6700.56597446944
 20
29059.68459299363
 10
-6688.773952961968
 20
25956.02453223001
 10
-9158.023256624211
 20
25932.44048921508
 10
-9150.948043719735
 20
25649.43197303602
 10
-6688.773952961966
 20
25680.09122895543
 10
-6658.114697042567
 20
24472.58822659148
 10
-6356.238946451576
 20
24477.30503519446
 10
-6476.517565827689
 20
29361.56034358462
 10
-7908.068976833402
 20
29373.35236509207
 10
-7915.144189737877
 20
29059.68459299363
1001
REVIT
1002
{
1070
     1
1000
22985239
1002
}
1002
{
1070
     2
1000
-2000051
1002
}
1002
{
1070
     3
1000
-2000042
1002
}
  0
LWPOLYLINE
  5
8E0
330
70
100
AcDbEntity
  8
A-CER-___-___-EXI
100
AcDbPolyline
 90
       21
 70
     0
 43
0.0
 10
-13047.03194978471
 20
29404.01162101146
 10
-14429.0568704591
 20
29411.08683391593
 10
-13047.03194978471
 20
29404.01162101146
 10
-13047.03194978471
 20
29314.39225755476
 10
-14429.0568704591
 20
29314.39225755475
 10
-14429.0568704591
 20
29411.08683391593
 10
-14429.0568704591
 20
29404.01162101145
 10
-13047.03194978471
 20
29404.01162101146
 10
-13047.03194978471
 20
29302.6002360473
 10
-14429.0568704591
 20
29314.39225755475
 10
-14429.0568704591
 20
29404.01162101145
 10
-13047.03194978474
 20
29314.39225755476
 10
-14429.05687046168
 20
29314.39225755475
 10
-13047.03194978471
 20
29314.39225755476
 10
-14429.0568704591
 20
29404.01162101145
 10
-14429.0568704591
 20
29314.39225755476
 10
-13047.03194978471
 20
29302.6002360473
 10
-13047.03194978471
 20
29314.39225755476
 10
-13047.03194978471
 20
29404.01162101146
 10
-14429.0568704591
 20
29404.01162101145
 10
-13047.03194978074
 20
29404.01162101146
1001
REVIT
1002
{
1070
     1
1000
22999113
1002
}
1002
{
1070
     2
1000
-2000051
1002
}
1002
{
1070
     3
1000
22985857
1002
}
  0
LWPOLYLINE
  5
8E1
330
70
100
AcDbEntity
  8
A-POR-___-___-EXI
100
AcDbPolyline
 90
        3
 70
     0
 43
0.0
 10
-10582.49945472543
 20
21411.37944325469
 10
-10582.49945472543
 20
21458.54752928453
 10
-10594.29147623289
 20
20602.44676784289
1001
REVIT
1002
{
1070
     1
1000
22997465
1002
}
1002
{
1070
     2
1000
-2000051
1002
}
1002
{
1070
     3
1000
22985857
1002
}
  0
LWPOLYLINE
  5
8E2
330
70
100
AcDbEntity
  8
A-POR-___-___-EXI
100
AcDbPolyline
 90
        4
 70
     1
 43
0.0
 10
-16638.88170095718
 20
20034.07133118328
 10
-16643.59850956016
 20
20010.48728816836
 10
-16282.76265143187
 20
20003.41207526389
 10
-16282.76265143187
 20
20029.3545225803
1001
REVIT
1002
{
1070
     1
1000
22997445
1002
}
1002
{
1070
     2
1000
-2000051
1002
}
1002
{
1070
     3
1000
22985857
1002
}
  0
LWPOLYLINE
  5
8E3
330
70
100
AcDbEntity
  8
A-POR-___-___-EXI
100
AcDbPolyline
 90
        4
 70
     0
 43
0.0
 10
-18395.89290556877
 20
10984.87402635803
 10
-18395.89290556877
 20
11074.49338981473
 10
-18426.55216148817
 20
11074.49338981473
 10
-18426.55216148817
 20
10984.87402635803
1001
REVIT
1002
{
1070
     1
1000
22997440
1002
}
1002
{
1070
     2
1000
-2000051
1002
}
1002
{
1070
     3
1000
22985857
1002
}
  0
LWPOLYLINE
  5
8E4
330
70
100
AcDbEntity
  8
A-POR-___-___-EXI
100
AcDbPolyline
 90
        4
 70
     0
 43
0.0
 10
-6778.393316418661
 20
23691.95640279758
 10
-6875.087892779838
 20
23687.2395941946
 10
-6875.087892779838
 20
23717.89885011399
 10
-6778.393316418661
 20
23722.61565871697
1001
REVIT
1002
{
1070
     1
1000
22997426
1002
}
1002
{
1070
     2
1000
-2000051
1002
}
1002
{
1070
     3
1000
22985857
1002
}
  0
LWPOLYLINE
  5
8E5
330
70
100
AcDbEntity
  8
A-POR-___-___-EXI
100
AcDbPolyline
 90
        4
 70
     0
 43
0.0
 10
-6797.2605508306
 20
24434.8537577676
 10
-6893.955127191778
 20
24430.13694916461
 10
-6893.955127191778
 20
24399.47769324521
 10
-6792.543742227616
 20
24406.55290614968
1001
REVIT
1002
{
1070
     1
1000
22997419
1002
}
1002
{
1070
     2
1000
-2000051
1002
}
1002
{
1070
     3
1000
22985857
1002
}
  0
LWPOLYLINE
  5
8E6
330
70
100
AcDbEntity
  8
A-POR-___-___-EXI
100
AcDbPolyline
 90
        4
 70
     0
 43
0.0
 10
-11054.18031502383
 20
14182.87025918136
 10
-11084.83957094323
 20
14182.87025918136
 10
-11077.76435803875
 20
13880.99450859037
 10
-11042.38829351636
 20
13876.27769998739
1001
REVIT
1002
{
1070
     1
1000
22997414
1002
}
1002
{
1070
     2
1000
-2000051
1002
}
1002
{
1070
     3
1000
22985857
1002
}
  0
LWPOLYLINE
  5
8E7
330
70
100
AcDbEntity
  8
A-POR-___-___-EXI
100
AcDbPolyline
 90
        4
 70
     0
 43
0.0
 10
-11924.43150227442
 20
13230.07492137855
 10
-11924.43150227442
 20
13156.96438803228
 10
-11886.69703345055
 20
13156.96438803228
 10
-11893.77224635502
 20
13230.07492137855
1001
REVIT
1002
{
1070
     1
1000
22997407
1002
}
1002
{
1070
     2
1000
-2000051
1002
}
1002
{
1070
     3
1000
22985857
1002
}
  0
LWPOLYLINE
  5
8E8
330
70
100
AcDbEntity
  8
A-POR-___-___-EXI
100
AcDbPolyline
 90
        4
 70
     0
 43
0.0
 10
-11084.83957094324
 20
18548.27662124326
 10
-11084.83957094324
 20
18609.59513308206
 10
-11113.14042256115
 20
18609.59513308206
 10
-11113.14042256115
 20
18548.27662124326
1001
REVIT
1002
{
1070
     1
1000
22997396
1002
}
1002
{
1070
     2
1000
-2000051
1002
}
1002
{
1070
     3
1000
22985857
1002
}
  0
LWPOLYLINE
  5
8E9
330
70
100
AcDbEntity
  8
A-POR-___-___-EXI
100
AcDbPolyline
 90
        4
 70
     0
 43
0.0
 10
-11929.14831087742
 20
18543.55981264028
 10
-11929.14831087742
 20
18597.80311157459
 10
-11898.48905495802
 20
18602.51992017758
 10
-11898.48905495802
 20
18543.55981264028
1001
REVIT
1002
{
1070
     1
1000
22997388
1002
}
1002
{
1070
     2
1000
-2000051
1002
}
1002
{
1070
     3
1000
22985857
1002
}
  0
LWPOLYLINE
  5
8EA
330
70
100
AcDbEntity
  8
A-MOB-___-___-EXI
100
AcDbPolyline
 90
        4
 70
     0
 43
0.0
 10
-7450.538542343885
 20
15041.3294249245
 10
-7450.538542343885
 20
14786.62176036335
 10
-7419.879286424488
 20
14786.62176036335
 10
-7419.879286424489
 20
15041.3294249245
1001
REVIT
1002
{
1070
     1
1000
22997366
1002
}
1002
{
1070
     2
1000
-2000051
1002
}
1002
{
1070
     3
1000
22985857
1002
}
  0
LWPOLYLINE
  5
8EB
330
70
100
AcDbEntity
  8
A-MOB-___-___-EXI
100
AcDbPolyline
 90
        4
 70
     0
 43
0.0
 10
-7412.804073520011
 20
15076.70548944688
 10
-7412.804073520011
 20
15041.3294249245
 10
-7462.330563851347
 20
15041.3294249245
 10
-7462.330563851347
 20
15076.70548944688
1001
REVIT
1002
{
1070
     1
1000
22997365
1002
}
1002
{
1070
     2
1000
-2000051
1002
}
1002
{
1070
     3
1000
22985857
1002
}
  0
LWPOLYLINE
  5
8EC
330
70
100
AcDbEntity
  8
A-MOB-___-___-EXI
100
AcDbPolyline
 90
        4
 70
     0
 43
0.0
 10
-7450.538542343885
 20
14786.62176036335
 10
-7504.781841278203
 20
14770.11293025291
 10
-7370.352796093154
 20
14770.11293025291
 10
-7419.879286424488
 20
14786.62176036335
1001
REVIT
1002
{
1070
     1
1000
22997360
1002
}
1002
{
1070
     2
1000
-2000051
1002
}
1002
{
1070
     3
1000
22985857
1002
}
  0
LWPOLYLINE
  5
8ED
330
70
100
AcDbEntity
  8
A-MOB-___-___-EXI
100
AcDbPolyline
 90
        4
 70
     0
 43
0.0
 10
-6695.849165866416
 20
16883.24318438985
 10
-6658.114697042541
 20
16883.24318438985
 10
-6658.114697042542
 20
16942.20329192715
 10
-6695.849165866416
 20
16942.20329192715
1001
REVIT
1002
{
1070
     1
1000
22997349
1002
}
1002
{
1070
     2
1000
-2000051
1002
}
1002
{
1070
     3
1000
22985857
1002
}
  0
LWPOLYLINE
  5
8EE
330
70
100
AcDbEntity
  8
A-MOB-___-___-EXI
100
AcDbPolyline
 90
       23
 70
     0
 43
0.0
 10
-9308.961131919678
 20
16762.96456501374
 10
-9273.585067397297
 20
16744.0973306018
 10
-9235.850598573422
 20
16732.30530909434
 10
-9200.474534051039
 20
16725.23009618987
 10
-9165.098469528659
 20
16732.30530909434
 10
-9127.364000704785
 20
16748.81413920479
 10
-9091.9879361824
 20
16774.7565865212
 10
-9061.328680263008
 20
16805.4158424406
 10
-9037.744637248085
 20
16845.50871556597
 10
-9018.877402836148
 20
16887.95999299282
 10
-9014.160594233166
 20
16937.48648332415
 10
-9007.085381328689
 20
16984.654569354
 10
-9014.160594233166
 20
17034.18105968534
 10
-9018.877402836148
 20
17081.34914571518
 10
-9037.744637248087
 20
17123.80042314204
 10
-9061.328680263008
 20
17161.53489196591
 10
-9091.987936182404
 20
17189.83574358381
 10
-9127.364000704785
 20
17215.77819090023
 10
-9165.098469528661
 20
17232.28702101067
 10
-9200.474534051039
 20
17239.36223391514
 10
-9235.850598573422
 20
17239.36223391514
 10
-9273.585067397297
 20
17227.57021240768
 10
-9308.961131919678
 20
17208.70297799575
1001
REVIT
1002
{
1070
     1
1000
22997345
1002
}
1002
{
1070
     2
1000
-2000051
1002
}
1002
{
1070
     3
1000
22985857
1002
}
  0
LWPOLYLINE
  5
8EF
330
70
100
AcDbEntity
  8
A-MOB-___-___-EXI
100
AcDbPolyline
 90
        5
 70
     0
 43
0.0
 10
-9417.447729788316
 20
17015.3138252734
 10
-9254.717832985361
 20
17003.52180376594
 10
-9254.717832985361
 20
16984.654569354
 10
-9254.717832985361
 20
16961.07052633908
 10
-9417.447729788316
 20
16956.35371773609
1001
REVIT
1002
{
1070
     1
1000
22997320
1002
}
1002
{
1070
     2
1000
-2000051
1002
}
1002
{
1070
     3
1000
22985857
1002
}
  0
LWPOLYLINE
  5
8F0
330
70
100
AcDbEntity
  8
A-POR-___-___-EXI
100
AcDbPolyline
 90
        3
 70
     0
 43
0.0
 10
-14259.25176075383
 20
18272.34331796868
 10
-14247.45973924417
 20
18272.34331796868
 10
-14247.45973924417
 20
18300.64416958658
1001
REVIT
1002
{
1070
     1
1000
22997313
1002
}
1002
{
1070
     2
1000
-2000051
1002
}
1002
{
1070
     3
1000
22985857
1002
}
  0
LWPOLYLINE
  5
8F1
330
70
100
AcDbEntity
  8
A-POR-___-___-EXI
100
AcDbPolyline
 90
        5
 70
     0
 43
0.0
 10
-14966.77305119926
 20
18192.15757171795
 10
-14966.77305119926
 20
18265.2681050642
 10
-14978.56507270672
 20
18265.2681050642
 10
-14978.56507270672
 20
18295.9273609836
 10
-15068.18443616342
 20
18288.85214807912
1001
REVIT
1002
{
1070
     1
1000
22997311
1002
}
1002
{
1070
     2
1000
-2000051
1002
}
1002
{
1070
     3
1000
22985857
1002
}
  0
LWPOLYLINE
  5
8F2
330
70
100
AcDbEntity
  8
A-POR-___-___-EXI
100
AcDbPolyline
 90
        4
 70
     0
 43
0.0
 10
-15066.67358340778
 20
18192.15757171795
 10
-14966.77305119926
 20
18192.15757171795
 10
-14259.25176075163
 20
18199.23278462242
 10
-14157.84037578746
 20
18199.23278462242
1001
REVIT
1002
{
1070
     1
1000
22997308
1002
}
1002
{
1070
     2
1000
-2000051
1002
}
1002
{
1070
     3
1000
22985857
1002
}
  0
LWPOLYLINE
  5
8F3
330
70
100
AcDbEntity
  8
A-POR-___-___-EXI
100
AcDbPolyline
 90
        3
 70
     0
 43
0.0
 10
-14966.77305119926
 20
18265.2681050642
 10
-14259.25176075163
 20
18272.34331796868
 10
-14259.25176075163
 20
18199.23278462242
1001
REVIT
1002
{
1070
     1
1000
22997305
1002
}
1002
{
1070
     2
1000
-2000051
1002
}
1002
{
1070
     3
1000
22985857
1002
}
  0
LWPOLYLINE
  5
8F4
330
70
100
AcDbEntity
  8
A-POR-___-___-EXI
100
AcDbPolyline
 90
        6
 70
     0
 43
0.0
 10
-14978.56507270672
 20
18295.9273609836
 10
-14947.90581678732
 20
18295.9273609836
 10
-14959.69783829479
 20
19019.95748154167
 10
-14983.28188130971
 20
19019.95748154167
 10
-14978.56507270672
 20
18295.9273609836
 10
-14157.84037578746
 20
18300.64416958658
1001
REVIT
1002
{
1070
     1
1000
22997301
1002
}
1002
{
1070
     2
1000
-2000051
1002
}
1002
{
1070
     3
1000
22985857
1002
}
  0
LWPOLYLINE
  5
8F5
330
70
100
AcDbEntity
  8
A-POR-___-___-EXI
100
AcDbPolyline
 90
        6
 70
     1
 43
0.0
 10
-19235.48483689998
 20
16612.02668971821
 10
-19228.40962399551
 20
16623.81871122567
 10
-19301.52015734178
 20
16628.53551982854
 10
-19313.31217884922
 20
16531.84094346748
 10
-19209.54238958357
 20
16520.04892196002
 10
-19204.82558098059
 20
16612.02668971821
1001
REVIT
1002
{
1070
     1
1000
22997255
1002
}
1002
{
1070
     2
1000
-2000051
1002
}
1002
{
1070
     3
1000
22985857
1002
}
  0
LWPOLYLINE
  5
8F6
330
70
100
AcDbEntity
  8
A-JAN-___-___-EXI
100
AcDbPolyline
 90
        5
 70
     0
 43
0.0
 10
-10323.07498156132
 20
27158.81072601027
 10
-10323.07498156132
 20
27189.46998191037
 10
-10632.02594505679
 20
27189.46998191037
 10
-10643.81796656425
 20
28335.65447243554
 10
-10648.53477516723
 20
28366.31372835494
1001
REVIT
1002
{
1070
     1
1000
22997239
1002
}
1002
{
1070
     2
1000
-2000051
1002
}
1002
{
1070
     3
1000
22985857
1002
}
  0
LWPOLYLINE
  5
8F7
330
70
100
AcDbEntity
  8
A-JAN-___-___-EXI
100
AcDbPolyline
 90
        3
 70
     0
 43
0.0
 10
-10323.07498156132
 20
27189.46998191037
 10
-10330.1501944658
 20
28335.65447243554
 10
-10648.53477516723
 20
28335.65447243554
1001
REVIT
1002
{
1070
     1
1000
22997237
1002
}
1002
{
1070
     2
1000
-2000051
1002
}
1002
{
1070
     3
1000
22985857
1002
}
  0
LWPOLYLINE
  5
8F8
330
70
100
AcDbEntity
  8
A-COB-___-___-EXI
100
AcDbPolyline
 90
        3
 70
     0
 43
0.0
 10
-14754.516664065
 20
27286.16455827153
 10
-14761.59187696948
 20
27448.8944550745
 10
-14464.43293498147
 20
27448.8944550745
1001
REVIT
1002
{
1070
     1
1000
22997216
1002
}
1002
{
1070
     2
1000
-2000051
1002
}
1002
{
1070
     3
1000
22985857
1002
}
  0
LWPOLYLINE
  5
8F9
330
70
100
AcDbEntity
  8
A-COB-___-___-EXI
100
AcDbPolyline
 90
        4
 70
     0
 43
0.0
 10
-14735.64942965306
 20
25106.99898369282
 10
-14990.3570942142
 20
25106.99898369282
 10
-14735.64942965306
 20
25106.99898369282
 10
-14735.64942965306
 20
25269.72888049578
1001
REVIT
1002
{
1070
     1
1000
22997209
1002
}
1002
{
1070
     2
1000
-2000051
1002
}
1002
{
1070
     3
1000
22985857
1002
}
  0
LWPOLYLINE
  5
8FA
330
70
100
AcDbEntity
  8
A-COB-___-___-EXI
100
AcDbPolyline
 90
        3
 70
     0
 43
0.0
 10
-11018.80425050149
 20
27738.97818415804
 10
-11018.80425050149
 20
27430.02722066257
 10
-11313.604788188
 20
27430.02722066257
1001
REVIT
1002
{
1070
     1
1000
22997208
1002
}
1002
{
1070
     2
1000
-2000051
1002
}
1002
{
1070
     3
1000
22985857
1002
}
  0
LWPOLYLINE
  5
8FB
330
70
100
AcDbEntity
  8
A-COB-___-___-EXI
100
AcDbPolyline
 90
        3
 70
     0
 43
0.0
 10
-10752.30456443289
 20
29689.37854149201
 10
-11004.65382469255
 20
29689.37854149201
 10
-11004.65382469255
 20
29380.42757799655
1001
REVIT
1002
{
1070
     1
1000
22997202
1002
}
1002
{
1070
     2
1000
-2000051
1002
}
1002
{
1070
     3
1000
22985857
1002
}
  0
LWPOLYLINE
  5
8FC
330
70
100
AcDbEntity
  8
A-COB-___-___-EXI
100
AcDbPolyline
 90
        3
 70
     0
 43
0.0
 10
-19952.43974455356
 20
9770.29581108959
 10
-20110.45283275353
 20
9765.579002486607
 10
-20103.37761984906
 20
10029.72028425372
1001
REVIT
1002
{
1070
     1
1000
22997160
1002
}
1002
{
1070
     2
1000
-2000051
1002
}
1002
{
1070
     3
1000
22985857
1002
}
  0
LWPOLYLINE
  5
8FD
330
70
100
AcDbEntity
  8
A-COB-___-___-EXI
100
AcDbPolyline
 90
        4
 70
     0
 43
0.0
 10
-15299.30805770962
 20
9751.428576677668
 10
-15594.10859539614
 20
9739.6365551702
 10
-15594.10859539614
 20
9933.025707892561
 10
-15865.32509006773
 20
9928.30889928957
1001
REVIT
1002
{
1070
     1
1000
22997147
1002
}
1002
{
1070
     2
1000
-2000051
1002
}
1002
{
1070
     3
1000
22985857
1002
}
  0
LWPOLYLINE
  5
8FE
330
70
100
AcDbEntity
  8
A-COB-___-___-EXI
100
AcDbPolyline
 90
        3
 70
     0
 43
0.0
 10
-5825.597978615804
 20
10350.46326925669
 10
-5818.522765711327
 20
10102.83081760002
 10
-6108.606494794857
 20
10091.03879609256
1001
REVIT
1002
{
1070
     1
1000
22997120
1002
}
1002
{
1070
     2
1000
-2000051
1002
}
1002
{
1070
     3
1000
22985857
1002
}
  0
LWPOLYLINE
  5
8FF
330
70
100
AcDbEntity
  8
A-COB-___-___-EXI
100
AcDbPolyline
 90
        5
 70
     0
 43
0.0
 10
-6205.30107115605
 20
15005.95336040213
 10
-6205.301071156048
 20
14751.24569584097
 10
-6205.301071156048
 20
14871.52431521707
 10
-6000.119896926236
 20
14871.52431521707
 10
-5988.327875418774
 20
14623.8918635604
1001
REVIT
1002
{
1070
     1
1000
22997107
1002
}
1002
{
1070
     2
1000
-2000051
1002
}
1002
{
1070
     3
1000
22985857
1002
}
  0
LWPOLYLINE
  5
900
330
70
100
AcDbEntity
  8
A-COB-___-___-EXI
100
AcDbPolyline
 90
        2
 70
     1
 43
0.0
 10
-15117.71092649478
 20
25111.71579229581
 10
-15370.06018675443
 20
25111.71579229581
1001
REVIT
1002
{
1070
     1
1000
22997101
1002
}
1002
{
1070
     2
1000
-2000051
1002
}
1002
{
1070
     3
1000
22985857
1002
}
  0
LWPOLYLINE
  5
901
330
70
100
AcDbEntity
  8
A-COB-___-___-EXI
100
AcDbPolyline
 90
        2
 70
     1
 43
0.0
 10
-15497.41401903501
 20
25111.7157922958
 10
-15752.12168359616
 20
25111.7157922958
1001
REVIT
1002
{
1070
     1
1000
22997099
1002
}
1002
{
1070
     2
1000
-2000051
1002
}
1002
{
1070
     3
1000
22985857
1002
}
  0
LWPOLYLINE
  5
902
330
70
100
AcDbEntity
  8
A-COB-___-___-EXI
100
AcDbPolyline
 90
        2
 70
     1
 43
0.0
 10
-15872.40030297225
 20
25111.7157922958
 10
-16124.74956323191
 20
25118.79100520028
1001
REVIT
1002
{
1070
     1
1000
22997097
1002
}
1002
{
1070
     2
1000
-2000051
1002
}
1002
{
1070
     3
1000
22985857
1002
}
  0
LWPOLYLINE
  5
903
330
70
100
AcDbEntity
  8
A-COB-___-___-EXI
100
AcDbPolyline
 90
        2
 70
     1
 43
0.0
 10
-16252.10339551249
 20
25118.79100520028
 10
-16506.81106007363
 20
25118.79100520028
1001
REVIT
1002
{
1070
     1
1000
22997095
1002
}
1002
{
1070
     2
1000
-2000051
1002
}
1002
{
1070
     3
1000
22985857
1002
}
  0
LWPOLYLINE
  5
904
330
70
100
AcDbEntity
  8
A-COB-___-___-EXI
100
AcDbPolyline
 90
        2
 70
     1
 43
0.0
 10
-16631.80648805271
 20
25118.79100520028
 10
-16879.43893970938
 20
25118.79100520027
1001
REVIT
1002
{
1070
     1
1000
22997093
1002
}
1002
{
1070
     2
1000
-2000051
1002
}
1002
{
1070
     3
1000
22985857
1002
}
  0
LWPOLYLINE
  5
905
330
70
100
AcDbEntity
  8
A-COB-___-___-EXI
100
AcDbPolyline
 90
        2
 70
     1
 43
0.0
 10
-17006.79277198996
 20
25118.79100520027
 10
-17261.50043655111
 20
25123.50781380326
1001
REVIT
1002
{
1070
     1
1000
22997091
1002
}
1002
{
1070
     2
1000
-2000051
1002
}
1002
{
1070
     3
1000
22985857
1002
}
  0
LWPOLYLINE
  5
906
330
70
100
AcDbEntity
  8
A-COB-___-___-EXI
100
AcDbPolyline
 90
        2
 70
     1
 43
0.0
 10
-17386.49586453019
 20
25123.50781380326
 10
-17641.20352909134
 20
25123.50781380326
1001
REVIT
1002
{
1070
     1
1000
22997089
1002
}
1002
{
1070
     2
1000
-2000051
1002
}
1002
{
1070
     3
1000
22985857
1002
}
  0
LWPOLYLINE
  5
907
330
70
100
AcDbEntity
  8
A-COB-___-___-EXI
100
AcDbPolyline
 90
        2
 70
     1
 43
0.0
 10
-17761.48214846744
 20
25123.50781380326
 10
-18016.18981302859
 20
25130.58302670774
1001
REVIT
1002
{
1070
     1
1000
22997087
1002
}
1002
{
1070
     2
1000
-2000051
1002
}
1002
{
1070
     3
1000
22985857
1002
}
  0
LWPOLYLINE
  5
908
330
70
100
AcDbEntity
  8
A-COB-___-___-EXI
100
AcDbPolyline
 90
        2
 70
     1
 43
0.0
 10
-18141.18524100767
 20
25130.58302670773
 10
-18395.89290556881
 20
25130.58302670773
1001
REVIT
1002
{
1070
     1
1000
22997085
1002
}
1002
{
1070
     2
1000
-2000051
1002
}
1002
{
1070
     3
1000
22985857
1002
}
  0
LWPOLYLINE
  5
909
330
70
100
AcDbEntity
  8
A-COB-___-___-EXI
100
AcDbPolyline
 90
        2
 70
     1
 43
0.0
 10
-18523.24673784939
 20
25130.58302670773
 10
-18770.87918950606
 20
25130.58302670773
1001
REVIT
1002
{
1070
     1
1000
22997083
1002
}
1002
{
1070
     2
1000
-2000051
1002
}
1002
{
1070
     3
1000
22985857
1002
}
  0
LWPOLYLINE
  5
90A
330
70
100
AcDbEntity
  8
A-COB-___-___-EXI
100
AcDbPolyline
 90
        2
 70
     1
 43
0.0
 10
-18895.87461748515
 20
25130.58302670773
 10
-19150.58228204629
 20
25135.29983531071
1001
REVIT
1002
{
1070
     1
1000
22997081
1002
}
1002
{
1070
     2
1000
-2000051
1002
}
1002
{
1070
     3
1000
22985857
1002
}
  0
LWPOLYLINE
  5
90B
330
70
100
AcDbEntity
  8
A-COB-___-___-EXI
100
AcDbPolyline
 90
        2
 70
     1
 43
0.0
 10
-19277.93611432687
 20
25135.29983531071
 10
-19537.36058749101
 20
25135.29983531071
1001
REVIT
1002
{
1070
     1
1000
22997079
1002
}
1002
{
1070
     2
1000
-2000051
1002
}
1002
{
1070
     3
1000
22985857
1002
}
  0
LWPOLYLINE
  5
90C
330
70
100
AcDbEntity
  8
A-COB-___-___-EXI
100
AcDbPolyline
 90
        3
 70
     0
 43
0.0
 10
-6217.093092663557
 20
29484.19736726222
 10
-6217.093092663557
 20
29658.71928557263
 10
-6471.800757224706
 20
29663.43609417561
1001
REVIT
1002
{
1070
     1
1000
22997077
1002
}
1002
{
1070
     2
1000
-2000051
1002
}
1002
{
1070
     3
1000
22985857
1002
}
  0
LWPOLYLINE
  5
90D
330
70
100
AcDbEntity
  8
A-COB-___-___-EXI
100
AcDbPolyline
 90
        3
 70
     0
 43
0.0
 10
-6386.898202314547
 20
14437.57792374618
 10
-6205.301071156047
 20
14449.36994524999
 10
-6205.301071156048
 20
14623.8918635604
1001
REVIT
1002
{
1070
     1
1000
22997037
1002
}
1002
{
1070
     2
1000
-2000051
1002
}
1002
{
1070
     3
1000
22985857
1002
}
  0
LWPOLYLINE
  5
90E
330
70
100
AcDbEntity
  8
A-POR-___-___-EXI
100
AcDbPolyline
 90
        3
 70
     0
 43
0.0
 10
-11077.76435803875
 20
13880.99450859037
 10
-11924.43150227442
 20
13869.20248708291
 10
-11952.73235389233
 20
13864.48567847992
1001
REVIT
1002
{
1070
     1
1000
22997026
1002
}
1002
{
1070
     2
1000
-2000051
1002
}
1002
{
1070
     3
1000
22985857
1002
}
  0
LWPOLYLINE
  5
90F
330
70
100
AcDbEntity
  8
A-POR-___-___-EXI
100
AcDbPolyline
 90
        3
 70
     0
 43
0.0
 10
-11924.43150227442
 20
13930.5209989217
 10
-11929.1483108774
 20
14003.63153226795
 10
-11077.76435803875
 20
14015.42355377542
1001
REVIT
1002
{
1070
     1
1000
22997004
1002
}
1002
{
1070
     2
1000
-2000051
1002
}
1002
{
1070
     3
1000
22985857
1002
}
  0
LWPOLYLINE
  5
910
330
70
100
AcDbEntity
  8
A-POR-___-___-EXI
100
AcDbPolyline
 90
        3
 70
     0
 43
0.0
 10
-11084.83957094323
 20
14182.87025918136
 10
-11929.1483108774
 20
14171.07823767389
 10
-11924.43150227442
 20
13869.20248708291
1001
REVIT
1002
{
1070
     1
1000
22996994
1002
}
1002
{
1070
     2
1000
-2000051
1002
}
1002
{
1070
     3
1000
22985857
1002
}
  0
LWPOLYLINE
  5
911
330
70
100
AcDbEntity
  8
A-POR-___-___-EXI
100
AcDbPolyline
 90
        4
 70
     0
 43
0.0
 10
-19126.99823903135
 20
17328.98159737181
 10
-19155.29909064925
 20
17336.05681027629
 10
-19155.29909064925
 20
17324.26478876883
 10
-19228.40962399551
 20
16623.81871122567
1001
REVIT
1002
{
1070
     1
1000
22996990
1002
}
1002
{
1070
     2
1000
-2000051
1002
}
1002
{
1070
     3
1000
22985857
1002
}
  0
LWPOLYLINE
  5
912
330
70
100
AcDbEntity
  8
A-POR-___-___-EXI
100
AcDbPolyline
 90
        8
 70
     0
 43
0.0
 10
-19119.92302612687
 20
17420.95936513001
 10
-19112.8478132224
 20
17420.95936513001
 10
-19126.99823903135
 20
17328.98159737181
 10
-19126.99823903135
 20
17305.39755435689
 10
-18407.68492707626
 20
17227.57021240766
 10
-18400.60971417178
 20
17251.15425542258
 10
-19126.99823903135
 20
17328.98159737181
 10
-19204.82558098059
 20
16574.29222089434
1001
REVIT
1002
{
1070
     1
1000
22996989
1002
}
1002
{
1070
     2
1000
-2000051
1002
}
1002
{
1070
     3
1000
22985857
1002
}
  0
LWPOLYLINE
  5
913
330
70
100
AcDbEntity
  8
A-POR-___-___-EXI
100
AcDbPolyline
 90
        3
 70
     0
 43
0.0
 10
-19216.72796300754
 20
17431.78021406596
 10
-19228.40962399551
 20
17328.98159737181
 10
-19155.29909064925
 20
17324.26478876883
1001
REVIT
1002
{
1070
     1
1000
22996981
1002
}
1002
{
1070
     2
1000
-2000051
1002
}
1002
{
1070
     3
1000
22985857
1002
}
  0
LWPOLYLINE
  5
915
330
70
100
AcDbEntity
  8
A-POR-___-___-EXI
100
AcDbPolyline
 90
        4
 70
     1
 43
0.0
 10
-11929.14831087742
 20
18234.60884914481
 10
-11929.14831087742
 20
18175.64874160751
 10
-11084.83957094324
 20
18187.44076311497
 10
-11084.83957094324
 20
18241.68406204929
1001
REVIT
1002
{
1070
     1
1000
22996966
1002
}
1002
{
1070
     2
1000
-2000051
1002
}
1002
{
1070
     3
1000
22985857
1002
}
  0
LWPOLYLINE
  5
916
330
70
100
AcDbEntity
  8
A-POR-___-___-EXI
100
AcDbPolyline
 90
        6
 70
     0
 43
0.0
 10
-11952.73235388755
 20
18012.91884480455
 10
-11924.43150227443
 20
18012.91884480455
 10
-11929.14831087742
 20
18314.79459539554
 10
-11084.83957094324
 20
18319.51140399853
 10
-11077.76435803876
 20
18017.63565340754
 10
-11924.43150227713
 20
18012.91884480453
1001
REVIT
1002
{
1070
     1
1000
22996960
1002
}
1002
{
1070
     2
1000
-2000051
1002
}
1002
{
1070
     3
1000
22985857
1002
}
  0
LWPOLYLINE
  5
917
330
70
100
AcDbEntity
  8
A-POR-___-___-EXI
100
AcDbPolyline
 90
        4
 70
     0
 43
0.0
 10
-6339.730116341129
 20
23668.26180958103
 10
-6339.730116341129
 20
23699.03161570205
 10
-6356.238946451576
 20
24446.64577927506
 10
-6356.238946451576
 20
24477.30503519446
1001
REVIT
1002
{
1070
     1
1000
22996952
1002
}
1002
{
1070
     2
1000
-2000051
1002
}
1002
{
1070
     3
1000
22985857
1002
}
  0
LWPOLYLINE
  5
918
330
70
100
AcDbEntity
  8
A-POR-___-___-EXI
100
AcDbPolyline
 90
        3
 70
     0
 43
0.0
 10
-6339.730116341129
 20
23699.03161570205
 10
-6641.605866932119
 20
23691.95640279758
 10
-6658.114697042575
 20
24441.92897067254
1001
REVIT
1002
{
1070
     1
1000
22996951
1002
}
1002
{
1070
     2
1000
-2000051
1002
}
1002
{
1070
     3
1000
22985857
1002
}
  0
LWPOLYLINE
  5
919
330
70
100
AcDbEntity
  8
A-POR-___-___-EXI
100
AcDbPolyline
 90
        4
 70
     0
 43
0.0
 10
-6615.663419615707
 20
24441.92897067207
 10
-6518.968843254531
 20
24441.92897067207
 10
-6502.460013144084
 20
23699.03161570205
 10
-6599.154589505261
 20
23691.95640279758
1001
REVIT
1002
{
1070
     1
1000
22996949
1002
}
1002
{
1070
     2
1000
-2000051
1002
}
1002
{
1070
     3
1000
22985857
1002
}
  0
LWPOLYLINE
  5
91A
330
70
100
AcDbEntity
  8
A-JAN-___-___-EXI
100
AcDbPolyline
 90
        3
 70
     0
 43
0.0
 10
-9617.912095415142
 20
16104.96976489744
 10
-9617.912095415146
 20
16666.26998865256
 10
-9610.836882510678
 20
16104.96976489835
1001
REVIT
1002
{
1070
     1
1000
22996941
1002
}
1002
{
1070
     2
1000
-2000051
1002
}
1002
{
1070
     3
1000
22985857
1002
}
  0
LWPOLYLINE
  5
91B
330
70
100
AcDbEntity
  8
A-POR-___-___-EXI
100
AcDbPolyline
 90
        7
 70
     0
 43
0.0
 10
-10334.86700306876
 20
21350.0609314159
 10
-10400.90232351054
 20
21357.13614432037
 10
-10415.05274931949
 20
20699.14134420408
 10
-10341.94221597323
 20
20699.14134420408
 10
-10341.94221597323
 20
20687.34932269661
 10
-10311.28296005384
 20
20687.34932269661
 10
-10311.28296005384
 20
20595.37155493842
1001
REVIT
1002
{
1070
     1
1000
22996937
1002
}
1002
{
1070
     2
1000
-2000051
1002
}
1002
{
1070
     3
1000
22985857
1002
}
  0
LWPOLYLINE
  5
91C
330
70
100
AcDbEntity
  8
A-JAN-___-___-EXI
100
AcDbPolyline
 90
        2
 70
     1
 43
0.0
 10
-9471.691028722633
 20
16666.26998865256
 10
-9471.691028722631
 20
16104.96976489744
1001
REVIT
1002
{
1070
     1
1000
22996919
1002
}
1002
{
1070
     2
1000
-2000051
1002
}
1002
{
1070
     3
1000
22985857
1002
}
  0
LWPOLYLINE
  5
91D
330
70
100
AcDbEntity
  8
A-POR-___-___-EXI
100
AcDbPolyline
 90
        4
 70
     0
 43
0.0
 10
-13830.02217788004
 20
10520.2683789641
 10
-13837.09739078457
 20
10591.02050800886
 10
-13825.30536927706
 20
10591.02050800886
 10
-13825.30536927706
 20
10621.67976392826
1001
REVIT
1002
{
1070
     1
1000
22996897
1002
}
1002
{
1070
     2
1000
-2000051
1002
}
1002
{
1070
     3
1000
22985857
1002
}
  0
LWPOLYLINE
  5
91E
330
70
100
AcDbEntity
  8
A-POR-___-___-EXI
100
AcDbPolyline
 90
        4
 70
     0
 43
0.0
 10
-14641.31325759333
 20
10548.569230582
 10
-14634.23804468885
 20
10482.53391014022
 10
-13830.02217788004
 20
10520.2683789641
 10
-13731.21758324698
 20
10524.86394150517
1001
REVIT
1002
{
1070
     1
1000
22996895
1002
}
1002
{
1070
     2
1000
-2000051
1002
}
1002
{
1070
     3
1000
22985857
1002
}
  0
LWPOLYLINE
  5
91F
330
70
100
AcDbEntity
  8
A-POR-___-___-EXI
100
AcDbPolyline
 90
        7
 70
     0
 43
0.0
 10
-13837.09739078451
 20
10591.02050800886
 10
-14641.31325759333
 20
10548.569230582
 10
-14653.10527910079
 20
10548.569230582
 10
-14653.10527910079
 20
10579.22848650139
 10
-14742.72464255749
 20
10574.51167789841
 10
-14735.64942965301
 20
10477.81710153724
 10
-14634.23804468885
 20
10482.53391014022
1001
REVIT
1002
{
1070
     1
1000
22996888
1002
}
1002
{
1070
     2
1000
-2000051
1002
}
1002
{
1070
     3
1000
22985857
1002
}
  0
LWPOLYLINE
  5
920
330
70
100
AcDbEntity
  8
A-POR-___-___-EXI
100
AcDbPolyline
 90
        3
 70
     0
 43
0.0
 10
-15848.81625995729
 20
11739.56340283551
 10
-15780.42253521402
 20
11739.56340283551
 10
-15775.70572661105
 20
12746.60203957145
1001
REVIT
1002
{
1070
     1
1000
22996874
1002
}
1002
{
1070
     2
1000
-2000051
1002
}
1002
{
1070
     3
1000
22985857
1002
}
  0
LWPOLYLINE
  5
921
330
70
100
AcDbEntity
  8
A-POR-___-___-EXI
100
AcDbPolyline
 90
        8
 70
     0
 43
0.0
 10
-15877.1171115752
 20
11756.07223294596
 10
-15877.1171115752
 20
11732.48818993104
 10
-15848.81625995729
 20
11732.48818993104
 10
-15848.81625995729
 20
11739.56340283551
 10
-15848.81625995729
 20
12746.60203957265
 10
-15848.81625995729
 20
12758.3940610801
 10
-15877.1171115752
 20
12758.3940610801
 10
-15877.1171115752
 20
12850.3718288383
1001
REVIT
1002
{
1070
     1
1000
22996862
1002
}
1002
{
1070
     2
1000
-2000051
1002
}
1002
{
1070
     3
1000
22985857
1002
}
  0
LWPOLYLINE
  5
922
330
70
100
AcDbEntity
  8
A-POR-___-___-EXI
100
AcDbPolyline
 90
        3
 70
     0
 43
0.0
 10
-15775.70572661104
 20
12850.3718288383
 10
-15775.70572661104
 20
12746.60203957265
 10
-15848.81625995729
 20
12746.60203957265
1001
REVIT
1002
{
1070
     1
1000
22996859
1002
}
1002
{
1070
     2
1000
-2000051
1002
}
1002
{
1070
     3
1000
22985857
1002
}
  0
LWPOLYLINE
  5
923
330
70
100
AcDbEntity
  8
A-POR-___-___-EXI
100
AcDbPolyline
 90
       10
 70
     0
 43
0.0
 10
-15877.1171115752
 20
12734.81001806519
 10
-15877.1171115752
 20
12758.3940610801
 10
-16391.24924930048
 20
12758.3940610801
 10
-16391.24924930048
 20
12734.81001806519
 10
-15877.1171115752
 20
12734.81001806519
 10
-15877.1171115752
 20
11756.07223294596
 10
-16391.24924930048
 20
11756.07223294596
 10
-16391.24924930048
 20
11732.48818993104
 10
-15877.1171115752
 20
11732.48818993104
 10
-15877.1171115752
 20
11642.86882647433
1001
REVIT
1002
{
1070
     1
1000
22996856
1002
}
1002
{
1070
     2
1000
-2000051
1002
}
1002
{
1070
     3
1000
22985857
1002
}
  0
LWPOLYLINE
  5
924
330
70
100
AcDbEntity
  8
A-POR-___-___-EXI
100
AcDbPolyline
 90
        3
 70
     0
 43
0.0
 10
-16270.9706299244
 20
19310.0412106252
 10
-16204.93530948263
 20
19310.0412106252
 10
-16178.99286216625
 20
20015.20409677055
1001
REVIT
1002
{
1070
     1
1000
22996844
1002
}
1002
{
1070
     2
1000
-2000051
1002
}
1002
{
1070
     3
1000
22985857
1002
}
  0
LWPOLYLINE
  5
925
330
70
100
AcDbEntity
  8
A-POR-___-___-EXI
100
AcDbPolyline
 90
       11
 70
     0
 43
0.0
 10
-16252.10339551247
 20
20015.20409677135
 10
-16245.02818260799
 20
20029.3545225803
 10
-16275.68743852739
 20
20029.35452258035
 10
-16275.68743852739
 20
20118.973886037
 10
-16174.27605356323
 20
20111.89867313252
 10
-16178.99286216621
 20
20015.20409677135
 10
-16252.10339551247
 20
20015.20409677135
 10
-16270.9706299244
 20
19310.0412106252
 10
-16275.68743852739
 20
19302.96599772072
 10
-16306.34669444679
 20
19302.96599772072
 10
-16306.34669444679
 20
19213.34663426402
1001
REVIT
1002
{
1070
     1
1000
22996833
1002
}
1002
{
1070
     2
1000
-2000051
1002
}
1002
{
1070
     3
1000
22985857
1002
}
  0
LWPOLYLINE
  5
926
330
70
100
AcDbEntity
  8
A-POR-___-___-EXI
100
AcDbPolyline
 90
        6
 70
     0
 43
0.0
 10
-16306.34669444679
 20
19302.96599772072
 10
-16662.4657439721
 20
19314.75801922818
 10
-16662.4657439721
 20
19345.41727514758
 10
-16301.6298858438
 20
19328.90844503714
 10
-16306.34669444679
 20
19302.96599772072
 10
-16275.68743852739
 20
20029.3545225803
1001
REVIT
1002
{
1070
     1
1000
22996831
1002
}
1002
{
1070
     2
1000
-2000051
1002
}
1002
{
1070
     3
1000
22985857
1002
}
  0
LWPOLYLINE
  5
927
330
70
100
AcDbEntity
  8
A-POR-___-___-EXI
100
AcDbPolyline
 90
        4
 70
     0
 43
0.0
 10
-14657.82208770381
 20
21930.22838958295
 10
-14657.82208770381
 20
21864.19306914116
 10
-15612.97582980809
 20
21887.77711215608
 10
-15612.97582980811
 20
21953.81243259786
1001
REVIT
1002
{
1070
     1
1000
22996816
1002
}
1002
{
1070
     2
1000
-2000051
1002
}
1002
{
1070
     3
1000
22985857
1002
}
  0
LWPOLYLINE
  5
928
330
70
100
AcDbEntity
  8
A-POR-___-___-EXI
100
AcDbPolyline
 90
        3
 70
     0
 43
0.0
 10
-14669.61410921127
 20
21965.60445410533
 10
-14646.03006619635
 20
21960.88764550234
 10
-14556.41070273965
 20
21960.88764550234
1001
REVIT
1002
{
1070
     1
1000
22996814
1002
}
1002
{
1070
     2
1000
-2000051
1002
}
1002
{
1070
     3
1000
22985857
1002
}
  0
LWPOLYLINE
  5
929
330
70
100
AcDbEntity
  8
A-POR-___-___-EXI
100
AcDbPolyline
 90
       17
 70
     0
 43
0.0
 10
-15601.18380830065
 20
21984.47168851726
 10
-15587.0333824917
 20
22472.66137892613
 10
-15612.97582980811
 20
22472.66137892613
 10
-15624.76785131558
 20
21984.47168851726
 10
-15601.18380830065
 20
21984.47168851726
 10
-14669.61410921127
 20
21965.60445410533
 10
-14657.82208770381
 20
22449.07733591122
 10
-14634.23804468888
 20
22449.07733591122
 10
-14646.03006619635
 20
21960.88764550234
 10
-14646.03006619635
 20
21930.22838958295
 10
-14657.82208770381
 20
21930.22838958295
 10
-15612.97582980811
 20
21953.81243259786
 10
-15624.76785131558
 20
21953.81243259786
 10
-15624.76785131558
 20
21984.47168851726
 10
-15714.38721477227
 20
21991.54690142174
 10
-15714.38721477227
 20
21887.77711215609
 10
-15612.97582980811
 20
21887.77711215609
1001
REVIT
1002
{
1070
     1
1000
22996805
1002
}
1002
{
1070
     2
1000
-2000051
1002
}
1002
{
1070
     3
1000
22985857
1002
}
  0
LWPOLYLINE
  5
92A
330
70
100
AcDbEntity
  8
A-POR-___-___-EXI
100
AcDbPolyline
 90
        6
 70
     0
 43
0.0
 10
-10304.20774714911
 20
21361.85295292335
 10
-9629.704116922619
 20
21350.0609314159
 10
-9629.704116922619
 20
21326.47688840098
 10
-10304.20774714936
 20
21338.26890990844
 10
-10304.20774714936
 20
21361.85295292336
 10
-10311.28296005383
 20
20656.69006677774
1001
REVIT
1002
{
1070
     1
1000
22996797
1002
}
1002
{
1070
     2
1000
-2000051
1002
}
1002
{
1070
     3
1000
22985857
1002
}
  0
LWPOLYLINE
  5
92B
330
70
100
AcDbEntity
  8
A-POR-___-___-EXI
100
AcDbPolyline
 90
        7
 70
     0
 43
0.0
 10
-10341.94221597323
 20
20699.14134420408
 10
-10334.86700306876
 20
21350.0609314159
 10
-10334.86700306876
 20
21361.85295292336
 10
-10304.20774714936
 20
21361.85295292336
 10
-10299.49093854638
 20
21453.83072068155
 10
-10400.90232351054
 20
21453.83072068155
 10
-10400.90232351054
 20
21357.13614432037
1001
REVIT
1002
{
1070
     1
1000
22996788
1002
}
1002
{
1070
     2
1000
-2000051
1002
}
1002
{
1070
     3
1000
22985857
1002
}
  0
LWPOLYLINE
  5
92C
330
70
100
AcDbEntity
  8
A-POR-___-___-EXI
100
AcDbPolyline
 90
        3
 70
     0
 43
0.0
 10
-8252.396004851215
 20
18036.50288781948
 10
-8252.396004851215
 20
18107.25501686425
 10
-9056.611871660537
 20
18121.4054426732
1001
REVIT
1002
{
1070
     1
1000
22996776
1002
}
1002
{
1070
     2
1000
-2000051
1002
}
1002
{
1070
     3
1000
22985857
1002
}
  0
LWPOLYLINE
  5
92D
330
70
100
AcDbEntity
  8
A-POR-___-___-EXI
100
AcDbPolyline
 90
        3
 70
     0
 43
0.0
 10
-8271.263239263152
 20
18005.84363190008
 10
-8240.603983343753
 20
18005.84363190008
 10
-8150.984619887053
 20
18005.84363190008
1001
REVIT
1002
{
1070
     1
1000
22996773
1002
}
1002
{
1070
     2
1000
-2000051
1002
}
1002
{
1070
     3
1000
22985857
1002
}
  0
LWPOLYLINE
  5
92E
330
70
100
AcDbEntity
  8
A-POR-___-___-EXI
100
AcDbPolyline
 90
       15
 70
     0
 43
0.0
 10
-9042.461445851072
 20
18017.63565340754
 10
-9049.536658755547
 20
17600.19809204344
 10
-9073.120701770468
 20
17607.27330494792
 10
-9068.403893167486
 20
18017.63565340754
 10
-9042.461445851072
 20
18017.63565340754
 10
-8271.263239263152
 20
18005.84363190008
 10
-8275.980047866134
 20
17595.48128344046
 10
-8245.320791946737
 20
17595.48128344046
 10
-8240.603983343753
 20
18005.84363190008
 10
-8240.603983343753
 20
18036.50288781948
 10
-8252.396004851215
 20
18036.50288781948
 10
-9061.328680263009
 20
18048.29490932694
 10
-9068.403893167486
 20
18048.29490932694
 10
-9068.403893167486
 20
18017.63565340754
 10
-9158.023256624186
 20
18017.63565340754
1001
REVIT
1002
{
1070
     1
1000
22996763
1002
}
1002
{
1070
     2
1000
-2000051
1002
}
1002
{
1070
     3
1000
22985857
1002
}
  0
LWPOLYLINE
  5
92F
330
70
100
AcDbEntity
  8
A-POR-___-___-EXI
100
AcDbPolyline
 90
        3
 70
     0
 43
0.0
 10
-9158.023256624186
 20
18121.4054426732
 10
-9056.611871660027
 20
18121.4054426732
 10
-9061.328680263009
 20
18048.29490932694
1001
REVIT
1002
{
1070
     1
1000
22996760
1002
}
1002
{
1070
     2
1000
-2000051
1002
}
1002
{
1070
     3
1000
22985857
1002
}
  0
LWPOLYLINE
  5
930
330
70
100
AcDbEntity
  8
A-POR-___-___-EXI
100
AcDbPolyline
 90
        4
 70
     0
 43
0.0
 10
-7316.109497158857
 20
22196.72807565158
 10
-7316.109497158852
 20
22267.48020469635
 10
-8125.042172570649
 20
22279.2722262038
 10
-8125.042172570653
 20
22208.52009715904
1001
REVIT
1002
{
1070
     1
1000
22996748
1002
}
1002
{
1070
     2
1000
-2000051
1002
}
1002
{
1070
     3
1000
22985857
1002
}
  0
LWPOLYLINE
  5
931
330
70
100
AcDbEntity
  8
A-POR-___-___-EXI
100
AcDbPolyline
 90
       10
 70
     0
 43
0.0
 10
-7334.976731570794
 20
22166.06881973218
 10
-7311.392688555874
 20
22166.06881973218
 10
-7316.109497158855
 20
21748.63125836808
 10
-7339.693540173779
 20
21755.70647127255
 10
-7334.976731570794
 20
22166.06881973218
 10
-8108.533342460209
 20
22177.86084123964
 10
-8136.834194078113
 20
22177.86084123964
 10
-8143.90940698259
 20
21767.49849278001
 10
-8120.325363967667
 20
21767.49849278001
 10
-8108.533342460209
 20
22177.86084123964
1001
REVIT
1002
{
1070
     1
1000
22996744
1002
}
1002
{
1070
     2
1000
-2000051
1002
}
1002
{
1070
     3
1000
22985857
1002
}
  0
LWPOLYLINE
  5
932
330
70
100
AcDbEntity
  8
A-POR-___-___-EXI
100
AcDbPolyline
 90
       12
 70
     0
 43
0.0
 10
-7316.109497158857
 20
22267.48020469635
 10
-7214.698112194698
 20
22262.76339609336
 10
-7219.414920797682
 20
22166.06881973218
 10
-7311.392688555874
 20
22166.06881973218
 10
-7311.392688555874
 20
22196.72807565158
 10
-7316.109497158857
 20
22196.72807565158
 10
-8125.042172570653
 20
22208.52009715904
 10
-8132.11738547513
 20
22208.52009715904
 10
-8136.834194078113
 20
22177.86084123964
 10
-8228.811961836305
 20
22177.86084123964
 10
-8221.73674893183
 20
22279.2722262038
 10
-8125.042172570653
 20
22279.2722262038
1001
REVIT
1002
{
1070
     1
1000
22996737
1002
}
1002
{
1070
     2
1000
-2000051
1002
}
1002
{
1070
     3
1000
22985857
1002
}
  0
LWPOLYLINE
  5
933
330
70
100
AcDbEntity
  8
A-POR-___-___-EXI
100
AcDbPolyline
 90
       12
 70
     0
 43
0.0
 10
-9273.585067397325
 20
25932.44048921508
 10
-9278.301876000311
 20
26342.80283767471
 10
-9247.642620080913
 20
26342.80283767471
 10
-9247.642620080911
 20
25932.44048921508
 10
-9273.585067397325
 20
25932.44048921508
 10
-10044.78327398524
 20
25927.7236806121
 10
-10051.85848688972
 20
26338.08602907172
 10
-10075.44252990464
 20
26338.08602907172
 10
-10070.72572130166
 20
25920.64846770762
 10
-10070.72572130166
 20
25889.98921178822
 10
-10063.65050839718
 20
25889.98921178822
 10
-9254.717832985091
 20
25901.78123329569
1001
REVIT
1002
{
1070
     1
1000
22996722
1002
}
1002
{
1070
     2
1000
-2000051
1002
}
1002
{
1070
     3
1000
22985857
1002
}
  0
LWPOLYLINE
  5
934
330
70
100
AcDbEntity
  8
A-POR-___-___-EXI
100
AcDbPolyline
 90
        4
 70
     0
 43
0.0
 10
-10063.65050839718
 20
25889.98921178822
 10
-10063.65050839718
 20
25823.95389134644
 10
-9254.71783298539
 20
25831.02910425092
 10
-9155.487972000107
 20
25831.02910425092
1001
REVIT
1002
{
1070
     1
1000
22996721
1002
}
1002
{
1070
     2
1000
-2000051
1002
}
1002
{
1070
     3
1000
22985857
1002
}
  0
LWPOLYLINE
  5
935
330
70
100
AcDbEntity
  8
A-POR-___-___-EXI
100
AcDbPolyline
 90
        3
 70
     0
 43
0.0
 10
-10044.78327398524
 20
25927.7236806121
 10
-10070.72572130166
 20
25920.64846770762
 10
-10160.34508475836
 20
25920.64846770762
1001
REVIT
1002
{
1070
     1
1000
22996719
1002
}
1002
{
1070
     2
1000
-2000051
1002
}
1002
{
1070
     3
1000
22985857
1002
}
  0
LWPOLYLINE
  5
936
330
70
100
AcDbEntity
  8
A-POR-___-___-EXI
100
AcDbPolyline
 90
        9
 70
     0
 43
0.0
 10
-10384.3934934001
 20
22967.92628223949
 10
-10389.11030200308
 20
23071.69607150516
 10
-10318.35817295832
 20
23071.69607150514
 10
-10318.35817295832
 20
23059.90404999768
 10
-10287.69891703892
 20
23059.90404999768
 10
-10287.69891703892
 20
23083.4880930126
 10
-9459.899007215193
 20
23095.28011452007
 10
-9459.899007215193
 20
23071.69607150514
 10
-10287.69891703892
 20
23059.90404999768
1001
REVIT
1002
{
1070
     1
1000
22996702
1002
}
1002
{
1070
     2
1000
-2000051
1002
}
1002
{
1070
     3
1000
22985857
1002
}
  0
LWPOLYLINE
  5
937
330
70
100
AcDbEntity
  8
A-POR-___-___-EXI
100
AcDbPolyline
 90
        4
 70
     0
 43
0.0
 10
-10299.49093854639
 20
23977.32332327817
 10
-10292.41572564191
 20
23885.34555551992
 10
-10287.69891703892
 20
23059.90404999768
 10
-10287.69891703892
 20
22967.92628223949
1001
REVIT
1002
{
1070
     1
1000
22996700
1002
}
1002
{
1070
     2
1000
-2000051
1002
}
1002
{
1070
     3
1000
22985857
1002
}
  0
LWPOLYLINE
  5
938
330
70
100
AcDbEntity
  8
A-POR-___-___-EXI
100
AcDbPolyline
 90
        3
 70
     0
 43
0.0
 10
-10396.18551490756
 20
23977.32332327812
 10
-10396.18551490756
 20
23873.55353401246
 10
-10389.11030200308
 20
23071.69607150514
1001
REVIT
1002
{
1070
     1
1000
22996698
1002
}
1002
{
1070
     2
1000
-2000051
1002
}
1002
{
1070
     3
1000
22985857
1002
}
  0
LWPOLYLINE
  5
939
330
70
100
AcDbEntity
  8
A-POR-___-___-EXI
100
AcDbPolyline
 90
        6
 70
     0
 43
0.0
 10
-11881.9802248476
 20
24441.92897067206
 10
-11971.59958830429
 20
24446.64577927504
 10
-11971.5995883043
 20
24477.30503519444
 10
-11983.39160981176
 20
24477.30503519444
 10
-11983.39160981176
 20
24543.34035563622
 10
-11881.9802248476
 20
24543.34035563622
1001
REVIT
1002
{
1070
     1
1000
22996692
1002
}
1002
{
1070
     2
1000
-2000051
1002
}
1002
{
1070
     3
1000
22985857
1002
}
  0
LWPOLYLINE
  5
93A
330
70
100
AcDbEntity
  8
A-POR-___-___-EXI
100
AcDbPolyline
 90
        3
 70
     0
 43
0.0
 10
-10318.35817295832
 20
23071.69607150514
 10
-10323.07498156131
 20
23873.55353401246
 10
-10396.18551490756
 20
23873.55353401246
1001
REVIT
1002
{
1070
     1
1000
22996682
1002
}
1002
{
1070
     2
1000
-2000051
1002
}
1002
{
1070
     3
1000
22985857
1002
}
  0
LWPOLYLINE
  5
93B
330
70
100
AcDbEntity
  8
A-POR-___-___-EXI
100
AcDbPolyline
 90
        3
 70
     0
 43
0.0
 10
-10292.41572564191
 20
23885.34555551992
 10
-10323.07498156131
 20
23885.34555551992
 10
-10323.07498156131
 20
23873.55353400713
1001
REVIT
1002
{
1070
     1
1000
22996681
1002
}
1002
{
1070
     2
1000
-2000051
1002
}
1002
{
1070
     3
1000
22985857
1002
}
  0
LWPOLYLINE
  5
93C
330
70
100
AcDbEntity
  8
A-POR-___-___-EXI
100
AcDbPolyline
 90
        4
 70
     1
 43
0.0
 10
-10264.11487402397
 20
13350.35354075464
 10
-10207.51317078816
 20
12595.66416427718
 10
-10141.47785034638
 20
12602.73937718165
 10
-10191.00434067772
 20
13357.42875365912
1001
REVIT
1002
{
1070
     1
1000
22996664
1002
}
1002
{
1070
     2
1000
-2000051
1002
}
1002
{
1070
     3
1000
22985857
1002
}
  0
LWPOLYLINE
  5
93D
330
70
100
AcDbEntity
  8
A-POR-___-___-EXI
100
AcDbPolyline
 90
        7
 70
     0
 43
0.0
 10
-10167.42029766279
 20
13458.84013862328
 10
-10160.34508475832
 20
13369.22077516659
 10
-10160.34508475832
 20
13345.63673215166
 10
-9386.788473868907
 20
13392.80481818151
 10
-9386.788473868907
 20
13423.4640741009
 10
-10160.34508475832
 20
13369.22077516659
 10
-10106.10178582399
 20
12560.28809975479
1001
REVIT
1002
{
1070
     1
1000
22996662
1002
}
1002
{
1070
     2
1000
-2000051
1002
}
1002
{
1070
     3
1000
22985857
1002
}
  0
LWPOLYLINE
  5
93E
330
70
100
AcDbEntity
  8
A-POR-___-___-EXI
100
AcDbPolyline
 90
        6
 70
     0
 43
0.0
 10
-10141.47785034638
 20
12602.73937718165
 10
-10136.76104174339
 20
12595.66416427717
 10
-10106.10178582399
 20
12595.66416427717
 10
-10099.02657291952
 20
12506.04480082047
 10
-10202.79636218517
 20
12498.96958791599
 10
-10207.51317078816
 20
12595.66416427717
1001
REVIT
1002
{
1070
     1
1000
22996640
1002
}
1002
{
1070
     2
1000
-2000051
1002
}
1002
{
1070
     3
1000
22985857
1002
}
  0
LWPOLYLINE
  5
93F
330
70
100
AcDbEntity
  8
A-POR-___-___-EXI
100
AcDbPolyline
 90
        4
 70
     1
 43
0.0
 10
-14393.68080593666
 20
13048.47779016364
 10
-14367.73835862025
 20
13048.47779016364
 10
-14379.53038012771
 20
13826.75120965604
 10
-14410.18963604711
 20
13826.75120965604
1001
REVIT
1002
{
1070
     1
1000
22996624
1002
}
1002
{
1070
     2
1000
-2000051
1002
}
1002
{
1070
     3
1000
22985857
1002
}
  0
LWPOLYLINE
  5
940
330
70
100
AcDbEntity
  8
A-POR-___-___-EXI
100
AcDbPolyline
 90
        4
 70
     1
 43
0.0
 10
-13643.70823806217
 20
13942.31302042916
 10
-14398.39761453961
 20
13930.52099892169
 10
-14398.39761453965
 20
13857.41046557544
 10
-13643.70823806217
 20
13869.2024870829
1001
REVIT
1002
{
1070
     1
1000
22996620
1002
}
1002
{
1070
     2
1000
-2000051
1002
}
1002
{
1070
     3
1000
22985857
1002
}
  0
LWPOLYLINE
  5
941
330
70
100
AcDbEntity
  8
A-POR-___-___-EXI
100
AcDbPolyline
 90
        3
 70
     0
 43
0.0
 10
-13542.29685309801
 20
13840.90163546499
 10
-13631.91621655471
 20
13840.90163546499
 10
-14440.848891966
 20
13826.75120965605
1001
REVIT
1002
{
1070
     1
1000
22996618
1002
}
1002
{
1070
     2
1000
-2000051
1002
}
1002
{
1070
     3
1000
22985857
1002
}
  0
LWPOLYLINE
  5
942
330
70
100
AcDbEntity
  8
A-POR-___-___-EXI
100
AcDbPolyline
 90
        4
 70
     0
 43
0.0
 10
-11983.39160981176
 20
24543.34035563622
 10
-12738.08098628932
 20
24557.49078144516
 10
-12738.08098628924
 20
24484.38024809891
 10
-11983.39160981176
 20
24477.30503519444
1001
REVIT
1002
{
1070
     1
1000
22996600
1002
}
1002
{
1070
     2
1000
-2000051
1002
}
1002
{
1070
     3
1000
22985857
1002
}
  0
LWPOLYLINE
  5
943
330
70
100
AcDbEntity
  8
A-POR-___-___-EXI
100
AcDbPolyline
 90
        6
 70
     0
 43
0.0
 10
-11971.59958830429
 20
24446.64577927504
 10
-12002.25884422369
 20
24446.64577927504
 10
-12006.97565282667
 20
23668.37235978264
 10
-11983.39160981175
 20
23668.37235978264
 10
-11971.59958830429
 20
24446.64577927504
 10
-12780.53226371714
 20
24453.72099217952
1001
REVIT
1002
{
1070
     1
1000
22996598
1002
}
1002
{
1070
     2
1000
-2000051
1002
}
1002
{
1070
     3
1000
22985857
1002
}
  0
LWPOLYLINE
  5
944
330
70
100
AcDbEntity
  8
A-POR-___-___-EXI
100
AcDbPolyline
 90
        4
 70
     0
 43
0.0
 10
-12738.08098628924
 20
24484.38024809891
 10
-12749.87300779669
 20
24484.38024809891
 10
-12749.87300779669
 20
24453.72099217951
 10
-12841.85077555401
 20
24453.72099217951
1001
REVIT
1002
{
1070
     1
1000
22996587
1002
}
1002
{
1070
     2
1000
-2000051
1002
}
1002
{
1070
     3
1000
22985857
1002
}
  0
LWPOLYLINE
  5
945
330
70
100
AcDbEntity
  8
A-JAN-___-___-EXI
100
AcDbPolyline
 90
        4
 70
     0
 43
0.0
 10
-16313.42190735128
 20
24503.24748251083
 10
-16306.3466944468
 20
24805.12323310183
 10
-15160.16220392164
 20
24786.25599868989
 10
-15129.50294800224
 20
24786.25599868989
1001
REVIT
1002
{
1070
     1
1000
22996571
1002
}
1002
{
1070
     2
1000
-2000051
1002
}
1002
{
1070
     3
1000
22985857
1002
}
  0
LWPOLYLINE
  5
946
330
70
100
AcDbEntity
  8
A-JAN-___-___-EXI
100
AcDbPolyline
 90
        4
 70
     0
 43
0.0
 10
-9091.987936182443
 20
29059.68459299363
 10
-9091.987936182443
 20
29380.42757799655
 10
-7943.445041355784
 20
29373.35236509208
 10
-7908.068976838113
 20
29373.35236509208
1001
REVIT
1002
{
1070
     1
1000
22996570
1002
}
1002
{
1070
     2
1000
-2000051
1002
}
1002
{
1070
     3
1000
22985857
1002
}
  0
LWPOLYLINE
  5
947
330
70
100
AcDbEntity
  8
A-JAN-___-___-EXI
100
AcDbPolyline
 90
        4
 70
     0
 43
0.0
 10
-18171.84449692707
 20
24526.83152552575
 10
-18167.12768832408
 20
24828.70727611674
 10
-17018.58479349742
 20
24809.84004170481
 10
-16987.92553758012
 20
24809.84004170481
1001
REVIT
1002
{
1070
     1
1000
22996569
1002
}
1002
{
1070
     2
1000
-2000051
1002
}
1002
{
1070
     3
1000
22985857
1002
}
  0
LWPOLYLINE
  5
948
330
70
100
AcDbEntity
  8
A-JAN-___-___-EXI
100
AcDbPolyline
 90
        4
 70
     0
 43
0.0
 10
-16987.92553757802
 20
24507.96429111381
 10
-17018.58479349742
 20
24507.96429111381
 10
-18171.84449692707
 20
24526.83152552575
 10
-18202.50375284646
 20
24526.83152552575
1001
REVIT
1002
{
1070
     1
1000
22996563
1002
}
1002
{
1070
     2
1000
-2000051
1002
}
1002
{
1070
     3
1000
22985857
1002
}
  0
LWPOLYLINE
  5
949
330
70
100
AcDbEntity
  8
A-JAN-___-___-EXI
100
AcDbPolyline
 90
        4
 70
     0
 43
0.0
 10
-15129.50294800224
 20
24484.38024809891
 10
-15160.16220392164
 20
24484.38024809891
 10
-16313.42190735128
 20
24503.24748251083
 10
-16341.72275896919
 20
24503.24748251083
1001
REVIT
1002
{
1070
     1
1000
22996544
1002
}
1002
{
1070
     2
1000
-2000051
1002
}
1002
{
1070
     3
1000
22985857
1002
}
  0
LWPOLYLINE
  5
94A
330
70
100
AcDbEntity
  8
A-JAN-___-___-EXI
100
AcDbPolyline
 90
        4
 70
     0
 43
0.0
 10
-9122.64719210184
 20
29059.68459299363
 10
-9091.987936182443
 20
29059.68459299363
 10
-7943.445041355783
 20
29059.68459299363
 10
-7943.445041355784
 20
29373.35236509208
1001
REVIT
1002
{
1070
     1
1000
22996528
1002
}
1002
{
1070
     2
1000
-2000051
1002
}
1002
{
1070
     3
1000
22985857
1002
}
  0
LWPOLYLINE
  5
94B
330
70
100
AcDbEntity
  8
A-POR-___-___-EXI
100
AcDbPolyline
 90
        3
 70
     0
 43
0.0
 10
-6658.114697042567
 20
24472.5882265912
 10
-6658.114697042567
 20
24441.92897067207
 10
-6356.238946451576
 20
24446.64577927506
1001
REVIT
1002
{
1070
     1
1000
22996515
1002
}
1002
{
1070
     2
1000
-2000051
1002
}
1002
{
1070
     3
1000
22985857
1002
}
  0
LWPOLYLINE
  5
94C
330
70
100
AcDbEntity
  8
A-POR-___-___-EXI
100
AcDbPolyline
 90
        5
 70
     0
 43
0.0
 10
-9158.023256624211
 20
25932.44048921508
 10
-9247.642620080911
 20
25932.44048921508
 10
-9247.642620080911
 20
25901.78123329568
 10
-9254.71783298539
 20
25901.78123329568
 10
-9254.71783298539
 20
25831.02910425092
1001
REVIT
1002
{
1070
     1
1000
22996509
1002
}
1002
{
1070
     2
1000
-2000051
1002
}
1002
{
1070
     3
1000
22985857
1002
}
  0
LWPOLYLINE
  5
94D
330
70
100
AcDbEntity
  8
A-POR-___-___-EXI
100
AcDbPolyline
 90
        4
 70
     0
 43
0.0
 10
-18431.26897009115
 20
10470.74188863275
 10
-18400.60971417175
 20
10470.74188863275
 10
-17660.07076350323
 20
10489.60912304469
 10
-17629.41150758384
 20
10489.60912304469
1001
REVIT
1002
{
1070
     1
1000
22996500
1002
}
1002
{
1070
     2
1000
-2000051
1002
}
1002
{
1070
     3
1000
22985857
1002
}
  0
LWPOLYLINE
  5
94E
330
70
100
AcDbEntity
  8
A-POR-___-___-EXI
100
AcDbPolyline
 90
        3
 70
     0
 43
0.0
 10
-18400.60971417175
 20
10409.42337679395
 10
-18400.60971417175
 20
10319.80401333726
 10
-17652.99555059876
 20
10343.38805635218
1001
REVIT
1002
{
1070
     1
1000
22996497
1002
}
1002
{
1070
     2
1000
-2000051
1002
}
1002
{
1070
     3
1000
22985857
1002
}
  0
LWPOLYLINE
  5
94F
330
70
100
AcDbEntity
  8
A-POR-___-___-EXI
100
AcDbPolyline
 90
        4
 70
     0
 43
0.0
 10
-17617.61948607637
 20
10164.14932943877
 10
-17645.92033769428
 20
10164.14932943877
 10
-18395.89290556877
 20
10138.20688212236
 10
-18400.60971417175
 20
10470.74188863275
1001
REVIT
1002
{
1070
     1
1000
22996491
1002
}
1002
{
1070
     2
1000
-2000051
1002
}
1002
{
1070
     3
1000
22985857
1002
}
  0
LWPOLYLINE
  5
950
330
70
100
AcDbEntity
  8
A-CER-___-___-EXI
100
AcDbPolyline
 90
        5
 70
     1
 43
0.0
 10
-12037.63490874609
 20
29392.219599504
 10
-12037.63490874609
 20
29295.52502314283
 10
-12037.63490874609
 20
29399.29481240848
 10
-10655.60998807171
 20
29392.21959950401
 10
-10655.60998807171
 20
29295.52502314283
1001
REVIT
1002
{
1070
     1
1000
22996216
1002
}
1002
{
1070
     2
1000
-2000051
1002
}
1002
{
1070
     3
1000
22985857
1002
}
  0
LWPOLYLINE
  5
951
330
70
100
AcDbEntity
  8
A-MOB-___-___-EXI
100
AcDbPolyline
 90
        4
 70
     0
 43
0.0
 10
-6809.052572338036
 20
16852.58392847045
 10
-6809.052572338036
 20
16850.22552416896
 10
-6870.371084176831
 20
16864.37594997791
 10
-6948.198426126072
 20
16864.37594997791
1001
REVIT
1002
{
1070
     1
1000
22996213
1002
}
1002
{
1070
     2
1000
-2000051
1002
}
1002
{
1070
     3
1000
22985857
1002
}
  0
LWPOLYLINE
  5
952
330
70
100
AcDbEntity
  8
A-MOB-___-___-EXI
100
AcDbPolyline
 90
        4
 70
     0
 43
0.0
 10
-6870.371084176831
 20
16864.37594997791
 10
-6870.371084176831
 20
16913.90244030924
 10
-6870.371084176831
 20
16961.07052633909
 10
-6948.198426126072
 20
16961.07052633909
1001
REVIT
1002
{
1070
     1
1000
22996211
1002
}
1002
{
1070
     2
1000
-2000051
1002
}
1002
{
1070
     3
1000
22985857
1002
}
  0
LWPOLYLINE
  5
953
330
70
100
AcDbEntity
  8
A-MOB-___-___-EXI
100
AcDbPolyline
 90
        3
 70
     0
 43
0.0
 10
-6870.371084176831
 20
16961.07052633909
 10
-6809.052572338038
 20
16968.14573924356
 10
-6809.052572338038
 20
16972.86254784654
1001
REVIT
1002
{
1070
     1
1000
22996208
1002
}
1002
{
1070
     2
1000
-2000051
1002
}
1002
{
1070
     3
1000
22985857
1002
}
  0
LWPOLYLINE
  5
954
330
70
100
AcDbEntity
  8
A-MOB-___-___-EXI
100
AcDbPolyline
 90
       33
 70
     0
 43
0.0
 10
-9370.279643758474
 20
16956.35371773609
 10
-9363.204430853997
 20
16913.90244030924
 10
-9351.412409346535
 20
16876.16797148536
 10
-9332.545174934598
 20
16840.79190696298
 10
-9308.961131919678
 20
16817.20786394806
 10
-9285.377088904755
 20
16791.26541663164
 10
-9254.71783298536
 20
16774.7565865212
 10
-9231.133789970439
 20
16767.68137361672
 10
-9200.474534051039
 20
16767.68137361672
 10
-9169.815278131641
 20
16774.7565865212
 10
-9146.231235116724
 20
16786.54860802866
 10
-9115.571979197325
 20
16805.4158424406
 10
-9091.9879361824
 20
16833.7166940585
 10
-9073.120701770466
 20
16864.3759499779
 10
-9061.328680263002
 20
16899.75201450029
 10
-9049.536658755545
 20
16942.20329192714
 10
-9049.536658755545
 20
16984.654569354
 10
-9049.536658755545
 20
17027.10584678085
 10
-9061.328680263008
 20
17064.84031560473
 10
-9073.120701770466
 20
17107.29159303159
 10
-9091.987936182404
 20
17135.59244464949
 10
-9115.571979197326
 20
17161.53489196591
 10
-9146.231235116722
 20
17178.04372207635
 10
-9169.815278131643
 20
17196.91095648829
 10
-9200.474534051039
 20
17201.62776509128
 10
-9231.133789970439
 20
17196.91095648829
 10
-9254.717832985361
 20
17189.83574358381
 10
-9285.377088904755
 20
17173.32691347337
 10
-9308.961131919678
 20
17154.45967906143
 10
-9332.545174934596
 20
17123.80042314204
 10
-9351.412409346535
 20
17093.14116722263
 10
-9363.204430853997
 20
17050.68988979578
 10
-9370.279643758474
 20
17010.59701667041
1001
REVIT
1002
{
1070
     1
1000
22996205
1002
}
1002
{
1070
     2
1000
-2000051
1002
}
1002
{
1070
     3
1000
22985857
1002
}
  0
LWPOLYLINE
  5
955
330
70
100
AcDbEntity
  8
A-ALV-___-___-EXI
100
AcDbPolyline
 90
        3
 70
     0
 43
0.0
 10
-9469.926182550704
 20
15580.81045183662
 10
-9466.974220119643
 20
15583.76241426768
 10
-9466.974220119643
 20
15536.59432823784
1001
REVIT
1002
{
1070
     1
1000
22996166
1002
}
1002
{
1070
     2
1000
-2000051
1002
}
1002
{
1070
     3
1000
22985857
1002
}
  0
LWPOLYLINE
  5
956
330
70
100
AcDbEntity
  8
A-MOB-___-___-EXI
100
AcDbPolyline
 90
        4
 70
     0
 43
0.0
 10
-13497.80804270319
 20
18003.00392059827
 10
-14054.07058652182
 20
17998.76841899559
 10
-14054.07058652181
 20
17491.71149417479
 10
-13448.202568659
 20
17491.71149417479
1001
REVIT
1002
{
1070
     1
1000
22994541
1002
}
1002
{
1070
     2
1000
-2000051
1002
}
1002
{
1070
     3
1000
22985857
1002
}
  0
LWPOLYLINE
  5
957
330
70
100
AcDbEntity
  8
A-MOB-___-___-EXI
100
AcDbPolyline
 90
        3
 70
     0
 43
0.0
 10
-13806.43813486514
 20
17998.76841899559
 10
-13806.43813486514
 20
17836.03852219264
 10
-13806.43813486514
 20
17831.32171358965
1001
REVIT
1002
{
1070
     1
1000
22994537
1002
}
1002
{
1070
     2
1000
-2000051
1002
}
1002
{
1070
     3
1000
22985857
1002
}
  0
LWPOLYLINE
  5
958
330
70
100
AcDbEntity
  8
A-MOB-___-___-EXI
100
AcDbPolyline
 90
        3
 70
     0
 43
0.0
 10
-13447.91384628076
 20
17548.01235793176
 10
-13565.88089611294
 20
17545.95479310911
 10
-13565.88089611294
 20
17751.13596733892
1001
REVIT
1002
{
1070
     1
1000
22994526
1002
}
1002
{
1070
     2
1000
-2000051
1002
}
1002
{
1070
     3
1000
22985857
1002
}
  0
LWPOLYLINE
  5
959
330
70
100
AcDbEntity
  8
A-PIS-___-___-EXI
100
AcDbPolyline
 90
        4
 70
     0
 43
0.0
 10
-19193.03355947315
 20
24840.4992976242
 10
-19193.03355947317
 20
30038.42237811282
 10
-6471.800757224707
 20
29960.59503616362
 10
-6471.800757224705
 20
29361.56034358462
1001
REVIT
1002
{
1070
     1
1000
22999089
1002
}
1002
{
1070
     2
1000
-2000051
1002
}
1002
{
1070
     3
1000
22985857
1002
}
  0
LWPOLYLINE
  5
95A
330
70
100
AcDbEntity
  8
A-POR-___-___-EXI
100
AcDbPolyline
 90
        4
 70
     1
 43
0.0
 10
-14669.61410921123
 20
11407.02839632513
 10
-14646.03006619631
 20
11407.02839632513
 10
-14627.16283178437
 20
10579.22848650139
 10
-14653.10527910079
 20
10579.22848650139
1001
REVIT
1002
{
1070
     1
1000
22996901
1002
}
1002
{
1070
     2
1000
-2000051
1002
}
1002
{
1070
     3
1000
22985857
1002
}
  0
LWPOLYLINE
  5
95B
330
70
100
AcDbEntity
  8
A-POR-___-___-EXI
100
AcDbPolyline
 90
        3
 70
     0
 43
0.0
 10
-10191.00434067772
 20
13357.42875365912
 10
-10191.00434067772
 20
13369.22077516659
 10
-10160.34508475832
 20
13369.22077516659
1001
REVIT
1002
{
1070
     1
1000
22996633
1002
}
1002
{
1070
     2
1000
-2000051
1002
}
1002
{
1070
     3
1000
22985857
1002
}
  0
LWPOLYLINE
  5
95C
330
70
100
AcDbEntity
  8
A-POR-___-___-EXI
100
AcDbPolyline
 90
        4
 70
     0
 43
0.0
 10
-14398.39761453965
 20
13857.41046557544
 10
-14410.18963604711
 20
13857.41046557544
 10
-14410.18963604711
 20
13826.75120965604
 10
-14502.1674038053
 20
13826.75120965604
1001
REVIT
1002
{
1070
     1
1000
22996617
1002
}
1002
{
1070
     2
1000
-2000051
1002
}
1002
{
1070
     3
1000
22985857
1002
}
  0
LWPOLYLINE
  5
95D
330
70
100
AcDbEntity
  8
A-POR-___-___-EXI
100
AcDbPolyline
 90
        3
 70
     0
 43
0.0
 10
-13643.70823806217
 20
13869.2024870829
 10
-13631.91621655471
 20
13869.2024870829
 10
-13631.91621655471
 20
13840.90163546499
1001
REVIT
1002
{
1070
     1
1000
22996610
1002
}
1002
{
1070
     2
1000
-2000051
1002
}
1002
{
1070
     3
1000
22985857
1002
}
  0
LWPOLYLINE
  5
95E
330
70
100
AcDbEntity
  8
A-CER-___-___-EXI
100
AcDbPolyline
 90
        7
 70
     0
 43
0.0
 10
-10655.60998807171
 20
29392.21959950401
 10
-12037.63490874609
 20
29399.29481240848
 10
-12037.63490874609
 20
29392.21959950401
 10
-12037.63490874609
 20
29295.52502314283
 10
-10655.60998807171
 20
29295.52502314283
 10
-10655.60998807171
 20
29392.21959950401
 10
-12037.63490874609
 20
29392.21959950401
1001
REVIT
1002
{
1070
     1
1000
22999557
1002
}
1002
{
1070
     5
1000
22999545
1002
}
1002
{
1070
     2
1000
-2000051
1002
}
1002
{
1070
     3
1000
-2000042
1002
}
  0
LWPOLYLINE
  5
95F
330
70
100
AcDbEntity
  8
A-CER-___-___-EXI
100
AcDbPolyline
 90
       10
 70
     0
 43
0.0
 10
-10655.60998807171
 20
29290.80821453985
 10
-12037.63490874609
 20
29295.52502314283
 10
-10655.60998807171
 20
29290.80821453985
 10
-10655.60998807171
 20
29295.52502314283
 10
-12037.63490874608
 20
29392.219599504
 10
-10655.60998807775
 20
29392.21959950401
 10
-12037.63490874608
 20
29392.219599504
 10
-10655.60998807173
 20
29295.52502314283
 10
-12037.63490872492
 20
29295.52502314283
 10
-10655.60998807171
 20
29295.52502314283
1001
REVIT
1002
{
1070
     1
1000
22999105
1002
}
1002
{
1070
     2
1000
-2000051
1002
}
1002
{
1070
     3
1000
22985857
1002
}
  0
VIEWPORT
  5
89A
330
6C
100
AcDbEntity
 67
     1
  8
A-ALV-___-___-EXI
100
AcDbViewport
 10
170.055442215345
 20
208.1078496280688
 30
0.0
 40
142.919300670422
 41
202.9878582294262
 68
     2
 69
     2
 12
-12964.48779923243
 22
19889.02946664151
 13
0.0
 23
0.0
 14
0.0
 24
0.0
 15
0.0
 25
0.0
 16
0.0
 26
0.0
 36
1.0
 17
0.0
 27
0.0
 37
0.0
 42
0.0
 43
0.0
 44
0.0
 45
20298.78582294262
 50
0.0
 51
0.0
 72
  1000
 90
    32768
  1

281
     0
 71
     1
 74
     1
110
0.0
120
0.0
130
0.0
111
1.0
121
0.0
131
0.0
112
0.0
122
1.0
132
0.0
 79
     0
146
0.0
170
     0
 61
     5
292
     1
282
     1
141
0.0
142
0.0
 63
   250
421
  3355443
  0
VIEWPORT
  5
89C
330
6C
100
AcDbEntity
 67
     1
  8
0
100
AcDbViewport
 10
13.68724279835391
 20
4.5
 30
0.0
 40
31.39004313198362
 41
12.40120801594106
 68
     1
 69
     1
 12
13.68724279835391
 22
4.5
 13
0.0
 23
0.0
 14
0.0
 24
0.0
 15
0.0
 25
0.0
 16
0.0
 26
0.0
 36
1.0
 17
0.0
 27
0.0
 37
0.0
 42
50.0
 43
0.0
 44
0.0
 45
12.40120801594106
 50
0.0
 51
0.0
 72
   100
 90
    32800
  1

281
     0
 71
     1
 74
     1
110
0.0
120
0.0
130
0.0
111
1.0
121
0.0
131
0.0
112
0.0
122
1.0
132
0.0
 79
     0
146
0.0
170
     0
 61
     5
348
2F
292
     1
282
     1
141
0.0
142
0.0
 63
   250
421
  3355443
  0
INSERT
  5
8A8
330
6C
100
AcDbEntity
 67
     1
  8
A-POR-___-___-EXI
100
AcDbBlockReference
  2
SVG - A4-23005949-Não nomeada
 10
0.0
 20
0.0
 30
0.0
1001
REVIT
1002
{
1070
     1
1000
23005976
1002
}
1002
{
1070
     5
1000
23005949
1002
}
1002
{
1070
     2
1000
-2000280
1002
}
  0
ENDSEC
  0
SECTION
  2
OBJECTS
  0
DICTIONARY
  5
C
330
0
100
AcDbDictionary
281
     1
  3
ACAD_CIP_PREVIOUS_PRODUCT_INFO
350
79
  3
ACAD_COLOR
350
63
  3
ACAD_DETAILVIEWSTYLE
350
6A
  3
ACAD_GROUP
350
D
  3
ACAD_IMAGE_VARS
350
7A
  3
ACAD_LAYOUT
350
62
  3
ACAD_MATERIAL
350
10
  3
ACAD_MLEADERSTYLE
350
66
  3
ACAD_MLINESTYLE
350
5F
  3
ACAD_PLOTSETTINGS
350
61
  3
ACAD_PLOTSTYLENAME
350
E
  3
ACAD_RENDER_ACTIVE_RAPIDRT_SETTINGS
350
8C8
  3
ACAD_RENDER_RAPIDRT_SETTINGS
350
8C1
  3
ACAD_SCALELIST
350
42
  3
ACAD_SECTIONVIEWSTYLE
350
68
  3
ACAD_TABLESTYLE
350
64
  3
ACAD_VISUALSTYLE
350
29
  3
ACDB_RECOMPOSE_DATA
350
983
  3
AcDbVariableDictionary
350
8B1
  3
REVIT_DICTIONARY
350
8A9
  0
SUN
  5
8B0
330
57
100
AcDbSun
 90
        1
290
     1
 63
     7
421
 16777215
 40
0.3
291
     1
 91
  2460364
 92
 55039000
292
     0
 70
     1
 71
   128
280
     1
  0
DICTIONARY
  5
8CD
330
2
100
AcDbDictionary
280
     1
281
     1
  3
ACAD_LAYERSTATES
360
8CE
  0
DICTIONARY
  5
8AE
330
70
100
AcDbDictionary
280
     1
281
     1
  3
ACAD_SORTENTS
360
8AF
  0
XRECORD
  5
79
102
{ACAD_REACTORS
330
C
102
}
330
C
100
AcDbXrecord
280
     1
300
ACD
300
2022
300

  0
DICTIONARY
  5
63
102
{ACAD_REACTORS
330
C
102
}
330
C
100
AcDbDictionary
281
     1
  0
DICTIONARY
  5
6A
102
{ACAD_REACTORS
330
C
102
}
330
C
100
AcDbDictionary
281
     1
  3
Imperial24
350
6B
  3
Metric50
350
8B9
  0
DICTIONARY
  5
D
102
{ACAD_REACTORS
330
C
102
}
330
C
100
AcDbDictionary
281
     1
  0
RASTERVARIABLES
  5
7A
102
{ACAD_REACTORS
330
C
102
}
330
C
100
AcDbRasterVariables
 90
        0
 70
     0
 71
     1
 72
     1
  0
DICTIONARY
  5
62
102
{ACAD_REACTORS
330
C
102
}
330
C
100
AcDbDictionary
281
     1
  3
Layout1
350
6F
  3
Model
350
73
  0
DICTIONARY
  5
10
102
{ACAD_REACTORS
330
C
102
}
330
C
100
AcDbDictionary
281
     1
  3
ByBlock
350
19
  3
ByLayer
350
11
  3
Global
350
21
  0
DICTIONARY
  5
66
102
{ACAD_REACTORS
330
C
102
}
330
C
100
AcDbDictionary
281
     1
  3
Standard
350
67
  0
DICTIONARY
  5
5F
102
{ACAD_REACTORS
330
C
102
}
330
C
100
AcDbDictionary
281
     1
  3
Standard
350
60
  0
DICTIONARY
  5
61
102
{ACAD_REACTORS
330
C
102
}
330
C
100
AcDbDictionary
281
     1
  0
ACDBDICTIONARYWDFLT
  5
E
102
{ACAD_REACTORS
330
C
102
}
330
C
100
AcDbDictionary
281
     1
  3
Normal
350
F
100
AcDbDictionaryWithDefault
340
F
  0
RAPIDRTRENDERSETTINGS
  5
8C8
102
{ACAD_REACTORS
330
C
102
}
330
C
100
AcDbRenderSettings
 90
        2
  1
Médio
290
     1
290
     0
290
     1
290
     1
  1

  1
Aplica 5 níveis de renderização
 90
        0
100
AcDbRapidRTRenderSettings
 90
        3
 70
     0
 90
        5
 90
        1
 70
     1
 70
     2
 40
3.0
 40
3.0
290
     1
  0
DICTIONARY
  5
8C1
102
{ACAD_REACTORS
330
C
102
}
330
C
100
AcDbDictionary
281
     1
  3
Alto
350
8C4
  3
Baixo
350
8C2
  3
Médio
350
8C3
  3
Qualidade de curta duração
350
8C5
  3
Qualidade de longa duração
350
8C7
  3
Qualidade de média duração
350
8C6
  0
DICTIONARY
  5
42
102
{ACAD_REACTORS
330
C
102
}
330
C
100
AcDbDictionary
281
     1
  3
A0
350
43
  3
A1
350
44
  3
A2
350
45
  3
A3
350
46
  3
A4
350
47
  3
A5
350
48
  3
A6
350
49
  3
A7
350
4A
  3
A8
350
4B
  3
A9
350
4C
  3
B0
350
4D
  3
B1
350
4E
  3
B2
350
4F
  3
B3
350
50
  3
B4
350
51
  3
B5
350
52
  3
B6
350
53
  0
DICTIONARY
  5
68
102
{ACAD_REACTORS
330
C
102
}
330
C
100
AcDbDictionary
281
     1
  3
Imperial24
350
69
  3
Metric50
350
8B8
  0
DICTIONARY
  5
64
102
{ACAD_REACTORS
330
C
102
}
330
C
100
AcDbDictionary
281
     1
  3
Standard
350
65
  0
DICTIONARY
  5
29
102
{ACAD_REACTORS
330
C
102
}
330
C
100
AcDbDictionary
281
     1
  3
2dWireframe
350
2F
  3
Basic
350
2E
  3
Brighten
350
35
  3
ColorChange
350
39
  3
Conceptual
350
32
  3
Dim
350
34
  3
EdgeColorOff
350
41
  3
Facepattern
350
38
  3
Flat
350
2A
  3
FlatWithEdges
350
2B
  3
Gouraud
350
2C
  3
GouraudWithEdges
350
2D
  3
Hidden
350
31
  3
JitterOff
350
3F
  3
Linepattern
350
37
  3
OverhangOff
350
40
  3
Realistic
350
33
  3
Shaded
350
3E
  3
Shaded with edges
350
3D
  3
Shades of Gray
350
3A
  3
Sketchy
350
3B
  3
Thicken
350
36
  3
Wireframe
350
30
  3
X-Ray
350
3C
  0
XRECORD
  5
983
102
{ACAD_REACTORS
330
C
102
}
330
C
100
AcDbXrecord
280
     1
 90
        1
330
65
  0
DICTIONARY
  5
8B1
102
{ACAD_REACTORS
330
C
102
}
330
C
100
AcDbDictionary
281
     1
  3
CANNOSCALE
350
8B6
  3
CMLEADERSTYLE
350
8B3
  3
CTABLESTYLE
350
8B2
  3
CVIEWDETAILSTYLE
350
8B4
  3
CVIEWSECTIONSTYLE
350
8B5
  0
DICTIONARY
  5
8A9
102
{ACAD_REACTORS
330
C
102
}
330
C
100
AcDbDictionary
281
     1
  3
DRAWING_TOOL
350
8AD
  3
REVIT_CATEGORY_MAPPING
350
8AB
  3
REVIT_SUB_CATEGORY_MAPPING
350
8AC
  3
REVIT_TYPE_MAPPING
350
8AA
  0
DICTIONARY
  5
8CE
102
{ACAD_REACTORS
330
8CD
102
}
330
8CD
100
AcDbDictionary
281
     1
  0
SORTENTSTABLE
  5
8AF
102
{ACAD_REACTORS
330
8AE
102
}
330
8AE
100
AcDbSortentsTable
330
70
  0
ACDBDETAILVIEWSTYLE
  5
6B
102
{ACAD_REACTORS
330
6A
102
}
330
6A
100
AcDbModelDocViewStyle
 70
     0
  3
Imperial24
290
     1
300
Imperial24
 90
        0
100
AcDbDetailViewStyle
 70
     0
 71
     0
 90
        3
 71
     1
340
55
 62
   256
 40
0.24
340
0
 62
   256
 40
0.24
300

 40
0.36
280
     3
 71
     2
340
5D
 90
       25
 62
   256
 71
     3
340
55
 62
   256
 40
0.24
 90
        1
 40
0.75
 90
        1
300
%<\AcVar ViewType \f "%tc1">% %<\AcVar ViewDetailId>%\PSCALE %<\AcVar ViewScale \f "%sn">%
 71
     4
340
5D
 90
       25
 62
   256
340
5D
 90
       25
 62
   256
280
     0
  0
ACDBDETAILVIEWSTYLE
  5
8B9
102
{ACAD_REACTORS
330
6A
102
}
330
6A
100
AcDbModelDocViewStyle
 70
     0
  3
Metric50
290
     1
300
Metric50
 90
        0
100
AcDbDetailViewStyle
 70
     0
 71
     0
 90
        3
 71
     1
340
55
 62
   256
 40
5.0
340
0
 62
   256
 40
5.0
300

 40
0.0
280
     1
 71
     2
340
5D
 90
       25
 62
   256
 71
     3
340
55
 62
   256
 40
5.0
 90
        0
 40
15.0
 90
        1
300
%<\AcVar ViewDetailId>% (%<\AcVar ViewScale \f "%sn">%)
 71
     4
340
5D
 90
       25
 62
   256
340
5D
 90
       25
 62
   256
280
     0
  0
LAYOUT
  5
6F
102
{ACAD_REACTORS
330
62
102
}
330
62
100
AcDbPlotSettings
  1

  2
PDF24
  4
A4
  6

 40
0.0
 41
0.0
 42
0.1113433837890625
 43
0.0
 44
210.0
 45
297.0
 46
0.0
 47
0.0
 48
0.0
 49
0.0
140
0.0
141
0.0
142
1.0
143
1.415217033324818
 70
   688
 72
     1
 73
     1
 74
     1
  7

 75
     0
147
0.7066054014702363
 76
     0
 77
     2
 78
   300
148
-64.27901684485153
149
-59.47287840171589
100
AcDbLayout
  1
Layout1
 70
     0
 71
     1
 10
64.27901684485153
 20
59.47287840171589
 11
484.5984757423225
 21
356.6684553999278
 12
0.0
 22
0.0
 32
0.0
 14
64.27901684485153
 24
59.47287840171589
 34
-0.0015258207003583
 15
274.3012221009852
 25
356.5108803466415
 35
0.0000000349246037
146
0.0
 13
0.0
 23
0.0
 33
0.0
 16
1.0
 26
0.0
 36
0.0
 17
0.0
 27
1.0
 37
0.0
 76
     0
330
6C
331
89C
1001
ACAD_PSEXT
1000
PDF24
1000
PDF24
1000
\\.\pipe\PDFPrint
1000
PDF24 Printer
1070
     0
  0
LAYOUT
  5
73
102
{ACAD_REACTORS
330
62
102
}
330
62
100
AcDbPlotSettings
  1

  2

  4

  6

 40
0.0
 41
0.0
 42
0.0
 43
0.0
 44
0.0
 45
0.0
 46
0.0
 47
0.0
 48
0.0
 49
0.0
140
0.0
141
0.0
142
1.0
143
1.0
 70
  1712
 72
     0
 73
     0
 74
     0
  7

 75
     0
147
1.0
 76
     0
 77
     2
 78
   300
148
0.0
149
0.0
100
AcDbLayout
  1
Model
 70
     1
 71
     0
 10
0.0
 20
0.0
 11
12.0
 21
9.0
 12
0.0
 22
0.0
 32
0.0
 14
0.0
 24
0.0
 34
0.0
 15
0.0
 25
0.0
 35
0.0
146
0.0
 13
0.0
 23
0.0
 33
0.0
 16
1.0
 26
0.0
 36
0.0
 17
0.0
 27
1.0
 37
0.0
 76
     0
330
70
331
57
  0
MATERIAL
  5
19
102
{ACAD_XDICTIONARY
360
1A
102
}
102
{ACAD_REACTORS
330
10
102
}
330
10
100
AcDbMaterial
  1
ByBlock
 72
     0
 43
0.0208333333333333
 43
0.0
 43
0.0
 43
0.0
 43
0.0
 43
0.0208333333333333
 43
0.0
 43
0.0
 43
0.0
 43
0.0
 43
1.0
 43
0.0
 43
0.0
 43
0.0
 43
0.0
 43
1.0
 77
     0
 47
0.0208333333333333
 47
0.0
 47
0.0
 47
0.0
 47
0.0
 47
0.0208333333333333
 47
0.0
 47
0.0
 47
0.0
 47
0.0
 47
1.0
 47
0.0
 47
0.0
 47
0.0
 47
0.0
 47
1.0
171
     0
 49
0.0208333333333333
 49
0.0
 49
0.0
 49
0.0
 49
0.0
 49
0.0208333333333333
 49
0.0
 49
0.0
 49
0.0
 49
0.0
 49
1.0
 49
0.0
 49
0.0
 49
0.0
 49
0.0
 49
1.0
175
     0
142
0.0208333333333333
142
0.0
142
0.0
142
0.0
142
0.0
142
0.0208333333333333
142
0.0
142
0.0
142
0.0
142
0.0
142
1.0
142
0.0
142
0.0
142
0.0
142
0.0
142
1.0
179
     0
144
0.0208333333333333
144
0.0
144
0.0
144
0.0
144
0.0
144
0.0208333333333333
144
0.0
144
0.0
144
0.0
144
0.0
144
1.0
144
0.0
144
0.0
144
0.0
144
0.0
144
1.0
147
0.0208333333333333
147
0.0
147
0.0
147
0.0
147
0.0
147
0.0208333333333333
147
0.0
147
0.0
147
0.0
147
0.0
147
1.0
147
0.0
147
0.0
147
0.0
147
0.0
147
1.0
  0
MATERIAL
  5
11
102
{ACAD_XDICTIONARY
360
12
102
}
102
{ACAD_REACTORS
330
10
102
}
330
10
100
AcDbMaterial
  1
ByLayer
 72
     0
 43
0.0208333333333333
 43
0.0
 43
0.0
 43
0.0
 43
0.0
 43
0.0208333333333333
 43
0.0
 43
0.0
 43
0.0
 43
0.0
 43
1.0
 43
0.0
 43
0.0
 43
0.0
 43
0.0
 43
1.0
 77
     0
 47
0.0208333333333333
 47
0.0
 47
0.0
 47
0.0
 47
0.0
 47
0.0208333333333333
 47
0.0
 47
0.0
 47
0.0
 47
0.0
 47
1.0
 47
0.0
 47
0.0
 47
0.0
 47
0.0
 47
1.0
171
     0
 49
0.0208333333333333
 49
0.0
 49
0.0
 49
0.0
 49
0.0
 49
0.0208333333333333
 49
0.0
 49
0.0
 49
0.0
 49
0.0
 49
1.0
 49
0.0
 49
0.0
 49
0.0
 49
0.0
 49
1.0
175
     0
142
0.0208333333333333
142
0.0
142
0.0
142
0.0
142
0.0
142
0.0208333333333333
142
0.0
142
0.0
142
0.0
142
0.0
142
1.0
142
0.0
142
0.0
142
0.0
142
0.0
142
1.0
179
     0
144
0.0208333333333333
144
0.0
144
0.0
144
0.0
144
0.0
144
0.0208333333333333
144
0.0
144
0.0
144
0.0
144
0.0
144
1.0
144
0.0
144
0.0
144
0.0
144
0.0
144
1.0
147
0.0208333333333333
147
0.0
147
0.0
147
0.0
147
0.0
147
0.0208333333333333
147
0.0
147
0.0
147
0.0
147
0.0
147
1.0
147
0.0
147
0.0
147
0.0
147
0.0
147
1.0
  0
MATERIAL
  5
21
102
{ACAD_XDICTIONARY
360
22
102
}
102
{ACAD_REACTORS
330
10
102
}
330
10
100
AcDbMaterial
  1
Global
 72
     0
 43
0.0208333333333333
 43
0.0
 43
0.0
 43
0.0
 43
0.0
 43
0.0208333333333333
 43
0.0
 43
0.0
 43
0.0
 43
0.0
 43
1.0
 43
0.0
 43
0.0
 43
0.0
 43
0.0
 43
1.0
 77
     0
 47
0.0208333333333333
 47
0.0
 47
0.0
 47
0.0
 47
0.0
 47
0.0208333333333333
 47
0.0
 47
0.0
 47
0.0
 47
0.0
 47
1.0
 47
0.0
 47
0.0
 47
0.0
 47
0.0
 47
1.0
171
     0
 49
0.0208333333333333
 49
0.0
 49
0.0
 49
0.0
 49
0.0
 49
0.0208333333333333
 49
0.0
 49
0.0
 49
0.0
 49
0.0
 49
1.0
 49
0.0
 49
0.0
 49
0.0
 49
0.0
 49
1.0
175
     0
142
0.0208333333333333
142
0.0
142
0.0
142
0.0
142
0.0
142
0.0208333333333333
142
0.0
142
0.0
142
0.0
142
0.0
142
1.0
142
0.0
142
0.0
142
0.0
142
0.0
142
1.0
179
     0
144
0.0208333333333333
144
0.0
144
0.0
144
0.0
144
0.0
144
0.0208333333333333
144
0.0
144
0.0
144
0.0
144
0.0
144
1.0
144
0.0
144
0.0
144
0.0
144
0.0
144
1.0
147
0.0208333333333333
147
0.0
147
0.0
147
0.0
147
0.0
147
0.0208333333333333
147
0.0
147
0.0
147
0.0
147
0.0
147
1.0
147
0.0
147
0.0
147
0.0
147
0.0
147
1.0
  0
MLEADERSTYLE
  5
67
102
{ACAD_REACTORS
330
66
102
}
330
66
100
AcDbMLeaderStyle
179
     2
170
     2
171
     1
172
     0
 90
        2
 40
0.0
 41
0.0
173
     1
 91
-1056964608
340
5B
 92
       -2
290
     1
 42
0.09
291
     1
 43
0.36
  3
Standard
 44
0.18
300

342
55
174
     1
178
     6
175
     1
176
     0
 93
-1056964608
 45
0.18
292
     0
297
     0
 46
0.18
 94
-1056964608
 47
1.0
 49
1.0
140
1.0
293
     1
141
0.0
294
     1
177
     0
142
1.0
295
     1
296
     0
143
0.125
271
     0
272
     9
273
     9
298
     1
  0
MLINESTYLE
  5
60
102
{ACAD_REACTORS
330
5F
102
}
330
5F
100
AcDbMlineStyle
  2
STANDARD
 70
     0
  3

 62
   256
 51
90.0
 52
90.0
 71
     2
 49
0.5
 62
   256
  6
BYLAYER
 49
-0.5
 62
   256
  6
BYLAYER
  0
ACDBPLACEHOLDER
  5
F
102
{ACAD_REACTORS
330
E
102
}
330
E
  0
RAPIDRTRENDERSETTINGS
  5
8C4
102
{ACAD_REACTORS
330
8C1
102
}
330
8C1
100
AcDbRenderSettings
 90
        2
  1
Alto
290
     1
290
     0
290
     1
290
     1
  1

  1
Aplica 10 níveis de renderização
 90
        2
100
AcDbRapidRTRenderSettings
 90
        3
 70
     0
 90
       10
 90
        1
 70
     2
 70
     2
 40
3.0
 40
3.0
290
     1
  0
RAPIDRTRENDERSETTINGS
  5
8C2
102
{ACAD_REACTORS
330
8C1
102
}
330
8C1
100
AcDbRenderSettings
 90
        2
  1
Baixo
290
     1
290
     0
290
     1
290
     1
  1

  1
Aplica 1 nível de renderização
 90
        0
100
AcDbRapidRTRenderSettings
 90
        3
 70
     0
 90
        1
 90
        1
 70
     0
 70
     2
 40
3.0
 40
3.0
290
     1
  0
RAPIDRTRENDERSETTINGS
  5
8C3
102
{ACAD_REACTORS
330
8C1
102
}
330
8C1
100
AcDbRenderSettings
 90
        2
  1
Médio
290
     1
290
     0
290
     1
290
     1
  1

  1
Aplica 5 níveis de renderização
 90
        1
100
AcDbRapidRTRenderSettings
 90
        3
 70
     0
 90
        5
 90
        1
 70
     1
 70
     2
 40
3.0
 40
3.0
290
     1
  0
RAPIDRTRENDERSETTINGS
  5
8C5
102
{ACAD_REACTORS
330
8C1
102
}
330
8C1
100
AcDbRenderSettings
 90
        2
  1
Qualidade de curta duração
290
     1
290
     0
290
     1
290
     1
  1

  1
Renderiza por 10 minutos
 90
        3
100
AcDbRapidRTRenderSettings
 90
        3
 70
     1
 90
        1
 90
       10
 70
     1
 70
     2
 40
3.0
 40
3.0
290
     1
  0
RAPIDRTRENDERSETTINGS
  5
8C7
102
{ACAD_REACTORS
330
8C1
102
}
330
8C1
100
AcDbRenderSettings
 90
        2
  1
Qualidade de longa duração
290
     1
290
     0
290
     1
290
     1
  1

  1
Renderiza por 12 horas
 90
        5
100
AcDbRapidRTRenderSettings
 90
        3
 70
     1
 90
        1
 90
      720
 70
     2
 70
     2
 40
3.0
 40
3.0
290
     1
  0
RAPIDRTRENDERSETTINGS
  5
8C6
102
{ACAD_REACTORS
330
8C1
102
}
330
8C1
100
AcDbRenderSettings
 90
        2
  1
Qualidade de média duração
290
     1
290
     0
290
     1
290
     1
  1

  1
Renderiza por 60 minutos
 90
        4
100
AcDbRapidRTRenderSettings
 90
        3
 70
     1
 90
        1
 90
       60
 70
     2
 70
     2
 40
3.0
 40
3.0
290
     1
  0
SCALE
  5
43
102
{ACAD_REACTORS
330
42
102
}
330
42
100
AcDbScale
 70
     0
300
1:1
140
1.0
141
1.0
290
     1
  0
SCALE
  5
44
102
{ACAD_REACTORS
330
42
102
}
330
42
100
AcDbScale
 70
     0
300
1/128" = 1'-0"
140
0.0078125
141
12.0
290
     0
  0
SCALE
  5
45
102
{ACAD_REACTORS
330
42
102
}
330
42
100
AcDbScale
 70
     0
300
1/64" = 1'-0"
140
0.015625
141
12.0
290
     0
  0
SCALE
  5
46
102
{ACAD_REACTORS
330
42
102
}
330
42
100
AcDbScale
 70
     0
300
1/32" = 1'-0"
140
0.03125
141
12.0
290
     0
  0
SCALE
  5
47
102
{ACAD_REACTORS
330
42
102
}
330
42
100
AcDbScale
 70
     0
300
1/16" = 1'-0"
140
0.0625
141
12.0
290
     0
  0
SCALE
  5
48
102
{ACAD_REACTORS
330
42
102
}
330
42
100
AcDbScale
 70
     0
300
3/32" = 1'-0"
140
0.09375
141
12.0
290
     0
  0
SCALE
  5
49
102
{ACAD_REACTORS
330
42
102
}
330
42
100
AcDbScale
 70
     0
300
1/8" = 1'-0"
140
0.125
141
12.0
290
     0
  0
SCALE
  5
4A
102
{ACAD_REACTORS
330
42
102
}
330
42
100
AcDbScale
 70
     0
300
3/16" = 1'-0"
140
0.1875
141
12.0
290
     0
  0
SCALE
  5
4B
102
{ACAD_REACTORS
330
42
102
}
330
42
100
AcDbScale
 70
     0
300
1/4" = 1'-0"
140
0.25
141
12.0
290
     0
  0
SCALE
  5
4C
102
{ACAD_REACTORS
330
42
102
}
330
42
100
AcDbScale
 70
     0
300
3/8" = 1'-0"
140
0.375
141
12.0
290
     0
  0
SCALE
  5
4D
102
{ACAD_REACTORS
330
42
102
}
330
42
100
AcDbScale
 70
     0
300
1/2" = 1'-0"
140
0.5
141
12.0
290
     0
  0
SCALE
  5
4E
102
{ACAD_REACTORS
330
42
102
}
330
42
100
AcDbScale
 70
     0
300
3/4" = 1'-0"
140
0.75
141
12.0
290
     0
  0
SCALE
  5
4F
102
{ACAD_REACTORS
330
42
102
}
330
42
100
AcDbScale
 70
     0
300
1" = 1'-0"
140
1.0
141
12.0
290
     0
  0
SCALE
  5
50
102
{ACAD_REACTORS
330
42
102
}
330
42
100
AcDbScale
 70
     0
300
1-1/2" = 1'-0"
140
1.5
141
12.0
290
     0
  0
SCALE
  5
51
102
{ACAD_REACTORS
330
42
102
}
330
42
100
AcDbScale
 70
     0
300
3" = 1'-0"
140
3.0
141
12.0
290
     0
  0
SCALE
  5
52
102
{ACAD_REACTORS
330
42
102
}
330
42
100
AcDbScale
 70
     0
300
6" = 1'-0"
140
6.0
141
12.0
290
     0
  0
SCALE
  5
53
102
{ACAD_REACTORS
330
42
102
}
330
42
100
AcDbScale
 70
     0
300
1'-0" = 1'-0"
140
12.0
141
12.0
290
     0
  0
ACDBSECTIONVIEWSTYLE
  5
69
102
{ACAD_REACTORS
330
68
102
}
330
68
100
AcDbModelDocViewStyle
 70
     0
  3
Imperial24
290
     1
300
Imperial24
 90
        0
100
AcDbSectionViewStyle
 70
     0
 71
     0
 90
       78
 71
     1
340
55
 62
   256
 40
0.24
340
0
340
0
 62
   256
 40
0.24
300
I, O, Q, S, X, Z
 40
0.48
 90
        3
 40
0.18
 90
        1
 71
     2
340
5D
 90
       25
 62
   256
340
5D
 90
       50
 62
   256
 40
0.24
 40
0.0
 40
0.24
 71
     3
340
55
 62
   256
 40
0.24
 90
        1
 40
0.75
 90
        1
300
%<\AcVar ViewType \f "%tc1">% %<\AcVar ViewSectionStartId>%-%<\AcVar ViewSectionEndId>%\PSCALE %<\AcVar ViewScale \f "%sn">%
 71
     4
 62
   256
 62
   257
300
ANSI31
 40
1.0
 90
        0
290
     0
290
     0
 90
        6
 40
0.0
 40
1.570796326794896
 40
0.2617993877991494
 40
1.308996938995747
 40
-0.2617993877991494
 40
1.832595714594046
  0
ACDBSECTIONVIEWSTYLE
  5
8B8
102
{ACAD_REACTORS
330
68
102
}
330
68
100
AcDbModelDocViewStyle
 70
     0
  3
Metric50
290
     1
300
Metric50
 90
        0
100
AcDbSectionViewStyle
 70
     0
 71
     0
 90
      102
 71
     1
340
55
 62
   256
 40
5.0
340
0
340
0
 62
   256
 40
5.0
300
I, O, Q, S, X, Z
 40
10.0
 90
        0
 40
2.5
 90
        0
 71
     2
340
5D
 90
       25
 62
   256
340
5D
 90
       50
 62
   256
 40
5.0
 40
2.5
 40
5.0
 71
     3
340
55
 62
   256
 40
5.0
 90
        0
 40
15.0
 90
        1
300
%<\AcVar ViewSectionStartId>%-%<\AcVar ViewSectionEndId>% (%<\AcVar ViewScale \f "%sn">%)
 71
     4
 62
   256
 62
   257
300
ANSI31
 40
1.0
 90
        0
290
     0
290
     0
 90
        6
 40
0.0
 40
1.570796326794896
 40
0.2617993877991494
 40
1.308996938995747
 40
-0.2617993877991494
 40
1.832595714594046
  0
TABLESTYLE
  5
65
102
{ACAD_XDICTIONARY
360
981
102
}
102
{ACAD_REACTORS
330
64
102
}
330
64
100
AcDbTableStyle
280
     0
  3
Standard
 70
     0
 71
     0
 40
0.06
 41
0.06
280
     0
281
     0
  7
Standard
140
0.18
170
     2
 62
     0
 63
     7
283
     0
 90
      512
 91
        0
  1

274
    -2
284
     1
 64
     0
275
    -2
285
     1
 65
     0
276
    -2
286
     1
 66
     0
277
    -2
287
     1
 67
     0
278
    -2
288
     1
 68
     0
279
    -2
289
     1
 69
     0
  7
Standard
140
0.25
170
     5
 62
     0
 63
     7
283
     0
 90
      512
 91
        0
  1

274
    -2
284
     1
 64
     0
275
    -2
285
     1
 65
     0
276
    -2
286
     1
 66
     0
277
    -2
287
     1
 67
     0
278
    -2
288
     1
 68
     0
279
    -2
289
     1
 69
     0
  7
Standard
140
0.18
170
     5
 62
     0
 63
     7
283
     0
 90
      512
 91
        0
  1

274
    -2
284
     1
 64
     0
275
    -2
285
     1
 65
     0
276
    -2
286
     1
 66
     0
277
    -2
287
     1
 67
     0
278
    -2
288
     1
 68
     0
279
    -2
289
     1
 69
     0
  0
VISUALSTYLE
  5
2F
102
{ACAD_REACTORS
330
29
102
}
330
29
100
AcDbVisualStyle
  2
2dWireframe
 70
     4
177
     3
291
     0
 70
    58
 90
        0
176
     1
 90
        2
176
     1
 90
        0
176
     1
 90
        0
176
     1
 40
0.6
176
     1
 40
30.0
176
     1
 62
     7
420
 16777215
176
     1
 90
        1
176
     1
 90
        4
176
     1
 62
     7
176
     1
 62
   257
176
     1
 90
        1
176
     1
 90
        1
176
     1
 40
1.0
176
     1
 90
        0
176
     1
 62
   257
176
     1
 40
1.0
176
     1
 90
        1
176
     1
 90
        6
176
     1
 90
        2
176
     1
 62
     7
176
     1
 90
        5
176
     1
 90
        0
176
     1
 90
        0
176
     1
290
     0
176
     1
 90
        1
176
     1
 40
0.0
176
     1
 90
        0
176
     1
290
     1
176
     1
290
     1
176
     1
290
     0
176
     1
290
     0
176
     1
290
     0
176
     1
290
     0
176
     1
290
     0
176
     1
290
     0
176
     1
290
     0
176
     1
 90
       50
176
     1
 40
0.0
176
     1
 40
1.0
176
     1
 90
        0
176
     1
 62
    18
420
        0
176
     1
 90
       50
176
     1
 90
        3
176
     1
 62
     5
420
      255
176
     1
290
     0
176
     1
 90
       50
176
     1
 90
       50
176
     1
 90
       50
176
     1
290
     0
176
     1
 90
       50
176
     1
 62
   256
176
     0
 40
1.0
176
     0
 90
        2
176
     1
  1
strokes_ogs.tif
176
     1
290
     0
176
     1
 40
1.0
176
     1
 40
1.0
176
     1
  0
VISUALSTYLE
  5
2E
102
{ACAD_REACTORS
330
29
102
}
330
29
100
AcDbVisualStyle
  2
Basic
 70
     7
177
     3
291
     1
 70
    58
 90
        1
176
     1
 90
        0
176
     1
 90
        1
176
     1
 90
        0
176
     1
 40
0.6
176
     1
 40
30.0
176
     1
 62
     7
420
 16777215
176
     1
 90
        0
176
     1
 90
        4
176
     1
 62
     7
176
     1
 62
   257
176
     1
 90
        1
176
     1
 90
        1
176
     1
 40
1.0
176
     1
 90
        8
176
     1
 62
     7
176
     1
 40
1.0
176
     1
 90
        1
176
     1
 90
        6
176
     1
 90
        2
176
     1
 62
     7
176
     1
 90
        5
176
     1
 90
        0
176
     1
 90
        0
176
     1
290
     0
176
     1
 90
        1
176
     1
 40
0.0
176
     1
 90
        0
176
     1
290
     0
176
     1
290
     1
176
     1
290
     1
176
     1
290
     0
176
     1
290
     0
176
     1
290
     0
176
     1
290
     0
176
     1
290
     0
176
     1
290
     0
176
     1
 90
       50
176
     1
 40
0.0
176
     1
 40
1.0
176
     1
 90
        0
176
     1
 62
    18
420
        0
176
     1
 90
       50
176
     1
 90
        3
176
     1
 62
     5
420
      255
176
     1
290
     0
176
     1
 90
       50
176
     1
 90
       50
176
     1
 90
       50
176
     1
290
     0
176
     1
 90
       50
176
     1
 62
   256
176
     0
 40
1.0
176
     0
 90
        2
176
     1
  1
strokes_ogs.tif
176
     1
290
     0
176
     1
 40
1.0
176
     1
 40
1.0
176
     1
  0
VISUALSTYLE
  5
35
102
{ACAD_REACTORS
330
29
102
}
330
29
100
AcDbVisualStyle
  2
Brighten
 70
    12
177
     3
291
     1
 70
    58
 90
        2
176
     1
 90
        2
176
     1
 90
        0
176
     1
 90
        0
176
     1
 40
0.6
176
     1
 40
30.0
176
     1
 62
     7
420
 16777215
176
     1
 90
        1
176
     1
 90
        4
176
     1
 62
     7
176
     1
 62
   257
176
     1
 90
        1
176
     1
 90
        1
176
     1
 40
1.0
176
     1
 90
        8
176
     1
 62
     7
176
     1
 40
1.0
176
     1
 90
        1
176
     1
 90
        6
176
     1
 90
        2
176
     1
 62
     7
176
     1
 90
        5
176
     1
 90
        0
176
     1
 90
        0
176
     1
290
     0
176
     1
 90
        1
176
     1
 40
50.0
176
     1
 90
        0
176
     1
290
     0
176
     1
290
     1
176
     1
290
     1
176
     1
290
     0
176
     1
290
     0
176
     1
290
     0
176
     1
290
     0
176
     1
290
     0
176
     1
290
     0
176
     1
 90
       50
176
     1
 40
0.0
176
     1
 40
1.0
176
     1
 90
        0
176
     1
 62
    18
420
        0
176
     1
 90
       50
176
     1
 90
        3
176
     1
 62
     5
420
      255
176
     1
290
     0
176
     1
 90
       50
176
     1
 90
       50
176
     1
 90
       50
176
     1
290
     0
176
     1
 90
       50
176
     1
 62
   256
176
     0
 40
1.0
176
     0
 90
        2
176
     1
  1
strokes_ogs.tif
176
     1
290
     0
176
     1
 40
1.0
176
     1
 40
1.0
176
     1
  0
VISUALSTYLE
  5
39
102
{ACAD_REACTORS
330
29
102
}
330
29
100
AcDbVisualStyle
  2
ColorChange
 70
    16
177
     3
291
     1
 70
    58
 90
        2
176
     1
 90
        2
176
     1
 90
        3
176
     1
 90
        0
176
     1
 40
0.6
176
     1
 40
30.0
176
     1
 62
     8
420
  8421504
176
     1
 90
        1
176
     1
 90
        4
176
     1
 62
     7
176
     1
 62
   257
176
     1
 90
        1
176
     1
 90
        1
176
     1
 40
1.0
176
     1
 90
        8
176
     1
 62
     8
420
  8421504
176
     1
 40
1.0
176
     1
 90
        1
176
     1
 90
        6
176
     1
 90
        2
176
     1
 62
     7
176
     1
 90
        5
176
     1
 90
        0
176
     1
 90
        0
176
     1
290
     0
176
     1
 90
        1
176
     1
 40
0.0
176
     1
 90
        0
176
     1
290
     0
176
     1
290
     1
176
     1
290
     1
176
     1
290
     0
176
     1
290
     0
176
     1
290
     0
176
     1
290
     0
176
     1
290
     0
176
     1
290
     0
176
     1
 90
       50
176
     1
 40
0.0
176
     1
 40
1.0
176
     1
 90
        0
176
     1
 62
    18
420
        0
176
     1
 90
       50
176
     1
 90
        3
176
     1
 62
     5
420
      255
176
     1
290
     0
176
     1
 90
       50
176
     1
 90
       50
176
     1
 90
       50
176
     1
290
     0
176
     1
 90
       50
176
     1
 62
   256
176
     0
 40
1.0
176
     0
 90
        2
176
     1
  1
strokes_ogs.tif
176
     1
290
     0
176
     1
 40
1.0
176
     1
 40
1.0
176
     1
  0
VISUALSTYLE
  5
32
102
{ACAD_REACTORS
330
29
102
}
330
29
100
AcDbVisualStyle
  2
Conceptual
 70
     9
177
     3
291
     0
 70
    58
 90
        3
176
     1
 90
        2
176
     1
 90
        0
176
     1
 90
        0
176
     1
 40
0.6
176
     1
 40
30.0
176
     1
 62
     7
420
 16777215
176
     1
 90
        2
176
     1
 90
        2
176
     1
 62
     7
176
     1
 62
   257
176
     1
 90
        1
176
     1
 90
        1
176
     1
 40
179.0
176
     1
 90
        8
176
     1
 62
     7
176
     1
 40
1.0
176
     1
 90
        1
176
     1
 90
        6
176
     1
 90
        2
176
     1
 62
     7
176
     1
 90
        3
176
     1
 90
        0
176
     1
 90
        0
176
     1
290
     0
176
     1
 90
        1
176
     1
 40
0.0
176
     1
 90
        0
176
     1
290
     0
176
     1
290
     1
176
     1
290
     1
176
     1
290
     0
176
     1
290
     0
176
     1
290
     0
176
     1
290
     0
176
     1
290
     0
176
     1
290
     0
176
     1
 90
       50
176
     1
 40
0.0
176
     1
 40
1.0
176
     1
 90
        0
176
     1
 62
    18
420
        0
176
     1
 90
       50
176
     1
 90
        3
176
     1
 62
     5
420
      255
176
     1
290
     0
176
     1
 90
       50
176
     1
 90
       50
176
     1
 90
       50
176
     1
290
     0
176
     1
 90
       50
176
     1
 62
   256
176
     0
 40
1.0
176
     0
 90
        2
176
     1
  1
strokes_ogs.tif
176
     1
290
     0
176
     1
 40
1.0
176
     1
 40
1.0
176
     1
  0
VISUALSTYLE
  5
34
102
{ACAD_REACTORS
330
29
102
}
330
29
100
AcDbVisualStyle
  2
Dim
 70
    11
177
     3
291
     1
 70
    58
 90
        2
176
     1
 90
        2
176
     1
 90
        0
176
     1
 90
        0
176
     1
 40
0.6
176
     1
 40
30.0
176
     1
 62
     7
420
 16777215
176
     1
 90
        1
176
     1
 90
        4
176
     1
 62
     7
176
     1
 62
   257
176
     1
 90
        1
176
     1
 90
        1
176
     1
 40
1.0
176
     1
 90
        8
176
     1
 62
     7
176
     1
 40
1.0
176
     1
 90
        1
176
     1
 90
        6
176
     1
 90
        2
176
     1
 62
     7
176
     1
 90
        5
176
     1
 90
        0
176
     1
 90
        0
176
     1
290
     0
176
     1
 90
        1
176
     1
 40
-50.0
176
     1
 90
        0
176
     1
290
     0
176
     1
290
     1
176
     1
290
     1
176
     1
290
     0
176
     1
290
     0
176
     1
290
     0
176
     1
290
     0
176
     1
290
     0
176
     1
290
     0
176
     1
 90
       50
176
     1
 40
0.0
176
     1
 40
1.0
176
     1
 90
        0
176
     1
 62
    18
420
        0
176
     1
 90
       50
176
     1
 90
        3
176
     1
 62
     5
420
      255
176
     1
290
     0
176
     1
 90
       50
176
     1
 90
       50
176
     1
 90
       50
176
     1
290
     0
176
     1
 90
       50
176
     1
 62
   256
176
     0
 40
1.0
176
     0
 90
        2
176
     1
  1
strokes_ogs.tif
176
     1
290
     0
176
     1
 40
1.0
176
     1
 40
1.0
176
     1
  0
VISUALSTYLE
  5
41
102
{ACAD_REACTORS
330
29
102
}
330
29
100
AcDbVisualStyle
  2
EdgeColorOff
 70
    22
177
     3
291
     1
 70
    58
 90
        2
176
     0
 90
        2
176
     0
 90
        0
176
     0
 90
        0
176
     0
 40
0.6
176
     0
 40
30.0
176
     0
 62
     7
420
 16777215
176
     0
 90
        1
176
     0
 90
        4
176
     0
 62
     7
176
     0
 62
   257
176
     0
 90
        1
176
     0
 90
        1
176
     0
 40
1.0
176
     0
 90
        8
176
     2
 62
     7
176
     0
 40
1.0
176
     0
 90
        1
176
     0
 90
        6
176
     0
 90
        2
176
     0
 62
     7
176
     0
 90
        5
176
     0
 90
        0
176
     0
 90
        0
176
     0
290
     0
176
     0
 90
        1
176
     0
 40
0.0
176
     0
 90
        0
176
     0
290
     0
176
     0
290
     1
176
     0
290
     1
176
     0
290
     0
176
     0
290
     0
176
     0
290
     0
176
     0
290
     0
176
     0
290
     0
176
     0
290
     0
176
     0
 90
       50
176
     0
 40
0.0
176
     0
 40
1.0
176
     0
 90
        0
176
     0
 62
    18
420
        0
176
     0
 90
       50
176
     0
 90
        3
176
     0
 62
     5
420
      255
176
     0
290
     0
176
     0
 90
       50
176
     0
 90
       50
176
     0
 90
       50
176
     0
290
     0
176
     0
 90
       50
176
     0
 62
   256
176
     0
 40
1.0
176
     0
 90
        2
176
     0
  1
strokes_ogs.tif
176
     0
290
     0
176
     0
 40
1.0
176
     0
 40
1.0
176
     0
  0
VISUALSTYLE
  5
38
102
{ACAD_REACTORS
330
29
102
}
330
29
100
AcDbVisualStyle
  2
Facepattern
 70
    15
177
     3
291
     1
 70
    58
 90
        2
176
     1
 90
        2
176
     1
 90
        0
176
     1
 90
        0
176
     1
 40
0.6
176
     1
 40
30.0
176
     1
 62
     7
420
 16777215
176
     1
 90
        1
176
     1
 90
        4
176
     1
 62
     7
176
     1
 62
   257
176
     1
 90
        1
176
     1
 90
        1
176
     1
 40
1.0
176
     1
 90
        8
176
     1
 62
     7
176
     1
 40
1.0
176
     1
 90
        1
176
     1
 90
        6
176
     1
 90
        2
176
     1
 62
     7
176
     1
 90
        5
176
     1
 90
        0
176
     1
 90
        0
176
     1
290
     0
176
     1
 90
        1
176
     1
 40
0.0
176
     1
 90
        0
176
     1
290
     0
176
     1
290
     1
176
     1
290
     1
176
     1
290
     0
176
     1
290
     0
176
     1
290
     0
176
     1
290
     0
176
     1
290
     0
176
     1
290
     0
176
     1
 90
       50
176
     1
 40
0.0
176
     1
 40
1.0
176
     1
 90
        0
176
     1
 62
    18
420
        0
176
     1
 90
       50
176
     1
 90
        3
176
     1
 62
     5
420
      255
176
     1
290
     0
176
     1
 90
       50
176
     1
 90
       50
176
     1
 90
       50
176
     1
290
     0
176
     1
 90
       50
176
     1
 62
   256
176
     0
 40
1.0
176
     0
 90
        2
176
     1
  1
strokes_ogs.tif
176
     1
290
     0
176
     1
 40
1.0
176
     1
 40
1.0
176
     1
  0
VISUALSTYLE
  5
2A
102
{ACAD_REACTORS
330
29
102
}
330
29
100
AcDbVisualStyle
  2
Flat
 70
     0
177
     3
291
     1
 70
    58
 90
        2
176
     1
 90
        1
176
     1
 90
        1
176
     1
 90
        2
176
     1
 40
0.6
176
     1
 40
30.0
176
     1
 62
     7
420
 16777215
176
     1
 90
        0
176
     1
 90
        0
176
     1
 62
     7
176
     1
 62
   257
176
     1
 90
        1
176
     1
 90
        1
176
     1
 40
1.0
176
     1
 90
        8
176
     1
 62
     7
176
     1
 40
1.0
176
     1
 90
        1
176
     1
 90
        6
176
     1
 90
        2
176
     1
 62
     7
176
     1
 90
        5
176
     1
 90
        0
176
     1
 90
        0
176
     1
290
     0
176
     1
 90
       13
176
     1
 40
0.0
176
     1
 90
        0
176
     1
290
     0
176
     1
290
     1
176
     1
290
     1
176
     1
290
     0
176
     1
290
     0
176
     1
290
     0
176
     1
290
     0
176
     1
290
     0
176
     1
290
     0
176
     1
 90
       50
176
     1
 40
0.0
176
     1
 40
1.0
176
     1
 90
        0
176
     1
 62
    18
420
        0
176
     1
 90
       50
176
     1
 90
        3
176
     1
 62
     5
420
      255
176
     1
290
     0
176
     1
 90
       50
176
     1
 90
       50
176
     1
 90
       50
176
     1
290
     0
176
     1
 90
       50
176
     1
 62
   256
176
     0
 40
1.0
176
     0
 90
        2
176
     1
  1
strokes_ogs.tif
176
     1
290
     0
176
     1
 40
1.0
176
     1
 40
1.0
176
     1
  0
VISUALSTYLE
  5
2B
102
{ACAD_REACTORS
330
29
102
}
330
29
100
AcDbVisualStyle
  2
FlatWithEdges
 70
     1
177
     3
291
     1
 70
    58
 90
        2
176
     1
 90
        1
176
     1
 90
        1
176
     1
 90
        2
176
     1
 40
0.6
176
     1
 40
30.0
176
     1
 62
     7
420
 16777215
176
     1
 90
        1
176
     1
 90
        0
176
     1
 62
     7
176
     1
 62
   257
176
     1
 90
        1
176
     1
 90
        1
176
     1
 40
1.0
176
     1
 90
        0
176
     1
 62
   257
176
     1
 40
1.0
176
     1
 90
        1
176
     1
 90
        6
176
     1
 90
        2
176
     1
 62
     7
176
     1
 90
        5
176
     1
 90
        0
176
     1
 90
        0
176
     1
290
     0
176
     1
 90
       13
176
     1
 40
0.0
176
     1
 90
        0
176
     1
290
     0
176
     1
290
     1
176
     1
290
     1
176
     1
290
     0
176
     1
290
     0
176
     1
290
     0
176
     1
290
     0
176
     1
290
     0
176
     1
290
     0
176
     1
 90
       50
176
     1
 40
0.0
176
     1
 40
1.0
176
     1
 90
        0
176
     1
 62
    18
420
        0
176
     1
 90
       50
176
     1
 90
        3
176
     1
 62
     5
420
      255
176
     1
290
     0
176
     1
 90
       50
176
     1
 90
       50
176
     1
 90
       50
176
     1
290
     0
176
     1
 90
       50
176
     1
 62
   256
176
     0
 40
1.0
176
     0
 90
        2
176
     1
  1
strokes_ogs.tif
176
     1
290
     0
176
     1
 40
1.0
176
     1
 40
1.0
176
     1
  0
VISUALSTYLE
  5
2C
102
{ACAD_REACTORS
330
29
102
}
330
29
100
AcDbVisualStyle
  2
Gouraud
 70
     2
177
     3
291
     1
 70
    58
 90
        2
176
     1
 90
        2
176
     1
 90
        1
176
     1
 90
        2
176
     1
 40
0.6
176
     1
 40
30.0
176
     1
 62
     7
420
 16777215
176
     1
 90
        0
176
     1
 90
        0
176
     1
 62
     7
176
     1
 62
   257
176
     1
 90
        1
176
     1
 90
        1
176
     1
 40
1.0
176
     1
 90
        0
176
     1
 62
     7
176
     1
 40
1.0
176
     1
 90
        1
176
     1
 90
        6
176
     1
 90
        2
176
     1
 62
     7
176
     1
 90
        5
176
     1
 90
        0
176
     1
 90
        0
176
     1
290
     0
176
     1
 90
       13
176
     1
 40
0.0
176
     1
 90
        0
176
     1
290
     0
176
     1
290
     1
176
     1
290
     1
176
     1
290
     0
176
     1
290
     0
176
     1
290
     0
176
     1
290
     0
176
     1
290
     0
176
     1
290
     0
176
     1
 90
       50
176
     1
 40
0.0
176
     1
 40
1.0
176
     1
 90
        0
176
     1
 62
    18
420
        0
176
     1
 90
       50
176
     1
 90
        3
176
     1
 62
     5
420
      255
176
     1
290
     0
176
     1
 90
       50
176
     1
 90
       50
176
     1
 90
       50
176
     1
290
     0
176
     1
 90
       50
176
     1
 62
   256
176
     0
 40
1.0
176
     0
 90
        2
176
     1
  1
strokes_ogs.tif
176
     1
290
     0
176
     1
 40
1.0
176
     1
 40
1.0
176
     1
  0
VISUALSTYLE
  5
2D
102
{ACAD_REACTORS
330
29
102
}
330
29
100
AcDbVisualStyle
  2
GouraudWithEdges
 70
     3
177
     3
291
     1
 70
    58
 90
        2
176
     1
 90
        2
176
     1
 90
        1
176
     1
 90
        2
176
     1
 40
0.6
176
     1
 40
30.0
176
     1
 62
     7
420
 16777215
176
     1
 90
        1
176
     1
 90
        0
176
     1
 62
     7
176
     1
 62
   257
176
     1
 90
        1
176
     1
 90
        1
176
     1
 40
1.0
176
     1
 90
        0
176
     1
 62
   257
176
     1
 40
1.0
176
     1
 90
        1
176
     1
 90
        6
176
     1
 90
        2
176
     1
 62
     7
176
     1
 90
        5
176
     1
 90
        0
176
     1
 90
        0
176
     1
290
     0
176
     1
 90
       13
176
     1
 40
0.0
176
     1
 90
        0
176
     1
290
     0
176
     1
290
     1
176
     1
290
     1
176
     1
290
     0
176
     1
290
     0
176
     1
290
     0
176
     1
290
     0
176
     1
290
     0
176
     1
290
     0
176
     1
 90
       50
176
     1
 40
0.0
176
     1
 40
1.0
176
     1
 90
        0
176
     1
 62
    18
420
        0
176
     1
 90
       50
176
     1
 90
        3
176
     1
 62
     5
420
      255
176
     1
290
     0
176
     1
 90
       50
176
     1
 90
       50
176
     1
 90
       50
176
     1
290
     0
176
     1
 90
       50
176
     1
 62
   256
176
     0
 40
1.0
176
     0
 90
        2
176
     1
  1
strokes_ogs.tif
176
     1
290
     0
176
     1
 40
1.0
176
     1
 40
1.0
176
     1
  0
VISUALSTYLE
  5
31
102
{ACAD_REACTORS
330
29
102
}
330
29
100
AcDbVisualStyle
  2
Hidden
 70
     6
177
     3
291
     0
 70
    58
 90
        1
176
     1
 90
        2
176
     1
 90
        2
176
     1
 90
        0
176
     1
 40
0.6
176
     1
 40
30.0
176
     1
 62
     7
420
 16777215
176
     1
 90
        2
176
     1
 90
        2
176
     1
 62
     7
176
     1
 62
   257
176
     1
 90
        2
176
     1
 90
        1
176
     1
 40
40.0
176
     1
 90
        0
176
     1
 62
   257
176
     1
 40
1.0
176
     1
 90
        1
176
     1
 90
        6
176
     1
 90
        2
176
     1
 62
     7
176
     1
 90
        3
176
     1
 90
        0
176
     1
 90
        0
176
     1
290
     0
176
     1
 90
        1
176
     1
 40
0.0
176
     1
 90
        0
176
     1
290
     0
176
     1
290
     1
176
     1
290
     1
176
     1
290
     0
176
     1
290
     0
176
     1
290
     0
176
     1
290
     0
176
     1
290
     0
176
     1
290
     0
176
     1
 90
       50
176
     1
 40
0.0
176
     1
 40
1.0
176
     1
 90
        0
176
     1
 62
    18
420
        0
176
     1
 90
       50
176
     1
 90
        3
176
     1
 62
     5
420
      255
176
     1
290
     0
176
     1
 90
       50
176
     1
 90
       50
176
     1
 90
       50
176
     1
290
     0
176
     1
 90
       50
176
     1
 62
   256
176
     0
 40
1.0
176
     0
 90
        2
176
     1
  1
strokes_ogs.tif
176
     1
290
     0
176
     1
 40
1.0
176
     1
 40
1.0
176
     1
  0
VISUALSTYLE
  5
3F
102
{ACAD_REACTORS
330
29
102
}
330
29
100
AcDbVisualStyle
  2
JitterOff
 70
    20
177
     3
291
     1
 70
    58
 90
        2
176
     0
 90
        2
176
     0
 90
        0
176
     0
 90
        0
176
     0
 40
0.6
176
     0
 40
30.0
176
     0
 62
     7
420
 16777215
176
     0
 90
        1
176
     0
 90
        4
176
     0
 62
     7
176
     0
 62
   257
176
     0
 90
        1
176
     0
 90
        1
176
     0
 40
1.0
176
     0
 90
       10
176
     2
 62
     7
176
     0
 40
1.0
176
     0
 90
        1
176
     0
 90
        6
176
     0
 90
        2
176
     0
 62
     7
176
     0
 90
        5
176
     0
 90
        0
176
     0
 90
        0
176
     0
290
     0
176
     0
 90
        1
176
     0
 40
0.0
176
     0
 90
        0
176
     0
290
     0
176
     0
290
     1
176
     0
290
     1
176
     0
290
     0
176
     0
290
     0
176
     0
290
     0
176
     0
290
     0
176
     0
290
     0
176
     0
290
     0
176
     0
 90
       50
176
     0
 40
0.0
176
     0
 40
1.0
176
     0
 90
        0
176
     0
 62
    18
420
        0
176
     0
 90
       50
176
     0
 90
        3
176
     0
 62
     5
420
      255
176
     0
290
     0
176
     0
 90
       50
176
     0
 90
       50
176
     0
 90
       50
176
     0
290
     0
176
     0
 90
       50
176
     0
 62
   256
176
     0
 40
1.0
176
     0
 90
        2
176
     0
  1
strokes_ogs.tif
176
     0
290
     0
176
     0
 40
1.0
176
     0
 40
1.0
176
     0
  0
VISUALSTYLE
  5
37
102
{ACAD_REACTORS
330
29
102
}
330
29
100
AcDbVisualStyle
  2
Linepattern
 70
    14
177
     3
291
     1
 70
    58
 90
        2
176
     1
 90
        2
176
     1
 90
        0
176
     1
 90
        0
176
     1
 40
0.6
176
     1
 40
30.0
176
     1
 62
     7
420
 16777215
176
     1
 90
        1
176
     1
 90
        4
176
     1
 62
     7
176
     1
 62
   257
176
     1
 90
        7
176
     1
 90
        7
176
     1
 40
1.0
176
     1
 90
        8
176
     1
 62
     7
176
     1
 40
1.0
176
     1
 90
        1
176
     1
 90
        6
176
     1
 90
        2
176
     1
 62
     7
176
     1
 90
        5
176
     1
 90
        0
176
     1
 90
        0
176
     1
290
     0
176
     1
 90
        1
176
     1
 40
0.0
176
     1
 90
        0
176
     1
290
     0
176
     1
290
     1
176
     1
290
     1
176
     1
290
     0
176
     1
290
     0
176
     1
290
     0
176
     1
290
     0
176
     1
290
     0
176
     1
290
     0
176
     1
 90
       50
176
     1
 40
0.0
176
     1
 40
1.0
176
     1
 90
        0
176
     1
 62
    18
420
        0
176
     1
 90
       50
176
     1
 90
        3
176
     1
 62
     5
420
      255
176
     1
290
     0
176
     1
 90
       50
176
     1
 90
       50
176
     1
 90
       50
176
     1
290
     0
176
     1
 90
       50
176
     1
 62
   256
176
     0
 40
1.0
176
     0
 90
        2
176
     1
  1
strokes_ogs.tif
176
     1
290
     0
176
     1
 40
1.0
176
     1
 40
1.0
176
     1
  0
VISUALSTYLE
  5
40
102
{ACAD_REACTORS
330
29
102
}
330
29
100
AcDbVisualStyle
  2
OverhangOff
 70
    21
177
     3
291
     1
 70
    58
 90
        2
176
     0
 90
        2
176
     0
 90
        0
176
     0
 90
        0
176
     0
 40
0.6
176
     0
 40
30.0
176
     0
 62
     7
420
 16777215
176
     0
 90
        1
176
     0
 90
        4
176
     0
 62
     7
176
     0
 62
   257
176
     0
 90
        1
176
     0
 90
        1
176
     0
 40
1.0
176
     0
 90
        9
176
     2
 62
     7
176
     0
 40
1.0
176
     0
 90
        1
176
     0
 90
        6
176
     0
 90
        2
176
     0
 62
     7
176
     0
 90
        5
176
     0
 90
        0
176
     0
 90
        0
176
     0
290
     0
176
     0
 90
        1
176
     0
 40
0.0
176
     0
 90
        0
176
     0
290
     0
176
     0
290
     1
176
     0
290
     1
176
     0
290
     0
176
     0
290
     0
176
     0
290
     0
176
     0
290
     0
176
     0
290
     0
176
     0
290
     0
176
     0
 90
       50
176
     0
 40
0.0
176
     0
 40
1.0
176
     0
 90
        0
176
     0
 62
    18
420
        0
176
     0
 90
       50
176
     0
 90
        3
176
     0
 62
     5
420
      255
176
     0
290
     0
176
     0
 90
       50
176
     0
 90
       50
176
     0
 90
       50
176
     0
290
     0
176
     0
 90
       50
176
     0
 62
   256
176
     0
 40
1.0
176
     0
 90
        2
176
     0
  1
strokes_ogs.tif
176
     0
290
     0
176
     0
 40
1.0
176
     0
 40
1.0
176
     0
  0
VISUALSTYLE
  5
33
102
{ACAD_REACTORS
330
29
102
}
330
29
100
AcDbVisualStyle
  2
Realistic
 70
     8
177
     3
291
     0
 70
    58
 90
        2
176
     1
 90
        3
176
     1
 90
        0
176
     1
 90
        2
176
     1
 40
0.6
176
     1
 40
30.0
176
     1
 62
     7
420
 16777215
176
     1
 90
        0
176
     1
 90
        0
176
     1
 62
     7
176
     1
 62
   257
176
     1
 90
        1
176
     1
 90
        1
176
     1
 40
1.0
176
     1
 90
        8
176
     1
 62
   257
176
     1
 40
1.0
176
     1
 90
        1
176
     1
 90
        6
176
     1
 90
        2
176
     1
 62
     7
176
     1
 90
        3
176
     1
 90
        0
176
     1
 90
        0
176
     1
290
     0
176
     1
 90
       13
176
     1
 40
0.0
176
     1
 90
        0
176
     1
290
     0
176
     1
290
     1
176
     1
290
     1
176
     1
290
     0
176
     1
290
     0
176
     1
290
     0
176
     1
290
     0
176
     1
290
     0
176
     1
290
     0
176
     1
 90
       50
176
     1
 40
0.0
176
     1
 40
1.0
176
     1
 90
        0
176
     1
 62
    18
420
        0
176
     1
 90
       50
176
     1
 90
        3
176
     1
 62
     5
420
      255
176
     1
290
     0
176
     1
 90
       50
176
     1
 90
       50
176
     1
 90
       50
176
     1
290
     0
176
     1
 90
       50
176
     1
 62
   256
176
     0
 40
1.0
176
     0
 90
        2
176
     1
  1
strokes_ogs.tif
176
     1
290
     0
176
     1
 40
1.0
176
     1
 40
1.0
176
     1
  0
VISUALSTYLE
  5
3E
102
{ACAD_REACTORS
330
29
102
}
330
29
100
AcDbVisualStyle
  2
Shaded
 70
    27
177
     3
291
     0
 70
    58
 90
        2
176
     1
 90
        2
176
     1
 90
        1
176
     1
 90
        2
176
     1
 40
0.6
176
     1
 40
30.0
176
     1
 62
     7
420
 16777215
176
     1
 90
        0
176
     1
 90
        4
176
     1
 62
     7
176
     1
 62
   257
176
     1
 90
        1
176
     1
 90
        1
176
     1
 40
1.0
176
     1
 90
        8
176
     1
 62
   257
176
     1
 40
1.0
176
     1
 90
        1
176
     1
 90
        6
176
     1
 90
        2
176
     1
 62
     8
420
  7895160
176
     1
 90
        3
176
     1
 90
        0
176
     1
 90
        0
176
     1
290
     0
176
     1
 90
        5
176
     1
 40
0.0
176
     1
 90
        0
176
     1
290
     0
176
     1
290
     1
176
     1
290
     1
176
     1
290
     0
176
     1
290
     0
176
     1
290
     0
176
     1
290
     0
176
     1
290
     0
176
     1
290
     0
176
     1
 90
       50
176
     1
 40
0.0
176
     1
 40
1.0
176
     1
 90
        0
176
     1
 62
    18
420
        0
176
     1
 90
       50
176
     1
 90
        3
176
     1
 62
     5
420
      255
176
     1
290
     0
176
     1
 90
       50
176
     1
 90
       50
176
     1
 90
       50
176
     1
290
     0
176
     1
 90
       50
176
     1
 62
   256
176
     0
 40
1.0
176
     0
 90
        2
176
     1
  1
strokes_ogs.tif
176
     1
290
     0
176
     1
 40
1.0
176
     1
 40
1.0
176
     1
  0
VISUALSTYLE
  5
3D
102
{ACAD_REACTORS
330
29
102
}
330
29
100
AcDbVisualStyle
  2
Shaded with edges
 70
    26
177
     3
291
     0
 70
    58
 90
        2
176
     1
 90
        2
176
     1
 90
        1
176
     1
 90
        2
176
     1
 40
0.6
176
     1
 40
30.0
176
     1
 62
     7
420
 16777215
176
     1
 90
        1
176
     1
 90
        2
176
     1
 62
     7
176
     1
 62
   257
176
     1
 90
        2
176
     1
 90
        1
176
     1
 40
1.0
176
     1
 90
        8
176
     1
 62
   257
176
     1
 40
1.0
176
     1
 90
        1
176
     1
 90
        6
176
     1
 90
        2
176
     1
 62
     7
176
     1
 90
        3
176
     1
 90
        0
176
     1
 90
        0
176
     1
290
     0
176
     1
 90
        5
176
     1
 40
0.0
176
     1
 90
        0
176
     1
290
     0
176
     1
290
     1
176
     1
290
     1
176
     1
290
     0
176
     1
290
     0
176
     1
290
     0
176
     1
290
     0
176
     1
290
     0
176
     1
290
     0
176
     1
 90
       50
176
     1
 40
0.0
176
     1
 40
1.0
176
     1
 90
        0
176
     1
 62
    18
420
        0
176
     1
 90
       50
176
     1
 90
        3
176
     1
 62
     5
420
      255
176
     1
290
     0
176
     1
 90
       50
176
     1
 90
       50
176
     1
 90
       50
176
     1
290
     0
176
     1
 90
       50
176
     1
 62
   256
176
     0
 40
1.0
176
     0
 90
        2
176
     1
  1
strokes_ogs.tif
176
     1
290
     0
176
     1
 40
1.0
176
     1
 40
1.0
176
     1
  0
VISUALSTYLE
  5
3A
102
{ACAD_REACTORS
330
29
102
}
330
29
100
AcDbVisualStyle
  2
Shades of Gray
 70
    23
177
     3
291
     0
 70
    58
 90
        2
176
     1
 90
        2
176
     1
 90
        3
176
     1
 90
        0
176
     1
 40
0.6
176
     1
 40
30.0
176
     1
 62
     7
420
 16777215
176
     1
 90
        2
176
     1
 90
        2
176
     1
 62
     7
176
     1
 62
     7
176
     1
 90
        1
176
     1
 90
        1
176
     1
 40
40.0
176
     1
 90
        8
176
     1
 62
     7
176
     1
 40
1.0
176
     1
 90
        1
176
     1
 90
        6
176
     1
 90
        2
176
     1
 62
     7
176
     1
 90
        3
176
     1
 90
        0
176
     1
 90
        0
176
     1
290
     0
176
     1
 90
        1
176
     1
 40
0.0
176
     1
 90
        0
176
     1
290
     0
176
     1
290
     1
176
     1
290
     1
176
     1
290
     0
176
     1
290
     0
176
     1
290
     0
176
     1
290
     0
176
     1
290
     0
176
     1
290
     0
176
     1
 90
       50
176
     1
 40
0.0
176
     1
 40
1.0
176
     1
 90
        0
176
     1
 62
    18
420
        0
176
     1
 90
       50
176
     1
 90
        3
176
     1
 62
     5
420
      255
176
     1
290
     0
176
     1
 90
       50
176
     1
 90
       50
176
     1
 90
       50
176
     1
290
     0
176
     1
 90
       50
176
     1
 62
   256
176
     0
 40
1.0
176
     0
 90
        2
176
     1
  1
strokes_ogs.tif
176
     1
290
     0
176
     1
 40
1.0
176
     1
 40
1.0
176
     1
  0
VISUALSTYLE
  5
3B
102
{ACAD_REACTORS
330
29
102
}
330
29
100
AcDbVisualStyle
  2
Sketchy
 70
    24
177
     3
291
     0
 70
    58
 90
        1
176
     1
 90
        2
176
     1
 90
        2
176
     1
 90
        0
176
     1
 40
0.6
176
     1
 40
30.0
176
     1
 62
     7
420
 16777215
176
     1
 90
        2
176
     1
 90
        2
176
     1
 62
     7
176
     1
 62
     7
176
     1
 90
        1
176
     1
 90
        1
176
     1
 40
40.0
176
     1
 90
       11
176
     1
 62
     7
176
     1
 40
1.0
176
     1
 90
        1
176
     1
 90
        6
176
     1
 90
        2
176
     1
 62
     7
176
     1
 90
        6
176
     1
 90
        0
176
     1
 90
        0
176
     1
290
     0
176
     1
 90
        1
176
     1
 40
0.0
176
     1
 90
        0
176
     1
290
     0
176
     1
290
     1
176
     1
290
     1
176
     1
290
     0
176
     1
290
     0
176
     1
290
     0
176
     1
290
     0
176
     1
290
     0
176
     1
290
     0
176
     1
 90
       50
176
     1
 40
0.0
176
     1
 40
1.0
176
     1
 90
        0
176
     1
 62
    18
420
        0
176
     1
 90
       50
176
     1
 90
        3
176
     1
 62
     5
420
      255
176
     1
290
     0
176
     1
 90
       50
176
     1
 90
       50
176
     1
 90
       50
176
     1
290
     0
176
     1
 90
       50
176
     1
 62
   256
176
     0
 40
1.0
176
     0
 90
        2
176
     1
  1
strokes_ogs.tif
176
     1
290
     0
176
     1
 40
1.0
176
     1
 40
1.0
176
     1
  0
VISUALSTYLE
  5
36
102
{ACAD_REACTORS
330
29
102
}
330
29
100
AcDbVisualStyle
  2
Thicken
 70
    13
177
     3
291
     1
 70
    58
 90
        2
176
     1
 90
        2
176
     1
 90
        0
176
     1
 90
        0
176
     1
 40
0.6
176
     1
 40
30.0
176
     1
 62
     7
420
 16777215
176
     1
 90
        1
176
     1
 90
        4
176
     1
 62
     7
176
     1
 62
   257
176
     1
 90
        1
176
     1
 90
        1
176
     1
 40
1.0
176
     1
 90
       12
176
     1
 62
     7
176
     1
 40
1.0
176
     1
 90
        1
176
     1
 90
        6
176
     1
 90
        2
176
     1
 62
     7
176
     1
 90
        5
176
     1
 90
        0
176
     1
 90
        0
176
     1
290
     0
176
     1
 90
        1
176
     1
 40
0.0
176
     1
 90
        0
176
     1
290
     0
176
     1
290
     1
176
     1
290
     1
176
     1
290
     0
176
     1
290
     0
176
     1
290
     0
176
     1
290
     0
176
     1
290
     0
176
     1
290
     0
176
     1
 90
       50
176
     1
 40
0.0
176
     1
 40
1.0
176
     1
 90
        0
176
     1
 62
    18
420
        0
176
     1
 90
       50
176
     1
 90
        3
176
     1
 62
     5
420
      255
176
     1
290
     0
176
     1
 90
       50
176
     1
 90
       50
176
     1
 90
       50
176
     1
290
     0
176
     1
 90
       50
176
     1
 62
   256
176
     0
 40
1.0
176
     0
 90
        2
176
     1
  1
strokes_ogs.tif
176
     1
290
     0
176
     1
 40
1.0
176
     1
 40
1.0
176
     1
  0
VISUALSTYLE
  5
30
102
{ACAD_REACTORS
330
29
102
}
330
29
100
AcDbVisualStyle
  2
Wireframe
 70
     5
177
     3
291
     0
 70
    58
 90
        0
176
     1
 90
        2
176
     1
 90
        0
176
     1
 90
        0
176
     1
 40
0.6
176
     1
 40
30.0
176
     1
 62
     7
420
 16777215
176
     1
 90
        1
176
     1
 90
        4
176
     1
 62
     7
176
     1
 62
   257
176
     1
 90
        1
176
     1
 90
        1
176
     1
 40
1.0
176
     1
 90
        0
176
     1
 62
   257
176
     1
 40
1.0
176
     1
 90
        1
176
     1
 90
        6
176
     1
 90
        2
176
     1
 62
     7
176
     1
 90
        3
176
     1
 90
        0
176
     1
 90
        0
176
     1
290
     0
176
     1
 90
        1
176
     1
 40
0.0
176
     1
 90
        0
176
     1
290
     0
176
     1
290
     1
176
     1
290
     1
176
     1
290
     0
176
     1
290
     0
176
     1
290
     0
176
     1
290
     0
176
     1
290
     0
176
     1
290
     0
176
     1
 90
       50
176
     1
 40
0.0
176
     1
 40
1.0
176
     1
 90
        0
176
     1
 62
    18
420
        0
176
     1
 90
       50
176
     1
 90
        3
176
     1
 62
     5
420
      255
176
     1
290
     0
176
     1
 90
       50
176
     1
 90
       50
176
     1
 90
       50
176
     1
290
     0
176
     1
 90
       50
176
     1
 62
   256
176
     0
 40
1.0
176
     0
 90
        2
176
     1
  1
strokes_ogs.tif
176
     1
290
     0
176
     1
 40
1.0
176
     1
 40
1.0
176
     1
  0
VISUALSTYLE
  5
3C
102
{ACAD_REACTORS
330
29
102
}
330
29
100
AcDbVisualStyle
  2
X-Ray
 70
    25
177
     3
291
     0
 70
    58
 90
        2
176
     1
 90
        2
176
     1
 90
        1
176
     1
 90
        1
176
     1
 40
0.5
176
     1
 40
30.0
176
     1
 62
     7
420
 16777215
176
     1
 90
        1
176
     1
 90
        0
176
     1
 62
     7
176
     1
 62
   257
176
     1
 90
        1
176
     1
 90
        1
176
     1
 40
1.0
176
     1
 90
        8
176
     1
 62
     7
176
     1
 40
1.0
176
     1
 90
        1
176
     1
 90
        6
176
     1
 90
        2
176
     1
 62
     7
176
     1
 90
        3
176
     1
 90
        0
176
     1
 90
        0
176
     1
290
     0
176
     1
 90
       13
176
     1
 40
0.0
176
     1
 90
        0
176
     1
290
     0
176
     1
290
     1
176
     1
290
     1
176
     1
290
     0
176
     1
290
     0
176
     1
290
     0
176
     1
290
     0
176
     1
290
     0
176
     1
290
     0
176
     1
 90
       50
176
     1
 40
0.0
176
     1
 40
1.0
176
     1
 90
        0
176
     1
 62
    18
420
        0
176
     1
 90
       50
176
     1
 90
        3
176
     1
 62
     5
420
      255
176
     1
290
     0
176
     1
 90
       50
176
     1
 90
       50
176
     1
 90
       50
176
     1
290
     0
176
     1
 90
       50
176
     1
 62
   256
176
     0
 40
1.0
176
     0
 90
        2
176
     1
  1
strokes_ogs.tif
176
     1
290
     0
176
     1
 40
1.0
176
     1
 40
1.0
176
     1
  0
DICTIONARYVAR
  5
8B6
102
{ACAD_REACTORS
330
8B1
102
}
330
8B1
100
DictionaryVariables
280
     0
  1
1:1
  0
DICTIONARYVAR
  5
8B3
102
{ACAD_REACTORS
330
8B1
102
}
330
8B1
100
DictionaryVariables
280
     0
  1
STANDARD
  0
DICTIONARYVAR
  5
8B2
102
{ACAD_REACTORS
330
8B1
102
}
330
8B1
100
DictionaryVariables
280
     0
  1
STANDARD
  0
DICTIONARYVAR
  5
8B4
102
{ACAD_REACTORS
330
8B1
102
}
330
8B1
100
DictionaryVariables
280
     0
  1
Imperial24
  0
DICTIONARYVAR
  5
8B5
102
{ACAD_REACTORS
330
8B1
102
}
330
8B1
100
DictionaryVariables
280
     0
  1
Imperial24
  0
XRECORD
  5
8AD
102
{ACAD_REACTORS
330
8A9
102
}
330
8A9
100
AcDbXrecord
280
     1
  1
BUILDING_ID
  1
Casa à Praça da Matriz, nº50, Centro, Natividade, TO
  1
FLOOR_ID
  1
23005971
  0
XRECORD
  5
8AB
102
{ACAD_REACTORS
330
8A9
102
}
330
8A9
100
AcDbXrecord
280
     1
  1
-2000051
  1
Linhas
  1
-2000280
  1
Blocos de margens e carimbo
  1
-2002000
  1
Itens de detalhe
  0
XRECORD
  5
8AC
102
{ACAD_REACTORS
330
8A9
102
}
330
8A9
100
AcDbXrecord
280
     1
  1
-2000042
  1
<Linhas finas>
  1
-2000281
  1
<Linhas finas>
  1
22985857
  1
0
  0
XRECORD
  5
8AA
102
{ACAD_REACTORS
330
8A9
102
}
330
8A9
100
AcDbXrecord
280
     1
  1
22999545
  1
Região preenchida : planta.dwg-3
  1
23005949
  1
SVG : A4
  0
DICTIONARY
  5
1A
330
19
100
AcDbDictionary
280
     1
281
     1
  3
BUMPTILE
360
1C
  3
DIFFUSETILE
360
1B
  3
OPACITYTILE
360
1F
  3
REFLECTIONTILE
360
1E
  3
REFRACTIONTILE
360
20
  3
SPECULARTILE
360
1D
  0
DICTIONARY
  5
12
330
11
100
AcDbDictionary
280
     1
281
     1
  3
BUMPTILE
360
14
  3
DIFFUSETILE
360
13
  3
OPACITYTILE
360
17
  3
REFLECTIONTILE
360
16
  3
REFRACTIONTILE
360
18
  3
SPECULARTILE
360
15
  0
DICTIONARY
  5
22
330
21
100
AcDbDictionary
280
     1
281
     1
  3
BUMPTILE
360
24
  3
DIFFUSETILE
360
23
  3
OPACITYTILE
360
27
  3
REFLECTIONTILE
360
26
  3
REFRACTIONTILE
360
28
  3
SPECULARTILE
360
25
  0
DICTIONARY
  5
981
330
65
100
AcDbDictionary
280
     1
281
     1
  3
ACAD_ROUNDTRIP_2008_TABLESTYLE_CELLSTYLEMAP
360
982
  0
XRECORD
  5
1C
102
{ACAD_REACTORS
330
1A
102
}
330
1A
100
AcDbXrecord
280
     1
270
     1
271
     1
  0
XRECORD
  5
1B
102
{ACAD_REACTORS
330
1A
102
}
330
1A
100
AcDbXrecord
280
     1
270
     1
271
     1
  0
XRECORD
  5
1F
102
{ACAD_REACTORS
330
1A
102
}
330
1A
100
AcDbXrecord
280
     1
270
     1
271
     1
  0
XRECORD
  5
1E
102
{ACAD_REACTORS
330
1A
102
}
330
1A
100
AcDbXrecord
280
     1
270
     1
271
     1
  0
XRECORD
  5
20
102
{ACAD_REACTORS
330
1A
102
}
330
1A
100
AcDbXrecord
280
     1
270
     1
271
     1
  0
XRECORD
  5
1D
102
{ACAD_REACTORS
330
1A
102
}
330
1A
100
AcDbXrecord
280
     1
270
     1
271
     1
  0
XRECORD
  5
14
102
{ACAD_REACTORS
330
12
102
}
330
12
100
AcDbXrecord
280
     1
270
     1
271
     1
  0
XRECORD
  5
13
102
{ACAD_REACTORS
330
12
102
}
330
12
100
AcDbXrecord
280
     1
270
     1
271
     1
  0
XRECORD
  5
17
102
{ACAD_REACTORS
330
12
102
}
330
12
100
AcDbXrecord
280
     1
270
     1
271
     1
  0
XRECORD
  5
16
102
{ACAD_REACTORS
330
12
102
}
330
12
100
AcDbXrecord
280
     1
270
     1
271
     1
  0
XRECORD
  5
18
102
{ACAD_REACTORS
330
12
102
}
330
12
100
AcDbXrecord
280
     1
270
     1
271
     1
  0
XRECORD
  5
15
102
{ACAD_REACTORS
330
12
102
}
330
12
100
AcDbXrecord
280
     1
270
     1
271
     1
  0
XRECORD
  5
24
102
{ACAD_REACTORS
330
22
102
}
330
22
100
AcDbXrecord
280
     1
270
     1
271
     1
  0
XRECORD
  5
23
102
{ACAD_REACTORS
330
22
102
}
330
22
100
AcDbXrecord
280
     1
270
     1
271
     1
  0
XRECORD
  5
27
102
{ACAD_REACTORS
330
22
102
}
330
22
100
AcDbXrecord
280
     1
270
     1
271
     1
  0
XRECORD
  5
26
102
{ACAD_REACTORS
330
22
102
}
330
22
100
AcDbXrecord
280
     1
270
     1
271
     1
  0
XRECORD
  5
28
102
{ACAD_REACTORS
330
22
102
}
330
22
100
AcDbXrecord
280
     1
270
     1
271
     1
  0
XRECORD
  5
25
102
{ACAD_REACTORS
330
22
102
}
330
22
100
AcDbXrecord
280
     1
270
     1
271
     1
  0
CELLSTYLEMAP
  5
982
102
{ACAD_REACTORS
330
981
102
}
330
981
100
AcDbCellStyleMap
 90
        3
300
CELLSTYLE
  1
TABLEFORMAT_BEGIN
 90
        5
170
     1
 91
        0
 92
    32768
 62
   257
 93
        1
300
CONTENTFORMAT
  1
CONTENTFORMAT_BEGIN
 90
        0
 91
        0
 92
      512
 93
        0
300

 40
0.0
140
1.0
 94
        5
 62
     0
340
55
144
0.25
309
CONTENTFORMAT_END
171
     0
 94
        0
309
TABLEFORMAT_END
  1
CELLSTYLE_BEGIN
 90
        1
 91
        1
300
_TITLE
309
CELLSTYLE_END
300
CELLSTYLE
  1
TABLEFORMAT_BEGIN
 90
        5
170
     1
 91
        0
 92
        0
 62
   257
 93
        1
300
CONTENTFORMAT
  1
CONTENTFORMAT_BEGIN
 90
        0
 91
        0
 92
      512
 93
        0
300

 40
0.0
140
1.0
 94
        5
 62
     0
340
55
144
0.18
309
CONTENTFORMAT_END
171
     0
 94
        0
309
TABLEFORMAT_END
  1
CELLSTYLE_BEGIN
 90
        2
 91
        1
300
_HEADER
309
CELLSTYLE_END
300
CELLSTYLE
  1
TABLEFORMAT_BEGIN
 90
        5
170
     1
 91
        0
 92
        0
 62
   257
 93
        1
300
CONTENTFORMAT
  1
CONTENTFORMAT_BEGIN
 90
        0
 91
        0
 92
      512
 93
        0
300

 40
0.0
140
1.0
 94
        2
 62
     0
340
55
144
0.18
309
CONTENTFORMAT_END
171
     0
 94
        0
309
TABLEFORMAT_END
  1
CELLSTYLE_BEGIN
 90
        3
 91
        2
300
_DATA
309
CELLSTYLE_END
  0
ENDSEC
  0
SECTION
  2
ACDSDATA
 70
     2
 71
     8
  0
ACDSSCHEMA
 90
        0
  1
AcDb_Thumbnail_Schema
  2
AcDbDs::ID
280
    10
 91
        8
  2
Thumbnail_Data
280
    15
 91
        0
101
ACDSRECORD
 95
        0
 90
        1
  2
AcDbDs::TreatedAsObjectData
280
     1
291
     1
101
ACDSRECORD
 95
        0
 90
        2
  2
AcDbDs::Legacy
280
     1
291
     1
101
ACDSRECORD
  1
AcDbDs::ID
 90
        3
  2
AcDs:Indexable
280
     1
291
     1
101
ACDSRECORD
  1
AcDbDs::ID
 90
        4
  2
AcDbDs::HandleAttribute
280
     7
282
     1
  0
ACDSSCHEMA
 90
        1
  1
AcDbDs::TreatedAsObjectDataSchema
  2
AcDbDs::TreatedAsObjectData
280
     1
 91
        0
  0
ACDSSCHEMA
 90
        2
  1
AcDbDs::LegacySchema
  2
AcDbDs::Legacy
280
     1
 91
        0
  0
ACDSSCHEMA
 90
        3
  1
AcDbDs::IndexedPropertySchema
  2
AcDs:Indexable
280
     1
 91
        0
  0
ACDSSCHEMA
 90
        4
  1
AcDbDs::HandleAttributeSchema
  2
AcDbDs::HandleAttribute
280
     7
 91
        1
284
     1
  0
ACDSRECORD
 90
        0
  2
AcDbDs::ID
280
    10
320
6F
  2
Thumbnail_Data
280
    15
 94
     1928
310
89504E470D0A1A0A0000000D4948445200000100000000B5080300000087DCD12600000300504C5445FFFFFFFFFFFFFFFFFF0000000000000000000000000000000000000000000000000000330000660000990000CC0000FF0033000033330033660033990033CC0033FF0066000066330066660066990066CC0066FF0099
310
000099330099660099990099CC0099FF00CC0000CC3300CC6600CC9900CCCC00CCFF00FF0000FF3300FF6600FF9900FFCC00FFFF3300003300333300663300993300CC3300FF3333003333333333663333993333CC3333FF3366003366333366663366993366CC3366FF3399003399333399663399993399CC3399FF33CC00
310
33CC3333CC6633CC9933CCCC33CCFF33FF0033FF3333FF6633FF9933FFCC33FFFF6600006600336600666600996600CC6600FF6633006633336633666633996633CC6633FF6666006666336666666666996666CC6666FF6699006699336699666699996699CC6699FF66CC0066CC3366CC6666CC9966CCCC66CCFF66FF0066
310
FF3366FF6666FF9966FFCC66FFFF9900009900339900669900999900CC9900FF9933009933339933669933999933CC9933FF9966009966339966669966999966CC9966FF9999009999339999669999999999CC9999FF99CC0099CC3399CC6699CC9999CCCC99CCFF99FF0099FF3399FF6699FF9999FFCC99FFFFCC0000CC00
310
33CC0066CC0099CC00CCCC00FFCC3300CC3333CC3366CC3399CC33CCCC33FFCC6600CC6633CC6666CC6699CC66CCCC66FFCC9900CC9933CC9966CC9999CC99CCCC99FFCCCC00CCCC33CCCC66CCCC99CCCCCCCCCCFFCCFF00CCFF33CCFF66CCFF99CCFFCCCCFFFFFF0000FF0033FF0066FF0099FF00CCFF00FFFF3300FF3333
310
FF3366FF3399FF33CCFF33FFFF6600FF6633FF6666FF6699FF66CCFF66FFFF9900FF9933FF9966FF9999FF99CCFF99FFFFCC00FFCC33FFCC66FFCC99FFCCCCFFCCFFFFFF00FFFF33FFFF66FFFF99FFFFCCFFFFFF0000000D0D0D1A1A1A2828283535354343435050505D5D5D6B6B6B787878868686939393A1A1A1AEAEAEBB
310
BBBBC9C9C9D6D6D6E4E4E4F1F1F1FFFFFF000000000000000000000000000000000000000000000000000000000000AD4AB4E4000004434944415478DAEDDDD971E3300C06609683EE50D8B6A22AFCE87111594996C4031069AD371A003F1F32899C63F899270829896F2E8FC7F3F978DCF6F19538DD5A6EFEF30900000000
310
000000000000000000000000000000000000000000000000000000000000C101FEFCA7620760FE40DFFC43B4FF5ACF00745A22009CBDE40C207F63B32F8F73FFFA823B00F9224FEFB2036C5F870108DF02E41A01000051003838C0362D02000035000100008E00D40D5F1800EDC528D3E032E1B3547D7521443100260DE0EF
310
F6D05B1720A5A200880E3077F6662E880540141A407CD12380F8FA1C12ABA2A36B890330450788330B00C03940E79C8FE56D8F2780949D70C8A39D7B80F28CEB38EE5987F5F20CE818ED3D0134675CE5795F7E0A781C0ABA02908341EFB7FA831630BFEC05A0E9EC94CF181A80C104896180A5F21D80E41B205B13F01AFB8A
310
D5025236512E3B418A06900540A8E810D9B73B1E04DB35B220E0681A04400F408A88C501504F86C2004C0008B01758F6032A4051F67D82238095A007D0EC14ED6E87B90CFEACEB5EEA75011F2D20DBF45749D0FB76B89C01EAEDF0B22E26936300B5FD99B3D36F16C21FDC0644D601C33080D0C3EB1CE8D316607816D0003A
310
BFCFCF42E822002571256C1280E91A80BC1DB608305D05A0C800A49DA3040158233F5E00E80280A369F0BB00E632456500BE0E400601AAEEAC8C6F8E5BC057010800F601F42CF9302D6004A02C9E008666017605A035F0FE58700CFE3E01D2A04006907C01D402A41D0A7B6D01756DB75D60354A586F016D5054488B2A2FD5
310
C973A601B4C26DB25C73A941B20D50B5812C5D52CC95932ED8EE02FBDC57E446E92784DC640BF99805EAE4B05380F23E5A8B00DC03386D014D456D012C131D8BA92E037B1F2F0042847B14A05C2CCFF7175803207975770960E92C165B80B0BA0D06707D0C287FD26217508E38C600A4B3317B0023F7040100007ED701FF0C
310
5007077D02707000E5FE5A0F5D60E2B15C60007401D629C11CC068363800C601C821803A0BB4C529C0D401C81A492480ACFDE761626B0062296E183D0B8B17374EBC9FAD6D0B403B1539DED0447C7256521C27B03D00D65A80FC9667B78648F799580448A763407583E8FEE5C9D801005F00E58384F600EAD61B9A9F9B9742
310
CE00EAC0EFF689B44024360690FA0072960C69B9225E007A7962EA1D131E006820575479868617807E821CC94F5171D205065AC0C91D13D60048118802401CBC05082F8C8C01229C4980892FCD027E5AC0670F49C92AAA3E4FCE07C09E2FFE611398D7C2AE0054026F0055A7D7F3C5DD029415D5F3C54580222E6E15A0A869
310
7EB9B82E04CDB6D0C03B40681EE034615E0EA0D6F9D3C6008EAAAE9F4C2467C76B11F1FA1923D6A6C1ACAADCC4B99B4A8FFC31639BA1BA058C56535A3DBE8BB187AB2BD5E85693D4EF360410FD5F6FFF5E0100000000000000000000000000000000000000000000000000000000000000000000007E0DE0E6F2BCB7BCD22B
310
78F901544936DE8A2579FF0000000049454E44AE426082
  0
ACDSRECORD
 90
        0
  2
AcDbDs::ID
280
    10
320
73
  2
Thumbnail_Data
280
    15
 94
     1205
310
89504E470D0A1A0A0000000D494844520000010000000065080300000095E2CD0900000300504C5445FFFFFFFFFFFFFFFFFF0000000000000000000000000000000000000000000000000000330000660000990000CC0000FF0033000033330033660033990033CC0033FF0066000066330066660066990066CC0066FF0099
310
000099330099660099990099CC0099FF00CC0000CC3300CC6600CC9900CCCC00CCFF00FF0000FF3300FF6600FF9900FFCC00FFFF3300003300333300663300993300CC3300FF3333003333333333663333993333CC3333FF3366003366333366663366993366CC3366FF3399003399333399663399993399CC3399FF33CC00
310
33CC3333CC6633CC9933CCCC33CCFF33FF0033FF3333FF6633FF9933FFCC33FFFF6600006600336600666600996600CC6600FF6633006633336633666633996633CC6633FF6666006666336666666666996666CC6666FF6699006699336699666699996699CC6699FF66CC0066CC3366CC6666CC9966CCCC66CCFF66FF0066
310
FF3366FF6666FF9966FFCC66FFFF9900009900339900669900999900CC9900FF9933009933339933669933999933CC9933FF9966009966339966669966999966CC9966FF9999009999339999669999999999CC9999FF99CC0099CC3399CC6699CC9999CCCC99CCFF99FF0099FF3399FF6699FF9999FFCC99FFFFCC0000CC00
310
33CC0066CC0099CC00CCCC00FFCC3300CC3333CC3366CC3399CC33CCCC33FFCC6600CC6633CC6666CC6699CC66CCCC66FFCC9900CC9933CC9966CC9999CC99CCCC99FFCCCC00CCCC33CCCC66CCCC99CCCCCCCCCCFFCCFF00CCFF33CCFF66CCFF99CCFFCCCCFFFFFF0000FF0033FF0066FF0099FF00CCFF00FFFF3300FF3333
310
FF3366FF3399FF33CCFF33FFFF6600FF6633FF6666FF6699FF66CCFF66FFFF9900FF9933FF9966FF9999FF99CCFF99FFFFCC00FFCC33FFCC66FFCC99FFCCCCFFCCFFFFFF00FFFF33FFFF66FFFF99FFFFCCFFFFFF0000000D0D0D1A1A1A2828283535354343435050505D5D5D6B6B6B787878868686939393A1A1A1AEAEAEBB
310
BBBBC9C9C9D6D6D6E4E4E4F1F1F1FFFFFF000000000000000000000000000000000000000000000000000000000000AD4AB4E4000001704944415478DAED9AC18D84300C00DD7F6D54E14A4EBA038149C8F25A9D3C332F76C52713C7B1132244BE44BEA4AF80976620028EC1722320E11150055C2343010A2008785CF7A45D
310
603A68A2002340019734C015002C85610216453F23072C5A5FA680ED21183A0B283FB7FCCD0B59671D27207351140104C421207902EA2E002884060101AB04CB94DF1B204821349D727025B88FB53E9005EC6BA3FF1218C65814288029A07F33944B014112900A800AD81602CE6D112020FE6EC567AF9004445E671F2200FD
310
894C66E205DC327D6D088F9F7D058CA5E0AD237ED8221A0988CF02BAE70074048C0D4FCD018052782900B80BE0048CCFC35F9DCF0467871E39F4018D436012014F27E3F452982BA07721302C81BD30CC186E892802CE962809F7E39308A8EB032420571703E7C1114B002A072005E45B010110B09F8B274FC0F5FC3B83F589
310
4826BC16FE742D50DE0544C03A24BA1782ADBF07151111111111111111111111111111111111F957FC003E03E15EF883A1220000000049454E44AE426082
  0
ENDSEC
  0
EOF
